replication,loss__delta_prop,loss__delta_rec,loss__total,loss__delta_int,Lambda__delta_prop,Lambda__delta_rec,Lambda__total,Lambda__delta_int,T_rec__delta_prop,T_rec__delta_rec,T_rec__total,T_rec__delta_int,T_rec_bounded__delta_prop,T_rec_bounded__delta_rec,T_rec_bounded__total,T_rec_bounded__delta_int,lock_in__delta_prop,lock_in__delta_rec,lock_in__total,lock_in__delta_int,any_censored
0,0.0227725232171629,0.0200724538926923,0.10374742853114091,0.06090245142128571,0.111151260257432,0.0,0.111151260257432,0.0,0.0,490.0,,,0.0,490.0,4090.0,3600.0,0.0,0.0,1.0,1.0,True
1,0.011826852314069325,0.028461729769610006,0.0866760994743378,0.04638751739065847,0.030294646614636433,0.0,0.030294646614636433,0.0,0.0,1730.0,,,0.0,1730.0,3140.0,1410.0,0.0,0.0,1.0,1.0,True
2,0.005811801906536906,0.017957607204345402,0.0221114741592479,-0.00165793495163441,0.027335528970504397,0.0,0.027335528970504397,0.0,0.0,510.0,540.0,30.0,0.0,510.0,540.0,30.0,0.0,0.0,0.0,0.0,False
3,0.006548397475135796,0.0032195786151269987,0.0654226228502261,0.0556546467599633,0.06543230670506839,0.0,0.06543230670506839,0.0,0.0,130.0,,,0.0,130.0,5360.0,5230.0,0.0,0.0,1.0,1.0,True
4,0.011449246732589596,0.021030706956283396,0.2885212465906387,0.2560412929017657,0.033053404886181914,0.0,0.033053404886181914,0.0,0.0,790.0,,,0.0,790.0,4040.0,3250.0,0.0,0.0,1.0,1.0,True
5,0.0008733541707754006,0.00039560143567180135,0.001551298538545201,0.00028234293209799914,0.01046553394419851,0.0,0.01046553394419851,0.0,0.0,50.0,60.0,10.0,0.0,50.0,60.0,10.0,0.0,0.0,0.0,0.0,False
6,0.007086068541417606,0.03708378859116149,0.0866780603104915,0.0425082031779124,0.016947970994683592,0.0,0.016947970994683592,0.0,0.0,1170.0,,,0.0,1170.0,2670.0,1500.0,0.0,0.0,1.0,1.0,True
7,0.0138025803346183,0.021801761890848093,0.03410147081707848,-0.0015028714083879097,0.2602299586430675,0.0,0.2602299586430675,0.0,0.0,430.0,590.0,160.0,0.0,430.0,590.0,160.0,0.0,0.0,0.0,0.0,False
8,0.001976401436749098,0.013976963275598595,0.014932677266626296,-0.0010206874457213966,0.01871788623615661,0.0,0.01871788623615661,0.0,0.0,560.0,550.0,-10.0,0.0,560.0,550.0,-10.0,0.0,0.0,0.0,0.0,False
9,0.0012107444931864011,0.0053277146028182995,0.005617650364207201,-0.0009208087317974997,0.024829680970282375,0.0,0.024829680970282375,0.0,0.0,150.0,150.0,0.0,0.0,150.0,150.0,0.0,0.0,0.0,0.0,0.0,False
10,0.003824271554348606,0.006411759040956602,0.008186844385783001,-0.0020491862095222066,0.06476944274042129,0.0,0.06476944274042129,0.0,0.0,210.0,230.0,20.0,0.0,210.0,230.0,20.0,0.0,0.0,0.0,0.0,False
11,0.015346987729094513,0.06828534707080242,0.07930786628935649,-0.004324468510540441,0.02226022133444605,0.0,0.02226022133444605,0.0,0.0,1370.0,1350.0,-20.0,0.0,1370.0,1350.0,-20.0,0.0,0.0,0.0,0.0,False
12,0.016037515456374912,0.08183259717129229,0.15791824504326843,0.060048132415601224,0.04295247605608421,0.0,0.04295247605608421,0.0,0.0,1380.0,,,0.0,1380.0,3370.0,1990.0,0.0,0.0,1.0,1.0,True
13,0.0031830595363721015,0.004109182550082295,0.0581100599431879,0.050817817856733505,0.04969183757230211,0.0,0.04969183757230211,0.0,0.0,160.0,,,0.0,160.0,5280.0,5120.0,0.0,0.0,1.0,1.0,True
14,0.003850487035864797,0.009645229518316895,0.016114247726159103,0.002618531171977412,0.034613652417760266,0.0,0.034613652417760266,0.0,0.0,330.0,240.0,-90.0,0.0,330.0,240.0,-90.0,0.0,0.0,0.0,0.0,False
15,0.005389625301905794,0.015447313776092493,0.020359407511239692,-0.0004775315667585947,0.0425653537034405,0.0,0.0425653537034405,0.0,0.0,470.0,500.0,30.0,0.0,470.0,500.0,30.0,0.0,0.0,0.0,0.0,False
16,0.030965631863061893,0.131436537074959,0.11254080349252527,-0.04986136544549563,0.05890169352835117,0.0,0.05890169352835117,0.0,0.0,,,,0.0,1680.0,1680.0,0.0,0.0,1.0,1.0,0.0,True
17,0.0028519652317377936,0.007933076097869002,0.012176395181505498,0.0013913538518987023,0.0051672366261765745,0.0,0.0051672366261765745,0.0,0.0,470.0,520.0,50.0,0.0,470.0,520.0,50.0,0.0,0.0,0.0,0.0,False
18,0.009910989242179188,0.012157831696076593,0.02766260138030069,0.005593780442044907,0.04369386397858177,0.0,0.04369386397858177,0.0,0.0,350.0,380.0,30.0,0.0,350.0,380.0,30.0,0.0,0.0,0.0,0.0,False
19,0.01584250953328098,0.07617501718863479,0.17772852519035498,0.08571099846843921,0.030333841017134433,0.0,0.030333841017134433,0.0,0.0,1850.0,,,0.0,1850.0,2010.0,160.0,0.0,0.0,1.0,1.0,True
20,0.00950483616337211,0.028124703900067105,0.25462807177260494,0.21699853170916572,0.03267278769866855,0.0,0.03267278769866855,0.0,0.0,840.0,,,0.0,840.0,3880.0,3040.0,0.0,0.0,1.0,1.0,True
21,0.003833643816870097,0.013602480177533793,0.02465486597520239,0.007218741980798499,0.014912099311150784,0.0,0.014912099311150784,0.0,0.0,610.0,670.0,60.0,0.0,610.0,670.0,60.0,0.0,0.0,0.0,0.0,False
22,0.0085309981399872,0.011149679771214505,0.015320389628011202,-0.004360288283190503,0.0747979204706064,0.0,0.0747979204706064,0.0,0.0,300.0,320.0,20.0,0.0,300.0,320.0,20.0,0.0,0.0,0.0,0.0,False
23,0.0016003334291359028,0.0075684500393303,0.0095167473980916,0.00034796392962539724,0.02859708099342706,0.0,0.02859708099342706,0.0,0.0,270.0,250.0,-20.0,0.0,270.0,250.0,-20.0,0.0,0.0,0.0,0.0,False
24,0.008986312724362011,0.020116735229419813,0.0940809721963502,0.06497792424256837,0.06234216900988021,0.0,0.06234216900988021,0.0,0.0,610.0,,,0.0,610.0,4730.0,4120.0,0.0,0.0,1.0,1.0,True
25,0.0006796163470630945,0.0017137296897648951,0.0024124451497039984,1.909911287600874e-05,0.004494254518676577,0.0,0.004494254518676577,0.0,0.0,120.0,120.0,0.0,0.0,120.0,120.0,0.0,0.0,0.0,0.0,0.0,False
26,0.008290042012270897,0.0068348710072813,0.023590727452000693,0.008465814432448496,0.0948637479473744,0.0,0.0948637479473744,0.0,0.0,380.0,360.0,-20.0,0.0,380.0,360.0,-20.0,0.0,0.0,0.0,0.0,False
27,0.0037225154918699016,0.02491004031422929,0.02501595996439311,-0.00361659584170608,0.029936349614502866,0.0,0.029936349614502866,0.0,0.0,580.0,580.0,0.0,0.0,580.0,580.0,0.0,0.0,0.0,0.0,0.0,False
28,0.010630403094956303,0.028519744355601506,0.03766007742567179,-0.00149007002488602,0.03393278310906711,0.0,0.03393278310906711,0.0,0.0,840.0,960.0,120.0,0.0,840.0,960.0,120.0,0.0,0.0,0.0,0.0,False
29,0.0008165472919695049,0.002739477947227495,0.0035614007774431994,5.375538246199518e-06,1.2703441657935244e-05,0.0,1.2703441657935244e-05,0.0,0.0,120.0,120.0,0.0,0.0,120.0,120.0,0.0,0.0,0.0,0.0,0.0,False
30,0.0234320855899377,0.053409612426560005,0.0918669506030918,0.015025252586594096,0.06934282684097914,0.0,0.06934282684097914,0.0,0.0,1570.0,,,0.0,1570.0,2040.0,470.0,0.0,0.0,1.0,1.0,True
31,0.009179580492696099,0.02034227528422408,0.032229183859097676,0.002707328082177496,0.042413014925521075,0.0,0.042413014925521075,0.0,0.0,690.0,740.0,50.0,0.0,690.0,740.0,50.0,0.0,0.0,0.0,0.0,False
32,0.009801154592998407,0.044541789488354716,0.04308127128856651,-0.011261672792786614,0.05002436768384522,0.0,0.05002436768384522,0.0,0.0,850.0,890.0,40.0,0.0,850.0,890.0,40.0,0.0,0.0,0.0,0.0,False
33,0.0082160671527364,0.00992066499647612,0.0475438344708648,0.02940710232165228,0.03210223946337165,0.0,0.03210223946337165,0.0,0.0,650.0,,,0.0,650.0,4030.0,3380.0,0.0,0.0,1.0,1.0,True
34,0.007596561538398688,0.020880885566293,0.07458131342941471,0.04610386632472302,0.0192517886708391,0.0,0.0192517886708391,0.0,0.0,770.0,,,0.0,770.0,3980.0,3210.0,0.0,0.0,1.0,1.0,True
35,0.008778488531982598,0.0214933918166971,0.036707505721502,0.006435625372822301,0.024839556449574474,0.0,0.024839556449574474,0.0,0.0,1140.0,1140.0,0.0,0.0,1140.0,1140.0,0.0,0.0,0.0,0.0,0.0,False
36,0.0033002198608409056,0.015617791644768397,0.017894805147537496,-0.001023206358071807,0.036079456400404,0.0,0.036079456400403886,-1.1102230246251565e-16,0.0,420.0,460.0,40.0,0.0,420.0,460.0,40.0,0.0,0.0,0.0,0.0,False
37,0.0017782476414174991,0.004944224332578698,0.008042937758284997,0.0013204657842888004,0.007595187760479405,0.0,0.007595187760479405,0.0,0.0,250.0,320.0,70.0,0.0,250.0,320.0,70.0,0.0,0.0,0.0,0.0,False
38,0.006912004810525396,0.04722168061933188,0.060454164994797305,0.006320479564940029,0.005643182805158409,0.0,0.005643182805158409,0.0,0.0,1000.0,1020.0,20.0,0.0,1000.0,1020.0,20.0,0.0,0.0,0.0,0.0,False
39,0.0102742441980362,0.01349962966266971,0.08072664818131249,0.05695277432060658,0.048977401996710024,0.0,0.048977401996710024,0.0,0.0,480.0,,,0.0,480.0,3820.0,3340.0,0.0,0.0,1.0,1.0,True
40,0.002771206198421597,0.0010258416996226996,0.004919307368989302,0.0011222594709450057,0.023561861413974317,0.0,0.023561861413974317,0.0,0.0,50.0,100.0,50.0,0.0,50.0,100.0,50.0,0.0,0.0,0.0,0.0,False
41,0.0003498842320128065,0.009924831418880703,0.0104554231197109,0.00018070746881738986,0.003586017431665145,0.0,0.003586017431665145,0.0,0.0,320.0,320.0,0.0,0.0,320.0,320.0,0.0,0.0,0.0,0.0,0.0,False
42,0.0029618686099116,0.00884662312229341,0.05493400160463581,0.0431255098724308,0.0009014699534817261,0.0,0.0009014699534817261,0.0,0.0,310.0,,,0.0,310.0,4510.0,4200.0,0.0,0.0,1.0,1.0,True
43,0.0063074517764133,0.00604531150527661,0.012292806412961405,-5.99568687285057e-05,0.10494842451948228,0.0,0.10494842451948228,0.0,0.0,230.0,250.0,20.0,0.0,230.0,250.0,20.0,0.0,0.0,0.0,0.0,False
44,0.005278398786733807,0.0333902709019086,0.10495315150971382,0.06628448182107141,0.00810507986299569,0.0,0.00810507986299569,0.0,0.0,920.0,,,0.0,920.0,3270.0,2350.0,0.0,0.0,1.0,1.0,True
45,0.001402701672855805,0.007733302716912999,0.008904502910414502,-0.00023150147935430132,0.006276762145760784,0.0,0.006276762145760784,0.0,0.0,280.0,280.0,0.0,0.0,280.0,280.0,0.0,0.0,0.0,0.0,0.0,False
46,0.007481328424575995,0.026048776438081317,0.08735105895549841,0.0538209540928411,0.012728594927947867,0.0,0.012728594927947867,0.0,0.0,880.0,,,0.0,880.0,2990.0,2110.0,0.0,0.0,1.0,1.0,True
47,0.003402698743239299,0.018360782022447508,0.02394028740215011,0.002176806636463302,0.020373886669491137,1.1102230246251565e-16,0.020373886669491137,-1.1102230246251565e-16,0.0,550.0,290.0,-260.0,0.0,550.0,290.0,-260.0,0.0,0.0,0.0,0.0,False
48,0.009035270162695896,0.05018148196642791,0.08060050178083122,0.021383749651707418,0.009764056293658951,0.0,0.009764056293658951,0.0,0.0,1620.0,,,0.0,1620.0,2130.0,510.0,0.0,0.0,1.0,1.0,True
49,0.007625235591709689,0.04928529263422507,0.05359532729854191,-0.0033152009273928473,0.019618876120677364,0.0,0.019618876120677364,0.0,0.0,1520.0,1240.0,-280.0,0.0,1520.0,1240.0,-280.0,0.0,0.0,0.0,0.0,False
50,0.01395841622698811,0.0147088015605943,0.27856870511047455,0.24990148732289214,0.07498223707646168,0.0,0.07498223707646168,0.0,0.0,490.0,,,0.0,490.0,4460.0,3970.0,0.0,0.0,1.0,1.0,True
51,0.009851200628722204,0.033571031139834104,0.1093816889612338,0.0659594571926775,0.01991882879472695,0.0,0.01991882879472695,0.0,0.0,720.0,,,0.0,720.0,4210.0,3490.0,0.0,0.0,1.0,1.0,True
52,0.013663445783839712,0.03418573444163461,0.05506548460511382,0.007216304379639493,0.07612712236359243,0.0,0.07612712236359243,0.0,0.0,890.0,640.0,-250.0,0.0,890.0,640.0,-250.0,0.0,0.0,0.0,0.0,False
53,0.005394926060028393,0.0232772217151041,0.12531944875856849,0.09664730098343599,0.008026302401924701,0.0,0.008026302401924701,0.0,0.0,900.0,,,0.0,900.0,3540.0,2640.0,0.0,0.0,1.0,1.0,True
54,0.010069439442214417,0.03726229009156343,0.16766958093436432,0.12033785140058648,0.026492288720484147,0.0,0.026492288720484147,0.0,0.0,790.0,,,0.0,790.0,3460.0,2670.0,0.0,0.0,1.0,1.0,True
55,0.0018981832542906973,0.0034901807792194,0.006797637319751498,0.0014092732862414012,0.03619109969104323,0.0,0.03619109969104323,0.0,0.0,130.0,170.0,40.0,0.0,130.0,170.0,40.0,0.0,0.0,0.0,0.0,False
56,0.006920608665965389,0.037863221490867516,0.1282893546981882,0.08350552454135529,0.005815580285310595,0.0,0.005815580285310595,0.0,0.0,1160.0,,,0.0,1160.0,2210.0,1050.0,0.0,0.0,1.0,1.0,True
57,0.01004845204335042,0.0377460925338744,0.1155413245877403,0.06774678001051548,0.03820563241713382,0.0,0.03820563241713382,0.0,0.0,1210.0,,,0.0,1210.0,3530.0,2320.0,0.0,0.0,1.0,1.0,True
58,0.002266794245671701,0.004956052136734397,0.006700882762026801,-0.0005219636203792968,0.032589913386387115,0.0,0.032589913386387115,0.0,0.0,200.0,200.0,0.0,0.0,200.0,200.0,0.0,0.0,0.0,0.0,0.0,False
59,0.013187151397049235,0.08927014945292622,0.1630554999460727,0.06059819909609726,0.017309461107581026,0.0,0.017309461107581026,0.0,0.0,,,,0.0,1590.0,1590.0,0.0,0.0,1.0,1.0,0.0,True
60,0.00429764136692351,0.015059639552824189,0.06682277024744782,0.04746548932770012,0.0014178654287213543,0.0,0.0014178654287213543,0.0,0.0,910.0,,,0.0,910.0,3270.0,2360.0,0.0,0.0,1.0,1.0,True
61,0.009993141710203893,0.008701092726485199,0.020469305270662805,0.0017750708339737131,0.059076147208919905,0.0,0.059076147208919905,0.0,10.0,410.0,550.0,130.0,10.0,410.0,550.0,130.0,0.0,0.0,0.0,0.0,False
62,0.0009763131541606004,0.0011533007067705998,0.0033383264993828987,0.0012087126384516984,0.00015639978542711375,0.0,0.00015639978542711375,0.0,0.0,70.0,120.0,50.0,0.0,70.0,120.0,50.0,0.0,0.0,0.0,0.0,False
63,0.014411674739651326,0.0923184549696302,0.15211563468059064,0.04538550497130911,0.008716129852288979,0.0,0.008716129852288979,0.0,0.0,,,,0.0,370.0,370.0,0.0,0.0,1.0,1.0,0.0,True
64,0.0044013903817295,0.020668324675487987,0.0234415677764791,-0.0016281472807383873,0.03329478905216987,0.0,0.03329478905216987,0.0,0.0,520.0,430.0,-90.0,0.0,520.0,430.0,-90.0,0.0,0.0,0.0,0.0,False
65,0.011517981155799994,0.02756104685791569,0.12232438590102448,0.0832453578873088,0.021097145293668573,0.0,0.021097145293668684,1.1102230246251565e-16,0.0,1320.0,,,0.0,1320.0,2640.0,1320.0,0.0,0.0,1.0,1.0,True
66,0.005463249296420503,0.0241573093839777,0.027154863881983793,-0.0024656947984144084,0.042290076461326764,0.0,0.042290076461326764,0.0,0.0,700.0,780.0,80.0,0.0,700.0,780.0,80.0,0.0,0.0,0.0,0.0,False
67,0.000493204362924899,0.0005351872346423987,0.0015831064283601988,0.000554714830792901,0.004033483515614611,0.0,0.004033483515614611,0.0,0.0,60.0,80.0,20.0,0.0,60.0,80.0,20.0,0.0,0.0,0.0,0.0,False
68,0.009084349965303995,0.054628867231217515,0.11033847683784448,0.04662525964132297,0.03567765316841909,0.0,0.03567765316841909,0.0,0.0,1200.0,,,0.0,1200.0,2930.0,1730.0,0.0,0.0,1.0,1.0,True
69,0.015759153298363304,0.04751588873836582,0.1288449649035786,0.06556992286684948,0.01845261436068768,-2.164524115499944e-11,0.018452614346115448,7.073008845281947e-12,0.0,1420.0,,,0.0,1420.0,2110.0,690.0,0.0,0.0,1.0,1.0,True
70,0.025604577179106594,0.021291930120797997,0.20188024961025158,0.154983742310347,0.12272952205040272,0.0,0.12272952205040272,0.0,0.0,760.0,,,0.0,760.0,4030.0,3270.0,0.0,0.0,1.0,1.0,True
71,0.007567118435683098,0.0172087371618571,0.02259288601237229,-0.002182969585167907,0.028654969086987725,0.0,0.028654969086987725,0.0,0.0,640.0,610.0,-30.0,0.0,640.0,610.0,-30.0,0.0,0.0,0.0,0.0,False
72,0.005335581608565898,0.0048231071486457,0.008317508002195911,-0.0018411807550156867,0.021005671344791255,0.0,0.021005671344791255,0.0,0.0,430.0,470.0,40.0,0.0,430.0,470.0,40.0,0.0,0.0,0.0,0.0,False
73,0.0042760231406233085,0.06117636804525528,0.10285892746706049,0.0374065362811819,0.005170466585891931,0.0,0.005170466585891931,0.0,0.0,1130.0,,,0.0,1130.0,3230.0,2100.0,0.0,0.0,1.0,1.0,True
74,0.0032706194204291106,0.022514115712173405,0.024154641284860917,-0.0016300938477415983,0.004583467439970401,0.0,0.004583467439970401,0.0,0.0,740.0,700.0,-40.0,0.0,740.0,700.0,-40.0,0.0,0.0,0.0,0.0,False
75,0.010394051763541301,0.0181939537713314,0.07205745142330319,0.04346944588843049,0.04830516611472563,0.0,0.04830516611472563,0.0,0.0,540.0,,,0.0,540.0,4070.0,3530.0,0.0,0.0,1.0,1.0,True
76,0.005156042786014281,0.0596767783430317,0.28178873274482297,0.216955911615777,0.0041844184120787276,0.0,0.0041844184120787276,0.0,0.0,,,,0.0,1870.0,1870.0,0.0,0.0,1.0,1.0,0.0,True
77,0.013586039356561608,0.03928050037655001,0.1300123798121581,0.07714584007904648,0.02521125529276602,0.0,0.02521125529276602,0.0,0.0,1080.0,,,0.0,1080.0,3360.0,2280.0,0.0,0.0,1.0,1.0,True
78,0.008371638922953423,0.026762572669818907,0.03359687912133072,-0.0015373324714416103,0.018986877204902552,0.0,0.018986877204902552,0.0,0.0,990.0,790.0,-200.0,0.0,990.0,790.0,-200.0,0.0,0.0,0.0,0.0,False
79,0.0037440371055495053,0.013926431849603696,0.017124053269892595,-0.0005464156852606067,0.01671921322905051,0.0,0.01671921322905051,0.0,0.0,480.0,480.0,0.0,0.0,480.0,480.0,0.0,0.0,0.0,0.0,0.0,False
80,0.0025248408113091036,0.012514861053010501,0.01692880247537981,0.001889100611060207,0.0048343993212061065,0.0,0.0048343993212061065,0.0,0.0,440.0,490.0,50.0,0.0,440.0,490.0,50.0,0.0,0.0,0.0,0.0,False
81,0.005451954201736109,0.06368232226031367,0.7015732085712134,0.6324389321091636,0.02239084182677531,0.0,0.02239084182677531,0.0,0.0,830.0,,,0.0,830.0,3250.0,2420.0,0.0,0.0,1.0,1.0,True
82,0.003984808382813204,0.0662598731226122,0.04183795934583032,-0.028406722159595083,0.014776885491815661,0.0,0.014776885491815661,0.0,0.0,1360.0,930.0,-430.0,0.0,1360.0,930.0,-430.0,0.0,0.0,0.0,0.0,False
83,0.0035316173064261977,0.0012473167585436984,0.005361031768161599,0.000582097703191703,0.01980828166120152,0.0,0.01980828166120152,0.0,0.0,80.0,90.0,10.0,0.0,80.0,90.0,10.0,0.0,0.0,0.0,0.0,False
84,0.005206358622183202,0.0187843442213078,0.01415643545541781,-0.009834267388073192,0.04434218959856229,0.0,0.04434218959856229,0.0,0.0,450.0,420.0,-30.0,0.0,450.0,420.0,-30.0,0.0,0.0,0.0,0.0,False
85,0.0,0.0013095166467333996,0.0013095166467333996,0.0,0.0,0.0,0.0,0.0,0.0,60.0,60.0,0.0,0.0,60.0,60.0,0.0,0.0,0.0,0.0,0.0,False
86,0.005259140440163693,0.004870781530548193,0.061001164875566685,0.0508712429048548,0.016865552872799117,0.0,0.016865552872799117,0.0,0.0,330.0,,,0.0,330.0,4700.0,4370.0,0.0,0.0,1.0,1.0,True
87,0.0023603154731303005,0.012730202413291092,0.058816967572281484,0.04372644968586009,0.005327480669571005,0.0,0.005327480669571005,0.0,0.0,400.0,,,0.0,400.0,4790.0,4390.0,0.0,0.0,1.0,1.0,True
88,0.00019347408870210026,0.011928868133666302,0.0130334950010201,0.0009111527786516971,0.0052959206937779335,0.0,0.0052959206937779335,0.0,0.0,300.0,300.0,0.0,0.0,300.0,300.0,0.0,0.0,0.0,0.0,0.0,False
89,0.0081652623244024,0.0118840508085587,0.015982562649792198,-0.004066750483168902,0.026736817341388552,0.0,0.026736817341388552,0.0,0.0,1180.0,1180.0,0.0,0.0,1180.0,1180.0,0.0,0.0,0.0,0.0,0.0,False
90,0.0090210707661047,0.01058155913505679,0.016633376126433494,-0.002969253774727995,0.0376894831185664,0.0,0.0376894831185664,0.0,0.0,450.0,440.0,-10.0,0.0,450.0,440.0,-10.0,0.0,0.0,0.0,0.0,False
91,0.005084137111982301,0.03612511318661771,0.10405651195666141,0.0628472616580614,0.02746077287938742,0.0,0.02746077287938742,0.0,0.0,850.0,430.0,-420.0,0.0,850.0,430.0,-420.0,0.0,0.0,0.0,0.0,False
92,0.0016437215834712027,0.002101891555032799,0.0035937767883041996,-0.00015183635019980213,0.0526144427212632,0.0,0.0526144427212632,0.0,0.0,130.0,130.0,0.0,0.0,130.0,130.0,0.0,0.0,0.0,0.0,0.0,False
93,0.008108425939945901,0.018331452637974005,0.03130012294696721,0.004860244369047306,0.0470220942795071,0.0,0.0470220942795071,0.0,0.0,860.0,850.0,-10.0,0.0,860.0,850.0,-10.0,0.0,0.0,0.0,0.0,False
94,0.007349879669354797,0.05409655480509651,0.029982857928939205,-0.0314635765455121,0.01888066252972509,0.0,0.01888066252972509,0.0,0.0,1080.0,790.0,-290.0,0.0,1080.0,790.0,-290.0,0.0,0.0,0.0,0.0,False
95,0.007421000701003988,0.07405050097532578,0.03732809691698741,-0.044143404759342364,0.003878779729506121,0.0,0.003878779729506121,0.0,0.0,1740.0,1560.0,-180.0,0.0,1740.0,1560.0,-180.0,0.0,0.0,0.0,0.0,False
96,0.013195351174431297,0.05485282190905871,0.046597490003508796,-0.021450683079981214,0.07882735116952477,0.0,0.07882735116952477,0.0,0.0,910.0,910.0,0.0,0.0,910.0,910.0,0.0,0.0,0.0,0.0,0.0,False
97,0.004445522535430388,0.006331460281763998,0.008714163194930194,-0.002062819622264192,0.02660206041417712,0.0,0.02660206041417712,0.0,0.0,360.0,360.0,0.0,0.0,360.0,360.0,0.0,0.0,0.0,0.0,0.0,False
98,0.004564185230390198,0.006801294905074605,0.011903510469366399,0.0005380303339015957,0.022302692584128148,0.0,0.022302692584128148,0.0,0.0,190.0,260.0,70.0,0.0,190.0,260.0,70.0,0.0,0.0,0.0,0.0,False
99,0.013393688178629487,0.011596159815634388,0.027538352343116496,0.0025485043488526204,0.05536559600054003,0.0,0.05536559600054003,0.0,0.0,490.0,520.0,30.0,0.0,490.0,520.0,30.0,0.0,0.0,0.0,0.0,False
100,0.009075680956948107,0.005272187910998899,0.12472061805641341,0.1103727491884664,0.0647814865773807,0.0,0.0647814865773807,0.0,0.0,540.0,,,0.0,540.0,4250.0,3710.0,0.0,0.0,1.0,1.0,True
101,0.006501217979718699,0.004247479667405005,0.014350857001647996,0.0036021593545242925,0.05227724490092289,0.0,0.05227724490092289,0.0,0.0,180.0,190.0,10.0,0.0,180.0,190.0,10.0,0.0,0.0,0.0,0.0,False
102,0.0076313572217898695,0.024671943022420595,0.05169941962870467,0.019396119384494204,0.01304982474732963,-2.0095036745715333e-14,0.013049824747442207,1.326716514427062e-13,0.0,1180.0,,,0.0,1180.0,2240.0,1060.0,0.0,0.0,1.0,1.0,True
103,0.0042844722219883,0.011923476451352798,0.0654811110766425,0.04927316240330141,0.034891653224775165,0.0,0.034891653224775165,0.0,0.0,370.0,,,0.0,370.0,5220.0,4850.0,0.0,0.0,1.0,1.0,True
104,0.005081905628913405,0.0087408882471562,0.010125367980147112,-0.003697425895922493,0.03335007429473147,0.0,0.03335007429473147,0.0,0.0,630.0,600.0,-30.0,0.0,630.0,600.0,-30.0,0.0,0.0,0.0,0.0,False
105,0.007763613101669509,0.07447438532757972,0.5647323771392891,0.4824943787100399,0.00983974154252043,0.0,0.00983974154252043,0.0,0.0,,,,0.0,1810.0,1810.0,0.0,0.0,1.0,1.0,0.0,True
106,0.007066673888070807,0.006536647991898098,0.019139674544654095,0.00553635266468519,0.015383834215940695,0.0,0.015383834215940695,0.0,0.0,540.0,680.0,140.0,0.0,540.0,680.0,140.0,0.0,0.0,0.0,0.0,False
107,0.001744496615021001,0.0018237486976840009,0.003996589736634103,0.0004283444239291008,0.03897251307629468,0.0,0.03897251307629468,0.0,0.0,90.0,90.0,0.0,0.0,90.0,90.0,0.0,0.0,0.0,0.0,0.0,False
108,0.015592670002390008,0.06302355380912439,0.303435734093887,0.22481951028237263,0.059315394366480256,0.0,0.059315394366480256,0.0,0.0,1640.0,,,0.0,1640.0,2290.0,650.0,0.0,0.0,1.0,1.0,True
109,0.010735643837150394,0.020157842060657294,0.05649520477396211,0.025601718876154422,0.03535565669830465,0.0,0.03535565669830465,0.0,0.0,1540.0,,,0.0,1540.0,2900.0,1360.0,0.0,0.0,1.0,1.0,True
110,0.004924215625163181,0.09485117056260167,0.6623319718744958,0.562556585686731,0.0034920630739437852,0.0,0.0034920630739437852,0.0,0.0,980.0,,,0.0,980.0,3020.0,2040.0,0.0,0.0,1.0,1.0,True
111,0.00341703026807981,0.004475208918257312,0.007892239186337205,8.326672684688674e-17,0.05172998603951373,0.0,0.05172998603951373,0.0,0.0,200.0,200.0,0.0,0.0,200.0,200.0,0.0,0.0,0.0,0.0,0.0,False
112,0.008094387320233001,0.005966794306208792,0.0254766150081875,0.011415433381745707,0.06275981498260297,0.0,0.06275981498260297,0.0,0.0,590.0,740.0,150.0,0.0,590.0,740.0,150.0,0.0,0.0,0.0,0.0,False
113,0.005929222685760821,0.010570707561901399,0.015620742200612409,-0.0008791880470498115,0.028239070612085415,0.0,0.028239070612085415,0.0,0.0,510.0,510.0,0.0,0.0,510.0,510.0,0.0,0.0,0.0,0.0,0.0,False
114,0.010909525403715897,0.015934309578808398,0.026029130314224505,-0.0008147046682997899,0.11772611025313173,0.0,0.11772611025313173,0.0,0.0,350.0,430.0,80.0,0.0,350.0,430.0,80.0,0.0,0.0,0.0,0.0,False
115,0.0058743712157244,0.007857072220392003,0.010171033866588103,-0.0035604095695283,0.026492646501155848,0.0,0.026492646501155848,0.0,10.0,140.0,200.0,50.0,10.0,140.0,200.0,50.0,0.0,0.0,0.0,0.0,False
116,0.0074102140037045905,0.023276288121131597,0.0274223564417206,-0.003264145683115588,0.04135404359418021,0.0,0.04135404359418021,0.0,0.0,800.0,810.0,10.0,0.0,800.0,810.0,10.0,0.0,0.0,0.0,0.0,False
117,0.020140309261823003,0.07766952025951668,0.4527308690387249,0.3549210395173852,0.08490893571431912,0.0,0.08490893571431912,0.0,0.0,1210.0,,,0.0,1210.0,3150.0,1940.0,0.0,0.0,1.0,1.0,True
118,0.005696328963193109,0.008195040172347401,0.1077331277207124,0.0938417585851719,0.016187987119696712,0.0,0.016187987119696712,0.0,0.0,500.0,,,0.0,500.0,4210.0,3710.0,0.0,0.0,1.0,1.0,True
119,0.005666862044790916,0.029486600380601413,0.1016415839484065,0.06648812152301417,0.007639976587473729,0.0,0.007639976587473729,0.0,0.0,1250.0,,,0.0,1250.0,3400.0,2150.0,0.0,0.0,1.0,1.0,True
120,0.017097672754439797,0.007945315970747407,0.04244401412726351,0.017401025402076303,0.09400408527017357,0.0,0.09400408527017357,0.0,0.0,330.0,420.0,90.0,0.0,330.0,420.0,90.0,0.0,0.0,0.0,0.0,False
121,0.013325110467479195,0.025971200116882698,0.0947043237744157,0.05540801319005381,0.06308613621711484,0.0,0.06308613621711484,0.0,0.0,860.0,,,0.0,860.0,4000.0,3140.0,0.0,0.0,1.0,1.0,True
122,0.006721643347497405,0.026673869870112707,0.18552144728486142,0.15212593406725128,0.02281845187483239,0.0,0.02281845187483239,0.0,0.0,860.0,,,0.0,860.0,4330.0,3470.0,0.0,0.0,1.0,1.0,True
123,0.005397725143753501,0.016239575499866293,0.11695301936225208,0.09531571871863229,0.007042454801630793,0.0,0.007042454801630793,0.0,0.0,600.0,,,0.0,600.0,3910.0,3310.0,0.0,0.0,1.0,1.0,True
124,0.003305038097292795,0.005178198511438498,0.008462481532899302,-2.0755075831990766e-05,0.03891594690974659,-1.1102230246251565e-16,0.03891594690974659,1.1102230246251565e-16,0.0,220.0,220.0,0.0,0.0,220.0,220.0,0.0,0.0,0.0,0.0,0.0,False
125,0.0014448088592383997,0.002840136662718099,0.005407102115023101,0.001122156593066602,0.06684814511643639,0.0,0.06684814511643639,0.0,0.0,150.0,180.0,30.0,0.0,150.0,180.0,30.0,0.0,0.0,0.0,0.0,False
126,0.009864266355756102,0.0284646659306432,0.1023314326246052,0.0640025003382059,0.02109579468793371,0.0,0.02109579468793371,0.0,0.0,1150.0,,,0.0,1150.0,3080.0,1930.0,0.0,0.0,1.0,1.0,True
127,0.005839517332497102,0.007295737734348801,0.011175531486268098,-0.0019597235805778046,0.05379781865849664,1.1102230246251565e-16,0.05379781865849664,-1.1102230246251565e-16,0.0,340.0,330.0,-10.0,0.0,340.0,330.0,-10.0,0.0,0.0,0.0,0.0,False
128,0.0024515139060585986,0.0079019978892556,0.0122259336818887,0.0018724218865745004,0.054363160324264304,0.0,0.054363160324264304,0.0,0.0,290.0,310.0,20.0,0.0,290.0,310.0,20.0,0.0,0.0,0.0,0.0,False
129,0.0036975579824023996,0.013252165428159102,0.016786325865577198,-0.00016339754498430337,0.03788376927482451,0.0,0.03788376927482451,0.0,0.0,420.0,430.0,10.0,0.0,420.0,430.0,10.0,0.0,0.0,0.0,0.0,False
130,0.0132231016903359,0.012507614484577101,0.06297029311250271,0.03723957693758971,0.13340145424063987,0.0,0.13340145424063987,0.0,0.0,670.0,,,0.0,670.0,4530.0,3860.0,0.0,0.0,1.0,1.0,True
131,0.012220394489987713,0.018579243349828523,0.07842975202267713,0.047630114182860894,0.03315457562251867,0.0,0.03315457562251867,0.0,0.0,620.0,,,0.0,620.0,3060.0,2440.0,0.0,0.0,1.0,1.0,True
132,0.000750927915498599,0.000895542473868402,0.0014134261913025005,-0.00023304419806450052,0.008503191057749993,0.0,0.008503191057749993,0.0,0.0,100.0,100.0,0.0,0.0,100.0,100.0,0.0,0.0,0.0,0.0,0.0,False
133,0.0009686273321986988,0.007230758904796693,0.009215578388759992,0.0010161921517646,0.005539930166162277,0.0,0.005539930166162277,0.0,0.0,270.0,270.0,0.0,0.0,270.0,270.0,0.0,0.0,0.0,0.0,0.0,False
134,0.011457130179979513,0.025894947234093413,0.017267349047808522,-0.020084728366264404,0.03907796899705296,0.0,0.03907796899705296,0.0,0.0,980.0,890.0,-90.0,0.0,980.0,890.0,-90.0,0.0,0.0,0.0,0.0,False
135,0.009466185520492096,0.0146774269343736,0.18315732213628252,0.15901370968141684,0.04553598411473725,0.0,0.04553598411473725,0.0,0.0,530.0,,,0.0,530.0,4160.0,3630.0,0.0,0.0,1.0,1.0,True
136,0.0028395976265851997,0.017026318692716993,0.019296869688950516,-0.0005690466303516772,0.006078138119757992,0.0,0.006078138119757992,0.0,0.0,680.0,680.0,0.0,0.0,680.0,680.0,0.0,0.0,0.0,0.0,0.0,False
137,0.002454906868233603,0.004357015806001008,0.006563720027963113,-0.0002482026462714976,0.029155154129665295,0.0,0.029155154129665295,0.0,0.0,200.0,200.0,0.0,0.0,200.0,200.0,0.0,0.0,0.0,0.0,0.0,False
138,0.0,0.0007532078373106987,0.0007532078373106987,0.0,0.0,0.0,0.0,0.0,0.0,50.0,50.0,0.0,0.0,50.0,50.0,0.0,0.0,0.0,0.0,0.0,False
139,0.007195591448047503,0.006801888149759398,0.016727384124681603,0.002729904526874702,0.0780988319321474,0.0,0.0780988319321474,0.0,0.0,370.0,390.0,20.0,0.0,370.0,390.0,20.0,0.0,0.0,0.0,0.0,False
140,0.015465511063212284,0.050280045953359886,0.05290551076298228,-0.012840046253589893,0.0,0.0,0.0,0.0,0.0,1260.0,1290.0,30.0,0.0,1260.0,1290.0,30.0,0.0,0.0,0.0,0.0,False
141,0.012378942731970294,0.02815150991246268,0.07817664982869299,0.037646197184260016,0.03781451564615179,0.0,0.03781451564615179,0.0,0.0,980.0,770.0,-210.0,0.0,980.0,770.0,-210.0,0.0,0.0,0.0,0.0,False
142,0.006670494367482703,0.007795642239891903,0.012719141679656501,-0.0017469949277181054,0.06570631923041043,0.0,0.06570631923041043,0.0,0.0,320.0,320.0,0.0,0.0,320.0,320.0,0.0,0.0,0.0,0.0,0.0,False
143,0.005030766504697026,0.1052622275305134,0.7117507487086119,0.6014577546734015,0.0073937781636401745,0.0,0.0073937781636401745,0.0,0.0,1060.0,,,0.0,1060.0,3280.0,2220.0,0.0,0.0,1.0,1.0,True
144,0.0028030591477671007,0.007040957229402095,0.010275051620147399,0.0004310352429782033,0.020692155209258267,0.0,0.020692155209258267,0.0,0.0,320.0,330.0,10.0,0.0,320.0,330.0,10.0,0.0,0.0,0.0,0.0,False
145,0.009305832604758008,0.0155304055323984,0.0185596725234998,-0.0062765656136566095,0.07890924598951421,0.0,0.07890924598951421,0.0,0.0,330.0,340.0,10.0,0.0,330.0,340.0,10.0,0.0,0.0,0.0,0.0,False
146,0.009755620197070602,0.007844468172898397,0.0192407268746385,0.0016406385046695005,0.09190452780255448,0.0,0.09190452780255448,0.0,0.0,290.0,370.0,80.0,0.0,290.0,370.0,80.0,0.0,0.0,0.0,0.0,False
147,0.009171608993214092,0.004038732746028201,0.010593718911510591,-0.0026166228277317016,0.038815536577085474,0.0,0.038815536577085474,0.0,0.0,560.0,560.0,0.0,0.0,560.0,560.0,0.0,0.0,0.0,0.0,0.0,False
148,0.008670280218832302,0.00766478655208061,0.0165278492665569,0.00019278249564398664,0.05147172660421717,0.0,0.05147172660421717,0.0,0.0,370.0,400.0,30.0,0.0,370.0,400.0,30.0,0.0,0.0,0.0,0.0,False
149,0.003124155858593103,0.02976439963748581,0.0623009173231224,0.029412361827043487,0.015794081782929514,0.0,0.015794081782929514,0.0,0.0,660.0,450.0,-210.0,0.0,660.0,450.0,-210.0,0.0,0.0,0.0,0.0,False
150,0.011600555048506822,0.010994529157425714,0.03047145483580782,0.007876370629875284,0.003911727549170241,0.0,0.003911727549170241,0.0,0.0,950.0,1100.0,150.0,0.0,950.0,1100.0,150.0,0.0,0.0,0.0,0.0,False
151,0.0,0.004580083708934701,0.004580083708934701,0.0,0.0,0.0,0.0,0.0,0.0,130.0,130.0,0.0,0.0,130.0,130.0,0.0,0.0,0.0,0.0,0.0,False
152,0.0038406623909497013,0.004332727048890001,0.0049050683071139994,-0.003268321132725703,0.1018560336847612,-8.326672684688674e-17,0.1018560336847612,8.326672684688674e-17,0.0,210.0,220.0,10.0,0.0,210.0,220.0,10.0,0.0,0.0,0.0,0.0,False
153,0.010838403401347202,0.014152706820267202,0.2619275655764509,0.23693645535483648,0.04167650914062121,0.0,0.04167650914062121,0.0,0.0,570.0,,,0.0,570.0,3970.0,3400.0,0.0,0.0,1.0,1.0,True
154,0.007152900850467103,0.021446678334997,0.035563632853151506,0.006964053667687403,0.034657601241478986,0.0,0.034657601241478986,0.0,0.0,690.0,760.0,70.0,0.0,690.0,760.0,70.0,0.0,0.0,0.0,0.0,False
155,0.0,0.003434131864565697,0.003434131864565697,0.0,0.0,0.0,0.0,0.0,0.0,130.0,130.0,0.0,0.0,130.0,130.0,0.0,0.0,0.0,0.0,0.0,False
156,0.0027233371120080896,0.0462677066374349,0.03715332433267868,-0.011837719416764314,0.015375783010419086,0.0,0.015375783010419086,0.0,0.0,940.0,720.0,-220.0,0.0,940.0,720.0,-220.0,0.0,0.0,0.0,0.0,False
157,0.0018722267873206994,0.006101752491823001,0.004262165449438603,-0.0037118138297050976,0.0062781166519512155,0.0,0.0062781166519512155,0.0,0.0,210.0,260.0,50.0,0.0,210.0,260.0,50.0,0.0,0.0,0.0,0.0,False
158,0.004641569473503707,0.010821652329234197,0.0179910626902689,0.0025278408875309966,0.036316876444855706,0.0,0.036316876444855706,0.0,0.0,300.0,320.0,20.0,0.0,300.0,320.0,20.0,0.0,0.0,0.0,0.0,False
159,0.003915271044346996,0.006843043080452499,0.010254023157668497,-0.0005042909671309978,0.05721566884151835,0.0,0.05721566884151835,0.0,0.0,280.0,280.0,0.0,0.0,280.0,280.0,0.0,0.0,0.0,0.0,0.0,False
160,0.010166648748747703,0.03169238904426491,0.023700922982836714,-0.0181581148101759,0.04508072836324728,0.0,0.04508072836324728,0.0,0.0,1390.0,870.0,-520.0,0.0,1390.0,870.0,-520.0,0.0,0.0,0.0,0.0,False
161,0.0091268254448163,0.022133419462763704,0.04226174416694267,0.011001499259362668,0.005281773096092568,0.0,0.005281773096092568,0.0,0.0,,,,0.0,1260.0,1260.0,0.0,0.0,1.0,1.0,0.0,True
162,0.0066022578393857,0.01425640956288629,0.07396486289905721,0.05310619549678522,0.0341705915196282,0.0,0.0341705915196282,0.0,0.0,730.0,,,0.0,730.0,4100.0,3370.0,0.0,0.0,1.0,1.0,True
163,0.009463865528879178,0.02704236674197799,0.1291973245372148,0.09269109226635763,0.024508180465288687,0.0,0.024508180465288687,0.0,0.0,1360.0,,,0.0,1360.0,3160.0,1800.0,0.0,0.0,1.0,1.0,True
164,0.0021608037064438923,0.0506248189624713,0.052465613138856185,-0.0003200095300590067,0.005949090982329097,0.0,0.005949090982329097,0.0,0.0,990.0,1000.0,10.0,0.0,990.0,1000.0,10.0,0.0,0.0,0.0,0.0,False
165,0.004128396966767894,0.03809789218890819,0.1930018566009118,0.1507755674452357,0.0004579027283582171,0.0,0.0004579027283582171,0.0,0.0,950.0,,,0.0,950.0,3570.0,2620.0,0.0,0.0,1.0,1.0,True
166,0.0115084691156285,0.02662341721115799,0.141329428461979,0.1031975421351925,0.025012382216559437,0.0,0.025012382216559437,0.0,0.0,720.0,,,0.0,720.0,3320.0,2600.0,0.0,0.0,1.0,1.0,True
167,0.00844883677179499,0.0073909324807434895,0.08892208129334779,0.07308231204080931,0.04336254198225331,0.0,0.04336254198225331,0.0,0.0,320.0,,,0.0,320.0,4640.0,4320.0,0.0,0.0,1.0,1.0,True
168,0.0056096869175183,0.001274345707873395,0.0076489516470621965,0.0007649190216705015,0.05015457338136531,0.0,0.05015457338136531,0.0,0.0,140.0,160.0,20.0,0.0,140.0,160.0,20.0,0.0,0.0,0.0,0.0,False
169,0.013968473588655411,0.02248513178124989,0.25824514423209766,0.22179153886219236,0.0541129771715142,0.0,0.0541129771715142,0.0,0.0,850.0,,,0.0,850.0,3950.0,3100.0,0.0,0.0,1.0,1.0,True
170,0.019183500653330104,0.0264034566706709,0.038704873513300986,-0.006882083810700018,0.08190632213706561,0.0,0.08190632213706561,0.0,0.0,720.0,690.0,-30.0,0.0,720.0,690.0,-30.0,0.0,0.0,0.0,0.0,False
171,0.009217032683492804,0.014743040903245297,0.0279457763439645,0.0039857027572264,0.03448801353862707,0.0,0.03448801353862707,0.0,0.0,680.0,800.0,120.0,0.0,680.0,800.0,120.0,0.0,0.0,0.0,0.0,False
172,0.0012096188546403819,0.017354423102561384,0.020351213194182288,0.0017871712369805226,0.002170279432813893,0.0,0.002170279432813893,0.0,0.0,630.0,560.0,-70.0,0.0,630.0,560.0,-70.0,0.0,0.0,0.0,0.0,False
173,0.008305637413536293,0.0229802484663703,0.022847577380294193,-0.008438308499612399,0.041457030074734336,0.0,0.041457030074734336,0.0,0.0,730.0,670.0,-60.0,0.0,730.0,670.0,-60.0,0.0,0.0,0.0,0.0,False
174,0.008908341326897697,0.0119697342394239,0.0195515674682604,-0.0013265080980611951,0.06242722657381483,0.0,0.06242722657381483,0.0,0.0,400.0,440.0,40.0,0.0,400.0,440.0,40.0,0.0,0.0,0.0,0.0,False
175,0.005746293344652903,0.03029707421918129,0.2364990740822562,0.200455706518422,0.005829222169222215,0.0,0.005829222169222215,0.0,0.0,930.0,,,0.0,930.0,3610.0,2680.0,0.0,0.0,1.0,1.0,True
176,0.004808273171784699,0.015059496038340295,0.1010014283995168,0.0811336591893918,0.03748629038743251,0.0,0.03748629038743251,0.0,0.0,370.0,,,0.0,370.0,4950.0,4580.0,0.0,0.0,1.0,1.0,True
177,0.00292491523235891,0.011313778153042409,0.013066962645525204,-0.0011717307398761145,0.017708971667658613,0.0,0.017708971667658613,0.0,0.0,430.0,390.0,-40.0,0.0,430.0,390.0,-40.0,0.0,0.0,0.0,0.0,False
178,0.013069288308601296,0.030001175052236984,0.13206031657534167,0.0889898532145034,0.04366001443009293,0.0,0.04366001443009293,0.0,0.0,720.0,,,0.0,720.0,3950.0,3230.0,0.0,0.0,1.0,1.0,True
179,0.006035035834634703,0.025400521483298896,0.03325768165999189,0.0018221243420582928,0.0303756712560197,0.0,0.0303756712560197,0.0,0.0,750.0,660.0,-90.0,0.0,750.0,660.0,-90.0,0.0,0.0,0.0,0.0,False
180,0.002033202858790592,0.01348321224855109,0.015374492522421596,-0.00014192258492008725,0.019620088490574505,0.0,0.019620088490574505,0.0,0.0,380.0,380.0,0.0,0.0,380.0,380.0,0.0,0.0,0.0,0.0,0.0,False
181,0.003145241130872896,0.0064872084818707945,0.0630459300568611,0.05341348044411741,0.04779783791137099,0.0,0.04779783791137099,0.0,0.0,290.0,,,0.0,290.0,5410.0,5120.0,0.0,0.0,1.0,1.0,True
182,0.004174158135358708,0.016577924287969004,0.0868619176132954,0.06610983518996769,0.01848379070384598,0.0,0.01848379070384598,0.0,0.0,1180.0,,,0.0,1180.0,3910.0,2730.0,0.0,0.0,1.0,1.0,True
183,0.007392127872614396,0.021746391377020197,0.07697263094952231,0.047834111699887716,0.003654147463043489,0.0,0.003654147463043489,0.0,0.0,1110.0,,,0.0,1110.0,2860.0,1750.0,0.0,0.0,1.0,1.0,True
184,0.005912621077882985,0.012359821976251378,0.016025265855946796,-0.0022471771981875666,0.033797731859701474,0.0,0.033797731859701474,0.0,0.0,810.0,750.0,-60.0,0.0,810.0,750.0,-60.0,0.0,0.0,0.0,0.0,False
185,0.015860911372914288,0.01805204732724358,0.10662189429416058,0.07270893559400271,0.03784740849747115,0.0,0.03784740849747115,0.0,0.0,930.0,,,0.0,930.0,3170.0,2240.0,0.0,0.0,1.0,1.0,True
186,0.004937850185706305,0.039888880757562806,0.019254440257497507,-0.025572290685771604,0.011716623047890118,0.0,0.011716623047890118,0.0,0.0,820.0,850.0,30.0,0.0,820.0,850.0,30.0,0.0,0.0,0.0,0.0,False
187,0.011150560603451876,0.0213357406206674,0.0355878898923776,0.003101588668258326,0.006548889780802591,0.0,0.006548889780802591,0.0,0.0,,,,0.0,1190.0,1190.0,0.0,0.0,1.0,1.0,0.0,True
188,0.004132873056283709,0.004499730902790197,0.008367718517986109,-0.00026488544108779766,0.042720229906013985,0.0,0.042720229906013985,0.0,0.0,170.0,170.0,0.0,0.0,170.0,170.0,0.0,0.0,0.0,0.0,0.0,False
189,0.005105482600446604,0.020140440514625102,0.13363167274879473,0.10838574963372302,0.005811331929357011,0.0,0.005811331929357011,0.0,0.0,1100.0,,,0.0,1100.0,3830.0,2730.0,0.0,0.0,1.0,1.0,True
190,0.006940044071621493,0.04972365333288112,0.03053240930578019,-0.02613128809872242,0.13364367849116787,0.0,0.13364367849116787,0.0,0.0,970.0,720.0,-250.0,0.0,970.0,720.0,-250.0,0.0,0.0,0.0,0.0,False
191,0.004326923788947404,0.007274975824134708,0.0611003890843564,0.04949848947127429,0.02077708876413309,0.0,0.02077708876413309,0.0,0.0,240.0,,,0.0,240.0,4880.0,4640.0,0.0,0.0,1.0,1.0,True
192,0.011761553872035979,0.05792769608056919,0.054022621494755396,-0.015666628457849774,0.018198882857595078,0.0,0.018198882857595078,0.0,0.0,1430.0,1180.0,-250.0,0.0,1430.0,1180.0,-250.0,0.0,0.0,0.0,0.0,False
193,0.013873215589284976,0.03546413384215569,0.748772105505081,0.6994347560736403,0.05196816143878369,0.0,0.05196816143878369,0.0,0.0,820.0,,,0.0,820.0,3590.0,2770.0,0.0,0.0,1.0,1.0,True
194,0.01893480722885149,0.018424191634754228,0.10861927558543732,0.0712602767218316,0.0436197779354921,0.0,0.0436197779354921,0.0,0.0,1280.0,,,0.0,1280.0,2820.0,1540.0,0.0,0.0,1.0,1.0,True
195,0.0104576446027832,0.03596389658733817,0.0905930512004377,0.04417151001031633,0.0008970974886353122,0.0,0.0008970974886353122,0.0,0.0,1240.0,900.0,-340.0,0.0,1240.0,900.0,-340.0,0.0,0.0,0.0,0.0,False
196,0.010627395572170711,0.026465385101084815,0.1419714657558314,0.10487868508257586,0.04011913025637559,0.0,0.04011913025637559,0.0,0.0,1090.0,,,0.0,1090.0,3260.0,2170.0,0.0,0.0,1.0,1.0,True
197,0.006044466082862993,0.018405169521543502,-0.0053393000099618,-0.029788935614368295,0.020110428947885284,0.0,0.020110428947885284,0.0,0.0,1040.0,520.0,-520.0,0.0,1040.0,520.0,-520.0,0.0,0.0,0.0,0.0,False
198,0.004989699258687495,0.0127379096131564,0.021590402344076796,0.003862793472232902,0.029600074204139792,0.0,0.029600074204139792,0.0,0.0,390.0,470.0,80.0,0.0,390.0,470.0,80.0,0.0,0.0,0.0,0.0,False
199,0.005561198861306904,0.04295327327827861,0.039609454343157796,-0.008905017796427717,0.022316858923621452,0.0,0.022316858923621452,0.0,0.0,820.0,760.0,-60.0,0.0,820.0,760.0,-60.0,0.0,0.0,0.0,0.0,False
200,0.003022200088543703,0.018998749283513597,0.0250241406400442,0.003003191267986899,0.011737579509099927,0.0,0.011737579509099927,0.0,0.0,650.0,690.0,40.0,0.0,650.0,690.0,40.0,0.0,0.0,0.0,0.0,False
201,0.012572929258336307,0.025633242225363506,0.038351360020072195,0.0001451885363723815,0.07155223529865995,0.0,0.07155223529865995,0.0,0.0,440.0,510.0,70.0,0.0,440.0,510.0,70.0,0.0,0.0,0.0,0.0,False
202,0.0023588294662664905,0.010141383600777903,0.011319591406177595,-0.0011806216608667985,0.022820324885235665,0.0,0.022820324885235665,0.0,0.0,470.0,470.0,0.0,0.0,470.0,470.0,0.0,0.0,0.0,0.0,0.0,False
203,0.005802646391680502,0.007250546145626091,0.020719678518604095,0.007666485981297502,0.03751664877511274,0.0,0.03751664877511274,0.0,0.0,380.0,480.0,100.0,0.0,380.0,480.0,100.0,0.0,0.0,0.0,0.0,False
204,0.023700434395457798,0.032855769765682385,0.20317040978353829,0.1466142056223981,0.036067988894235015,0.0,0.036067988894235015,0.0,0.0,1150.0,,,0.0,1150.0,2540.0,1390.0,0.0,0.0,1.0,1.0,True
205,0.02223287443101879,0.009076397534500402,0.07260329911065416,0.04129402714513497,0.03410924276074223,0.0,0.03410924276074223,0.0,0.0,,,,0.0,1110.0,1110.0,0.0,0.0,1.0,1.0,0.0,True
206,0.008943014492765203,0.015946488806823103,0.030692747323930916,0.00580324402434261,0.04706110259172591,0.0,0.04706110259172591,0.0,0.0,650.0,590.0,-60.0,0.0,650.0,590.0,-60.0,0.0,0.0,0.0,0.0,False
207,0.009464990729939199,0.024220843960447602,0.03139462555130951,-0.0022912091390772937,0.04730841377369999,0.0,0.04730841377369999,0.0,0.0,650.0,660.0,10.0,0.0,650.0,660.0,10.0,0.0,0.0,0.0,0.0,False
208,0.0016609497896726,0.0013436101275452993,0.003113801492519202,0.00010924157530130263,0.05483008843668663,0.0,0.05483008843668663,0.0,0.0,90.0,80.0,-10.0,0.0,90.0,80.0,-10.0,0.0,0.0,0.0,0.0,False
209,0.0,0.0043755455403169975,0.0043755455403169975,0.0,0.0,0.0,0.0,0.0,0.0,180.0,180.0,0.0,0.0,180.0,180.0,0.0,0.0,0.0,0.0,0.0,False
210,0.003531634217552898,0.03003538359361202,0.026066205611757515,-0.007500812199407403,0.0,0.0,0.0,0.0,0.0,680.0,650.0,-30.0,0.0,680.0,650.0,-30.0,0.0,0.0,0.0,0.0,False
211,0.0021421356289188995,0.0012041899107525997,0.0034551712586754005,0.00010884571900390133,0.05339274813781378,0.0,0.05339274813781378,0.0,0.0,90.0,100.0,10.0,0.0,90.0,100.0,10.0,0.0,0.0,0.0,0.0,False
212,0.010120560088828195,0.014268018214292896,0.0295439419848737,0.005155363681752609,0.07675808989695229,0.0,0.07675808989695229,0.0,0.0,540.0,630.0,90.0,0.0,540.0,630.0,90.0,0.0,0.0,0.0,0.0,False
213,0.004156702049016497,0.007711374327734805,0.013891641661461493,0.002023565284710191,0.03521400040999301,0.0,0.03521400040999301,0.0,0.0,250.0,300.0,50.0,0.0,250.0,300.0,50.0,0.0,0.0,0.0,0.0,False
214,0.011706541459191755,0.033401478564538456,0.03780991216676427,-0.007298107856965941,0.011465574125866684,0.0,0.011465574125866684,0.0,0.0,1570.0,1850.0,280.0,0.0,1570.0,1850.0,280.0,0.0,0.0,0.0,0.0,False
215,0.0,0.0041066689582756055,0.0041066689582756055,0.0,0.0,0.0,0.0,0.0,0.0,180.0,180.0,0.0,0.0,180.0,180.0,0.0,0.0,0.0,0.0,0.0,False
216,0.01957391721215801,0.040964930887098516,0.1738716801534636,0.11333283205420708,0.03229807296185483,0.0,0.03229807296185483,0.0,0.0,,,,0.0,1200.0,1200.0,0.0,0.0,1.0,1.0,0.0,True
217,0.0,0.0040506355301477975,0.0040506355301477975,0.0,0.0,0.0,0.0,0.0,0.0,140.0,140.0,0.0,0.0,140.0,140.0,0.0,0.0,0.0,0.0,0.0,False
218,0.0031670461498323997,0.0004301553499432009,0.0036722492187987003,7.50477190230997e-05,0.04972079177312011,0.0,0.04972079177312011,0.0,0.0,30.0,30.0,0.0,0.0,30.0,30.0,0.0,0.0,0.0,0.0,0.0,False
219,0.002963873922159327,0.00502875486728302,0.00732652541970652,-0.0006661033697358265,0.011150860205777935,0.0,0.011150860205777935,0.0,0.0,840.0,840.0,0.0,0.0,840.0,840.0,0.0,0.0,0.0,0.0,0.0,False
220,0.011166229313837817,0.024799334528739503,0.022159785961007816,-0.013805777881569503,0.02213414811434611,0.0,0.02213414811434611,0.0,0.0,1100.0,1230.0,130.0,0.0,1100.0,1230.0,130.0,0.0,0.0,0.0,0.0,False
221,0.0053549697496378945,0.030246269435692197,0.049071530689700105,0.013470291504370013,0.03955750500910882,0.0,0.03955750500910882,0.0,0.0,680.0,550.0,-130.0,0.0,680.0,550.0,-130.0,0.0,0.0,0.0,0.0,False
222,0.011032087142498703,0.02307091598367758,0.07420089715538272,0.04009789402920644,0.02189014429356162,0.0,0.02189014429356162,0.0,0.0,1000.0,,,0.0,1000.0,2850.0,1850.0,0.0,0.0,1.0,1.0,True
223,0.0042201583599109985,0.0040392406291083,0.009797479712727798,0.0015380807237085,0.054359149755414504,0.0,0.054359149755414504,0.0,0.0,180.0,240.0,60.0,0.0,180.0,240.0,60.0,0.0,0.0,0.0,0.0,False
224,0.004641304235503206,0.000869175415234201,0.006117610146519105,0.0006071304957816978,0.05274101105379203,0.0,0.05274101105379203,0.0,0.0,80.0,100.0,20.0,0.0,80.0,100.0,20.0,0.0,0.0,0.0,0.0,False
225,0.001971743364353098,0.0008216907297394979,0.005602469056403599,0.0028090349623110036,0.09467908726724297,0.0,0.09467908726724297,0.0,0.0,50.0,90.0,40.0,0.0,50.0,90.0,40.0,0.0,0.0,0.0,0.0,False
226,0.007626051400774103,0.04872699592770499,0.6723343572896594,0.6159813099611803,0.04091501909187678,3.461512632085828e-09,0.04091501873579606,-3.81759335255083e-09,0.0,1300.0,,,0.0,1300.0,3270.0,1970.0,0.0,0.0,1.0,1.0,True
227,0.0073372403217442095,0.0284581470633406,0.019661090766761813,-0.016134296618322996,0.13442231694075957,0.0,0.13442231694075957,0.0,0.0,830.0,780.0,-50.0,0.0,830.0,780.0,-50.0,0.0,0.0,0.0,0.0,False
228,0.025310984870698494,0.03906395096943879,0.1092383483162106,0.04486341247607331,0.09814802670488587,0.0,0.09814802670488587,0.0,0.0,800.0,,,0.0,800.0,3380.0,2580.0,0.0,0.0,1.0,1.0,True
229,0.006071039639431813,0.02984183338942542,0.0817987785911427,0.04588590556228547,0.0004437175067582011,1.1102230246251565e-16,0.00044371750675797905,-3.3306690738754696e-16,0.0,700.0,,,0.0,700.0,3150.0,2450.0,0.0,0.0,1.0,1.0,True
230,0.0028100658624695962,0.020716950316976,0.022531462064100796,-0.0009955541153447989,0.013003328673368841,0.0,0.013003328673368841,0.0,0.0,640.0,610.0,-30.0,0.0,640.0,610.0,-30.0,0.0,0.0,0.0,0.0,False
231,0.011307554758167415,0.0760129848509401,0.08512151532790951,-0.002199024281198003,0.009975399292749931,0.0,0.009975399292749931,0.0,0.0,1590.0,,,0.0,1590.0,2110.0,520.0,0.0,0.0,1.0,1.0,True
232,0.0032313480191221017,0.02513235611057929,0.7856371363259346,0.7572734321962332,0.012870667570509808,-3.679279103607769e-13,0.012870667887382448,3.172405671492129e-10,0.0,660.0,,,0.0,660.0,4280.0,3620.0,0.0,0.0,1.0,1.0,True
233,0.005534051567784193,0.010301532867075691,0.018068954480192106,0.0022333700453322225,0.010888835524257123,0.0,0.010888835524257123,0.0,0.0,710.0,760.0,50.0,0.0,710.0,760.0,50.0,0.0,0.0,0.0,0.0,False
234,0.008456178176933699,0.021834542173142207,0.05490761207217648,0.024616891722100576,0.028766896833318567,0.0,0.028766896833318567,0.0,0.0,1250.0,1470.0,220.0,0.0,1250.0,1470.0,220.0,0.0,0.0,0.0,0.0,False
235,0.011981980157606709,0.0494419205818811,0.11958200989463388,0.058158109155146076,0.03480802097862001,0.0,0.03480802097862001,0.0,0.0,1090.0,,,0.0,1090.0,3150.0,2060.0,0.0,0.0,1.0,1.0,True
236,0.010692284317124406,0.04695335520097968,0.06310302163003242,0.005457382111928338,0.020471649105572975,0.0,0.020471649105572975,0.0,0.0,1210.0,710.0,-500.0,0.0,1210.0,710.0,-500.0,0.0,0.0,0.0,0.0,False
237,0.0044281489638978155,0.027479995677884783,0.12084359837152753,0.08893545372974493,0.0029346204067480786,0.0,0.0029346204067480786,0.0,0.0,1200.0,,,0.0,1200.0,2950.0,1750.0,0.0,0.0,1.0,1.0,True
238,0.0005890234812611986,0.005229358275057203,0.004732109789518102,-0.0010862719668002993,0.008386646211987814,0.0,0.008386646211987814,0.0,0.0,200.0,190.0,-10.0,0.0,200.0,190.0,-10.0,0.0,0.0,0.0,0.0,False
239,0.0012202902169702046,0.010814401113393102,0.012308188686457208,0.0002734973560939019,0.0014531408732290085,0.0,0.0014531408732290085,0.0,0.0,410.0,420.0,10.0,0.0,410.0,420.0,10.0,0.0,0.0,0.0,0.0,False
240,0.003651295777720595,0.007369179923880698,0.0152771919962848,0.004256716294683507,0.016986129428001373,0.0,0.016986129428001373,0.0,0.0,250.0,360.0,110.0,0.0,250.0,360.0,110.0,0.0,0.0,0.0,0.0,False
241,0.00543449233169041,0.02751439139796749,0.10061912327760347,0.06767023954794557,0.001689686478070218,0.0,0.001689686478070218,0.0,0.0,1100.0,,,0.0,1100.0,3100.0,2000.0,0.0,0.0,1.0,1.0,True
242,0.008748925688576506,0.014877802187603997,0.016705292091795998,-0.006921435784384505,0.07702857154862963,0.0,0.07702857154862963,0.0,0.0,400.0,450.0,50.0,0.0,400.0,450.0,50.0,0.0,0.0,0.0,0.0,False
243,0.0032601581130974056,0.004346701347668,0.0109454860612209,0.003338626600455495,0.013471499617023097,0.0,0.013471499617023097,0.0,0.0,180.0,260.0,80.0,0.0,180.0,260.0,80.0,0.0,0.0,0.0,0.0,False
244,0.007387904521670291,0.01094473719178829,0.01791427614843849,-0.00041836556502009015,0.04430422536254852,0.0,0.04430422536254852,0.0,0.0,430.0,460.0,30.0,0.0,430.0,460.0,30.0,0.0,0.0,0.0,0.0,False
245,0.017375100255068,0.018121331124217294,0.0537622681128066,0.018265836733521307,0.06404488849726153,0.0,0.06404488849726153,0.0,0.0,1090.0,680.0,-410.0,0.0,1090.0,680.0,-410.0,0.0,0.0,0.0,0.0,False
246,0.004662104363794703,0.011420833967411698,0.016117195939034504,3.4257607828103165e-05,0.024861754051554608,0.0,0.024861754051554608,0.0,0.0,370.0,380.0,10.0,0.0,370.0,380.0,10.0,0.0,0.0,0.0,0.0,False
247,0.016268719340357105,0.02461214522037071,0.19247348385859972,0.15159261929787193,0.09208276274976385,0.0,0.09208276274976385,0.0,0.0,570.0,,,0.0,570.0,4450.0,3880.0,0.0,0.0,1.0,1.0,True
248,0.014854605483253902,0.07289248137626492,0.12388845068222959,0.03614136382271077,0.03589566090474072,0.0,0.03589566090474072,0.0,0.0,,1030.0,,0.0,1710.0,1030.0,-680.0,0.0,1.0,0.0,-1.0,True
249,0.015840803228735267,0.09073842813886901,0.17535194437073154,0.06877271300312726,0.01675576439225812,0.0,0.01675576439225812,0.0,0.0,1540.0,,,0.0,1540.0,1570.0,30.0,0.0,0.0,1.0,1.0,True
250,0.003913679457508201,0.0125305378856026,0.1312965661438975,0.11485234880078671,0.047255604712425514,0.0,0.047255604712425514,0.0,0.0,420.0,,,0.0,420.0,5470.0,5050.0,0.0,0.0,1.0,1.0,True
251,0.01433783013098669,0.02081865343754441,0.223880436349142,0.1887239527806109,0.0451183222545557,0.0,0.0451183222545557,0.0,0.0,1220.0,,,0.0,1220.0,3500.0,2280.0,0.0,0.0,1.0,1.0,True
252,0.004471715996057404,0.0107320864261133,0.014265982527989302,-0.000937819894181402,0.04429561691709749,0.0,0.04429561691709749,0.0,0.0,270.0,280.0,10.0,0.0,270.0,280.0,10.0,0.0,0.0,0.0,0.0,False
253,0.0110363422582625,0.039947603700822676,0.1396829648776809,0.08869901891859572,0.01844946896415356,0.0,0.01844946896415356,0.0,0.0,1220.0,,,0.0,1220.0,2420.0,1200.0,0.0,0.0,1.0,1.0,True
254,0.0018584095525387007,0.005112369823634999,0.006535208447606897,-0.000435570928566803,0.01634797472768229,0.0,0.01634797472768229,0.0,0.0,230.0,230.0,0.0,0.0,230.0,230.0,0.0,0.0,0.0,0.0,0.0,False
255,0.004836697304284002,0.007569541480465396,0.013855221574895903,0.0014489827901465052,0.04285835603608401,0.0,0.04285835603608401,0.0,0.0,290.0,320.0,30.0,0.0,290.0,320.0,30.0,0.0,0.0,0.0,0.0,False
256,0.014095187953175187,0.019305885971899694,0.0620545143891629,0.02865344046408802,0.03612121413996494,0.0,0.03612121413996494,0.0,0.0,750.0,,,0.0,750.0,3100.0,2350.0,0.0,0.0,1.0,1.0,True
257,0.005956578976347694,0.003372995105204994,0.012974909886330897,0.003645335804778209,0.05867272440681859,0.0,0.05867272440681859,0.0,0.0,260.0,330.0,70.0,0.0,260.0,330.0,70.0,0.0,0.0,0.0,0.0,False
258,0.0028766114511971017,0.005009499784544402,0.007128954988340902,-0.0007571562474006019,0.03580191931541932,0.0,0.03580191931541932,0.0,0.0,150.0,160.0,10.0,0.0,150.0,160.0,10.0,0.0,0.0,0.0,0.0,False
259,0.01043761851837638,0.0329335468500343,0.1582466730462958,0.11487550767788512,0.04198834909162896,0.0,0.04198834909162896,0.0,0.0,1100.0,,,0.0,1100.0,3420.0,2320.0,0.0,0.0,1.0,1.0,True
260,0.006390359559574503,0.010670439129787303,0.012665203297146495,-0.004395595392215311,0.08765394705634744,0.0,0.08765394705634744,0.0,0.0,290.0,300.0,10.0,0.0,290.0,300.0,10.0,0.0,0.0,0.0,0.0,False
261,0.0009511091458840881,0.037972723477643494,0.03783892758431179,-0.0010849050392157944,0.006105529678402721,0.0,0.006105529678402721,0.0,0.0,730.0,650.0,-80.0,0.0,730.0,650.0,-80.0,0.0,0.0,0.0,0.0,False
262,0.015741148171395408,0.04036399731250409,0.05970225163386758,0.0035971061499680823,0.05532342178180083,0.0,0.05532342178180083,0.0,0.0,1380.0,1360.0,-20.0,0.0,1380.0,1360.0,-20.0,0.0,0.0,0.0,0.0,False
263,0.005503401737202485,0.125071007150376,0.5407401638184295,0.41016575493085106,0.0008757513044341803,0.0,0.0008757513044341803,0.0,0.0,1510.0,,,0.0,1510.0,1610.0,100.0,0.0,0.0,1.0,1.0,True
264,0.012741083225913302,0.0314127212499046,0.05383473820089443,0.00968093372507653,0.023061055196772262,0.0,0.023061055196772262,0.0,0.0,1180.0,,,0.0,1180.0,2640.0,1460.0,0.0,0.0,1.0,1.0,True
265,0.006418755088096001,0.049211850658548606,0.05418604780684627,-0.0014445579397983355,0.013634177830380345,0.0,0.013634177830380345,0.0,0.0,940.0,790.0,-150.0,0.0,940.0,790.0,-150.0,0.0,0.0,0.0,0.0,False
266,0.0030880576549520977,0.010140837421430002,0.017708753103524502,0.004479858027142403,0.02345132683306894,0.0,0.02345132683306894,0.0,0.0,320.0,310.0,-10.0,0.0,320.0,310.0,-10.0,0.0,0.0,0.0,0.0,False
267,0.0055808280534360155,0.025246501984726694,0.1178232039785721,0.08699587394040939,0.012518098174509551,0.0,0.012518098174509551,0.0,0.0,970.0,,,0.0,970.0,4030.0,3060.0,0.0,0.0,1.0,1.0,True
268,0.008412404042462795,0.019857096676646313,0.028471503430704898,0.00020200271159578898,0.04375857795345639,0.0,0.04375857795345639,0.0,0.0,480.0,530.0,50.0,0.0,480.0,530.0,50.0,0.0,0.0,0.0,0.0,False
269,0.0045068384428582076,0.012172565918641298,0.019311352415907007,0.0026319480544075013,0.02165596688543525,0.0,0.02165596688543525,0.0,0.0,660.0,670.0,10.0,0.0,660.0,670.0,10.0,0.0,0.0,0.0,0.0,False
270,0.006655581704510999,0.05657880813730082,0.6759557031816279,0.6127213133398162,0.0032510204223854533,0.0,0.0032510204223854533,0.0,0.0,1060.0,,,0.0,1060.0,2930.0,1870.0,0.0,0.0,1.0,1.0,True
271,0.006419108986582406,0.016600779054629713,0.2521463351382497,0.22912644709703756,0.009338428347250183,0.0,0.009338428347250183,0.0,0.0,770.0,,,0.0,770.0,4060.0,3290.0,0.0,0.0,1.0,1.0,True
272,0.0024222321036306282,0.0435405139805794,0.03991021260527833,-0.006052533478931699,-0.00014726275394572053,0.0,-0.00014726275394572053,0.0,0.0,1080.0,930.0,-150.0,0.0,1080.0,930.0,-150.0,0.0,0.0,0.0,0.0,False
273,0.011244874260658094,0.05229531189126879,0.0190595165378864,-0.044480669614040486,0.04577892943218431,0.0,0.04577892943218431,0.0,0.0,900.0,860.0,-40.0,0.0,900.0,860.0,-40.0,0.0,0.0,0.0,0.0,False
274,0.0009966060579982977,0.0013133091843820985,0.0023291709183924994,1.9255676012103207e-05,0.001766910679503575,0.0,0.001766910679503575,0.0,0.0,50.0,50.0,0.0,0.0,50.0,50.0,0.0,0.0,0.0,0.0,0.0,False
275,0.01133853553363931,0.03771076869025661,0.059043954135385185,0.009994649911489267,0.023686100147575884,0.0,0.023686100147575884,0.0,0.0,1190.0,650.0,-540.0,0.0,1190.0,650.0,-540.0,0.0,0.0,0.0,0.0,False
276,0.0068744439348500976,0.002570382956374597,0.07005382942984681,0.060609002538622114,0.12163295361550214,0.0,0.12163295361550214,0.0,0.0,110.0,,,0.0,110.0,5600.0,5490.0,0.0,0.0,1.0,1.0,True
277,0.0024463366013538004,0.0008520102282644007,0.0033727423244435013,7.43954948253002e-05,0.0873904856204985,0.0,0.0873904856204985,0.0,0.0,60.0,70.0,10.0,0.0,60.0,70.0,10.0,0.0,0.0,0.0,0.0,False
278,0.0009422147658595115,0.0134737928938784,0.009547037782922402,-0.00486896987681551,0.001109937278397588,0.0,0.001109937278397588,0.0,0.0,620.0,580.0,-40.0,0.0,620.0,580.0,-40.0,0.0,0.0,0.0,0.0,False
279,0.0007744474661145005,0.00032687990489600055,0.0009603112387516002,-0.00014101613225890076,0.03922641180174538,0.0,0.03922641180174538,0.0,0.0,20.0,30.0,10.0,0.0,20.0,30.0,10.0,0.0,0.0,0.0,0.0,False
280,0.007802965223135616,0.01835050449863812,0.04340811689772128,0.017254647175947546,0.015951000524553227,0.0,0.015951000524553227,0.0,0.0,1290.0,,,0.0,1290.0,3010.0,1720.0,0.0,0.0,1.0,1.0,True
281,0.003552100128292296,0.015421885932900309,0.025288916757822216,0.0063149306966296115,0.006850223678404599,0.0,0.006850223678404599,0.0,0.0,640.0,620.0,-20.0,0.0,640.0,620.0,-20.0,0.0,0.0,0.0,0.0,False
282,0.0008003750481999986,0.0010992939252537984,0.0025881723780230986,0.0006885034045693017,0.015987929728181194,0.0,0.015987929728181194,0.0,0.0,40.0,60.0,20.0,0.0,40.0,60.0,20.0,0.0,0.0,0.0,0.0,False
283,0.007895572941953505,0.025851428968850204,0.1665014165250799,0.1327544146142762,0.020382209403670137,0.0,0.020382209403670137,0.0,0.0,800.0,,,0.0,800.0,3950.0,3150.0,0.0,0.0,1.0,1.0,True
284,0.017556655314297384,0.008106930037485693,0.04202964020796189,0.016366054856178813,0.10330728043327875,0.0,0.10330728043327875,0.0,0.0,660.0,510.0,-150.0,0.0,660.0,510.0,-150.0,0.0,0.0,0.0,0.0,False
285,0.0030267692349773,0.0052757070763036,0.009896202337821,0.0015937260265401001,0.034968335160449115,0.0,0.034968335160449115,0.0,0.0,240.0,290.0,50.0,0.0,240.0,290.0,50.0,0.0,0.0,0.0,0.0,False
286,0.014569716484167133,0.04083289872184412,0.0652828061520224,0.009880190946011141,0.020086693915906007,0.0,0.020086693915906007,0.0,0.0,1380.0,1500.0,120.0,0.0,1380.0,1500.0,120.0,0.0,0.0,0.0,0.0,False
287,0.0,0.0031970959798995023,0.0031970959798995023,0.0,0.0,0.0,0.0,0.0,0.0,120.0,120.0,0.0,0.0,120.0,120.0,0.0,0.0,0.0,0.0,0.0,False
288,0.005250114125406491,0.02138376693919808,0.2111586343441157,0.18452475327951112,0.0011480032898824044,0.0,0.0011480032898824044,0.0,0.0,880.0,,,0.0,880.0,2490.0,1610.0,0.0,0.0,1.0,1.0,True
289,0.013664336073350158,0.010891264808749579,0.06203750551716308,0.037481904635063346,0.02772971481531028,0.0,0.02772971481531028,0.0,0.0,1200.0,,,0.0,1200.0,2090.0,890.0,0.0,0.0,1.0,1.0,True
290,0.015426975941270404,0.028701187733219405,0.2770708038812812,0.2329426402067914,0.07508145691973689,0.0,0.07508145691973689,0.0,0.0,600.0,,,0.0,600.0,4260.0,3660.0,0.0,0.0,1.0,1.0,True
291,0.0034944725324504017,0.005914837205097598,0.010673449617305694,0.0012641398797576947,0.012397831220239186,0.0,0.012397831220239186,0.0,0.0,240.0,290.0,50.0,0.0,240.0,290.0,50.0,0.0,0.0,0.0,0.0,False
292,0.0024574053160867984,0.005309109307595601,0.007682431385611997,-8.408323807040236e-05,0.029572992487109095,0.0,0.029572992487109095,0.0,0.0,260.0,260.0,0.0,0.0,260.0,260.0,0.0,0.0,0.0,0.0,0.0,False
293,0.0045948489038843965,0.0021558580450880965,0.008432437866405094,0.0016817309174326014,0.06545586962537997,0.0,0.06545586962537997,0.0,0.0,220.0,310.0,90.0,0.0,220.0,310.0,90.0,0.0,0.0,0.0,0.0,False
294,0.0076123148570567956,0.011454209885233102,0.017657556731741603,-0.001408968010548295,0.04461395385199263,1.1102230246251565e-16,0.04461395385199274,0.0,0.0,450.0,500.0,50.0,0.0,450.0,500.0,50.0,0.0,0.0,0.0,0.0,False
295,0.011572784356016108,0.05278584760085442,0.12854214580416773,0.0641835138472972,0.010213732623630345,0.0,0.010213732623630345,0.0,0.0,1270.0,,,0.0,1270.0,2530.0,1260.0,0.0,0.0,1.0,1.0,True
296,0.0017777414705114,0.005865131718932201,0.007632197444664902,-1.0675744778698704e-05,0.03218394401869129,0.0,0.03218394401869129,0.0,0.0,220.0,220.0,0.0,0.0,220.0,220.0,0.0,0.0,0.0,0.0,0.0,False
297,0.001228111755639208,0.020397483455374704,0.02083545960250381,-0.0007901356085101008,0.008633366670891096,0.0,0.008633366670891096,0.0,0.0,630.0,640.0,10.0,0.0,630.0,640.0,10.0,0.0,0.0,0.0,0.0,False
298,0.013862513287747125,0.029404158433727123,0.1947786925286012,0.15151202080712695,0.024752585890342127,0.0,0.024752585890342127,0.0,0.0,1610.0,,,0.0,1610.0,2110.0,500.0,0.0,0.0,1.0,1.0,True
299,0.01334093137419931,0.017578804210443902,0.030325249372678303,-0.0005944862119649091,0.04866295372391494,0.0,0.04866295372391494,0.0,0.0,390.0,480.0,90.0,0.0,390.0,480.0,90.0,0.0,0.0,0.0,0.0,False
300,0.0037718815975995995,0.011967462721340902,0.06526830158121019,0.04952895726226969,0.026305060943821956,0.0,0.026305060943821956,0.0,0.0,400.0,,,0.0,400.0,5350.0,4950.0,0.0,0.0,1.0,1.0,True
301,0.001684427984452199,1.976993322459937e-05,0.0017041979176771992,4.0072112295064244e-16,0.049875364175547,0.0,0.049875364175547,0.0,0.0,0.0,0.0,0.0,0.0,0.0,0.0,0.0,0.0,0.0,0.0,0.0,False
302,0.002695642093179001,0.004530561589909502,0.0109654474594536,0.003739243776365097,0.018802480333786203,0.0,0.018802480333786203,0.0,0.0,240.0,370.0,130.0,0.0,240.0,370.0,130.0,0.0,0.0,0.0,0.0,False
303,0.002969806810123897,0.0020794766038753007,0.005017860153770495,-3.142326022870234e-05,0.04399156993350806,0.0,0.04399156993350806,0.0,0.0,100.0,100.0,0.0,0.0,100.0,100.0,0.0,0.0,0.0,0.0,0.0,False
304,0.0072602465411052,0.011553694460639405,0.019645082673022105,0.0008311416712774994,0.027951782547437243,0.0,0.027951782547437243,0.0,0.0,600.0,680.0,80.0,0.0,600.0,680.0,80.0,0.0,0.0,0.0,0.0,False
305,0.004081174942527702,0.008996609969533303,0.0624507269717908,0.049372942059729794,0.02229513191546567,0.0,0.02229513191546567,0.0,0.0,320.0,,,0.0,320.0,4880.0,4560.0,0.0,0.0,1.0,1.0,True
306,0.003097729522916197,0.0036908501220513992,0.006883173976638797,9.459433167120085e-05,0.040609736608662406,0.0,0.040609736608662406,0.0,0.0,180.0,190.0,10.0,0.0,180.0,190.0,10.0,0.0,0.0,0.0,0.0,False
307,0.0043444811783834025,0.013753909605382697,0.07689659620345682,0.05879820541969072,0.01216063018385749,0.0,0.01216063018385749,0.0,0.0,1160.0,,,0.0,1160.0,3140.0,1980.0,0.0,0.0,1.0,1.0,True
308,0.0,0.001837501902613399,0.001837501902613399,0.0,0.0,0.0,0.0,0.0,0.0,120.0,120.0,0.0,0.0,120.0,120.0,0.0,0.0,0.0,0.0,0.0,False
309,0.003121801045811501,0.01756386698425169,0.06468018645621809,0.0439945184261549,0.012379768076548503,0.0,0.012379768076548503,0.0,0.0,1300.0,,,0.0,1300.0,3840.0,2540.0,0.0,0.0,1.0,1.0,True
310,0.0033668896027581052,0.0176095548178776,0.02279468151521849,0.0018182370945827864,0.0016087849906740725,-2.8688162956314045e-13,0.0016087849908983376,5.111466805374221e-13,0.0,650.0,750.0,100.0,0.0,650.0,750.0,100.0,0.0,0.0,0.0,0.0,False
311,0.01697000562957099,0.048025772885954526,0.0698997348386868,0.00490395632316129,0.0463494133564607,0.0,0.0463494133564607,0.0,0.0,1230.0,,,0.0,1230.0,2890.0,1660.0,0.0,0.0,1.0,1.0,True
312,0.01235514166361279,0.052062505566248196,0.06309188979040808,-0.0013257574394529015,0.04493734611763056,0.0,0.04493734611763056,0.0,0.0,1390.0,1480.0,90.0,0.0,1390.0,1480.0,90.0,0.0,0.0,0.0,0.0,False
313,0.0019386255708715994,0.0267074547458388,0.0312660581370835,0.0026199778203730983,0.006434059409381909,0.0,0.006434059409381909,0.0,0.0,660.0,610.0,-50.0,0.0,660.0,610.0,-50.0,0.0,0.0,0.0,0.0,False
314,0.003660875238291894,0.0032164189803880958,0.0585178468339384,0.05164055261525841,0.029798307523859202,0.0,0.029798307523859202,0.0,0.0,140.0,,,0.0,140.0,5350.0,5210.0,0.0,0.0,1.0,1.0,True
315,0.0016538065858481,0.003127236410723301,0.006645675893071502,0.0018646328965001013,0.014485038876458078,0.0,0.014485038876458078,0.0,0.0,170.0,210.0,40.0,0.0,170.0,210.0,40.0,0.0,0.0,0.0,0.0,False
316,0.004061736323444101,0.018362759907788392,0.009501996335214702,-0.012922499896017792,0.023417175150988956,0.0,0.023417175150988956,0.0,0.0,480.0,430.0,-50.0,0.0,480.0,430.0,-50.0,0.0,0.0,0.0,0.0,False
317,0.011172165929495409,0.021602237834285304,0.085768965060295,0.05299456129651428,0.04839214738421593,0.0,0.04839214738421593,0.0,0.0,770.0,,,0.0,770.0,3890.0,3120.0,0.0,0.0,1.0,1.0,True
318,0.011056361123625402,0.011975879841587211,0.19489771861222419,0.17186547764701157,0.06484481501477518,0.0,0.06484481501477518,0.0,0.0,450.0,,,0.0,450.0,4460.0,4010.0,0.0,0.0,1.0,1.0,True
319,0.003775439450097798,0.009415747979690296,0.0128361976204786,-0.0003549898093094944,0.026376689705245093,0.0,0.026376689705245093,0.0,0.0,390.0,390.0,0.0,0.0,390.0,390.0,0.0,0.0,0.0,0.0,0.0,False
320,0.007939202594432787,0.0281412962174325,0.1457650678692357,0.10968456905737042,0.018921129329307784,0.0,0.018921129329307784,0.0,0.0,1170.0,,,0.0,1170.0,2700.0,1530.0,0.0,0.0,1.0,1.0,True
321,0.007095462895529495,0.017586399739570102,0.0267739906837023,0.002092128048602704,0.09037379901520753,0.0,0.09037379901520753,0.0,0.0,510.0,550.0,40.0,0.0,510.0,550.0,40.0,0.0,0.0,0.0,0.0,False
322,0.0143185623031373,0.023561735019810015,0.04435948430758241,0.006479186984635094,0.09064823733390748,0.0,0.09064823733390748,0.0,0.0,890.0,880.0,-10.0,0.0,890.0,880.0,-10.0,0.0,0.0,0.0,0.0,False
323,0.0105416262423772,0.10038286803723179,0.3482723716667507,0.2373478773871417,0.011671315765199974,0.0,0.011671315765199974,0.0,0.0,,,,0.0,1470.0,1470.0,0.0,0.0,1.0,1.0,0.0,True
324,0.007565568838202363,0.025255660153352788,0.10596840764090015,0.073147178649345,0.0011145595907192662,0.0,0.0011145595907192662,0.0,0.0,,,,0.0,1200.0,1200.0,0.0,0.0,1.0,1.0,0.0,True
325,0.010896314448585603,0.022274081588947003,0.05380338115607709,0.020632985118544486,0.09082677669908434,0.0,0.09082677669908434,0.0,0.0,470.0,,,0.0,470.0,4800.0,4330.0,0.0,0.0,1.0,1.0,True
326,0.00039189513946680243,0.006493171843980003,0.0067617547429841,-0.00012331224046270572,0.007791814269105635,0.0,0.007791814269105635,0.0,0.0,260.0,260.0,0.0,0.0,260.0,260.0,0.0,0.0,0.0,0.0,0.0,False
327,0.0027968276279007054,0.0003200344354472029,0.0032973624225150003,0.000180500359167092,0.05285264936925432,0.0,0.05285264936925432,0.0,0.0,80.0,80.0,0.0,0.0,80.0,80.0,0.0,0.0,0.0,0.0,0.0,False
328,0.008311595410890701,0.02199825067558539,0.2811036738540438,0.25079382776756765,0.05812742455550013,0.0,0.05812742455550013,0.0,0.0,850.0,,,0.0,850.0,4230.0,3380.0,0.0,0.0,1.0,1.0,True
329,0.0071748157696926995,0.0159322851441394,0.020758726122782095,-0.0023483747910500036,0.07539519128350669,0.0,0.07539519128350669,0.0,0.0,580.0,610.0,30.0,0.0,580.0,610.0,30.0,0.0,0.0,0.0,0.0,False
330,0.012435081508452794,0.0827924622649856,0.08604950526554811,-0.009178038507890285,0.018110219563566843,0.0,0.018110219563566843,0.0,0.0,1680.0,1610.0,-70.0,0.0,1680.0,1610.0,-70.0,0.0,0.0,0.0,0.0,False
331,0.012604409333976496,0.03685124725103439,0.2051143204618886,0.1556586638768777,0.055522394284795995,0.0,0.055522394284795995,0.0,0.0,910.0,,,0.0,910.0,3950.0,3040.0,0.0,0.0,1.0,1.0,True
332,0.007094618553204701,0.029807410340806306,0.0416633591150051,0.004761330220994092,0.02168076372127492,0.0,0.02168076372127492,0.0,0.0,760.0,710.0,-50.0,0.0,760.0,710.0,-50.0,0.0,0.0,0.0,0.0,False
333,0.00624140945581253,0.04912363864440461,0.05138834695522859,-0.003976701144988548,0.006746737673027692,0.0,0.006746737673027692,0.0,0.0,1100.0,860.0,-240.0,0.0,1100.0,860.0,-240.0,0.0,0.0,0.0,0.0,False
334,0.0050255290559418075,0.01740307770063171,0.019249616477027803,-0.0031789902795457126,0.03953130899434981,0.0,0.03953130899434981,0.0,0.0,550.0,520.0,-30.0,0.0,550.0,520.0,-30.0,0.0,0.0,0.0,0.0,False
335,0.0034881829502795003,0.005323709607396199,0.010297923843165593,0.0014860312854898944,0.009556088225394554,0.0,0.009556088225394554,0.0,0.0,190.0,220.0,30.0,0.0,190.0,220.0,30.0,0.0,0.0,0.0,0.0,False
336,0.013118692122348605,0.026875549198158807,0.2775183445109654,0.23752410319045797,0.06114384771332482,0.0,0.06114384771332482,0.0,0.0,560.0,,,0.0,560.0,4600.0,4040.0,0.0,0.0,1.0,1.0,True
337,0.008951128585043808,0.010463766003671202,0.06185095903944941,0.042436064450734404,0.05719604482918794,0.0,0.05719604482918794,0.0,0.0,430.0,,,0.0,430.0,4660.0,4230.0,0.0,0.0,1.0,1.0,True
338,0.01126620366656439,0.017958881238501784,0.2852065697997119,0.25598148489464567,0.05373911984898849,0.0,0.05373911984898849,0.0,0.0,850.0,,,0.0,850.0,3820.0,2970.0,0.0,0.0,1.0,1.0,True
339,0.006239859222542304,0.025116489785048296,0.10709540504266862,0.07573905603507802,0.021161096014329805,0.0,0.021161096014329805,0.0,0.0,1000.0,,,0.0,1000.0,3760.0,2760.0,0.0,0.0,1.0,1.0,True
340,0.005941053758118708,0.0162563409110158,0.09338308059472339,0.07118568592558888,0.0076218614365271,0.0,0.0076218614365271,0.0,0.0,790.0,,,0.0,790.0,3350.0,2560.0,0.0,0.0,1.0,1.0,True
341,0.0070382047072996,0.010268483657552105,0.07285931222997111,0.0555526238651194,0.16275848217142197,0.0,0.16275848217142197,0.0,0.0,320.0,,,0.0,320.0,5090.0,4770.0,0.0,0.0,1.0,1.0,True
342,0.007045508797488914,0.020612404733746897,0.1794897669362725,0.1518318534050367,0.01950360834719367,0.0,0.01950360834719367,0.0,0.0,790.0,,,0.0,790.0,3820.0,3030.0,0.0,0.0,1.0,1.0,True
343,0.006822762604403995,0.0161801028501119,0.028440117130693998,0.005437251676178104,0.0506709943131326,0.0,0.0506709943131326,0.0,0.0,620.0,510.0,-110.0,0.0,620.0,510.0,-110.0,0.0,0.0,0.0,0.0,False
344,0.008633549801766921,0.034317139323643,0.0841574738040515,0.041206784678641584,0.02205324602334091,0.0,0.02205324602334091,0.0,0.0,1060.0,660.0,-400.0,0.0,1060.0,660.0,-400.0,0.0,0.0,0.0,0.0,False
345,0.003987065595150899,0.005732348073553606,0.008578036230668398,-0.0011413774380361064,0.023714659686839612,0.0,0.023714659686839612,0.0,0.0,400.0,440.0,40.0,0.0,400.0,440.0,40.0,0.0,0.0,0.0,0.0,False
346,0.0,0.000622387177480796,0.000622387177480796,0.0,0.0,0.0,0.0,0.0,0.0,20.0,20.0,0.0,0.0,20.0,20.0,0.0,0.0,0.0,0.0,0.0,False
347,0.002049416040463402,0.001059739238701101,0.0031284944051629023,1.9339125998399376e-05,0.10119747827546871,0.0,0.10119747827546871,0.0,0.0,50.0,60.0,10.0,0.0,50.0,60.0,10.0,0.0,0.0,0.0,0.0,False
348,0.005500135921144594,0.0470874094657521,0.0814314860766858,0.0288439406897891,0.011585795335867566,0.0,0.011585795335867566,0.0,0.0,1060.0,,,0.0,1060.0,3300.0,2240.0,0.0,0.0,1.0,1.0,True
349,0.0075490794086955915,0.035882579163658196,0.04427467456842049,0.0008430159960667039,0.03270488641126368,0.0,0.03270488641126368,0.0,0.0,1110.0,1190.0,80.0,0.0,1110.0,1190.0,80.0,0.0,0.0,0.0,0.0,False
350,0.012076473163136703,0.030702632480546388,0.10511466091526389,0.0623355552715808,0.03368247795418,0.0,0.03368247795418,0.0,0.0,1420.0,,,0.0,1420.0,3000.0,1580.0,0.0,0.0,1.0,1.0,True
351,0.0026888890333077037,0.002130054304669199,0.0058972577542455995,0.001078314416268697,0.02755073025193666,0.0,0.02755073025193666,0.0,0.0,120.0,140.0,20.0,0.0,120.0,140.0,20.0,0.0,0.0,0.0,0.0,False
352,0.0013110974552690002,0.0034831295102741994,0.006663666898794204,0.0018694399332510048,0.023524284580709265,0.0,0.023524284580709265,0.0,0.0,160.0,180.0,20.0,0.0,160.0,180.0,20.0,0.0,0.0,0.0,0.0,False
353,0.007607585650327708,0.018585873978001988,0.11351028364324578,0.08731682401491608,0.026856790328213753,0.0,0.026856790328213753,0.0,0.0,770.0,,,0.0,770.0,3280.0,2510.0,0.0,0.0,1.0,1.0,True
354,0.003665368998886004,0.002471822228737,0.008056420441599904,0.0019192292139769002,0.0293238493973762,0.0,0.0293238493973762,0.0,0.0,120.0,170.0,50.0,0.0,120.0,170.0,50.0,0.0,0.0,0.0,0.0,False
355,0.010061306174452722,0.04733183029433341,0.0558217890236046,-0.0015713474451815312,0.026391844670905495,-1.1102230246251565e-16,0.026391844670905495,1.1102230246251565e-16,0.0,1060.0,1070.0,10.0,0.0,1060.0,1070.0,10.0,0.0,0.0,0.0,0.0,False
356,0.006694989411566307,0.010294434654015902,0.19726069923473,0.18027127516914776,0.04511294293316709,0.0,0.04511294293316709,0.0,0.0,440.0,,,0.0,440.0,4900.0,4460.0,0.0,0.0,1.0,1.0,True
357,0.011938357538710004,0.020166119092918308,0.1475503940672116,0.11544591743558329,0.07084471319891777,0.0,0.07084471319891777,0.0,0.0,800.0,,,0.0,800.0,3920.0,3120.0,0.0,0.0,1.0,1.0,True
358,0.010102325136860102,0.044347574009082597,0.0332987602690164,-0.021151138876926295,0.019711734226133704,0.0,0.019711734226133704,0.0,0.0,1100.0,1100.0,0.0,0.0,1100.0,1100.0,0.0,0.0,0.0,0.0,0.0,False
359,0.014672908028827286,0.04191561643890421,0.18801776440221132,0.13142923993447983,0.04755035788724171,0.0,0.04755035788724171,0.0,0.0,1440.0,,,0.0,1440.0,3190.0,1750.0,0.0,0.0,1.0,1.0,True
360,0.005577494515147899,0.007296890496720193,0.012212456977767197,-0.0006619280341008948,0.03640413179413676,0.0,0.03640413179413676,0.0,0.0,230.0,270.0,40.0,0.0,230.0,270.0,40.0,0.0,0.0,0.0,0.0,False
361,0.0062630938913569995,0.013057405073886696,0.0237686163728561,0.004448117407612404,0.04622519032970973,0.0,0.04622519032970973,0.0,0.0,460.0,500.0,40.0,0.0,460.0,500.0,40.0,0.0,0.0,0.0,0.0,False
362,0.009299533709117208,0.06607976105012181,0.1690246903625599,0.09364539560332089,0.01351934037859992,0.0,0.01351934037859992,0.0,0.0,1780.0,,,0.0,1780.0,2740.0,960.0,0.0,0.0,1.0,1.0,True
363,0.004061176152104495,0.005674817214770589,0.012032632195244697,0.0022966388283696126,0.00862760633419013,0.0,0.00862760633419013,0.0,0.0,240.0,290.0,50.0,0.0,240.0,290.0,50.0,0.0,0.0,0.0,0.0,False
364,0.004101962747727506,0.015182838648301805,0.0211136066494967,0.0018288052534673888,0.03504920525823019,0.0,0.03504920525823019,0.0,0.0,470.0,490.0,20.0,0.0,470.0,490.0,20.0,0.0,0.0,0.0,0.0,False
365,0.004431412913052407,0.025062428223978805,0.02992142332930181,0.000427582192270598,0.013866091550445936,0.0,0.013866091550445936,0.0,0.0,1050.0,1120.0,70.0,0.0,1050.0,1120.0,70.0,0.0,0.0,0.0,0.0,False
366,0.0038578286349328916,0.028685458326599106,0.164804017197522,0.13226073023599,0.002908989142328733,0.0,0.002908989142328733,0.0,0.0,800.0,,,0.0,800.0,3710.0,2910.0,0.0,0.0,1.0,1.0,True
367,0.011417582976192109,0.0618335619800075,0.1895241450914945,0.1162730001352949,0.035592531867868704,0.0,0.035592531867868704,0.0,0.0,1180.0,,,0.0,1180.0,3330.0,2150.0,0.0,0.0,1.0,1.0,True
368,0.0030765775341278917,0.006861593777120797,0.08508686733472659,0.0751486960234779,4.774859238465545e-05,0.0,4.774859238465545e-05,0.0,0.0,310.0,,,0.0,310.0,4670.0,4360.0,0.0,0.0,1.0,1.0,True
369,0.010429855837799207,0.022303697442871,0.1322028394221225,0.09946928614145228,0.014953201746191525,0.0,0.014953201746191525,0.0,0.0,1180.0,,,0.0,1180.0,3130.0,1950.0,0.0,0.0,1.0,1.0,True
370,0.011969205460248322,0.014913240893803803,0.08657073169362589,0.059688285339573766,0.03376866226865005,0.0,0.03376866226865005,0.0,0.0,1140.0,,,0.0,1140.0,2620.0,1480.0,0.0,0.0,1.0,1.0,True
371,0.00792005385030499,0.015902708624846898,0.023021749640608588,-0.0008010128345432993,0.031146124625744398,0.0,0.031146124625744398,0.0,0.0,430.0,480.0,50.0,0.0,430.0,480.0,50.0,0.0,0.0,0.0,0.0,False
372,0.009289898123893803,0.02326345703373839,0.0780381031215936,0.0454847479639614,0.02677720246983184,0.0,0.02677720246983184,0.0,0.0,1330.0,,,0.0,1330.0,2780.0,1450.0,0.0,0.0,1.0,1.0,True
373,0.012583120175471724,0.02242353286090612,0.15536222142424214,0.12035556838786429,0.04489323766367781,0.0,0.04489323766367781,0.0,0.0,920.0,,,0.0,920.0,3800.0,2880.0,0.0,0.0,1.0,1.0,True
374,0.011421796939235312,0.07796581933481492,0.07668664362878472,-0.012700972645265513,0.02852876820861483,0.0,0.02852876820861483,0.0,0.0,1480.0,1340.0,-140.0,0.0,1480.0,1340.0,-140.0,0.0,0.0,0.0,0.0,False
375,0.01517464296958701,0.01794932557165449,0.049346532652584624,0.016222564111343124,0.05386577682632887,0.0,0.05386577682632887,0.0,0.0,980.0,,,0.0,980.0,2920.0,1940.0,0.0,0.0,1.0,1.0,True
376,0.0051752820878711026,0.020005495097903697,0.026521429504777705,0.0013406523190029052,0.033165575512605405,0.0,0.033165575512605405,0.0,0.0,600.0,650.0,50.0,0.0,600.0,650.0,50.0,0.0,0.0,0.0,0.0,False
377,0.004139694111725309,0.006369120517460303,0.011296009781676511,0.0007871951524908993,0.03237603665811012,0.0,0.03237603665811012,0.0,0.0,290.0,300.0,10.0,0.0,290.0,300.0,10.0,0.0,0.0,0.0,0.0,False
378,0.005706014954121,0.018662939917831203,0.016636958145404696,-0.007731996726547508,0.04733081916832671,0.0,0.04733081916832671,0.0,0.0,560.0,490.0,-70.0,0.0,560.0,490.0,-70.0,0.0,0.0,0.0,0.0,False
379,0.00503090938410411,0.03274560754533959,0.15949522024328103,0.12171870331383733,-1.1099001147596432e-05,0.0,-1.1099001147596432e-05,0.0,0.0,910.0,,,0.0,910.0,3520.0,2610.0,0.0,0.0,1.0,1.0,True
380,0.005909512426282099,0.022311401834246694,0.06420089300578619,0.03597997874525739,0.02730378732727856,0.0,0.02730378732727856,0.0,0.0,650.0,,,0.0,650.0,4660.0,4010.0,0.0,0.0,1.0,1.0,True
381,0.006256421077368998,0.005415239350659601,0.007281531904782895,-0.004390128523245704,0.12011402153193929,0.0,0.12011402153193929,0.0,0.0,340.0,330.0,-10.0,0.0,340.0,330.0,-10.0,0.0,0.0,0.0,0.0,False
382,0.006730475947262171,0.08433003732504157,0.34620413599201266,0.2551436227197089,0.000485069228607804,0.0,0.000485069228607804,0.0,0.0,1600.0,,,0.0,1600.0,2280.0,680.0,0.0,0.0,1.0,1.0,True
383,0.005343666506449095,0.008246902241592392,0.0642231473195608,0.050632578571519316,0.04342396172562979,0.0,0.04342396172562979,0.0,0.0,410.0,,,0.0,410.0,5020.0,4610.0,0.0,0.0,1.0,1.0,True
384,0.004924922689925101,0.0190739589329062,0.021815323084148186,-0.002183558538683114,0.014693084061743078,0.0,0.014693084061743078,0.0,0.0,760.0,730.0,-30.0,0.0,760.0,730.0,-30.0,0.0,0.0,0.0,0.0,False
385,0.007779377153944389,0.0498253975195358,0.06682219068829592,0.009217416014815738,0.01380824453668561,0.0,0.01380824453668561,0.0,0.0,960.0,960.0,0.0,0.0,960.0,960.0,0.0,0.0,0.0,0.0,0.0,False
386,0.007944795207996791,0.028690781558900702,0.064276974032945,0.0276413972660475,0.025629591596168066,0.0,0.025629591596168066,0.0,0.0,960.0,,,0.0,960.0,3430.0,2470.0,0.0,0.0,1.0,1.0,True
387,0.008650252319500784,0.06720877181138718,0.11918980035236348,0.04333077622147552,0.004657932712428203,0.0,0.004657932712428203,0.0,0.0,1420.0,,,0.0,1420.0,2030.0,610.0,0.0,0.0,1.0,1.0,True
388,0.006179189151318681,0.011456044732459703,0.0854348695616691,0.06779963567789071,0.04072794280265479,0.0,0.04072794280265479,0.0,0.0,470.0,,,0.0,470.0,4300.0,3830.0,0.0,0.0,1.0,1.0,True
389,0.005115199234938195,0.011142560147108994,0.017139673672039897,0.0008819142899927079,0.01655823714225041,0.0,0.01655823714225041,0.0,0.0,460.0,570.0,110.0,0.0,460.0,570.0,110.0,0.0,0.0,0.0,0.0,False
390,0.012386451942486332,0.0315761722149655,0.12030863122701091,0.07634600706955907,0.01833479910244551,0.0,0.01833479910244551,0.0,0.0,1280.0,,,0.0,1280.0,1840.0,560.0,0.0,0.0,1.0,1.0,True
391,0.010219358889340696,0.05860975144618322,0.42896464986548755,0.3601355395299637,0.023311957217511337,0.0,0.023311957217511337,0.0,0.0,730.0,,,0.0,730.0,3270.0,2540.0,0.0,0.0,1.0,1.0,True
392,0.008665833686549607,0.01699439949295739,0.01880465086345709,-0.006855582316049907,0.032058389243265706,0.0,0.032058389243265706,0.0,0.0,520.0,510.0,-10.0,0.0,520.0,510.0,-10.0,0.0,0.0,0.0,0.0,False
393,0.005585610948628292,0.019740087734357897,0.021609604408573693,-0.003716094274412496,0.04954759236412909,0.0,0.04954759236412909,0.0,0.0,570.0,600.0,30.0,0.0,570.0,600.0,30.0,0.0,0.0,0.0,0.0,False
394,0.017663460494955208,0.02616900456415469,0.1126710894417702,0.06883862438266031,0.08197712343699659,0.0,0.08197712343699659,0.0,0.0,980.0,,,0.0,980.0,3980.0,3000.0,0.0,0.0,1.0,1.0,True
395,0.007717927929617008,0.015896822256596305,0.06303949175471862,0.03942474156850531,0.02581402974611713,0.0,0.02581402974611713,0.0,0.0,530.0,,,0.0,530.0,4030.0,3500.0,0.0,0.0,1.0,1.0,True
396,0.015697861398156605,0.0119074177598524,0.025870501171413797,-0.0017347779865952082,0.1312515763216906,0.0,0.1312515763216906,0.0,0.0,400.0,420.0,20.0,0.0,400.0,420.0,20.0,0.0,0.0,0.0,0.0,False
397,0.013832142362378591,0.025733519896322304,0.1293192823890052,0.0897536201303043,0.07096553904372294,0.0,0.07096553904372294,0.0,0.0,870.0,,,0.0,870.0,3890.0,3020.0,0.0,0.0,1.0,1.0,True
398,0.0,0.0054755419555121004,0.0054755419555121004,0.0,0.0,0.0,0.0,0.0,0.0,200.0,200.0,0.0,0.0,200.0,200.0,0.0,0.0,0.0,0.0,0.0,False
399,0.003347212160497097,0.004162360415374301,0.007698287403746597,0.0001887148278751985,0.05852411048349859,0.0,0.05852411048349859,0.0,0.0,100.0,110.0,10.0,0.0,100.0,110.0,10.0,0.0,0.0,0.0,0.0,False
400,0.004660866993638407,0.010586121953729904,0.009521330418797713,-0.0057256585285705985,0.02925943661591046,0.0,0.02925943661591046,0.0,0.0,360.0,360.0,0.0,0.0,360.0,360.0,0.0,0.0,0.0,0.0,0.0,False
401,0.0028089324107757885,0.013940868765133896,0.01889623670438309,0.002146435528473406,0.0034606554381939603,0.0,0.0034606554381939603,0.0,0.0,570.0,630.0,60.0,0.0,570.0,630.0,60.0,0.0,0.0,0.0,0.0,False
402,0.0007688230011968986,0.004056854405982399,0.006532548025364494,0.0017068706181851967,0.0260490397645482,0.0,0.0260490397645482,0.0,0.0,150.0,130.0,-20.0,0.0,150.0,130.0,-20.0,0.0,0.0,0.0,0.0,False
403,0.00691969220908209,0.011909542917227095,0.016138385053186294,-0.0026908500731228913,0.025460480155788723,0.0,0.025460480155788723,0.0,0.0,660.0,650.0,-10.0,0.0,660.0,650.0,-10.0,0.0,0.0,0.0,0.0,False
404,0.0079643959753809,0.020024741609399807,0.12223353811185321,0.0942444005270725,0.05156548146472906,0.0,0.05156548146472906,0.0,0.0,620.0,,,0.0,620.0,4180.0,3560.0,0.0,0.0,1.0,1.0,True
405,0.010739477764988403,0.04925215864055921,0.12645952501099,0.0664678886054424,0.007688285788303384,0.0,0.007688285788303384,0.0,0.0,1680.0,,,0.0,1680.0,2290.0,610.0,0.0,0.0,1.0,1.0,True
406,0.0006096539636829962,0.0190958410922287,0.021055114814010095,0.0013496197580983998,0.002212912583396953,0.0,0.002212912583396953,0.0,0.0,370.0,390.0,20.0,0.0,370.0,390.0,20.0,0.0,0.0,0.0,0.0,False
407,0.009609005540037685,0.03120009410130628,0.4289517760854969,0.3881426764441529,0.03332764022389667,0.0,0.03332764022389667,0.0,0.0,1300.0,,,0.0,1300.0,3610.0,2310.0,0.0,0.0,1.0,1.0,True
408,0.0,0.00024006608025090026,0.00024006608025090026,0.0,0.0,0.0,0.0,0.0,0.0,30.0,30.0,0.0,0.0,30.0,30.0,0.0,0.0,0.0,0.0,0.0,False
409,0.004189651028530403,0.013385263944393808,0.016703959858156106,-0.0008709551147681044,0.02678554558212709,0.0,0.02678554558212709,0.0,0.0,480.0,480.0,0.0,0.0,480.0,480.0,0.0,0.0,0.0,0.0,0.0,False
410,0.008750029607456106,0.03895921741977659,0.06477679841745371,0.01706755139022101,0.014162338671081298,0.0,0.014162338671081298,0.0,0.0,1620.0,1760.0,140.0,0.0,1620.0,1760.0,140.0,0.0,0.0,0.0,0.0,False
411,0.010462112521047097,0.004759805841991399,0.06428517418972271,0.049063255826684214,0.08224800215484782,0.0,0.08224800215484782,0.0,0.0,220.0,,,0.0,220.0,5270.0,5050.0,0.0,0.0,1.0,1.0,True
412,0.023878782105387297,0.01751184333892769,0.2690198705258078,0.2276292450814928,0.058986336369921455,0.0,0.058986336369921455,0.0,0.0,450.0,,,0.0,450.0,3480.0,3030.0,0.0,0.0,1.0,1.0,True
413,0.007585310720903002,0.012739604752540906,0.017795108842128995,-0.0025298066313149126,0.06774105300841171,-4.996003610813204e-16,0.06774105300841105,-1.6653345369377348e-16,0.0,500.0,500.0,0.0,0.0,500.0,500.0,0.0,0.0,0.0,0.0,0.0,False
414,0.011064854419605502,0.019684927519247497,0.026112638366054097,-0.004637143572798902,0.061625570239356775,0.0,0.061625570239356775,0.0,0.0,630.0,720.0,90.0,0.0,630.0,720.0,90.0,0.0,0.0,0.0,0.0,False
415,0.0014661838816086986,0.024941720463220893,0.028041252579744394,0.0016333482349148026,1.920730062154874e-05,0.0,1.920730062154874e-05,0.0,0.0,660.0,450.0,-210.0,0.0,660.0,450.0,-210.0,0.0,0.0,0.0,0.0,False
416,0.00398373313186251,0.021946567832643996,0.1199231795837553,0.09399287861924879,6.431070078610768e-05,0.0,6.431070078610768e-05,0.0,0.0,630.0,,,0.0,630.0,4160.0,3530.0,0.0,0.0,1.0,1.0,True
417,0.0076875303422344055,0.029300399976224994,0.0324180623792619,-0.004569867939197503,0.0669657475828751,0.0,0.0669657475828751,0.0,0.0,540.0,540.0,0.0,0.0,540.0,540.0,0.0,0.0,0.0,0.0,0.0,False
418,0.0041106812745489996,0.016432246372570708,0.074837951965818,0.05429502431869829,0.0212561199385381,0.0,0.0212561199385381,0.0,0.0,530.0,,,0.0,530.0,4660.0,4130.0,0.0,0.0,1.0,1.0,True
419,0.0143592727384452,0.03171475891793721,0.1645872985993148,0.1185132669429324,0.04024533527940932,0.0,0.04024533527940932,0.0,0.0,1160.0,,,0.0,1160.0,3170.0,2010.0,0.0,0.0,1.0,1.0,True
420,0.004175596207527804,0.006235616781866404,0.010895594049442209,0.0004843810600480003,0.027064846872395354,0.0,0.027064846872395354,0.0,0.0,210.0,210.0,0.0,0.0,210.0,210.0,0.0,0.0,0.0,0.0,0.0,False
421,0.0036274640393779978,0.010226491422751602,0.019773268552860795,0.005919313090731196,0.0325480845406767,0.0,0.0325480845406767,0.0,0.0,450.0,460.0,10.0,0.0,450.0,460.0,10.0,0.0,0.0,0.0,0.0,False
422,0.006892670826081415,0.030633610942830514,0.0428089048501924,0.005282623081280469,0.004512205452474771,0.0,0.004512205452474771,0.0,0.0,1130.0,1220.0,90.0,0.0,1130.0,1220.0,90.0,0.0,0.0,0.0,0.0,False
423,0.006128533245718409,0.01508478087053991,0.0073286881936096004,-0.013884625922648719,0.01213643126708619,0.0,0.01213643126708619,0.0,0.0,870.0,740.0,-130.0,0.0,870.0,740.0,-130.0,0.0,0.0,0.0,0.0,False
424,0.009399894772628398,0.028047944999387092,0.07370378956999771,0.03625594979798222,0.018365756717840576,0.0,0.018365756717840576,0.0,0.0,880.0,,,0.0,880.0,3720.0,2840.0,0.0,0.0,1.0,1.0,True
425,0.010289078623992698,0.031077832157112406,0.04454307922040229,0.003176168439297189,0.013465187162241321,0.0,0.013465187162241321,0.0,0.0,1330.0,1400.0,70.0,0.0,1330.0,1400.0,70.0,0.0,0.0,0.0,0.0,False
426,0.008656256192120598,0.032015635183476304,0.19026941016884888,0.14959751879325198,0.029977300966256948,0.0,0.029977300966256948,0.0,0.0,680.0,,,0.0,680.0,3800.0,3120.0,0.0,0.0,1.0,1.0,True
427,0.0047198018337477055,0.0015205766683770994,0.008012561268178203,0.0017721827660533984,0.04795241321898902,0.0,0.04795241321898902,0.0,0.0,80.0,110.0,30.0,0.0,80.0,110.0,30.0,0.0,0.0,0.0,0.0,False
428,0.002653377423780398,0.0019412978391605967,0.0053991370342951,0.000804461771354105,0.03048118034400532,0.0,0.03048118034400532,0.0,0.0,80.0,100.0,20.0,0.0,80.0,100.0,20.0,0.0,0.0,0.0,0.0,False
429,0.0,0.007520035295201802,0.007520035295201802,0.0,0.0,0.0,0.0,0.0,0.0,280.0,280.0,0.0,0.0,280.0,280.0,0.0,0.0,0.0,0.0,0.0,False
430,0.004478014042673589,0.013350405219347189,0.0174522689769962,-0.00037615028502457903,0.020980138591206066,0.0,0.020980138591206066,0.0,0.0,450.0,460.0,10.0,0.0,450.0,460.0,10.0,0.0,0.0,0.0,0.0,False
431,0.008865186120756596,0.08978284197004821,0.07099771492985613,-0.02765031316094868,0.010315332874940353,0.0,0.010315332874940353,0.0,0.0,,1620.0,,0.0,1850.0,1620.0,-230.0,0.0,1.0,0.0,-1.0,True
432,0.006332670990104497,0.0022015275485487984,0.009556100440899898,0.0010219019022466025,0.08570616081464055,0.0,0.08570616081464055,0.0,0.0,70.0,90.0,20.0,0.0,70.0,90.0,20.0,0.0,0.0,0.0,0.0,False
433,0.001940441670549492,0.01771224025296389,0.0189022368269115,-0.0007504450966018816,0.008158518505561485,0.0,0.008158518505561485,0.0,0.0,560.0,560.0,0.0,0.0,560.0,560.0,0.0,0.0,0.0,0.0,0.0,False
434,0.003989753804547205,0.017537162327063205,0.09238556190447281,0.0708586457728624,0.008096604223431614,0.0,0.008096604223431614,0.0,0.0,470.0,,,0.0,470.0,4690.0,4220.0,0.0,0.0,1.0,1.0,True
435,0.006959524217491103,0.03586986536688361,0.1084941176115004,0.0656647280271257,0.028980200551542046,0.0,0.028980200551542046,0.0,0.0,690.0,,,0.0,690.0,3580.0,2890.0,0.0,0.0,1.0,1.0,True
436,0.009324948979529901,0.0339158140344194,0.1032910275041628,0.0600502644902135,0.005752539978310045,0.0,0.005752539978310045,0.0,0.0,1630.0,,,0.0,1630.0,2140.0,510.0,0.0,0.0,1.0,1.0,True
437,0.004659103633191698,0.006137182058674501,0.2001215508425316,0.18932526515066542,0.057340019101901285,-3.3306690738754696e-15,0.05734001910190062,2.6645352591003757e-15,0.0,300.0,,,0.0,300.0,5210.0,4910.0,0.0,0.0,1.0,1.0,True
438,0.007423211334179489,0.03330063315844699,0.1774731799608627,0.1367493354682362,0.029857009921769706,0.0,0.029857009921769706,0.0,0.0,1010.0,,,0.0,1010.0,3980.0,2970.0,0.0,0.0,1.0,1.0,True
439,0.006535615808009182,0.01936975500847199,0.19945538897989906,0.1735500181634179,0.0014560612377039206,0.0,0.0014560612377039206,0.0,0.0,990.0,,,0.0,990.0,2980.0,1990.0,0.0,0.0,1.0,1.0,True
440,0.01174403627648088,0.027560692182086705,0.13880953237931656,0.09950480392074898,0.024968182588009258,0.0,0.024968182588009258,0.0,0.0,1330.0,,,0.0,1330.0,2800.0,1470.0,0.0,0.0,1.0,1.0,True
441,0.004578967835976,0.010175327722971805,0.016074717029271893,0.0013204214703240874,0.012308094197373776,0.0,0.012308094197373776,0.0,0.0,320.0,390.0,70.0,0.0,320.0,390.0,70.0,0.0,0.0,0.0,0.0,False
442,0.0068158356683397925,0.0492319414114204,0.7116453558104736,0.6555975787307134,0.02687711497253842,0.0,0.02687711497253842,0.0,0.0,800.0,,,0.0,800.0,3460.0,2660.0,0.0,0.0,1.0,1.0,True
443,0.008321723877380893,0.058734313378232206,0.12408459823946599,0.057028560983852894,0.10927810179313713,0.0,0.10927810179313713,0.0,0.0,1300.0,,,0.0,1300.0,3260.0,1960.0,0.0,0.0,1.0,1.0,True
444,0.0,2.9497624448799817e-05,2.9497624448799817e-05,0.0,0.0,0.0,0.0,0.0,0.0,10.0,10.0,0.0,0.0,10.0,10.0,0.0,0.0,0.0,0.0,0.0,False
445,0.008343642925217803,0.029716657261234902,0.08258293318177601,0.0445226329953233,0.01180686539324216,0.0,0.01180686539324216,0.0,0.0,1290.0,,,0.0,1290.0,2650.0,1360.0,0.0,0.0,1.0,1.0,True
446,0.007830102329782498,0.016777234341819505,0.03636284421828791,0.011755507546685903,0.04477191944549358,0.0,0.04477191944549358,0.0,0.0,630.0,730.0,100.0,0.0,630.0,730.0,100.0,0.0,0.0,0.0,0.0,False
447,0.003687672734119199,0.0189389254780207,0.09986638091579961,0.0772397827036597,0.03323946312883741,0.0,0.03323946312883741,0.0,0.0,820.0,,,0.0,820.0,4350.0,3530.0,0.0,0.0,1.0,1.0,True
448,0.002039339212770795,0.0032202642998013994,0.005905020160663396,0.0006454166480912016,0.03257635963791383,0.0,0.03257635963791383,0.0,0.0,140.0,160.0,20.0,0.0,140.0,160.0,20.0,0.0,0.0,0.0,0.0,False
449,0.009146778196121197,0.008325749106931901,0.020016174760675687,0.0025436474576225887,0.0383198206542642,0.0,0.0383198206542642,0.0,0.0,1150.0,1150.0,0.0,0.0,1150.0,1150.0,0.0,0.0,0.0,0.0,0.0,False
450,0.006607082201342707,0.014239006722066405,0.022766373871130702,0.00192028494772159,0.043177176925648486,-1.1151080059335072e-12,0.04317717692560208,1.0687006835041757e-12,0.0,640.0,640.0,0.0,0.0,640.0,640.0,0.0,0.0,0.0,0.0,0.0,False
451,0.0053950968575687125,0.014142215696581598,0.0184368010078398,-0.0011005115463105092,0.02554567906415972,0.0,0.02554567906415972,0.0,0.0,650.0,660.0,10.0,0.0,650.0,660.0,10.0,0.0,0.0,0.0,0.0,False
452,0.008736598904654488,0.0240283833021694,0.02623207032709389,-0.0065329118797299995,0.04162921453179791,0.0,0.04162921453179791,0.0,0.0,800.0,760.0,-40.0,0.0,800.0,760.0,-40.0,0.0,0.0,0.0,0.0,False
453,0.0118838523638733,0.002881980448187098,0.013135002717170899,-0.0016308300948894988,0.1666525389848834,0.0,0.1666525389848834,0.0,0.0,100.0,120.0,20.0,0.0,100.0,120.0,20.0,0.0,0.0,0.0,0.0,False
454,0.006838952974555612,0.005995680624076294,0.0168700903999153,0.004035456801283394,0.02809739681382284,0.0,0.02809739681382284,0.0,0.0,480.0,490.0,10.0,0.0,480.0,490.0,10.0,0.0,0.0,0.0,0.0,False
455,0.005898738880437897,0.009646637509813198,0.0106811738383037,-0.0048642025519473955,0.061001063192053506,0.0,0.061001063192053506,0.0,0.0,230.0,220.0,-10.0,0.0,230.0,220.0,-10.0,0.0,0.0,0.0,0.0,False
456,0.00399977929647731,0.01345962436879121,0.01726199919423131,-0.00019740447103720749,0.0039501893312755,0.0,0.0039501893312755,0.0,0.0,470.0,510.0,40.0,0.0,470.0,510.0,40.0,0.0,0.0,0.0,0.0,False
457,0.008391863668205796,0.011187051211725987,0.017669617560109097,-0.0019092973198226865,0.04071160116570499,0.0,0.04071160116570499,0.0,0.0,440.0,430.0,-10.0,0.0,440.0,430.0,-10.0,0.0,0.0,0.0,0.0,False
458,0.018155000105157998,0.0280386408990973,0.1939829874656617,0.1477893464614064,0.06120865539468673,0.0,0.06120865539468673,0.0,0.0,930.0,,,0.0,930.0,3660.0,2730.0,0.0,0.0,1.0,1.0,True
459,0.005768699869539207,0.014892658835581399,0.12348713493183511,0.1028257762267145,0.03739739037310241,0.0,0.03739739037310241,0.0,0.0,580.0,,,0.0,580.0,4550.0,3970.0,0.0,0.0,1.0,1.0,True
460,0.0053370478044453,0.0226666728099785,0.04966009532259841,0.02165637470817461,0.0037929933017948336,0.0,0.0037929933017948336,0.0,0.0,720.0,530.0,-190.0,0.0,720.0,530.0,-190.0,0.0,0.0,0.0,0.0,False
461,0.0048269764193288045,0.0022683498071041017,0.0062387197703399,-0.0008566064560930065,0.04950364178875333,0.0,0.04950364178875333,0.0,0.0,230.0,230.0,0.0,0.0,230.0,230.0,0.0,0.0,0.0,0.0,0.0,False
462,0.0063240446997296015,0.011248777540913406,0.012554201053351609,-0.0050186211872913986,0.13997459362998022,0.0,0.13997459362998022,0.0,0.0,410.0,400.0,-10.0,0.0,410.0,400.0,-10.0,0.0,0.0,0.0,0.0,False
463,0.0,0.002181428774319802,0.002181428774319802,0.0,0.0,0.0,0.0,0.0,0.0,130.0,130.0,0.0,0.0,130.0,130.0,0.0,0.0,0.0,0.0,0.0,False
464,0.021803829491086724,0.047099549125528606,0.3309335387167419,0.2620301601001266,0.01007080783251224,0.0,0.01007080783251224,0.0,0.0,,,,0.0,800.0,800.0,0.0,0.0,1.0,1.0,0.0,True
465,0.016716468176202287,0.03181719257907939,0.40913642367728553,0.3606027629220038,0.03870615513274467,-6.661338147750939e-16,0.038706155132749664,5.662137425588298e-15,0.0,1300.0,,,0.0,1300.0,3010.0,1710.0,0.0,0.0,1.0,1.0,True
466,0.00528719628903801,0.02452635888613941,0.037501873852819306,0.007688318677641887,0.027712281442905606,0.0,0.027712281442905606,0.0,0.0,860.0,870.0,10.0,0.0,860.0,870.0,10.0,0.0,0.0,0.0,0.0,False
467,0.006131410536818871,0.0685578885682343,0.04660091595559418,-0.028088383149458995,0.010910732362252817,0.0,0.010910732362252817,0.0,20.0,1280.0,1170.0,-130.0,20.0,1280.0,1170.0,-130.0,0.0,0.0,0.0,0.0,False
468,0.0128933218533933,0.008293165428404303,0.02295453410800699,0.001768046826209388,0.25210359763438916,0.0,0.25210359763438916,0.0,0.0,310.0,390.0,80.0,0.0,310.0,390.0,80.0,0.0,0.0,0.0,0.0,False
469,0.00771453282344689,0.015548905080210396,0.10319041073325108,0.0799269728295938,0.03272572629653836,0.0,0.03272572629653836,0.0,0.0,870.0,,,0.0,870.0,3660.0,2790.0,0.0,0.0,1.0,1.0,True
470,0.003939113672800504,0.005919404584212404,0.013301852592052299,0.0034433343350393913,0.03281485977088461,0.0,0.03281485977088461,0.0,0.0,340.0,430.0,90.0,0.0,340.0,430.0,90.0,0.0,0.0,0.0,0.0,False
471,0.011268357318269112,0.02383381126790579,0.1026452471126279,0.067543078526453,0.05176464546107806,0.0,0.05176464546107806,0.0,0.0,570.0,,,0.0,570.0,4310.0,3740.0,0.0,0.0,1.0,1.0,True
472,0.009736590868470812,0.024697267456834704,0.09530412023824891,0.060870261912943396,0.016857231290646757,0.0,0.016857231290646757,0.0,0.0,1210.0,,,0.0,1210.0,3140.0,1930.0,0.0,0.0,1.0,1.0,True
473,0.004667750929839315,0.037275600082228494,0.0957022625684757,0.053758911556407885,0.013432398865237616,0.0,0.013432398865237616,0.0,0.0,1000.0,,,0.0,1000.0,3930.0,2930.0,0.0,0.0,1.0,1.0,True
474,0.0011011612963312961,0.010527109454260095,0.011540022359124102,-8.824839146728825e-05,0.0001088410287438113,0.0,0.0001088410287438113,0.0,0.0,380.0,380.0,0.0,0.0,380.0,380.0,0.0,0.0,0.0,0.0,0.0,False
475,0.012933812559507402,0.026964843014954887,0.2615322845887096,0.2216336290142473,0.2061246068712984,0.0,0.2061246068712984,0.0,0.0,770.0,,,0.0,770.0,4060.0,3290.0,0.0,0.0,1.0,1.0,True
476,0.011255634233240802,0.02340481104854028,0.11857945071803369,0.08391900543625261,0.015177585604307042,0.0,0.015177585604307042,0.0,0.0,1070.0,,,0.0,1070.0,2730.0,1660.0,0.0,0.0,1.0,1.0,True
477,0.006564418394014088,0.021639886428632488,0.02746894885038198,-0.0007353559722645953,0.019584744477926574,0.0,0.019584744477926574,0.0,0.0,1030.0,950.0,-80.0,0.0,1030.0,950.0,-80.0,0.0,0.0,0.0,0.0,False
478,0.015974389765274016,0.07500880440592392,0.059018141300272914,-0.03196505287092502,0.02062150640998761,0.0,0.02062150640998761,0.0,0.0,1390.0,,,0.0,1390.0,2770.0,1380.0,0.0,0.0,1.0,1.0,True
479,0.001601559793830712,0.0046664024987354,0.0057677001959313,-0.0005002620966348126,0.0048099581497683674,0.0,0.0048099581497683674,0.0,0.0,190.0,230.0,40.0,0.0,190.0,230.0,40.0,0.0,0.0,0.0,0.0,False
480,0.0075592396051680985,0.012281202436353902,0.020719889221582605,0.0008794471800606038,0.08559593240782964,0.0,0.08559593240782964,0.0,0.0,420.0,470.0,50.0,0.0,420.0,470.0,50.0,0.0,0.0,0.0,0.0,False
481,0.006049619449654597,0.014235779863878417,0.02392443930555152,0.0036390399920185057,0.017926891975022397,0.0,0.017926891975022397,0.0,0.0,760.0,840.0,80.0,0.0,760.0,840.0,80.0,0.0,0.0,0.0,0.0,False
482,0.005663432451609912,0.0504488249440426,0.03275479556662031,-0.0233574618290322,0.011752940271884116,0.0,0.011752940271884116,0.0,0.0,680.0,500.0,-180.0,0.0,680.0,500.0,-180.0,0.0,0.0,0.0,0.0,False
483,0.014449395887304928,0.013674068374963821,0.1529832922646987,0.12485982800242995,0.027356207850576797,0.0,0.027356207850576797,0.0,0.0,1580.0,,,0.0,1580.0,2130.0,550.0,0.0,0.0,1.0,1.0,True
484,0.0019828986653579184,0.05498040260977852,0.6340530984863691,0.5770897972112327,0.0028745929690572325,0.0,0.0028745929690572325,0.0,0.0,1030.0,,,0.0,1030.0,3210.0,2180.0,0.0,0.0,1.0,1.0,True
485,0.02049373882252173,0.013615294250560322,0.03966014912576962,0.005551116052687571,0.06567577731639851,0.0,0.06567577731639851,0.0,0.0,1160.0,1240.0,80.0,0.0,1160.0,1240.0,80.0,0.0,0.0,0.0,0.0,False
486,0.004960113388374404,0.007214558761428104,0.011739765533453898,-0.00043490661634860983,0.06530645202352381,0.0,0.06530645202352381,0.0,0.0,340.0,340.0,0.0,0.0,340.0,340.0,0.0,0.0,0.0,0.0,0.0,False
487,0.002763172331574776,0.023188233796651386,0.018595190804722495,-0.007356215323503668,0.01349230053300754,0.0,0.01349230053300754,0.0,0.0,1220.0,1130.0,-90.0,0.0,1220.0,1130.0,-90.0,0.0,0.0,0.0,0.0,False
488,0.007012971257148698,0.03587906648008829,0.04785121297004591,0.004959175232808921,0.008953118041506447,0.0,0.008953118041506447,0.0,0.0,980.0,1020.0,40.0,0.0,980.0,1020.0,40.0,0.0,0.0,0.0,0.0,False
489,0.009793348964203905,0.009248550583006596,0.02105173590318861,0.002009836355978109,0.04236629194415564,0.0,0.04236629194415564,0.0,0.0,310.0,400.0,90.0,0.0,310.0,400.0,90.0,0.0,0.0,0.0,0.0,False
490,0.0068668086602433065,0.013396665702234509,0.018052850523445407,-0.002210623839032408,0.06723900449848363,0.0,0.06723900449848363,0.0,0.0,360.0,400.0,40.0,0.0,360.0,400.0,40.0,0.0,0.0,0.0,0.0,False
491,0.012407038942101212,0.04228304661103041,0.0432467796979181,-0.011443305855213526,0.05679990880405528,0.0,0.05679990880405528,0.0,0.0,1220.0,660.0,-560.0,0.0,1220.0,660.0,-560.0,0.0,0.0,0.0,0.0,False
492,0.004260424577304703,0.0197609513471025,0.027367763992215507,0.0033463880678083063,0.031282430048212184,0.0,0.031282430048212184,0.0,0.0,560.0,650.0,90.0,0.0,560.0,650.0,90.0,0.0,0.0,0.0,0.0,False
493,0.007271677149201794,0.0328788496451676,0.058819552712723794,0.0186690259183544,0.029424588712797295,0.0,0.029424588712797295,0.0,0.0,1490.0,1330.0,-160.0,0.0,1490.0,1330.0,-160.0,0.0,0.0,0.0,0.0,False
494,0.004516259232408601,0.004413318236742805,0.011529719375066305,0.002600141905914899,0.06132822260233306,0.0,0.06132822260233306,0.0,0.0,150.0,190.0,40.0,0.0,150.0,190.0,40.0,0.0,0.0,0.0,0.0,False
495,0.010964350022409586,0.020450843003769786,0.2549711296237732,0.22355593659759385,0.04200556091573404,0.0,0.04200556091573404,0.0,0.0,860.0,,,0.0,860.0,4050.0,3190.0,0.0,0.0,1.0,1.0,True
496,0.005005878906346808,0.006113513207830601,0.008844265419966399,-0.0022751266942110104,0.07426973190289521,0.0,0.07426973190289521,0.0,0.0,280.0,290.0,10.0,0.0,280.0,290.0,10.0,0.0,0.0,0.0,0.0,False
497,0.009096054430674877,0.054807081254315965,0.2081720372906938,0.14426890160570296,0.015441781603908411,0.0,0.015441781603908411,0.0,0.0,1500.0,,,0.0,1500.0,2250.0,750.0,0.0,0.0,1.0,1.0,True
498,0.019447669138388912,0.10429602877933891,0.08310467410730671,-0.040639023810421115,0.018950786226299643,0.0,0.018950786226299643,0.0,0.0,1620.0,1760.0,140.0,0.0,1620.0,1760.0,140.0,0.0,0.0,0.0,0.0,False
499,0.001612801504615305,0.006283480925528509,0.010466428907716804,0.0025701464775729904,0.005508876163142773,0.0,0.005508876163142773,0.0,0.0,300.0,370.0,70.0,0.0,300.0,370.0,70.0,0.0,0.0,0.0,0.0,False
500,0.006955898071541296,0.0014116689002025978,0.062099883527614995,0.0537323165558711,0.09674905353287017,0.0,0.09674905353287017,0.0,0.0,40.0,,,0.0,40.0,5580.0,5540.0,0.0,0.0,1.0,1.0,True
501,0.0054190983794156974,0.0017096494741002041,0.06191762401358421,0.054788876160068306,0.07523560287278952,0.0,0.07523560287278952,0.0,0.0,100.0,,,0.0,100.0,5420.0,5320.0,0.0,0.0,1.0,1.0,True
502,0.0110668390107631,0.003009286733376998,0.020891923025643598,0.0068157972815034995,0.099924938216088,0.0,0.099924938216088,0.0,0.0,170.0,230.0,60.0,0.0,170.0,230.0,60.0,0.0,0.0,0.0,0.0,False
503,0.0031589282896800006,0.00021229710052370065,0.0038038273762101005,0.00043260198600639926,0.08812782159184193,0.0,0.08812782159184193,0.0,0.0,20.0,30.0,10.0,0.0,20.0,30.0,10.0,0.0,0.0,0.0,0.0,False
504,0.005500988396606121,0.026421094496706904,0.16214291292326619,0.13022083002995316,0.008367295723437751,0.0,0.008367295723437751,0.0,0.0,880.0,,,0.0,880.0,3560.0,2680.0,0.0,0.0,1.0,1.0,True
505,0.008899505720508606,0.012104147139756001,0.018139247593207196,-0.0028644052670574113,0.04832435740518798,0.0,0.04832435740518798,0.0,0.0,540.0,520.0,-20.0,0.0,540.0,520.0,-20.0,0.0,0.0,0.0,0.0,False
506,0.00886990924247899,0.015342830427659396,0.030854949994709308,0.006642210324570921,0.04070661501530948,0.0,0.04070661501530948,0.0,0.0,520.0,580.0,60.0,0.0,520.0,580.0,60.0,0.0,0.0,0.0,0.0,False
507,0.018677313406433305,0.04761561497089778,0.07466552434287949,0.008372595965548402,0.01622820782934209,0.0,0.01622820782934209,0.0,0.0,,,,0.0,610.0,610.0,0.0,0.0,1.0,1.0,0.0,True
508,0.015801363165039703,0.012513335825779404,0.11030693764454182,0.08199223865372271,0.21766619524314867,0.0,0.21766619524314867,0.0,0.0,510.0,,,0.0,510.0,4320.0,3810.0,0.0,0.0,1.0,1.0,True
509,0.009761436015756741,0.04711026181898381,0.057743515433794135,0.0008718175990535815,0.04022300988146699,0.0,0.04022300988146699,0.0,0.0,1550.0,1330.0,-220.0,0.0,1550.0,1330.0,-220.0,0.0,0.0,0.0,0.0,False
510,0.003759653878362801,0.003983111520948199,0.008863209302057098,0.0011204439027460988,0.04138639627277457,0.0,0.04138639627277457,0.0,0.0,140.0,170.0,30.0,0.0,140.0,170.0,30.0,0.0,0.0,0.0,0.0,False
511,0.010991001780664422,0.0519061735503204,0.773360858420823,0.7104636830898383,0.06092335070252375,0.0,0.06092335070252375,0.0,0.0,640.0,,,0.0,640.0,4140.0,3500.0,0.0,0.0,1.0,1.0,True
512,0.0156514782103689,0.0180344257122923,0.018257005465276296,-0.015428898457384904,0.14030415348811398,0.0,0.14030415348811398,0.0,0.0,590.0,530.0,-60.0,0.0,590.0,530.0,-60.0,0.0,0.0,0.0,0.0,False
513,0.007553157274441599,0.02744231760162401,0.023991147985604408,-0.0110043268904612,0.04840876424651852,0.0,0.04840876424651852,0.0,0.0,880.0,780.0,-100.0,0.0,880.0,780.0,-100.0,0.0,0.0,0.0,0.0,False
514,0.011713455536338901,0.005368236968700979,0.0238852673965895,0.006803574891549619,0.03765101066692356,0.0,0.03765101066692356,0.0,0.0,860.0,960.0,100.0,0.0,860.0,960.0,100.0,0.0,0.0,0.0,0.0,False
515,0.005989776162460804,0.004868386823909804,0.0644251177668208,0.0535669547804502,0.0944945694337806,0.0,0.0944945694337806,0.0,0.0,230.0,,,0.0,230.0,5500.0,5270.0,0.0,0.0,1.0,1.0,True
516,0.009660731873752187,0.005987753145559993,0.013840572989699401,-0.0018079120296127793,0.057048674871920224,0.0,0.057048674871920224,0.0,0.0,690.0,640.0,-50.0,0.0,690.0,640.0,-50.0,0.0,0.0,0.0,0.0,False
517,0.0098879716853678,0.018502788178001203,0.05935863903437659,0.030967879171007587,0.03734805723561152,0.0,0.03734805723561152,0.0,0.0,610.0,,,0.0,610.0,4090.0,3480.0,0.0,0.0,1.0,1.0,True
518,0.012668905509056,0.023506756067145806,0.07376811255213771,0.0375924509759359,0.0546240150841914,0.0,0.0546240150841914,0.0,0.0,670.0,,,0.0,670.0,4120.0,3450.0,0.0,0.0,1.0,1.0,True
519,0.005646548246550906,0.015712634968499006,0.07313509133123991,0.05177590811619,0.02928697508419409,0.0,0.02928697508419409,0.0,0.0,630.0,,,0.0,630.0,4630.0,4000.0,0.0,0.0,1.0,1.0,True
520,0.0026638149471530995,0.0075468879972313,0.0096569357535735,-0.0005537671908108985,0.016722454578646018,0.0,0.016722454578646018,0.0,0.0,280.0,300.0,20.0,0.0,280.0,300.0,20.0,0.0,0.0,0.0,0.0,False
521,0.0021773192104651007,0.001264883805436899,0.003963241180453297,0.0005210381645512976,0.06140240249326201,0.0,0.06140240249326201,0.0,0.0,60.0,70.0,10.0,0.0,60.0,70.0,10.0,0.0,0.0,0.0,0.0,False
522,0.003453353977408001,0.0,0.003453353977408001,0.0,0.06765930746688961,0.0,0.06765930746688961,0.0,0.0,0.0,0.0,0.0,0.0,0.0,0.0,0.0,0.0,0.0,0.0,0.0,False
523,0.0010092443629987,0.0002592427995971973,0.0015099063885236005,0.0002414192259277033,0.029809273530949976,0.0,0.029809273530949976,0.0,0.0,30.0,40.0,10.0,0.0,30.0,40.0,10.0,0.0,0.0,0.0,0.0,False
524,0.014502813500475109,0.06549512711293698,0.1640845233653378,0.08408658275192571,0.02348263628695313,0.0,0.02348263628695313,0.0,0.0,1410.0,,,0.0,1410.0,2670.0,1260.0,0.0,0.0,1.0,1.0,True
525,0.0033026034782083213,0.01310046437993831,0.09728306413809151,0.08087999627994488,-0.00026564171920528956,0.0,-0.00026564171920528956,0.0,0.0,880.0,,,0.0,880.0,3770.0,2890.0,0.0,0.0,1.0,1.0,True
526,0.00717280914102611,0.015982607127429105,0.024802712151725914,0.0016472958832706996,0.0153183321178878,0.0,0.0153183321178878,0.0,0.0,530.0,640.0,110.0,0.0,530.0,640.0,110.0,0.0,0.0,0.0,0.0,False
527,0.006261962899779511,0.0347569085338921,0.1947532762573219,0.15373440482365028,0.026142850555701425,0.0,0.026142850555701425,0.0,0.0,940.0,,,0.0,940.0,4170.0,3230.0,0.0,0.0,1.0,1.0,True
528,0.0030627288157396987,0.013132969723089,0.013722919344297604,-0.002472779194531094,0.04312440132608936,0.0,0.04312440132608936,0.0,0.0,360.0,340.0,-20.0,0.0,360.0,340.0,-20.0,0.0,0.0,0.0,0.0,False
529,0.01139648295166501,0.045746391826575805,0.05608436357270369,-0.001058511205537127,0.15191594416532217,0.0,0.15191594416532217,0.0,0.0,920.0,840.0,-80.0,0.0,920.0,840.0,-80.0,0.0,0.0,0.0,0.0,False
530,0.011742210261616898,0.014992598652979597,0.804001561968417,0.7772667530538204,0.11717609047194,0.0,0.11717609047194,0.0,0.0,420.0,,,0.0,420.0,4770.0,4350.0,0.0,0.0,1.0,1.0,True
531,0.013757245772158505,0.08507262963222398,0.1991002717705543,0.10027039636617183,0.036338917609547106,0.0,0.036338917609547106,0.0,0.0,1490.0,,,0.0,1490.0,2840.0,1350.0,0.0,0.0,1.0,1.0,True
532,0.004079849035556596,0.014929591554244698,0.019016795372683193,7.35478288189928e-06,0.014723949276092663,0.0,0.014723949276092663,0.0,0.0,520.0,610.0,90.0,0.0,520.0,610.0,90.0,0.0,0.0,0.0,0.0,False
533,0.014442109769093395,0.024565469138120202,0.14752887061636577,0.10852129170915219,0.07963065948880182,0.0,0.07963065948880182,0.0,0.0,970.0,,,0.0,970.0,4140.0,3170.0,0.0,0.0,1.0,1.0,True
534,0.00623668068194283,0.07660513733053281,0.15805748159283894,0.0752156635803633,0.015314670207936865,0.0,0.015314670207936865,0.0,0.0,1450.0,,,0.0,1450.0,2640.0,1190.0,0.0,0.0,1.0,1.0,True
535,0.005479682682615304,0.007903060432325998,0.060317487573153694,0.04693474445821239,0.05838921466473612,0.0,0.05838921466473612,0.0,0.0,240.0,,,0.0,240.0,5100.0,4860.0,0.0,0.0,1.0,1.0,True
536,0.0024702931103391945,0.0027927676768860904,0.006855270718754497,0.001592209931529212,0.014753221534890448,0.0,0.014753221534890448,0.0,0.0,220.0,260.0,40.0,0.0,220.0,260.0,40.0,0.0,0.0,0.0,0.0,False
537,0.01886013441187928,0.0836641236492105,0.3003423602936284,0.1978181022325386,0.028716228404778166,0.0,0.028716228404778166,0.0,0.0,1480.0,,,0.0,1480.0,1690.0,210.0,0.0,0.0,1.0,1.0,True
538,0.0028128647449918026,0.017383131611278205,0.019679982815177202,-0.0005160135410928052,0.005982214617444692,0.0,0.005982214617444692,0.0,0.0,700.0,720.0,20.0,0.0,700.0,720.0,20.0,0.0,0.0,0.0,0.0,False
539,0.0046480897978340985,0.0031773450279399956,0.0091088383139106,0.0012834034881365058,0.09761113251206988,0.0,0.09761113251206988,0.0,0.0,140.0,150.0,10.0,0.0,140.0,150.0,10.0,0.0,0.0,0.0,0.0,False
540,0.004558301454599206,0.010955897806736198,0.01802993364044231,0.0025157343791069042,0.018885383297815972,0.0,0.018885383297815972,0.0,0.0,420.0,480.0,60.0,0.0,420.0,480.0,60.0,0.0,0.0,0.0,0.0,False
541,0.004972253172928091,0.01271496375976399,0.0090421561543663,-0.008645060778325782,0.07111838493306011,0.0,0.07111838493306011,0.0,0.0,270.0,270.0,0.0,0.0,270.0,270.0,0.0,0.0,0.0,0.0,0.0,False
542,0.00147933762280969,0.01243502876791111,0.013438515482628588,-0.0004758509080922124,0.00013104411394249116,0.0,0.00013104411394249116,0.0,0.0,410.0,410.0,0.0,0.0,410.0,410.0,0.0,0.0,0.0,0.0,0.0,False
543,0.004957019337263793,0.023865768057381803,0.7999851073056704,0.7711623199110248,0.02070096420450729,0.0,0.02070096420450729,0.0,0.0,600.0,,,0.0,600.0,4760.0,4160.0,0.0,0.0,1.0,1.0,True
544,0.003916095176850709,0.028708943114712893,0.033776092082672404,0.0011510537911088026,0.015949897251696266,0.0,0.015949897251696266,0.0,0.0,1050.0,1050.0,0.0,0.0,1050.0,1050.0,0.0,0.0,0.0,0.0,0.0,False
545,0.007692568752341103,0.013928839364363302,0.014711891051374104,-0.006909517065330301,0.0581627132522593,0.0,0.0581627132522593,0.0,0.0,310.0,360.0,50.0,0.0,310.0,360.0,50.0,0.0,0.0,0.0,0.0,False
546,0.006759205697656798,0.005501153773062796,0.0129332160984275,0.0006728566277079059,0.11266303316329357,0.0,0.11266303316329346,-1.1102230246251565e-16,0.0,250.0,250.0,0.0,0.0,250.0,250.0,0.0,0.0,0.0,0.0,0.0,False
547,0.012273306053917882,0.032587267982988,0.6553075541443838,0.6104469801074779,0.044674069363062396,0.0,0.044674069363062396,0.0,0.0,770.0,,,0.0,770.0,3310.0,2540.0,0.0,0.0,1.0,1.0,True
548,0.00893837902321519,0.0059064853439851905,0.0901073005907042,0.07526243622350381,0.09125290753975934,0.0,0.09125290753975934,0.0,0.0,280.0,,,0.0,280.0,4680.0,4400.0,0.0,0.0,1.0,1.0,True
549,0.01054886426288651,0.015756283111887898,0.024496606859477105,-0.0018085405152973022,0.0584454015053526,0.0,0.0584454015053526,0.0,0.0,450.0,470.0,20.0,0.0,450.0,470.0,20.0,0.0,0.0,0.0,0.0,False
550,0.0007588628696685029,0.0013275826508782063,0.002086445520546709,0.0,0.0,0.0,0.0,0.0,0.0,80.0,80.0,0.0,0.0,80.0,80.0,0.0,0.0,0.0,0.0,0.0,False
551,0.006223166756831794,0.058011610877141295,0.036793667017587406,-0.027441110616385683,0.011576282158784146,0.0,0.011576282158784146,0.0,0.0,1020.0,950.0,-70.0,0.0,1020.0,950.0,-70.0,0.0,0.0,0.0,0.0,False
552,0.0072533102625853,0.0197703212835669,0.10301689816486899,0.07599326661871679,0.04502805336137872,0.0,0.04502805336137872,0.0,0.0,560.0,,,0.0,560.0,4430.0,3870.0,0.0,0.0,1.0,1.0,True
553,0.007276552531359892,0.009315354515798402,0.02065862909085099,0.004066722043692697,0.04613005370706935,0.0,0.04613005370706935,0.0,0.0,630.0,640.0,10.0,0.0,630.0,640.0,10.0,0.0,0.0,0.0,0.0,False
554,0.008220641407375495,0.026873167731627207,0.031430596372791,-0.0036632127662117042,0.048886705017707366,0.0,0.048886705017707255,-1.1102230246251565e-16,0.0,820.0,720.0,-100.0,0.0,820.0,720.0,-100.0,0.0,0.0,0.0,0.0,False
555,0.006968321170249203,0.009106015832560599,0.013193480117676404,-0.002880856885133398,0.07864023675404253,0.0,0.07864023675404253,0.0,0.0,290.0,280.0,-10.0,0.0,290.0,280.0,-10.0,0.0,0.0,0.0,0.0,False
556,0.00378218983331631,0.009501373638432509,0.012387297642051598,-0.0008962658296972209,0.020745215855186405,0.0,0.020745215855186405,0.0,0.0,360.0,360.0,0.0,0.0,360.0,360.0,0.0,0.0,0.0,0.0,0.0,False
557,0.004872002693749308,0.003597788355992601,0.00819477666726981,-0.00027501438247209964,0.043087258454721056,0.0,0.043087258454721056,0.0,0.0,190.0,200.0,10.0,0.0,190.0,200.0,10.0,0.0,0.0,0.0,0.0,False
558,0.0049568337572167,0.02148967605609642,0.033315802065225525,0.006869292251912407,0.027414078146110077,0.0,0.027414078146110077,0.0,0.0,900.0,980.0,80.0,0.0,900.0,980.0,80.0,0.0,0.0,0.0,0.0,False
559,0.004169142520758701,0.010888829213733117,0.17873479083694882,0.16367681910245702,0.014865998270945813,0.0,0.014865998270945813,0.0,0.0,830.0,,,0.0,830.0,4300.0,3470.0,0.0,0.0,1.0,1.0,True
560,0.019853396373659696,0.02600348048443761,0.035837372064853615,-0.010019504793243691,0.13528649617165167,0.0,0.13528649617165167,0.0,0.0,510.0,590.0,80.0,0.0,510.0,590.0,80.0,0.0,0.0,0.0,0.0,False
561,0.02200820074160198,0.04923296700172092,0.1244604990387187,0.0532193312953958,0.04586915524961632,0.0,0.04586915524961632,0.0,0.0,,,,0.0,1750.0,1750.0,0.0,0.0,1.0,1.0,0.0,True
562,0.006626070866563208,0.017535283659975198,0.0726336605090836,0.04847230598254519,0.03187260316267948,0.0,0.03187260316267948,0.0,0.0,600.0,,,0.0,600.0,4760.0,4160.0,0.0,0.0,1.0,1.0,True
563,0.00990204864600891,0.013083889465263801,0.02103210484183811,-0.0019538332694346017,0.09810941369124171,0.0,0.09810941369124171,0.0,0.0,400.0,410.0,10.0,0.0,400.0,410.0,10.0,0.0,0.0,0.0,0.0,False
564,0.006937182833657407,0.019048181058169494,0.0275120814012714,0.0015267175094444974,0.015464127072458256,0.0,0.015464127072458256,0.0,0.0,1040.0,1100.0,60.0,0.0,1040.0,1100.0,60.0,0.0,0.0,0.0,0.0,False
565,0.00930411622517513,0.0528722903566321,0.11193823317444951,0.04976182659264228,0.14375616153314863,0.0,0.14375616153314863,0.0,0.0,1290.0,,,0.0,1290.0,2490.0,1200.0,0.0,0.0,1.0,1.0,True
566,0.0036064255581641017,0.005491134721916001,0.009171826159589905,7.426587950980224e-05,0.025483390047611076,0.0,0.025483390047611076,0.0,0.0,270.0,320.0,50.0,0.0,270.0,320.0,50.0,0.0,0.0,0.0,0.0,False
567,0.0030187356012465055,0.0027727819274104004,0.006012773857939704,0.00022125632928279848,0.03435072090809288,0.0,0.03435072090809288,0.0,0.0,120.0,130.0,10.0,0.0,120.0,130.0,10.0,0.0,0.0,0.0,0.0,False
568,0.0073352226221301,0.008661282910140802,0.019791641123652295,0.0037951355913813933,0.06146303589062019,0.0,0.0614630358906203,1.1102230246251565e-16,0.0,290.0,360.0,70.0,0.0,290.0,360.0,70.0,0.0,0.0,0.0,0.0,False
569,0.004434919557014201,0.007139200577881498,0.013319984621929994,0.0017458644870342946,0.03588764042140169,0.0,0.03588764042140169,0.0,0.0,270.0,350.0,80.0,0.0,270.0,350.0,80.0,0.0,0.0,0.0,0.0,False
570,0.001975203504763809,0.00881745805518791,0.010869845307805506,7.718374785378734e-05,0.004469259205163112,0.0,0.004469259205163112,0.0,0.0,260.0,280.0,20.0,0.0,260.0,280.0,20.0,0.0,0.0,0.0,0.0,False
571,0.0,0.0017260767577602018,0.0017260767577602018,0.0,0.0,0.0,0.0,0.0,0.0,110.0,110.0,0.0,0.0,110.0,110.0,0.0,0.0,0.0,0.0,0.0,False
572,0.011968551086542711,0.06064997229557917,0.052638945680858695,-0.019979577701263185,0.01147916355371259,0.0,0.01147916355371259,0.0,0.0,1530.0,1370.0,-160.0,0.0,1530.0,1370.0,-160.0,0.0,0.0,0.0,0.0,False
573,0.00932051614901569,0.009855762646784089,0.0515034982444805,0.03232721944868072,0.02219866699178019,0.0,0.02219866699178019,0.0,0.0,520.0,,,0.0,520.0,3730.0,3210.0,0.0,0.0,1.0,1.0,True
574,0.014333866321720401,0.04036981382412411,0.693615605494052,0.6389119253482075,0.0748273656677454,0.0,0.0748273656677454,0.0,0.0,1070.0,,,0.0,1070.0,2900.0,1830.0,0.0,0.0,1.0,1.0,True
575,0.0031460828321326975,0.004704137825240304,0.0089978119920672,0.0011475913346941993,0.03476498211471579,0.0,0.03476498211471579,0.0,0.0,240.0,310.0,70.0,0.0,240.0,310.0,70.0,0.0,0.0,0.0,0.0,False
576,0.003229120008652303,0.005487863289745501,0.010533838890334102,0.0018168555919362978,0.053880963754779576,0.0,0.053880963754779576,0.0,0.0,190.0,210.0,20.0,0.0,190.0,210.0,20.0,0.0,0.0,0.0,0.0,False
577,0.0020090909428211873,0.009154139728675487,0.010801846412658286,-0.00036138425883838754,0.016742937582904238,0.0,0.016742937582904238,0.0,0.0,370.0,370.0,0.0,0.0,370.0,370.0,0.0,0.0,0.0,0.0,0.0,False
578,0.008493440488555298,0.003848903993171407,0.0153333489247902,0.002991004443063494,0.05985443712904115,0.0,0.05985443712904115,0.0,0.0,140.0,190.0,50.0,0.0,140.0,190.0,50.0,0.0,0.0,0.0,0.0,False
579,0.0,0.004888798958764304,0.004888798958764304,0.0,0.0,0.0,0.0,0.0,0.0,290.0,290.0,0.0,0.0,290.0,290.0,0.0,0.0,0.0,0.0,0.0,False
580,0.0217230045976623,0.0351181289832182,0.06825380786061752,0.011412674279737023,0.05297681323577674,0.0,0.05297681323577674,0.0,0.0,1840.0,,,0.0,1840.0,2630.0,790.0,0.0,0.0,1.0,1.0,True
581,0.012012819199354596,0.023540308782808383,0.0765620507158091,0.04100892273364612,0.04156075142154314,0.0,0.04156075142154314,0.0,0.0,1140.0,,,0.0,1140.0,3530.0,2390.0,0.0,0.0,1.0,1.0,True
582,0.002837142474693702,0.013680427295482495,0.01742306714321959,0.000905497373043393,0.09196812986472946,0.0,0.09196812986472946,0.0,0.0,390.0,380.0,-10.0,0.0,390.0,380.0,-10.0,0.0,0.0,0.0,0.0,False
583,0.008368002846380007,0.019626093939916406,0.038245069029044315,0.010250972242747902,0.04971661284051199,0.0,0.04971661284051199,0.0,0.0,590.0,690.0,100.0,0.0,590.0,690.0,100.0,0.0,0.0,0.0,0.0,False
584,0.0034812809969762964,0.0036956129668448967,0.008910420621855798,0.001733526658034605,0.04586339575918191,0.0,0.04586339575918191,0.0,0.0,180.0,210.0,30.0,0.0,180.0,210.0,30.0,0.0,0.0,0.0,0.0,False
585,0.004443849965656704,-5.390309427650078e-05,0.0020528816228513012,-0.0023370652485289016,0.06583308667283899,0.0,0.06583308667283899,0.0,0.0,240.0,240.0,0.0,0.0,240.0,240.0,0.0,0.0,0.0,0.0,0.0,False
586,0.0037947315362460987,0.0136850645468993,0.019341945125988497,0.0018621490428430976,0.014250936012806192,0.0,0.014250936012806192,0.0,0.0,480.0,520.0,40.0,0.0,480.0,520.0,40.0,0.0,0.0,0.0,0.0,False
587,0.012810543301115106,0.007349777293262805,0.0735609456996926,0.05340062510531469,0.15581004299147444,0.0,0.15581004299147444,0.0,0.0,400.0,,,0.0,400.0,5110.0,4710.0,0.0,0.0,1.0,1.0,True
588,0.0022030871364901033,0.0087427321245774,0.013322487854600398,0.002376668593532895,0.029537880579647124,0.0,0.029537880579647124,0.0,0.0,320.0,340.0,20.0,0.0,320.0,340.0,20.0,0.0,0.0,0.0,0.0,False
589,0.005992299476184196,0.009331531207614902,0.06295538000125359,0.04763154931745449,0.03165235886353751,0.0,0.03165235886353751,0.0,0.0,290.0,,,0.0,290.0,4720.0,4430.0,0.0,0.0,1.0,1.0,True
590,0.010638223645414585,0.025652402366821897,0.15563097999654607,0.11934035398430959,0.018256622989779703,0.0,0.018256622989779703,0.0,0.0,1170.0,,,0.0,1170.0,2980.0,1810.0,0.0,0.0,1.0,1.0,True
591,0.0022201046742657063,0.005141965290565605,0.007898873601248406,0.000536803636417095,0.024706252071707957,0.0,0.024706252071707957,0.0,0.0,140.0,140.0,0.0,0.0,140.0,140.0,0.0,0.0,0.0,0.0,0.0,False
592,0.0004148025336226102,0.011467292900613796,0.01818404136832691,0.006301945934090503,0.0030644711867556795,0.0,0.0030644711867556795,0.0,0.0,450.0,430.0,-20.0,0.0,450.0,430.0,-20.0,0.0,0.0,0.0,0.0,False
593,0.012539519265965415,0.05016289144908104,0.2213968040862676,0.15869439337122115,0.01506338461040424,0.0,0.01506338461040424,0.0,0.0,,,,0.0,1570.0,1570.0,0.0,0.0,1.0,1.0,0.0,True
594,0.015378876716637596,0.0515150626544795,0.22447293509214092,0.15757899572102382,0.04695639289555431,0.0,0.04695639289555431,0.0,0.0,940.0,,,0.0,940.0,3070.0,2130.0,0.0,0.0,1.0,1.0,True
595,0.0014514692844626031,0.00263666760907591,0.0040327146760821,-5.54222174564134e-05,0.08967961578255412,0.0,0.08967961578255412,0.0,0.0,210.0,210.0,0.0,0.0,210.0,210.0,0.0,0.0,0.0,0.0,0.0,False
596,0.013459914293859593,0.0175561788821976,0.1847240698271385,0.1537079766510813,0.05035497082741269,0.0,0.05035497082741269,0.0,0.0,600.0,,,0.0,600.0,3810.0,3210.0,0.0,0.0,1.0,1.0,True
597,0.008338189054276107,0.012933016838700212,0.023477860707962095,0.0022066548149857756,0.013015782660640185,0.0,0.013015782660640185,0.0,0.0,930.0,970.0,40.0,0.0,930.0,970.0,40.0,0.0,0.0,0.0,0.0,False
598,0.010235076477424304,0.0311386887422149,0.6455153971378217,0.6041416319181825,0.025394642730489747,0.0,0.025394642730489747,0.0,0.0,800.0,,,0.0,800.0,3040.0,2240.0,0.0,0.0,1.0,1.0,True
599,0.007486160425587404,0.030817195149708293,0.1235899809397385,0.0852866253644428,0.03157534202215778,0.0,0.03157534202215778,0.0,0.0,900.0,,,0.0,900.0,3980.0,3080.0,0.0,0.0,1.0,1.0,True
600,0.0015075009930502065,0.010927746503573602,0.011603250111231797,-0.000831997385392011,0.019785508613830993,0.0,0.019785508613830993,0.0,0.0,480.0,470.0,-10.0,0.0,480.0,470.0,-10.0,0.0,0.0,0.0,0.0,False
601,0.01229861885635597,0.009655160153823561,0.08712171827424697,0.06516793926406744,0.04498487225702952,0.0,0.04498487225702952,0.0,0.0,820.0,,,0.0,820.0,3090.0,2270.0,0.0,0.0,1.0,1.0,True
602,0.0015551874437157998,0.0028786718643025004,0.0060398497038258,0.0016059903958074995,0.022756087122533797,0.0,0.022756087122533797,0.0,0.0,170.0,200.0,30.0,0.0,170.0,200.0,30.0,0.0,0.0,0.0,0.0,False
603,0.002896827579691501,0.006155315654361601,0.011215466390805395,0.0021633231567522934,0.0,0.0,0.0,0.0,0.0,190.0,240.0,50.0,0.0,190.0,240.0,50.0,0.0,0.0,0.0,0.0,False
604,0.007979251347876706,0.02778354069751339,0.10935569867103649,0.0735929066256464,0.04086628613714827,0.0,0.040866286137148156,-1.1102230246251565e-16,0.0,970.0,,,0.0,970.0,4010.0,3040.0,0.0,0.0,1.0,1.0,True
605,0.0031852296992748996,0.003123261622082499,0.0961964828822497,0.0898879915608923,0.04523141810941539,0.0,0.04523141810941539,0.0,0.0,170.0,,,0.0,170.0,5450.0,5280.0,0.0,0.0,1.0,1.0,True
606,0.0071750837934621,0.06332748447282868,0.2434455724126561,0.17294300414636532,0.01021793757064482,0.0,0.01021793757064482,0.0,0.0,1320.0,,,0.0,1320.0,2770.0,1450.0,0.0,0.0,1.0,1.0,True
607,0.003652959140048609,0.012239568683168903,0.01565106248551311,-0.00024146533770440237,0.010552494778111488,0.0,0.010552494778111488,0.0,0.0,450.0,460.0,10.0,0.0,450.0,460.0,10.0,0.0,0.0,0.0,0.0,False
608,0.018743550838074996,0.06602464407401282,0.10395005885932512,0.01918186394723731,0.04838244814253856,0.0,0.04838244814253856,0.0,0.0,1440.0,950.0,-490.0,0.0,1440.0,950.0,-490.0,0.0,0.0,0.0,0.0,False
609,0.011649755841604409,0.041313384800830605,0.1728814492853965,0.11991830864296149,0.02632637155708739,0.0,0.02632637155708739,0.0,0.0,1350.0,,,0.0,1350.0,3270.0,1920.0,0.0,0.0,1.0,1.0,True
610,0.003695932820301895,0.016238113809175697,0.022837415532411087,0.0029033689029334953,0.008910716937263752,0.0,0.008910716937263752,0.0,0.0,860.0,870.0,10.0,0.0,860.0,870.0,10.0,0.0,0.0,0.0,0.0,False
611,0.0075204789230179925,0.045934943221862784,0.10475774885767777,0.051302326712797,0.008858220337469525,0.0,0.008858220337469525,0.0,0.0,1260.0,,,0.0,1260.0,3130.0,1870.0,0.0,0.0,1.0,1.0,True
612,0.0046056526045409885,0.007915571212508188,0.010644600108215996,-0.0018766237088331805,0.03733752252447564,0.0,0.03733752252447564,0.0,0.0,440.0,490.0,50.0,0.0,440.0,490.0,50.0,0.0,0.0,0.0,0.0,False
613,0.004146876450462904,0.0025315779792335,0.05806799392381041,0.051389539494114005,0.0567259326158942,0.0,0.0567259326158942,0.0,0.0,300.0,,,0.0,300.0,5510.0,5210.0,0.0,0.0,1.0,1.0,True
614,0.006301008785371293,0.005692461700339199,0.012259143892699303,0.0002656734069888117,0.07223934799352988,5.551115123125783e-17,0.07223934799352977,-1.6653345369377348e-16,0.0,200.0,210.0,10.0,0.0,200.0,210.0,10.0,0.0,0.0,0.0,0.0,False
615,0.02727726780811246,0.1016679588883867,0.19183651552032926,0.0628912888238301,0.06067217576786621,0.0,0.06067217576786621,0.0,0.0,1600.0,,,0.0,1600.0,2040.0,440.0,0.0,0.0,1.0,1.0,True
616,0.0024882991592677997,0.0011095306817439018,0.004181981246435304,0.0005841514054236024,0.03399663923342161,0.0,0.03399663923342161,0.0,0.0,60.0,70.0,10.0,0.0,60.0,70.0,10.0,0.0,0.0,0.0,0.0,False
617,0.0027817627562457016,0.002895854422015502,0.006968801543711701,0.001291184365450497,0.02091275495751499,0.0,0.02091275495751499,0.0,0.0,170.0,200.0,30.0,0.0,170.0,200.0,30.0,0.0,0.0,0.0,0.0,False
618,0.01733886445753821,0.037370825094921206,0.024813637979739483,-0.029896051572719934,0.0411465241455099,0.0,0.0411465241455099,0.0,0.0,1320.0,1190.0,-130.0,0.0,1320.0,1190.0,-130.0,0.0,0.0,0.0,0.0,False
619,0.005848936902484503,0.011466152448646502,0.014947645110791094,-0.002367444240339911,0.050892813353562494,0.0,0.050892813353562494,0.0,0.0,340.0,340.0,0.0,0.0,340.0,340.0,0.0,0.0,0.0,0.0,0.0,False
620,0.010588695957817196,0.01261189562766879,0.022755548515644597,-0.00044504306984138875,0.02710979084240428,0.0,0.02710979084240428,0.0,0.0,910.0,810.0,-100.0,0.0,910.0,810.0,-100.0,0.0,0.0,0.0,0.0,False
621,0.007122687824207996,0.0168341000530971,0.0769650491322521,0.05300826125494701,0.031192634030200006,0.0,0.031192634030200006,0.0,0.0,610.0,,,0.0,610.0,4460.0,3850.0,0.0,0.0,1.0,1.0,True
622,0.004708285719485804,0.003764295965989199,0.06414841170027161,0.055675830014796604,0.12069385691068724,0.0,0.12069385691068724,0.0,0.0,130.0,,,0.0,130.0,5420.0,5290.0,0.0,0.0,1.0,1.0,True
623,0.0159935333996028,0.0275148990296753,0.0359855389272338,-0.007522893502044298,0.07056457005552008,-5.767653021848673e-11,0.07056457001888028,2.103672791520239e-11,0.0,550.0,690.0,140.0,0.0,550.0,690.0,140.0,0.0,0.0,0.0,0.0,False
624,0.004002966699438004,0.0047734712414662095,0.012749284580035103,0.003972846639130889,0.0027720313921457684,0.0,0.0027720313921457684,0.0,0.0,520.0,540.0,20.0,0.0,520.0,540.0,20.0,0.0,0.0,0.0,0.0,False
625,0.0112843780531037,0.004603785328426313,0.016629298416100308,0.000741135034570295,0.06484907352099523,0.0,0.06484907352099523,0.0,0.0,410.0,420.0,10.0,0.0,410.0,420.0,10.0,0.0,0.0,0.0,0.0,False
626,0.004581714911517501,0.02071330771660089,0.0376616448571281,0.012366622229009708,0.008622250416797095,0.0,0.008622250416797095,0.0,0.0,480.0,650.0,170.0,0.0,480.0,650.0,170.0,0.0,0.0,0.0,0.0,False
627,0.008493403030782498,0.013555628543317488,0.08362227082470011,0.061573239250600126,0.014836676868444032,0.0,0.014836676868444032,0.0,0.0,900.0,,,0.0,900.0,3560.0,2660.0,0.0,0.0,1.0,1.0,True
628,0.003976083894735298,0.000876109236798598,0.0643954222355616,0.059543229104027706,0.07161373810965732,0.0,0.07161373810965732,0.0,0.0,60.0,,,0.0,60.0,5870.0,5810.0,0.0,0.0,1.0,1.0,True
629,0.012618255913424303,0.045931059020673404,0.1275983937181493,0.06904907878405159,0.0475446977287346,0.0,0.0475446977287346,0.0,0.0,960.0,,,0.0,960.0,3430.0,2470.0,0.0,0.0,1.0,1.0,True
630,0.005007084130492917,0.019256422550564506,0.0644316674927092,0.04016816081165178,0.012276079381598692,0.0,0.012276079381598692,0.0,0.0,660.0,,,0.0,660.0,4040.0,3380.0,0.0,0.0,1.0,1.0,True
631,0.016620878042054532,0.08543076561842361,0.17411536187162696,0.07206371821114882,0.026098119877375536,0.0,0.026098119877375536,0.0,0.0,,,,0.0,1590.0,1590.0,0.0,0.0,1.0,1.0,0.0,True
632,0.004859911787951393,0.011118851706155092,0.06320758559215509,0.0472288220980486,0.039825039469219115,0.0,0.039825039469219115,0.0,0.0,470.0,,,0.0,470.0,5110.0,4640.0,0.0,0.0,1.0,1.0,True
633,0.0011673722085751015,0.010130513814832792,0.011849510748259295,0.0005516247248514017,0.005977008616680046,0.0,0.005977008616680046,0.0,0.0,460.0,500.0,40.0,0.0,460.0,500.0,40.0,0.0,0.0,0.0,0.0,False
634,0.002535796144478686,0.009000408789578584,0.016083699923608086,0.0045474949895508154,0.023325503442517825,0.0,0.023325503442517825,0.0,0.0,590.0,530.0,-60.0,0.0,590.0,530.0,-60.0,0.0,0.0,0.0,0.0,False
635,0.0114908745877563,0.060024035981394996,0.03073196059158001,-0.04078294997757129,0.06385703452474756,0.0,0.06385703452474756,0.0,0.0,960.0,840.0,-120.0,0.0,960.0,840.0,-120.0,0.0,0.0,0.0,0.0,False
636,0.007669276297473715,0.045614494571199704,0.14347156616473838,0.09018779529606497,0.0046192817775004835,0.0,0.0046192817775004835,0.0,0.0,1030.0,,,0.0,1030.0,2890.0,1860.0,0.0,0.0,1.0,1.0,True
637,0.005869011938902997,0.012978082547912002,0.0225481522524826,0.0037010577656675994,0.04348669516295228,0.0,0.04348669516295228,0.0,0.0,360.0,430.0,70.0,0.0,360.0,430.0,70.0,0.0,0.0,0.0,0.0,False
638,0.0031410299889884086,0.012196493105811501,0.013701166219454206,-0.0016363568753457042,0.023416127771720197,0.0,0.023416127771720197,0.0,0.0,200.0,210.0,10.0,0.0,200.0,210.0,10.0,0.0,0.0,0.0,0.0,False
639,0.006725998084090801,0.021118007817146817,0.027744579384083506,-9.942651715411088e-05,0.028575253211136076,0.0,0.028575253211136076,0.0,0.0,890.0,920.0,30.0,0.0,890.0,920.0,30.0,0.0,0.0,0.0,0.0,False
640,0.0025012522326036957,0.011502707195422207,0.014978617596021107,0.0009746581679952043,0.03764803138832096,0.0,0.03764803138832096,0.0,0.0,350.0,350.0,0.0,0.0,350.0,350.0,0.0,0.0,0.0,0.0,0.0,False
641,0.007576637907629802,0.029841711802712,0.0477919128655612,0.010373563155219395,0.017894500078669995,0.0,0.017894500078669995,0.0,0.0,700.0,,,0.0,700.0,3680.0,2980.0,0.0,0.0,1.0,1.0,True
642,0.007185470021858098,0.022064746857039602,0.035174101567701704,0.005923884688804004,0.011471456255443657,0.0,0.011471456255443657,0.0,0.0,960.0,1050.0,90.0,0.0,960.0,1050.0,90.0,0.0,0.0,0.0,0.0,False
643,0.02509081930272211,0.008964980808324224,0.039508727482230804,0.005452927371184468,0.0807908558403968,0.0,0.0807908558403968,0.0,0.0,1160.0,1390.0,230.0,0.0,1160.0,1390.0,230.0,0.0,0.0,0.0,0.0,False
644,0.002282835643836696,0.004288233002823598,0.0106146323939834,0.004043563747323106,0.017113040245899214,0.0,0.017113040245899214,0.0,0.0,130.0,160.0,30.0,0.0,130.0,160.0,30.0,0.0,0.0,0.0,0.0,False
645,0.00324144090405451,0.0027727754618441097,0.005888299922289106,-0.00012591644360951393,0.04408316426669434,0.0,0.04408316426669434,0.0,0.0,330.0,330.0,0.0,0.0,330.0,330.0,0.0,0.0,0.0,0.0,0.0,False
646,0.007443020526456803,0.010467132497098006,0.021888817490181095,0.003978664466626286,0.12485042666205448,0.0,0.12485042666205448,0.0,0.0,310.0,380.0,70.0,0.0,310.0,380.0,70.0,0.0,0.0,0.0,0.0,False
647,0.006117600361336101,0.0003567217625115998,0.006474322123847798,9.71445146547012e-17,0.0,0.0,0.0,0.0,0.0,30.0,30.0,0.0,0.0,30.0,30.0,0.0,0.0,0.0,0.0,0.0,False
648,0.007636106314106883,0.02487684793588829,0.1976135144452303,0.1651005601952351,0.021821266152011076,0.0,0.021821266152011076,0.0,0.0,1370.0,,,0.0,1370.0,3170.0,1800.0,0.0,0.0,1.0,1.0,True
649,0.004969362864799896,0.007849946556288095,0.018452233058414494,0.005632923637326502,0.058961211140899694,0.0,0.058961211140899694,0.0,0.0,240.0,320.0,80.0,0.0,240.0,320.0,80.0,0.0,0.0,0.0,0.0,False
650,0.009493660452308095,0.07706622534198126,0.13957504241164165,0.05301515661735229,0.009040836917164174,0.0,0.009040836917164174,0.0,0.0,,,,0.0,1030.0,1030.0,0.0,0.0,1.0,1.0,0.0,True
651,0.014999368434375104,0.0602678969664244,0.11875286535133148,0.04348559995053197,0.040331611702054126,0.0,0.040331611702054126,0.0,0.0,1250.0,830.0,-420.0,0.0,1250.0,830.0,-420.0,0.0,0.0,0.0,0.0,False
652,0.004365533099444402,0.00795519574353,0.011308657465098099,-0.001012071377876303,0.034119815545478605,0.0,0.034119815545478605,0.0,0.0,480.0,480.0,0.0,0.0,480.0,480.0,0.0,0.0,0.0,0.0,0.0,False
653,0.014918908873828074,0.05177630935571459,0.08512632421851368,0.01843110598897102,0.0402433648419771,0.0,0.0402433648419771,0.0,0.0,1330.0,1460.0,130.0,0.0,1330.0,1460.0,130.0,0.0,0.0,0.0,0.0,False
654,0.003039078209350503,0.0088279748218874,0.012416947320892803,0.0005498942896548994,0.03516652025510436,0.0,0.03516652025510436,0.0,0.0,330.0,340.0,10.0,0.0,330.0,340.0,10.0,0.0,0.0,0.0,0.0,False
655,0.005867794738982496,0.021113248316829203,0.027566514747415394,0.0005854716916036951,0.04140345367572096,-1.1102230246251565e-16,0.04140345367571907,-1.7763568394002505e-15,0.0,630.0,680.0,50.0,0.0,630.0,680.0,50.0,0.0,0.0,0.0,0.0,False
656,0.0016217629278141021,0.0036571349662990055,0.004612584963740507,-0.0006663129303726006,0.004207995477799986,0.0,0.004207995477799986,0.0,0.0,130.0,120.0,-10.0,0.0,130.0,120.0,-10.0,0.0,0.0,0.0,0.0,False
657,0.00837247435986932,0.035437397667936715,0.10438117972629299,0.060571307698486954,0.009222708888122266,0.0,0.009222708888122266,0.0,0.0,1190.0,,,0.0,1190.0,3070.0,1880.0,0.0,0.0,1.0,1.0,True
658,0.005497896652150499,0.0007743813673361001,0.0655311664646996,0.059258888445213,0.0688176391727075,0.0,0.0688176391727075,0.0,10.0,60.0,,,10.0,60.0,5750.0,5680.0,0.0,0.0,1.0,1.0,True
659,0.006058420842189716,0.016150579249679914,0.07047115801392731,0.04826215792205768,0.03868778432226194,0.0,0.03868778432226194,0.0,0.0,550.0,,,0.0,550.0,3840.0,3290.0,0.0,0.0,1.0,1.0,True
660,0.0005283047203820997,0.00015475362039060053,0.0008734585943554994,0.00019040025358279915,0.0162820698361444,0.0,0.0162820698361444,0.0,0.0,10.0,20.0,10.0,0.0,10.0,20.0,10.0,0.0,0.0,0.0,0.0,False
661,0.005425291573493085,0.027222754590503384,0.03278590027459258,0.00013785411059610841,0.014187132508137412,0.0,0.014187132508137412,0.0,0.0,880.0,790.0,-90.0,0.0,880.0,790.0,-90.0,0.0,0.0,0.0,0.0,False
662,0.00573352606915839,0.06828944837809159,0.0983752973524617,0.02435232290521172,0.0015939324287692624,0.0,0.0015939324287692624,0.0,10.0,1940.0,,,10.0,1940.0,2410.0,460.0,0.0,0.0,1.0,1.0,True
663,0.001986571903899099,0.0022147137873959003,0.004606126299750201,0.0004048406084552012,0.048678260490968406,0.0,0.048678260490968406,0.0,0.0,160.0,170.0,10.0,0.0,160.0,170.0,10.0,0.0,0.0,0.0,0.0,False
664,0.005532062438066698,0.038891844289727695,0.03599285624092169,-0.008431050486872704,0.011376199455859215,0.0,0.011376199455859215,0.0,0.0,930.0,900.0,-30.0,0.0,930.0,900.0,-30.0,0.0,0.0,0.0,0.0,False
665,0.012095298808918305,0.0090622369515009,0.09019048994854731,0.0690329541881281,0.15103405939450326,0.0,0.15103405939450326,0.0,0.0,320.0,,,0.0,320.0,4800.0,4480.0,0.0,0.0,1.0,1.0,True
666,0.017195239933449902,0.019234299259495505,0.0368835164729196,0.0004539772799741909,0.11165421778259055,0.0,0.11165421778259055,0.0,0.0,450.0,490.0,40.0,0.0,450.0,490.0,40.0,0.0,0.0,0.0,0.0,False
667,0.010021718692396597,0.03714074750900048,0.0821459410912126,0.03498347488981551,0.016127375997686544,0.0,0.016127375997686544,0.0,0.0,820.0,,,0.0,820.0,3470.0,2650.0,0.0,0.0,1.0,1.0,True
668,0.0027985330327850028,0.004363088941025703,0.007292913514585206,0.00013129154077450023,0.02963646678763232,0.0,0.02963646678763232,0.0,0.0,310.0,320.0,10.0,0.0,310.0,320.0,10.0,0.0,0.0,0.0,0.0,False
669,0.0011116802425579012,0.0007462900657915009,0.001857970308349298,-1.0408340855860843e-16,0.02809006505892042,0.0,0.02809006505892042,0.0,0.0,40.0,40.0,0.0,0.0,40.0,40.0,0.0,0.0,0.0,0.0,0.0,False
670,0.0034233322012513917,0.006373496242315202,0.012756012667760705,0.0029591842241941113,0.03398410391880052,0.0,0.03398410391880052,0.0,0.0,270.0,320.0,50.0,0.0,270.0,320.0,50.0,0.0,0.0,0.0,0.0,False
671,0.009030921106199297,0.0264720806290034,0.1040834701494687,0.068580468414266,0.047305096361612786,0.0,0.047305096361612786,0.0,0.0,900.0,,,0.0,900.0,4510.0,3610.0,0.0,0.0,1.0,1.0,True
672,0.014235480911784601,0.02989058331814562,0.32038060167590665,0.2762545374459764,0.10451038512746547,0.0,0.10451038512746547,0.0,0.0,560.0,,,0.0,560.0,4560.0,4000.0,0.0,0.0,1.0,1.0,True
673,0.004914759142466196,0.012425238886656587,0.015809690513640007,-0.001530307515482776,0.006022536325404615,0.0,0.006022536325404615,0.0,0.0,700.0,690.0,-10.0,0.0,700.0,690.0,-10.0,0.0,0.0,0.0,0.0,False
674,0.006879174691774903,0.02218406945637491,0.07225838817565591,0.0431951440275061,0.010839368538017036,0.0,0.010839368538017036,0.0,0.0,1340.0,,,0.0,1340.0,3190.0,1850.0,0.0,0.0,1.0,1.0,True
675,0.0008082326822255945,0.0025109715483663947,0.0033637856803885938,4.458144979660461e-05,0.005616495486968631,0.0,0.005616495486968631,0.0,0.0,110.0,110.0,0.0,0.0,110.0,110.0,0.0,0.0,0.0,0.0,0.0,False
676,0.006623284500390708,0.00963241797349991,0.014540938720569399,-0.001714763753321219,0.0595036710139063,0.0,0.0595036710139063,0.0,0.0,450.0,450.0,0.0,0.0,450.0,450.0,0.0,0.0,0.0,0.0,0.0,False
677,0.0103584945070785,0.020066191738394204,0.014734048069648412,-0.015690638175824292,0.04321819253946224,0.0,0.04321819253946224,0.0,0.0,500.0,500.0,0.0,0.0,500.0,500.0,0.0,0.0,0.0,0.0,0.0,False
678,0.018800904855472977,0.015056150496147475,0.11510374431430068,0.08124668896268022,0.07841866501541384,0.0,0.07841866501541384,0.0,0.0,1060.0,,,0.0,1060.0,3280.0,2220.0,0.0,0.0,1.0,1.0,True
679,0.0047809814538221085,0.016555425991853417,0.024396522712564095,0.003060115266888569,0.030135227209806548,0.0,0.030135227209806548,0.0,0.0,770.0,720.0,-50.0,0.0,770.0,720.0,-50.0,0.0,0.0,0.0,0.0,False
680,0.0050105876704621966,0.0040983480262929,0.060085744718920406,0.05097680902216531,0.027005023503425485,0.0,0.027005023503425485,0.0,0.0,200.0,,,0.0,200.0,5040.0,4840.0,0.0,0.0,1.0,1.0,True
681,0.0010526296902792984,0.002508280750470597,0.004004736373861596,0.0004438259331117009,0.009209901189379865,0.0,0.009209901189379865,0.0,0.0,120.0,130.0,10.0,0.0,120.0,130.0,10.0,0.0,0.0,0.0,0.0,False
682,0.01191457708766279,0.0230368719360083,0.023608299978045588,-0.0113431490456255,0.07531033226945272,0.0,0.07531033226945272,0.0,0.0,480.0,530.0,50.0,0.0,480.0,530.0,50.0,0.0,0.0,0.0,0.0,False
683,0.003993501888298903,0.006428812690137495,0.010104295210740605,-0.0003180193676957932,0.03637095268146018,0.0,0.03637095268146018,0.0,0.0,290.0,290.0,0.0,0.0,290.0,290.0,0.0,0.0,0.0,0.0,0.0,False
684,0.007473210128777413,0.050504865619340006,0.052755495683591114,-0.005222580064526305,0.035646046120028085,0.0,0.035646046120028085,0.0,0.0,830.0,600.0,-230.0,0.0,830.0,600.0,-230.0,0.0,0.0,0.0,0.0,False
685,0.0,0.0004967181775743998,0.0004967181775743998,0.0,0.0,0.0,0.0,0.0,0.0,30.0,30.0,0.0,0.0,30.0,30.0,0.0,0.0,0.0,0.0,0.0,False
686,0.0129272784541518,0.024805171078737795,0.027743975236198898,-0.009988474296690697,0.1019836582921414,-1.1102230246251565e-16,0.1019836582921414,1.1102230246251565e-16,0.0,520.0,600.0,80.0,0.0,520.0,600.0,80.0,0.0,0.0,0.0,0.0,False
687,0.002793972724352098,0.002309088794820398,0.004929014985267703,-0.00017404653390479252,0.04540921372851847,0.0,0.04540921372851847,0.0,0.0,140.0,140.0,0.0,0.0,140.0,140.0,0.0,0.0,0.0,0.0,0.0,False
688,0.0016935597671884003,0.0098417159398047,0.010719381036343394,-0.0008158946706497069,0.02684933659017541,0.0,0.02684933659017541,0.0,0.0,440.0,440.0,0.0,0.0,440.0,440.0,0.0,0.0,0.0,0.0,0.0,False
689,0.005713954050014597,0.015017501215605897,0.016324547620780894,-0.0044069076448396,0.07326393739203763,0.0,0.07326393739203763,0.0,0.0,480.0,500.0,20.0,0.0,480.0,500.0,20.0,0.0,0.0,0.0,0.0,False
690,0.006090468236998492,0.013386523396594699,0.017896576597971697,-0.0015804150356214935,0.024617808373576078,0.0,0.024617808373576078,0.0,0.0,420.0,420.0,0.0,0.0,420.0,420.0,0.0,0.0,0.0,0.0,0.0,False
691,0.0014129191569704908,0.009068666685364796,0.01201779362754879,0.001536207785213503,0.005220130056707573,0.0,0.005220130056707573,0.0,0.0,410.0,440.0,30.0,0.0,410.0,440.0,30.0,0.0,0.0,0.0,0.0,False
692,0.017316212666691297,0.016940917946684897,0.06419264182017541,0.029935511206799215,0.07718770919586726,0.0,0.07718770919586726,0.0,0.0,380.0,,,0.0,380.0,4310.0,3930.0,0.0,0.0,1.0,1.0,True
693,0.0011322367877752981,0.016084220548291797,0.0171006296371434,-0.0001158276989236956,0.007468190917441109,0.0,0.007468190917441109,0.0,0.0,570.0,580.0,10.0,0.0,570.0,580.0,10.0,0.0,0.0,0.0,0.0,False
694,0.0034319075247735975,0.009093534638942802,0.013273753759897797,0.0007483115961813974,0.01130385367865483,1.1102230246251565e-16,0.01130385367865483,-1.1102230246251565e-16,0.0,450.0,480.0,30.0,0.0,450.0,480.0,30.0,0.0,0.0,0.0,0.0,False
695,0.0049499388261566996,0.009475638365869996,0.0871415583946909,0.0727159812026642,0.008406361249278627,0.0,0.008406361249278627,0.0,0.0,340.0,,,0.0,340.0,4240.0,3900.0,0.0,0.0,1.0,1.0,True
696,0.0034228148129203002,8.511806118549972e-05,0.005511406189056298,0.0020034733149504984,0.11734808293986321,0.0,0.11734808293986321,0.0,0.0,10.0,100.0,90.0,0.0,10.0,100.0,90.0,0.0,0.0,0.0,0.0,False
697,0.004236632933419401,0.017441336214975192,0.024747844383310097,0.0030698752349155034,0.011452691833055806,0.0,0.011452691833055806,0.0,0.0,610.0,670.0,60.0,0.0,610.0,670.0,60.0,0.0,0.0,0.0,0.0,False
698,0.008773531236889592,0.027642374820193383,0.12038928011062988,0.0839733740535469,0.038729434064554424,0.0,0.038729434064554424,0.0,0.0,680.0,,,0.0,680.0,3980.0,3300.0,0.0,0.0,1.0,1.0,True
699,0.0061788492885212765,0.02047171533056008,0.08731241652255109,0.06066185190346973,0.019346961960978903,0.0,0.019346961960978903,0.0,0.0,580.0,,,0.0,580.0,3880.0,3300.0,0.0,0.0,1.0,1.0,True
700,0.005042370290683801,0.00897377628080831,0.017021263293613587,0.003005116722121476,0.01107014190991773,0.0,0.01107014190991773,0.0,10.0,720.0,720.0,-10.0,10.0,720.0,720.0,-10.0,0.0,0.0,0.0,0.0,False
701,0.004986027352835806,0.0180118156675214,0.0227092413814821,-0.00028860163887510504,0.020819427127998003,0.0,0.020819427127998003,0.0,0.0,550.0,560.0,10.0,0.0,550.0,560.0,10.0,0.0,0.0,0.0,0.0,False
702,0.008604401173377796,0.018246012310666,0.10333749442898381,0.07648708094494001,0.0396890959597182,0.0,0.0396890959597182,0.0,0.0,620.0,,,0.0,620.0,4560.0,3940.0,0.0,0.0,1.0,1.0,True
703,0.004266185574278089,0.007760643814341495,0.011522217789290995,-0.0005046115993285888,0.041462989647945814,0.0,0.041462989647945814,0.0,0.0,330.0,330.0,0.0,0.0,330.0,330.0,0.0,0.0,0.0,0.0,0.0,False
704,0.004053219826971301,0.0044380415798060055,0.011080366695125902,0.0025891052883485963,0.041860809548929734,0.0,0.041860809548929734,0.0,0.0,180.0,250.0,70.0,0.0,180.0,250.0,70.0,0.0,0.0,0.0,0.0,False
705,0.00985626527179409,0.004077384317902791,0.058792311782285195,0.044858662192588314,0.05953093861605668,0.0,0.05953093861605668,0.0,0.0,260.0,,,0.0,260.0,4820.0,4560.0,0.0,0.0,1.0,1.0,True
706,0.009965976143645805,0.008148686325639004,0.017184792841172095,-0.0009298696281127145,0.045317883298835404,0.0,0.045317883298835404,0.0,0.0,350.0,400.0,50.0,0.0,350.0,400.0,50.0,0.0,0.0,0.0,0.0,False
707,0.002325654265399303,0.006811745287899504,0.0562904282236275,0.047153028670328695,8.70324375418785e-05,0.0,8.70324375418785e-05,0.0,0.0,250.0,,,0.0,250.0,5200.0,4950.0,0.0,0.0,1.0,1.0,True
708,0.007638044590505988,0.02202824558184649,0.03858159454338109,0.00891530437102861,0.01738566393087526,0.0,0.01738566393087526,0.0,0.0,1000.0,950.0,-50.0,0.0,1000.0,950.0,-50.0,0.0,0.0,0.0,0.0,False
709,0.0084059732691205,0.020106879535819508,0.15452199865724842,0.12600914585230838,0.03796396731801022,0.0,0.03796396731801022,0.0,0.0,750.0,,,0.0,750.0,4240.0,3490.0,0.0,0.0,1.0,1.0,True
710,0.0009661673815028991,0.00046506366334849933,0.0015462765672848988,0.00011504552243350036,0.03217134631358698,0.0,0.03217134631358698,0.0,0.0,40.0,40.0,0.0,0.0,40.0,40.0,0.0,0.0,0.0,0.0,0.0,False
711,0.002308005658732397,0.0036768524240110984,0.007046618176730399,0.0010617600939869035,0.050158735972631596,0.0,0.050158735972631596,0.0,0.0,180.0,190.0,10.0,0.0,180.0,190.0,10.0,0.0,0.0,0.0,0.0,False
712,0.010015672588924204,0.010130693486073705,0.060992295038131,0.04084592896313309,0.054018702588435996,0.0,0.054018702588435996,0.0,0.0,370.0,,,0.0,370.0,4510.0,4140.0,0.0,0.0,1.0,1.0,True
713,0.0033772717681754966,0.006935087697044595,0.1300178997014687,0.11970554023624863,0.04280990788603045,0.0,0.04280990788603045,0.0,0.0,370.0,,,0.0,370.0,5590.0,5220.0,0.0,0.0,1.0,1.0,True
714,0.007296401538093994,0.03951344429895551,0.04490803875922189,-0.0019018070778276108,0.016194185968608776,0.0,0.016194185968608776,0.0,0.0,970.0,990.0,20.0,0.0,970.0,990.0,20.0,0.0,0.0,0.0,0.0,False
715,0.004930181940294098,0.007129372544720389,0.0884365565603093,0.07637700207529481,0.038798537696613455,0.0,0.038798537696613455,0.0,0.0,280.0,,,0.0,280.0,4870.0,4590.0,0.0,0.0,1.0,1.0,True
716,0.010274424739424207,0.011097160935101796,0.19063361846817134,0.16926203279364535,0.06343643578354519,0.0,0.06343643578354519,0.0,0.0,530.0,,,0.0,530.0,4430.0,3900.0,0.0,0.0,1.0,1.0,True
717,0.003914326913893609,0.0031246219467902098,0.0077147266965783,0.000675777835894481,0.021806432575401047,0.0,0.021806432575401047,0.0,0.0,140.0,160.0,20.0,0.0,140.0,160.0,20.0,0.0,0.0,0.0,0.0,False
718,0.012949952373733309,0.07830199328256127,0.1692650838779849,0.07801313822169031,0.019088548781461823,0.0,0.019088548781461823,0.0,0.0,1680.0,,,0.0,1680.0,2170.0,490.0,0.0,0.0,1.0,1.0,True
719,0.003761471325104293,0.015399884622428694,0.024595821193919176,0.005434465246386189,0.01796470283909979,0.0,0.01796470283909979,0.0,0.0,780.0,830.0,50.0,0.0,780.0,830.0,50.0,0.0,0.0,0.0,0.0,False
720,0.006085469405385603,0.0035025903548106044,0.011824284386694209,0.0022362246264980012,0.03782511351076584,0.0,0.03782511351076584,0.0,0.0,160.0,210.0,50.0,0.0,160.0,210.0,50.0,0.0,0.0,0.0,0.0,False
721,0.010297189664931289,0.02098828926406801,0.03320021729769071,0.00191473836869141,0.03612325027537777,0.0,0.03612325027537777,0.0,0.0,1560.0,1440.0,-120.0,0.0,1560.0,1440.0,-120.0,0.0,0.0,0.0,0.0,False
722,0.007002657838803099,0.0059435000770355975,0.0059741400906448,-0.006972017825193896,0.0920394880517389,-1.1102230246251565e-14,0.09203948805174578,1.7985612998927536e-14,0.0,180.0,230.0,50.0,0.0,180.0,230.0,50.0,0.0,0.0,0.0,0.0,False
723,0.0026773054352390996,0.016373022321421307,0.015654566321427504,-0.0033957614352329024,0.025545716964311405,0.0,0.025545716964311405,0.0,0.0,440.0,420.0,-20.0,0.0,440.0,420.0,-20.0,0.0,0.0,0.0,0.0,False
724,0.007847310721328098,0.007209779630989899,0.016311901360945097,0.0012548110086271005,0.1425413707345018,0.0,0.1425413707345018,0.0,0.0,240.0,300.0,60.0,0.0,240.0,300.0,60.0,0.0,0.0,0.0,0.0,False
725,0.003814573227353499,0.009302508354349898,0.012682947057051294,-0.00043413452465210223,0.03642367266787261,0.0,0.03642367266787261,0.0,0.0,330.0,340.0,10.0,0.0,330.0,340.0,10.0,0.0,0.0,0.0,0.0,False
726,0.004729718475232701,0.0006664658973649998,0.0069763713957346,0.001580187023136899,0.09887501210500091,0.0,0.09887501210500091,0.0,0.0,50.0,90.0,40.0,0.0,50.0,90.0,40.0,0.0,0.0,0.0,0.0,False
727,0.0073654938785994994,0.021582219024523897,0.02204175757821361,-0.006905955324909785,0.028941302289201998,0.0,0.028941302289201998,0.0,0.0,450.0,500.0,50.0,0.0,450.0,500.0,50.0,0.0,0.0,0.0,0.0,False
728,0.0095474692013231,0.044896840857385406,0.1898999799567956,0.1354556698980871,0.015476051471476238,0.0,0.015476051471476238,0.0,0.0,1490.0,,,0.0,1490.0,3120.0,1630.0,0.0,0.0,1.0,1.0,True
729,0.005476467144691993,0.007224613789570511,0.01331975430742191,0.0006186733731594063,0.019741260622276324,0.0,0.019741260622276324,0.0,0.0,570.0,620.0,50.0,0.0,570.0,620.0,50.0,0.0,0.0,0.0,0.0,False
730,0.004438381010511097,0.008303825012463899,0.13317752474167419,0.12043531871869917,0.06626746518364413,0.0,0.06626746518364413,0.0,0.0,350.0,,,0.0,350.0,5370.0,5020.0,0.0,0.0,1.0,1.0,True
731,0.012902296388827297,0.019348398424919394,0.017557103703854993,-0.014693591109891699,0.116395825044328,0.0,0.116395825044328,0.0,0.0,460.0,460.0,0.0,0.0,460.0,460.0,0.0,0.0,0.0,0.0,0.0,False
732,0.0028627838757237997,0.005324927030167299,0.008847993073292405,0.0006602821674013062,0.029699800121987308,0.0,0.029699800121987308,0.0,0.0,240.0,280.0,40.0,0.0,240.0,280.0,40.0,0.0,0.0,0.0,0.0,False
733,0.0037493066059281974,0.010333943694242696,0.009223589559138094,-0.004859660741032799,0.05268520076358846,0.0,0.05268520076358846,0.0,0.0,400.0,390.0,-10.0,0.0,400.0,390.0,-10.0,0.0,0.0,0.0,0.0,False
734,0.00934862993645691,0.05317030464475381,0.029225140262159888,-0.03329379431905083,0.0033543916271083773,0.0,0.0033543916271083773,0.0,0.0,1150.0,1270.0,120.0,0.0,1150.0,1270.0,120.0,0.0,0.0,0.0,0.0,False
735,0.004113323016631601,0.007459204267967909,0.01149480211178,-7.772517281950941e-05,0.014149312572860673,0.0,0.014149312572860673,0.0,0.0,280.0,330.0,50.0,0.0,280.0,330.0,50.0,0.0,0.0,0.0,0.0,False
736,0.008049157256125206,0.07832026336719561,0.09668626043714151,0.0103168398138207,0.0015148391249186766,0.0,0.0015148391249186766,0.0,0.0,,,,0.0,1290.0,1290.0,0.0,0.0,1.0,1.0,0.0,True
737,0.006106615843678609,0.004653260324366304,0.010433078078733699,-0.00032679808931121435,0.052948556907873034,0.0,0.052948556907873034,0.0,0.0,190.0,220.0,30.0,0.0,190.0,220.0,30.0,0.0,0.0,0.0,0.0,False
738,0.014178747394144181,0.0651564073669968,0.17620246273149637,0.09686730797035539,0.042719237940390564,0.0,0.042719237940390564,0.0,0.0,1170.0,,,0.0,1170.0,3070.0,1900.0,0.0,0.0,1.0,1.0,True
739,0.006720292899133,0.008917478197827199,0.022877624368742293,0.007239853271782094,0.04385203059995191,0.0,0.04385203059995191,0.0,0.0,300.0,390.0,90.0,0.0,300.0,390.0,90.0,0.0,0.0,0.0,0.0,False
740,0.0006385525957526977,0.004813620771699598,0.005965359764033298,0.000513186396581003,0.00736465387273072,0.0,0.00736465387273072,0.0,0.0,200.0,210.0,10.0,0.0,200.0,210.0,10.0,0.0,0.0,0.0,0.0,False
741,0.0032660477160815077,0.006555027573686201,0.0106405964544075,0.0008195211646397915,0.017669303306106887,0.0,0.017669303306106887,0.0,0.0,220.0,260.0,40.0,0.0,220.0,260.0,40.0,0.0,0.0,0.0,0.0,False
742,0.010431483944233905,0.01599980346394919,0.07977406914064131,0.05334278173245821,0.027734676444007844,0.0,0.027734676444007844,0.0,0.0,1020.0,,,0.0,1020.0,3320.0,2300.0,0.0,0.0,1.0,1.0,True
743,0.0061825111282894085,0.017613279695205708,0.021820895022490405,-0.0019748958010047113,0.01748849452076251,0.0,0.01748849452076251,0.0,0.0,1010.0,1010.0,0.0,0.0,1010.0,1010.0,0.0,0.0,0.0,0.0,0.0,False
744,0.018055807615657615,0.0470000322311033,0.0886217278168964,0.02356588797013548,0.05453760233783489,0.0,0.05453760233783489,0.0,0.0,1070.0,,,0.0,1070.0,3380.0,2310.0,0.0,0.0,1.0,1.0,True
745,0.009553987416058896,0.01912092524235509,0.1477731811700027,0.11909826851158872,0.018959996910094645,0.0,0.018959996910094645,0.0,0.0,860.0,,,0.0,860.0,3490.0,2630.0,0.0,0.0,1.0,1.0,True
746,0.006555310955045218,0.06586797021816068,0.1376968982643544,0.06527361709114851,0.0039299437534232595,0.0,0.0039299437534232595,0.0,0.0,1330.0,,,0.0,1330.0,3060.0,1730.0,0.0,0.0,1.0,1.0,True
747,0.00756926158484561,0.03835833507031369,0.09169208787592312,0.045764491220763814,0.024172433708639085,0.0,0.024172433708639085,0.0,0.0,1270.0,,,0.0,1270.0,3240.0,1970.0,0.0,0.0,1.0,1.0,True
748,0.0092145108153239,0.016941467237789,0.06896945476261959,0.04281347670950669,0.0461965376644739,0.0,0.0461965376644739,0.0,0.0,470.0,,,0.0,470.0,4450.0,3980.0,0.0,0.0,1.0,1.0,True
749,0.013276254624838599,0.020224847713688612,0.1176666930516581,0.08416559071313089,0.0692140196315374,0.0,0.0692140196315374,0.0,0.0,440.0,,,0.0,440.0,4130.0,3690.0,0.0,0.0,1.0,1.0,True
750,0.005092516282714302,0.018686307369561686,0.024570895508212495,0.0007920718559365075,0.020236959364758833,0.0,0.020236959364758833,0.0,0.0,650.0,650.0,0.0,0.0,650.0,650.0,0.0,0.0,0.0,0.0,0.0,False
751,0.003973016168008298,0.008949733527373105,0.012071618852270607,-0.000851130843110795,0.04168083794586297,0.0,0.04168083794586297,0.0,0.0,310.0,310.0,0.0,0.0,310.0,310.0,0.0,0.0,0.0,0.0,0.0,False
752,0.0033129792980015893,0.01997554867412521,0.015628246339593893,-0.007660281632532906,0.007360354684719628,0.0,0.007360354684719628,0.0,0.0,540.0,540.0,0.0,0.0,540.0,540.0,0.0,0.0,0.0,0.0,0.0,False
753,0.0030053010082287945,0.007173407189009898,0.009804698064670103,-0.00037401013256858906,0.02113017442288312,0.0,0.02113017442288312,0.0,0.0,210.0,210.0,0.0,0.0,210.0,210.0,0.0,0.0,0.0,0.0,0.0,False
754,0.009804067738874711,0.020132175245504202,0.07090837006932921,0.040972127084950294,0.03406673352860323,0.0,0.03406673352860323,0.0,0.0,970.0,,,0.0,970.0,3810.0,2840.0,0.0,0.0,1.0,1.0,True
755,0.0,0.008963141245976199,0.008963141245976199,0.0,0.0,0.0,0.0,0.0,0.0,260.0,260.0,0.0,0.0,260.0,260.0,0.0,0.0,0.0,0.0,0.0,False
756,0.004427328402251393,0.0220731898054468,0.0653594255032769,0.03885890729557871,0.007363551974038485,0.0,0.007363551974038485,0.0,0.0,630.0,,,0.0,630.0,3940.0,3310.0,0.0,0.0,1.0,1.0,True
757,0.0026520913940684954,0.009151012810264994,0.011046181468637992,-0.0007569227356954977,4.099347179264967e-06,0.0,4.099347179264967e-06,0.0,0.0,420.0,420.0,0.0,0.0,420.0,420.0,0.0,0.0,0.0,0.0,0.0,False
758,0.014170891191685991,0.1348317570918098,0.6773832119027179,0.528380563619222,0.04918907474247747,0.0,0.04918907474247747,0.0,0.0,1440.0,,,0.0,1440.0,2760.0,1320.0,0.0,0.0,1.0,1.0,True
759,0.008433220072908199,0.011517126319164073,0.017462141638438178,-0.0024882047536340934,0.007996404215208197,0.0,0.007996404215208197,0.0,0.0,1330.0,1330.0,0.0,0.0,1330.0,1330.0,0.0,0.0,0.0,0.0,0.0,False
760,0.012402587309520818,0.018501947658274814,0.019821672908620303,-0.01108286205917533,0.05068263558353503,0.0,0.05068263558353503,0.0,0.0,510.0,510.0,0.0,0.0,510.0,510.0,0.0,0.0,0.0,0.0,0.0,False
761,0.0050860901209047946,0.006405287698962994,0.063275498167703,0.051784120347835215,0.08348116679890022,0.0,0.08348116679890022,0.0,0.0,220.0,,,0.0,220.0,5480.0,5260.0,0.0,0.0,1.0,1.0,True
762,0.0027632983808268015,0.0018617413672805984,0.004373477876875299,-0.0002515618712321012,0.0638923065529956,0.0,0.0638923065529956,0.0,0.0,120.0,130.0,10.0,0.0,120.0,130.0,10.0,0.0,0.0,0.0,0.0,False
763,0.005347313333232101,0.031184129943222227,0.041538001347817405,0.005006558071363076,0.005412546912444638,0.0,0.005412546912444638,0.0,0.0,1150.0,1240.0,90.0,0.0,1150.0,1240.0,90.0,0.0,0.0,0.0,0.0,False
764,0.0043331593219533004,0.023663953986100106,0.06936445565571289,0.041367342347659486,0.00845050394540725,-2.1094237467877974e-15,0.008450503945407917,2.7755575615628914e-15,0.0,750.0,,,0.0,750.0,3810.0,3060.0,0.0,0.0,1.0,1.0,True
765,0.00873176115364832,0.04960394311785804,0.035728874427458424,-0.022606829844047938,0.016074459949141473,0.0,0.016074459949141473,0.0,0.0,1440.0,1330.0,-110.0,0.0,1440.0,1330.0,-110.0,0.0,0.0,0.0,0.0,False
766,0.010378038474987805,0.018818536603578018,0.11557630023966342,0.0863797251610976,0.031944918281566315,0.0,0.031944918281566315,0.0,0.0,560.0,,,0.0,560.0,4110.0,3550.0,0.0,0.0,1.0,1.0,True
767,0.0012174501354012962,0.0017711024535445943,0.0028932769022051996,-9.527568674069092e-05,0.02024008276227024,0.0,0.02024008276227024,0.0,0.0,80.0,80.0,0.0,0.0,80.0,80.0,0.0,0.0,0.0,0.0,0.0,False
768,0.008815136874204196,0.003716131471860798,0.014838806581962488,0.002307538235897494,0.12743955198827206,0.0,0.12743955198827206,0.0,0.0,160.0,190.0,30.0,0.0,160.0,190.0,30.0,0.0,0.0,0.0,0.0,False
769,0.002665550194379099,0.027041198447468495,0.017632817952474095,-0.0120739306893735,0.03356004859965017,0.0,0.03356004859965017,0.0,0.0,660.0,640.0,-20.0,0.0,660.0,640.0,-20.0,0.0,0.0,0.0,0.0,False
770,0.0021339324526788994,0.004288947914489104,0.061569132381551,0.055146252014382995,0.017902294430422405,0.0,0.017902294430422405,0.0,0.0,180.0,,,0.0,180.0,5230.0,5050.0,0.0,0.0,1.0,1.0,True
771,0.01687199105154638,0.0408924349543158,0.7647362682504519,0.7069718422445898,0.14243605133531168,0.0,0.14243605133531168,0.0,0.0,880.0,,,0.0,880.0,3760.0,2880.0,0.0,0.0,1.0,1.0,True
772,0.010596675194985417,0.024595302345897713,0.038538091856258117,0.0033461143153749873,0.024933272246904448,0.0,0.024933272246904448,0.0,0.0,690.0,750.0,60.0,0.0,690.0,750.0,60.0,0.0,0.0,0.0,0.0,False
773,0.004959127636555191,0.020272142393069098,0.0226714314831383,-0.00255983854648599,0.025654774304955608,0.0,0.025654774304955608,0.0,0.0,720.0,780.0,60.0,0.0,720.0,780.0,60.0,0.0,0.0,0.0,0.0,False
774,0.004113879509844695,0.0104433256194333,0.02040504940599011,0.005847844276712116,0.016040769973719393,0.0,0.016040769973719393,0.0,0.0,390.0,470.0,80.0,0.0,390.0,470.0,80.0,0.0,0.0,0.0,0.0,False
775,0.0080953727200615,0.021195173364954495,0.23570447487935428,0.20641392879433829,0.01149044255107301,0.0,0.01149044255107301,0.0,0.0,1130.0,,,0.0,1130.0,3740.0,2610.0,0.0,0.0,1.0,1.0,True
776,0.0049347206530829,0.0015824253808686024,0.06240277024314329,0.0558856242091918,0.06940957727318539,0.0,0.06940957727318539,0.0,0.0,80.0,,,0.0,80.0,5700.0,5620.0,0.0,0.0,1.0,1.0,True
777,0.0,0.003311526300411302,0.003311526300411302,0.0,0.0,0.0,0.0,0.0,0.0,100.0,100.0,0.0,0.0,100.0,100.0,0.0,0.0,0.0,0.0,0.0,False
778,0.005530283056282892,0.01219868642105748,0.011830373993828885,-0.005898595483511487,0.024693286303565376,0.0,0.024693286303565376,0.0,0.0,830.0,600.0,-230.0,0.0,830.0,600.0,-230.0,0.0,0.0,0.0,0.0,False
779,0.004307692820136794,0.02219531562049651,0.0375922671826652,0.011089258742031899,0.009234893086406792,0.0,0.009234893086406792,0.0,0.0,920.0,980.0,60.0,0.0,920.0,980.0,60.0,0.0,0.0,0.0,0.0,False
780,0.010570783038887102,0.01769128569998861,0.0925771969980387,0.06431512825916298,0.06336517711364409,0.0,0.06336517711364409,0.0,0.0,480.0,,,0.0,480.0,4590.0,4110.0,0.0,0.0,1.0,1.0,True
781,0.011249362505289906,0.027496026286642605,0.0348834927148593,-0.0038618960770732125,0.0690109433845233,0.0,0.0690109433845233,0.0,0.0,820.0,690.0,-130.0,0.0,820.0,690.0,-130.0,0.0,0.0,0.0,0.0,False
782,0.007249080823312909,0.020128892136345097,0.0332466378251199,0.005868664865461892,0.04425641848363221,0.0,0.0442564184836321,-1.1102230246251565e-16,0.0,570.0,610.0,40.0,0.0,570.0,610.0,40.0,0.0,0.0,0.0,0.0,False
783,0.011969121391547904,0.043038756433023406,0.03727607872595051,-0.0177317990986208,0.03892377774712119,0.0,0.03892377774712119,0.0,0.0,850.0,870.0,20.0,0.0,850.0,870.0,20.0,0.0,0.0,0.0,0.0,False
784,0.008836471636176707,0.013512961037761423,0.08512428442802372,0.06277485175408559,0.021699048214576022,0.0,0.021699048214576022,0.0,0.0,1000.0,,,0.0,1000.0,3440.0,2440.0,0.0,0.0,1.0,1.0,True
785,0.023804356251902914,0.062455009644600046,0.15866738285153092,0.07240801695502797,0.010632256000249307,0.0,0.010632256000249307,0.0,,,,,0.0,0.0,0.0,0.0,0.0,0.0,0.0,0.0,True
786,0.011390140195321502,0.04683415203747823,0.1542936748550053,0.09606938262220557,0.020476097149869754,0.0,0.020476097149869754,0.0,0.0,1240.0,,,0.0,1240.0,2880.0,1640.0,0.0,0.0,1.0,1.0,True
787,0.010944913034647397,0.025176262319188902,0.044062720422565704,0.007941545068729405,0.05754291093731867,0.0,0.05754291093731867,0.0,0.0,760.0,940.0,180.0,0.0,760.0,940.0,180.0,0.0,0.0,0.0,0.0,False
788,0.0062736714895419154,0.010945816970552302,0.017199564538961903,-1.9923921132314337e-05,0.020917618758758194,0.0,0.020917618758758194,0.0,0.0,480.0,490.0,10.0,0.0,480.0,490.0,10.0,0.0,0.0,0.0,0.0,False
789,0.0,0.002888912635921101,0.002888912635921101,0.0,0.0,0.0,0.0,0.0,0.0,130.0,130.0,0.0,0.0,130.0,130.0,0.0,0.0,0.0,0.0,0.0,False
790,0.0031142262975003,0.012784413139948103,0.013454079827609822,-0.0024445596098385813,0.003883706230171091,0.0,0.003883706230171091,0.0,0.0,620.0,630.0,10.0,0.0,620.0,630.0,10.0,0.0,0.0,0.0,0.0,False
791,0.009411322857128812,0.028294294743937687,0.05624678472382699,0.018541167122760494,0.018507846426201513,0.0,0.018507846426201513,0.0,0.0,1050.0,860.0,-190.0,0.0,1050.0,860.0,-190.0,0.0,0.0,0.0,0.0,False
792,0.013941075484192544,0.0997678024091887,0.6152217628332355,0.5015128849398542,0.017826115024515587,0.0,0.017826115024515587,0.0,0.0,1420.0,,,0.0,1420.0,2150.0,730.0,0.0,0.0,1.0,1.0,True
793,0.004388160409366501,0.014381910673583603,0.018694540898999412,-7.553018395069222e-05,0.030736989212620136,0.0,0.030736989212620136,0.0,0.0,530.0,540.0,10.0,0.0,530.0,540.0,10.0,0.0,0.0,0.0,0.0,False
794,0.0026767742341112996,0.0011428468667450016,0.004799399667543999,0.0009797785666876974,0.09581074199307144,0.0,0.09581074199307144,0.0,0.0,70.0,90.0,20.0,0.0,70.0,90.0,20.0,0.0,0.0,0.0,0.0,False
795,0.0017033434659028956,0.01181007057953179,0.013048201717692692,-0.00046521232774199284,0.0317173649676637,0.0,0.0317173649676637,0.0,0.0,410.0,410.0,0.0,0.0,410.0,410.0,0.0,0.0,0.0,0.0,0.0,False
796,0.00909338543965968,0.08023582721640718,0.132596653357248,0.04326744070118113,0.01395686258082074,0.0,0.01395686258082085,1.1102230246251565e-16,0.0,1420.0,,,0.0,1420.0,2740.0,1320.0,0.0,0.0,1.0,1.0,True
797,0.005797404083831906,0.014685343428979689,0.011148396106606298,-0.009334351406205296,0.03157454113992353,0.0,0.03157454113992353,0.0,0.0,560.0,500.0,-60.0,0.0,560.0,500.0,-60.0,0.0,0.0,0.0,0.0,False
798,0.015182118469129202,0.022102715837264808,0.069929448075215,0.032644613768820996,0.03147685734896144,0.0,0.03147685734896144,0.0,0.0,1250.0,,,0.0,1250.0,2350.0,1100.0,0.0,0.0,1.0,1.0,True
799,0.005380470522433206,0.015342458936177805,0.017302150240173397,-0.003420779218437614,0.04185868973336149,0.0,0.04185868973336149,0.0,0.0,460.0,430.0,-30.0,0.0,460.0,430.0,-30.0,0.0,0.0,0.0,0.0,False
800,0.004646411860685706,0.014186736420652796,0.018976349501927503,0.00014320122058900098,0.03032941822623958,0.0,0.03032941822623958,0.0,0.0,500.0,550.0,50.0,0.0,500.0,550.0,50.0,0.0,0.0,0.0,0.0,False
801,0.01412100383465742,0.03312093426704402,0.18314366903870222,0.13590173093700078,0.04135895385723698,0.0,0.04135895385723698,0.0,0.0,1160.0,,,0.0,1160.0,3380.0,2220.0,0.0,0.0,1.0,1.0,True
802,0.008226966266527108,0.024642675243241305,0.04348290598550429,0.010613264475735879,0.023159660804831672,0.0,0.023159660804831672,0.0,0.0,730.0,890.0,160.0,0.0,730.0,890.0,160.0,0.0,0.0,0.0,0.0,False
803,0.003015418380184702,0.0017955084542445043,0.0057637698263555,0.0009528429919262935,0.06371892923173433,0.0,0.06371892923173433,0.0,0.0,70.0,80.0,10.0,0.0,70.0,80.0,10.0,0.0,0.0,0.0,0.0,False
804,0.009759622886653191,0.0016720320806476174,0.07703692925261921,0.0656052742853184,0.026394804249741055,0.0,0.026394804249741055,0.0,0.0,710.0,,,0.0,710.0,3660.0,2950.0,0.0,0.0,1.0,1.0,True
805,0.0054488943377691,0.010711426957647305,0.016592667527964497,0.000432346232548092,0.04825168668954971,0.0,0.04825168668954971,0.0,0.0,460.0,490.0,30.0,0.0,460.0,490.0,30.0,0.0,0.0,0.0,0.0,False
806,0.013075643303824713,0.05080012656071761,0.1107351290712561,0.046859359206713774,0.09930628422620635,0.0,0.09930628422620635,0.0,0.0,920.0,,,0.0,920.0,4360.0,3440.0,0.0,0.0,1.0,1.0,True
807,0.002815301160030606,0.017243933321036006,0.025048493746982897,0.004989259265916285,0.029576542759541136,0.0,0.029576542759541136,0.0,0.0,450.0,440.0,-10.0,0.0,450.0,440.0,-10.0,0.0,0.0,0.0,0.0,False
808,0.010225354217615917,0.017969554709609703,0.08241826121512849,0.05422335228790287,0.028192715205758723,0.0,0.028192715205758723,0.0,0.0,670.0,,,0.0,670.0,3100.0,2430.0,0.0,0.0,1.0,1.0,True
809,0.007924202066929203,0.08228380119267689,0.20138017463494698,0.11117217137534088,0.02587489113247965,0.0,0.02587489113247965,0.0,0.0,1260.0,,,0.0,1260.0,3500.0,2240.0,0.0,0.0,1.0,1.0,True
810,0.011951428383288804,0.0366247507396041,0.1149666961780934,0.0663905170552005,0.021699234084037844,0.0,0.021699234084037844,0.0,0.0,840.0,,,0.0,840.0,4180.0,3340.0,0.0,0.0,1.0,1.0,True
811,0.00856648081327141,0.01831957019619121,0.024334427059964997,-0.0025516239494976223,0.04285870402416758,0.0,0.04285870402416758,0.0,10.0,560.0,590.0,20.0,10.0,560.0,590.0,20.0,0.0,0.0,0.0,0.0,False
812,0.010953075543399304,0.0219412760901313,0.15366738469637692,0.12077303306284631,0.02524101045640781,0.0,0.02524101045640781,0.0,0.0,1040.0,,,0.0,1040.0,3010.0,1970.0,0.0,0.0,1.0,1.0,True
813,0.013367375809107296,0.03705099886164209,0.12583363966500533,0.07541526499425594,0.07410287739167754,0.0,0.07410287739167754,0.0,0.0,860.0,,,0.0,860.0,4050.0,3190.0,0.0,0.0,1.0,1.0,True
814,0.0006824894081607982,0.005973872981970094,0.006593615736400098,-6.274665373079413e-05,0.011387591769560002,0.0,0.011387591769560002,0.0,0.0,220.0,220.0,0.0,0.0,220.0,220.0,0.0,0.0,0.0,0.0,0.0,False
815,0.008764310358042426,0.08736217800523771,0.04063120030027234,-0.0554952880630078,0.017029468112170543,0.0,0.017029468112170543,0.0,0.0,1520.0,1210.0,-310.0,0.0,1520.0,1210.0,-310.0,0.0,0.0,0.0,0.0,False
816,0.013555101454712518,0.0343245297933817,0.04374227461393672,-0.004137356634157499,0.055186279275128536,0.0,0.055186279275128536,0.0,0.0,590.0,850.0,260.0,0.0,590.0,850.0,260.0,0.0,0.0,0.0,0.0,False
817,0.008413459659765712,0.0340575128105519,0.13464002321235152,0.09216905074203392,0.030158593928039157,0.0,0.030158593928039157,0.0,0.0,950.0,,,0.0,950.0,3740.0,2790.0,0.0,0.0,1.0,1.0,True
818,0.014513342295968318,0.06378877747536241,0.2038561017978268,0.12555398202649606,0.06373231098437404,0.0,0.06373231098437404,0.0,0.0,1100.0,,,0.0,1100.0,3850.0,2750.0,0.0,0.0,1.0,1.0,True
819,0.010320232902793519,0.05084851442053842,0.041865699559045316,-0.019303047764286624,0.03061092771866014,0.0,0.03061092771866014,0.0,0.0,830.0,830.0,0.0,0.0,830.0,830.0,0.0,0.0,0.0,0.0,0.0,False
820,0.004490483756821789,0.019446576024269302,0.03348466001852339,0.0095476002374323,0.0,0.0,0.0,0.0,0.0,700.0,780.0,80.0,0.0,700.0,780.0,80.0,0.0,0.0,0.0,0.0,False
821,0.012445778725209244,0.013197199366545842,0.05003493251121299,0.024391954419457906,0.01586623526092168,0.0,0.01586623526092168,0.0,0.0,1460.0,,,0.0,1460.0,2100.0,640.0,0.0,0.0,1.0,1.0,True
822,0.008364645397486298,0.009426132188480707,0.0186551827664706,0.0008644051805035968,0.03316613391418266,0.0,0.03316613391418266,0.0,0.0,610.0,670.0,60.0,0.0,610.0,670.0,60.0,0.0,0.0,0.0,0.0,False
823,0.012744079363855909,0.024643587496187697,0.1058199292118249,0.06843226235178129,0.052272526042232814,0.0,0.052272526042232814,0.0,0.0,900.0,,,0.0,900.0,3360.0,2460.0,0.0,0.0,1.0,1.0,True
824,0.002153614679174104,0.0035238658925696997,0.006623588343793202,0.0009461077720493982,0.021731352112885793,0.0,0.021731352112885793,0.0,0.0,250.0,260.0,10.0,0.0,250.0,260.0,10.0,0.0,0.0,0.0,0.0,False
825,0.007599617257355196,0.040255107244822896,0.011969681717306196,-0.035885042784871896,0.00899069330086344,0.0,0.00899069330086344,0.0,0.0,1000.0,770.0,-230.0,0.0,1000.0,770.0,-230.0,0.0,0.0,0.0,0.0,False
826,0.014335858215118291,0.04485397536918617,0.08242145610539237,0.023231622521087902,0.019758488014417375,0.0,0.019758488014417375,0.0,0.0,1330.0,,,0.0,1330.0,2130.0,800.0,0.0,0.0,1.0,1.0,True
827,0.0016416279468641007,3.956974116170117e-05,0.0016811976880267004,8.98586760555986e-16,0.0369271457374373,0.0,0.0369271457374373,0.0,0.0,10.0,10.0,0.0,0.0,10.0,10.0,0.0,0.0,0.0,0.0,0.0,False
828,0.006606986825197808,0.03355779952267571,0.0407432751532138,0.0005784888053402826,0.02644329504241416,0.0,0.02644329504241416,0.0,0.0,970.0,790.0,-180.0,0.0,970.0,790.0,-180.0,0.0,0.0,0.0,0.0,False
829,0.009740022066356407,0.013204676164031204,0.0173167810349905,-0.005627917195397111,0.0792077682832868,0.0,0.0792077682832868,0.0,0.0,430.0,470.0,40.0,0.0,430.0,470.0,40.0,0.0,0.0,0.0,0.0,False
830,0.006713030708890566,0.04666924570006947,0.019807394464790573,-0.033574881944169466,0.004729000323430821,0.0,0.004729000323430821,0.0,0.0,1030.0,590.0,-440.0,0.0,1030.0,590.0,-440.0,0.0,0.0,0.0,0.0,False
831,0.0099571932571553,0.015332310249028314,0.1263521556330703,0.1010626521268867,0.021065117974695124,0.0,0.021065117974695124,0.0,0.0,510.0,,,0.0,510.0,3680.0,3170.0,0.0,0.0,1.0,1.0,True
832,0.00845387778508816,0.030766666518247776,0.1390173454286875,0.09979680112535155,0.013614191004389875,0.0,0.013614191004389875,0.0,0.0,1370.0,,,0.0,1370.0,2600.0,1230.0,0.0,0.0,1.0,1.0,True
833,0.002007974825931999,5.348681888449683e-05,0.0020614616448167977,3.0184188481996443e-16,0.036168792161970886,0.0,0.036168792161970886,0.0,0.0,0.0,0.0,0.0,0.0,0.0,0.0,0.0,0.0,0.0,0.0,0.0,False
834,0.0062993273093709945,0.020938720315268278,0.12273056886494649,0.09549252124030722,0.017977282930967453,0.0,0.017977282930967453,0.0,0.0,1120.0,,,0.0,1120.0,2480.0,1360.0,0.0,0.0,1.0,1.0,True
835,0.0051021315853554995,0.001467144958005498,0.008070844792256497,0.0015015682488954997,0.0639069481580524,0.0,0.0639069481580524,0.0,10.0,150.0,270.0,110.0,10.0,150.0,270.0,110.0,0.0,0.0,0.0,0.0,False
836,0.006684877105946008,0.006918644964925294,0.12402362690090439,0.11042010483003309,0.03161756534291005,0.0,0.03161756534291005,0.0,0.0,390.0,,,0.0,390.0,4060.0,3670.0,0.0,0.0,1.0,1.0,True
837,0.006761016885637294,0.0198624312584489,0.023530259581965113,-0.0030931885621210825,0.03697458428896977,0.0,0.03697458428896977,0.0,0.0,690.0,780.0,90.0,0.0,690.0,780.0,90.0,0.0,0.0,0.0,0.0,False
838,0.003708574729821501,0.009046344627684305,0.012420657069350388,-0.00033426228815541803,0.019010344155899972,0.0,0.019010344155899972,0.0,0.0,330.0,330.0,0.0,0.0,330.0,330.0,0.0,0.0,0.0,0.0,0.0,False
839,0.01955172677348871,0.042488732345829006,0.302038463379175,0.2399980042598573,0.027749008621484994,0.0,0.027749008621484994,0.0,0.0,1210.0,,,0.0,1210.0,2080.0,870.0,0.0,0.0,1.0,1.0,True
840,0.004718547862624406,0.011168722044101506,0.057735231328248204,0.04184796142152229,0.03363494851723481,0.0,0.03363494851723481,0.0,0.0,430.0,,,0.0,430.0,4590.0,4160.0,0.0,0.0,1.0,1.0,True
841,0.00454519620161381,0.021531519411802202,0.0973025023759813,0.07122578676256529,0.0216379845282757,0.0,0.0216379845282757,0.0,0.0,680.0,,,0.0,680.0,4660.0,3980.0,0.0,0.0,1.0,1.0,True
842,0.0,0.005115888892886895,0.005115888892886895,0.0,0.0,0.0,0.0,0.0,0.0,180.0,180.0,0.0,0.0,180.0,180.0,0.0,0.0,0.0,0.0,0.0,False
843,0.0026191106842496925,0.025089412453753512,0.02006297182566391,-0.007645551312339294,0.012506634661896943,0.0,0.012506634661896943,0.0,0.0,870.0,660.0,-210.0,0.0,870.0,660.0,-210.0,0.0,0.0,0.0,0.0,False
844,0.00880201367765962,0.03689690626015682,0.12441616755786802,0.07871724762005158,0.045288281361433036,0.0,0.045288281361433036,0.0,0.0,900.0,,,0.0,900.0,3710.0,2810.0,0.0,0.0,1.0,1.0,True
845,5.799505780650083e-05,0.010706361689058405,0.010764356746864906,0.0,1.4633310772227404e-05,0.0,1.4633310772227404e-05,0.0,0.0,300.0,300.0,0.0,0.0,300.0,300.0,0.0,0.0,0.0,0.0,0.0,False
846,0.0081569576738698,0.010487510714381393,0.026745061007003496,0.008100592618752303,0.01613620306308372,0.0,0.01613620306308372,0.0,0.0,460.0,540.0,80.0,0.0,460.0,540.0,80.0,0.0,0.0,0.0,0.0,False
847,0.007405283366810497,0.0033635726889996997,0.012770063040344212,0.0020012069845340152,0.046948323239123124,0.0,0.046948323239123124,0.0,0.0,510.0,540.0,30.0,0.0,510.0,540.0,30.0,0.0,0.0,0.0,0.0,False
848,0.016280905600518314,0.05307441239614008,0.35175823793521255,0.28240291993855415,0.029388957482538558,0.0,0.029388957482538558,0.0,0.0,1590.0,,,0.0,1590.0,2220.0,630.0,0.0,0.0,1.0,1.0,True
849,0.004151991418711497,0.004106779895115598,0.008741271386233297,0.00048250007240620285,0.046896543950506187,0.0,0.046896543950506187,0.0,0.0,170.0,190.0,20.0,0.0,170.0,190.0,20.0,0.0,0.0,0.0,0.0,False
850,0.009165284224468093,0.009286899727175696,0.0731033708687471,0.054651186917103314,0.056962807407032134,0.0,0.056962807407032134,0.0,0.0,370.0,,,0.0,370.0,4620.0,4250.0,0.0,0.0,1.0,1.0,True
851,0.00416368183516691,0.019280516393213404,0.034589376979934416,0.011145178751554102,0.0005307498775468655,0.0,0.0005307498775468655,0.0,0.0,650.0,340.0,-310.0,0.0,650.0,340.0,-310.0,0.0,0.0,0.0,0.0,False
852,0.0042058811148686995,0.0079028439207003,0.011916362349566001,-0.00019236268600299894,0.05068506937645739,0.0,0.05068506937645739,0.0,0.0,330.0,370.0,40.0,0.0,330.0,370.0,40.0,0.0,0.0,0.0,0.0,False
853,0.0021900571934873048,0.010231521403622601,0.012336053130249408,-8.552546686049767e-05,0.017649074947159726,0.0,0.017649074947159726,0.0,0.0,420.0,420.0,0.0,0.0,420.0,420.0,0.0,0.0,0.0,0.0,0.0,False
854,0.010818128438069494,0.017238108375686595,0.2298436482102063,0.2017874113964502,0.0707922744050048,0.0,0.0707922744050048,0.0,0.0,640.0,,,0.0,640.0,4680.0,4040.0,0.0,0.0,1.0,1.0,True
855,0.005148883836736104,0.027824131192826312,0.0673841434346795,0.03441112840511708,0.01958502153066971,0.0,0.01958502153066971,0.0,0.0,740.0,,,0.0,740.0,4190.0,3450.0,0.0,0.0,1.0,1.0,True
856,0.009020300089802202,0.0055629495282421,0.0671336961101261,0.05255044649208179,0.0970096699329911,0.0,0.0970096699329911,0.0,0.0,220.0,,,0.0,220.0,5010.0,4790.0,0.0,0.0,1.0,1.0,True
857,0.0040489672684781985,0.007909239455382494,0.05713920574149431,0.045180999017633616,0.022936468580332492,0.0,0.022936468580332492,0.0,0.0,240.0,,,0.0,240.0,4560.0,4320.0,0.0,0.0,1.0,1.0,True
858,0.008721689201183103,0.022215053183562705,0.021715920163604213,-0.009220822221141595,0.020382360137734867,0.0,0.020382360137734867,0.0,0.0,540.0,520.0,-20.0,0.0,540.0,520.0,-20.0,0.0,0.0,0.0,0.0,False
859,0.012460286133121001,0.03546578659287952,0.13444763094597512,0.08652155821997459,0.06066949589155346,0.0,0.06066949589155346,0.0,0.0,980.0,,,0.0,980.0,3700.0,2720.0,0.0,0.0,1.0,1.0,True
860,0.012028346733483908,0.011927405850815087,0.10488858080383309,0.0809328282195341,0.03537953263718585,0.0,0.03537953263718585,0.0,0.0,880.0,,,0.0,880.0,4050.0,3170.0,0.0,0.0,1.0,1.0,True
861,0.0029498555108626034,0.009361991638463199,0.011254406179909707,-0.0010574409694160958,0.02180695632000962,0.0,0.02180695632000962,0.0,0.0,300.0,300.0,0.0,0.0,300.0,300.0,0.0,0.0,0.0,0.0,0.0,False
862,0.003898080307727092,0.014301996986354204,0.01031179552803621,-0.007888281766045085,0.017893649534091338,0.0,0.017893649534091338,0.0,0.0,800.0,760.0,-40.0,0.0,800.0,760.0,-40.0,0.0,0.0,0.0,0.0,False
863,0.006270879454339309,0.00982522626841481,0.1219292226610183,0.10583311693826418,0.029075167440399396,0.0,0.029075167440399396,0.0,0.0,430.0,,,0.0,430.0,4480.0,4050.0,0.0,0.0,1.0,1.0,True
864,0.0024061918990778003,0.004102480144380201,0.008262879202144496,0.0017542071586864952,0.03103891880158982,0.0,0.03103891880158982,0.0,0.0,180.0,230.0,50.0,0.0,180.0,230.0,50.0,0.0,0.0,0.0,0.0,False
865,0.011745194396419897,0.013078848573854204,0.023273959561546098,-0.0015500834087280035,0.0818137789332552,0.0,0.0818137789332552,0.0,0.0,430.0,450.0,20.0,0.0,430.0,450.0,20.0,0.0,0.0,0.0,0.0,False
866,0.010818348893862018,0.005773687470811112,0.08601394768259812,0.069421911317925,0.07582165100865335,0.0,0.07582165100865335,0.0,0.0,470.0,,,0.0,470.0,4230.0,3760.0,0.0,0.0,1.0,1.0,True
867,0.0028106334437063007,0.01590212994335359,0.009481046847336999,-0.009231716539722892,0.032808348622723194,0.0,0.032808348622723194,0.0,0.0,470.0,450.0,-20.0,0.0,470.0,450.0,-20.0,0.0,0.0,0.0,0.0,False
868,0.002548254663145698,0.0001346325502921998,0.0029601410688347984,0.00027725385539690076,0.0655812310281389,0.0,0.0655812310281389,0.0,0.0,20.0,30.0,10.0,0.0,20.0,30.0,10.0,0.0,0.0,0.0,0.0,False
869,0.00660691803609309,0.042783981133585725,0.049223162081137306,-0.0001677370885415086,0.0014949385928132441,0.0,0.0014949385928132441,0.0,0.0,1490.0,,,0.0,1490.0,1700.0,210.0,0.0,0.0,1.0,1.0,True
870,0.017662301612845654,0.09731722035795215,0.2109106089292041,0.0959310869584063,0.1749331836150746,0.0,0.1749331836150746,0.0,0.0,1710.0,,,0.0,1710.0,2230.0,520.0,0.0,0.0,1.0,1.0,True
871,0.0015234308545024888,0.010377741636094895,0.0115843760894314,-0.0003167964011659835,0.00915424372690965,0.0,0.00915424372690965,0.0,0.0,470.0,480.0,10.0,0.0,470.0,480.0,10.0,0.0,0.0,0.0,0.0,False
872,0.0038683611378463045,0.027937474937936316,0.0395409489090945,0.00773511283331188,0.015253814590873715,0.0,0.015253814590873715,0.0,0.0,780.0,810.0,30.0,0.0,780.0,810.0,30.0,0.0,0.0,0.0,0.0,False
873,0.0022302597319922984,0.010424721757004193,0.012299234536167297,-0.00035574695282919455,0.02792192765719248,0.0,0.02792192765719248,0.0,0.0,370.0,370.0,0.0,0.0,370.0,370.0,0.0,0.0,0.0,0.0,0.0,False
874,0.002995380724152605,0.0059929769111808015,0.011664025622963196,0.00267566798762979,0.03020499051350689,0.0,0.03020499051350689,0.0,0.0,260.0,320.0,60.0,0.0,260.0,320.0,60.0,0.0,0.0,0.0,0.0,False
875,0.004563468492977396,0.041605077114842376,0.1758870325985861,0.12971848699076632,0.013749637266791126,0.0,0.013749637266791126,0.0,0.0,1080.0,,,0.0,1080.0,3790.0,2710.0,0.0,0.0,1.0,1.0,True
876,0.009189653237739237,0.05924224062085959,0.10247308133319383,0.034041187474595,0.005204023706691152,0.0,0.005204023706691152,0.0,0.0,1540.0,1160.0,-380.0,0.0,1540.0,1160.0,-380.0,0.0,0.0,0.0,0.0,False
877,0.012306598124819906,0.03714356297912361,0.0449310522590001,-0.004519108844943415,0.054735727700374937,0.0,0.054735727700374937,0.0,0.0,1250.0,1310.0,60.0,0.0,1250.0,1310.0,60.0,0.0,0.0,0.0,0.0,False
878,0.002067780404695199,0.018783041464774206,0.020313909290898505,-0.0005369125785709,0.030937093755635137,0.0,0.030937093755635137,0.0,0.0,400.0,400.0,0.0,0.0,400.0,400.0,0.0,0.0,0.0,0.0,0.0,False
879,0.013520988043547982,0.0562609468021569,0.10174341070389328,0.0319614758581884,0.025873505432633337,0.0,0.025873505432633337,0.0,0.0,1500.0,840.0,-660.0,0.0,1500.0,840.0,-660.0,0.0,0.0,0.0,0.0,False
880,0.009486119987001898,0.008716335738271103,0.021064691656313694,0.0028622359310406936,0.04627919079293957,0.0,0.04627919079293957,0.0,0.0,320.0,430.0,110.0,0.0,320.0,430.0,110.0,0.0,0.0,0.0,0.0,False
881,0.0036967003695767,0.013865931082966007,0.0150260323193325,-0.0025365991332102072,0.02129173514980498,0.0,0.02129173514980498,0.0,0.0,530.0,550.0,20.0,0.0,530.0,550.0,20.0,0.0,0.0,0.0,0.0,False
882,0.008781128207290295,0.005707141373301694,0.013191884340487695,-0.0012963852401042947,0.04055527772286294,0.0,0.04055527772286294,0.0,0.0,330.0,330.0,0.0,0.0,330.0,330.0,0.0,0.0,0.0,0.0,0.0,False
883,0.0016182026412173978,0.026970308518953684,0.031104875976074087,0.002516364815903005,0.003680358352281421,-8.881784197001252e-16,0.0036803583522788674,-1.6653345369377348e-15,0.0,890.0,780.0,-110.0,0.0,890.0,780.0,-110.0,0.0,0.0,0.0,0.0,False
884,0.004954224164151366,0.1008890350029964,0.1636118037035202,0.057768544536372424,0.007962706260481456,0.0,0.007962706260481456,0.0,0.0,,1330.0,,0.0,1670.0,1330.0,-340.0,0.0,1.0,0.0,-1.0,True
885,4.890106650590198e-05,0.008220536927069505,0.008298668989112204,2.9230995536796978e-05,0.00021446664688284933,0.0,0.00021446664688284933,0.0,0.0,360.0,360.0,0.0,0.0,360.0,360.0,0.0,0.0,0.0,0.0,0.0,False
886,0.005796325343768102,0.01570200373847641,0.0184560818954487,-0.003042247186795813,0.05758706065802155,-1.1102230246251565e-16,0.05758706065802155,1.1102230246251565e-16,0.0,520.0,520.0,0.0,0.0,520.0,520.0,0.0,0.0,0.0,0.0,0.0,False
887,0.009980440761393372,0.03434533740969531,0.056230549999519486,0.011904771828430805,0.006148997572855808,0.0,0.006148997572855808,0.0,0.0,1320.0,,,0.0,1320.0,2160.0,840.0,0.0,0.0,1.0,1.0,True
888,0.0017023618665348017,0.020545625403941004,0.025901700870216704,0.0036537135997408987,0.0077795444615900156,0.0,0.0077795444615900156,0.0,0.0,850.0,840.0,-10.0,0.0,850.0,840.0,-10.0,0.0,0.0,0.0,0.0,False
889,0.0055300279378698025,0.011226176613978206,0.020541403150206194,0.003785198598358186,0.06681820020499968,5.551115123125783e-17,0.06681820020499968,-5.551115123125783e-17,0.0,450.0,540.0,90.0,0.0,450.0,540.0,90.0,0.0,0.0,0.0,0.0,False
890,0.007260683675354707,0.0637321228974948,0.09368929284059707,0.022696486267747562,0.0274832215731734,0.0,0.0274832215731734,0.0,0.0,1470.0,,,0.0,1470.0,2270.0,800.0,0.0,0.0,1.0,1.0,True
891,0.005551818384421495,0.012394962387239195,0.0592819009675592,0.04133512019589851,0.022272378917475022,1.3970479217917386e-09,0.022272376885267064,-3.4292558792614614e-09,0.0,250.0,,,0.0,250.0,4820.0,4570.0,0.0,0.0,1.0,1.0,True
892,0.0052457857984493095,0.01527704094088661,0.08901463407461518,0.06849180733527926,0.00976292591223027,0.0,0.00976292591223027,0.0,0.0,640.0,,,0.0,640.0,3390.0,2750.0,0.0,0.0,1.0,1.0,True
893,0.012555372989658198,0.020807088015296904,0.14421065433600783,0.11084819333105272,0.02966127878816871,0.0,0.02966127878816871,0.0,0.0,1050.0,,,0.0,1050.0,2710.0,1660.0,0.0,0.0,1.0,1.0,True
894,0.0078941079227514,0.016934544951182795,0.023896028315570403,-0.0009326245583637927,0.05148972159190496,0.0,0.05148972159190496,0.0,0.0,480.0,500.0,20.0,0.0,480.0,500.0,20.0,0.0,0.0,0.0,0.0,False
895,0.009338620077899304,0.00680200797391331,0.017161652901360708,0.001021024849548094,0.11948353076694174,1.7477130853649214e-12,0.11948353076642748,-2.261968390371294e-12,0.0,230.0,250.0,20.0,0.0,230.0,250.0,20.0,0.0,0.0,0.0,0.0,False
896,0.013620568691848994,0.008924929906232199,0.123920900858703,0.1013754022606218,0.056635004673486034,0.0,0.056635004673486034,0.0,0.0,480.0,,,0.0,480.0,4470.0,3990.0,0.0,0.0,1.0,1.0,True
897,0.010254579160260485,0.03153281294942689,0.15656765185437438,0.114780259744687,0.04845833706765612,0.0,0.04845833706765612,0.0,0.0,870.0,,,0.0,870.0,3630.0,2760.0,0.0,0.0,1.0,1.0,True
898,0.0034638742672068942,0.017712987374832193,0.019081451486227904,-0.0020954101558111823,0.0539951576739966,0.0,0.0539951576739966,0.0,0.0,510.0,510.0,0.0,0.0,510.0,510.0,0.0,0.0,0.0,0.0,0.0,False
899,0.0032929409018850053,0.017423312347761316,0.041275094921319616,0.020558841671673295,3.1233123575002963e-05,0.0,3.1233123575002963e-05,0.0,0.0,730.0,530.0,-200.0,0.0,730.0,530.0,-200.0,0.0,0.0,0.0,0.0,False
900,0.006989862040976506,0.0008140070438173025,0.009105944545160505,0.001302075460366696,0.08469348127311499,0.0,0.08469348127311499,0.0,0.0,50.0,50.0,0.0,0.0,50.0,50.0,0.0,0.0,0.0,0.0,0.0,False
901,0.0007290027697211959,0.043487451700185684,0.032231968802625396,-0.011984485667281483,0.005025243371122201,0.0,0.005025243371122201,0.0,0.0,940.0,780.0,-160.0,0.0,940.0,780.0,-160.0,0.0,0.0,0.0,0.0,False
902,0.005126123047119485,0.01656386700200299,0.015584474506516288,-0.006105515542606188,0.017098934634243612,0.0,0.017098934634243612,0.0,0.0,600.0,640.0,40.0,0.0,600.0,640.0,40.0,0.0,0.0,0.0,0.0,False
903,0.006586160471958702,0.067816190681108,0.09555923511016001,0.02115688395709331,0.011622386539431151,0.0,0.011622386539431151,0.0,0.0,1290.0,,,0.0,1290.0,2290.0,1000.0,0.0,0.0,1.0,1.0,True
904,0.001302116801716005,0.006782792375725807,0.008002378255071801,-8.253092237001103e-05,0.00794230353014691,0.0,0.00794230353014691,0.0,0.0,240.0,240.0,0.0,0.0,240.0,240.0,0.0,0.0,0.0,0.0,0.0,False
905,0.014326793152111494,0.032681415953591,0.0921182067357145,0.045109997630012,0.06683019147310443,0.0,0.06683019147310443,0.0,0.0,900.0,,,0.0,900.0,3960.0,3060.0,0.0,0.0,1.0,1.0,True
906,0.009587179480119806,0.026307792565480492,0.255826256536543,0.2199312844909427,0.026456633578318844,0.0,0.026456633578318844,0.0,0.0,810.0,,,0.0,810.0,3850.0,3040.0,0.0,0.0,1.0,1.0,True
907,0.0014720882377839,0.0006517917251457998,0.0023411230267077997,0.00021724306377809977,0.03250788258765169,0.0,0.03250788258765169,0.0,0.0,40.0,40.0,0.0,0.0,40.0,40.0,0.0,0.0,0.0,0.0,0.0,False
908,0.012034606450241,0.019230394599191,0.041487076655290084,0.010222075605858083,0.06046139291299868,0.0,0.06046139291299868,0.0,0.0,590.0,730.0,140.0,0.0,590.0,730.0,140.0,0.0,0.0,0.0,0.0,False
909,0.008694278011854406,0.010696255549954209,0.11458082731675731,0.0951902937549487,0.050854987224541626,0.0,0.050854987224541626,0.0,0.0,660.0,,,0.0,660.0,4540.0,3880.0,0.0,0.0,1.0,1.0,True
910,0.0053387357691244,0.015683022064505392,0.023925457212049597,0.002903699378419805,0.03094799661032288,0.0,0.03094799661032288,0.0,0.0,370.0,430.0,60.0,0.0,370.0,430.0,60.0,0.0,0.0,0.0,0.0,False
911,0.005395040865563999,0.017840082027266196,0.0243197277381261,0.0010846048452959056,0.02794548937422342,0.0,0.02794548937422342,0.0,0.0,600.0,650.0,50.0,0.0,600.0,650.0,50.0,0.0,0.0,0.0,0.0,False
912,0.011250424333803688,0.07967894795232688,0.1309634002776292,0.04003402799149863,0.020031618588026046,0.0,0.020031618588026046,0.0,0.0,1740.0,,,0.0,1740.0,2030.0,290.0,0.0,0.0,1.0,1.0,True
913,0.0,0.0014975601923067003,0.0014975601923067003,0.0,0.0,0.0,0.0,0.0,0.0,110.0,110.0,0.0,0.0,110.0,110.0,0.0,0.0,0.0,0.0,0.0,False
914,0.014296441621565098,0.033592224695787515,0.19161731581730093,0.14372864949994832,0.05907253423937847,0.0,0.05907253423937847,0.0,0.0,860.0,,,0.0,860.0,3900.0,3040.0,0.0,0.0,1.0,1.0,True
915,0.005963813684181599,0.013612895154759191,0.019616793770582494,4.0084931641704014e-05,0.028755387071556116,0.0,0.028755387071556116,0.0,0.0,420.0,450.0,30.0,0.0,420.0,450.0,30.0,0.0,0.0,0.0,0.0,False
916,0.004401711149359194,0.019240817084852896,0.025720207838640513,0.002077679604428423,0.010462913582028,1.3209433546990113e-12,0.010462913582045541,-1.3034018309099338e-12,0.0,670.0,690.0,20.0,0.0,670.0,690.0,20.0,0.0,0.0,0.0,0.0,False
917,0.0043850447606086085,0.028297083792800992,0.1079389551680365,0.0752568266146269,0.004615665418377102,0.0,0.004615665418377102,0.0,0.0,1040.0,,,0.0,1040.0,3580.0,2540.0,0.0,0.0,1.0,1.0,True
918,0.005770264183791507,0.022955855640759304,0.15484958256752812,0.1261234627429773,0.004899495177630997,-4.1389114358025836e-13,0.004899495176467372,-7.497336085293682e-13,0.0,840.0,,,0.0,840.0,3560.0,2720.0,0.0,0.0,1.0,1.0,True
919,0.0032732711015957955,0.018266367424848495,0.0227032374058362,0.0011635988793919083,0.024035183979773,0.0,0.024035183979773,0.0,0.0,660.0,680.0,20.0,0.0,660.0,680.0,20.0,0.0,0.0,0.0,0.0,False
920,0.0046170091643567,0.08453902297725596,0.09362805364437998,0.0044720215027673205,0.003474963515225138,0.0,0.003474963515225138,0.0,0.0,,,,0.0,1170.0,1170.0,0.0,0.0,1.0,1.0,0.0,True
921,0.006830888145109015,0.014485634914045503,0.022714434255190014,0.001397911196035495,0.005076831203538079,0.0,0.005076831203538079,0.0,0.0,670.0,730.0,60.0,0.0,670.0,730.0,60.0,0.0,0.0,0.0,0.0,False
922,0.006307538562128512,0.0226567811219458,0.034022523805548904,0.005058204121474591,0.049173198215425096,0.0,0.049173198215425096,0.0,0.0,730.0,690.0,-40.0,0.0,730.0,690.0,-40.0,0.0,0.0,0.0,0.0,False
923,0.01059635351809013,0.10273234234876344,0.0672316750293136,-0.04609702083753997,0.017519508289268293,0.0,0.017519508289268293,0.0,0.0,,1540.0,,0.0,1800.0,1540.0,-260.0,0.0,1.0,0.0,-1.0,True
924,0.009735271855535993,0.030885237328016596,0.035351114486830704,-0.005269394696721885,0.028823248581208494,0.0,0.028823248581208494,0.0,0.0,970.0,1000.0,30.0,0.0,970.0,1000.0,30.0,0.0,0.0,0.0,0.0,False
925,0.0001778867449131888,0.012974839645309488,0.0129571597848131,-0.00019556660540957782,0.0,0.0,0.0,0.0,0.0,480.0,480.0,0.0,0.0,480.0,480.0,0.0,0.0,0.0,0.0,0.0,False
926,0.010137578057984209,0.01863468156291731,0.1376077410182196,0.10883548139731808,0.0077620567146822195,0.0,0.0077620567146822195,0.0,0.0,1600.0,,,0.0,1600.0,1930.0,330.0,0.0,0.0,1.0,1.0,True
927,0.0022681408812748986,0.0030846557441330975,0.0631632237425374,0.0578104271171294,0.053646535311396376,0.0,0.053646535311396376,0.0,0.0,150.0,,,0.0,150.0,5570.0,5420.0,0.0,0.0,1.0,1.0,True
928,0.006416053826704696,0.016489043644157986,0.02240452624703801,-0.0005005712238246723,0.03301153344637586,0.0,0.03301153344637586,0.0,0.0,530.0,520.0,-10.0,0.0,530.0,520.0,-10.0,0.0,0.0,0.0,0.0,False
929,0.0026173019394074015,0.005423448721169302,0.0096477898744474,0.0016070392138706965,0.05004566718879161,0.0,0.05004566718879161,0.0,0.0,220.0,250.0,30.0,0.0,220.0,250.0,30.0,0.0,0.0,0.0,0.0,False
930,0.0006143066178282974,8.504383333639981e-05,0.0006993504511646972,0.0,0.0006258487765831156,0.0,0.0006258487765831156,0.0,0.0,0.0,0.0,0.0,0.0,0.0,0.0,0.0,0.0,0.0,0.0,0.0,False
931,0.0051938914842477035,0.0020102620717522973,0.0068109430981631025,-0.00039321045783689834,0.04545824389558695,1.0406120409811592e-12,0.04545824404126775,1.4464018871507278e-10,0.0,160.0,160.0,0.0,0.0,160.0,160.0,0.0,0.0,0.0,0.0,0.0,False
932,0.00986829395772,0.033399439125482905,0.18721683779818418,0.14394910471498126,0.04798428763885032,0.0,0.04798428763885032,0.0,0.0,760.0,,,0.0,760.0,4350.0,3590.0,0.0,0.0,1.0,1.0,True
933,0.004118685117720705,0.013734082521363405,0.021739017493716206,0.0038862498546320956,0.04986167573886069,0.0,0.04986167573886069,0.0,0.0,470.0,440.0,-30.0,0.0,470.0,440.0,-30.0,0.0,0.0,0.0,0.0,False
934,0.0,0.012069393791291905,0.012069393791291905,0.0,0.0,0.0,0.0,0.0,0.0,250.0,250.0,0.0,0.0,250.0,250.0,0.0,0.0,0.0,0.0,0.0,False
935,0.012077769119505588,0.025279192247643884,0.03665407488754449,-0.0007028864796049805,0.024984258980974117,0.0,0.024984258980974117,0.0,0.0,890.0,940.0,50.0,0.0,890.0,940.0,50.0,0.0,0.0,0.0,0.0,False
936,0.0026667727514363,0.007706856445438601,0.010025217038785297,-0.00034841215808960324,0.01280227930978417,0.0,0.01280227930978417,0.0,0.0,400.0,400.0,0.0,0.0,400.0,400.0,0.0,0.0,0.0,0.0,0.0,False
937,0.00993842353276142,0.017840054391534604,0.02236077758426913,-0.005417700340026893,0.02043048609242637,0.0,0.02043048609242637,0.0,0.0,1010.0,1030.0,20.0,0.0,1010.0,1030.0,20.0,0.0,0.0,0.0,0.0,False
938,0.0069980112740208045,0.006976392870529896,0.020401585219266605,0.006427181074715904,0.03608165783488282,0.0,0.03608165783488282,0.0,0.0,650.0,760.0,110.0,0.0,650.0,760.0,110.0,0.0,0.0,0.0,0.0,False
939,0.003832924367865101,0.004512266472664499,0.004085100857068501,-0.004260089983461099,0.058633415835319946,0.0,0.058633415835319946,0.0,0.0,130.0,120.0,-10.0,0.0,130.0,120.0,-10.0,0.0,0.0,0.0,0.0,False
940,0.005980187511450699,0.018376578553384496,0.01950878851823909,-0.004847977546596105,0.04973696038715969,0.0,0.04973696038715969,0.0,0.0,560.0,550.0,-10.0,0.0,560.0,550.0,-10.0,0.0,0.0,0.0,0.0,False
941,0.006864775928433708,0.023121800416353505,0.061835783530811095,0.03184920718602388,0.01296143504581082,0.0,0.01296143504581082,0.0,0.0,1050.0,,,0.0,1050.0,3210.0,2160.0,0.0,0.0,1.0,1.0,True
942,0.004179958699376901,0.0067875990942873055,0.008380534871674297,-0.0025870229219899094,0.05995295532928768,0.0,0.05995295532928768,0.0,0.0,220.0,220.0,0.0,0.0,220.0,220.0,0.0,0.0,0.0,0.0,0.0,False
943,0.0010751765398862023,0.0024442411141664955,0.003342769799199702,-0.00017664785485299594,0.014215236576064605,0.0,0.014215236576064605,0.0,0.0,200.0,200.0,0.0,0.0,200.0,200.0,0.0,0.0,0.0,0.0,0.0,False
944,0.0014424840275499978,0.001352268694004198,0.0038542486745502987,0.0010594959529961027,0.025183594251823482,0.0,0.025183594251823482,0.0,0.0,80.0,100.0,20.0,0.0,80.0,100.0,20.0,0.0,0.0,0.0,0.0,False
945,0.010463451261480697,0.021803490463324804,0.1084522011702655,0.07618525944546,0.059573788098818414,0.0,0.059573788098818414,0.0,0.0,660.0,,,0.0,660.0,4700.0,4040.0,0.0,0.0,1.0,1.0,True
946,0.004193960493138499,0.012552430252388003,0.0148835046759061,-0.0018628860696204008,0.028065349620896796,0.0,0.028065349620896796,0.0,0.0,460.0,460.0,0.0,0.0,460.0,460.0,0.0,0.0,0.0,0.0,0.0,False
947,0.003748431009332996,0.006627078730096096,0.2012713694336166,0.1908958596941875,0.04162968912234,0.0,0.04162968912234,0.0,0.0,180.0,,,0.0,180.0,5470.0,5290.0,0.0,0.0,1.0,1.0,True
948,0.00868789148380611,0.006446723379757005,0.016899483989715705,0.0017648691261525906,0.04680558944445656,0.0,0.04680558944445656,0.0,0.0,560.0,680.0,120.0,0.0,560.0,680.0,120.0,0.0,0.0,0.0,0.0,False
949,0.003208322318213802,0.0011308741274272047,0.0766305531489242,0.07229135670328318,0.03554244380942151,0.0,0.03554244380942151,0.0,0.0,70.0,,,0.0,70.0,5090.0,5020.0,0.0,0.0,1.0,1.0,True
950,0.0022145374365954984,0.018312576004820995,0.020922816314932695,0.0003957028735162016,0.02972226656918192,0.0,0.02972226656918192,0.0,0.0,580.0,560.0,-20.0,0.0,580.0,560.0,-20.0,0.0,0.0,0.0,0.0,False
951,0.009672226144939997,0.0026736626494092974,0.018529083091492496,0.006183194297143202,0.0637186946556792,0.0,0.0637186946556792,0.0,0.0,150.0,210.0,60.0,0.0,150.0,210.0,60.0,0.0,0.0,0.0,0.0,False
952,0.010058081027973897,0.028003927072941803,0.7660911636343481,0.7280291555334324,0.042161546041282305,0.0,0.042161546041282305,0.0,0.0,580.0,,,0.0,580.0,3700.0,3120.0,0.0,0.0,1.0,1.0,True
953,0.008203097862520006,0.014545503717761102,0.08841665421156751,0.0656680526312864,0.04304386028788554,-1.6653345369377348e-16,0.04304386028788554,1.6653345369377348e-16,0.0,440.0,,,0.0,440.0,4070.0,3630.0,0.0,0.0,1.0,1.0,True
954,0.009386153004910913,0.060230312422132504,0.2060011444666669,0.13638467903962348,0.014273304467835701,0.0,0.014273304467835701,0.0,0.0,1640.0,,,0.0,1640.0,2890.0,1250.0,0.0,0.0,1.0,1.0,True
955,0.002458131577867395,0.0034717567438964994,0.005270887262616597,-0.0006590010591472975,0.040590513539007445,0.0,0.040590513539007445,0.0,0.0,170.0,170.0,0.0,0.0,170.0,170.0,0.0,0.0,0.0,0.0,0.0,False
956,0.0,5.4148606456600606e-05,5.4148606456600606e-05,0.0,0.0,0.0,0.0,0.0,0.0,10.0,10.0,0.0,0.0,10.0,10.0,0.0,0.0,0.0,0.0,0.0,False
957,0.010284575386300787,0.02195047213310991,0.0655820175498252,0.03334697003041451,0.03840774080315723,0.0,0.03840774080315723,0.0,0.0,860.0,,,0.0,860.0,3540.0,2680.0,0.0,0.0,1.0,1.0,True
958,0.003940823407833097,0.03058449144005669,0.025105122976197394,-0.009420191871692393,0.030003541986863835,0.0,0.030003541986863835,0.0,0.0,840.0,730.0,-110.0,0.0,840.0,730.0,-110.0,0.0,0.0,0.0,0.0,False
959,0.012454513785228105,0.025357659508911987,0.09299454724010321,0.05518237394596312,0.06428790248547023,0.0,0.06428790248547023,0.0,0.0,780.0,,,0.0,780.0,4190.0,3410.0,0.0,0.0,1.0,1.0,True
960,0.010067248809406903,0.02322732430093441,0.023094380280633597,-0.010200192829707716,0.020888867640647568,0.0,0.020888867640647568,0.0,0.0,630.0,660.0,30.0,0.0,630.0,660.0,30.0,0.0,0.0,0.0,0.0,False
961,0.0021255465822177036,0.008156499116587904,0.009349638951863803,-0.0009324067469418038,0.033086478452730994,0.0,0.033086478452730994,0.0,0.0,330.0,320.0,-10.0,0.0,330.0,320.0,-10.0,0.0,0.0,0.0,0.0,False
962,0.034661648431435765,0.017463971419507784,0.09310884211279719,0.040983222261853636,0.05441317558038927,0.0,0.05441317558038927,0.0,0.0,,,,0.0,730.0,730.0,0.0,0.0,1.0,1.0,0.0,True
963,0.0055767420637503895,0.019100967570058497,0.07970176071852589,0.055024051084717,0.02117093980041118,0.0,0.02117093980041118,0.0,0.0,650.0,,,0.0,650.0,3530.0,2880.0,0.0,0.0,1.0,1.0,True
964,0.0016609062763256952,0.002947472660384698,0.0038938834546898005,-0.0007144954820205926,0.0226188637821228,0.0,0.0226188637821228,0.0,0.0,110.0,110.0,0.0,0.0,110.0,110.0,0.0,0.0,0.0,0.0,0.0,False
965,0.013639429077507204,0.027436136975118208,0.09493928529412318,0.05386371924149777,0.03181696873471673,0.0,0.03181696873471673,0.0,0.0,1060.0,,,0.0,1060.0,2900.0,1840.0,0.0,0.0,1.0,1.0,True
966,0.0029107318212283004,0.0029248150823213,0.007239499288238499,0.0014039523846888988,0.022795951712985096,0.0,0.022795951712985096,0.0,0.0,170.0,200.0,30.0,0.0,170.0,200.0,30.0,0.0,0.0,0.0,0.0,False
967,0.008348416249052193,0.049248544923053306,0.1762374011878755,0.11864044001577001,0.0006430533483811063,1.1102230246251565e-16,0.0006430533483809953,-2.220446049250313e-16,0.0,1330.0,,,0.0,1330.0,1970.0,640.0,0.0,0.0,1.0,1.0,True
968,0.0037691788412796967,0.007120515678071496,0.2639993226568165,0.25310962813746535,0.02126267406870541,0.0,0.02126267406870541,0.0,0.0,550.0,,,0.0,550.0,4240.0,3690.0,0.0,0.0,1.0,1.0,True
969,0.009084561167992306,0.0261478955637445,0.1226414794993109,0.08740902276757409,0.16056545386988696,0.0,0.16056545386988696,0.0,0.0,860.0,,,0.0,860.0,3440.0,2580.0,0.0,0.0,1.0,1.0,True
970,0.006463189799855301,0.038856276408854085,0.04038729743420558,-0.004932168774503809,0.045902215943862124,0.0,0.045902215943862124,0.0,0.0,1020.0,760.0,-260.0,0.0,1020.0,760.0,-260.0,0.0,0.0,0.0,0.0,False
971,0.006475811519972702,0.013526898725404503,0.025729857067862606,0.005727146822485402,0.08689869894864072,0.0,0.08689869894864072,0.0,0.0,450.0,550.0,100.0,0.0,450.0,550.0,100.0,0.0,0.0,0.0,0.0,False
972,0.009800441775076801,0.02322277908194259,0.03805336031616889,0.005030139459149499,0.1012132222640536,0.0,0.1012132222640536,0.0,0.0,420.0,490.0,70.0,0.0,420.0,490.0,70.0,0.0,0.0,0.0,0.0,False
973,0.006697722054206295,0.019452832325565994,0.139538640161996,0.1133880857822237,0.020385504509437602,0.0,0.020385504509437602,0.0,0.0,690.0,,,0.0,690.0,3920.0,3230.0,0.0,0.0,1.0,1.0,True
974,0.004248410195334909,0.023667020788107604,0.026936824889666602,-0.0009786060937759106,0.007518605930474376,0.0,0.007518605930474376,0.0,0.0,700.0,730.0,30.0,0.0,700.0,730.0,30.0,0.0,0.0,0.0,0.0,False
975,0.019946802792321916,0.022168293094860597,0.12810919510153668,0.08599409921435416,0.05485330547749934,0.0,0.05485330547749934,0.0,0.0,1280.0,,,0.0,1280.0,2920.0,1640.0,0.0,0.0,1.0,1.0,True
976,0.013930118763872984,0.033683905074168186,0.04090551335803777,-0.006708510480003399,0.0378364264331813,0.0,0.0378364264331813,0.0,0.0,1130.0,1030.0,-100.0,0.0,1130.0,1030.0,-100.0,0.0,0.0,0.0,0.0,False
977,0.0038296501104650993,0.007819694533902001,0.06640266279385151,0.05475331814948441,0.04603446190917587,0.0,0.04603446190917587,0.0,0.0,240.0,,,0.0,240.0,5330.0,5090.0,0.0,0.0,1.0,1.0,True
978,0.0014477124149549006,0.0025740697509219063,0.005448037081169803,0.001426254915292996,0.005215850479080908,0.0,0.005215850479080908,0.0,0.0,130.0,170.0,40.0,0.0,130.0,170.0,40.0,0.0,0.0,0.0,0.0,False
979,0.008118286492540289,0.021876717915694094,0.043216738929723,0.013221734521488615,0.01596476072571984,0.0,0.01596476072571984,0.0,0.0,920.0,1020.0,100.0,0.0,920.0,1020.0,100.0,0.0,0.0,0.0,0.0,False
980,0.009142721852491209,0.047093200095119525,0.0659971317080979,0.009761209760487166,0.004484785945761849,0.0,0.004484785945761849,0.0,0.0,1300.0,840.0,-460.0,0.0,1300.0,840.0,-460.0,0.0,0.0,0.0,0.0,False
981,0.009239797243334597,0.04543054949335859,0.034116020725077884,-0.020554326011615304,0.01929966520621862,0.0,0.01929966520621862,0.0,0.0,880.0,800.0,-80.0,0.0,880.0,800.0,-80.0,0.0,0.0,0.0,0.0,False
982,0.011450656829364803,0.0600520964738428,0.057085245521040884,-0.014417507782166716,0.012704012476516646,0.0,0.012704012476516646,0.0,0.0,1610.0,1290.0,-320.0,0.0,1610.0,1290.0,-320.0,0.0,0.0,0.0,0.0,False
983,0.001473178501634101,0.0002643688240587007,0.0017375473256927981,-3.469446951953614e-18,0.05177540803595648,0.0,0.05177540803595648,0.0,0.0,30.0,30.0,0.0,0.0,30.0,30.0,0.0,0.0,0.0,0.0,0.0,False
984,0.002350666236242707,0.021296218034653994,0.03543966358260321,0.011792779311706511,0.0022075839249303675,-4.177280743533629e-11,0.0022075840375538336,1.5439627354396634e-10,0.0,670.0,400.0,-270.0,0.0,670.0,400.0,-270.0,0.0,0.0,0.0,0.0,False
985,0.006540448051123693,0.009872732943756998,0.0640562272711406,0.04764304627625991,0.04882031718805002,0.0,0.04882031718805002,0.0,0.0,260.0,,,0.0,260.0,5370.0,5110.0,0.0,0.0,1.0,1.0,True
986,0.009170217736782227,0.0525890623429891,0.10595211905849233,0.044192838978721005,0.0030339348098912255,0.0,0.0030339348098912255,0.0,0.0,1100.0,620.0,-480.0,0.0,1100.0,620.0,-480.0,0.0,0.0,0.0,0.0,False
987,0.005621128600599004,0.0108275270747209,0.020038492993384102,0.0035898373180641985,0.05292082054664221,0.0,0.05292082054664221,0.0,0.0,250.0,280.0,30.0,0.0,250.0,280.0,30.0,0.0,0.0,0.0,0.0,False
988,0.006150551170687191,0.0040803864546491014,0.015694070080622402,0.00546313245528611,0.024202095650171285,0.0,0.024202095650171285,0.0,0.0,200.0,310.0,110.0,0.0,200.0,310.0,110.0,0.0,0.0,0.0,0.0,False
989,0.006860335485967289,0.036648511498251074,0.045450360026405096,0.0019415130421867322,0.027964362536597953,0.0,0.027964362536597842,-1.1102230246251565e-16,0.0,910.0,620.0,-290.0,0.0,910.0,620.0,-290.0,0.0,0.0,0.0,0.0,False
990,0.01649769606111981,0.026635910276647717,0.10070463257037651,0.057571026232608985,0.062963818750563,0.0,0.062963818750563,0.0,0.0,900.0,,,0.0,900.0,3450.0,2550.0,0.0,0.0,1.0,1.0,True
991,0.012228918396991195,0.0589798996117559,0.057785416132143996,-0.013423401876603097,0.03703780738303175,0.0,0.03703780738303175,0.0,0.0,1390.0,1510.0,120.0,0.0,1390.0,1510.0,120.0,0.0,0.0,0.0,0.0,False
992,0.0018841797284316064,0.0177267759424561,0.11675471550772551,0.0971437598368378,0.0038978685066271,0.0,0.0038978685066271,0.0,0.0,580.0,,,0.0,580.0,4530.0,3950.0,0.0,0.0,1.0,1.0,True
993,0.010035535997933442,0.10502373850835395,0.1729669057959024,0.057907631289615014,0.018315473275546612,0.0,0.018315473275546612,0.0,0.0,1780.0,,,0.0,1780.0,2190.0,410.0,0.0,0.0,1.0,1.0,True
994,0.007354586570423621,0.0200228739039911,0.07181104721105311,0.044433586736638386,0.02234808429681634,0.0,0.02234808429681634,0.0,0.0,770.0,,,0.0,770.0,3760.0,2990.0,0.0,0.0,1.0,1.0,True
995,0.006663700376886406,0.04747440037410661,0.04231734198817741,-0.011820758762815603,0.23022308364775668,0.0,0.23022308364775668,0.0,0.0,1240.0,1000.0,-240.0,0.0,1240.0,1000.0,-240.0,0.0,0.0,0.0,0.0,False
996,0.012796784651424392,0.019233688071806393,0.06852914926926881,0.03649867654603803,0.03843265934460616,0.0,0.03843265934460616,0.0,0.0,460.0,,,0.0,460.0,4150.0,3690.0,0.0,0.0,1.0,1.0,True
997,0.0007620816059115965,0.010174547362265002,0.011204700105787405,0.00026807113761080636,1.3191464593997893e-05,0.0,1.3191464593997893e-05,0.0,0.0,460.0,460.0,0.0,0.0,460.0,460.0,0.0,0.0,0.0,0.0,0.0,False
998,0.005658509100350997,0.0174040295035518,0.06934605969845818,0.046283521094555385,0.037403247649153815,0.0,0.037403247649153815,0.0,0.0,530.0,,,0.0,530.0,4830.0,4300.0,0.0,0.0,1.0,1.0,True
999,0.0030398009305432905,0.013319999296523,0.011923558757928096,-0.004436241469138194,0.019990167679595494,0.0,0.019990167679595494,0.0,0.0,260.0,260.0,0.0,0.0,260.0,260.0,0.0,0.0,0.0,0.0,0.0,False
