R,loss,Lambda,F_min,t_min,T_rec,T_rec_censored,T_rec_bound,lock_in,F_end,arm,indicator,replication,frac_damaged
0.921338395837758,0.0786616041622418,0.4037925032469533,0.5962074967530466,360.0,2670.0,False,6760.0,0.0,0.9999999999999976,00,operational,0,0.3546099290780142
0.9012659419450658,0.0987340580549341,0.4037925032469533,0.5962074967530466,360.0,3160.0,False,6760.0,0.0,0.9999999999999976,01,operational,0,0.3546099290780142
0.8985658726205953,0.1014341273794047,0.5149437635043853,0.4850562364956147,360.0,2670.0,False,6760.0,0.0,0.9999999999999976,10,operational,0,0.3546099290780142
0.8175909673066173,0.1824090326933827,0.5149437635043853,0.4850562364956147,360.0,,True,6760.0,1.0,0.8893731201557741,11,operational,0,0.3546099290780142
0.8115990571158455,0.1884009428841545,0.6240722080898372,0.3759277919101628,360.0,3620.0,False,6760.0,0.0,0.9999999999999976,00,operational,1,0.4397163120567376
0.7831373273462354,0.2168626726537645,0.6240722080898372,0.3759277919101628,360.0,5350.0,False,6760.0,0.0,0.9999999999999976,01,operational,1,0.4397163120567376
0.7997722048017761,0.2002277951982238,0.6543668547044736,0.3456331452955264,360.0,3620.0,False,6760.0,0.0,0.9999999999999976,10,operational,1,0.4397163120567376
0.7249229576415077,0.2750770423584923,0.6543668547044736,0.3456331452955264,360.0,,True,6760.0,1.0,0.8504660360830044,11,operational,1,0.4397163120567376
0.8927849876390659,0.1072150123609341,0.6230672862217694,0.3769327137782306,360.0,2500.0,False,6760.0,0.0,0.9999999999999976,00,operational,2,0.3900709219858156
0.8748273804347204,0.1251726195652795,0.6230672862217694,0.3769327137782306,360.0,3010.0,False,6760.0,0.0,0.9999999999999976,01,operational,2,0.3900709219858156
0.8869731857325289,0.113026814267471,0.6504028151922738,0.3495971848077262,360.0,2500.0,False,6760.0,0.0,0.9999999999999976,10,operational,2,0.3900709219858156
0.8706735134798179,0.129326486520182,0.6504028151922738,0.3495971848077262,360.0,3040.0,False,6760.0,0.0,0.9999999999999976,11,operational,2,0.3900709219858156
0.9608360692194028,0.0391639307805971,0.299776422162981,0.7002235778370189,360.0,1400.0,False,6760.0,0.0,0.9999999999999976,00,operational,3,0.2482269503546099
0.957616490604276,0.0423835093957241,0.299776422162981,0.7002235778370189,360.0,1530.0,False,6760.0,0.0,0.9999999999999976,01,operational,3,0.2482269503546099
0.9542876717442672,0.0457123282557329,0.3652087288680494,0.6347912711319506,360.0,1400.0,False,6760.0,0.0,0.9999999999999976,10,operational,3,0.2482269503546099
0.8954134463691767,0.1045865536308232,0.3652087288680494,0.6347912711319506,360.0,,True,6760.0,1.0,0.93178126576305,11,operational,3,0.2482269503546099
0.8739292517871464,0.1260707482128535,0.6440110161619512,0.3559889838380487,360.0,2720.0,False,6760.0,0.0,0.9999999999999976,00,operational,4,0.3120567375886525
0.852898544830863,0.1471014551691369,0.6440110161619512,0.3559889838380487,360.0,3510.0,False,6760.0,0.0,0.9999999999999976,01,operational,4,0.3120567375886525
0.8624800050545569,0.1375199949454431,0.6770644210481331,0.3229355789518668,360.0,2720.0,False,6760.0,0.0,0.9999999999999976,10,operational,4,0.3120567375886525
0.5854080051965078,0.4145919948034922,0.6770644210481331,0.3229355789518668,360.0,,True,6760.0,1.0,0.601077660317667,11,operational,4,0.3120567375886525
0.9917929966404776,0.0082070033595222,0.0722516265095652,0.9277483734904348,360.0,940.0,False,6760.0,0.0,0.9999999999999976,00,operational,5,0.1702127659574468
0.991397395204806,0.008602604795194,0.0722516265095652,0.9277483734904348,360.0,990.0,False,6760.0,0.0,0.9999999999999976,01,operational,5,0.1702127659574468
0.9909196424697024,0.0090803575302976,0.0827171604537637,0.9172828395462362,360.0,940.0,False,6760.0,0.0,0.9999999999999976,10,operational,5,0.1702127659574468
0.9902416981019324,0.0097583018980674,0.0827171604537637,0.9172828395462362,360.0,1000.0,False,6760.0,0.0,0.9999999999999976,11,operational,5,0.1702127659574468
0.768397078616766,0.231602921383234,0.7085313730133058,0.2914686269866941,360.0,4090.0,False,6760.0,0.0,0.9999999999999976,00,operational,6,0.5531914893617021
0.7313132900256045,0.2686867099743955,0.7085313730133058,0.2914686269866941,360.0,5260.0,False,6760.0,0.0,0.9999999999999976,01,operational,6,0.5531914893617021
0.7613110100753484,0.2386889899246516,0.7254793440079894,0.2745206559920105,360.0,4090.0,False,6760.0,0.0,0.9999999999999976,10,operational,6,0.5531914893617021
0.6817190183062745,0.3182809816937255,0.7254793440079894,0.2745206559920105,360.0,,True,6760.0,1.0,0.9320734204699792,11,operational,6,0.5531914893617021
0.9047938064605532,0.0952061935394467,0.5440981601916708,0.4559018398083291,220.0,2420.0,False,6760.0,0.0,0.9999999999999976,00,operational,7,0.375886524822695
0.8829920445697051,0.1170079554302948,0.5440981601916708,0.4559018398083291,220.0,2850.0,False,6760.0,0.0,0.9999999999999976,01,operational,7,0.375886524822695
0.890991226125935,0.109008773874065,0.8043281188347383,0.1956718811652617,220.0,2420.0,False,6760.0,0.0,0.9999999999999976,10,operational,7,0.375886524822695
0.8706923356434748,0.1293076643565252,0.8043281188347383,0.1956718811652617,220.0,3010.0,False,6760.0,0.0,0.9999999999999976,11,operational,7,0.375886524822695
0.9342087174983236,0.0657912825016764,0.3628925834334968,0.6371074165665032,360.0,1910.0,False,6760.0,0.0,0.9999999999999976,00,operational,8,0.2553191489361702
0.920231754222725,0.079768245777275,0.3628925834334968,0.6371074165665032,360.0,2470.0,False,6760.0,0.0,0.9999999999999976,01,operational,8,0.2553191489361702
0.9322323160615744,0.0677676839384255,0.3816104696696534,0.6183895303303466,360.0,1910.0,False,6760.0,0.0,0.9999999999999976,10,operational,8,0.2553191489361702
0.9192760402316972,0.0807239597683027,0.3816104696696534,0.6183895303303466,360.0,2460.0,False,6760.0,0.0,0.9999999999999976,11,operational,8,0.2553191489361702
0.94755232639721,0.05244767360279,0.5826139836680668,0.4173860163319331,360.0,1340.0,False,6760.0,0.0,0.9999999999999976,00,operational,9,0.2482269503546099
0.9422246117943917,0.0577753882056083,0.5826139836680668,0.4173860163319331,360.0,1490.0,False,6760.0,0.0,0.9999999999999976,01,operational,9,0.2482269503546099
0.9463415819040236,0.0536584180959764,0.6074436646383492,0.3925563353616507,360.0,1340.0,False,6760.0,0.0,0.9999999999999976,10,operational,9,0.2482269503546099
0.9419346760330028,0.0580653239669972,0.6074436646383492,0.3925563353616507,360.0,1490.0,False,6760.0,0.0,0.9999999999999976,11,operational,9,0.2482269503546099
0.9656075177226214,0.0343924822773785,0.285520056877349,0.714479943122651,360.0,1230.0,False,6760.0,0.0,0.9999999999999976,00,operational,10,0.226950354609929
0.9591957586816648,0.0408042413183351,0.285520056877349,0.714479943122651,360.0,1440.0,False,6760.0,0.0,0.9999999999999976,01,operational,10,0.226950354609929
0.9617832461682728,0.0382167538317271,0.3502894996177703,0.6497105003822297,360.0,1230.0,False,6760.0,0.0,0.9999999999999976,10,operational,10,0.226950354609929
0.9574206733368384,0.0425793266631615,0.3502894996177703,0.6497105003822297,360.0,1460.0,False,6760.0,0.0,0.9999999999999976,11,operational,10,0.226950354609929
0.7723953748647276,0.2276046251352723,0.6246177379875699,0.37538226201243,360.0,4120.0,False,6760.0,0.0,0.9999999999999976,00,operational,11,0.4113475177304964
0.7041100277939253,0.2958899722060747,0.6246177379875699,0.37538226201243,360.0,5490.0,False,6760.0,0.0,0.9999999999999976,01,operational,11,0.4113475177304964
0.7570483871356332,0.2429516128643668,0.646877959322016,0.353122040677984,360.0,4120.0,False,6760.0,0.0,0.9999999999999976,10,operational,11,0.4113475177304964
0.6930875085753712,0.3069124914246288,0.646877959322016,0.353122040677984,360.0,5470.0,False,6760.0,0.0,0.9999999999999976,11,operational,11,0.4113475177304964
0.8166399210546029,0.183360078945397,0.715933749335823,0.284066250664177,360.0,3390.0,False,6760.0,0.0,0.9999999999999976,00,operational,12,0.425531914893617
0.7348073238833107,0.2651926761166893,0.715933749335823,0.284066250664177,360.0,4770.0,False,6760.0,0.0,0.9999999999999976,01,operational,12,0.425531914893617
0.800602405598228,0.1993975944017719,0.7588862253919072,0.2411137746080928,360.0,3390.0,False,6760.0,0.0,0.9999999999999976,10,operational,12,0.425531914893617
0.6587216760113346,0.3412783239886654,0.7588862253919072,0.2411137746080928,360.0,,True,6760.0,1.0,0.7717890050583598,11,operational,12,0.425531914893617
0.9539879531718124,0.0460120468281874,0.3215856555238546,0.6784143444761453,360.0,1480.0,False,6760.0,0.0,0.9999999999999976,00,operational,13,0.2765957446808511
0.9498787706217302,0.0501212293782697,0.3215856555238546,0.6784143444761453,360.0,1640.0,False,6760.0,0.0,0.9999999999999976,01,operational,13,0.2765957446808511
0.9508048936354404,0.0491951063645595,0.3712774930961567,0.6287225069038432,360.0,1480.0,False,6760.0,0.0,0.9999999999999976,10,operational,13,0.2765957446808511
0.8958778932286247,0.1041221067713753,0.3712774930961567,0.6287225069038432,360.0,,True,6760.0,1.0,0.931781265742762,11,operational,13,0.2765957446808511
0.9294501313135716,0.0705498686864284,0.5339760532435103,0.4660239467564897,360.0,1710.0,False,6760.0,0.0,0.9999999999999976,00,operational,14,0.2978723404255319
0.9198049017952546,0.0801950982047453,0.5339760532435103,0.4660239467564897,360.0,2040.0,False,6760.0,0.0,0.9999999999999976,01,operational,14,0.2978723404255319
0.9255996442777068,0.0744003557222932,0.5685897056612705,0.4314102943387294,360.0,1710.0,False,6760.0,0.0,0.9999999999999976,10,operational,14,0.2978723404255319
0.9133358835874124,0.0866641164125875,0.5685897056612705,0.4314102943387294,360.0,1950.0,False,6760.0,0.0,0.9999999999999976,11,operational,14,0.2978723404255319
0.9402040067166852,0.0597959932833148,0.3377609624694953,0.6622390375305047,360.0,1740.0,False,6760.0,0.0,0.9999999999999976,00,operational,15,0.2624113475177305
0.9247566929405928,0.0752433070594073,0.3377609624694953,0.6622390375305047,360.0,2210.0,False,6760.0,0.0,0.9999999999999976,01,operational,15,0.2624113475177305
0.9348143814147792,0.0651856185852206,0.3803263161729358,0.6196736838270642,360.0,1740.0,False,6760.0,0.0,0.9999999999999976,10,operational,15,0.2624113475177305
0.9198445992054456,0.0801554007945545,0.3803263161729358,0.6196736838270642,360.0,2240.0,False,6760.0,0.0,0.9999999999999976,11,operational,15,0.2624113475177305
0.7119505740854973,0.2880494259145026,0.6927727760497007,0.3072272239502993,360.0,5080.0,False,6760.0,0.0,0.9999999999999976,00,operational,16,0.5602836879432624
0.5805140370105384,0.4194859629894616,0.6927727760497007,0.3072272239502993,360.0,,True,6760.0,1.0,0.956373674781434,01,operational,16,0.5602836879432624
0.6809849422224354,0.3190150577775645,0.7516744695780518,0.2483255304219481,360.0,5080.0,False,6760.0,0.0,0.9999999999999976,10,operational,16,0.5602836879432624
0.5994097705929721,0.4005902294070279,0.7516744695780518,0.2483255304219481,360.0,,True,6760.0,1.0,0.846153486733252,11,operational,16,0.5602836879432624
0.8981253712652157,0.1018746287347842,0.6277674077034128,0.3722325922965872,360.0,2230.0,False,6760.0,0.0,0.9999999999999976,00,operational,17,0.3404255319148936
0.8901922951673468,0.1098077048326532,0.6277674077034128,0.3722325922965872,360.0,2700.0,False,6760.0,0.0,0.9999999999999976,01,operational,17,0.3404255319148936
0.8952734060334779,0.104726593966522,0.6329346443295893,0.3670653556704107,360.0,2230.0,False,6760.0,0.0,0.9999999999999976,10,operational,17,0.3404255319148936
0.8859489760837103,0.1140510239162897,0.6329346443295893,0.3670653556704107,360.0,2750.0,False,6760.0,0.0,0.9999999999999976,11,operational,17,0.3404255319148936
0.920057603298979,0.0799423967010209,0.4028605731046323,0.5971394268953677,360.0,2280.0,False,6760.0,0.0,0.9999999999999976,00,operational,18,0.3617021276595745
0.9078997716029024,0.0921002283970975,0.4028605731046323,0.5971394268953677,360.0,2630.0,False,6760.0,0.0,0.9999999999999976,01,operational,18,0.3617021276595745
0.9101466140568,0.0898533859432001,0.4465544370832141,0.5534455629167859,360.0,2280.0,False,6760.0,0.0,0.9999999999999976,10,operational,18,0.3617021276595745
0.8923950019186784,0.1076049980813216,0.4465544370832141,0.5534455629167859,360.0,2660.0,False,6760.0,0.0,0.9999999999999976,11,operational,18,0.3617021276595745
0.6935397655290384,0.3064602344709616,0.7402819485930702,0.2597180514069298,360.0,4750.0,False,6760.0,0.0,0.9999999999999974,00,operational,19,0.4964539007092198
0.6173647483404036,0.3826352516595964,0.7402819485930702,0.2597180514069298,360.0,6600.0,False,6760.0,0.0,0.9999973964128298,01,operational,19,0.4964539007092198
0.6776972559957574,0.3223027440042426,0.7706157896102046,0.2293842103897954,360.0,4750.0,False,6760.0,0.0,0.9999999999999974,10,operational,19,0.4964539007092198
0.5158112403386834,0.4841887596613166,0.7706157896102046,0.2293842103897954,360.0,,True,6760.0,1.0,0.6470488565711302,11,operational,19,0.4964539007092198
0.8654923713694165,0.1345076286305835,0.6283645024090005,0.3716354975909994,360.0,2880.0,False,6760.0,0.0,0.9999999999999976,00,operational,20,0.4184397163120567
0.8373676674693493,0.1626323325306506,0.6283645024090005,0.3716354975909994,360.0,3720.0,False,6760.0,0.0,0.9999999999999976,01,operational,20,0.4184397163120567
0.8559875352060443,0.1440124647939556,0.6610372901076691,0.3389627098923308,360.0,2880.0,False,6760.0,0.0,0.9999999999999976,10,operational,20,0.4184397163120567
0.6108642995968115,0.3891357004031884,0.6610372901076691,0.3389627098923308,360.0,,True,6760.0,1.0,0.6430575657833794,11,operational,20,0.4184397163120567
0.878479870755922,0.1215201292440779,0.650513538822422,0.349486461177578,360.0,2830.0,False,6760.0,0.0,0.9999999999999976,00,operational,21,0.4680851063829787
0.8648773905783883,0.1351226094216117,0.650513538822422,0.349486461177578,360.0,3440.0,False,6760.0,0.0,0.9999999999999976,01,operational,21,0.4680851063829787
0.8746462269390519,0.125353773060948,0.6654256381335728,0.3345743618664271,300.0,2830.0,False,6760.0,0.0,0.9999999999999976,10,operational,21,0.4680851063829787
0.8538250047807197,0.1461749952192803,0.6654256381335728,0.3345743618664271,300.0,3500.0,False,6760.0,0.0,0.9999999999999976,11,operational,21,0.4680851063829787
0.901604470963872,0.0983955290361279,0.5972536278193474,0.4027463721806526,360.0,2340.0,False,6760.0,0.0,0.9999999999999976,00,operational,22,0.3900709219858156
0.8904547911926576,0.1095452088073424,0.5972536278193474,0.4027463721806526,360.0,2640.0,False,6760.0,0.0,0.9999999999999976,01,operational,22,0.3900709219858156
0.8930734728238848,0.1069265271761151,0.6720515482899538,0.3279484517100461,360.0,2340.0,False,6760.0,0.0,0.9999999999999976,10,operational,22,0.3900709219858156
0.8862840813358609,0.1137159186641391,0.6720515482899538,0.3279484517100461,360.0,2660.0,False,6760.0,0.0,0.9999999999999976,11,operational,22,0.3900709219858156
0.9400923492162496,0.0599076507837503,0.5024670943699803,0.4975329056300198,360.0,1620.0,False,6760.0,0.0,0.9999999999999976,00,operational,23,0.2978723404255319
0.9325238991769194,0.0674761008230806,0.5024670943699803,0.4975329056300197,360.0,1890.0,False,6760.0,0.0,0.9999999999999976,01,operational,23,0.2978723404255319
0.9384920157871136,0.0615079842128862,0.5310641753634073,0.4689358246365927,360.0,1620.0,False,6760.0,0.0,0.9999999999999976,10,operational,23,0.2978723404255319
0.930575601818158,0.0694243981818419,0.5310641753634073,0.4689358246365927,360.0,1870.0,False,6760.0,0.0,0.9999999999999976,11,operational,23,0.2978723404255319
0.8945707610737682,0.1054292389262318,0.7260550689484022,0.2739449310515977,360.0,2030.0,False,6760.0,0.0,0.9999999999999974,00,operational,24,0.2907801418439716
0.8744540258443484,0.1255459741556516,0.7260550689484022,0.2739449310515977,360.0,2640.0,False,6760.0,0.0,0.9999999999999974,01,operational,24,0.2907801418439716
0.8855844483494062,0.1144155516505938,0.7883972379582824,0.2116027620417176,360.0,2030.0,False,6760.0,0.0,0.9999999999999974,10,operational,24,0.2907801418439716
0.800489788877418,0.199510211122582,0.7883972379582824,0.2116027620417176,360.0,,True,6760.0,1.0,0.9317812653019064,11,operational,24,0.2907801418439716
0.937286254407116,0.0627137455928841,0.3891301249985859,0.6108698750014141,360.0,2090.0,False,6760.0,0.0,0.9999999999999976,00,operational,25,0.3829787234042553
0.935572524717351,0.064427475282649,0.3891301249985859,0.6108698750014141,360.0,2210.0,False,6760.0,0.0,0.9999999999999976,01,operational,25,0.3829787234042553
0.9366066380600528,0.0633933619399472,0.3936243795172625,0.6063756204827375,360.0,2090.0,False,6760.0,0.0,0.9999999999999976,10,operational,25,0.3829787234042553
0.9348738092574118,0.0651261907425881,0.3936243795172625,0.6063756204827375,360.0,2210.0,False,6760.0,0.0,0.9999999999999976,11,operational,25,0.3829787234042553
0.9574245563891632,0.0425754436108368,0.2905072546021769,0.709492745397823,360.0,1650.0,False,6760.0,0.0,0.9999999999999976,00,operational,26,0.2553191489361702
0.9505896853818818,0.0494103146181181,0.2905072546021769,0.709492745397823,360.0,2030.0,False,6760.0,0.0,0.9999999999999976,01,operational,26,0.2553191489361702
0.9491345143768922,0.0508654856231077,0.3853710025495513,0.6146289974504486,360.0,1650.0,False,6760.0,0.0,0.9999999999999976,10,operational,26,0.2553191489361702
0.9338338289371624,0.0661661710628375,0.3853710025495513,0.6146289974504486,360.0,2010.0,False,6760.0,0.0,0.9999999999999976,11,operational,26,0.2553191489361702
0.8866997892454391,0.1133002107545608,0.6180189548921871,0.3819810451078129,360.0,2410.0,False,6760.0,0.0,0.9999999999999976,00,operational,27,0.3475177304964539
0.8617897489312099,0.1382102510687901,0.6180189548921871,0.3819810451078129,360.0,2990.0,False,6760.0,0.0,0.9999999999999976,01,operational,27,0.3475177304964539
0.8829772737535693,0.1170227262464307,0.6479553045066899,0.35204469549331,360.0,2410.0,False,6760.0,0.0,0.9999999999999976,10,operational,27,0.3475177304964539
0.861683829281046,0.1383161707189539,0.6479553045066899,0.35204469549331,360.0,2990.0,False,6760.0,0.0,0.9999999999999976,11,operational,27,0.3475177304964539
0.8779979659023429,0.122002034097657,0.5430369060819707,0.4569630939180292,360.0,2850.0,False,6760.0,0.0,0.9999999999999974,00,operational,28,0.3971631205673759
0.8494782215467415,0.1505217784532585,0.5430369060819707,0.4569630939180292,360.0,3690.0,False,6760.0,0.0,0.9999999999999974,01,operational,28,0.3971631205673759
0.8673675628073867,0.1326324371926133,0.5769696891910379,0.4230303108089621,360.0,2850.0,False,6760.0,0.0,0.9999999999999974,10,operational,28,0.3971631205673759
0.8403378884766711,0.1596621115233288,0.5769696891910379,0.4230303108089621,360.0,3810.0,False,6760.0,0.0,0.9999999999999974,11,operational,28,0.3971631205673759
0.9015672375106086,0.0984327624893913,0.6048493062045905,0.3951506937954094,360.0,2170.0,False,6760.0,0.0,0.9999999999999976,00,operational,29,0.3333333333333333
0.8988277595633811,0.1011722404366188,0.6048493062045905,0.3951506937954094,360.0,2290.0,False,6760.0,0.0,0.9999999999999976,01,operational,29,0.3333333333333333
0.9007506902186392,0.0992493097813608,0.6048620096462485,0.3951379903537514,360.0,2170.0,False,6760.0,0.0,0.9999999999999976,10,operational,29,0.3333333333333333
0.8980058367331655,0.1019941632668345,0.6048620096462485,0.3951379903537514,360.0,2290.0,False,6760.0,0.0,0.9999999999999976,11,operational,29,0.3333333333333333
0.7099537693559164,0.2900462306440836,0.8087232047341273,0.1912767952658726,360.0,4720.0,False,6760.0,0.0,0.9999999999999976,00,operational,30,0.5886524822695035
0.6565441569293564,0.3434558430706436,0.8087232047341273,0.1912767952658726,360.0,6290.0,False,6760.0,0.0,0.999999999999682,01,operational,30,0.5886524822695035
0.6865216837659787,0.3134783162340213,0.8780660315751064,0.1219339684248935,360.0,4720.0,False,6760.0,0.0,0.9999999999999976,10,operational,30,0.5886524822695035
0.6180868187528246,0.3819131812471754,0.8780660315751064,0.1219339684248935,360.0,,True,6760.0,1.0,0.8652945856693853,11,operational,30,0.5886524822695035
0.8740950115616278,0.1259049884383721,0.599568483732559,0.400431516267441,360.0,2630.0,False,6760.0,0.0,0.9999999999999976,00,operational,31,0.3617021276595745
0.8537527362774038,0.1462472637225962,0.599568483732559,0.400431516267441,360.0,3320.0,False,6760.0,0.0,0.9999999999999976,01,operational,31,0.3617021276595745
0.8649154310689318,0.1350845689310682,0.6419814986580801,0.3580185013419199,360.0,2630.0,False,6760.0,0.0,0.9999999999999976,10,operational,31,0.3617021276595745
0.8418658277025302,0.1581341722974698,0.6419814986580801,0.3580185013419199,360.0,3370.0,False,6760.0,0.0,0.9999999999999976,11,operational,31,0.3617021276595745
0.8670600074056606,0.1329399925943394,0.7092157799826242,0.2907842200173757,360.0,2850.0,False,6760.0,0.0,0.9999999999999976,00,operational,32,0.4680851063829787
0.8225182179173058,0.1774817820826941,0.7092157799826242,0.2907842200173757,360.0,3700.0,False,6760.0,0.0,0.9999999999999976,01,operational,32,0.4680851063829787
0.8572588528126621,0.1427411471873378,0.7592401476664694,0.2407598523335306,360.0,2850.0,False,6760.0,0.0,0.9999999999999976,10,operational,32,0.4680851063829787
0.823978736117094,0.1760212638829059,0.7592401476664694,0.2407598523335306,360.0,3740.0,False,6760.0,0.0,0.9999999999999976,11,operational,32,0.4680851063829787
0.8589445894996903,0.1410554105003096,0.6809553425720035,0.3190446574279965,360.0,2730.0,False,6760.0,0.0,0.9999999999999974,00,operational,33,0.3617021276595745
0.8490239245032143,0.1509760754967857,0.6809553425720035,0.3190446574279965,360.0,3380.0,False,6760.0,0.0,0.9999999999999974,01,operational,33,0.3617021276595745
0.850728522346954,0.149271477653046,0.7130575820353752,0.2869424179646248,360.0,2730.0,False,6760.0,0.0,0.9999999999999974,10,operational,33,0.3617021276595745
0.8114007550288256,0.1885992449711744,0.7130575820353752,0.2869424179646248,360.0,,True,6760.0,1.0,0.9317812653019064,11,operational,33,0.3617021276595745
0.846444101193162,0.1535558988068379,0.6385870472753246,0.3614129527246755,360.0,2780.0,False,6760.0,0.0,0.9999999999999976,00,operational,34,0.3049645390070922
0.8255632156268691,0.1744367843731309,0.6385870472753246,0.3614129527246755,360.0,3550.0,False,6760.0,0.0,0.9999999999999976,01,operational,34,0.3049645390070922
0.8388475396547633,0.1611524603452366,0.6578388359461637,0.3421611640538363,360.0,2780.0,False,6760.0,0.0,0.9999999999999976,10,operational,34,0.3049645390070922
0.7718627877637474,0.2281372122362526,0.6578388359461637,0.3421611640538363,360.0,,True,6760.0,1.0,0.8893731197842348,11,operational,34,0.3049645390070922
0.8246792571374519,0.175320742862548,0.6365503068747425,0.3634496931252575,360.0,3260.0,False,6760.0,0.0,0.9999999999999976,00,operational,35,0.4326241134751773
0.8031858653207549,0.1968141346792451,0.6365503068747425,0.3634496931252575,360.0,4400.0,False,6760.0,0.0,0.9999999999999976,01,operational,35,0.4326241134751773
0.8159007686054693,0.1840992313945306,0.6613898633243169,0.338610136675683,360.0,3260.0,False,6760.0,0.0,0.9999999999999976,10,operational,35,0.4326241134751773
0.78797175141595,0.21202824858405,0.6613898633243169,0.338610136675683,360.0,4400.0,False,6760.0,0.0,0.9999999999999976,11,operational,35,0.4326241134751773
0.9215645658471224,0.0784354341528775,0.5779121051437192,0.4220878948562808,360.0,2160.0,False,6760.0,0.0,0.9999999999999976,00,operational,36,0.3687943262411347
0.905946774202354,0.0940532257976459,0.5779121051437192,0.4220878948562808,360.0,2580.0,False,6760.0,0.0,0.9999999999999976,01,operational,36,0.3687943262411347
0.9182643459862816,0.0817356540137184,0.6139915615441232,0.3860084384558769,360.0,2160.0,False,6760.0,0.0,0.9999999999999976,10,operational,36,0.3687943262411347
0.9036697606995848,0.096330239300415,0.613991561544123,0.3860084384558769,360.0,2620.0,False,6760.0,0.0,0.9999999999999976,11,operational,36,0.3687943262411347
0.9500464026334108,0.0499535973665893,0.5417427748187302,0.4582572251812697,360.0,1370.0,False,6760.0,0.0,0.9999999999999976,00,operational,37,0.2411347517730496
0.945102178300832,0.054897821699168,0.5417427748187302,0.4582572251812697,360.0,1620.0,False,6760.0,0.0,0.9999999999999976,01,operational,37,0.2411347517730496
0.9482681549919932,0.0517318450080068,0.5493379625792096,0.4506620374207903,360.0,1370.0,False,6760.0,0.0,0.9999999999999976,10,operational,37,0.2411347517730496
0.9420034648751257,0.0579965351248743,0.5493379625792096,0.4506620374207903,360.0,1690.0,False,6760.0,0.0,0.9999999999999976,11,operational,37,0.2411347517730496
0.7644604649532377,0.2355395350467622,0.7178484400513079,0.2821515599486921,360.0,3920.0,False,6760.0,0.0,0.9999999999999976,00,operational,38,0.4964539007092198
0.7172387843339059,0.2827612156660941,0.7178484400513079,0.2821515599486921,360.0,4920.0,False,6760.0,0.0,0.9999999999999974,01,operational,38,0.4964539007092198
0.7575484601427124,0.2424515398572876,0.7234916228564663,0.2765083771435337,360.0,3920.0,False,6760.0,0.0,0.9999999999999976,10,operational,38,0.4964539007092198
0.7040062999584404,0.2959937000415595,0.7234916228564663,0.2765083771435337,360.0,4940.0,False,6760.0,0.0,0.9999999999999976,11,operational,38,0.4964539007092198
0.8982684974549744,0.1017315025450256,0.4066388775194876,0.5933611224805124,360.0,2940.0,False,6760.0,0.0,0.9999999999999976,00,operational,39,0.4468085106382978
0.8847688677923047,0.1152311322076953,0.4066388775194876,0.5933611224805124,360.0,3420.0,False,6760.0,0.0,0.9999999999999976,01,operational,39,0.4468085106382978
0.8879942532569381,0.1120057467430618,0.4556162795161976,0.5443837204838023,360.0,2940.0,False,6760.0,0.0,0.9999999999999976,10,operational,39,0.4468085106382978
0.8175418492736619,0.1824581507263381,0.4556162795161976,0.5443837204838023,360.0,,True,6760.0,1.0,0.9133830890319292,11,operational,39,0.4468085106382978
0.9583485505091404,0.0416514494908597,0.3575050466350971,0.6424949533649029,360.0,1180.0,False,6760.0,0.0,0.9999999999999976,00,operational,40,0.1631205673758865
0.9573227088095176,0.0426772911904824,0.3575050466350971,0.6424949533649029,360.0,1230.0,False,6760.0,0.0,0.9999999999999976,01,operational,40,0.1631205673758865
0.9555773443107186,0.0444226556892813,0.3810669080490714,0.6189330919509286,360.0,1180.0,False,6760.0,0.0,0.9999999999999976,10,operational,40,0.1631205673758865
0.953429243140151,0.046570756859849,0.3810669080490714,0.6189330919509286,360.0,1280.0,False,6760.0,0.0,0.9999999999999976,11,operational,40,0.1631205673758865
0.934926955973988,0.065073044026012,0.3956656135389249,0.6043343864610751,360.0,1870.0,False,6760.0,0.0,0.9999999999999976,00,operational,41,0.3404255319148936
0.9250021245551072,0.0749978754448927,0.3956656135389249,0.6043343864610751,360.0,2190.0,False,6760.0,0.0,0.9999999999999976,01,operational,41,0.3404255319148936
0.9345770717419752,0.0654229282580248,0.39925163097059,0.60074836902941,360.0,1870.0,False,6760.0,0.0,0.9999999999999976,10,operational,41,0.3404255319148936
0.9244715328542772,0.0755284671457229,0.39925163097059,0.60074836902941,360.0,2190.0,False,6760.0,0.0,0.9999999999999976,11,operational,41,0.3404255319148936
0.905887494812892,0.094112505187108,0.4368658614968859,0.5631341385031141,360.0,2250.0,False,6760.0,0.0,0.9999999999999976,00,operational,42,0.3333333333333333
0.8970408716905985,0.1029591283094014,0.4368658614968859,0.5631341385031141,360.0,2560.0,False,6760.0,0.0,0.9999999999999976,01,operational,42,0.3333333333333333
0.9029256262029804,0.0970743737970196,0.4377673314503676,0.5622326685496324,360.0,2250.0,False,6760.0,0.0,0.9999999999999976,10,operational,42,0.3333333333333333
0.8509534932082562,0.1490465067917438,0.4377673314503676,0.5622326685496324,360.0,,True,6760.0,1.0,0.9317812653019064,11,operational,42,0.3333333333333333
0.9090723938783472,0.0909276061216527,0.6368639088441097,0.3631360911558903,230.0,2190.0,False,6760.0,0.0,0.9999999999999976,00,operational,43,0.3404255319148936
0.9030270823730706,0.0969729176269293,0.6368639088441097,0.3631360911558903,230.0,2420.0,False,6760.0,0.0,0.9999999999999976,01,operational,43,0.3404255319148936
0.902764942101934,0.097235057898066,0.741812333363592,0.2581876666364079,230.0,2190.0,False,6760.0,0.0,0.9999999999999976,10,operational,43,0.3404255319148936
0.8967795874653859,0.1032204125346141,0.741812333363592,0.2581876666364079,230.0,2440.0,False,6760.0,0.0,0.9999999999999976,11,operational,43,0.3404255319148936
0.8120854846369512,0.1879145153630488,0.7771610048958538,0.2228389951041461,360.0,3490.0,False,6760.0,0.0,0.9999999999999976,00,operational,44,0.5177304964539007
0.7786952137350426,0.2213047862649574,0.7771610048958538,0.2228389951041461,360.0,4410.0,False,6760.0,0.0,0.9999999999999976,01,operational,44,0.5177304964539007
0.8068070858502173,0.1931929141497826,0.7852660847588495,0.2147339152411504,360.0,3490.0,False,6760.0,0.0,0.9999999999999976,10,operational,44,0.5177304964539007
0.7071323331272373,0.2928676668727626,0.7852660847588495,0.2147339152411504,360.0,,True,6760.0,1.0,0.8461534867332533,11,operational,44,0.5177304964539007
0.9236375100933192,0.0763624899066807,0.4475526071613604,0.5524473928386395,360.0,1830.0,False,6760.0,0.0,0.9999999999999974,00,operational,45,0.2836879432624113
0.9159042073764062,0.0840957926235937,0.4475526071613604,0.5524473928386395,360.0,2110.0,False,6760.0,0.0,0.9999999999999974,01,operational,45,0.2836879432624113
0.9222348084204636,0.0777651915795365,0.4538293693071212,0.5461706306928787,360.0,1830.0,False,6760.0,0.0,0.9999999999999974,10,operational,45,0.2836879432624113
0.9147330071829048,0.0852669928170952,0.4538293693071212,0.5461706306928787,360.0,2110.0,False,6760.0,0.0,0.9999999999999974,11,operational,45,0.2836879432624113
0.7610918089208685,0.2389081910791315,0.7860900976067374,0.2139099023932626,360.0,3770.0,False,6760.0,0.0,0.9999999999999976,00,operational,46,0.4680851063829787
0.7350430324827871,0.2649569675172128,0.7860900976067374,0.2139099023932626,360.0,4650.0,False,6760.0,0.0,0.9999999999999976,01,operational,46,0.4680851063829787
0.7536104804962924,0.2463895195037075,0.7988186925346853,0.2011813074653146,360.0,3770.0,False,6760.0,0.0,0.9999999999999976,10,operational,46,0.4680851063829787
0.67374074996537,0.3262592500346299,0.7988186925346853,0.2011813074653146,360.0,,True,6760.0,1.0,0.9317812653019064,11,operational,46,0.4680851063829787
0.9047936820635752,0.0952063179364248,0.5028107817166433,0.4971892182833567,360.0,2280.0,False,6760.0,0.0,0.9999999999999976,00,operational,47,0.3333333333333333
0.8864329000411276,0.1135670999588723,0.5028107817166434,0.4971892182833566,360.0,2830.0,False,6760.0,0.0,0.9999999999999976,01,operational,47,0.3333333333333333
0.9013909833203358,0.0986090166796641,0.5231846683861344,0.4768153316138656,360.0,2280.0,False,6760.0,0.0,0.9999999999999976,10,operational,47,0.3333333333333333
0.8808533946614251,0.1191466053385749,0.5231846683861344,0.4768153316138656,360.0,2570.0,False,6760.0,0.0,0.9999999999999976,11,operational,47,0.3333333333333333
0.7151668488245234,0.2848331511754766,0.7485190669559947,0.2514809330440053,360.0,4630.0,False,6760.0,0.0,0.9999999999999976,00,operational,48,0.5531914893617021
0.6649853668580955,0.3350146331419045,0.7485190669559947,0.2514809330440053,360.0,6250.0,False,6760.0,0.0,0.9999999999999536,01,operational,48,0.5531914893617021
0.7061315786618275,0.2938684213381725,0.7582831232496536,0.2417168767503464,360.0,4630.0,False,6760.0,0.0,0.9999999999999976,10,operational,48,0.5531914893617021
0.6345663470436922,0.3654336529563078,0.7582831232496536,0.2417168767503464,360.0,,True,6760.0,1.0,0.8462075581561569,11,operational,48,0.5531914893617021
0.7736541925282893,0.2263458074717107,0.7289862578463762,0.2710137421536238,360.0,3940.0,False,6760.0,0.0,0.9999999999999976,00,operational,49,0.5035460992907801
0.7243688998940642,0.2756311001059358,0.7289862578463762,0.2710137421536238,360.0,5460.0,False,6760.0,0.0,0.9999999999999976,01,operational,49,0.5035460992907801
0.7660289569365796,0.2339710430634204,0.7486051339670535,0.2513948660329465,360.0,3940.0,False,6760.0,0.0,0.9999999999999976,10,operational,49,0.5035460992907801
0.7200588652297474,0.2799411347702526,0.7486051339670535,0.2513948660329465,360.0,5180.0,False,6760.0,0.0,0.9999999999999976,11,operational,49,0.5035460992907801
0.9068351495258992,0.0931648504741008,0.5568833178440324,0.4431166821559676,360.0,2300.0,False,6760.0,0.0,0.9999999999999976,00,operational,50,0.3262411347517731
0.8921263479653049,0.1078736520346951,0.5568833178440324,0.4431166821559676,360.0,2790.0,False,6760.0,0.0,0.9999999999999976,01,operational,50,0.3262411347517731
0.892876733298911,0.1071232667010889,0.6318655549204941,0.3681344450795059,360.0,2300.0,False,6760.0,0.0,0.9999999999999976,10,operational,50,0.3262411347517731
0.6282664444154247,0.3717335555845753,0.6318655549204941,0.3681344450795059,360.0,,True,6760.0,1.0,0.6511109436944912,11,operational,50,0.3262411347517731
0.8929511498793166,0.1070488501206834,0.5811414331463891,0.4188585668536109,360.0,2550.0,False,6760.0,0.0,0.9999999999999976,00,operational,51,0.375886524822695
0.8593801187394825,0.1406198812605175,0.5811414331463891,0.4188585668536109,360.0,3270.0,False,6760.0,0.0,0.9999999999999976,01,operational,51,0.375886524822695
0.8830999492505943,0.1169000507494056,0.6010602619411161,0.3989397380588839,360.0,2550.0,False,6760.0,0.0,0.9999999999999976,10,operational,51,0.375886524822695
0.7835694609180828,0.2164305390819172,0.6010602619411161,0.3989397380588839,360.0,,True,6760.0,1.0,0.8505201075059082,11,operational,51,0.375886524822695
0.8428153911486218,0.1571846088513782,0.6921106271145772,0.3078893728854229,360.0,3190.0,False,6760.0,0.0,0.9999999999999976,00,operational,52,0.4539007092198581
0.8086296567069872,0.1913703432930128,0.6921106271145772,0.3078893728854229,360.0,4080.0,False,6760.0,0.0,0.9999999999999976,01,operational,52,0.4539007092198581
0.8291519453647821,0.1708480546352179,0.7682377494781696,0.2317622505218304,360.0,3190.0,False,6760.0,0.0,0.9999999999999976,10,operational,52,0.4539007092198581
0.787749906543508,0.212250093456492,0.7682377494781696,0.2317622505218304,360.0,3830.0,False,6760.0,0.0,0.9999999999999976,11,operational,52,0.4539007092198581
0.8304268144507071,0.1695731855492929,0.659855011366304,0.340144988633696,360.0,3220.0,False,6760.0,0.0,0.9999999999999976,00,operational,53,0.4326241134751773
0.8071495927356029,0.192850407264397,0.659855011366304,0.340144988633696,360.0,4120.0,False,6760.0,0.0,0.9999999999999976,01,operational,53,0.4326241134751773
0.8250318883906786,0.1749681116093213,0.6678813137682287,0.3321186862317713,360.0,3220.0,False,6760.0,0.0,0.9999999999999976,10,operational,53,0.4326241134751773
0.7051073656921386,0.2948926343078614,0.6678813137682287,0.3321186862317713,360.0,,True,6760.0,1.0,0.8122470613902637,11,operational,53,0.4326241134751773
0.8187070557023752,0.1812929442976247,0.6421971465536993,0.3578028534463007,360.0,3300.0,False,6760.0,0.0,0.9999999999999974,00,operational,54,0.3971631205673759
0.7814447656108119,0.2185552343891881,0.6421971465536993,0.3578028534463007,360.0,4090.0,False,6760.0,0.0,0.9999999999999974,01,operational,54,0.3971631205673759
0.8086376162601608,0.1913623837398391,0.6686894352741835,0.3313105647258165,360.0,3300.0,False,6760.0,0.0,0.9999999999999974,10,operational,54,0.3971631205673759
0.651037474768011,0.348962525231989,0.6686894352741835,0.3313105647258165,360.0,,True,6760.0,1.0,0.7717890050583598,11,operational,54,0.3971631205673759
0.9611229650616702,0.0388770349383298,0.345286246075658,0.654713753924342,360.0,1250.0,False,6760.0,0.0,0.9999999999999976,00,operational,55,0.2553191489361702
0.9576327842824508,0.0423672157175492,0.345286246075658,0.654713753924342,360.0,1380.0,False,6760.0,0.0,0.9999999999999976,01,operational,55,0.2553191489361702
0.9592247818073796,0.0407752181926205,0.3814773457667012,0.6185226542332988,360.0,1250.0,False,6760.0,0.0,0.9999999999999976,10,operational,55,0.2553191489361702
0.9543253277419188,0.0456746722580813,0.3814773457667012,0.6185226542332988,360.0,1420.0,False,6760.0,0.0,0.9999999999999976,11,operational,55,0.2553191489361702
0.7122712128055908,0.2877287871944092,0.773681879927407,0.226318120072593,360.0,4550.0,False,6760.0,0.0,0.9999999999999974,00,operational,56,0.524822695035461
0.6744079913147233,0.3255920086852767,0.773681879927407,0.226318120072593,360.0,5710.0,False,6760.0,0.0,0.9999999999999974,01,operational,56,0.524822695035461
0.7053506041396254,0.2946493958603746,0.7794974602127176,0.2205025397872824,360.0,4550.0,False,6760.0,0.0,0.9999999999999974,10,operational,56,0.524822695035461
0.5839818581074026,0.4160181418925974,0.7794974602127176,0.2205025397872824,360.0,,True,6760.0,1.0,0.7717890050583598,11,operational,56,0.524822695035461
0.8724638123829552,0.1275361876170447,0.4210481165617235,0.5789518834382765,360.0,3230.0,False,6760.0,0.0,0.9999999999999976,00,operational,57,0.4042553191489361
0.8347177198490808,0.1652822801509191,0.4210481165617235,0.5789518834382765,360.0,4440.0,False,6760.0,0.0,0.9999999999999976,01,operational,57,0.4042553191489361
0.8624153603396049,0.1375846396603951,0.4592537489788573,0.5407462510211427,360.0,3230.0,False,6760.0,0.0,0.9999999999999976,10,operational,57,0.4042553191489361
0.756922487795215,0.243077512204785,0.4592537489788573,0.5407462510211427,360.0,,True,6760.0,1.0,0.8504660360830044,11,operational,57,0.4042553191489361
0.9409892388991186,0.0590107611008814,0.4115533811369014,0.5884466188630986,360.0,1640.0,False,6760.0,0.0,0.9999999999999976,00,operational,58,0.2765957446808511
0.936033186762384,0.0639668132376158,0.4115533811369014,0.5884466188630986,360.0,1840.0,False,6760.0,0.0,0.9999999999999976,01,operational,58,0.2765957446808511
0.9387224446534468,0.0612775553465531,0.4441432945232885,0.5558567054767115,360.0,1640.0,False,6760.0,0.0,0.9999999999999976,10,operational,58,0.2765957446808511
0.9342883561370916,0.0657116438629082,0.4441432945232885,0.5558567054767115,360.0,1840.0,False,6760.0,0.0,0.9999999999999976,11,operational,58,0.2765957446808511
0.6597747180543909,0.3402252819456091,0.7805419307807147,0.2194580692192853,300.0,5170.0,False,6760.0,0.0,0.9999999999999976,00,operational,59,0.5035460992907801
0.5705045686014647,0.4294954313985353,0.7805419307807147,0.2194580692192853,300.0,,True,6760.0,1.0,0.9818793733086688,01,operational,59,0.5035460992907801
0.6465875666573416,0.3534124333426583,0.7978513918882957,0.2021486081117043,360.0,5170.0,False,6760.0,0.0,0.9999999999999976,10,operational,59,0.5035460992907801
0.4967192181083182,0.5032807818916818,0.7978513918882957,0.2021486081117043,360.0,,True,6760.0,1.0,0.7505515843940664,11,operational,59,0.5035460992907801
0.8139760177316699,0.18602398226833,0.6874504727094801,0.3125495272905199,360.0,3490.0,False,6760.0,0.0,0.9999999999999976,00,operational,60,0.475177304964539
0.7989163781788458,0.2010836218211542,0.6874504727094801,0.3125495272905199,360.0,4400.0,False,6760.0,0.0,0.9999999999999976,01,operational,60,0.475177304964539
0.8096783763647465,0.1903216236352535,0.6888683381382015,0.3111316618617985,360.0,3490.0,False,6760.0,0.0,0.9999999999999976,10,operational,60,0.475177304964539
0.7471532474842222,0.2528467525157778,0.6888683381382015,0.3111316618617985,360.0,,True,6760.0,1.0,0.8893731202453783,11,operational,60,0.475177304964539
0.9314049179175083,0.0685950820824915,0.3669149355866843,0.6330850644133157,360.0,2260.0,False,6760.0,0.0,0.9999999999999976,00,operational,61,0.3475177304964539
0.9227038251910232,0.0772961748089767,0.3669149355866843,0.6330850644133157,360.0,2670.0,False,6760.0,0.0,0.9999999999999976,01,operational,61,0.3475177304964539
0.9214117762073044,0.0785882237926954,0.4259910827956042,0.5740089172043957,360.0,2270.0,False,6760.0,0.0,0.9999999999999976,10,operational,61,0.3475177304964539
0.9109356126468456,0.0890643873531543,0.4259910827956042,0.5740089172043957,360.0,2810.0,False,6760.0,0.0,0.9999999999999976,11,operational,61,0.3475177304964539
0.9807341534163948,0.019265846583605,0.2494101611725575,0.7505898388274425,360.0,900.0,False,6760.0,0.0,0.9999999999999976,00,operational,62,0.1773049645390071
0.9795808527096244,0.0204191472903756,0.2494101611725575,0.7505898388274425,360.0,970.0,False,6760.0,0.0,0.9999999999999976,01,operational,62,0.1773049645390071
0.9797578402622344,0.0202421597377656,0.2495665609579846,0.7504334390420153,360.0,900.0,False,6760.0,0.0,0.9999999999999976,10,operational,62,0.1773049645390071
0.977395826917012,0.0226041730829879,0.2495665609579846,0.7504334390420153,360.0,1020.0,False,6760.0,0.0,0.9999999999999976,11,operational,62,0.1773049645390071
0.5423764945684043,0.4576235054315957,0.8513857787116225,0.1486142212883775,360.0,6390.0,False,6760.0,0.0,0.9999999999613072,00,operational,63,0.6382978723404256
0.450058039598774,0.5499419604012259,0.8513857787116225,0.1486142212883775,360.0,,True,6760.0,1.0,0.8123559308227061,01,operational,63,0.6382978723404256
0.527964819828753,0.472035180171247,0.8601019085639114,0.1398980914360885,360.0,6390.0,False,6760.0,0.0,0.9999999999613046,10,operational,63,0.6382978723404256
0.3902608598878136,0.6097391401121863,0.8601019085639114,0.1398980914360885,360.0,,True,6760.0,1.0,0.9248791786558138,11,operational,63,0.6382978723404256
0.896174703129244,0.103825296870756,0.6033783214511395,0.3966216785488605,360.0,2350.0,False,6760.0,0.0,0.9999999999999976,00,operational,64,0.375886524822695
0.875506378453756,0.124493621546244,0.6033783214511395,0.3966216785488605,360.0,2870.0,False,6760.0,0.0,0.9999999999999976,01,operational,64,0.375886524822695
0.8917733127475145,0.1082266872524855,0.6366731105033093,0.3633268894966907,360.0,2350.0,False,6760.0,0.0,0.9999999999999976,10,operational,64,0.375886524822695
0.8727331353527649,0.1272668646472351,0.6366731105033093,0.3633268894966907,360.0,2780.0,False,6760.0,0.0,0.9999999999999976,11,operational,64,0.375886524822695
0.7711967219366768,0.2288032780633232,0.5794271352068364,0.4205728647931636,360.0,4120.0,False,6760.0,0.0,0.9999999999999976,00,operational,65,0.4184397163120567
0.743635675078761,0.2563643249212389,0.5794271352068364,0.4205728647931636,360.0,5440.0,False,6760.0,0.0,0.9999999999999976,01,operational,65,0.4184397163120567
0.7596787407808767,0.2403212592191232,0.600524280500505,0.399475719499495,360.0,4120.0,False,6760.0,0.0,0.9999999999999976,10,operational,65,0.4184397163120567
0.6488723360356523,0.3511276639643477,0.6005242805005051,0.3994757194994949,360.0,,True,6760.0,1.0,0.7717890050583598,11,operational,65,0.4184397163120567
0.9294507675878608,0.0705492324121392,0.3698335253927547,0.6301664746072453,360.0,2070.0,False,6760.0,0.0,0.9999999999999976,00,operational,66,0.3404255319148936
0.9052934582038832,0.0947065417961169,0.3698335253927547,0.6301664746072453,360.0,2770.0,False,6760.0,0.0,0.9999999999999976,01,operational,66,0.3404255319148936
0.9239875182914402,0.0760124817085597,0.4121236018540815,0.5878763981459185,360.0,2070.0,False,6760.0,0.0,0.9999999999999976,10,operational,66,0.3404255319148936
0.902295903705877,0.097704096294123,0.4121236018540815,0.5878763981459185,360.0,2850.0,False,6760.0,0.0,0.9999999999999976,11,operational,66,0.3404255319148936
0.9720526802850392,0.0279473197149607,0.4051310883810561,0.5948689116189438,360.0,1090.0,False,6760.0,0.0,0.9999999999999976,00,operational,67,0.2411347517730496
0.9715174930503968,0.0284825069496031,0.4051310883810561,0.5948689116189438,360.0,1150.0,False,6760.0,0.0,0.9999999999999976,01,operational,67,0.2411347517730496
0.9715594759221144,0.0284405240778856,0.4091645718966707,0.5908354281033292,360.0,1090.0,False,6760.0,0.0,0.9999999999999976,10,operational,67,0.2411347517730496
0.9704695738566792,0.0295304261433209,0.4091645718966707,0.5908354281033292,360.0,1170.0,False,6760.0,0.0,0.9999999999999976,11,operational,67,0.2411347517730496
0.7774420628208834,0.2225579371791166,0.7752674758232995,0.2247325241767005,360.0,3830.0,False,6760.0,0.0,0.9999999999999976,00,operational,68,0.5319148936170213
0.7228131955896658,0.2771868044103341,0.7752674758232995,0.2247325241767005,360.0,5030.0,False,6760.0,0.0,0.9999999999999976,01,operational,68,0.5319148936170213
0.7683577128555794,0.2316422871444206,0.8109451289917186,0.1890548710082814,360.0,3830.0,False,6760.0,0.0,0.9999999999999976,10,operational,68,0.5319148936170213
0.6671035859830389,0.3328964140169611,0.8109451289917186,0.1890548710082814,360.0,,True,6760.0,1.0,0.8893731202453783,11,operational,68,0.5319148936170213
0.7331914471957403,0.2668085528042597,0.6581900138975366,0.3418099861024634,360.0,4650.0,False,6760.0,0.0,0.9999999999999976,00,operational,69,0.4822695035460992
0.6856755584573745,0.3143244415426255,0.6581900138758914,0.3418099861241087,360.0,6070.0,False,6760.0,0.0,0.9999999999999976,01,operational,69,0.4822695035460992
0.717432293897377,0.282567706102623,0.6766426282582243,0.3233573717417757,360.0,4650.0,False,6760.0,0.0,0.9999999999999976,10,operational,69,0.4822695035460992
0.6043464822921617,0.3956535177078383,0.6766426282436521,0.3233573717563479,360.0,,True,6760.0,1.0,0.7717890050583598,11,operational,69,0.4822695035460992
0.9066162191462452,0.0933837808537547,0.4461440572046422,0.5538559427953578,360.0,2730.0,False,6760.0,0.0,0.9999999999999976,00,operational,70,0.3191489361702128
0.8853242890254472,0.1146757109745527,0.4461440572046422,0.5538559427953578,360.0,3490.0,False,6760.0,0.0,0.9999999999999976,01,operational,70,0.3191489361702128
0.8810116419671387,0.1189883580328613,0.5688735792550449,0.4311264207449551,360.0,2730.0,False,6760.0,0.0,0.9999999999999976,10,operational,70,0.3191489361702128
0.7047359695359937,0.2952640304640063,0.5688735792550449,0.4311264207449551,360.0,,True,6760.0,1.0,0.7505515843940664,11,operational,70,0.3191489361702128
0.8940938872154194,0.1059061127845806,0.4121107487077712,0.5878892512922288,360.0,2740.0,False,6760.0,0.0,0.9999999999999976,00,operational,71,0.3971631205673759
0.8768851500535623,0.1231148499464377,0.4121107487077712,0.5878892512922288,360.0,3380.0,False,6760.0,0.0,0.9999999999999976,01,operational,71,0.3971631205673759
0.8865267687797362,0.1134732312202637,0.4407657177947589,0.5592342822052411,360.0,2740.0,False,6760.0,0.0,0.9999999999999976,10,operational,71,0.3971631205673759
0.8715010012030471,0.1284989987969529,0.4407657177947589,0.5592342822052411,360.0,3350.0,False,6760.0,0.0,0.9999999999999976,11,operational,71,0.3971631205673759
0.8750835023035364,0.1249164976964636,0.6431248482398598,0.3568751517601402,360.0,2330.0,False,6760.0,0.0,0.9999999999999976,00,operational,72,0.3049645390070922
0.8702603951548906,0.1297396048451093,0.6431248482398598,0.3568751517601402,360.0,2760.0,False,6760.0,0.0,0.9999999999999976,01,operational,72,0.3049645390070922
0.8697479206949704,0.1302520793050295,0.6641305195846511,0.3358694804153489,360.0,2330.0,False,6760.0,0.0,0.9999999999999976,10,operational,72,0.3049645390070922
0.8667659943013405,0.1332340056986595,0.6641305195846511,0.3358694804153489,360.0,2800.0,False,6760.0,0.0,0.9999999999999976,11,operational,72,0.3049645390070922
0.8037023161370968,0.1962976838629032,0.6744777800325165,0.3255222199674835,360.0,3530.0,False,6760.0,0.0,0.9999999999999976,00,operational,73,0.4397163120567376
0.7425259480918415,0.2574740519081585,0.6744777800325165,0.3255222199674835,360.0,4660.0,False,6760.0,0.0,0.9999999999999976,01,operational,73,0.4397163120567376
0.7994262929964735,0.2005737070035265,0.6796482466184084,0.3203517533815915,360.0,3530.0,False,6760.0,0.0,0.9999999999999976,10,operational,73,0.4397163120567376
0.7008433886700363,0.2991566113299637,0.6796482466184084,0.3203517533815915,360.0,,True,6760.0,1.0,0.8461534867332533,11,operational,73,0.4397163120567376
0.8707505406847136,0.1292494593152864,0.482737375236388,0.517262624763612,360.0,2960.0,False,6760.0,0.0,0.9999999999999976,00,operational,74,0.3971631205673759
0.8482364249725401,0.1517635750274598,0.482737375236388,0.517262624763612,360.0,3700.0,False,6760.0,0.0,0.9999999999999976,01,operational,74,0.3971631205673759
0.8674799212642844,0.1325200787357155,0.4873208426763584,0.5126791573236416,360.0,2960.0,False,6760.0,0.0,0.9999999999999976,10,operational,74,0.3971631205673759
0.8465958993998527,0.1534041006001473,0.4873208426763584,0.5126791573236416,360.0,3660.0,False,6760.0,0.0,0.9999999999999976,11,operational,74,0.3971631205673759
0.8912234980193853,0.1087765019806147,0.4614383032054394,0.5385616967945606,360.0,2690.0,False,6760.0,0.0,0.9999999999999976,00,operational,75,0.3829787234042553
0.8730295442480539,0.1269704557519461,0.4614383032054394,0.5385616967945606,360.0,3230.0,False,6760.0,0.0,0.9999999999999976,01,operational,75,0.3829787234042553
0.8808294462558439,0.119170553744156,0.509743469320165,0.490256530679835,360.0,2690.0,False,6760.0,0.0,0.9999999999999976,10,operational,75,0.3829787234042553
0.819166046596082,0.1808339534039179,0.509743469320165,0.490256530679835,360.0,,True,6760.0,1.0,0.9317812653019064,11,operational,75,0.3829787234042553
0.6687076748147598,0.3312923251852402,0.7648319782141945,0.2351680217858055,360.0,4890.0,False,6760.0,0.0,0.9999999999999976,00,operational,76,0.524822695035461
0.609030896471728,0.3909691035282719,0.7648319782141945,0.2351680217858055,360.0,,True,6760.0,1.0,0.984471587411296,01,operational,76,0.524822695035461
0.6635516320287455,0.3364483679712545,0.7690163966262732,0.2309836033737268,360.0,4890.0,False,6760.0,0.0,0.9999999999999976,10,operational,76,0.524822695035461
0.3869189420699367,0.6130810579300632,0.7690163966262732,0.2309836033737268,360.0,,True,6760.0,1.0,0.4308911654063574,11,operational,76,0.524822695035461
0.8519420508261165,0.1480579491738834,0.4186381860097862,0.5813618139902138,360.0,3400.0,False,6760.0,0.0,0.9999999999999976,00,operational,77,0.3333333333333333
0.8126615504495666,0.1873384495504334,0.4186381860097862,0.5813618139902138,360.0,4480.0,False,6760.0,0.0,0.9999999999999976,01,operational,77,0.3333333333333333
0.838356011469555,0.161643988530445,0.4438494413025522,0.5561505586974478,360.0,3400.0,False,6760.0,0.0,0.9999999999999976,10,operational,77,0.3333333333333333
0.7219296710139584,0.2780703289860415,0.4438494413025522,0.5561505586974478,360.0,,True,6760.0,1.0,0.8087461958770292,11,operational,77,0.3333333333333333
0.798079190266307,0.2019208097336929,0.6799364228313874,0.3200635771686125,360.0,3710.0,False,6760.0,0.0,0.9999999999999974,00,operational,78,0.5106382978723404
0.7713166175964882,0.2286833824035118,0.6799364228313874,0.3200635771686125,360.0,4700.0,False,6760.0,0.0,0.9999999999999974,01,operational,78,0.5106382978723404
0.7897075513433537,0.2102924486566463,0.69892330003629,0.3010766999637099,360.0,3710.0,False,6760.0,0.0,0.9999999999999974,10,operational,78,0.5106382978723404
0.7644823111449763,0.2355176888550236,0.69892330003629,0.3010766999637099,360.0,4500.0,False,6760.0,0.0,0.9999999999999976,11,operational,78,0.5106382978723404
0.878463803879939,0.1215361961200609,0.4462880614993281,0.5537119385006719,360.0,2750.0,False,6760.0,0.0,0.9999999999999974,00,operational,79,0.3617021276595745
0.8645373720303353,0.1354626279696646,0.4462880614993281,0.5537119385006719,360.0,3230.0,False,6760.0,0.0,0.9999999999999974,01,operational,79,0.3617021276595745
0.8747197667743896,0.1252802332256104,0.4630072747283786,0.5369927252716213,360.0,2750.0,False,6760.0,0.0,0.9999999999999974,10,operational,79,0.3617021276595745
0.8613397506100464,0.1386602493899535,0.4630072747283786,0.5369927252716213,360.0,3230.0,False,6760.0,0.0,0.9999999999999974,11,operational,79,0.3617021276595745
0.9294888566487268,0.070511143351273,0.425358040696032,0.574641959303968,360.0,1930.0,False,6760.0,0.0,0.9999999999999976,00,operational,80,0.3404255319148936
0.9169739955957164,0.0830260044042835,0.425358040696032,0.574641959303968,360.0,2370.0,False,6760.0,0.0,0.9999999999999976,01,operational,80,0.3404255319148936
0.9269640158374178,0.0730359841625821,0.4301924400172381,0.5698075599827619,360.0,1930.0,False,6760.0,0.0,0.9999999999999976,10,operational,80,0.3404255319148936
0.9125600541733472,0.0874399458266528,0.4301924400172381,0.5698075599827619,360.0,2420.0,False,6760.0,0.0,0.9999999999999976,11,operational,80,0.3404255319148936
0.7964253084899134,0.2035746915100865,0.7876565042282779,0.212343495771722,360.0,3510.0,False,6760.0,0.0,0.9999999999999976,00,operational,81,0.4964539007092198
0.7327429862295998,0.2672570137704002,0.7876565042282779,0.212343495771722,360.0,4340.0,False,6760.0,0.0,0.9999999999999976,01,operational,81,0.4964539007092198
0.7909733542881774,0.2090266457118226,0.8100473460550532,0.1899526539449468,360.0,3510.0,False,6760.0,0.0,0.9999999999999976,10,operational,81,0.4964539007092198
0.0948520999187001,0.9051479000813,0.8100473460550532,0.1899526539449468,360.0,,True,6760.0,1.0,0.0573586490545674,11,operational,81,0.4964539007092198
0.7746266412812667,0.2253733587187333,0.75159588049923,0.2484041195007699,360.0,3680.0,False,6760.0,0.0,0.9999999999999976,00,operational,82,0.4539007092198581
0.7083667681586545,0.2916332318413455,0.75159588049923,0.2484041195007699,360.0,5040.0,False,6760.0,0.0,0.9999999999999976,01,operational,82,0.4539007092198581
0.7706418328984534,0.2293581671015465,0.7663727659910456,0.2336272340089543,360.0,3680.0,False,6760.0,0.0,0.9999999999999976,10,operational,82,0.4539007092198581
0.7327886819354363,0.2672113180645636,0.7663727659910456,0.2336272340089543,360.0,4610.0,False,6760.0,0.0,0.9999999999999976,11,operational,82,0.4539007092198581
0.9562984564725134,0.0437015435274865,0.3271768612414986,0.6728231387585014,360.0,1560.0,False,6760.0,0.0,0.9999999999999976,00,operational,83,0.2411347517730496
0.9550511397139696,0.0449488602860302,0.3271768612414986,0.6728231387585014,360.0,1640.0,False,6760.0,0.0,0.9999999999999976,01,operational,83,0.2411347517730496
0.9527668391660872,0.0472331608339127,0.3469851429027001,0.6530148570972999,360.0,1560.0,False,6760.0,0.0,0.9999999999999976,10,operational,83,0.2411347517730496
0.9509374247043518,0.0490625752956481,0.3469851429027001,0.6530148570972999,360.0,1650.0,False,6760.0,0.0,0.9999999999999976,11,operational,83,0.2411347517730496
0.9344194828620876,0.0655805171379124,0.4285559507338582,0.5714440492661418,360.0,1690.0,False,6760.0,0.0,0.9999999999999976,00,operational,84,0.2411347517730496
0.9156351386407796,0.0843648613592202,0.4285559507338582,0.5714440492661418,360.0,2140.0,False,6760.0,0.0,0.9999999999999976,01,operational,84,0.2411347517730496
0.9292131242399044,0.0707868757600956,0.4728981403324205,0.5271018596675795,360.0,1690.0,False,6760.0,0.0,0.9999999999999976,10,operational,84,0.2411347517730496
0.9202630474066698,0.0797369525933302,0.4728981403324205,0.5271018596675795,360.0,2110.0,False,6760.0,0.0,0.9999999999999976,11,operational,84,0.2411347517730496
0.9708240983968628,0.0291759016031371,0.2847109145814881,0.7152890854185119,360.0,1070.0,False,6760.0,0.0,0.9999999999999976,00,operational,85,0.2127659574468085
0.9695145817501296,0.0304854182498705,0.2847109145814881,0.7152890854185119,360.0,1130.0,False,6760.0,0.0,0.9999999999999976,01,operational,85,0.2127659574468085
0.9708240983968628,0.0291759016031371,0.2847109145814881,0.7152890854185119,360.0,1070.0,False,6760.0,0.0,0.9999999999999976,10,operational,85,0.2127659574468085
0.9695145817501296,0.0304854182498705,0.2847109145814881,0.7152890854185119,360.0,1130.0,False,6760.0,0.0,0.9999999999999976,11,operational,85,0.2127659574468085
0.8880534158292048,0.1119465841707951,0.6555891877630379,0.3444108122369621,360.0,2060.0,False,6760.0,0.0,0.9999999999999976,00,operational,86,0.2553191489361702
0.8831826342986566,0.1168173657013433,0.6555891877630379,0.3444108122369621,360.0,2390.0,False,6760.0,0.0,0.9999999999999976,01,operational,86,0.2553191489361702
0.8827942753890412,0.1172057246109588,0.672454740635837,0.327545259364163,360.0,2060.0,False,6760.0,0.0,0.9999999999999976,10,operational,86,0.2553191489361702
0.8270522509536382,0.1729477490463618,0.672454740635837,0.327545259364163,360.0,,True,6760.0,1.0,0.93178126576305,11,operational,86,0.2553191489361702
0.9244936551157492,0.0755063448842506,0.3827574494873959,0.6172425505126041,360.0,1970.0,False,6760.0,0.0,0.9999999999999976,00,operational,87,0.3049645390070922
0.9117634527024584,0.0882365472975417,0.3827574494873959,0.6172425505126041,360.0,2370.0,False,6760.0,0.0,0.9999999999999976,01,operational,87,0.3049645390070922
0.922133339642619,0.0778666603573809,0.3880849301569669,0.6119150698430331,360.0,1970.0,False,6760.0,0.0,0.9999999999999976,10,operational,87,0.3049645390070922
0.8656766875434678,0.1343233124565321,0.3880849301569669,0.6119150698430331,360.0,,True,6760.0,1.0,0.9317812656734458,11,operational,87,0.3049645390070922
0.9584825105031004,0.0415174894968997,0.5302422444387804,0.4697577555612195,360.0,1190.0,False,6760.0,0.0,0.9999999999999976,00,operational,88,0.2198581560283688
0.946553642369434,0.053446357630566,0.5302422444387804,0.4697577555612195,360.0,1490.0,False,6760.0,0.0,0.9999999999999976,01,operational,88,0.2198581560283688
0.958289036414398,0.0417109635856018,0.5355381651325584,0.4644618348674417,300.0,1190.0,False,6760.0,0.0,0.9999999999999976,10,operational,88,0.2198581560283688
0.9454490155020802,0.0545509844979198,0.5355381651325584,0.4644618348674417,300.0,1490.0,False,6760.0,0.0,0.9999999999999976,11,operational,88,0.2198581560283688
0.8357944953767182,0.1642055046232817,0.6225204830735639,0.3774795169264361,360.0,3320.0,False,6760.0,0.0,0.9999999999999976,00,operational,89,0.3829787234042553
0.8239104445681595,0.1760895554318404,0.6225204830735639,0.3774795169264361,360.0,4500.0,False,6760.0,0.0,0.9999999999999976,01,operational,89,0.3829787234042553
0.8276292330523158,0.1723707669476841,0.6492573004149524,0.3507426995850476,360.0,3320.0,False,6760.0,0.0,0.9999999999999976,10,operational,89,0.3829787234042553
0.8198119327269261,0.1801880672730739,0.6492573004149524,0.3507426995850476,360.0,4500.0,False,6760.0,0.0,0.9999999999999976,11,operational,89,0.3829787234042553
0.9257879670139014,0.0742120329860985,0.3732960941477025,0.6267039058522975,360.0,2410.0,False,6760.0,0.0,0.9999999999999976,00,operational,90,0.3191489361702128
0.9152064078788448,0.0847935921211553,0.3732960941477025,0.6267039058522975,360.0,2860.0,False,6760.0,0.0,0.9999999999999976,01,operational,90,0.3191489361702128
0.9167668962477968,0.0832331037522032,0.4109855772662689,0.5890144227337311,360.0,2410.0,False,6760.0,0.0,0.9999999999999976,10,operational,90,0.3191489361702128
0.909154590887468,0.090845409112532,0.4109855772662689,0.5890144227337311,360.0,2850.0,False,6760.0,0.0,0.9999999999999976,11,operational,90,0.3191489361702128
0.8797469991360122,0.1202530008639878,0.4673462473497715,0.5326537526502285,360.0,2940.0,False,6760.0,0.0,0.9999999999999976,00,operational,91,0.4822695035460992
0.8436218859493945,0.1563781140506055,0.4673462473497715,0.5326537526502285,360.0,3790.0,False,6760.0,0.0,0.9999999999999976,01,operational,91,0.4822695035460992
0.8746628620240299,0.1253371379759701,0.4948070202291589,0.5051929797708411,360.0,2940.0,False,6760.0,0.0,0.9999999999999976,10,operational,91,0.4822695035460992
0.7756904871793507,0.2243095128206492,0.4948070202291589,0.5051929797708411,360.0,3370.0,False,6760.0,0.0,0.9999999999999976,11,operational,91,0.4822695035460992
0.9693528315469466,0.0306471684530533,0.3604299704450466,0.6395700295549533,360.0,1000.0,False,6760.0,0.0,0.9999999999999976,00,operational,92,0.1843971631205673
0.9672509399919138,0.0327490600080861,0.3604299704450466,0.6395700295549533,360.0,1130.0,False,6760.0,0.0,0.9999999999999976,01,operational,92,0.1843971631205673
0.9677091099634756,0.0322908900365245,0.4130444131663098,0.5869555868336902,360.0,1000.0,False,6760.0,0.0,0.9999999999999976,10,operational,92,0.1843971631205673
0.9657590547586424,0.0342409452413575,0.4130444131663098,0.5869555868336902,360.0,1130.0,False,6760.0,0.0,0.9999999999999976,11,operational,92,0.1843971631205673
0.8699450420911533,0.1300549579088467,0.6082505758307807,0.3917494241692193,360.0,2810.0,False,6760.0,0.0,0.9999999999999974,00,operational,93,0.3971631205673759
0.8516135894531792,0.1483864105468207,0.6082505758307807,0.3917494241692193,360.0,3670.0,False,6760.0,0.0,0.9999999999999974,01,operational,93,0.3971631205673759
0.8618366161512073,0.1381633838487926,0.6552726701102878,0.3447273298897121,360.0,2810.0,False,6760.0,0.0,0.9999999999999974,10,operational,93,0.3971631205673759
0.838644919144186,0.1613550808558139,0.6552726701102878,0.3447273298897121,360.0,3660.0,False,6760.0,0.0,0.9999999999999974,11,operational,93,0.3971631205673759
0.8139478729178986,0.1860521270821014,0.7590227746465203,0.2409772253534796,360.0,3150.0,False,6760.0,0.0,0.9999999999999976,00,operational,94,0.4184397163120567
0.759851318112802,0.2401486818871979,0.7590227746465203,0.2409772253534796,360.0,4230.0,False,6760.0,0.0,0.9999999999999976,01,operational,94,0.4184397163120567
0.8065979932485438,0.1934020067514562,0.7779034371762454,0.2220965628237545,360.0,3150.0,False,6760.0,0.0,0.9999999999999976,10,operational,94,0.4184397163120567
0.7839650149889593,0.2160349850110406,0.7779034371762454,0.2220965628237545,360.0,3940.0,False,6760.0,0.0,0.9999999999999976,11,operational,94,0.4184397163120567
0.7289650594615343,0.2710349405384656,0.7127943103063856,0.2872056896936143,360.0,4410.0,False,6760.0,0.0,0.9999999999999976,00,operational,95,0.4609929078014184
0.6549145584862086,0.3450854415137914,0.7127943103063856,0.2872056896936143,360.0,6150.0,False,6760.0,0.0,0.9999999999999974,01,operational,95,0.4609929078014184
0.7215440587605304,0.2784559412394696,0.7166730900358917,0.2833269099641082,360.0,4410.0,False,6760.0,0.0,0.9999999999999976,10,operational,95,0.4609929078014184
0.691636962544547,0.308363037455453,0.7166730900358917,0.2833269099641082,360.0,5970.0,False,6760.0,0.0,0.9999999999999976,11,operational,95,0.4609929078014184
0.8635558448817588,0.1364441551182411,0.6666744526137574,0.3333255473862427,360.0,2860.0,False,6760.0,0.0,0.9999999999999976,00,operational,96,0.4184397163120567
0.8087030229727001,0.1912969770272998,0.6666744526137574,0.3333255473862427,360.0,3770.0,False,6760.0,0.0,0.9999999999999976,01,operational,96,0.4184397163120567
0.8503604937073276,0.1496395062926724,0.7455018037832821,0.2544981962167179,360.0,2860.0,False,6760.0,0.0,0.9999999999999976,10,operational,96,0.4184397163120567
0.8169583548782501,0.1830416451217499,0.7455018037832821,0.2544981962167179,360.0,3770.0,False,6760.0,0.0,0.9999999999999976,11,operational,96,0.4184397163120567
0.892207023472315,0.107792976527685,0.6234820508842474,0.3765179491157526,360.0,2140.0,False,6760.0,0.0,0.9999999999999976,00,operational,97,0.2836879432624113
0.8858755631905509,0.114124436809449,0.6234820508842474,0.3765179491157526,360.0,2500.0,False,6760.0,0.0,0.9999999999999976,01,operational,97,0.2836879432624113
0.8877615009368846,0.1122384990631154,0.6500841112984245,0.3499158887015755,360.0,2140.0,False,6760.0,0.0,0.9999999999999976,10,operational,97,0.2836879432624113
0.8834928602773847,0.1165071397226152,0.6500841112984245,0.3499158887015755,360.0,2500.0,False,6760.0,0.0,0.9999999999999976,11,operational,97,0.2836879432624113
0.9538408093149552,0.0461591906850449,0.4197835825839736,0.5802164174160264,360.0,1420.0,False,6760.0,0.0,0.9999999999999976,00,operational,98,0.2198581560283688
0.9470395144098804,0.0529604855901195,0.4197835825839736,0.5802164174160264,360.0,1610.0,False,6760.0,0.0,0.9999999999999976,01,operational,98,0.2198581560283688
0.9492766240845648,0.0507233759154351,0.4420862751681017,0.5579137248318983,360.0,1420.0,False,6760.0,0.0,0.9999999999999976,10,operational,98,0.2198581560283688
0.9419372988455886,0.0580627011544113,0.4420862751681017,0.5579137248318983,360.0,1680.0,False,6760.0,0.0,0.9999999999999976,11,operational,98,0.2198581560283688
0.8805334829339572,0.1194665170660428,0.5962022934101538,0.4037977065898461,360.0,2650.0,False,6760.0,0.0,0.9999999999999976,00,operational,99,0.3617021276595745
0.8689373231183227,0.1310626768816772,0.5962022934101538,0.4037977065898461,360.0,3140.0,False,6760.0,0.0,0.9999999999999976,01,operational,99,0.3617021276595745
0.8671397947553277,0.1328602052446723,0.6515678894106939,0.3484321105893061,360.0,2650.0,False,6760.0,0.0,0.9999999999999976,10,operational,99,0.3617021276595745
0.8529951305908406,0.1470048694091593,0.6515678894106939,0.3484321105893061,360.0,3170.0,False,6760.0,0.0,0.9999999999999976,11,operational,99,0.3617021276595745
0.9044022714564056,0.0955977285435945,0.6687653108515829,0.3312346891484171,360.0,2510.0,False,6760.0,0.0,0.9999999999999976,00,operational,100,0.4113475177304964
0.8991300835454066,0.1008699164545934,0.6687653108515829,0.3312346891484171,360.0,3050.0,False,6760.0,0.0,0.9999999999999976,01,operational,100,0.4113475177304964
0.8953265904994574,0.1046734095005426,0.7335467974289636,0.2664532025710364,360.0,2510.0,False,6760.0,0.0,0.9999999999999976,10,operational,100,0.4113475177304964
0.7796816533999921,0.2203183466000079,0.7335467974289636,0.2664532025710364,360.0,,True,6760.0,1.0,0.8325521758208543,11,operational,100,0.4113475177304964
0.9174236981834076,0.0825763018165923,0.6211610546220666,0.3788389453779334,360.0,1780.0,False,6760.0,0.0,0.9999999999999976,00,operational,101,0.2978723404255319
0.9131762185160026,0.0868237814839973,0.6211610546220666,0.3788389453779334,360.0,1960.0,False,6760.0,0.0,0.9999999999999976,01,operational,101,0.2978723404255319
0.9109224802036888,0.089077519796311,0.6734382995229895,0.3265617004770104,360.0,1780.0,False,6760.0,0.0,0.9999999999999976,10,operational,101,0.2978723404255319
0.9030728411817596,0.0969271588182403,0.6734382995229895,0.3265617004770104,360.0,1970.0,False,6760.0,0.0,0.9999999999999976,11,operational,101,0.2978723404255319
0.7311795830501129,0.2688204169498871,0.7346832812155597,0.2653167187844403,360.0,4520.0,False,6760.0,0.0,0.9999999999999976,00,operational,102,0.6099290780141844
0.7065076400276923,0.2934923599723077,0.7346832812155396,0.2653167187844604,360.0,5700.0,False,6760.0,0.0,0.9999999999999976,01,operational,102,0.6099290780141844
0.723548225828323,0.276451774171677,0.7477331059628893,0.2522668940371106,360.0,4520.0,False,6760.0,0.0,0.9999999999999976,10,operational,102,0.6099290780141844
0.6794801634214082,0.3205198365785918,0.7477331059630019,0.2522668940369981,360.0,,True,6760.0,1.0,0.8893731202250903,11,operational,102,0.6099290780141844
0.9478459118693112,0.0521540881306888,0.3683988709721798,0.6316011290278202,360.0,1540.0,False,6760.0,0.0,0.9999999999999976,00,operational,103,0.2198581560283688
0.9359224354179584,0.0640775645820416,0.3683988709721798,0.6316011290278202,360.0,1910.0,False,6760.0,0.0,0.9999999999999976,01,operational,103,0.2198581560283688
0.9435614396473228,0.0564385603526771,0.403290524196955,0.596709475803045,360.0,1540.0,False,6760.0,0.0,0.9999999999999976,10,operational,103,0.2198581560283688
0.8823648007926687,0.1176351992073313,0.403290524196955,0.596709475803045,360.0,,True,6760.0,1.0,0.9317812656734458,11,operational,103,0.2198581560283688
0.8789594854938985,0.1210405145061015,0.6968649274698753,0.3031350725301246,360.0,2570.0,False,6760.0,0.0,0.9999999999999976,00,operational,104,0.3829787234042553
0.8702185972467422,0.1297814027532577,0.6968649274698753,0.3031350725301246,360.0,3200.0,False,6760.0,0.0,0.9999999999999976,01,operational,104,0.3829787234042553
0.873877579864985,0.1261224201350149,0.7302150017646067,0.2697849982353933,360.0,2570.0,False,6760.0,0.0,0.9999999999999976,10,operational,104,0.3829787234042553
0.8688341175137514,0.1311658824862486,0.7302150017646067,0.2697849982353933,360.0,3170.0,False,6760.0,0.0,0.9999999999999976,11,operational,104,0.3829787234042553
0.6603643090036327,0.3396356909963672,0.759433078264447,0.240566921735553,360.0,4950.0,False,6760.0,0.0,0.9999999999999976,00,operational,105,0.4893617021276595
0.5858899236760531,0.4141100763239469,0.759433078264447,0.240566921735553,360.0,,True,6760.0,1.0,0.9480086403659816,01,operational,105,0.4893617021276595
0.6526006959019632,0.3473993040980367,0.7692728198069674,0.2307271801930326,360.0,4950.0,False,6760.0,0.0,0.9999999999999976,10,operational,105,0.4893617021276595
0.0956319318643436,0.9043680681356564,0.7692728198069674,0.2307271801930326,360.0,,True,6760.0,1.0,0.0430744029437232,11,operational,105,0.4893617021276595
0.854089454566972,0.1459105454330279,0.6757431821980211,0.3242568178019788,360.0,2690.0,False,6760.0,0.0,0.9999999999999976,00,operational,106,0.375886524822695
0.8475528065750739,0.152447193424926,0.6757431821980211,0.3242568178019788,360.0,3230.0,False,6760.0,0.0,0.9999999999999976,01,operational,106,0.375886524822695
0.8470227806789012,0.1529772193210987,0.6911270164139618,0.3088729835860382,360.0,2690.0,False,6760.0,0.0,0.9999999999999976,10,operational,106,0.375886524822695
0.834949780022318,0.165050219977682,0.6911270164139618,0.3088729835860382,360.0,3370.0,False,6760.0,0.0,0.9999999999999976,11,operational,106,0.375886524822695
0.9757099836242156,0.0242900163757845,0.215029661415636,0.7849703385843639,360.0,1060.0,False,6760.0,0.0,0.9999999999999976,00,operational,107,0.1773049645390071
0.9738862349265316,0.0261137650734685,0.215029661415636,0.7849703385843639,360.0,1150.0,False,6760.0,0.0,0.9999999999999976,01,operational,107,0.1773049645390071
0.9739654870091944,0.0260345129908055,0.2540021744919307,0.7459978255080693,360.0,1060.0,False,6760.0,0.0,0.9999999999999976,10,operational,107,0.1773049645390071
0.9717133938875814,0.0282866061124186,0.2540021744919307,0.7459978255080693,360.0,1150.0,False,6760.0,0.0,0.9999999999999976,11,operational,107,0.1773049645390071
0.7538962077119159,0.2461037922880841,0.6720785984799916,0.3279214015200083,360.0,4470.0,False,6760.0,0.0,0.9999999999999976,00,operational,108,0.5673758865248227
0.6908726539027915,0.3091273460972085,0.6720785984799916,0.3279214015200083,360.0,6110.0,False,6760.0,0.0,0.9999999999999976,01,operational,108,0.5673758865248227
0.7383035377095258,0.2616964622904741,0.7313939928464719,0.2686060071535281,360.0,4470.0,False,6760.0,0.0,0.9999999999999976,10,operational,108,0.5673758865248227
0.4504604736180288,0.5495395263819711,0.7313939928464719,0.2686060071535281,360.0,,True,6760.0,1.0,0.4827967470944836,11,operational,108,0.5673758865248227
0.7796141574418827,0.2203858425581173,0.7256894816199018,0.2743105183800982,360.0,3860.0,False,6760.0,0.0,0.9999999999999976,00,operational,109,0.524822695035461
0.7594563153812254,0.2405436846187746,0.7256894816199018,0.2743105183800982,360.0,5400.0,False,6760.0,0.0,0.9999999999999976,01,operational,109,0.524822695035461
0.7688785136047322,0.2311214863952677,0.7610451383182064,0.2389548616817935,360.0,3860.0,False,6760.0,0.0,0.9999999999999976,10,operational,109,0.524822695035461
0.7231189526679206,0.2768810473320794,0.7610451383182064,0.2389548616817935,360.0,,True,6760.0,1.0,0.8893731197842346,11,operational,109,0.524822695035461
0.7692723841841029,0.230727615815897,0.7471049584703093,0.2528950415296907,360.0,3740.0,False,6760.0,0.0,0.9999999999999976,00,operational,110,0.4184397163120567
0.6744212136215013,0.3255787863784987,0.7471049584703093,0.2528950415296907,360.0,4720.0,False,6760.0,0.0,0.9999999999999976,01,operational,110,0.4184397163120567
0.7643481685589397,0.2356518314410602,0.7505970215442531,0.2494029784557468,360.0,3740.0,False,6760.0,0.0,0.9999999999999976,10,operational,110,0.4184397163120567
0.1069404123096072,0.8930595876903927,0.7505970215442531,0.2494029784557468,360.0,,True,6760.0,1.0,0.0573586490545674,11,operational,110,0.4184397163120567
0.9302077856316072,0.0697922143683928,0.5143035700466791,0.4856964299533209,360.0,1960.0,False,6760.0,0.0,0.9999999999999976,00,operational,111,0.3262411347517731
0.92573257671335,0.0742674232866501,0.5143035700466791,0.4856964299533209,360.0,2160.0,False,6760.0,0.0,0.9999999999999976,01,operational,111,0.3262411347517731
0.9267907553635274,0.0732092446364726,0.5660335560861929,0.433966443913807,360.0,1960.0,False,6760.0,0.0,0.9999999999999976,10,operational,111,0.3262411347517731
0.92231554644527,0.07768445355473,0.5660335560861929,0.433966443913807,360.0,2160.0,False,6760.0,0.0,0.9999999999999976,11,operational,111,0.3262411347517731
0.9205236106656214,0.0794763893343786,0.561039020376368,0.438960979623632,360.0,2310.0,False,6760.0,0.0,0.9999999999999976,00,operational,112,0.3829787234042553
0.9145568163594124,0.0854431836405874,0.561039020376368,0.438960979623632,360.0,2900.0,False,6760.0,0.0,0.9999999999999976,01,operational,112,0.3829787234042553
0.9124292233453885,0.0875707766546116,0.623798835358971,0.376201164641029,360.0,2310.0,False,6760.0,0.0,0.9999999999999976,10,operational,112,0.3829787234042553
0.8950469956574338,0.1049530043425661,0.623798835358971,0.376201164641029,360.0,3050.0,False,6760.0,0.0,0.9999999999999976,11,operational,112,0.3829787234042553
0.8464567725167851,0.1535432274832149,0.657328681240983,0.342671318759017,360.0,3110.0,False,6760.0,0.0,0.9999999999999976,00,operational,113,0.4680851063829787
0.8358860649548837,0.1641139350451163,0.657328681240983,0.342671318759017,360.0,3620.0,False,6760.0,0.0,0.9999999999999976,01,operational,113,0.4680851063829787
0.8405275498310243,0.1594724501689757,0.6855677518530684,0.3144322481469316,360.0,3110.0,False,6760.0,0.0,0.9999999999999976,10,operational,113,0.4680851063829787
0.8308360303161727,0.1691639696838273,0.6855677518530684,0.3144322481469316,360.0,3620.0,False,6760.0,0.0,0.9999999999999976,11,operational,113,0.4680851063829787
0.9262766716738232,0.0737233283261767,0.5094204520725092,0.4905795479274908,360.0,1940.0,False,6760.0,0.0,0.9999999999999976,00,operational,114,0.2978723404255319
0.9103423620950148,0.0896576379049851,0.5094204520725092,0.4905795479274908,360.0,2290.0,False,6760.0,0.0,0.9999999999999976,01,operational,114,0.2978723404255319
0.9153671462701074,0.0846328537298926,0.6271465623256409,0.372853437674359,360.0,1940.0,False,6760.0,0.0,0.9999999999999976,10,operational,114,0.2978723404255319
0.9002475413595987,0.0997524586404012,0.6271465623256409,0.372853437674359,360.0,2370.0,False,6760.0,0.0,0.9999999999999976,11,operational,114,0.2978723404255319
0.960310994402278,0.0396890055977219,0.4549658469194093,0.5450341530805907,360.0,1210.0,False,6760.0,0.0,0.9999999999999976,00,operational,115,0.1843971631205673
0.952453922181886,0.0475460778181139,0.4549658469194093,0.5450341530805907,360.0,1350.0,False,6760.0,0.0,0.9999999999999976,01,operational,115,0.1843971631205673
0.9544366231865536,0.0455633768134463,0.4814584934205651,0.5185415065794349,360.0,1220.0,False,6760.0,0.0,0.9999999999999976,10,operational,115,0.1843971631205673
0.95013996053569,0.04986003946431,0.4814584934205651,0.5185415065794349,360.0,1410.0,False,6760.0,0.0,0.9999999999999976,11,operational,115,0.1843971631205673
0.9141269806305388,0.0858730193694612,0.361285741042971,0.6387142589570289,360.0,2750.0,False,6760.0,0.0,0.9999999999999976,00,operational,116,0.4326241134751773
0.8908506925094072,0.1091493074905928,0.361285741042971,0.6387142589570289,360.0,3550.0,False,6760.0,0.0,0.9999999999999976,01,operational,116,0.4326241134751773
0.9067167666268342,0.0932832333731658,0.4026397846371512,0.5973602153628488,360.0,2750.0,False,6760.0,0.0,0.9999999999999976,10,operational,116,0.4326241134751773
0.8867046241888181,0.1132953758111818,0.4026397846371512,0.5973602153628488,360.0,3560.0,False,6760.0,0.0,0.9999999999999976,11,operational,116,0.4326241134751773
0.8239048595005631,0.1760951404994368,0.6700370281738535,0.3299629718261465,360.0,3610.0,False,6760.0,0.0,0.9999999999999976,00,operational,117,0.5177304964539007
0.7462353392410465,0.2537646607589535,0.6700370281738535,0.3299629718261465,360.0,4820.0,False,6760.0,0.0,0.9999999999999976,01,operational,117,0.5177304964539007
0.8037645502387402,0.1962354497612598,0.7549459638881726,0.2450540361118274,360.0,3610.0,False,6760.0,0.0,0.9999999999999976,10,operational,117,0.5177304964539007
0.3711739904618382,0.6288260095381617,0.7549459638881726,0.2450540361118274,360.0,,True,6760.0,1.0,0.3742628873627987,11,operational,117,0.5177304964539007
0.8837158119953585,0.1162841880046414,0.646550278657212,0.3534497213427879,360.0,2550.0,False,6760.0,0.0,0.9999999999999974,00,operational,118,0.4042553191489361
0.8755207718230111,0.1244792281769888,0.646550278657212,0.3534497213427879,360.0,3050.0,False,6760.0,0.0,0.9999999999999974,01,operational,118,0.4042553191489361
0.8780194830321655,0.1219805169678345,0.6627382657769088,0.3372617342230912,360.0,2550.0,False,6760.0,0.0,0.9999999999999974,10,operational,118,0.4042553191489361
0.7759826842746461,0.2240173157253538,0.6627382657769088,0.3372617342230912,360.0,,True,6760.0,1.0,0.8461534867332533,11,operational,118,0.4042553191489361
0.8120887798406845,0.1879112201593155,0.7170946202014388,0.2829053797985612,360.0,3360.0,False,6760.0,0.0,0.9999999999999976,00,operational,119,0.4609929078014184
0.782602179460083,0.2173978205399169,0.7170946202014388,0.2829053797985612,360.0,4610.0,False,6760.0,0.0,0.9999999999999976,01,operational,119,0.4609929078014184
0.8064219177958936,0.1935780822041064,0.7247345967889125,0.2752654032110875,360.0,3360.0,False,6760.0,0.0,0.9999999999999976,10,operational,119,0.4609929078014184
0.710447195892278,0.289552804107722,0.7247345967889125,0.2752654032110875,360.0,,True,6760.0,1.0,0.8462075581561571,11,operational,119,0.4609929078014184
0.8765728873793526,0.1234271126206474,0.6121050306633256,0.3878949693366744,360.0,2880.0,False,6760.0,0.0,0.9999999999999976,00,operational,120,0.425531914893617
0.8686275714086051,0.1313724285913948,0.6121050306633256,0.3878949693366744,360.0,3210.0,False,6760.0,0.0,0.9999999999999976,01,operational,120,0.425531914893617
0.8594752146249127,0.1405247853750872,0.7061091159334991,0.2938908840665008,360.0,2880.0,False,6760.0,0.0,0.9999999999999976,10,operational,120,0.425531914893617
0.8341288732520891,0.1658711267479109,0.7061091159334991,0.2938908840665008,360.0,3300.0,False,6760.0,0.0,0.9999999999999976,11,operational,120,0.425531914893617
0.9000551890034769,0.099944810996523,0.4010462181519652,0.5989537818480348,360.0,2760.0,False,6760.0,0.0,0.9999999999999976,00,operational,121,0.3546099290780142
0.8740839888865942,0.1259160111134057,0.4010462181519652,0.5989537818480348,360.0,3620.0,False,6760.0,0.0,0.9999999999999976,01,operational,121,0.3546099290780142
0.8867300785359977,0.1132699214640022,0.46413235436908,0.5358676456309199,360.0,2760.0,False,6760.0,0.0,0.9999999999999976,10,operational,121,0.3546099290780142
0.8053508652290613,0.1946491347709387,0.46413235436908,0.5358676456309199,360.0,,True,6760.0,1.0,0.8893731202250903,11,operational,121,0.3546099290780142
0.9074122961174182,0.0925877038825817,0.4088701008694105,0.5911298991305894,360.0,2430.0,False,6760.0,0.0,0.9999999999999976,00,operational,122,0.3333333333333333
0.8807384262473056,0.1192615737526944,0.4088701008694105,0.5911298991305894,360.0,3290.0,False,6760.0,0.0,0.9999999999999976,01,operational,122,0.3333333333333333
0.9006906527699209,0.0993093472300791,0.4316885527442429,0.5683114472557571,360.0,2430.0,False,6760.0,0.0,0.9999999999999976,10,operational,122,0.3333333333333333
0.7218908488325568,0.2781091511674431,0.4316885527442429,0.5683114472557571,360.0,,True,6760.0,1.0,0.7717890050583598,11,operational,122,0.3333333333333333
0.8390844983860343,0.1609155016139657,0.6899855109112953,0.3100144890887046,360.0,2850.0,False,6760.0,0.0,0.9999999999999974,00,operational,123,0.3687943262411347
0.822844922886168,0.177155077113832,0.6899855109112953,0.3100144890887046,360.0,3450.0,False,6760.0,0.0,0.9999999999999976,01,operational,123,0.3687943262411347
0.8336867732422808,0.1663132267577192,0.6970279657129261,0.3029720342870738,360.0,2850.0,False,6760.0,0.0,0.9999999999999974,10,operational,123,0.3687943262411347
0.7221314790237822,0.2778685209762178,0.6970279657129261,0.3029720342870738,360.0,,True,6760.0,1.0,0.8506156213344934,11,operational,123,0.3687943262411347
0.9341934618881238,0.0658065381118762,0.4516355509436226,0.5483644490563774,360.0,1680.0,False,6760.0,0.0,0.9999999999999976,00,operational,124,0.2624113475177305
0.9290152633766852,0.0709847366233147,0.4516355509436225,0.5483644490563775,360.0,1900.0,False,6760.0,0.0,0.9999999999999976,01,operational,124,0.2624113475177305
0.9308884237908308,0.069111576209169,0.4905514978533692,0.5094485021466307,360.0,1680.0,False,6760.0,0.0,0.9999999999999976,10,operational,124,0.2624113475177305
0.9257309803552244,0.0742690196447755,0.4905514978533692,0.5094485021466307,360.0,1900.0,False,6760.0,0.0,0.9999999999999976,11,operational,124,0.2624113475177305
0.9893604119170772,0.0106395880829227,0.1538503331845219,0.8461496668154781,360.0,630.0,False,6760.0,0.0,0.9999999999999976,00,operational,125,0.1205673758865248
0.9865202752543591,0.0134797247456408,0.1538503331845219,0.8461496668154781,360.0,780.0,False,6760.0,0.0,0.9999999999999976,01,operational,125,0.1205673758865248
0.9879156030578388,0.0120843969421611,0.2206984783009583,0.7793015216990417,360.0,630.0,False,6760.0,0.0,0.9999999999999976,10,operational,125,0.1205673758865248
0.9839533098020542,0.0160466901979458,0.2206984783009583,0.7793015216990417,360.0,810.0,False,6760.0,0.0,0.9999999999999976,11,operational,125,0.1205673758865248
0.8419532896632702,0.1580467103367298,0.4360247265200226,0.5639752734799773,360.0,3680.0,False,6760.0,0.0,0.9999999999999976,00,operational,126,0.4042553191489361
0.813488623732627,0.186511376267373,0.4360247265200226,0.5639752734799773,360.0,4830.0,False,6760.0,0.0,0.9999999999999976,01,operational,126,0.4042553191489361
0.8320890233075141,0.1679109766924859,0.4571205212079563,0.5428794787920437,360.0,3680.0,False,6760.0,0.0,0.9999999999999976,10,operational,126,0.4042553191489361
0.739621857038665,0.260378142961335,0.4571205212079563,0.5428794787920437,360.0,,True,6760.0,1.0,0.8461534867332533,11,operational,126,0.4042553191489361
0.932206432412819,0.067793567587181,0.5341703180886819,0.465829681911318,360.0,1620.0,False,6760.0,0.0,0.9999999999999974,00,operational,127,0.226950354609929
0.9249106946784702,0.0750893053215298,0.534170318088682,0.465829681911318,360.0,1960.0,False,6760.0,0.0,0.9999999999999974,01,operational,127,0.226950354609929
0.926366915080322,0.0736330849196781,0.5879681367471785,0.4120318632528215,360.0,1620.0,False,6760.0,0.0,0.9999999999999974,10,operational,127,0.226950354609929
0.9210309009265508,0.0789690990734491,0.5879681367471785,0.4120318632528215,360.0,1950.0,False,6760.0,0.0,0.9999999999999976,11,operational,127,0.226950354609929
0.9710518012955552,0.0289481987044447,0.2471557969454553,0.7528442030545447,360.0,1220.0,False,6760.0,0.0,0.9999999999999976,00,operational,128,0.226950354609929
0.9631498034062996,0.0368501965937003,0.2471557969454553,0.7528442030545447,360.0,1510.0,False,6760.0,0.0,0.9999999999999976,01,operational,128,0.226950354609929
0.9686002873894968,0.0313997126105033,0.3015189572697196,0.6984810427302803,360.0,1220.0,False,6760.0,0.0,0.9999999999999976,10,operational,128,0.226950354609929
0.9588258676136664,0.0411741323863334,0.3015189572697196,0.6984810427302803,360.0,1530.0,False,6760.0,0.0,0.9999999999999976,11,operational,128,0.226950354609929
0.9454625543848062,0.0545374456151938,0.3696951934396523,0.6303048065603477,360.0,1720.0,False,6760.0,0.0,0.9999999999999976,00,operational,129,0.2624113475177305
0.9322103889566472,0.0677896110433529,0.3696951934396523,0.6303048065603477,360.0,2140.0,False,6760.0,0.0,0.9999999999999976,01,operational,129,0.2624113475177305
0.9417649964024036,0.0582350035975962,0.4075789627144768,0.5924210372855232,360.0,1720.0,False,6760.0,0.0,0.9999999999999976,10,operational,129,0.2624113475177305
0.9286762285192288,0.071323771480771,0.4075789627144768,0.5924210372855232,360.0,2150.0,False,6760.0,0.0,0.9999999999999976,11,operational,129,0.2624113475177305
0.90747228271324,0.0925277172867601,0.6506042165918722,0.3493957834081277,360.0,2230.0,False,6760.0,0.0,0.9999999999999976,00,operational,130,0.3617021276595745
0.8949646682286627,0.1050353317713372,0.6506042165918722,0.3493957834081277,360.0,2900.0,False,6760.0,0.0,0.9999999999999976,01,operational,130,0.3617021276595745
0.894249181022904,0.105750818977096,0.784005670832512,0.2159943291674879,360.0,2230.0,False,6760.0,0.0,0.9999999999999976,10,operational,130,0.3617021276595745
0.8445019896007372,0.1554980103992628,0.784005670832512,0.2159943291674879,360.0,,True,6760.0,1.0,0.9317812653019064,11,operational,130,0.3617021276595745
0.8011908843934822,0.1988091156065178,0.7230111040580316,0.2769888959419684,360.0,3700.0,False,6760.0,0.0,0.9999999999999976,00,operational,131,0.5177304964539007
0.7826116410436537,0.2173883589563463,0.7230111040580316,0.2769888959419684,360.0,4320.0,False,6760.0,0.0,0.9999999999999976,01,operational,131,0.5177304964539007
0.7889704899034945,0.2110295100965055,0.7561656796805503,0.2438343203194498,360.0,3700.0,False,6760.0,0.0,0.9999999999999976,10,operational,131,0.5177304964539007
0.7227611323708051,0.2772388676291949,0.7561656796805503,0.2438343203194498,360.0,,True,6760.0,1.0,0.93592348784348,11,operational,131,0.5177304964539007
0.9763033702085132,0.0236966297914867,0.3748931310616308,0.6251068689383692,360.0,910.0,False,6760.0,0.0,0.9999999999999976,00,operational,132,0.1489361702127659
0.9754078277346449,0.0245921722653551,0.3748931310616308,0.6251068689383692,360.0,1010.0,False,6760.0,0.0,0.9999999999999976,01,operational,132,0.1489361702127659
0.9755524422930146,0.0244475577069853,0.3833963221193808,0.6166036778806192,360.0,910.0,False,6760.0,0.0,0.9999999999999976,10,operational,132,0.1489361702127659
0.9748899440172109,0.0251100559827892,0.3833963221193808,0.6166036778806192,360.0,1010.0,False,6760.0,0.0,0.9999999999999976,11,operational,132,0.1489361702127659
0.9399154412412584,0.0600845587587415,0.4047239355422591,0.5952760644577408,360.0,1690.0,False,6760.0,0.0,0.9999999999999974,00,operational,133,0.2907801418439716
0.9326846823364616,0.0673153176635382,0.4047239355422591,0.5952760644577408,360.0,1960.0,False,6760.0,0.0,0.9999999999999974,01,operational,133,0.2907801418439716
0.9389468139090598,0.0610531860909402,0.4102638657084214,0.5897361342915786,360.0,1690.0,False,6760.0,0.0,0.9999999999999974,10,operational,133,0.2907801418439716
0.9306998628524984,0.0693001371475015,0.4102638657084214,0.5897361342915786,360.0,1960.0,False,6760.0,0.0,0.9999999999999974,11,operational,133,0.2907801418439716
0.8630730517983095,0.1369269482016905,0.5862244647398752,0.4137755352601248,360.0,3020.0,False,6760.0,0.0,0.9999999999999976,00,operational,134,0.3900709219858156
0.837178104564216,0.1628218954357839,0.5862244647398752,0.4137755352601248,360.0,4000.0,False,6760.0,0.0,0.9999999999999976,01,operational,134,0.3900709219858156
0.85161592161833,0.14838407838167,0.6253024337369282,0.3746975662630718,360.0,3020.0,False,6760.0,0.0,0.9999999999999976,10,operational,134,0.3900709219858156
0.8458057027505009,0.154194297249499,0.6253024337369282,0.3746975662630718,360.0,3910.0,False,6760.0,0.0,0.9999999999999976,11,operational,134,0.3900709219858156
0.8919034082910091,0.1080965917089908,0.53098201315485,0.4690179868451499,360.0,2600.0,False,6760.0,0.0,0.9999999999999976,00,operational,135,0.4113475177304964
0.8772259813566355,0.1227740186433644,0.53098201315485,0.4690179868451499,360.0,3130.0,False,6760.0,0.0,0.9999999999999976,01,operational,135,0.4113475177304964
0.8824372227705171,0.1175627772294829,0.5765179972695873,0.4234820027304126,360.0,2600.0,False,6760.0,0.0,0.9999999999999976,10,operational,135,0.4113475177304964
0.7087460861547267,0.2912539138452733,0.5765179972695873,0.4234820027304126,360.0,,True,6760.0,1.0,0.7717890050583598,11,operational,135,0.4113475177304964
0.8847901208252457,0.1152098791747543,0.447398114717806,0.552601885282194,360.0,2710.0,False,6760.0,0.0,0.9999999999999976,00,operational,136,0.3404255319148936
0.8677638021325287,0.1322361978674713,0.447398114717806,0.552601885282194,360.0,3390.0,False,6760.0,0.0,0.9999999999999976,01,operational,136,0.3404255319148936
0.8819505231986604,0.1180494768013395,0.453476252837564,0.546523747162436,360.0,2710.0,False,6760.0,0.0,0.9999999999999976,10,operational,136,0.3404255319148936
0.8654932511362952,0.1345067488637048,0.453476252837564,0.546523747162436,360.0,3390.0,False,6760.0,0.0,0.9999999999999976,11,operational,136,0.3404255319148936
0.924571832473814,0.0754281675261858,0.4968799865189337,0.5031200134810663,360.0,1930.0,False,6760.0,0.0,0.9999999999999976,00,operational,137,0.3404255319148936
0.9202148166678132,0.0797851833321868,0.4968799865189337,0.5031200134810663,360.0,2130.0,False,6760.0,0.0,0.9999999999999976,01,operational,137,0.3404255319148936
0.9221169256055806,0.0778830743944194,0.526035140648599,0.4739648593514009,360.0,1930.0,False,6760.0,0.0,0.9999999999999976,10,operational,137,0.3404255319148936
0.918008112445851,0.0819918875541489,0.526035140648599,0.4739648593514009,360.0,2130.0,False,6760.0,0.0,0.9999999999999976,11,operational,137,0.3404255319148936
0.9785415221053836,0.0214584778946163,0.2766365330950011,0.7233634669049989,360.0,910.0,False,6760.0,0.0,0.9999999999999976,00,operational,138,0.1985815602836879
0.977788314268073,0.022211685731927,0.2766365330950011,0.7233634669049989,360.0,960.0,False,6760.0,0.0,0.9999999999999976,01,operational,138,0.1985815602836879
0.9785415221053836,0.0214584778946163,0.2766365330950011,0.7233634669049989,360.0,910.0,False,6760.0,0.0,0.9999999999999976,10,operational,138,0.1985815602836879
0.977788314268073,0.022211685731927,0.2766365330950011,0.7233634669049989,360.0,960.0,False,6760.0,0.0,0.9999999999999976,11,operational,138,0.1985815602836879
0.960622637297498,0.039377362702502,0.2573623946047396,0.7426376053952604,360.0,1650.0,False,6760.0,0.0,0.9999999999999976,00,operational,139,0.2482269503546099
0.9538207491477384,0.0461792508522614,0.2573623946047396,0.7426376053952604,360.0,2020.0,False,6760.0,0.0,0.9999999999999976,01,operational,139,0.2482269503546099
0.9534270458494504,0.0465729541505495,0.335461226536887,0.664538773463113,360.0,1650.0,False,6760.0,0.0,0.9999999999999976,10,operational,139,0.2482269503546099
0.9438952531728164,0.0561047468271836,0.335461226536887,0.664538773463113,360.0,2040.0,False,6760.0,0.0,0.9999999999999976,11,operational,139,0.2482269503546099
0.7663087352639414,0.2336912647360586,0.8227664988637727,0.1772335011362272,200.0,3730.0,False,6760.0,0.0,0.9999999999999976,00,operational,140,0.3971631205673759
0.7160286893105815,0.2839713106894185,0.8227664988637727,0.1772335011362272,200.0,4990.0,False,6760.0,0.0,0.9999999999999976,01,operational,140,0.3971631205673759
0.750843224200729,0.2491567757992709,0.8227664988637727,0.1772335011362272,200.0,3730.0,False,6760.0,0.0,0.9999999999999976,10,operational,140,0.3971631205673759
0.713403224500959,0.2865967754990409,0.8227664988637727,0.1772335011362272,200.0,5020.0,False,6760.0,0.0,0.9999999999999976,11,operational,140,0.3971631205673759
0.7885481018030844,0.2114518981969155,0.7459212964178621,0.2540787035821379,360.0,3570.0,False,6760.0,0.0,0.9999999999999976,00,operational,141,0.4468085106382978
0.7603965918906218,0.2396034081093782,0.7459212964178621,0.2540787035821379,360.0,4550.0,False,6760.0,0.0,0.9999999999999976,01,operational,141,0.4468085106382978
0.7761691590711142,0.2238308409288858,0.7837358120640139,0.2162641879359861,360.0,3570.0,False,6760.0,0.0,0.9999999999999976,10,operational,141,0.4468085106382978
0.7103714519743914,0.2896285480256085,0.7837358120640139,0.2162641879359861,360.0,4340.0,False,6760.0,0.0,0.9999999999999976,11,operational,141,0.4468085106382978
0.9665078642760392,0.0334921357239609,0.275651954973056,0.7243480450269439,360.0,1150.0,False,6760.0,0.0,0.9999999999999976,00,operational,142,0.1418439716312056
0.9587122220361473,0.0412877779638528,0.275651954973056,0.7243480450269439,360.0,1470.0,False,6760.0,0.0,0.9999999999999976,01,operational,142,0.1418439716312056
0.9598373699085564,0.0401626300914436,0.3413582742034664,0.6586417257965336,360.0,1150.0,False,6760.0,0.0,0.9999999999999976,10,operational,142,0.1418439716312056
0.9537887225963826,0.0462112774036174,0.3413582742034664,0.6586417257965336,360.0,1470.0,False,6760.0,0.0,0.9999999999999976,11,operational,142,0.1418439716312056
0.8060020063710691,0.1939979936289309,0.6964738280328833,0.3035261719671168,360.0,3480.0,False,6760.0,0.0,0.9999999999999976,00,operational,143,0.4539007092198581
0.7007397788405557,0.2992602211594443,0.6964738280328833,0.3035261719671168,360.0,4540.0,False,6760.0,0.0,0.9999999999999976,01,operational,143,0.4539007092198581
0.8009712398663721,0.1990287601336279,0.7038676061965234,0.2961323938034765,360.0,3480.0,False,6760.0,0.0,0.9999999999999976,10,operational,143,0.4539007092198581
0.0942512576624572,0.9057487423375428,0.7038676061965234,0.2961323938034765,360.0,,True,6760.0,1.0,0.0461443494733212,11,operational,143,0.4539007092198581
0.93048932547496,0.06951067452504,0.5029494219886761,0.4970505780113238,360.0,1750.0,False,6760.0,0.0,0.9999999999999976,00,operational,144,0.2836879432624113
0.923448368245558,0.0765516317544421,0.5029494219886761,0.4970505780113238,360.0,2070.0,False,6760.0,0.0,0.9999999999999976,01,operational,144,0.2836879432624113
0.9276862663271928,0.0723137336728071,0.5236415771979344,0.4763584228020656,360.0,1750.0,False,6760.0,0.0,0.9999999999999976,10,operational,144,0.2836879432624113
0.9202142738548126,0.0797857261451874,0.5236415771979344,0.4763584228020656,360.0,2080.0,False,6760.0,0.0,0.9999999999999976,11,operational,144,0.2836879432624113
0.9121124750298052,0.0878875249701947,0.6131376181660303,0.3868623818339697,360.0,2050.0,False,6760.0,0.0,0.9999999999999976,00,operational,145,0.2978723404255319
0.8965820694974068,0.1034179305025931,0.6131376181660303,0.3868623818339697,360.0,2380.0,False,6760.0,0.0,0.9999999999999976,01,operational,145,0.2978723404255319
0.9028066424250472,0.0971933575749527,0.6920468641555445,0.3079531358444555,360.0,2050.0,False,6760.0,0.0,0.9999999999999976,10,operational,145,0.2978723404255319
0.8935528025063054,0.1064471974936945,0.6920468641555445,0.3079531358444555,360.0,2390.0,False,6760.0,0.0,0.9999999999999976,11,operational,145,0.2978723404255319
0.944148890144708,0.0558511098552919,0.3271184615245405,0.6728815384754595,360.0,1790.0,False,6760.0,0.0,0.9999999999999976,00,operational,146,0.2553191489361702
0.9363044219718096,0.0636955780281903,0.3271184615245405,0.6728815384754595,360.0,2080.0,False,6760.0,0.0,0.9999999999999976,01,operational,146,0.2553191489361702
0.9343932699476376,0.0656067300523625,0.419022989327095,0.580977010672905,360.0,1790.0,False,6760.0,0.0,0.9999999999999976,10,operational,146,0.2553191489361702
0.9249081632700696,0.0750918367299304,0.419022989327095,0.580977010672905,360.0,2160.0,False,6760.0,0.0,0.9999999999999976,11,operational,146,0.2553191489361702
0.8910986602625378,0.1089013397374621,0.6146715878513669,0.3853284121486331,360.0,2460.0,False,6760.0,0.0,0.9999999999999976,00,operational,147,0.3404255319148936
0.8870599275165096,0.1129400724834903,0.6146715878513669,0.3853284121486331,360.0,3020.0,False,6760.0,0.0,0.9999999999999976,01,operational,147,0.3404255319148936
0.8819270512693238,0.1180729487306762,0.6534871244284524,0.3465128755715476,360.0,2460.0,False,6760.0,0.0,0.9999999999999976,10,operational,147,0.3404255319148936
0.8805049413510273,0.1194950586489727,0.6534871244284524,0.3465128755715476,360.0,3020.0,False,6760.0,0.0,0.9999999999999976,11,operational,147,0.3404255319148936
0.9172332010082366,0.0827667989917634,0.417821952333399,0.582178047666601,360.0,2360.0,False,6760.0,0.0,0.9999999999999976,00,operational,148,0.3687943262411347
0.909568414456156,0.090431585543844,0.417821952333399,0.582178047666601,360.0,2730.0,False,6760.0,0.0,0.9999999999999976,01,operational,148,0.3687943262411347
0.9085629207894044,0.0914370792105957,0.4692936789376162,0.5307063210623838,360.0,2360.0,False,6760.0,0.0,0.9999999999999976,10,operational,148,0.3687943262411347
0.9007053517416796,0.0992946482583203,0.4692936789376162,0.5307063210623838,360.0,2760.0,False,6760.0,0.0,0.9999999999999976,11,operational,148,0.3687943262411347
0.8760788502158692,0.1239211497841308,0.666365565533939,0.333634434466061,360.0,2710.0,False,6760.0,0.0,0.9999999999999976,00,operational,149,0.4468085106382978
0.8463144505783834,0.1536855494216166,0.666365565533939,0.333634434466061,360.0,3370.0,False,6760.0,0.0,0.9999999999999976,01,operational,149,0.4468085106382978
0.872954694357276,0.1270453056427239,0.6821596473168685,0.3178403526831315,360.0,2710.0,False,6760.0,0.0,0.9999999999999976,10,operational,149,0.4468085106382978
0.8137779328927468,0.1862220671072532,0.6821596473168685,0.3178403526831315,360.0,3160.0,False,6760.0,0.0,0.9999999999999976,11,operational,149,0.4468085106382978
0.8557968187305096,0.1442031812694904,0.6062688230265036,0.3937311769734963,360.0,2730.0,False,6760.0,0.0,0.9999999999999974,00,operational,150,0.3829787234042553
0.8448022895730839,0.1551977104269161,0.6062688230265036,0.3937311769734963,360.0,3680.0,False,6760.0,0.0,0.9999999999999974,01,operational,150,0.3829787234042553
0.8441962636820027,0.1558037363179972,0.6101805505756739,0.3898194494243261,360.0,2730.0,False,6760.0,0.0,0.9999999999999974,10,operational,150,0.3829787234042553
0.8253253638947018,0.1746746361052982,0.6101805505756739,0.3898194494243261,360.0,3830.0,False,6760.0,0.0,0.9999999999999974,11,operational,150,0.3829787234042553
0.9455601079154182,0.0544398920845817,0.5305260568188782,0.4694739431811218,360.0,1280.0,False,6760.0,0.0,0.9999999999999976,00,operational,151,0.1843971631205673
0.9409800242064836,0.0590199757935164,0.5305260568188782,0.4694739431811218,360.0,1410.0,False,6760.0,0.0,0.9999999999999976,01,operational,151,0.1843971631205673
0.9455601079154182,0.0544398920845817,0.5305260568188782,0.4694739431811218,360.0,1280.0,False,6760.0,0.0,0.9999999999999976,10,operational,151,0.1843971631205673
0.9409800242064836,0.0590199757935164,0.5305260568188782,0.4694739431811218,360.0,1410.0,False,6760.0,0.0,0.9999999999999976,11,operational,151,0.1843971631205673
0.982462209371788,0.0175377906282119,0.204865097805159,0.795134902194841,360.0,1030.0,False,6760.0,0.0,0.9999999999999976,00,operational,152,0.1914893617021276
0.978129482322898,0.0218705176771019,0.2048650978051589,0.7951349021948411,360.0,1240.0,False,6760.0,0.0,0.9999999999999976,01,operational,152,0.1914893617021276
0.9786215469808384,0.0213784530191616,0.3067211314899202,0.6932788685100798,360.0,1030.0,False,6760.0,0.0,0.9999999999999976,10,operational,152,0.1914893617021276
0.977557141064674,0.0224428589353259,0.3067211314899202,0.6932788685100798,360.0,1250.0,False,6760.0,0.0,0.9999999999999976,11,operational,152,0.1914893617021276
0.9075563826413816,0.0924436173586185,0.367589436810864,0.632410563189136,360.0,2790.0,False,6760.0,0.0,0.9999999999999976,00,operational,153,0.3829787234042553
0.8934036758211142,0.1065963241788857,0.367589436810864,0.632410563189136,360.0,3360.0,False,6760.0,0.0,0.9999999999999976,01,operational,153,0.3829787234042553
0.8967179792400343,0.1032820207599657,0.4092659459514852,0.5907340540485148,360.0,2790.0,False,6760.0,0.0,0.9999999999999976,10,operational,153,0.3829787234042553
0.6456288170649306,0.3543711829350694,0.4092659459514852,0.5907340540485148,360.0,,True,6760.0,1.0,0.6554775645236662,11,operational,153,0.3829787234042553
0.8641398096574981,0.1358601903425018,0.6850637597814891,0.3149362402185108,360.0,2680.0,False,6760.0,0.0,0.9999999999999974,00,operational,154,0.3546099290780142
0.8426931313225011,0.1573068686774988,0.6850637597814891,0.3149362402185108,360.0,3370.0,False,6760.0,0.0,0.9999999999999974,01,operational,154,0.3546099290780142
0.8569869088070311,0.1430130911929689,0.7197213610229681,0.2802786389770318,360.0,2680.0,False,6760.0,0.0,0.9999999999999974,10,operational,154,0.3546099290780142
0.8285761768043467,0.1714238231956533,0.7197213610229681,0.2802786389770318,360.0,3440.0,False,6760.0,0.0,0.9999999999999974,11,operational,154,0.3546099290780142
0.950103822464706,0.049896177535294,0.4101926136029681,0.5898073863970319,360.0,1260.0,False,6760.0,0.0,0.9999999999999976,00,operational,155,0.1773049645390071
0.9466696906001404,0.0533303093998597,0.4101926136029681,0.5898073863970319,360.0,1390.0,False,6760.0,0.0,0.9999999999999976,01,operational,155,0.1773049645390071
0.950103822464706,0.049896177535294,0.4101926136029681,0.5898073863970319,360.0,1260.0,False,6760.0,0.0,0.9999999999999976,10,operational,155,0.1773049645390071
0.9466696906001404,0.0533303093998597,0.4101926136029681,0.5898073863970319,360.0,1390.0,False,6760.0,0.0,0.9999999999999976,11,operational,155,0.1773049645390071
0.8731939902322431,0.1268060097677569,0.6456797027452612,0.3543202972547388,360.0,2470.0,False,6760.0,0.0,0.9999999999999976,00,operational,156,0.3475177304964539
0.8269262835948081,0.1730737164051918,0.6456797027452612,0.3543202972547388,360.0,3410.0,False,6760.0,0.0,0.9999999999999976,01,operational,156,0.3475177304964539
0.870470653120235,0.129529346879765,0.6610554857556803,0.3389445142443196,360.0,2470.0,False,6760.0,0.0,0.9999999999999976,10,operational,156,0.3475177304964539
0.8360406658995644,0.1639593341004356,0.6610554857556803,0.3389445142443196,360.0,3190.0,False,6760.0,0.0,0.9999999999999976,11,operational,156,0.3475177304964539
0.958242047507294,0.0417579524927059,0.3399719817905045,0.6600280182094955,360.0,1350.0,False,6760.0,0.0,0.9999999999999976,00,operational,157,0.2127659574468085
0.952140295015471,0.0478597049845289,0.3399719817905045,0.6600280182094955,360.0,1560.0,False,6760.0,0.0,0.9999999999999976,01,operational,157,0.2127659574468085
0.9563698207199732,0.0436301792800266,0.3462500984424557,0.6537499015575443,360.0,1350.0,False,6760.0,0.0,0.9999999999999976,10,operational,157,0.2127659574468085
0.9539798820578554,0.0460201179421445,0.3462500984424557,0.6537499015575443,360.0,1610.0,False,6760.0,0.0,0.9999999999999976,11,operational,157,0.2127659574468085
0.9165246362338372,0.0834753637661628,0.6349766482592842,0.3650233517407157,360.0,1920.0,False,6760.0,0.0,0.9999999999999976,00,operational,158,0.2978723404255319
0.9057029839046028,0.094297016095397,0.6349766482592842,0.3650233517407157,360.0,2220.0,False,6760.0,0.0,0.9999999999999976,01,operational,158,0.2978723404255319
0.9118830667603336,0.0881169332396665,0.6712935247041399,0.32870647529586,360.0,1920.0,False,6760.0,0.0,0.9999999999999976,10,operational,158,0.2978723404255319
0.8985335735435682,0.1014664264564317,0.6712935247041399,0.32870647529586,360.0,2240.0,False,6760.0,0.0,0.9999999999999976,11,operational,158,0.2978723404255319
0.9539966295706328,0.0460033704293673,0.3401056941978686,0.6598943058021314,360.0,1450.0,False,6760.0,0.0,0.9999999999999976,00,operational,159,0.226950354609929
0.94715358649018,0.0528464135098198,0.3401056941978686,0.6598943058021314,360.0,1730.0,False,6760.0,0.0,0.9999999999999976,01,operational,159,0.226950354609929
0.9500813585262856,0.0499186414737143,0.397321363039387,0.602678636960613,360.0,1450.0,False,6760.0,0.0,0.9999999999999976,10,operational,159,0.226950354609929
0.943742606412964,0.0562573935870358,0.397321363039387,0.602678636960613,360.0,1730.0,False,6760.0,0.0,0.9999999999999976,11,operational,159,0.226950354609929
0.8120285254039087,0.1879714745960913,0.7301773009845293,0.2698226990154707,360.0,3100.0,False,6760.0,0.0,0.9999999999999976,00,operational,160,0.3617021276595745
0.7803361363596437,0.2196638636403562,0.7301773009845293,0.2698226990154707,360.0,4490.0,False,6760.0,0.0,0.9999999999999976,01,operational,160,0.3617021276595745
0.801861876655161,0.198138123344839,0.7752580293477765,0.2247419706522234,360.0,3100.0,False,6760.0,0.0,0.9999999999999976,10,operational,160,0.3617021276595745
0.7883276024210719,0.211672397578928,0.7752580293477765,0.2247419706522234,360.0,3970.0,False,6760.0,0.0,0.9999999999999976,11,operational,160,0.3617021276595745
0.6519894273222134,0.3480105726777865,0.7030557142067582,0.2969442857932419,360.0,5500.0,False,6760.0,0.0,0.9999999999999976,00,operational,161,0.574468085106383
0.6298560078594497,0.3701439921405502,0.7030557142067582,0.2969442857932419,360.0,,True,6760.0,1.0,0.8878665601982197,01,operational,161,0.574468085106383
0.6428626018773972,0.3571373981226028,0.7083374873028507,0.2916625126971492,360.0,5500.0,False,6760.0,0.0,0.9999999999999976,10,operational,161,0.574468085106383
0.6097276831552708,0.3902723168447292,0.7083374873028507,0.2916625126971492,360.0,,True,6760.0,1.0,0.8461534867325088,11,operational,161,0.574468085106383
0.8754056253157778,0.1245943746842221,0.6318757152899913,0.3681242847100087,360.0,2660.0,False,6760.0,0.0,0.9999999999999976,00,operational,162,0.3900709219858156
0.8611492157528916,0.1388507842471084,0.6318757152899913,0.3681242847100087,360.0,3390.0,False,6760.0,0.0,0.9999999999999976,01,operational,162,0.3900709219858156
0.8688033674763922,0.1311966325236078,0.6660463068096195,0.3339536931903805,360.0,2660.0,False,6760.0,0.0,0.9999999999999976,10,operational,162,0.3900709219858156
0.8014407624167207,0.1985592375832793,0.6660463068096195,0.3339536931903805,360.0,,True,6760.0,1.0,0.93178126576305,11,operational,162,0.3900709219858156
0.7981914882239544,0.2018085117760456,0.7707296768151248,0.2292703231848751,360.0,3600.0,False,6760.0,0.0,0.9999999999999976,00,operational,163,0.524822695035461
0.7711491214819763,0.2288508785180236,0.7707296768151248,0.2292703231848751,360.0,4960.0,False,6760.0,0.0,0.9999999999999976,01,operational,163,0.524822695035461
0.7887276226950751,0.2112723773049248,0.7952378572804135,0.2047621427195864,360.0,3600.0,False,6760.0,0.0,0.9999999999999976,10,operational,163,0.524822695035461
0.6689941636867396,0.3310058363132604,0.7952378572804135,0.2047621427195864,360.0,,True,6760.0,1.0,0.8087461958770292,11,operational,163,0.524822695035461
0.8876122910673832,0.1123877089326168,0.6654454478680845,0.3345545521319155,360.0,2490.0,False,6760.0,0.0,0.9999999999999976,00,operational,164,0.3687943262411347
0.8369874721049119,0.1630125278950881,0.6654454478680845,0.3345545521319155,360.0,3480.0,False,6760.0,0.0,0.9999999999999976,01,operational,164,0.3687943262411347
0.8854514873609393,0.1145485126390607,0.6713945388504136,0.3286054611495864,360.0,2490.0,False,6760.0,0.0,0.9999999999999976,10,operational,164,0.3687943262411347
0.8351466779285269,0.164853322071473,0.6713945388504136,0.3286054611495864,360.0,3490.0,False,6760.0,0.0,0.9999999999999976,11,operational,164,0.3687943262411347
0.8509273938600912,0.1490726061399088,0.6370803593905132,0.3629196406094867,360.0,3190.0,False,6760.0,0.0,0.9999999999999976,00,operational,165,0.4822695035460992
0.812829501671183,0.187170498328817,0.6370803593905132,0.3629196406094867,360.0,4140.0,False,6760.0,0.0,0.9999999999999976,01,operational,165,0.4822695035460992
0.8467989968933233,0.1532010031066767,0.6375382621188714,0.3624617378811285,360.0,3190.0,False,6760.0,0.0,0.9999999999999976,10,operational,165,0.4822695035460992
0.6579255372591793,0.3420744627408206,0.6375382621188714,0.3624617378811285,360.0,,True,6760.0,1.0,0.7505515843940664,11,operational,165,0.4822695035460992
0.8191046659681664,0.1808953340318335,0.7177117091002166,0.2822882908997833,360.0,3440.0,False,6760.0,0.0,0.9999999999999976,00,operational,166,0.4893617021276595
0.7924812487570084,0.2075187512429915,0.7177117091002166,0.2822882908997833,360.0,4160.0,False,6760.0,0.0,0.9999999999999976,01,operational,166,0.4893617021276595
0.8075961968525379,0.192403803147462,0.7427240913167761,0.2572759086832238,360.0,3440.0,False,6760.0,0.0,0.9999999999999976,10,operational,166,0.4893617021276595
0.6777752375061875,0.3222247624938125,0.7427240913167761,0.2572759086832238,360.0,,True,6760.0,1.0,0.8325521758208541,11,operational,166,0.4893617021276595
0.904309029606542,0.0956909703934579,0.5592690341680394,0.4407309658319606,360.0,2120.0,False,6760.0,0.0,0.9999999999999976,00,operational,167,0.2978723404255319
0.8969180971257985,0.1030819028742014,0.5592690341680394,0.4407309658319606,360.0,2440.0,False,6760.0,0.0,0.9999999999999976,01,operational,167,0.2978723404255319
0.895860192834747,0.1041398071652529,0.6026315761502927,0.3973684238497073,360.0,2120.0,False,6760.0,0.0,0.9999999999999976,10,operational,167,0.2978723404255319
0.8153869483131942,0.1846130516868057,0.6026315761502927,0.3973684238497073,360.0,,True,6760.0,1.0,0.8893731201557741,11,operational,167,0.2978723404255319
0.924937776736356,0.075062223263644,0.6107293506692768,0.3892706493307231,360.0,1960.0,False,6760.0,0.0,0.9999999999999976,00,operational,168,0.3262411347517731
0.9236634310284826,0.0763365689715174,0.6107293506692768,0.3892706493307231,360.0,2100.0,False,6760.0,0.0,0.9999999999999976,01,operational,168,0.3262411347517731
0.9193280898188376,0.0806719101811623,0.6608839240506421,0.3391160759493578,360.0,1960.0,False,6760.0,0.0,0.9999999999999976,10,operational,168,0.3262411347517731
0.9172888250892938,0.0827111749107062,0.6608839240506421,0.3391160759493578,360.0,2120.0,False,6760.0,0.0,0.9999999999999976,11,operational,168,0.3262411347517731
0.8649466486302496,0.1350533513697503,0.6011363089315789,0.3988636910684211,360.0,2810.0,False,6760.0,0.0,0.9999999999999976,00,operational,169,0.3687943262411347
0.8424615168489997,0.1575384831510002,0.6011363089315789,0.3988636910684211,360.0,3660.0,False,6760.0,0.0,0.9999999999999976,01,operational,169,0.3687943262411347
0.8509781750415942,0.1490218249584057,0.6552492861030931,0.3447507138969069,360.0,2810.0,False,6760.0,0.0,0.9999999999999976,10,operational,169,0.3687943262411347
0.606701504398152,0.393298495601848,0.6552492861030931,0.3447507138969069,360.0,,True,6760.0,1.0,0.6430575657833794,11,operational,169,0.3687943262411347
0.8376817746230352,0.1623182253769648,0.6855259971683584,0.3144740028316416,360.0,3210.0,False,6760.0,0.0,0.9999999999999976,00,operational,170,0.425531914893617
0.8112783179523643,0.1887216820476357,0.6855259971683584,0.3144740028316416,360.0,3930.0,False,6760.0,0.0,0.9999999999999976,01,operational,170,0.425531914893617
0.8184982739697051,0.1815017260302949,0.767432319305424,0.2325676806945759,360.0,3210.0,False,6760.0,0.0,0.9999999999999976,10,operational,170,0.425531914893617
0.7989769011097342,0.2010230988902658,0.767432319305424,0.2325676806945759,360.0,3900.0,False,6760.0,0.0,0.9999999999999976,11,operational,170,0.425531914893617
0.8694664650429187,0.1305335349570813,0.67760869763228,0.3223913023677199,360.0,2810.0,False,6760.0,0.0,0.9999999999999976,00,operational,171,0.4113475177304964
0.8547234241396734,0.1452765758603266,0.67760869763228,0.3223913023677199,360.0,3490.0,False,6760.0,0.0,0.9999999999999976,01,operational,171,0.4113475177304964
0.8602494323594259,0.1397505676405741,0.7120967111709071,0.2879032888290929,360.0,2810.0,False,6760.0,0.0,0.9999999999999976,10,operational,171,0.4113475177304964
0.8415206886989541,0.1584793113010458,0.7120967111709071,0.2879032888290929,360.0,3610.0,False,6760.0,0.0,0.9999999999999976,11,operational,171,0.4113475177304964
0.8747246235948403,0.1252753764051597,0.4649112540875806,0.5350887459124194,360.0,2690.0,False,6760.0,0.0,0.9999999999999974,00,operational,172,0.3262411347517731
0.8573702004922789,0.1426297995077211,0.4649112540875806,0.5350887459124194,360.0,3320.0,False,6760.0,0.0,0.9999999999999974,01,operational,172,0.3262411347517731
0.8735150047401998,0.1264849952598001,0.4670815335203945,0.5329184664796055,360.0,2690.0,False,6760.0,0.0,0.9999999999999974,10,operational,172,0.3262411347517731
0.854373410400658,0.145626589599342,0.4670815335203945,0.5329184664796055,360.0,3250.0,False,6760.0,0.0,0.9999999999999974,11,operational,172,0.3262411347517731
0.9041998913926188,0.095800108607381,0.8448774025452388,0.1551225974547612,290.0,2390.0,False,6760.0,0.0,0.9999999999999976,00,operational,173,0.3546099290780142
0.8812196429262487,0.1187803570737513,0.8448774025452388,0.1551225974547612,290.0,3120.0,False,6760.0,0.0,0.9999999999999976,01,operational,173,0.3546099290780142
0.8958942539790826,0.1041057460209173,0.8863344326199731,0.1136655673800268,290.0,2390.0,False,6760.0,0.0,0.9999999999999976,10,operational,173,0.3546099290780142
0.8813523140123247,0.1186476859876752,0.8863344326199731,0.1136655673800268,290.0,3060.0,False,6760.0,0.0,0.9999999999999976,11,operational,173,0.3546099290780142
0.9445896781067692,0.0554103218932308,0.3576151259420319,0.6423848740579681,360.0,1760.0,False,6760.0,0.0,0.9999999999999976,00,operational,174,0.2978723404255319
0.9326199438673451,0.0673800561326547,0.3576151259420319,0.6423848740579681,360.0,2160.0,False,6760.0,0.0,0.9999999999999976,01,operational,174,0.2978723404255319
0.9356813367798714,0.0643186632201285,0.4200423525158467,0.5799576474841532,360.0,1760.0,False,6760.0,0.0,0.9999999999999976,10,operational,174,0.2978723404255319
0.9250381106385088,0.0749618893614912,0.4200423525158467,0.5799576474841532,360.0,2200.0,False,6760.0,0.0,0.9999999999999976,11,operational,174,0.2978723404255319
0.836377813353862,0.163622186646138,0.6778017737051447,0.3221982262948552,360.0,3150.0,False,6760.0,0.0,0.9999999999999974,00,operational,175,0.4042553191489361
0.8060807391346807,0.1939192608653193,0.6778017737051447,0.3221982262948552,360.0,4080.0,False,6760.0,0.0,0.9999999999999974,01,operational,175,0.4042553191489361
0.830631520009209,0.1693684799907909,0.6836309958743669,0.316369004125633,360.0,3150.0,False,6760.0,0.0,0.9999999999999974,10,operational,175,0.4042553191489361
0.5998787392716057,0.4001212607283942,0.6836309958743669,0.316369004125633,360.0,,True,6760.0,1.0,0.6474241866125544,11,operational,175,0.4042553191489361
0.9325112394139488,0.0674887605860512,0.4457054703564571,0.5542945296435429,360.0,1810.0,False,6760.0,0.0,0.9999999999999976,00,operational,176,0.2765957446808511
0.9174517433756084,0.0825482566243915,0.4457054703564571,0.5542945296435429,360.0,2180.0,False,6760.0,0.0,0.9999999999999976,01,operational,176,0.2765957446808511
0.927702966242164,0.0722970337578359,0.4831917607438896,0.5168082392561104,360.0,1810.0,False,6760.0,0.0,0.9999999999999976,10,operational,176,0.2765957446808511
0.831509811014432,0.168490188985568,0.4831917607438896,0.5168082392561104,360.0,,True,6760.0,1.0,0.8893731202453783,11,operational,176,0.2765957446808511
0.8937961655365537,0.1062038344634462,0.4052396854337852,0.5947603145662148,360.0,2770.0,False,6760.0,0.0,0.9999999999999976,00,operational,177,0.4609929078014184
0.8824823873835114,0.1175176126164886,0.4052396854337852,0.5947603145662148,360.0,3200.0,False,6760.0,0.0,0.9999999999999976,01,operational,177,0.4609929078014184
0.8908712503041949,0.1091287496958051,0.4229486571014438,0.5770513428985562,360.0,2770.0,False,6760.0,0.0,0.9999999999999976,10,operational,177,0.4609929078014184
0.8807292028910285,0.1192707971089714,0.4229486571014438,0.5770513428985562,360.0,3160.0,False,6760.0,0.0,0.9999999999999976,11,operational,177,0.4609929078014184
0.8629874885519951,0.1370125114480048,0.6042501252060553,0.3957498747939447,360.0,2810.0,False,6760.0,0.0,0.9999999999999976,00,operational,178,0.3333333333333333
0.8329863134997582,0.1670136865002418,0.6042501252060553,0.3957498747939447,360.0,3530.0,False,6760.0,0.0,0.9999999999999976,01,operational,178,0.3333333333333333
0.8499182002433938,0.1500817997566061,0.6479101396361482,0.3520898603638518,360.0,2810.0,False,6760.0,0.0,0.9999999999999976,10,operational,178,0.3333333333333333
0.7309271719766535,0.2690728280233465,0.6479101396361482,0.3520898603638518,360.0,,True,6760.0,1.0,0.8325521758208543,11,operational,178,0.3333333333333333
0.8771974536978056,0.1228025463021944,0.5917019123303857,0.4082980876696143,360.0,2690.0,False,6760.0,0.0,0.9999999999999976,00,operational,179,0.375886524822695
0.8517969322145067,0.1482030677854933,0.5917019123303857,0.4082980876696143,360.0,3440.0,False,6760.0,0.0,0.9999999999999976,01,operational,179,0.375886524822695
0.8711624178631708,0.1288375821368291,0.6220775835864054,0.3779224164135945,360.0,2690.0,False,6760.0,0.0,0.9999999999999976,10,operational,179,0.375886524822695
0.8439397720378137,0.1560602279621863,0.6220775835864054,0.3779224164135946,360.0,3350.0,False,6760.0,0.0,0.9999999999999976,11,operational,179,0.375886524822695
0.9172090965449882,0.0827909034550118,0.4155888978162152,0.5844111021837848,360.0,2200.0,False,6760.0,0.0,0.9999999999999974,00,operational,180,0.3687943262411347
0.9037258842964372,0.0962741157035629,0.4155888978162152,0.5844111021837848,360.0,2580.0,False,6760.0,0.0,0.9999999999999974,01,operational,180,0.3687943262411347
0.9151758936861976,0.0848241063138024,0.4352089863067897,0.5647910136932103,360.0,2200.0,False,6760.0,0.0,0.9999999999999974,10,operational,180,0.3687943262411347
0.9018346040225664,0.0981653959774334,0.4352089863067897,0.5647910136932103,360.0,2580.0,False,6760.0,0.0,0.9999999999999974,11,operational,180,0.3687943262411347
0.954766070573324,0.0452339294266761,0.3705164649438663,0.6294835350561336,360.0,1350.0,False,6760.0,0.0,0.9999999999999976,00,operational,181,0.2411347517730496
0.9482788620914532,0.0517211379085469,0.3705164649438663,0.6294835350561336,360.0,1640.0,False,6760.0,0.0,0.9999999999999976,01,operational,181,0.2411347517730496
0.951620829442451,0.048379170557549,0.4183143028552373,0.5816856971447627,360.0,1350.0,False,6760.0,0.0,0.9999999999999976,10,operational,181,0.2411347517730496
0.8917201405164628,0.1082798594835372,0.4183143028552373,0.5816856971447627,360.0,,True,6760.0,1.0,0.93592348784348,11,operational,181,0.2411347517730496
0.8401523133850409,0.159847686614959,0.7033598463964512,0.2966401536035487,360.0,2850.0,False,6760.0,0.0,0.9999999999999976,00,operational,182,0.3687943262411347
0.8235743890970719,0.176425610902928,0.7033598463964512,0.2966401536035487,360.0,4030.0,False,6760.0,0.0,0.9999999999999976,01,operational,182,0.3687943262411347
0.8359781552496822,0.1640218447503177,0.7218436371002972,0.2781563628997028,360.0,2850.0,False,6760.0,0.0,0.9999999999999976,10,operational,182,0.3687943262411347
0.7532903957717456,0.2467096042282544,0.7218436371002972,0.2781563628997028,360.0,,True,6760.0,1.0,0.8505201074724164,11,operational,182,0.3687943262411347
0.7621521903210631,0.2378478096789369,0.7509156147096673,0.2490843852903327,360.0,3900.0,False,6760.0,0.0,0.9999999999999976,00,operational,183,0.475177304964539
0.7404057989440429,0.2595942010559571,0.7509156147096673,0.2490843852903327,360.0,5010.0,False,6760.0,0.0,0.9999999999999976,01,operational,183,0.475177304964539
0.7547600624484486,0.2452399375515513,0.7545697621727108,0.2454302378272893,360.0,3900.0,False,6760.0,0.0,0.9999999999999976,10,operational,183,0.475177304964539
0.6851795593715407,0.3148204406284592,0.7545697621727108,0.2454302378272893,360.0,,True,6760.0,1.0,0.8461534867332533,11,operational,183,0.475177304964539
0.8240866859326406,0.1759133140673594,0.7329763974207677,0.2670236025792322,360.0,3340.0,False,6760.0,0.0,0.9999999999999976,00,operational,184,0.5035460992907801
0.8117268639563892,0.1882731360436108,0.7329763974207677,0.2670236025792322,360.0,4150.0,False,6760.0,0.0,0.9999999999999976,01,operational,184,0.5035460992907801
0.8181740648547575,0.1818259351452424,0.7667741292804692,0.2332258707195308,360.0,3340.0,False,6760.0,0.0,0.9999999999999976,10,operational,184,0.5035460992907801
0.8080614200766938,0.1919385799233062,0.7667741292804692,0.2332258707195308,360.0,4090.0,False,6760.0,0.0,0.9999999999999976,11,operational,184,0.5035460992907801
0.8030649669245374,0.1969350330754625,0.6956495848833069,0.3043504151166932,360.0,3590.0,False,6760.0,0.0,0.9999999999999976,00,operational,185,0.4397163120567376
0.7850129195972939,0.2149870804027061,0.6956495848833069,0.3043504151166932,360.0,4520.0,False,6760.0,0.0,0.9999999999999976,01,operational,185,0.4397163120567376
0.7872040555516232,0.2127959444483768,0.733496993380778,0.2665030066192219,360.0,3590.0,False,6760.0,0.0,0.9999999999999976,10,operational,185,0.4397163120567376
0.6964430726303769,0.3035569273696231,0.733496993380778,0.2665030066192219,360.0,,True,6760.0,1.0,0.8506156213344934,11,operational,185,0.4397163120567376
0.859110561157741,0.140889438842259,0.6339119130508777,0.3660880869491223,360.0,2870.0,False,6760.0,0.0,0.9999999999999976,00,operational,186,0.3900709219858156
0.8192216804001782,0.1807783195998218,0.6339119130508777,0.3660880869491223,360.0,3690.0,False,6760.0,0.0,0.9999999999999976,01,operational,186,0.3900709219858156
0.8541727109720346,0.1458272890279653,0.6456285360987678,0.3543714639012322,360.0,2870.0,False,6760.0,0.0,0.9999999999999976,10,operational,186,0.3900709219858156
0.8398561209002434,0.1601438790997565,0.6456285360987678,0.3543714639012322,360.0,3720.0,False,6760.0,0.0,0.9999999999999976,11,operational,186,0.3900709219858156
0.5927976567919029,0.4072023432080971,0.7976356285530575,0.2023643714469424,360.0,5570.0,False,6760.0,0.0,0.9999999999999974,00,operational,187,0.5035460992907801
0.5714619161712354,0.4285380838287645,0.7976356285530575,0.2023643714469424,360.0,,True,6760.0,1.0,0.8469346049556871,01,operational,187,0.5035460992907801
0.581647096188451,0.418352903811549,0.8041845183338601,0.1958154816661398,360.0,5570.0,False,6760.0,0.0,0.9999999999999974,10,operational,187,0.5035460992907801
0.5572097668995253,0.4427902331004747,0.8041845183338601,0.1958154816661398,360.0,,True,6760.0,1.0,0.8461504939952084,11,operational,187,0.5035460992907801
0.92309051353827,0.0769094864617301,0.4149165437952566,0.5850834562047433,360.0,2070.0,False,6760.0,0.0,0.9999999999999976,00,operational,188,0.3262411347517731
0.9185907826354796,0.0814092173645203,0.4149165437952566,0.5850834562047433,360.0,2240.0,False,6760.0,0.0,0.9999999999999976,01,operational,188,0.3262411347517731
0.918957640481986,0.0810423595180138,0.4576367737012706,0.5423632262987294,360.0,2070.0,False,6760.0,0.0,0.9999999999999976,10,operational,188,0.3262411347517731
0.9147227950202838,0.0852772049797162,0.4576367737012706,0.5423632262987294,360.0,2240.0,False,6760.0,0.0,0.9999999999999976,11,operational,188,0.3262411347517731
0.8437305431362903,0.1562694568637097,0.6621859322878328,0.3378140677121671,360.0,2930.0,False,6760.0,0.0,0.9999999999999976,00,operational,189,0.3687943262411347
0.8235901026216652,0.1764098973783348,0.6621859322878328,0.3378140677121671,360.0,4030.0,False,6760.0,0.0,0.9999999999999976,01,operational,189,0.3687943262411347
0.8386250605358436,0.1613749394641563,0.6679972642171899,0.3320027357828101,360.0,2930.0,False,6760.0,0.0,0.9999999999999976,10,operational,189,0.3687943262411347
0.7100988703874955,0.2899011296125044,0.6679972642171899,0.3320027357828101,360.0,,True,6760.0,1.0,0.8087461958770293,11,operational,189,0.3687943262411347
0.78350822535946,0.21649177464054,0.7302169556957491,0.2697830443042509,360.0,3650.0,False,6760.0,0.0,0.9999999999999976,00,operational,190,0.4964539007092198
0.7337845720265789,0.2662154279734211,0.7302169556957491,0.2697830443042509,360.0,4620.0,False,6760.0,0.0,0.9999999999999976,01,operational,190,0.4964539007092198
0.7765681812878384,0.2234318187121615,0.8638606341869169,0.136139365813083,170.0,3650.0,False,6760.0,0.0,0.9999999999999976,10,operational,190,0.4964539007092198
0.7529758160536798,0.2470241839463202,0.8638606341869169,0.136139365813083,170.0,4370.0,False,6760.0,0.0,0.9999999999999976,11,operational,190,0.4964539007092198
0.930793916365989,0.069206083634011,0.4183019714084269,0.581698028591573,360.0,1880.0,False,6760.0,0.0,0.9999999999999976,00,operational,191,0.3049645390070922
0.9235189405418542,0.0764810594581457,0.4183019714084269,0.581698028591573,360.0,2120.0,False,6760.0,0.0,0.9999999999999976,01,operational,191,0.3049645390070922
0.9264669925770416,0.0735330074229584,0.43907906017256,0.56092093982744,360.0,1880.0,False,6760.0,0.0,0.9999999999999976,10,operational,191,0.3049645390070922
0.8696935272816325,0.1303064727183674,0.43907906017256,0.56092093982744,360.0,,True,6760.0,1.0,0.93178126576305,11,operational,191,0.3049645390070922
0.7387450490589191,0.2612549509410808,0.775208006189561,0.224791993810439,360.0,4260.0,False,6760.0,0.0,0.9999999999999974,00,operational,192,0.5177304964539007
0.68081735297835,0.31918264702165,0.775208006189561,0.224791993810439,360.0,5690.0,False,6760.0,0.0,0.9999999999999974,01,operational,192,0.5177304964539007
0.7269834951868832,0.2730165048131168,0.7934068890471561,0.2065931109528439,360.0,4260.0,False,6760.0,0.0,0.9999999999999974,10,operational,192,0.5177304964539007
0.6847224275641638,0.3152775724358362,0.7934068890471561,0.2065931109528439,360.0,5440.0,False,6760.0,0.0,0.9999999999999974,11,operational,192,0.5177304964539007
0.8551980759222645,0.1448019240777355,0.5937750160091335,0.4062249839908665,360.0,3170.0,False,6760.0,0.0,0.9999999999999976,00,operational,193,0.4397163120567376
0.8197339420801087,0.1802660579198912,0.5937750160091335,0.4062249839908665,360.0,3990.0,False,6760.0,0.0,0.9999999999999976,01,operational,193,0.4397163120567376
0.8413248603329795,0.1586751396670205,0.6457431774479172,0.3542568225520827,360.0,3170.0,False,6760.0,0.0,0.9999999999999976,10,operational,193,0.4397163120567376
0.1064259704171834,0.8935740295828165,0.6457431774479172,0.3542568225520827,360.0,,True,6760.0,1.0,0.0507230432006392,11,operational,193,0.4397163120567376
0.7529124051510505,0.2470875948489495,0.7276063541282038,0.2723936458717961,360.0,3940.0,False,6760.0,0.0,0.9999999999999976,00,operational,194,0.4113475177304964
0.7344882135162962,0.2655117864837037,0.7276063541282038,0.2723936458717961,360.0,5220.0,False,6760.0,0.0,0.9999999999999976,01,operational,194,0.4113475177304964
0.733977597922199,0.266022402077801,0.771226132063696,0.228773867936304,360.0,3940.0,False,6760.0,0.0,0.9999999999999976,10,operational,194,0.4113475177304964
0.6442931295656131,0.3557068704343868,0.771226132063696,0.228773867936304,360.0,,True,6760.0,1.0,0.8506156213344934,11,operational,194,0.4113475177304964
0.6816869762228156,0.3183130237771844,0.8254157898991697,0.1745842101008302,360.0,4870.0,False,6760.0,0.0,0.9999999999999976,00,operational,195,0.524822695035461
0.6457230796354774,0.3542769203645226,0.8254157898991697,0.1745842101008302,360.0,6110.0,False,6760.0,0.0,0.9999999999999976,01,operational,195,0.524822695035461
0.6712293316200324,0.3287706683799676,0.8263128873878051,0.1736871126121949,360.0,4870.0,False,6760.0,0.0,0.9999999999999976,10,operational,195,0.524822695035461
0.5910939250223779,0.4089060749776221,0.8263128873878051,0.1736871126121949,360.0,5770.0,False,6760.0,0.0,0.9999999999999976,11,operational,195,0.524822695035461
0.8185455028320244,0.1814544971679755,0.6948005867137985,0.3051994132862015,360.0,3500.0,False,6760.0,0.0,0.9999999999999976,00,operational,196,0.4609929078014184
0.7920801177309397,0.2079198822690603,0.6948005867137985,0.3051994132862015,360.0,4590.0,False,6760.0,0.0,0.9999999999999976,01,operational,196,0.4609929078014184
0.8079181072598538,0.1920818927401462,0.7349197169701741,0.2650802830298259,360.0,3500.0,False,6760.0,0.0,0.9999999999999976,10,operational,196,0.4609929078014184
0.6765740370761931,0.3234259629238069,0.7349197169701741,0.2650802830298259,360.0,,True,6760.0,1.0,0.8506156213344934,11,operational,196,0.4609929078014184
0.8656815777394886,0.1343184222605113,0.6447129171650239,0.355287082834976,360.0,2650.0,False,6760.0,0.0,0.9999999999999976,00,operational,197,0.3546099290780142
0.8472764082179451,0.1527235917820548,0.6447129171650239,0.355287082834976,360.0,3690.0,False,6760.0,0.0,0.9999999999999976,01,operational,197,0.3546099290780142
0.8596371116566257,0.1403628883433743,0.6648233461129092,0.3351766538870908,360.0,2650.0,False,6760.0,0.0,0.9999999999999976,10,operational,197,0.3546099290780142
0.8710208777494505,0.1289791222505495,0.6648233461129092,0.3351766538870908,360.0,3170.0,False,6760.0,0.0,0.9999999999999976,11,operational,197,0.3546099290780142
0.9421311485337353,0.0578688514662647,0.358795403713428,0.641204596286572,360.0,1790.0,False,6760.0,0.0,0.9999999999999976,00,operational,198,0.2695035460992908
0.9293932389205788,0.0706067610794211,0.358795403713428,0.641204596286572,360.0,2180.0,False,6760.0,0.0,0.9999999999999976,01,operational,198,0.2695035460992908
0.9371414492750476,0.0628585507249522,0.3883954779175678,0.6116045220824322,360.0,1790.0,False,6760.0,0.0,0.9999999999999976,10,operational,198,0.2695035460992908
0.9205407461896584,0.0794592538103415,0.3883954779175678,0.6116045220824322,360.0,2260.0,False,6760.0,0.0,0.9999999999999976,11,operational,198,0.2695035460992908
0.8519999964708131,0.1480000035291868,0.6637420823309399,0.3362579176690601,360.0,2970.0,False,6760.0,0.0,0.9999999999999976,00,operational,199,0.4680851063829787
0.8090467231925346,0.1909532768074654,0.6637420823309399,0.3362579176690601,360.0,3790.0,False,6760.0,0.0,0.9999999999999976,01,operational,199,0.4680851063829787
0.8464387976095062,0.1535612023904937,0.6860589412545613,0.3139410587454386,360.0,2970.0,False,6760.0,0.0,0.9999999999999976,10,operational,199,0.4680851063829787
0.8123905421276554,0.1876094578723446,0.6860589412545613,0.3139410587454386,360.0,3730.0,False,6760.0,0.0,0.9999999999999976,11,operational,199,0.4680851063829787
0.9170855241214452,0.0829144758785548,0.4117895309640194,0.5882104690359806,360.0,2110.0,False,6760.0,0.0,0.9999999999999976,00,operational,200,0.3262411347517731
0.8980867748379315,0.1019132251620684,0.4117895309640194,0.5882104690359806,360.0,2760.0,False,6760.0,0.0,0.9999999999999976,01,operational,200,0.3262411347517731
0.9140633240329016,0.0859366759670985,0.4235271104731193,0.5764728895268807,360.0,2110.0,False,6760.0,0.0,0.9999999999999976,10,operational,200,0.3262411347517731
0.892061383481401,0.107938616518599,0.4235271104731193,0.5764728895268807,360.0,2800.0,False,6760.0,0.0,0.9999999999999976,11,operational,200,0.3262411347517731
0.874451712899595,0.125548287100405,0.7057536428165543,0.2942463571834458,360.0,2680.0,False,6760.0,0.0,0.9999999999999976,00,operational,201,0.4042553191489361
0.8488184706742314,0.1511815293257685,0.7057536428165543,0.2942463571834458,360.0,3120.0,False,6760.0,0.0,0.9999999999999976,01,operational,201,0.4042553191489361
0.8618787836412587,0.1381212163587413,0.7773058781152142,0.2226941218847857,360.0,2680.0,False,6760.0,0.0,0.9999999999999976,10,operational,201,0.4042553191489361
0.8361003528795228,0.1638996471204772,0.7773058781152142,0.2226941218847857,360.0,3190.0,False,6760.0,0.0,0.9999999999999974,11,operational,201,0.4042553191489361
0.9293357985140492,0.0706642014859508,0.4964113660855596,0.5035886339144404,360.0,1890.0,False,6760.0,0.0,0.9999999999999976,00,operational,202,0.3262411347517731
0.9191944149132713,0.0808055850867287,0.4964113660855596,0.5035886339144404,360.0,2360.0,False,6760.0,0.0,0.9999999999999976,01,operational,202,0.3262411347517731
0.9269769690477828,0.0730230309522173,0.5192316909707952,0.4807683090292047,360.0,1890.0,False,6760.0,0.0,0.9999999999999976,10,operational,202,0.3262411347517731
0.9180162071078716,0.0819837928921284,0.5192316909707952,0.4807683090292047,360.0,2360.0,False,6760.0,0.0,0.9999999999999976,11,operational,202,0.3262411347517731
0.8977939727793834,0.1022060272206165,0.6656443563931996,0.3343556436068003,360.0,2210.0,False,6760.0,0.0,0.9999999999999976,00,operational,203,0.3546099290780142
0.8905434266337574,0.1094565733662426,0.6656443563931996,0.3343556436068003,360.0,2590.0,False,6760.0,0.0,0.9999999999999976,01,operational,203,0.3546099290780142
0.891991326387703,0.108008673612297,0.7031610051683124,0.2968389948316877,360.0,2210.0,False,6760.0,0.0,0.9999999999999976,10,operational,203,0.3546099290780142
0.8770742942607793,0.1229257057392206,0.7031610051683124,0.2968389948316877,360.0,2690.0,False,6760.0,0.0,0.9999999999999976,11,operational,203,0.3546099290780142
0.7843501004266041,0.2156498995733958,0.693929378847292,0.306070621152708,360.0,4220.0,False,6760.0,0.0,0.9999999999999976,00,operational,204,0.425531914893617
0.7514943306609217,0.2485056693390782,0.693929378847292,0.306070621152708,360.0,5370.0,False,6760.0,0.0,0.9999999999999976,01,operational,204,0.425531914893617
0.7606496660311464,0.2393503339688536,0.729997367741527,0.270002632258473,360.0,4220.0,False,6760.0,0.0,0.9999999999999976,10,operational,204,0.425531914893617
0.5811796906430658,0.4188203093569341,0.729997367741527,0.270002632258473,360.0,,True,6760.0,1.0,0.6470488565711302,11,operational,204,0.425531914893617
0.6435759747776715,0.3564240252223285,0.7969378207170372,0.2030621792829628,360.0,5650.0,False,6760.0,0.0,0.9999999999999974,00,operational,205,0.6099290780141844
0.6344995772431711,0.3655004227568289,0.7969378207170372,0.2030621792829628,360.0,,True,6760.0,1.0,0.919467924923926,01,operational,205,0.6099290780141844
0.6213431003466526,0.3786568996533473,0.8310470634777795,0.1689529365222205,360.0,5650.0,False,6760.0,0.0,0.9999999999999974,10,operational,205,0.6099290780141844
0.5709726756670173,0.4290273243329827,0.8310470634777795,0.1689529365222205,360.0,,True,6760.0,1.0,0.8461534701601624,11,operational,205,0.6099290780141844
0.8880295074221796,0.1119704925778204,0.5208959876539366,0.4791040123460633,360.0,2710.0,False,6760.0,0.0,0.9999999999999976,00,operational,206,0.3971631205673759
0.8720830186153564,0.1279169813846435,0.5208959876539366,0.4791040123460633,360.0,3360.0,False,6760.0,0.0,0.9999999999999976,01,operational,206,0.3971631205673759
0.8790864929294143,0.1209135070705856,0.5679570902456625,0.4320429097543374,360.0,2710.0,False,6760.0,0.0,0.9999999999999976,10,operational,206,0.3971631205673759
0.8573367600982487,0.1426632399017513,0.5679570902456625,0.4320429097543374,360.0,3300.0,False,6760.0,0.0,0.9999999999999976,11,operational,206,0.3971631205673759
0.8750155829332501,0.1249844170667499,0.4402775127631549,0.559722487236845,360.0,3040.0,False,6760.0,0.0,0.9999999999999976,00,operational,207,0.3900709219858156
0.8507947389728024,0.1492052610271975,0.4402775127631549,0.559722487236845,360.0,3690.0,False,6760.0,0.0,0.9999999999999976,01,operational,207,0.3900709219858156
0.8655505922033109,0.1344494077966891,0.4875859265368549,0.512414073463145,360.0,3040.0,False,6760.0,0.0,0.9999999999999976,10,operational,207,0.3900709219858156
0.8436209573819405,0.1563790426180594,0.4875859265368549,0.512414073463145,360.0,3700.0,False,6760.0,0.0,0.9999999999999976,11,operational,207,0.3900709219858156
0.977256593191047,0.022743406808953,0.2553514175422433,0.7446485824577567,360.0,1000.0,False,6760.0,0.0,0.9999999999999976,00,operational,208,0.2056737588652482
0.9759129830635016,0.0240870169364983,0.2553514175422433,0.7446485824577567,360.0,1090.0,False,6760.0,0.0,0.9999999999999976,01,operational,208,0.2056737588652482
0.9755956434013744,0.0244043565986256,0.3101815059789299,0.6898184940210701,360.0,1000.0,False,6760.0,0.0,0.9999999999999976,10,operational,208,0.2056737588652482
0.9741427916985278,0.0258572083014722,0.3101815059789299,0.6898184940210701,360.0,1080.0,False,6760.0,0.0,0.9999999999999976,11,operational,208,0.2056737588652482
0.979791046749874,0.020208953250126,0.2218708288607188,0.7781291711392812,360.0,840.0,False,6760.0,0.0,0.9999999999999976,00,operational,209,0.1773049645390071
0.975415501209557,0.024584498790443,0.2218708288607188,0.7781291711392812,360.0,1020.0,False,6760.0,0.0,0.9999999999999976,01,operational,209,0.1773049645390071
0.979791046749874,0.020208953250126,0.2218708288607188,0.7781291711392812,360.0,840.0,False,6760.0,0.0,0.9999999999999976,10,operational,209,0.1773049645390071
0.975415501209557,0.024584498790443,0.2218708288607188,0.7781291711392812,360.0,1020.0,False,6760.0,0.0,0.9999999999999976,11,operational,209,0.1773049645390071
0.8657567753518589,0.1342432246481411,0.6135978647432613,0.3864021352567387,360.0,2780.0,False,6760.0,0.0,0.9999999999999974,00,operational,210,0.3829787234042553
0.8357213917582469,0.1642786082417531,0.6135978647432613,0.3864021352567387,360.0,3460.0,False,6760.0,0.0,0.9999999999999974,01,operational,210,0.3829787234042553
0.8622251411343059,0.137774858865694,0.6135978647432613,0.3864021352567387,360.0,2780.0,False,6760.0,0.0,0.9999999999999974,10,operational,210,0.3829787234042553
0.8396905697401014,0.1603094302598986,0.6135978647432613,0.3864021352567387,360.0,3430.0,False,6760.0,0.0,0.9999999999999974,11,operational,210,0.3829787234042553
0.9787412960938752,0.0212587039061247,0.1832452350107333,0.8167547649892667,360.0,1150.0,False,6760.0,0.0,0.9999999999999976,00,operational,211,0.226950354609929
0.9775371061831226,0.0224628938168773,0.1832452350107333,0.8167547649892667,360.0,1240.0,False,6760.0,0.0,0.9999999999999976,01,operational,211,0.226950354609929
0.9765991604649564,0.0234008395350436,0.2366379831485471,0.7633620168514529,360.0,1150.0,False,6760.0,0.0,0.9999999999999976,10,operational,211,0.226950354609929
0.9752861248351998,0.0247138751648001,0.2366379831485471,0.7633620168514529,360.0,1250.0,False,6760.0,0.0,0.9999999999999976,11,operational,211,0.226950354609929
0.9571252492655228,0.0428747507344773,0.2299518426812349,0.7700481573187651,360.0,1920.0,False,6760.0,0.0,0.9999999999999976,00,operational,212,0.2836879432624113
0.9428572310512298,0.0571427689487702,0.2299518426812349,0.7700481573187651,360.0,2460.0,False,6760.0,0.0,0.9999999999999976,01,operational,212,0.2836879432624113
0.9470046891766944,0.0529953108233055,0.3067099325781872,0.6932900674218128,360.0,1920.0,False,6760.0,0.0,0.9999999999999976,10,operational,212,0.2836879432624113
0.9275813072806488,0.072418692719351,0.3067099325781872,0.6932900674218128,360.0,2550.0,False,6760.0,0.0,0.9999999999999976,11,operational,212,0.2836879432624113
0.9430735895732312,0.0569264104267687,0.3596704057691353,0.6403295942308647,360.0,1660.0,False,6760.0,0.0,0.9999999999999976,00,operational,213,0.2695035460992908
0.9353622152454965,0.0646377847545035,0.3596704057691353,0.6403295942308647,360.0,1910.0,False,6760.0,0.0,0.9999999999999976,01,operational,213,0.2695035460992908
0.9389168875242148,0.0610831124757852,0.3948844061791283,0.6051155938208717,360.0,1660.0,False,6760.0,0.0,0.9999999999999976,10,operational,213,0.2695035460992908
0.9291819479117698,0.0708180520882302,0.3948844061791283,0.6051155938208717,360.0,1960.0,False,6760.0,0.0,0.9999999999999976,11,operational,213,0.2695035460992908
0.7282867208400994,0.2717132791599006,0.7095644970153028,0.2904355029846971,360.0,4680.0,False,6760.0,0.0,0.9999999999999976,00,operational,214,0.5460992907801419
0.6948852422755609,0.3051147577244391,0.7095644970153028,0.2904355029846971,360.0,6250.0,False,6760.0,0.0,0.999999999999966,01,operational,214,0.5460992907801419
0.7165801793809076,0.2834198206190924,0.7210300711411695,0.2789699288588306,360.0,4680.0,False,6760.0,0.0,0.9999999999999976,10,operational,214,0.5460992907801419
0.690476808673335,0.3095231913266649,0.7210300711411695,0.2789699288588306,360.0,6530.0,False,6760.0,0.0,0.999999947532569,11,operational,214,0.5460992907801419
0.9349736553875154,0.0650263446124845,0.602520198356952,0.3974798016430479,360.0,1530.0,False,6760.0,0.0,0.9999999999999976,00,operational,215,0.2553191489361702
0.9308669864292398,0.0691330135707601,0.602520198356952,0.3974798016430479,360.0,1710.0,False,6760.0,0.0,0.9999999999999976,01,operational,215,0.2553191489361702
0.9349736553875154,0.0650263446124845,0.602520198356952,0.3974798016430479,360.0,1530.0,False,6760.0,0.0,0.9999999999999976,10,operational,215,0.2553191489361702
0.9308669864292398,0.0691330135707601,0.602520198356952,0.3974798016430479,360.0,1710.0,False,6760.0,0.0,0.9999999999999976,11,operational,215,0.2553191489361702
0.6362706947965541,0.3637293052034459,0.8101395400051807,0.1898604599948193,360.0,5560.0,False,6760.0,0.0,0.9999999999999976,00,operational,216,0.6312056737588653
0.5953057639094556,0.4046942360905444,0.8101395400051807,0.1898604599948193,360.0,,True,6760.0,1.0,0.9758085196397324,01,operational,216,0.6312056737588653
0.6166967775843961,0.3833032224156039,0.8424376129670356,0.1575623870329644,360.0,5560.0,False,6760.0,0.0,0.9999999999999976,10,operational,216,0.6312056737588653
0.4623990146430904,0.5376009853569095,0.8424376129670356,0.1575623870329644,360.0,,True,6760.0,1.0,0.8065441006435372,11,operational,216,0.6312056737588653
0.9579383483441112,0.0420616516558888,0.4281512698906724,0.5718487301093276,360.0,1380.0,False,6760.0,0.0,0.9999999999999976,00,operational,217,0.2695035460992908
0.9538877128139632,0.0461122871860366,0.4281512698906724,0.5718487301093276,360.0,1520.0,False,6760.0,0.0,0.9999999999999976,01,operational,217,0.2695035460992908
0.9579383483441112,0.0420616516558888,0.4281512698906724,0.5718487301093276,360.0,1380.0,False,6760.0,0.0,0.9999999999999976,10,operational,217,0.2695035460992908
0.9538877128139632,0.0461122871860366,0.4281512698906724,0.5718487301093276,360.0,1520.0,False,6760.0,0.0,0.9999999999999976,11,operational,217,0.2695035460992908
0.9801444251778854,0.0198555748221146,0.2094893337166291,0.7905106662833709,360.0,1030.0,False,6760.0,0.0,0.9999999999999976,00,operational,218,0.1631205673758865
0.9797142698279422,0.0202857301720578,0.2094893337166291,0.7905106662833709,360.0,1060.0,False,6760.0,0.0,0.9999999999999976,01,operational,218,0.1631205673758865
0.9769773790280528,0.023022620971947,0.2592101254897492,0.7407898745102508,360.0,1030.0,False,6760.0,0.0,0.9999999999999976,10,operational,218,0.1631205673758865
0.9764721759590866,0.0235278240409133,0.2592101254897492,0.7407898745102508,360.0,1060.0,False,6760.0,0.0,0.9999999999999976,11,operational,218,0.1631205673758865
0.8594346145440703,0.1405653854559296,0.6150331246271337,0.3849668753728664,360.0,2760.0,False,6760.0,0.0,0.9999999999999974,00,operational,219,0.3191489361702128
0.8544058596767874,0.1455941403232126,0.6150331246271337,0.3849668753728664,360.0,3600.0,False,6760.0,0.0,0.9999999999999974,01,operational,219,0.3191489361702128
0.8564707406219111,0.1435292593780889,0.6261839848329116,0.3738160151670884,360.0,2760.0,False,6760.0,0.0,0.9999999999999974,10,operational,219,0.3191489361702128
0.8521080891243639,0.1478919108756361,0.6261839848329116,0.3738160151670884,360.0,3600.0,False,6760.0,0.0,0.9999999999999974,11,operational,219,0.3191489361702128
0.8238155635957123,0.1761844364042877,0.6276933334859667,0.3723066665140333,360.0,3650.0,False,6760.0,0.0,0.9999999999999976,00,operational,220,0.4680851063829787
0.7990162290669728,0.2009837709330272,0.6276933334859667,0.3723066665140333,360.0,4750.0,False,6760.0,0.0,0.9999999999999976,01,operational,220,0.4680851063829787
0.8126493342818745,0.1873506657181255,0.6498274816003128,0.3501725183996872,360.0,3650.0,False,6760.0,0.0,0.9999999999999976,10,operational,220,0.4680851063829787
0.8016557776347044,0.1983442223652955,0.6498274816003128,0.3501725183996872,360.0,4880.0,False,6760.0,0.0,0.9999999999999976,11,operational,220,0.4680851063829787
0.8710209508704485,0.1289790491295515,0.7026738314049195,0.2973261685950805,360.0,2740.0,False,6760.0,0.0,0.9999999999999976,00,operational,221,0.4539007092198581
0.8407746814347563,0.1592253185652437,0.7026738314049195,0.2973261685950805,360.0,3420.0,False,6760.0,0.0,0.9999999999999976,01,operational,221,0.4539007092198581
0.8656659811208106,0.1343340188791894,0.7422313364140283,0.2577686635859717,360.0,2740.0,False,6760.0,0.0,0.9999999999999976,10,operational,221,0.4539007092198581
0.8219494201807483,0.1780505798192516,0.7422313364140283,0.2577686635859717,360.0,3290.0,False,6760.0,0.0,0.9999999999999976,11,operational,221,0.4539007092198581
0.7721935012498308,0.2278064987501692,0.6555702151269904,0.3444297848730095,360.0,3910.0,False,6760.0,0.0,0.9999999999999976,00,operational,222,0.425531914893617
0.7491225852661532,0.2508774147338468,0.6555702151269904,0.3444297848730095,360.0,4910.0,False,6760.0,0.0,0.9999999999999976,01,operational,222,0.425531914893617
0.7611614141073321,0.2388385858926679,0.677460359420552,0.3225396405794479,360.0,3910.0,False,6760.0,0.0,0.9999999999999976,10,operational,222,0.425531914893617
0.6979926040944481,0.3020073959055519,0.677460359420552,0.3225396405794479,360.0,,True,6760.0,1.0,0.8893731201557741,11,operational,222,0.425531914893617
0.9652237503659836,0.0347762496340162,0.3484250578063939,0.6515749421936061,360.0,1140.0,False,6760.0,0.0,0.9999999999999974,00,operational,223,0.1843971631205673
0.9611845097368754,0.0388154902631245,0.3484250578063939,0.6515749421936061,360.0,1320.0,False,6760.0,0.0,0.9999999999999974,01,operational,223,0.1843971631205673
0.9610035920060728,0.0389964079939272,0.4027842075618084,0.5972157924381916,360.0,1140.0,False,6760.0,0.0,0.9999999999999974,10,operational,223,0.1843971631205673
0.955426270653256,0.044573729346744,0.4027842075618084,0.5972157924381916,360.0,1380.0,False,6760.0,0.0,0.9999999999999976,11,operational,223,0.1843971631205673
0.9523849174218944,0.0476150825781055,0.345219751370508,0.654780248629492,360.0,1440.0,False,6760.0,0.0,0.9999999999999976,00,operational,224,0.2765957446808511
0.9515157420066602,0.0484842579933397,0.345219751370508,0.654780248629492,360.0,1520.0,False,6760.0,0.0,0.9999999999999976,01,operational,224,0.2765957446808511
0.9477436131863912,0.0522563868136087,0.3979607624243,0.6020392375757,360.0,1440.0,False,6760.0,0.0,0.9999999999999976,10,operational,224,0.2765957446808511
0.9462673072753752,0.0537326927246246,0.3979607624243,0.6020392375757,360.0,1540.0,False,6760.0,0.0,0.9999999999999976,11,operational,224,0.2765957446808511
0.9828952547977688,0.0171047452022312,0.2271107484372091,0.7728892515627909,360.0,1120.0,False,6760.0,0.0,0.9999999999999976,00,operational,225,0.2411347517730496
0.9820735640680291,0.0179264359319707,0.2271107484372091,0.7728892515627909,360.0,1170.0,False,6760.0,0.0,0.9999999999999976,01,operational,225,0.2411347517730496
0.9809235114334156,0.0190764885665843,0.3217898357044521,0.6782101642955479,360.0,1120.0,False,6760.0,0.0,0.9999999999999976,10,operational,225,0.2411347517730496
0.9772927857413652,0.0227072142586348,0.3217898357044521,0.6782101642955479,360.0,1210.0,False,6760.0,0.0,0.9999999999999976,11,operational,225,0.2411347517730496
0.8104983219064665,0.1895016780935334,0.7350232183708532,0.2649767816291469,360.0,3490.0,False,6760.0,0.0,0.9999999999999976,00,operational,226,0.5106382978723404
0.7617713259787615,0.2382286740212384,0.7350232218323658,0.2649767781676342,360.0,4790.0,False,6760.0,0.0,0.9999999999999976,01,operational,226,0.5106382978723404
0.8028722705056924,0.1971277294943075,0.7759382374627299,0.22406176253727,360.0,3490.0,False,6760.0,0.0,0.9999999999999976,10,operational,226,0.5106382978723404
0.1381639646168072,0.8618360353831928,0.7759382371066492,0.2240617628933508,360.0,,True,6760.0,1.0,0.0423478832129294,11,operational,226,0.5106382978723404
0.8598129447827858,0.1401870552172142,0.6910666291688834,0.3089333708311165,200.0,2930.0,False,6760.0,0.0,0.9999999999999976,00,operational,227,0.425531914893617
0.8313547977194452,0.1686452022805548,0.6910666291688834,0.3089333708311165,200.0,3760.0,False,6760.0,0.0,0.9999999999999976,01,operational,227,0.425531914893617
0.8524757044610416,0.1475242955389584,0.825488946109643,0.174511053890357,200.0,2930.0,False,6760.0,0.0,0.9999999999999976,10,operational,227,0.425531914893617
0.840151854016024,0.159848145983976,0.825488946109643,0.174511053890357,200.0,3710.0,False,6760.0,0.0,0.9999999999999976,11,operational,227,0.425531914893617
0.8480451578163622,0.1519548421836377,0.6071878330245598,0.3928121669754402,360.0,3380.0,False,6760.0,0.0,0.9999999999999976,00,operational,228,0.4184397163120567
0.8089812068469234,0.1910187931530765,0.6071878330245598,0.3928121669754402,360.0,4180.0,False,6760.0,0.0,0.9999999999999976,01,operational,228,0.4184397163120567
0.8227341729456638,0.1772658270543362,0.7053358597294457,0.2946641402705544,360.0,3380.0,False,6760.0,0.0,0.9999999999999976,10,operational,228,0.4184397163120567
0.7388068095001517,0.2611931904998483,0.7053358597294457,0.2946641402705544,360.0,,True,6760.0,1.0,0.8893731201557741,11,operational,228,0.4184397163120567
0.8259125867345855,0.1740874132654145,0.5254277794743154,0.4745722205256846,360.0,3610.0,False,6760.0,0.0,0.9999999999999974,00,operational,229,0.4893617021276595
0.7960707533451601,0.2039292466548399,0.5254277794743155,0.4745722205256845,360.0,4310.0,False,6760.0,0.0,0.9999999999999974,01,operational,229,0.4893617021276595
0.8198415470951537,0.1801584529048463,0.5258714969810736,0.4741285030189264,360.0,3610.0,False,6760.0,0.0,0.9999999999999974,10,operational,229,0.4893617021276595
0.7441138081434427,0.2558861918565572,0.5258714969810734,0.4741285030189266,360.0,,True,6760.0,1.0,0.93178126576305,11,operational,229,0.4893617021276595
0.8992211392438445,0.1007788607561555,0.4103465429078106,0.5896534570921894,360.0,2610.0,False,6760.0,0.0,0.9999999999999976,00,operational,230,0.3546099290780142
0.8785041889268684,0.1214958110731315,0.4103465429078106,0.5896534570921894,360.0,3250.0,False,6760.0,0.0,0.9999999999999976,01,operational,230,0.3546099290780142
0.8964110733813748,0.1035889266186251,0.4233498715811794,0.5766501284188206,360.0,2610.0,False,6760.0,0.0,0.9999999999999976,10,operational,230,0.3546099290780142
0.8766896771797437,0.1233103228202563,0.4233498715811794,0.5766501284188206,360.0,3220.0,False,6760.0,0.0,0.9999999999999976,11,operational,230,0.3546099290780142
0.7084767255519586,0.2915232744480414,0.7629885552173878,0.2370114447826121,360.0,4650.0,False,6760.0,0.0,0.9999999999999976,00,operational,231,0.4822695035460992
0.6324637407010185,0.3675362592989815,0.7629885552173878,0.2370114447826121,360.0,6240.0,False,6760.0,0.0,0.9999999999999724,01,operational,231,0.4822695035460992
0.6971691707937911,0.3028308292062088,0.7729639545101378,0.2270360454898622,360.0,4650.0,False,6760.0,0.0,0.9999999999999976,10,operational,231,0.4822695035460992
0.623355210224049,0.3766447897759509,0.7729639545101378,0.2270360454898622,360.0,,True,6760.0,1.0,0.9317812656734458,11,operational,231,0.4822695035460992
0.8836105280612274,0.1163894719387725,0.6387890953095405,0.3612109046904594,360.0,2480.0,False,6760.0,0.0,0.9999999999999976,00,operational,232,0.3617021276595745
0.8584781719506481,0.1415218280493518,0.6387890953091726,0.3612109046908274,360.0,3140.0,False,6760.0,0.0,0.9999999999999976,01,operational,232,0.3617021276595745
0.8803791800421054,0.1196208199578946,0.6516597628800503,0.3483402371199496,360.0,2480.0,False,6760.0,0.0,0.9999999999999976,10,operational,232,0.3617021276595745
0.0979733917352929,0.902026608264707,0.651659763196923,0.3483402368030769,360.0,,True,6760.0,1.0,0.0515580736061966,11,operational,232,0.3617021276595745
0.8127816233591759,0.187218376640824,0.6727082782060361,0.3272917217939639,360.0,3740.0,False,6760.0,0.0,0.9999999999999974,00,operational,233,0.5106382978723404
0.8024800904921002,0.1975199095078997,0.6727082782060361,0.3272917217939639,360.0,4450.0,False,6760.0,0.0,0.9999999999999974,01,operational,233,0.5106382978723404
0.8072475717913917,0.1927524282086082,0.6835971137302932,0.3164028862697068,360.0,3740.0,False,6760.0,0.0,0.9999999999999974,10,operational,233,0.5106382978723404
0.7947126688789838,0.2052873311210161,0.6835971137302932,0.3164028862697068,360.0,4500.0,False,6760.0,0.0,0.9999999999999974,11,operational,233,0.5106382978723404
0.8380600448139985,0.1619399551860014,0.6356955771518433,0.3643044228481567,360.0,3090.0,False,6760.0,0.0,0.9999999999999976,00,operational,234,0.3829787234042553
0.8162255026408564,0.1837744973591436,0.6356955771518433,0.3643044228481567,360.0,4340.0,False,6760.0,0.0,0.9999999999999976,01,operational,234,0.3829787234042553
0.8296038666370649,0.1703961333629351,0.6644624739851619,0.3355375260148381,360.0,3090.0,False,6760.0,0.0,0.9999999999999976,10,operational,234,0.3829787234042553
0.7831524327418221,0.2168475672581779,0.6644624739851619,0.3355375260148381,360.0,4560.0,False,6760.0,0.0,0.9999999999999976,11,operational,234,0.3829787234042553
0.8184900778147751,0.1815099221852248,0.6338052822688536,0.3661947177311463,360.0,3610.0,False,6760.0,0.0,0.9999999999999976,00,operational,235,0.4609929078014184
0.7690481572328941,0.2309518427671059,0.6338052822688536,0.3661947177311463,360.0,4700.0,False,6760.0,0.0,0.9999999999999976,01,operational,235,0.4609929078014184
0.8065080976571685,0.1934919023428315,0.6686133032474736,0.3313866967525264,360.0,3610.0,False,6760.0,0.0,0.9999999999999976,10,operational,235,0.4609929078014184
0.6989080679201413,0.3010919320798587,0.6686133032474736,0.3313866967525264,360.0,,True,6760.0,1.0,0.8504660360830046,11,operational,235,0.4609929078014184
0.7788922644922681,0.2211077355077318,0.6702948542045862,0.3297051457954137,360.0,3960.0,False,6760.0,0.0,0.9999999999999974,00,operational,236,0.4893617021276595
0.7319389092912885,0.2680610907087115,0.6702948542045862,0.3297051457954137,360.0,5170.0,False,6760.0,0.0,0.9999999999999974,01,operational,236,0.4893617021276595
0.7681999801751438,0.2318000198248562,0.6907665033101592,0.3092334966898408,360.0,3960.0,False,6760.0,0.0,0.9999999999999974,10,operational,236,0.4893617021276595
0.7157892428622358,0.2842107571377642,0.6907665033101592,0.3092334966898408,360.0,4670.0,False,6760.0,0.0,0.9999999999999974,11,operational,236,0.4893617021276595
0.767264080714738,0.232735919285262,0.7031422868518119,0.2968577131481881,360.0,3810.0,False,6760.0,0.0,0.9999999999999976,00,operational,237,0.425531914893617
0.7397840850368532,0.2602159149631468,0.7031422868518119,0.2968577131481881,360.0,5010.0,False,6760.0,0.0,0.9999999999999976,01,operational,237,0.425531914893617
0.7628359317508402,0.2371640682491598,0.70607690725856,0.2939230927414399,360.0,3810.0,False,6760.0,0.0,0.9999999999999976,10,operational,237,0.425531914893617
0.6464204823432105,0.3535795176567895,0.70607690725856,0.2939230927414399,360.0,,True,6760.0,1.0,0.77178900505836,11,operational,237,0.425531914893617
0.9655367527260292,0.0344632472739708,0.3737533634106176,0.6262466365893824,360.0,1010.0,False,6760.0,0.0,0.9999999999999976,00,operational,238,0.1843971631205673
0.960307394450972,0.039692605549028,0.3737533634106176,0.6262466365893824,360.0,1210.0,False,6760.0,0.0,0.9999999999999976,01,operational,238,0.1843971631205673
0.964947729244768,0.035052270755232,0.3821400096226054,0.6178599903773946,360.0,1010.0,False,6760.0,0.0,0.9999999999999976,10,operational,238,0.1843971631205673
0.960804642936511,0.0391953570634889,0.3821400096226054,0.6178599903773946,360.0,1200.0,False,6760.0,0.0,0.9999999999999976,11,operational,238,0.1843971631205673
0.9230994372975404,0.0769005627024596,0.3887777472716636,0.6112222527283364,360.0,2300.0,False,6760.0,0.0,0.9999999999999976,00,operational,239,0.3475177304964539
0.9122850361841472,0.0877149638158527,0.3887777472716636,0.6112222527283364,360.0,2710.0,False,6760.0,0.0,0.9999999999999976,01,operational,239,0.3475177304964539
0.9218791470805702,0.0781208529194298,0.3902308881448926,0.6097691118551074,360.0,2300.0,False,6760.0,0.0,0.9999999999999976,10,operational,239,0.3475177304964539
0.9107912486110832,0.0892087513889168,0.3902308881448926,0.6097691118551074,360.0,2720.0,False,6760.0,0.0,0.9999999999999976,11,operational,239,0.3475177304964539
0.925461452345814,0.0745385476541861,0.429115682025402,0.5708843179745979,360.0,2270.0,False,6760.0,0.0,0.9999999999999976,00,operational,240,0.3475177304964539
0.9180922724219333,0.0819077275780668,0.429115682025402,0.5708843179745979,360.0,2520.0,False,6760.0,0.0,0.9999999999999976,01,operational,240,0.3475177304964539
0.9218101565680932,0.0781898434319067,0.4461018114534034,0.5538981885465966,360.0,2270.0,False,6760.0,0.0,0.9999999999999976,10,operational,240,0.3475177304964539
0.910184260349529,0.0898157396504709,0.4461018114534034,0.5538981885465966,360.0,2630.0,False,6760.0,0.0,0.9999999999999976,11,operational,240,0.3475177304964539
0.7852935385748578,0.2147064614251421,0.767060720248588,0.232939279751412,360.0,3660.0,False,6760.0,0.0,0.9999999999999976,00,operational,241,0.4539007092198581
0.7577791471768903,0.2422208528231096,0.767060720248588,0.232939279751412,360.0,4760.0,False,6760.0,0.0,0.9999999999999976,01,operational,241,0.4539007092198581
0.7798590462431675,0.2201409537568325,0.7687504067266582,0.2312495932733418,360.0,3660.0,False,6760.0,0.0,0.9999999999999976,10,operational,241,0.4539007092198581
0.6846744152972544,0.3153255847027456,0.7687504067266582,0.2312495932733418,360.0,,True,6760.0,1.0,0.8506156213344933,11,operational,241,0.4539007092198581
0.9431649404016358,0.0568350595983642,0.4065130489408665,0.5934869510591335,360.0,1820.0,False,6760.0,0.0,0.9999999999999976,00,operational,242,0.2836879432624113
0.9282871382140316,0.0717128617859682,0.4065130489408665,0.5934869510591335,360.0,2220.0,False,6760.0,0.0,0.9999999999999976,01,operational,242,0.2836879432624113
0.9344160147130592,0.0655839852869407,0.4835416204894961,0.5164583795105039,360.0,1820.0,False,6760.0,0.0,0.9999999999999976,10,operational,242,0.2836879432624113
0.9264596483098396,0.0735403516901602,0.4835416204894961,0.5164583795105039,360.0,2270.0,False,6760.0,0.0,0.9999999999999976,11,operational,242,0.2836879432624113
0.9473564273620568,0.052643572637943,0.311956819549505,0.688043180450495,360.0,1880.0,False,6760.0,0.0,0.9999999999999976,00,operational,243,0.3829787234042553
0.9430097260143888,0.056990273985611,0.311956819549505,0.688043180450495,360.0,2060.0,False,6760.0,0.0,0.9999999999999976,01,operational,243,0.3829787234042553
0.9440962692489596,0.0559037307510404,0.3254283191665281,0.6745716808334719,360.0,1880.0,False,6760.0,0.0,0.9999999999999976,10,operational,243,0.3829787234042553
0.936410941300836,0.0635890586991639,0.3254283191665281,0.6745716808334719,360.0,2140.0,False,6760.0,0.0,0.9999999999999976,11,operational,243,0.3829787234042553
0.9040139169657724,0.0959860830342277,0.4609561704281433,0.5390438295718567,360.0,2420.0,False,6760.0,0.0,0.9999999999999976,00,operational,244,0.3617021276595745
0.8930691797739839,0.106930820226016,0.4609561704281433,0.5390438295718567,360.0,2850.0,False,6760.0,0.0,0.9999999999999976,01,operational,244,0.3617021276595745
0.896626012444102,0.103373987555898,0.5052603957906918,0.4947396042093082,360.0,2420.0,False,6760.0,0.0,0.9999999999999976,10,operational,244,0.3617021276595745
0.8860996408173337,0.1139003591826662,0.5052603957906918,0.4947396042093082,360.0,2880.0,False,6760.0,0.0,0.9999999999999976,11,operational,244,0.3617021276595745
0.7952186181242162,0.2047813818757837,0.6927979029586928,0.3072020970413072,360.0,3810.0,False,6760.0,0.0,0.9999999999999976,00,operational,245,0.4822695035460992
0.7770972869999989,0.222902713000001,0.6927979029586928,0.3072020970413072,360.0,4900.0,False,6760.0,0.0,0.9999999999999976,01,operational,245,0.4822695035460992
0.7778435178691483,0.2221564821308517,0.7568427914559543,0.2431572085440456,360.0,3810.0,False,6760.0,0.0,0.9999999999999976,10,operational,245,0.4822695035460992
0.7414563500114096,0.2585436499885903,0.7568427914559543,0.2431572085440456,360.0,4490.0,False,6760.0,0.0,0.9999999999999976,11,operational,245,0.4822695035460992
0.914518686846903,0.085481313153097,0.3913304510166557,0.6086695489833442,360.0,2140.0,False,6760.0,0.0,0.9999999999999974,00,operational,246,0.2553191489361702
0.9030978528794912,0.0969021471205087,0.3913304510166557,0.6086695489833442,360.0,2510.0,False,6760.0,0.0,0.9999999999999974,01,operational,246,0.2553191489361702
0.9098565824831084,0.0901434175168917,0.4161922050682103,0.5838077949317897,360.0,2140.0,False,6760.0,0.0,0.9999999999999974,10,operational,246,0.2553191489361702
0.8984014909078685,0.1015985090921315,0.4161922050682103,0.5838077949317897,360.0,2520.0,False,6760.0,0.0,0.9999999999999974,11,operational,246,0.2553191489361702
0.9201226591992834,0.0798773408007166,0.4179088416217614,0.5820911583782385,360.0,2310.0,False,6760.0,0.0,0.9999999999999976,00,operational,247,0.3120567375886525
0.8955105139789127,0.1044894860210873,0.4179088416217614,0.5820911583782385,360.0,2880.0,False,6760.0,0.0,0.9999999999999976,01,operational,247,0.3120567375886525
0.9038539398589264,0.0961460601410737,0.5099916043715252,0.4900083956284747,360.0,2310.0,False,6760.0,0.0,0.9999999999999976,10,operational,247,0.3120567375886525
0.7276491753406836,0.2723508246593163,0.5099916043715252,0.4900083956284747,360.0,,True,6760.0,1.0,0.7717890050583598,11,operational,247,0.3120567375886525
0.6770073949363785,0.3229926050636215,0.788667508214266,0.2113324917857339,360.0,5050.0,False,6760.0,0.0,0.9999999999999976,00,operational,248,0.6170212765957447
0.6041149135601136,0.3958850864398864,0.788667508214266,0.2113324917857339,360.0,,True,6760.0,1.0,0.9746964472613444,01,operational,248,0.6170212765957447
0.6621527894531246,0.3378472105468754,0.8245631691190067,0.1754368308809932,360.0,5050.0,False,6760.0,0.0,0.9999999999999976,10,operational,248,0.6170212765957447
0.5531189442541489,0.4468810557458511,0.8245631691190067,0.1754368308809932,360.0,6080.0,False,6760.0,0.0,0.9999999999999976,11,operational,248,0.6170212765957447
0.6509768790307623,0.3490231209692377,0.78270933620428,0.21729066379572,360.0,5190.0,False,6760.0,0.0,0.9999999999999976,00,operational,249,0.5602836879432624
0.5602384508918933,0.4397615491081067,0.78270933620428,0.21729066379572,360.0,6730.0,False,6760.0,0.0,0.9983658360000948,01,operational,249,0.5602836879432624
0.635136075802027,0.364863924197973,0.7994651005965381,0.2005348994034618,360.0,5190.0,False,6760.0,0.0,0.9999999999999976,10,operational,249,0.5602836879432624
0.4756249346600307,0.5243750653399692,0.7994651005965381,0.2005348994034618,360.0,,True,6760.0,1.0,0.771789005007713,11,operational,249,0.5602836879432624
0.9585929327231992,0.0414070672768006,0.4180239947214241,0.5819760052785758,360.0,1290.0,False,6760.0,0.0,0.9999999999999976,00,operational,250,0.226950354609929
0.9460623948375968,0.0539376051624032,0.4180239947214241,0.5819760052785758,360.0,1710.0,False,6760.0,0.0,0.9999999999999976,01,operational,250,0.226950354609929
0.9546792532656913,0.0453207467343088,0.4652795994338496,0.5347204005661503,360.0,1290.0,False,6760.0,0.0,0.9999999999999976,10,operational,250,0.226950354609929
0.8272963665793018,0.1727036334206981,0.4652795994338496,0.5347204005661503,360.0,,True,6760.0,1.0,0.8506156213344934,11,operational,250,0.226950354609929
0.8153697244601787,0.1846302755398212,0.6689414982167476,0.3310585017832523,360.0,3260.0,False,6760.0,0.0,0.9999999999999976,00,operational,251,0.375886524822695
0.7945510710226343,0.2054489289773656,0.6689414982167476,0.3310585017832523,360.0,4480.0,False,6760.0,0.0,0.9999999999999976,01,operational,251,0.375886524822695
0.8010318943291921,0.1989681056708079,0.7140598204713033,0.2859401795286966,360.0,3260.0,False,6760.0,0.0,0.9999999999999976,10,operational,251,0.375886524822695
0.5914892881110367,0.4085107118889632,0.7140598204713033,0.2859401795286966,360.0,,True,6760.0,1.0,0.6430575657833794,11,operational,251,0.375886524822695
0.9285929428309324,0.0714070571690677,0.3950773752759217,0.6049226247240783,360.0,1970.0,False,6760.0,0.0,0.9999999999999976,00,operational,252,0.3262411347517731
0.917860856404819,0.082139143595181,0.3950773752759217,0.6049226247240783,360.0,2240.0,False,6760.0,0.0,0.9999999999999976,01,operational,252,0.3262411347517731
0.9241212268348749,0.0758787731651251,0.4393729921930192,0.5606270078069808,360.0,1970.0,False,6760.0,0.0,0.9999999999999976,10,operational,252,0.3262411347517731
0.9143269603029428,0.085673039697057,0.4393729921930192,0.5606270078069808,360.0,2250.0,False,6760.0,0.0,0.9999999999999976,11,operational,252,0.3262411347517731
0.7236853345640093,0.2763146654359907,0.7883451134588595,0.2116548865411404,360.0,4340.0,False,6760.0,0.0,0.9999999999999976,00,operational,253,0.4893617021276595
0.6837377308631866,0.3162622691368134,0.7883451134588595,0.2116548865411404,360.0,5560.0,False,6760.0,0.0,0.9999999999999976,01,operational,253,0.4893617021276595
0.7126489923057467,0.2873510076942532,0.806794582423013,0.1932054175769869,360.0,4340.0,False,6760.0,0.0,0.9999999999999976,10,operational,253,0.4893617021276595
0.5840023696863283,0.4159976303136716,0.806794582423013,0.1932054175769869,360.0,,True,6760.0,1.0,0.8325521758208541,11,operational,253,0.4893617021276595
0.9522482201428252,0.0477517798571747,0.3474972407680849,0.652502759231915,360.0,1470.0,False,6760.0,0.0,0.9999999999999974,00,operational,254,0.226950354609929
0.9471358503191902,0.0528641496808097,0.3474972407680849,0.652502759231915,360.0,1700.0,False,6760.0,0.0,0.9999999999999974,01,operational,254,0.226950354609929
0.9503898105902866,0.0496101894097134,0.3638452154957672,0.6361547845042328,360.0,1470.0,False,6760.0,0.0,0.9999999999999974,10,operational,254,0.226950354609929
0.9457130116952184,0.0542869883047816,0.3638452154957672,0.6361547845042328,360.0,1700.0,False,6760.0,0.0,0.9999999999999974,11,operational,254,0.226950354609929
0.944170823057971,0.055829176942029,0.3674521009913845,0.6325478990086155,360.0,1630.0,False,6760.0,0.0,0.9999999999999976,00,operational,255,0.2695035460992908
0.9366012815775056,0.0633987184224944,0.3674521009913845,0.6325478990086155,360.0,1920.0,False,6760.0,0.0,0.9999999999999976,01,operational,255,0.2695035460992908
0.9393341257536868,0.060665874246313,0.4103104570274685,0.5896895429725315,360.0,1630.0,False,6760.0,0.0,0.9999999999999976,10,operational,255,0.2695035460992908
0.930315601483075,0.0696843985169249,0.4103104570274685,0.5896895429725315,360.0,1950.0,False,6760.0,0.0,0.9999999999999976,11,operational,255,0.2695035460992908
0.8500009876315414,0.1499990123684585,0.4662377379479634,0.5337622620520366,360.0,3660.0,False,6760.0,0.0,0.9999999999999976,00,operational,256,0.4397163120567376
0.8306951016596418,0.1693048983403582,0.4662377379479634,0.5337622620520366,360.0,4410.0,False,6760.0,0.0,0.9999999999999976,01,operational,256,0.4397163120567376
0.8359057996783663,0.1640942003216337,0.5023589520879284,0.4976410479120716,360.0,3660.0,False,6760.0,0.0,0.9999999999999976,10,operational,256,0.4397163120567376
0.7879464732423785,0.2120535267576214,0.5023589520879284,0.4976410479120716,360.0,,True,6760.0,1.0,0.9317812653019064,11,operational,256,0.4397163120567376
0.9474310563240168,0.0525689436759831,0.5085759410627011,0.4914240589372989,360.0,1620.0,False,6760.0,0.0,0.9999999999999976,00,operational,257,0.2765957446808511
0.944058061218812,0.0559419387811881,0.5085759410627011,0.4914240589372989,360.0,1880.0,False,6760.0,0.0,0.9999999999999976,01,operational,257,0.2765957446808511
0.9414744773476692,0.0585255226523308,0.5672486654695197,0.4327513345304803,360.0,1620.0,False,6760.0,0.0,0.9999999999999976,10,operational,257,0.2765957446808511
0.934456146437686,0.065543853562314,0.5672486654695197,0.4327513345304803,360.0,1950.0,False,6760.0,0.0,0.9999999999999976,11,operational,257,0.2765957446808511
0.9525818325697554,0.0474181674302446,0.3643968523863952,0.6356031476136048,360.0,1420.0,False,6760.0,0.0,0.9999999999999976,00,operational,258,0.2340425531914893
0.9475723327852108,0.052427667214789,0.3643968523863952,0.6356031476136048,360.0,1570.0,False,6760.0,0.0,0.9999999999999976,01,operational,258,0.2340425531914893
0.9497052211185584,0.0502947788814417,0.4001987717018145,0.5998012282981855,360.0,1420.0,False,6760.0,0.0,0.9999999999999976,10,operational,258,0.2340425531914893
0.9454528775814144,0.0545471224185855,0.4001987717018145,0.5998012282981855,360.0,1580.0,False,6760.0,0.0,0.9999999999999976,11,operational,258,0.2340425531914893
0.8284843290512054,0.1715156709487946,0.7181738119063004,0.2818261880936996,360.0,3340.0,False,6760.0,0.0,0.9999999999999974,00,operational,259,0.4609929078014184
0.795550782201171,0.2044492177988289,0.7181738119063004,0.2818261880936996,360.0,4440.0,False,6760.0,0.0,0.9999999999999974,01,operational,259,0.4609929078014184
0.818046710532829,0.181953289467171,0.7601621609979293,0.2398378390020706,360.0,3340.0,False,6760.0,0.0,0.9999999999999974,10,operational,259,0.4609929078014184
0.6702376560049096,0.3297623439950904,0.7601621609979293,0.2398378390020706,360.0,,True,6760.0,1.0,0.8504660360830044,11,operational,259,0.4609929078014184
0.9398626136117448,0.0601373863882552,0.4942840353290264,0.5057159646709736,360.0,2020.0,False,6760.0,0.0,0.9999999999999976,00,operational,260,0.3546099290780142
0.9291921744819576,0.0708078255180425,0.4942840353290264,0.5057159646709736,360.0,2310.0,False,6760.0,0.0,0.9999999999999976,01,operational,260,0.3546099290780142
0.9334722540521704,0.0665277459478297,0.5819379823853739,0.4180620176146262,360.0,2020.0,False,6760.0,0.0,0.9999999999999976,10,operational,260,0.3546099290780142
0.9271974103145982,0.0728025896854017,0.5819379823853739,0.4180620176146262,360.0,2320.0,False,6760.0,0.0,0.9999999999999976,11,operational,260,0.3546099290780142
0.8671080778502908,0.1328919221497092,0.7783596897525162,0.2216403102474837,360.0,2580.0,False,6760.0,0.0,0.9999999999999976,00,operational,261,0.3404255319148936
0.8291353543726473,0.1708646456273527,0.7783596897525162,0.2216403102474837,360.0,3310.0,False,6760.0,0.0,0.9999999999999976,01,operational,261,0.3404255319148936
0.8661569687044066,0.1338430312955933,0.784465219430919,0.215534780569081,360.0,2580.0,False,6760.0,0.0,0.9999999999999976,10,operational,261,0.3404255319148936
0.8292691502659789,0.170730849734021,0.784465219430919,0.215534780569081,360.0,3230.0,False,6760.0,0.0,0.9999999999999976,11,operational,261,0.3404255319148936
0.7818504021185758,0.2181495978814241,0.7492284346483176,0.2507715653516825,360.0,3820.0,False,6760.0,0.0,0.9999999999999976,00,operational,262,0.524822695035461
0.7414864048060718,0.2585135951939282,0.7492284346483176,0.2507715653516825,360.0,5200.0,False,6760.0,0.0,0.9999999999999976,01,operational,262,0.524822695035461
0.7661092539471804,0.2338907460528195,0.8045518564301184,0.1954481435698815,360.0,3820.0,False,6760.0,0.0,0.9999999999999976,10,operational,262,0.524822695035461
0.7221481504847083,0.2778518495152917,0.8045518564301184,0.1954481435698815,360.0,5180.0,False,6760.0,0.0,0.9999999999999976,11,operational,262,0.524822695035461
0.6496779498229225,0.3503220501770775,0.7900846224334228,0.2099153775665771,360.0,5150.0,False,6760.0,0.0,0.9999999999999976,00,operational,263,0.5602836879432624
0.5246069426725465,0.4753930573274535,0.7900846224334228,0.2099153775665771,360.0,6660.0,False,6760.0,0.0,0.9999418286448386,01,operational,263,0.5602836879432624
0.64417454808572,0.35582545191428,0.790960373737857,0.209039626262143,360.0,5150.0,False,6760.0,0.0,0.9999999999999976,10,operational,263,0.5602836879432624
0.108937786004493,0.891062213995507,0.790960373737857,0.209039626262143,360.0,,True,6760.0,1.0,0.0573586490545674,11,operational,263,0.5602836879432624
0.7591433783157637,0.2408566216842362,0.7325005417291992,0.2674994582708008,360.0,4120.0,False,6760.0,0.0,0.9999999999999976,00,operational,264,0.4822695035460992
0.7277306570658592,0.2722693429341408,0.7325005417291992,0.2674994582708008,360.0,5300.0,False,6760.0,0.0,0.9999999999999976,01,operational,264,0.4822695035460992
0.7464022950898505,0.2535977049101495,0.7555615969259715,0.2444384030740285,360.0,4120.0,False,6760.0,0.0,0.9999999999999976,10,operational,264,0.4822695035460992
0.7053086401148694,0.2946913598851306,0.7555615969259715,0.2444384030740285,360.0,,True,6760.0,1.0,0.9317812656734458,11,operational,264,0.4822695035460992
0.7836525996457527,0.2163474003542472,0.7507550702456464,0.2492449297543536,360.0,3550.0,False,6760.0,0.0,0.9999999999999976,00,operational,265,0.4397163120567376
0.7344407489872041,0.2655592510127958,0.7507550702456464,0.2492449297543536,360.0,4490.0,False,6760.0,0.0,0.9999999999999976,01,operational,265,0.4397163120567376
0.7772338445576568,0.2227661554423432,0.7643892480760267,0.2356107519239732,360.0,3550.0,False,6760.0,0.0,0.9999999999999976,10,operational,265,0.4397163120567376
0.7294665518389065,0.2705334481610935,0.7643892480760267,0.2356107519239732,360.0,4340.0,False,6760.0,0.0,0.9999999999999976,11,operational,265,0.4397163120567376
0.9295859149338443,0.0704140850661556,0.3981210820856407,0.6018789179143593,360.0,1960.0,False,6760.0,0.0,0.9999999999999976,00,operational,266,0.3404255319148936
0.9194450775124144,0.0805549224875856,0.3981210820856407,0.6018789179143593,360.0,2280.0,False,6760.0,0.0,0.9999999999999976,01,operational,266,0.3404255319148936
0.9264978572788922,0.0735021427211077,0.4215724089187096,0.5784275910812904,360.0,1960.0,False,6760.0,0.0,0.9999999999999976,10,operational,266,0.3404255319148936
0.91187716183032,0.0881228381696801,0.4215724089187096,0.5784275910812904,360.0,2270.0,False,6760.0,0.0,0.9999999999999976,11,operational,266,0.3404255319148936
0.8564671403417442,0.1435328596582558,0.6648983068570585,0.3351016931429414,360.0,2730.0,False,6760.0,0.0,0.9999999999999976,00,operational,267,0.3900709219858156
0.8312206383570174,0.1687793616429825,0.6648983068570585,0.3351016931429414,360.0,3700.0,False,6760.0,0.0,0.9999999999999976,01,operational,267,0.3900709219858156
0.8508863122883081,0.1491136877116918,0.6774164050315681,0.3225835949684319,360.0,2730.0,False,6760.0,0.0,0.9999999999999976,10,operational,267,0.3900709219858156
0.738643936363172,0.2613560636368279,0.6774164050315681,0.3225835949684319,360.0,,True,6760.0,1.0,0.8506156213344934,11,operational,267,0.3900709219858156
0.8789984421625725,0.1210015578374275,0.6838569734711739,0.3161430265288261,360.0,2640.0,False,6760.0,0.0,0.9999999999999976,00,operational,268,0.3971631205673759
0.8591413454859261,0.1408586545140738,0.6838569734711739,0.3161430265288261,360.0,3120.0,False,6760.0,0.0,0.9999999999999976,01,operational,268,0.3971631205673759
0.8705860381201097,0.1294139618798903,0.7276155514246303,0.2723844485753697,360.0,2640.0,False,6760.0,0.0,0.9999999999999976,10,operational,268,0.3971631205673759
0.8505269387318676,0.1494730612681324,0.7276155514246303,0.2723844485753697,360.0,3170.0,False,6760.0,0.0,0.9999999999999976,11,operational,268,0.3971631205673759
0.8567629522195632,0.1432370477804367,0.6154720287191957,0.3845279712808043,360.0,2900.0,False,6760.0,0.0,0.9999999999999976,00,operational,269,0.4042553191489361
0.844590386300922,0.155409613699078,0.6154720287191957,0.3845279712808043,360.0,3560.0,False,6760.0,0.0,0.9999999999999976,01,operational,269,0.4042553191489361
0.8522561137767051,0.1477438862232949,0.637127995604631,0.362872004395369,360.0,2900.0,False,6760.0,0.0,0.9999999999999976,10,operational,269,0.4042553191489361
0.8374515998036562,0.1625484001963437,0.637127995604631,0.362872004395369,360.0,3570.0,False,6760.0,0.0,0.9999999999999976,11,operational,269,0.4042553191489361
0.7811499073515975,0.2188500926484025,0.7487969844665434,0.2512030155334566,360.0,3830.0,False,6760.0,0.0,0.9999999999999974,00,operational,270,0.4893617021276595
0.7245710992142966,0.2754289007857033,0.7487969844665434,0.2512030155334566,360.0,4890.0,False,6760.0,0.0,0.9999999999999974,01,operational,270,0.4893617021276595
0.7744943256470864,0.2255056743529135,0.7520480048889289,0.2479519951110711,360.0,3830.0,False,6760.0,0.0,0.9999999999999974,10,operational,270,0.4893617021276595
0.1051942041699695,0.8948057958300304,0.7520480048889289,0.2479519951110711,360.0,,True,6760.0,1.0,0.0507230432006392,11,operational,270,0.4893617021276595
0.8904923883921125,0.1095076116078874,0.4237162082035576,0.5762837917964424,360.0,2700.0,False,6760.0,0.0,0.9999999999999976,00,operational,271,0.2695035460992908
0.8738916093374829,0.1261083906625171,0.4237162082035576,0.5762837917964424,360.0,3470.0,False,6760.0,0.0,0.9999999999999976,01,operational,271,0.2695035460992908
0.8840732794055302,0.1159267205944698,0.4330546365508078,0.5669453634491922,360.0,2700.0,False,6760.0,0.0,0.9999999999999976,10,operational,271,0.2695035460992908
0.6383460532538628,0.3616539467461371,0.4330546365508078,0.5669453634491922,360.0,,True,6760.0,1.0,0.6473701151331305,11,operational,271,0.2695035460992908
0.7113907713665347,0.2886092286334653,0.7769893820783311,0.2230106179216688,360.0,4650.0,False,6760.0,0.0,0.9999999999999974,00,operational,272,0.524822695035461
0.6678502573859553,0.3321497426140447,0.7769893820783311,0.2230106179216688,360.0,5730.0,False,6760.0,0.0,0.9999999999999974,01,operational,272,0.524822695035461
0.708968539262904,0.2910314607370959,0.7768421193243854,0.2231578806756146,360.0,4650.0,False,6760.0,0.0,0.9999999999999974,10,operational,272,0.524822695035461
0.6714805587612563,0.3285194412387436,0.7768421193243854,0.2231578806756146,360.0,5580.0,False,6760.0,0.0,0.9999999999999974,11,operational,272,0.524822695035461
0.8469102979567994,0.1530897020432006,0.7055445405439026,0.2944554594560974,360.0,2970.0,False,6760.0,0.0,0.9999999999999974,00,operational,273,0.3971631205673759
0.7946149860655306,0.2053850139344694,0.7055445405439026,0.2944554594560974,360.0,3870.0,False,6760.0,0.0,0.9999999999999976,01,operational,273,0.3971631205673759
0.8356654236961413,0.1643345763038587,0.7513234699760869,0.248676530023913,360.0,2970.0,False,6760.0,0.0,0.9999999999999974,10,operational,273,0.3971631205673759
0.827850781418913,0.172149218581087,0.7513234699760869,0.248676530023913,360.0,3830.0,False,6760.0,0.0,0.9999999999999976,11,operational,273,0.3971631205673759
0.9414454226779309,0.0585545773220692,0.3864270013444681,0.6135729986555318,360.0,1610.0,False,6760.0,0.0,0.9999999999999976,00,operational,274,0.2127659574468085
0.9401321134935486,0.0598678865064513,0.3864270013444681,0.6135729986555318,360.0,1660.0,False,6760.0,0.0,0.9999999999999976,01,operational,274,0.2127659574468085
0.9404488166199324,0.0595511833800675,0.3881939120239717,0.6118060879760283,360.0,1610.0,False,6760.0,0.0,0.9999999999999976,10,operational,274,0.2127659574468085
0.9391162517595384,0.0608837482404617,0.3881939120239717,0.6118060879760283,360.0,1660.0,False,6760.0,0.0,0.9999999999999976,11,operational,274,0.2127659574468085
0.786809994570585,0.213190005429415,0.7373094621285452,0.2626905378714547,360.0,3910.0,False,6760.0,0.0,0.9999999999999976,00,operational,275,0.5390070921985816
0.7490992258803284,0.2509007741196716,0.7373094621285452,0.2626905378714547,360.0,5100.0,False,6760.0,0.0,0.9999999999999976,01,operational,275,0.5390070921985816
0.7754714590369457,0.2245285409630543,0.7609955622761211,0.2390044377238789,360.0,3910.0,False,6760.0,0.0,0.9999999999999976,10,operational,275,0.5390070921985816
0.7277660404351998,0.2722339595648002,0.7609955622761211,0.2390044377238789,360.0,4560.0,False,6760.0,0.0,0.9999999999999976,11,operational,275,0.5390070921985816
0.9720609313806378,0.0279390686193622,0.2560651173549889,0.7439348826450111,360.0,1160.0,False,6760.0,0.0,0.9999999999999976,00,operational,276,0.2198581560283688
0.9694905484242632,0.0305094515757368,0.2560651173549889,0.7439348826450111,360.0,1270.0,False,6760.0,0.0,0.9999999999999976,01,operational,276,0.2198581560283688
0.9651864874457876,0.0348135125542123,0.377698070970491,0.622301929029509,360.0,1160.0,False,6760.0,0.0,0.9999999999999976,10,operational,276,0.2198581560283688
0.9020071019507908,0.097992898049209,0.377698070970491,0.622301929029509,360.0,,True,6760.0,1.0,0.93178126576305,11,operational,276,0.2198581560283688
0.981446312847422,0.0185536871525781,0.1925148622350712,0.8074851377649288,360.0,1020.0,False,6760.0,0.0,0.9999999999999976,00,operational,277,0.1985815602836879
0.9805943026191576,0.0194056973808425,0.1925148622350712,0.8074851377649288,360.0,1080.0,False,6760.0,0.0,0.9999999999999976,01,operational,277,0.1985815602836879
0.978999976246068,0.0210000237539319,0.2799053478555697,0.7200946521444302,360.0,1020.0,False,6760.0,0.0,0.9999999999999976,10,operational,277,0.1985815602836879
0.9780735705229784,0.0219264294770216,0.2799053478555697,0.7200946521444302,360.0,1090.0,False,6760.0,0.0,0.9999999999999976,11,operational,277,0.1985815602836879
0.8403492300544253,0.1596507699455747,0.7345268862339194,0.2654731137660806,360.0,2760.0,False,6760.0,0.0,0.9999999999999976,00,operational,278,0.3617021276595745
0.8268754371605469,0.1731245628394531,0.7345268862339194,0.2654731137660806,360.0,3380.0,False,6760.0,0.0,0.9999999999999976,01,operational,278,0.3617021276595745
0.8394070152885658,0.1605929847114342,0.735636823512317,0.2643631764876831,360.0,2760.0,False,6760.0,0.0,0.9999999999999976,10,operational,278,0.3617021276595745
0.8308021922715029,0.1691978077284971,0.735636823512317,0.2643631764876831,360.0,3340.0,False,6760.0,0.0,0.9999999999999976,11,operational,278,0.3617021276595745
0.9894220574643342,0.0105779425356657,0.2021911048981749,0.7978088951018251,360.0,600.0,False,6760.0,0.0,0.9999999999999976,00,operational,279,0.1134751773049645
0.9890951775594382,0.0109048224405617,0.2021911048981749,0.7978088951018251,360.0,620.0,False,6760.0,0.0,0.9999999999999976,01,operational,279,0.1134751773049645
0.9886476099982198,0.0113523900017802,0.2414175166999203,0.7585824833000797,360.0,600.0,False,6760.0,0.0,0.9999999999999976,10,operational,279,0.1134751773049645
0.9884617462255828,0.0115382537744173,0.2414175166999203,0.7585824833000797,360.0,630.0,False,6760.0,0.0,0.9999999999999976,11,operational,279,0.1134751773049645
0.7648282828195837,0.2351717171804163,0.7568775498451923,0.2431224501548077,360.0,3750.0,False,6760.0,0.0,0.9999999999999976,00,operational,280,0.4609929078014184
0.7464777783209455,0.2535222216790544,0.7568775498451923,0.2431224501548077,360.0,5040.0,False,6760.0,0.0,0.9999999999999976,01,operational,280,0.4609929078014184
0.7570253175964481,0.2429746824035519,0.7728285503697455,0.2271714496302544,360.0,3750.0,False,6760.0,0.0,0.9999999999999976,10,operational,280,0.4609929078014184
0.7214201659218624,0.2785798340781376,0.7728285503697455,0.2271714496302544,360.0,,True,6760.0,1.0,0.931781265742762,11,operational,280,0.4609929078014184
0.8582972029750952,0.1417027970249048,0.6351643651247478,0.3648356348752521,360.0,2790.0,False,6760.0,0.0,0.9999999999999976,00,operational,281,0.3971631205673759
0.8428753170421949,0.1571246829578051,0.6351643651247478,0.3648356348752521,360.0,3430.0,False,6760.0,0.0,0.9999999999999976,01,operational,281,0.3971631205673759
0.8547451028468028,0.1452548971531971,0.6420145888031524,0.3579854111968475,360.0,2790.0,False,6760.0,0.0,0.9999999999999976,10,operational,281,0.3971631205673759
0.833008286217273,0.166991713782727,0.6420145888031524,0.3579854111968475,360.0,3410.0,False,6760.0,0.0,0.9999999999999976,11,operational,281,0.3971631205673759
0.9773921260470284,0.0226078739529714,0.2729133530126137,0.7270866469873862,360.0,1020.0,False,6760.0,0.0,0.9999999999999976,00,operational,282,0.1702127659574468
0.9762928321217748,0.0237071678782252,0.2729133530126137,0.7270866469873862,360.0,1060.0,False,6760.0,0.0,0.9999999999999976,01,operational,282,0.1702127659574468
0.9765917509988286,0.0234082490011714,0.2889012827407949,0.711098717259205,360.0,1020.0,False,6760.0,0.0,0.9999999999999976,10,operational,282,0.1702127659574468
0.9748039536690054,0.0251960463309945,0.2889012827407949,0.711098717259205,360.0,1080.0,False,6760.0,0.0,0.9999999999999976,11,operational,282,0.1702127659574468
0.879099714930384,0.120900285069616,0.4326652543799542,0.5673347456200458,360.0,2810.0,False,6760.0,0.0,0.9999999999999976,00,operational,283,0.3333333333333333
0.8532482859615338,0.1467517140384662,0.4326652543799542,0.5673347456200458,360.0,3610.0,False,6760.0,0.0,0.9999999999999976,01,operational,283,0.3333333333333333
0.8712041419884304,0.1287958580115695,0.4530474637836243,0.5469525362163756,360.0,2810.0,False,6760.0,0.0,0.9999999999999976,10,operational,283,0.3333333333333333
0.7125982984053041,0.2874017015946959,0.4530474637836243,0.5469525362163756,360.0,,True,6760.0,1.0,0.7717890050583598,11,operational,283,0.3333333333333333
0.8917033549022322,0.1082966450977678,0.662557451841324,0.3374425481586761,360.0,2610.0,False,6760.0,0.0,0.9999999999999976,00,operational,284,0.3687943262411347
0.8835964248647464,0.1164035751352535,0.662557451841324,0.3374425481586761,360.0,3270.0,False,6760.0,0.0,0.9999999999999976,01,operational,284,0.3687943262411347
0.8741466995879348,0.1258533004120652,0.7658647322746027,0.2341352677253973,360.0,2610.0,False,6760.0,0.0,0.9999999999999976,10,operational,284,0.3687943262411347
0.8496737146942702,0.1503262853057297,0.7658647322746027,0.2341352677253973,360.0,3120.0,False,6760.0,0.0,0.9999999999999974,11,operational,284,0.3687943262411347
0.9544099050803496,0.0455900949196502,0.3637962392638739,0.6362037607361261,360.0,1540.0,False,6760.0,0.0,0.9999999999999976,00,operational,285,0.2765957446808511
0.9491341980040462,0.0508658019959538,0.3637962392638739,0.6362037607361261,360.0,1780.0,False,6760.0,0.0,0.9999999999999976,01,operational,285,0.2765957446808511
0.9513831358453724,0.0486168641546275,0.398764574424323,0.601235425575677,360.0,1540.0,False,6760.0,0.0,0.9999999999999976,10,operational,285,0.2765957446808511
0.9445137027425288,0.0554862972574712,0.398764574424323,0.601235425575677,360.0,1830.0,False,6760.0,0.0,0.9999999999999976,11,operational,285,0.2765957446808511
0.7559179671935635,0.2440820328064364,0.7443101896915547,0.2556898103084452,360.0,4070.0,False,6760.0,0.0,0.9999999999999976,00,operational,286,0.4893617021276595
0.7150850684717195,0.2849149315282805,0.7443101896915547,0.2556898103084452,360.0,5450.0,False,6760.0,0.0,0.9999999999999976,01,operational,286,0.4893617021276595
0.7413482507093965,0.2586517492906035,0.7643968836074607,0.2356031163925393,360.0,4070.0,False,6760.0,0.0,0.9999999999999976,10,operational,286,0.4893617021276595
0.6906351610415412,0.3093648389584588,0.7643968836074607,0.2356031163925393,360.0,5570.0,False,6760.0,0.0,0.9999999999999976,11,operational,286,0.4893617021276595
0.974407428831607,0.0255925711683929,0.3084659379281114,0.6915340620718886,360.0,1040.0,False,6760.0,0.0,0.9999999999999976,00,operational,287,0.2056737588652482
0.9712103328517075,0.0287896671482924,0.3084659379281114,0.6915340620718886,360.0,1160.0,False,6760.0,0.0,0.9999999999999976,01,operational,287,0.2056737588652482
0.974407428831607,0.0255925711683929,0.3084659379281114,0.6915340620718886,360.0,1040.0,False,6760.0,0.0,0.9999999999999976,10,operational,287,0.2056737588652482
0.9712103328517075,0.0287896671482924,0.3084659379281114,0.6915340620718886,360.0,1160.0,False,6760.0,0.0,0.9999999999999976,11,operational,287,0.2056737588652482
0.7225127052850593,0.2774872947149407,0.7570744930971206,0.2429255069028794,360.0,4270.0,False,6760.0,0.0,0.9999999999999976,00,operational,288,0.4893617021276595
0.7011289383458612,0.2988710616541388,0.7570744930971206,0.2429255069028794,360.0,5150.0,False,6760.0,0.0,0.9999999999999976,01,operational,288,0.4893617021276595
0.7172625911596527,0.2827374088403472,0.758222496387003,0.241777503612997,360.0,4270.0,False,6760.0,0.0,0.9999999999999976,10,operational,288,0.4893617021276595
0.5113540709409435,0.4886459290590564,0.758222496387003,0.241777503612997,360.0,,True,6760.0,1.0,0.596222810016524,11,operational,288,0.4893617021276595
0.7228958016720193,0.2771041983279807,0.771250390051071,0.228749609948929,360.0,4670.0,False,6760.0,0.0,0.9999999999999976,00,operational,289,0.6028368794326241
0.7120045368632697,0.2879954631367303,0.771250390051071,0.228749609948929,360.0,5870.0,False,6760.0,0.0,0.9999999999999976,01,operational,289,0.6028368794326241
0.7092314655986691,0.2907685344013309,0.7989801048663813,0.2010198951336187,360.0,4670.0,False,6760.0,0.0,0.9999999999999976,10,operational,289,0.6028368794326241
0.6608582961548561,0.3391417038451438,0.7989801048663813,0.2010198951336187,360.0,,True,6760.0,1.0,0.8461534867332533,11,operational,289,0.6028368794326241
0.9176977930317208,0.082302206968279,0.5356382479804598,0.4643617520195403,360.0,2500.0,False,6760.0,0.0,0.9999999999999976,00,operational,290,0.3687943262411347
0.8889966052985016,0.1110033947014984,0.5356382479804598,0.4643617520195403,360.0,3100.0,False,6760.0,0.0,0.9999999999999976,01,operational,290,0.3687943262411347
0.9022708170904504,0.0977291829095494,0.6107197049001967,0.3892802950998034,360.0,2500.0,False,6760.0,0.0,0.9999999999999976,10,operational,290,0.3687943262411347
0.6406269891504398,0.3593730108495602,0.6107197049001967,0.3892802950998034,360.0,,True,6760.0,1.0,0.6511109436944912,11,operational,290,0.3687943262411347
0.9132225812052706,0.0867774187947294,0.4575677304274125,0.5424322695725875,360.0,2170.0,False,6760.0,0.0,0.9999999999999974,00,operational,291,0.3404255319148936
0.907307744000173,0.092692255999827,0.4575677304274125,0.5424322695725875,360.0,2410.0,False,6760.0,0.0,0.9999999999999974,01,operational,291,0.3404255319148936
0.9097281086728202,0.0902718913271798,0.4699655616476517,0.5300344383523483,360.0,2170.0,False,6760.0,0.0,0.9999999999999974,10,operational,291,0.3404255319148936
0.9025491315879648,0.0974508684120351,0.4699655616476517,0.5300344383523483,360.0,2460.0,False,6760.0,0.0,0.9999999999999976,11,operational,291,0.3404255319148936
0.9475926442890796,0.0524073557109204,0.3428683917707955,0.6571316082292045,360.0,1620.0,False,6760.0,0.0,0.9999999999999976,00,operational,292,0.2340425531914893
0.942283534981484,0.057716465018516,0.3428683917707955,0.6571316082292045,360.0,1880.0,False,6760.0,0.0,0.9999999999999976,01,operational,292,0.2340425531914893
0.9451352389729928,0.0548647610270072,0.3724413842579046,0.6275586157420954,360.0,1620.0,False,6760.0,0.0,0.9999999999999976,10,operational,292,0.2340425531914893
0.9399102129034675,0.0600897870965324,0.3724413842579046,0.6275586157420954,360.0,1880.0,False,6760.0,0.0,0.9999999999999976,11,operational,292,0.2340425531914893
0.9557884229077408,0.0442115770922592,0.5087324415272565,0.4912675584727435,360.0,1460.0,False,6760.0,0.0,0.9999999999999976,00,operational,293,0.2836879432624113
0.9536325648626528,0.0463674351373473,0.5087324415272565,0.4912675584727435,360.0,1680.0,False,6760.0,0.0,0.9999999999999976,01,operational,293,0.2836879432624113
0.9511935740038564,0.0488064259961436,0.5741883111526365,0.4258116888473635,360.0,1460.0,False,6760.0,0.0,0.9999999999999976,10,operational,293,0.2836879432624113
0.9473559850413356,0.0526440149586643,0.5741883111526365,0.4258116888473635,360.0,1770.0,False,6760.0,0.0,0.9999999999999976,11,operational,293,0.2836879432624113
0.9015268607234296,0.0984731392765705,0.6181777219348015,0.3818222780651985,360.0,2300.0,False,6760.0,0.0,0.9999999999999976,00,operational,294,0.375886524822695
0.8900726508381963,0.1099273491618036,0.6181777219348016,0.3818222780651984,360.0,2750.0,False,6760.0,0.0,0.9999999999999976,01,operational,294,0.375886524822695
0.8939145458663726,0.1060854541336273,0.6627916757867941,0.3372083242132059,360.0,2300.0,False,6760.0,0.0,0.9999999999999976,10,operational,294,0.375886524822695
0.8838693039916878,0.1161306960083121,0.6627916757867942,0.3372083242132058,360.0,2800.0,False,6760.0,0.0,0.9999999999999976,11,operational,294,0.375886524822695
0.7375123834473438,0.2624876165526562,0.7777741447988696,0.2222258552011304,360.0,4230.0,False,6760.0,0.0,0.9999999999999974,00,operational,295,0.4964539007092198
0.6847265358464893,0.3152734641535106,0.7777741447988696,0.2222258552011304,360.0,5500.0,False,6760.0,0.0,0.9999999999999974,01,operational,295,0.4964539007092198
0.7259395990913277,0.2740604009086723,0.7879878774225,0.2120121225775,360.0,4230.0,False,6760.0,0.0,0.9999999999999974,10,operational,295,0.4964539007092198
0.608970237643176,0.3910297623568239,0.7879878774225,0.2120121225775,360.0,,True,6760.0,1.0,0.8893731201557741,11,operational,295,0.4964539007092198
0.9540415947717168,0.045958405228283,0.3498660094269101,0.6501339905730898,360.0,1410.0,False,6760.0,0.0,0.9999999999999976,00,operational,296,0.2482269503546099
0.9481764630527848,0.0518235369472152,0.3498660094269101,0.6501339905730898,360.0,1630.0,False,6760.0,0.0,0.9999999999999976,01,operational,296,0.2482269503546099
0.9522638533012056,0.0477361466987944,0.3820499534456014,0.6179500465543986,360.0,1410.0,False,6760.0,0.0,0.9999999999999976,10,operational,296,0.2482269503546099
0.946409397327052,0.0535906026729479,0.3820499534456014,0.6179500465543986,360.0,1630.0,False,6760.0,0.0,0.9999999999999976,11,operational,296,0.2482269503546099
0.913217106445265,0.086782893554735,0.6254275018620346,0.3745724981379655,360.0,2030.0,False,6760.0,0.0,0.9999999999999976,00,operational,297,0.3262411347517731
0.8928196229898903,0.1071803770101097,0.6254275018620346,0.3745724981379655,360.0,2660.0,False,6760.0,0.0,0.9999999999999976,01,operational,297,0.3262411347517731
0.9119889946896258,0.0880110053103742,0.6340608685329256,0.3659391314670743,360.0,2030.0,False,6760.0,0.0,0.9999999999999976,10,operational,297,0.3262411347517731
0.8923816468427611,0.1076183531572388,0.6340608685329256,0.3659391314670743,360.0,2670.0,False,6760.0,0.0,0.9999999999999976,11,operational,297,0.3262411347517731
0.7190481775987385,0.2809518224012615,0.7609593550092062,0.2390406449907938,360.0,4650.0,False,6760.0,0.0,0.9999999999999974,00,operational,298,0.5673758865248227
0.6896440191650114,0.3103559808349886,0.7609593550092062,0.2390406449907938,360.0,6260.0,False,6760.0,0.0,0.9999999999999316,01,operational,298,0.5673758865248227
0.7051856643109914,0.2948143356890086,0.7857119408995483,0.2142880591004517,360.0,4650.0,False,6760.0,0.0,0.9999999999999974,10,operational,298,0.5673758865248227
0.5242694850701373,0.4757305149298627,0.7857119408995483,0.2142880591004517,360.0,,True,6760.0,1.0,0.5894503845278867,11,operational,298,0.5673758865248227
0.9144204873764876,0.0855795126235123,0.5696279171697861,0.4303720828302139,360.0,2360.0,False,6760.0,0.0,0.9999999999999976,00,operational,299,0.3262411347517731
0.8968416831660437,0.1031583168339562,0.5696279171697861,0.4303720828302139,360.0,2750.0,False,6760.0,0.0,0.9999999999999976,01,operational,299,0.3262411347517731
0.9010795560022884,0.0989204439977116,0.618290870893701,0.3817091291062989,360.0,2360.0,False,6760.0,0.0,0.9999999999999976,10,operational,299,0.3262411347517731
0.8840952380038094,0.1159047619961906,0.618290870893701,0.3817091291062989,360.0,2840.0,False,6760.0,0.0,0.9999999999999976,11,operational,299,0.3262411347517731
0.9577268265366444,0.0422731734633555,0.3198240567803101,0.6801759432196899,360.0,1410.0,False,6760.0,0.0,0.9999999999999976,00,operational,300,0.226950354609929
0.9457593638153036,0.0542406361846964,0.3198240567803101,0.6801759432196899,360.0,1810.0,False,6760.0,0.0,0.9999999999999976,01,operational,300,0.226950354609929
0.9539549449390448,0.0460450550609551,0.3461291177241321,0.6538708822758679,360.0,1410.0,False,6760.0,0.0,0.9999999999999976,10,operational,300,0.226950354609929
0.8924585249554342,0.1075414750445657,0.3461291177241321,0.6538708822758679,360.0,,True,6760.0,1.0,0.93178126576305,11,operational,300,0.226950354609929
0.991853017956874,0.0081469820431261,0.1163346979662763,0.8836653020337236,360.0,640.0,False,6760.0,0.0,0.9999999999999976,00,operational,301,0.1418439716312056
0.9918332480236492,0.0081667519763507,0.1163346979662763,0.8836653020337236,360.0,640.0,False,6760.0,0.0,0.9999999999999976,01,operational,301,0.1418439716312056
0.9901685899724216,0.0098314100275783,0.1662100621418233,0.8337899378581767,360.0,640.0,False,6760.0,0.0,0.9999999999999976,10,operational,301,0.1418439716312056
0.9901488200391968,0.0098511799608033,0.1662100621418233,0.8337899378581767,360.0,640.0,False,6760.0,0.0,0.9999999999999976,11,operational,301,0.1418439716312056
0.9711703102235456,0.0288296897764545,0.2275595853863415,0.7724404146136584,360.0,1370.0,False,6760.0,0.0,0.9999999999999976,00,operational,302,0.2695035460992908
0.966639748633636,0.033360251366364,0.2275595853863415,0.7724404146136584,360.0,1610.0,False,6760.0,0.0,0.9999999999999976,01,operational,302,0.2695035460992908
0.9684746681303664,0.0315253318696335,0.2463620657201277,0.7536379342798722,360.0,1370.0,False,6760.0,0.0,0.9999999999999976,10,operational,302,0.2695035460992908
0.960204862764092,0.0397951372359081,0.2463620657201277,0.7536379342798722,360.0,1740.0,False,6760.0,0.0,0.9999999999999976,11,operational,302,0.2695035460992908
0.956100913121466,0.0438990868785339,0.3092952902600161,0.6907047097399839,360.0,1500.0,False,6760.0,0.0,0.9999999999999976,00,operational,303,0.2765957446808511
0.9540214365175907,0.0459785634824092,0.3092952902600161,0.6907047097399839,360.0,1600.0,False,6760.0,0.0,0.9999999999999976,01,operational,303,0.2765957446808511
0.953131106311342,0.0468688936886578,0.3532868601935242,0.6467131398064758,360.0,1500.0,False,6760.0,0.0,0.9999999999999976,10,operational,303,0.2765957446808511
0.9510830529676956,0.0489169470323044,0.3532868601935242,0.6467131398064758,360.0,1600.0,False,6760.0,0.0,0.9999999999999976,11,operational,303,0.2765957446808511
0.8759644382466764,0.1240355617533236,0.6096878525178374,0.3903121474821626,360.0,2580.0,False,6760.0,0.0,0.9999999999999976,00,operational,304,0.375886524822695
0.864410743786037,0.135589256213963,0.6096878525178374,0.3903121474821626,360.0,3180.0,False,6760.0,0.0,0.9999999999999976,01,operational,304,0.375886524822695
0.8687041917055711,0.1312958082944288,0.6376396350652747,0.3623603649347254,360.0,2580.0,False,6760.0,0.0,0.9999999999999976,10,operational,304,0.375886524822695
0.8563193555736542,0.1436806444263457,0.6376396350652747,0.3623603649347254,360.0,3260.0,False,6760.0,0.0,0.9999999999999976,11,operational,304,0.375886524822695
0.9420141371420304,0.0579858628579696,0.3452776220295206,0.6547223779704794,360.0,1880.0,False,6760.0,0.0,0.9999999999999976,00,operational,305,0.3049645390070922
0.9330175271724972,0.0669824728275029,0.3452776220295206,0.6547223779704794,360.0,2200.0,False,6760.0,0.0,0.9999999999999976,01,operational,305,0.3049645390070922
0.9379329621995026,0.0620670378004973,0.3675727539449863,0.6324272460550137,360.0,1880.0,False,6760.0,0.0,0.9999999999999976,10,operational,305,0.3049645390070922
0.8795634101702395,0.1204365898297604,0.3675727539449863,0.6324272460550137,360.0,,True,6760.0,1.0,0.93178126576305,11,operational,305,0.3049645390070922
0.9440402733127238,0.0559597266872762,0.3574022590999203,0.6425977409000797,360.0,1930.0,False,6760.0,0.0,0.9999999999999976,00,operational,306,0.3404255319148936
0.9403494231906724,0.0596505768093276,0.3574022590999203,0.6425977409000797,360.0,2110.0,False,6760.0,0.0,0.9999999999999976,01,operational,306,0.3404255319148936
0.9409425437898076,0.0590574562101924,0.3980119957085827,0.6019880042914173,360.0,1930.0,False,6760.0,0.0,0.9999999999999976,10,operational,306,0.3404255319148936
0.9371570993360848,0.062842900663915,0.3980119957085827,0.6019880042914173,360.0,2120.0,False,6760.0,0.0,0.9999999999999976,11,operational,306,0.3404255319148936
0.7734097672399308,0.2265902327600691,0.770904473249107,0.2290955267508929,360.0,3620.0,False,6760.0,0.0,0.9999999999999976,00,operational,307,0.4468085106382978
0.7596558576345481,0.2403441423654518,0.770904473249107,0.2290955267508929,360.0,4780.0,False,6760.0,0.0,0.9999999999999976,01,operational,307,0.4468085106382978
0.7690652860615474,0.2309347139384525,0.7830651034329645,0.2169348965670355,360.0,3620.0,False,6760.0,0.0,0.9999999999999976,10,operational,307,0.4468085106382978
0.696513171036474,0.3034868289635259,0.7830651034329645,0.2169348965670355,360.0,,True,6760.0,1.0,0.8505201075059082,11,operational,307,0.4468085106382978
0.9761226707216868,0.0238773292783132,0.1876862025128675,0.8123137974871325,360.0,1390.0,False,6760.0,0.0,0.9999999999999976,00,operational,308,0.2624113475177305
0.9742851688190732,0.0257148311809266,0.1876862025128675,0.8123137974871325,360.0,1510.0,False,6760.0,0.0,0.9999999999999976,01,operational,308,0.2624113475177305
0.9761226707216868,0.0238773292783132,0.1876862025128675,0.8123137974871325,360.0,1390.0,False,6760.0,0.0,0.9999999999999976,10,operational,308,0.2624113475177305
0.9742851688190732,0.0257148311809266,0.1876862025128675,0.8123137974871325,360.0,1510.0,False,6760.0,0.0,0.9999999999999976,11,operational,308,0.2624113475177305
0.8288089903410741,0.1711910096589258,0.6651442407370225,0.3348557592629775,360.0,2920.0,False,6760.0,0.0,0.9999999999999976,00,operational,309,0.3191489361702128
0.8112451233568224,0.1887548766431775,0.6651442407370225,0.3348557592629775,360.0,4220.0,False,6760.0,0.0,0.9999999999999976,01,operational,309,0.3191489361702128
0.8256871892952626,0.1743128107047373,0.677524008813571,0.3224759911864289,360.0,2920.0,False,6760.0,0.0,0.9999999999999976,10,operational,309,0.3191489361702128
0.764128803884856,0.2358711961151439,0.677524008813571,0.3224759911864289,360.0,,True,6760.0,1.0,0.8504660360830044,11,operational,309,0.3191489361702128
0.883111511188785,0.116888488811215,0.5396673004369639,0.4603326995630361,360.0,2780.0,False,6760.0,0.0,0.9999999999999974,00,operational,310,0.4397163120567376
0.8655019563709073,0.1344980436290926,0.539667300436677,0.460332699563323,360.0,3430.0,False,6760.0,0.0,0.9999999999999974,01,operational,310,0.4397163120567376
0.8797446215860268,0.1202553784139731,0.5412760854276379,0.458723914572362,360.0,2780.0,False,6760.0,0.0,0.9999999999999974,10,operational,310,0.4397163120567376
0.8603168296735665,0.1396831703264335,0.5412760854278622,0.4587239145721378,360.0,3530.0,False,6760.0,0.0,0.9999999999999976,11,operational,310,0.4397163120567376
0.7913207918024223,0.2086792081975776,0.6523782994904703,0.3476217005095297,360.0,3870.0,False,6760.0,0.0,0.9999999999999976,00,operational,311,0.4893617021276595
0.7432950189164679,0.2567049810835321,0.6523782994904703,0.3476217005095297,360.0,5100.0,False,6760.0,0.0,0.9999999999999976,01,operational,311,0.4893617021276595
0.7743507861728514,0.2256492138271486,0.698727712846931,0.301272287153069,360.0,3870.0,False,6760.0,0.0,0.9999999999999976,10,operational,311,0.4893617021276595
0.7214210569637356,0.2785789430362644,0.698727712846931,0.301272287153069,360.0,,True,6760.0,1.0,0.9317812656734458,11,operational,311,0.4893617021276595
0.8715187893807056,0.1284812106192944,0.3987780047371464,0.6012219952628536,360.0,3230.0,False,6760.0,0.0,0.9999999999999976,00,operational,312,0.3829787234042553
0.8194562838144573,0.1805437161855426,0.3987780047371464,0.6012219952628536,360.0,4620.0,False,6760.0,0.0,0.9999999999999976,01,operational,312,0.3829787234042553
0.8591636477170927,0.1408363522829072,0.443715350854777,0.556284649145223,360.0,3230.0,False,6760.0,0.0,0.9999999999999976,10,operational,312,0.3829787234042553
0.8084268995902975,0.1915731004097025,0.443715350854777,0.556284649145223,360.0,4710.0,False,6760.0,0.0,0.9999999999999976,11,operational,312,0.3829787234042553
0.842895702037773,0.157104297962227,0.6907066593666116,0.3092933406333885,360.0,3120.0,False,6760.0,0.0,0.9999999999999976,00,operational,313,0.4609929078014184
0.8161882472919342,0.1838117527080658,0.6907066593666116,0.3092933406333885,360.0,3780.0,False,6760.0,0.0,0.9999999999999976,01,operational,313,0.4609929078014184
0.8409570764669013,0.1590429235330986,0.6971407187759935,0.3028592812240065,360.0,3120.0,False,6760.0,0.0,0.9999999999999976,10,operational,313,0.4609929078014184
0.8116296439006895,0.1883703560993105,0.6971407187759935,0.3028592812240065,360.0,3730.0,False,6760.0,0.0,0.9999999999999976,11,operational,313,0.4609929078014184
0.9554334464118274,0.0445665535881726,0.3483873446707755,0.6516126553292245,360.0,1410.0,False,6760.0,0.0,0.9999999999999976,00,operational,314,0.2553191489361702
0.9522170274314392,0.0477829725685607,0.3483873446707755,0.6516126553292245,360.0,1550.0,False,6760.0,0.0,0.9999999999999976,01,operational,314,0.2553191489361702
0.9517725711735354,0.0482274288264645,0.3781856521946347,0.6218143478053653,360.0,1410.0,False,6760.0,0.0,0.9999999999999976,10,operational,314,0.2553191489361702
0.8969155995778889,0.103084400422111,0.3781856521946347,0.6218143478053653,360.0,,True,6760.0,1.0,0.9317812653019064,11,operational,314,0.2553191489361702
0.974421487229583,0.025578512770417,0.233142618456104,0.7668573815438959,360.0,1140.0,False,6760.0,0.0,0.9999999999999976,00,operational,315,0.2198581560283688
0.9712942508188596,0.0287057491811403,0.233142618456104,0.7668573815438959,360.0,1310.0,False,6760.0,0.0,0.9999999999999976,01,operational,315,0.2198581560283688
0.9727676806437348,0.0272323193562651,0.2476276573325621,0.7523723426674379,360.0,1140.0,False,6760.0,0.0,0.9999999999999976,10,operational,315,0.2198581560283688
0.9677758113365116,0.0322241886634885,0.2476276573325621,0.7523723426674379,360.0,1350.0,False,6760.0,0.0,0.9999999999999976,11,operational,315,0.2198581560283688
0.8909167911236566,0.1090832088763433,0.6151985518563543,0.3848014481436456,360.0,2030.0,False,6760.0,0.0,0.9999999999999976,00,operational,316,0.2765957446808511
0.8725540312158683,0.1274459687841317,0.6151985518563543,0.3848014481436456,360.0,2510.0,False,6760.0,0.0,0.9999999999999976,01,operational,316,0.2765957446808511
0.8868550548002125,0.1131449451997874,0.6386157270073433,0.3613842729926567,360.0,2030.0,False,6760.0,0.0,0.9999999999999976,10,operational,316,0.2765957446808511
0.881414794788442,0.118585205211558,0.6386157270073433,0.3613842729926567,360.0,2460.0,False,6760.0,0.0,0.9999999999999976,11,operational,316,0.2765957446808511
0.8687518559213949,0.131248144078605,0.5189559086203264,0.4810440913796737,360.0,2870.0,False,6760.0,0.0,0.9999999999999976,00,operational,317,0.3971631205673759
0.8471496180871096,0.1528503819128903,0.5189559086203264,0.4810440913796737,360.0,3640.0,False,6760.0,0.0,0.9999999999999976,01,operational,317,0.3971631205673759
0.8575796899918996,0.1424203100081004,0.5673480560045423,0.4326519439954577,360.0,2870.0,False,6760.0,0.0,0.9999999999999976,10,operational,317,0.3971631205673759
0.7829828908611,0.2170171091389,0.5673480560045423,0.4326519439954577,360.0,,True,6760.0,1.0,0.8893731201557741,11,operational,317,0.3971631205673759
0.92082721698355,0.0791727830164499,0.4363529054546384,0.5636470945453615,360.0,2300.0,False,6760.0,0.0,0.9999999999999976,00,operational,318,0.3617021276595745
0.9088513371419628,0.0911486628580371,0.4363529054546384,0.5636470945453615,360.0,2750.0,False,6760.0,0.0,0.9999999999999976,01,operational,318,0.3617021276595745
0.9097708558599248,0.0902291441400753,0.5011977204694136,0.4988022795305864,360.0,2300.0,False,6760.0,0.0,0.9999999999999976,10,operational,318,0.3617021276595745
0.7259294983713259,0.2740705016286741,0.5011977204694136,0.4988022795305864,360.0,,True,6760.0,1.0,0.77178900505836,11,operational,318,0.3617021276595745
0.9417876543850228,0.0582123456149771,0.3582687389004759,0.641731261099524,360.0,1730.0,False,6760.0,0.0,0.9999999999999976,00,operational,319,0.2340425531914893
0.9323719064053324,0.0676280935946674,0.3582687389004759,0.641731261099524,360.0,2120.0,False,6760.0,0.0,0.9999999999999976,01,operational,319,0.2340425531914893
0.938012214934925,0.0619877850650749,0.384645428605721,0.615354571394279,360.0,1730.0,False,6760.0,0.0,0.9999999999999976,10,operational,319,0.2340425531914893
0.9289514567645444,0.0710485432354557,0.384645428605721,0.615354571394279,360.0,2120.0,False,6760.0,0.0,0.9999999999999976,11,operational,319,0.2340425531914893
0.7812900217768698,0.2187099782231302,0.6577880744442807,0.3422119255557193,360.0,4060.0,False,6760.0,0.0,0.9999999999999976,00,operational,320,0.5460992907801419
0.7531487255594372,0.2468512744405627,0.6577880744442807,0.3422119255557193,360.0,5230.0,False,6760.0,0.0,0.9999999999999976,01,operational,320,0.5460992907801419
0.773350819182437,0.226649180817563,0.6767092037735885,0.3232907962264115,360.0,4060.0,False,6760.0,0.0,0.9999999999999976,10,operational,320,0.5460992907801419
0.6355249539076341,0.3644750460923659,0.6767092037735885,0.3232907962264115,360.0,,True,6760.0,1.0,0.7717890050583598,11,operational,320,0.5460992907801419
0.9266511847367704,0.0733488152632296,0.4157231189215576,0.5842768810784423,360.0,2190.0,False,6760.0,0.0,0.9999999999999976,00,operational,321,0.3900709219858156
0.9090647849972002,0.0909352150027997,0.4157231189215576,0.5842768810784423,360.0,2700.0,False,6760.0,0.0,0.9999999999999976,01,operational,321,0.3900709219858156
0.9195557218412408,0.0804442781587591,0.5060969179367651,0.4939030820632348,360.0,2190.0,False,6760.0,0.0,0.9999999999999976,10,operational,321,0.3900709219858156
0.8998771940530681,0.1001228059469319,0.5060969179367651,0.4939030820632348,360.0,2740.0,False,6760.0,0.0,0.9999999999999976,11,operational,321,0.3900709219858156
0.8420311507964989,0.157968849203501,0.8014613274911468,0.1985386725088531,260.0,3170.0,False,6760.0,0.0,0.9999999999999976,00,operational,322,0.4822695035460992
0.818469415776689,0.181530584223311,0.8014613274911468,0.1985386725088531,260.0,4060.0,False,6760.0,0.0,0.9999999999999976,01,operational,322,0.4822695035460992
0.8277125884933617,0.1722874115066383,0.8921095648250543,0.1078904351749456,260.0,3170.0,False,6760.0,0.0,0.9999999999999976,10,operational,322,0.4822695035460992
0.7976716664889165,0.2023283335110834,0.8921095648250543,0.1078904351749456,260.0,4050.0,False,6760.0,0.0,0.9999999999999976,11,operational,322,0.4822695035460992
0.6344263713402358,0.3655736286597641,0.8364215018295734,0.1635784981704265,360.0,5290.0,False,6760.0,0.0,0.9999999999999974,00,operational,323,0.5957446808510638
0.5340435033030041,0.4659564966969959,0.8364215018295734,0.1635784981704265,360.0,,True,6760.0,1.0,0.9131920132968926,01,operational,323,0.5957446808510638
0.6238847450978586,0.3761152549021413,0.8480928175947734,0.1519071824052266,360.0,5290.0,False,6760.0,0.0,0.9999999999999974,10,operational,323,0.5957446808510638
0.2861539996734852,0.7138460003265148,0.8480928175947734,0.1519071824052266,360.0,,True,6760.0,1.0,0.3175894493412753,11,operational,323,0.5957446808510638
0.6056284546450443,0.3943715453549556,0.8122036775984979,0.1877963224015021,360.0,5560.0,False,6760.0,0.0,0.9999999999999976,00,operational,324,0.574468085106383
0.5803727944916915,0.4196272055083084,0.8122036775984979,0.1877963224015021,360.0,,True,6760.0,1.0,0.8988393877704105,01,operational,324,0.574468085106383
0.598062885806842,0.401937114193158,0.8133182371892171,0.1866817628107829,360.0,5560.0,False,6760.0,0.0,0.9999999999999976,10,operational,324,0.574468085106383
0.4996600470041442,0.5003399529958558,0.8133182371892171,0.1866817628107829,360.0,,True,6760.0,1.0,0.6430575657833794,11,operational,324,0.574468085106383
0.9218550052173784,0.0781449947826214,0.5633164389127263,0.4366835610872737,360.0,1960.0,False,6760.0,0.0,0.9999999999999976,00,operational,325,0.3262411347517731
0.8995809236284316,0.1004190763715684,0.5633164389127263,0.4366835610872737,360.0,2430.0,False,6760.0,0.0,0.9999999999999976,01,operational,325,0.3262411347517731
0.910958690768793,0.089041309231207,0.6541432156118107,0.3458567843881893,360.0,1960.0,False,6760.0,0.0,0.9999999999999976,10,operational,325,0.3262411347517731
0.8680516240613014,0.1319483759386985,0.6541432156118107,0.3458567843881893,360.0,,True,6760.0,1.0,0.9317812656734458,11,operational,325,0.3262411347517731
0.9482325243344252,0.0517674756655747,0.3818514534574455,0.6181485465425545,360.0,1580.0,False,6760.0,0.0,0.9999999999999976,00,operational,326,0.2978723404255319
0.9417393524904452,0.0582606475095547,0.3818514534574455,0.6181485465425545,360.0,1840.0,False,6760.0,0.0,0.9999999999999976,01,operational,326,0.2978723404255319
0.9478406291949584,0.0521593708050415,0.3896432677265511,0.6103567322734489,360.0,1580.0,False,6760.0,0.0,0.9999999999999976,10,operational,326,0.2978723404255319
0.9414707695914412,0.0585292304085588,0.3896432677265511,0.6103567322734489,360.0,1840.0,False,6760.0,0.0,0.9999999999999976,11,operational,326,0.2978723404255319
0.9672798250424858,0.0327201749575142,0.3752957039845583,0.6247042960154416,360.0,1300.0,False,6760.0,0.0,0.9999999999999976,00,operational,327,0.226950354609929
0.9669597906070384,0.0330402093929614,0.3752957039845583,0.6247042960154416,360.0,1380.0,False,6760.0,0.0,0.9999999999999976,01,operational,327,0.226950354609929
0.9644829974145852,0.0355170025854149,0.4281483533538126,0.5718516466461874,360.0,1300.0,False,6760.0,0.0,0.9999999999999976,10,operational,327,0.226950354609929
0.9639824626199708,0.0360175373800292,0.4281483533538126,0.5718516466461874,360.0,1380.0,False,6760.0,0.0,0.9999999999999976,11,operational,327,0.226950354609929
0.8928821133728585,0.1071178866271415,0.6163432618906374,0.3836567381093626,360.0,2530.0,False,6760.0,0.0,0.9999999999999976,00,operational,328,0.4397163120567376
0.870883862697273,0.1291161373027269,0.6163432618906374,0.3836567381093626,360.0,3380.0,False,6760.0,0.0,0.9999999999999976,01,operational,328,0.4397163120567376
0.8845705179619677,0.1154294820380322,0.6744706864461375,0.3255293135538625,360.0,2530.0,False,6760.0,0.0,0.9999999999999976,10,operational,328,0.4397163120567376
0.6117784395188147,0.3882215604811853,0.6744706864461375,0.3255293135538625,360.0,,True,6760.0,1.0,0.6221733559509494,11,operational,328,0.4397163120567376
0.9117772725527568,0.0882227274472432,0.5683142285983009,0.431685771401699,360.0,2200.0,False,6760.0,0.0,0.9999999999999976,00,operational,329,0.3475177304964539
0.8958449874086174,0.1041550125913826,0.5683142285983009,0.431685771401699,360.0,2780.0,False,6760.0,0.0,0.9999999999999976,01,operational,329,0.3475177304964539
0.904602456783064,0.0953975432169359,0.6437094198818076,0.3562905801181923,360.0,2200.0,False,6760.0,0.0,0.9999999999999976,10,operational,329,0.3475177304964539
0.8910185464299747,0.1089814535700253,0.6437094198818076,0.3562905801181923,360.0,2810.0,False,6760.0,0.0,0.9999999999999976,11,operational,329,0.3475177304964539
0.6990941688228715,0.3009058311771285,0.7505238505367018,0.2494761494632981,360.0,4950.0,False,6760.0,0.0,0.9999999999999976,00,operational,330,0.5957446808510638
0.6163017065578859,0.3836982934421141,0.7505238505367018,0.2494761494632981,360.0,6630.0,False,6760.0,0.0,0.9999882051260276,01,operational,330,0.5957446808510638
0.6866590873144187,0.3133409126855813,0.7686340701002686,0.2313659298997313,360.0,4950.0,False,6760.0,0.0,0.9999999999999976,10,operational,330,0.5957446808510638
0.6130446635573233,0.3869553364426766,0.7686340701002686,0.2313659298997313,360.0,6560.0,False,6760.0,0.0,0.9999992750044056,11,operational,330,0.5957446808510638
0.8750903625726949,0.1249096374273051,0.6436545843147352,0.3563454156852648,360.0,2810.0,False,6760.0,0.0,0.9999999999999976,00,operational,331,0.3829787234042553
0.8382391153216605,0.1617608846783395,0.6436545843147352,0.3563454156852648,360.0,3720.0,False,6760.0,0.0,0.9999999999999976,01,operational,331,0.3829787234042553
0.8624859532387184,0.1375140467612816,0.6991769785995312,0.3008230214004688,360.0,2810.0,False,6760.0,0.0,0.9999999999999976,10,operational,331,0.3829787234042553
0.6699760421108063,0.3300239578891937,0.6991769785995312,0.3008230214004688,360.0,,True,6760.0,1.0,0.7505515843940664,11,operational,331,0.3829787234042553
0.8236610530451371,0.1763389469548628,0.7156795981377336,0.2843204018622663,360.0,3210.0,False,6760.0,0.0,0.9999999999999976,00,operational,332,0.4397163120567376
0.7938536427043309,0.2061463572956691,0.7156795981377336,0.2843204018622663,360.0,3970.0,False,6760.0,0.0,0.9999999999999976,01,operational,332,0.4397163120567376
0.8165664344919324,0.1834335655080675,0.7373603618590086,0.2626396381409915,360.0,3210.0,False,6760.0,0.0,0.9999999999999976,10,operational,332,0.4397163120567376
0.7819976939301321,0.2180023060698679,0.7373603618590086,0.2626396381409915,360.0,3920.0,False,6760.0,0.0,0.9999999999999976,11,operational,332,0.4397163120567376
0.7196311994764009,0.2803688005235991,0.7904473406984723,0.2095526593015276,360.0,4260.0,False,6760.0,0.0,0.9999999999999974,00,operational,333,0.4822695035460992
0.6705075608319963,0.3294924391680037,0.7904473406984723,0.2095526593015276,360.0,5360.0,False,6760.0,0.0,0.9999999999999974,01,operational,333,0.4822695035460992
0.7133897900205883,0.2866102099794116,0.7971940783715,0.2028059216284999,360.0,4260.0,False,6760.0,0.0,0.9999999999999974,10,operational,333,0.4822695035460992
0.6682428525211723,0.3317571474788277,0.7971940783715,0.2028059216284999,360.0,5120.0,False,6760.0,0.0,0.9999999999999974,11,operational,333,0.4822695035460992
0.934918273762062,0.0650817262379379,0.3480202266498942,0.6519797733501058,360.0,1950.0,False,6760.0,0.0,0.9999999999999976,00,operational,334,0.2907801418439716
0.9175151960614304,0.0824848039385696,0.3480202266498942,0.6519797733501058,360.0,2500.0,False,6760.0,0.0,0.9999999999999976,01,operational,334,0.2907801418439716
0.9298927447061204,0.0701072552938797,0.387551535644244,0.612448464355756,360.0,1950.0,False,6760.0,0.0,0.9999999999999976,10,operational,334,0.2907801418439716
0.9156686572850342,0.0843313427149657,0.387551535644244,0.612448464355756,360.0,2470.0,False,6760.0,0.0,0.9999999999999976,11,operational,334,0.2907801418439716
0.9015447568830264,0.0984552431169737,0.5029444004904078,0.4970555995095922,360.0,2230.0,False,6760.0,0.0,0.9999999999999974,00,operational,335,0.3333333333333333
0.89622104727563,0.1037789527243699,0.5029444004904078,0.4970555995095922,360.0,2420.0,False,6760.0,0.0,0.9999999999999974,01,operational,335,0.3333333333333333
0.8980565739327467,0.1019434260672532,0.5125004887158023,0.4874995112841976,360.0,2230.0,False,6760.0,0.0,0.9999999999999974,10,operational,335,0.3333333333333333
0.8912468330398606,0.1087531669601393,0.5125004887158023,0.4874995112841976,360.0,2450.0,False,6760.0,0.0,0.9999999999999976,11,operational,335,0.3333333333333333
0.901913602479188,0.0980863975208119,0.5866544037098428,0.4133455962901572,360.0,2160.0,False,6760.0,0.0,0.9999999999999976,00,operational,336,0.2765957446808511
0.8750380532810292,0.1249619467189707,0.5866544037098428,0.4133455962901572,360.0,2720.0,False,6760.0,0.0,0.9999999999999976,01,operational,336,0.2765957446808511
0.8887949103568394,0.1112050896431605,0.6477982514231676,0.3522017485768324,360.0,2160.0,False,6760.0,0.0,0.9999999999999976,10,operational,336,0.2765957446808511
0.6243952579682227,0.3756047420317773,0.6477982514231676,0.3522017485768324,360.0,,True,6760.0,1.0,0.6470488565711302,11,operational,336,0.2765957446808511
0.9140426979742556,0.0859573020257443,0.5465044563508166,0.4534955436491834,360.0,2100.0,False,6760.0,0.0,0.9999999999999976,00,operational,337,0.2907801418439716
0.9035789319705844,0.0964210680294155,0.5465044563508166,0.4534955436491834,360.0,2530.0,False,6760.0,0.0,0.9999999999999976,01,operational,337,0.2907801418439716
0.905091569389212,0.0949084306107881,0.6037005011800045,0.3962994988199955,360.0,2100.0,False,6760.0,0.0,0.9999999999999976,10,operational,337,0.2907801418439716
0.8521917389348063,0.1478082610651937,0.6037005011800045,0.3962994988199955,360.0,,True,6760.0,1.0,0.931781265742762,11,operational,337,0.2907801418439716
0.8543658995979725,0.1456341004020275,0.6261933344723274,0.3738066655276725,360.0,2940.0,False,6760.0,0.0,0.9999999999999976,00,operational,338,0.4042553191489361
0.8364070183594706,0.1635929816405293,0.6261933344723274,0.3738066655276725,360.0,3790.0,False,6760.0,0.0,0.9999999999999976,01,operational,338,0.4042553191489361
0.8430996959314081,0.1569003040685919,0.6799324543213159,0.3200675456786841,360.0,2940.0,False,6760.0,0.0,0.9999999999999976,10,operational,338,0.4042553191489361
0.5691593297982606,0.4308406702017394,0.6799324543213159,0.3200675456786841,360.0,,True,6760.0,1.0,0.5971277057978271,11,operational,338,0.4042553191489361
0.843033069186983,0.156966930813017,0.6751629174958724,0.3248370825041275,360.0,3000.0,False,6760.0,0.0,0.9999999999999976,00,operational,339,0.4184397163120567
0.8179165794019346,0.1820834205980653,0.6751629174958724,0.3248370825041275,360.0,4000.0,False,6760.0,0.0,0.9999999999999976,01,operational,339,0.4184397163120567
0.8367932099644406,0.1632067900355593,0.6963240135102022,0.3036759864897977,360.0,3000.0,False,6760.0,0.0,0.9999999999999976,10,operational,339,0.4184397163120567
0.7359376641443144,0.2640623358556856,0.6963240135102022,0.3036759864897977,360.0,,True,6760.0,1.0,0.8506156213344934,11,operational,339,0.4184397163120567
0.820250138354783,0.179749861645217,0.7130917681593059,0.2869082318406941,360.0,3410.0,False,6760.0,0.0,0.9999999999999976,00,operational,340,0.3900709219858156
0.8039937974437672,0.1960062025562328,0.7130917681593059,0.2869082318406941,360.0,4200.0,False,6760.0,0.0,0.9999999999999976,01,operational,340,0.3900709219858156
0.8143090845966643,0.1856909154033357,0.720713629595833,0.2792863704041671,360.0,3410.0,False,6760.0,0.0,0.9999999999999976,10,operational,340,0.3900709219858156
0.7268670577600596,0.2731329422399404,0.720713629595833,0.2792863704041671,360.0,,True,6760.0,1.0,0.8462075581561569,11,operational,340,0.3900709219858156
0.9366241046147984,0.0633758953852015,0.7221298499114363,0.2778701500885637,260.0,1670.0,False,6760.0,0.0,0.9999999999999976,00,operational,341,0.2907801418439716
0.9263556209572464,0.0736443790427536,0.7221298499114363,0.2778701500885637,260.0,1990.0,False,6760.0,0.0,0.9999999999999976,01,operational,341,0.2907801418439716
0.9295858999074988,0.0704141000925011,0.8848883320828582,0.1151116679171418,260.0,1670.0,False,6760.0,0.0,0.9999999999999976,10,operational,341,0.2907801418439716
0.8637647923848274,0.1362352076151726,0.8848883320828582,0.1151116679171418,260.0,,True,6760.0,1.0,0.93178126576305,11,operational,341,0.2907801418439716
0.8467356374397093,0.1532643625602907,0.6682490462986191,0.3317509537013808,360.0,2940.0,False,6760.0,0.0,0.9999999999999976,00,operational,342,0.4113475177304964
0.8261232327059623,0.1738767672940376,0.6682490462986191,0.3317509537013808,360.0,3730.0,False,6760.0,0.0,0.9999999999999976,01,operational,342,0.4113475177304964
0.8396901286422204,0.1603098713577796,0.6877526546458128,0.3122473453541872,360.0,2940.0,False,6760.0,0.0,0.9999999999999976,10,operational,342,0.4113475177304964
0.6672458705034368,0.3327541294965632,0.6877526546458128,0.3122473453541872,360.0,,True,6760.0,1.0,0.7505515843940664,11,operational,342,0.4113475177304964
0.8972663875507197,0.1027336124492802,0.6097090076567965,0.3902909923432035,360.0,2390.0,False,6760.0,0.0,0.9999999999999976,00,operational,343,0.4184397163120567
0.8810862847006079,0.1189137152993921,0.6097090076567965,0.3902909923432035,360.0,3010.0,False,6760.0,0.0,0.9999999999999976,01,operational,343,0.4184397163120567
0.8904436249463158,0.1095563750536842,0.6603800019699291,0.3396199980300709,360.0,2390.0,False,6760.0,0.0,0.9999999999999976,10,operational,343,0.4184397163120567
0.8688262704200258,0.1311737295799742,0.6603800019699291,0.339619998030071,360.0,2900.0,False,6760.0,0.0,0.9999999999999976,11,operational,343,0.4184397163120567
0.8372953054978415,0.1627046945021585,0.6601672631012625,0.3398327368987375,360.0,3250.0,False,6760.0,0.0,0.9999999999999976,00,operational,344,0.4326241134751773
0.8029781661741985,0.1970218338258015,0.6601672631012625,0.3398327368987375,360.0,4310.0,False,6760.0,0.0,0.9999999999999976,01,operational,344,0.4326241134751773
0.8286617556960746,0.1713382443039254,0.6822205091246034,0.3177794908753966,360.0,3250.0,False,6760.0,0.0,0.9999999999999976,10,operational,344,0.4326241134751773
0.75313783169379,0.24686216830621,0.6822205091246034,0.3177794908753966,360.0,3910.0,False,6760.0,0.0,0.9999999999999976,11,operational,344,0.4326241134751773
0.8983425041457294,0.1016574958542706,0.6824609337353005,0.3175390662646994,360.0,2120.0,False,6760.0,0.0,0.9999999999999976,00,operational,345,0.3262411347517731
0.8926101560721758,0.1073898439278242,0.6824609337353005,0.3175390662646994,360.0,2520.0,False,6760.0,0.0,0.9999999999999976,01,operational,345,0.3262411347517731
0.8943554385505784,0.1056445614494215,0.7061755934221401,0.2938244065778598,360.0,2120.0,False,6760.0,0.0,0.9999999999999976,10,operational,345,0.3262411347517731
0.8897644679150609,0.110235532084939,0.7061755934221401,0.2938244065778598,360.0,2560.0,False,6760.0,0.0,0.9999999999999976,11,operational,345,0.3262411347517731
0.9627002139829396,0.0372997860170604,0.4456961550906668,0.5543038449093332,360.0,1070.0,False,6760.0,0.0,0.9999999999999976,00,operational,346,0.1631205673758865
0.9620778268054588,0.0379221731945412,0.4456961550906668,0.5543038449093332,360.0,1090.0,False,6760.0,0.0,0.9999999999999976,01,operational,346,0.1631205673758865
0.9627002139829396,0.0372997860170604,0.4456961550906668,0.5543038449093332,360.0,1070.0,False,6760.0,0.0,0.9999999999999976,10,operational,346,0.1631205673758865
0.9620778268054588,0.0379221731945412,0.4456961550906668,0.5543038449093332,360.0,1090.0,False,6760.0,0.0,0.9999999999999976,11,operational,346,0.1631205673758865
0.979728144188232,0.020271855811768,0.3446132363772072,0.6553867636227928,360.0,980.0,False,6760.0,0.0,0.9999999999999976,00,operational,347,0.1914893617021276
0.9786684049495308,0.0213315950504691,0.3446132363772072,0.6553867636227928,360.0,1030.0,False,6760.0,0.0,0.9999999999999976,01,operational,347,0.1914893617021276
0.9776787281477686,0.0223212718522314,0.4458107146526759,0.554189285347324,290.0,980.0,False,6760.0,0.0,0.9999999999999976,10,operational,347,0.1914893617021276
0.976599649783069,0.0234003502169309,0.4458107146526759,0.554189285347324,290.0,1040.0,False,6760.0,0.0,0.9999999999999976,11,operational,347,0.1914893617021276
0.7990237477884671,0.2009762522115329,0.7625436697228329,0.2374563302771671,360.0,3460.0,False,6760.0,0.0,0.9999999999999974,00,operational,348,0.4609929078014184
0.751936338322715,0.248063661677285,0.7625436697228329,0.2374563302771671,360.0,4520.0,False,6760.0,0.0,0.9999999999999974,01,operational,348,0.4609929078014184
0.7935236118673225,0.2064763881326775,0.7741294650587005,0.2258705349412995,360.0,3460.0,False,6760.0,0.0,0.9999999999999974,10,operational,348,0.4609929078014184
0.7175922617117813,0.2824077382882187,0.7741294650587005,0.2258705349412995,360.0,,True,6760.0,1.0,0.9317812656734458,11,operational,348,0.4609929078014184
0.8725907437851957,0.1274092562148042,0.5189402420233781,0.4810597579766219,360.0,3010.0,False,6760.0,0.0,0.9999999999999976,00,operational,349,0.4326241134751773
0.8367081646215375,0.1632918353784624,0.5189402420233781,0.4810597579766219,360.0,4120.0,False,6760.0,0.0,0.9999999999999976,01,operational,349,0.4326241134751773
0.8650416643765002,0.1349583356234998,0.5516451284346418,0.4483548715653582,360.0,3010.0,False,6760.0,0.0,0.9999999999999976,10,operational,349,0.4326241134751773
0.8283160692167753,0.1716839307832247,0.5516451284346418,0.4483548715653582,360.0,4200.0,False,6760.0,0.0,0.9999999999999976,11,operational,349,0.4326241134751773
0.7863078098839591,0.2136921901160409,0.7228319411646841,0.2771680588353159,360.0,3760.0,False,6760.0,0.0,0.9999999999999974,00,operational,350,0.4680851063829787
0.7556051774034127,0.2443948225965873,0.7228319411646841,0.2771680588353159,360.0,5180.0,False,6760.0,0.0,0.9999999999999974,01,operational,350,0.4680851063829787
0.7742313367208223,0.2257686632791776,0.7565144191188641,0.2434855808811359,360.0,3760.0,False,6760.0,0.0,0.9999999999999974,10,operational,350,0.4680851063829787
0.6811931489686952,0.3188068510313048,0.7565144191188641,0.2434855808811359,360.0,,True,6760.0,1.0,0.8505201075624284,11,operational,350,0.4680851063829787
0.925184721048358,0.0748152789516419,0.5860553140398157,0.4139446859601843,360.0,1750.0,False,6760.0,0.0,0.9999999999999976,00,operational,351,0.2978723404255319
0.9230546667436887,0.0769453332563111,0.5860553140398157,0.4139446859601843,360.0,1870.0,False,6760.0,0.0,0.9999999999999976,01,operational,351,0.2978723404255319
0.9224958320150504,0.0775041679849496,0.6136060442917524,0.3863939557082476,360.0,1750.0,False,6760.0,0.0,0.9999999999999976,10,operational,351,0.2978723404255319
0.9192874632941124,0.0807125367058875,0.6136060442917524,0.3863939557082476,360.0,1890.0,False,6760.0,0.0,0.9999999999999976,11,operational,351,0.2978723404255319
0.9541434769170114,0.0458565230829886,0.3896742746125945,0.6103257253874055,360.0,1400.0,False,6760.0,0.0,0.9999999999999976,00,operational,352,0.2553191489361702
0.9506603474067372,0.0493396525932628,0.3896742746125945,0.6103257253874055,360.0,1560.0,False,6760.0,0.0,0.9999999999999976,01,operational,352,0.2553191489361702
0.9528323794617424,0.0471676205382576,0.4131985591933038,0.5868014408066962,360.0,1400.0,False,6760.0,0.0,0.9999999999999976,10,operational,352,0.2553191489361702
0.9474798100182172,0.0525201899817828,0.4131985591933038,0.5868014408066962,360.0,1580.0,False,6760.0,0.0,0.9999999999999976,11,operational,352,0.2553191489361702
0.8216911332793464,0.1783088667206536,0.888164541316937,0.111835458683063,260.0,3480.0,False,6760.0,0.0,0.9999999999999976,00,operational,353,0.4184397163120567
0.8031052593013444,0.1968947406986556,0.888164541316937,0.111835458683063,260.0,4250.0,False,6760.0,0.0,0.9999999999999976,01,operational,353,0.4184397163120567
0.8140835476290187,0.1859164523709813,0.9150213316451508,0.0849786683548491,260.0,3480.0,False,6760.0,0.0,0.9999999999999976,10,operational,353,0.4184397163120567
0.7081808496361006,0.2918191503638994,0.9150213316451508,0.0849786683548491,260.0,,True,6760.0,1.0,0.8122470613902637,11,operational,353,0.4184397163120567
0.9300102969218856,0.0699897030781142,0.5903222001142596,0.4096777998857403,360.0,1780.0,False,6760.0,0.0,0.9999999999999976,00,operational,354,0.3049645390070922
0.9275384746931488,0.0724615253068512,0.5903222001142596,0.4096777998857403,360.0,1900.0,False,6760.0,0.0,0.9999999999999976,01,operational,354,0.3049645390070922
0.9263449279229996,0.0736550720770002,0.6196460495116358,0.3803539504883642,360.0,1780.0,False,6760.0,0.0,0.9999999999999976,10,operational,354,0.3049645390070922
0.9219538764802858,0.0780461235197141,0.6196460495116358,0.3803539504883642,360.0,1950.0,False,6760.0,0.0,0.9999999999999976,11,operational,354,0.3049645390070922
0.8337328069315135,0.1662671930684864,0.5630093893868752,0.4369906106131248,360.0,3400.0,False,6760.0,0.0,0.9999999999999976,00,operational,355,0.4326241134751773
0.7864009766371801,0.2135990233628198,0.5630093893868751,0.4369906106131249,360.0,4460.0,False,6760.0,0.0,0.9999999999999976,01,operational,355,0.4326241134751773
0.8236715007570609,0.1763284992429391,0.5894012340577807,0.4105987659422193,360.0,3400.0,False,6760.0,0.0,0.9999999999999976,10,operational,355,0.4326241134751773
0.777911017907909,0.222088982092091,0.5894012340577807,0.4105987659422193,360.0,4470.0,False,6760.0,0.0,0.9999999999999976,11,operational,355,0.4326241134751773
0.9416539765643752,0.0583460234356248,0.3704241337646007,0.6295758662353993,360.0,1860.0,False,6760.0,0.0,0.9999999999999976,00,operational,356,0.2765957446808511
0.9313595419103592,0.0686404580896407,0.3704241337646007,0.6295758662353993,360.0,2300.0,False,6760.0,0.0,0.9999999999999976,01,operational,356,0.2765957446808511
0.9349589871528088,0.0650410128471911,0.4155370766977678,0.5844629233022322,360.0,1860.0,False,6760.0,0.0,0.9999999999999976,10,operational,356,0.2765957446808511
0.7443932773296452,0.2556067226703548,0.4155370766977678,0.5844629233022322,360.0,,True,6760.0,1.0,0.77178900505836,11,operational,356,0.2765957446808511
0.914394705401912,0.0856052945980879,0.3632979768517228,0.6367020231482772,360.0,2840.0,False,6760.0,0.0,0.9999999999999976,00,operational,357,0.4468085106382978
0.8942285863089937,0.1057714136910062,0.3632979768517228,0.6367020231482772,360.0,3640.0,False,6760.0,0.0,0.9999999999999976,01,operational,357,0.4468085106382978
0.902456347863202,0.0975436521367979,0.4341426900506406,0.5658573099493593,360.0,2840.0,False,6760.0,0.0,0.9999999999999976,10,operational,357,0.4468085106382978
0.7668443113347004,0.2331556886652995,0.4341426900506406,0.5658573099493593,360.0,,True,6760.0,1.0,0.806544100593747,11,operational,357,0.4468085106382978
0.8206778312624547,0.1793221687375452,0.6809970096970362,0.3190029903029637,360.0,3310.0,False,6760.0,0.0,0.9999999999999976,00,operational,358,0.425531914893617
0.7763302572533721,0.2236697427466278,0.6809970096970362,0.3190029903029637,360.0,4410.0,False,6760.0,0.0,0.9999999999999976,01,operational,358,0.425531914893617
0.8105755061255947,0.1894244938744053,0.70070874392317,0.29929125607683,360.0,3310.0,False,6760.0,0.0,0.9999999999999976,10,operational,358,0.425531914893617
0.7873790709934384,0.2126209290065616,0.70070874392317,0.29929125607683,360.0,4410.0,False,6760.0,0.0,0.9999999999999976,11,operational,358,0.425531914893617
0.8198762118302623,0.1801237881697377,0.6257290619273944,0.3742709380726056,360.0,3570.0,False,6760.0,0.0,0.9999999999999976,00,operational,359,0.4609929078014184
0.7779605953913581,0.2220394046086419,0.6257290619273944,0.3742709380726056,360.0,5010.0,False,6760.0,0.0,0.9999999999999976,01,operational,359,0.4609929078014184
0.805203303801435,0.194796696198565,0.6732794198146361,0.3267205801853639,360.0,3570.0,False,6760.0,0.0,0.9999999999999976,10,operational,359,0.4609929078014184
0.631858447428051,0.368141552571949,0.6732794198146361,0.3267205801853639,360.0,,True,6760.0,1.0,0.7372774456690437,11,operational,359,0.4609929078014184
0.9277755976903936,0.0722244023096063,0.4721188133883732,0.5278811866116268,360.0,1940.0,False,6760.0,0.0,0.9999999999999976,00,operational,360,0.2765957446808511
0.9204787071936734,0.0795212928063265,0.4721188133883732,0.5278811866116268,360.0,2170.0,False,6760.0,0.0,0.9999999999999976,01,operational,360,0.2765957446808511
0.9221981031752458,0.0778018968247542,0.50852294518251,0.4914770548174901,360.0,1940.0,False,6760.0,0.0,0.9999999999999976,10,operational,360,0.2765957446808511
0.9155631407126265,0.0844368592873735,0.50852294518251,0.4914770548174901,360.0,2210.0,False,6760.0,0.0,0.9999999999999976,11,operational,360,0.2765957446808511
0.8859411281954521,0.1140588718045478,0.6996526765014438,0.3003473234985562,360.0,2470.0,False,6760.0,0.0,0.9999999999999976,00,operational,361,0.3829787234042553
0.8728837231215655,0.1271162768784345,0.6996526765014438,0.3003473234985562,360.0,2930.0,False,6760.0,0.0,0.9999999999999976,01,operational,361,0.3829787234042553
0.8796780343040952,0.1203219656959048,0.7458778668311535,0.2541221331688464,360.0,2470.0,False,6760.0,0.0,0.9999999999999976,10,operational,361,0.3829787234042553
0.862172511822596,0.1378274881774039,0.7458778668311535,0.2541221331688464,360.0,2970.0,False,6760.0,0.0,0.9999999999999976,11,operational,361,0.3829787234042553
0.7670544148378698,0.2329455851621301,0.6727881018187064,0.3272118981812936,360.0,4020.0,False,6760.0,0.0,0.9999999999999976,00,operational,362,0.4326241134751773
0.700974653787748,0.2990253462122519,0.6727881018187064,0.3272118981812936,360.0,5800.0,False,6760.0,0.0,0.9999999999999976,01,operational,362,0.4326241134751773
0.7577548811287527,0.2422451188712473,0.6863074421973063,0.3136925578026937,360.0,4020.0,False,6760.0,0.0,0.9999999999999976,10,operational,362,0.4326241134751773
0.59802972447531,0.40197027552469,0.6863074421973063,0.3136925578026937,360.0,,True,6760.0,1.0,0.7505515843940664,11,operational,362,0.4326241134751773
0.9319781681964144,0.0680218318035856,0.5599621049245669,0.440037895075433,360.0,1780.0,False,6760.0,0.0,0.9999999999999976,00,operational,363,0.3120567375886525
0.9263033509816436,0.0736966490183562,0.5599621049245669,0.440037895075433,360.0,2020.0,False,6760.0,0.0,0.9999999999999976,01,operational,363,0.3120567375886525
0.92791699204431,0.0720830079556901,0.568589711258757,0.431410288741243,360.0,1780.0,False,6760.0,0.0,0.9999999999999976,10,operational,363,0.3120567375886525
0.9199455360011696,0.0800544639988303,0.568589711258757,0.431410288741243,360.0,2070.0,False,6760.0,0.0,0.9999999999999976,11,operational,363,0.3120567375886525
0.9210281904366224,0.0789718095633776,0.4471616790479211,0.5528383209520789,360.0,2110.0,False,6760.0,0.0,0.9999999999999976,00,operational,364,0.3333333333333333
0.9058453517883206,0.0941546482116794,0.4471616790479211,0.5528383209520789,360.0,2580.0,False,6760.0,0.0,0.9999999999999976,01,operational,364,0.3333333333333333
0.9169262276888948,0.0830737723111051,0.4822108843061513,0.5177891156938487,360.0,2110.0,False,6760.0,0.0,0.9999999999999976,10,operational,364,0.3333333333333333
0.8999145837871256,0.1000854162128743,0.4822108843061513,0.5177891156938487,360.0,2600.0,False,6760.0,0.0,0.9999999999999976,11,operational,364,0.3333333333333333
0.8695637463870522,0.1304362536129477,0.6382957490312804,0.3617042509687196,360.0,2830.0,False,6760.0,0.0,0.9999999999999976,00,operational,365,0.3829787234042553
0.8445013181630735,0.1554986818369265,0.6382957490312804,0.3617042509687196,360.0,3880.0,False,6760.0,0.0,0.9999999999999976,01,operational,365,0.3829787234042553
0.8651323334739999,0.1348676665260001,0.6521618405817263,0.3478381594182737,360.0,2830.0,False,6760.0,0.0,0.9999999999999976,10,operational,365,0.3829787234042553
0.8396423230577504,0.1603576769422495,0.6521618405817263,0.3478381594182737,360.0,3950.0,False,6760.0,0.0,0.9999999999999976,11,operational,365,0.3829787234042553
0.8706335860121728,0.1293664139878272,0.4669065947831036,0.5330934052168964,360.0,3050.0,False,6760.0,0.0,0.9999999999999976,00,operational,366,0.4468085106382978
0.8419481276855737,0.1580518723144263,0.4669065947831036,0.5330934052168964,360.0,3850.0,False,6760.0,0.0,0.9999999999999976,01,operational,366,0.4468085106382978
0.8667757573772399,0.1332242426227601,0.4698155839254323,0.5301844160745677,360.0,3050.0,False,6760.0,0.0,0.9999999999999976,10,operational,366,0.4468085106382978
0.7058295688146508,0.2941704311853492,0.4698155839254323,0.5301844160745677,360.0,,True,6760.0,1.0,0.7717890050583598,11,operational,366,0.4468085106382978
0.8093901019341289,0.1906098980658711,0.6515029233196992,0.3484970766803008,360.0,3430.0,False,6760.0,0.0,0.9999999999999976,00,operational,367,0.4113475177304964
0.7475565399541214,0.2524434600458786,0.6515029233196992,0.3484970766803008,360.0,4610.0,False,6760.0,0.0,0.9999999999999976,01,operational,367,0.4113475177304964
0.7979725189579367,0.2020274810420632,0.6870954551875679,0.3129045448124322,360.0,3430.0,False,6760.0,0.0,0.9999999999999976,10,operational,367,0.4113475177304964
0.6198659568426343,0.3801340431573656,0.6870954551875679,0.3129045448124322,360.0,,True,6760.0,1.0,0.6815123149640497,11,operational,367,0.4113475177304964
0.8850114593581665,0.1149885406418335,0.6529702094112497,0.3470297905887503,360.0,2090.0,False,6760.0,0.0,0.9999999999999976,00,operational,368,0.2765957446808511
0.8781498655810457,0.1218501344189543,0.6529702094112497,0.3470297905887503,360.0,2400.0,False,6760.0,0.0,0.9999999999999976,01,operational,368,0.2765957446808511
0.8819348818240386,0.1180651181759614,0.6530179580036344,0.3469820419963656,360.0,2090.0,False,6760.0,0.0,0.9999999999999976,10,operational,368,0.2765957446808511
0.7999245920234399,0.2000754079765601,0.6530179580036344,0.3469820419963656,360.0,,True,6760.0,1.0,0.8893731202250903,11,operational,368,0.2765957446808511
0.7839868615238699,0.2160131384761301,0.6670442846197613,0.3329557153802387,360.0,3630.0,False,6760.0,0.0,0.9999999999999974,00,operational,369,0.3829787234042553
0.7616831640809989,0.2383168359190011,0.6670442846197613,0.3329557153802387,360.0,4810.0,False,6760.0,0.0,0.9999999999999974,01,operational,369,0.3829787234042553
0.7735570056860707,0.2264429943139293,0.6819974863659528,0.3180025136340471,360.0,3630.0,False,6760.0,0.0,0.9999999999999974,10,operational,369,0.3829787234042553
0.6517840221017474,0.3482159778982526,0.6819974863659528,0.3180025136340471,360.0,,True,6760.0,1.0,0.7717890050583598,11,operational,369,0.3829787234042553
0.7776908128271116,0.2223091871728884,0.7498851303415331,0.2501148696584668,360.0,4140.0,False,6760.0,0.0,0.9999999999999976,00,operational,370,0.5531914893617021
0.7627775719333078,0.2372224280666922,0.7498851303415331,0.2501148696584668,360.0,5280.0,False,6760.0,0.0,0.9999999999999976,01,operational,370,0.5531914893617021
0.7657216073668632,0.2342783926331367,0.7836537926101832,0.2163462073898167,360.0,4140.0,False,6760.0,0.0,0.9999999999999976,10,operational,370,0.5531914893617021
0.6911200811334857,0.3088799188665143,0.7836537926101832,0.2163462073898167,360.0,,True,6760.0,1.0,0.8462075581561571,11,operational,370,0.5531914893617021
0.8782052174129094,0.1217947825870906,0.6093106094278713,0.3906893905721287,360.0,2680.0,False,6760.0,0.0,0.9999999999999976,00,operational,371,0.3971631205673759
0.8623025087880625,0.1376974912119375,0.6093106094278713,0.3906893905721287,360.0,3110.0,False,6760.0,0.0,0.9999999999999976,01,operational,371,0.3971631205673759
0.8702851635626043,0.1297148364373956,0.6404567340536157,0.3595432659463843,360.0,2680.0,False,6760.0,0.0,0.9999999999999976,10,operational,371,0.3971631205673759
0.8551834677723008,0.1448165322276992,0.6404567340536157,0.3595432659463843,360.0,3160.0,False,6760.0,0.0,0.9999999999999976,11,operational,371,0.3971631205673759
0.7647423273707424,0.2352576726292575,0.6643979813068759,0.335602018693124,360.0,3980.0,False,6760.0,0.0,0.9999999999999976,00,operational,372,0.4680851063829787
0.7414788703370041,0.2585211296629959,0.6643979813068759,0.335602018693124,360.0,5310.0,False,6760.0,0.0,0.9999999999999976,01,operational,372,0.4680851063829787
0.7554524292468486,0.2445475707531513,0.6911751837767077,0.3088248162232922,360.0,3980.0,False,6760.0,0.0,0.9999999999999976,10,operational,372,0.4680851063829787
0.6867042242491489,0.3132957757508511,0.6911751837767077,0.3088248162232922,360.0,,True,6760.0,1.0,0.8504660360830044,11,operational,372,0.4680851063829787
0.8344784449813549,0.165521555018645,0.6663330262275516,0.3336669737724483,360.0,2960.0,False,6760.0,0.0,0.9999999999999974,00,operational,373,0.3546099290780142
0.8120549121204489,0.1879450878795511,0.6663330262275516,0.3336669737724483,360.0,3880.0,False,6760.0,0.0,0.9999999999999974,01,operational,373,0.3546099290780142
0.8218953248058832,0.1781046751941167,0.7112262638912294,0.2887737361087706,360.0,2960.0,False,6760.0,0.0,0.9999999999999974,10,operational,373,0.3546099290780142
0.6791162235571129,0.3208837764428871,0.7112262638912294,0.2887737361087706,360.0,,True,6760.0,1.0,0.7918922169936072,11,operational,373,0.3546099290780142
0.8218830432033216,0.1781169567966783,0.7879579971718591,0.2120420028281409,360.0,3590.0,False,6760.0,0.0,0.9999999999999976,00,operational,374,0.5035460992907801
0.7439172238685068,0.2560827761314932,0.7879579971718591,0.2120420028281409,360.0,5070.0,False,6760.0,0.0,0.9999999999999976,01,operational,374,0.5035460992907801
0.8104612462640863,0.1895387537359136,0.8164867653804739,0.183513234619526,360.0,3590.0,False,6760.0,0.0,0.9999999999999976,10,operational,374,0.5035460992907801
0.745196399574537,0.254803600425463,0.8164867653804739,0.183513234619526,360.0,4930.0,False,6760.0,0.0,0.9999999999999976,11,operational,374,0.5035460992907801
0.7584182133988361,0.2415817866011639,0.9311961101950011,0.0688038898049986,360.0,3840.0,False,6760.0,0.0,0.9999999999999976,00,operational,375,0.5460992907801419
0.7404688878271816,0.2595311121728184,0.9311961101950011,0.0688038898049986,360.0,4820.0,False,6760.0,0.0,0.9999999999999976,01,operational,375,0.5460992907801419
0.743243570429249,0.2567564295707509,0.98506188702133,0.0149381129786698,360.0,3840.0,False,6760.0,0.0,0.9999999999999976,10,operational,375,0.5460992907801419
0.7090716807462515,0.2909283192537485,0.98506188702133,0.0149381129786698,360.0,,True,6760.0,1.0,0.9295054058536818,11,operational,375,0.5460992907801419
0.9046590368503946,0.0953409631496053,0.4328114976118636,0.5671885023881363,360.0,2400.0,False,6760.0,0.0,0.9999999999999976,00,operational,376,0.3617021276595745
0.884653541752491,0.115346458247509,0.4328114976118636,0.5671885023881363,360.0,3000.0,False,6760.0,0.0,0.9999999999999976,01,operational,376,0.3617021276595745
0.8994837547625235,0.1005162452374764,0.465977073124469,0.534022926875531,360.0,2400.0,False,6760.0,0.0,0.9999999999999976,10,operational,376,0.3617021276595745
0.878137607345617,0.121862392654383,0.465977073124469,0.534022926875531,360.0,3050.0,False,6760.0,0.0,0.9999999999999976,11,operational,376,0.3617021276595745
0.9306066596501188,0.0693933403498811,0.3819564551499543,0.6180435448500456,360.0,2040.0,False,6760.0,0.0,0.9999999999999976,00,operational,377,0.3049645390070922
0.9242375391326586,0.0757624608673414,0.3819564551499543,0.6180435448500456,360.0,2330.0,False,6760.0,0.0,0.9999999999999976,01,operational,377,0.3049645390070922
0.9264669655383936,0.0735330344616064,0.4143324918080644,0.5856675081919356,360.0,2040.0,False,6760.0,0.0,0.9999999999999976,10,operational,377,0.3049645390070922
0.9193106498684424,0.0806893501315576,0.4143324918080644,0.5856675081919356,360.0,2340.0,False,6760.0,0.0,0.9999999999999976,11,operational,377,0.3049645390070922
0.908326639152243,0.091673360847757,0.5429463057644839,0.4570536942355161,360.0,2110.0,False,6760.0,0.0,0.9999999999999976,00,operational,378,0.3049645390070922
0.8896636992344118,0.1103363007655882,0.5429463057644839,0.4570536942355161,360.0,2670.0,False,6760.0,0.0,0.9999999999999976,01,operational,378,0.3049645390070922
0.902620624198122,0.097379375801878,0.5902771249328106,0.4097228750671894,360.0,2110.0,False,6760.0,0.0,0.9999999999999976,10,operational,378,0.3049645390070922
0.8916896810068382,0.1083103189931617,0.5902771249328106,0.4097228750671894,360.0,2600.0,False,6760.0,0.0,0.9999999999999976,11,operational,378,0.3049645390070922
0.8526178071226497,0.1473821928773503,0.4676408126057162,0.5323591873942838,360.0,3240.0,False,6760.0,0.0,0.9999999999999976,00,operational,379,0.3687943262411347
0.8198721995773101,0.1801278004226899,0.4676408126057162,0.5323591873942838,360.0,4150.0,False,6760.0,0.0,0.9999999999999976,01,operational,379,0.3687943262411347
0.8475868977385456,0.1524131022614544,0.4676297136045686,0.5323702863954314,360.0,3240.0,False,6760.0,0.0,0.9999999999999976,10,operational,379,0.3687943262411347
0.6931225868793687,0.3068774131206313,0.4676297136045686,0.5323702863954314,360.0,,True,6760.0,1.0,0.77178900505836,11,operational,379,0.3687943262411347
0.8978631162509069,0.1021368837490931,0.6179813024895999,0.3820186975104001,360.0,2100.0,False,6760.0,0.0,0.9999999999999976,00,operational,380,0.3191489361702128
0.8755517144166601,0.1244482855833398,0.6179813024895999,0.3820186975104001,360.0,2750.0,False,6760.0,0.0,0.9999999999999976,01,operational,380,0.3191489361702128
0.8919536038246247,0.1080463961753752,0.6452850898168785,0.3547149101831215,360.0,2100.0,False,6760.0,0.0,0.9999999999999976,10,operational,380,0.3191489361702128
0.8336622232451206,0.1663377767548793,0.6452850898168785,0.3547149101831215,360.0,,True,6760.0,1.0,0.9317812656734458,11,operational,380,0.3191489361702128
0.9229075122270992,0.0770924877729006,0.8527822402356792,0.1472177597643208,360.0,1620.0,False,6760.0,0.0,0.9999999999999976,00,operational,381,0.2978723404255319
0.9174922728764398,0.0825077271235602,0.8527822402356792,0.1472177597643208,360.0,1960.0,False,6760.0,0.0,0.9999999999999976,01,operational,381,0.2978723404255319
0.9166510911497304,0.0833489088502696,0.9728962617676185,0.0271037382323816,360.0,1620.0,False,6760.0,0.0,0.9999999999999976,10,operational,381,0.2978723404255319
0.9156259803223163,0.0843740196776835,0.9728962617676185,0.0271037382323816,360.0,1950.0,False,6760.0,0.0,0.9999999999999976,11,operational,381,0.2978723404255319
0.7393558194434647,0.2606441805565352,0.7502133236852107,0.2497866763147893,360.0,4480.0,False,6760.0,0.0,0.9999999999999974,00,operational,382,0.5177304964539007
0.6550257821184232,0.3449742178815768,0.7502133236852107,0.2497866763147893,360.0,6080.0,False,6760.0,0.0,0.9999999999999974,01,operational,382,0.5177304964539007
0.7326253434962026,0.2673746565037974,0.7506983929138185,0.2493016070861815,360.0,4480.0,False,6760.0,0.0,0.9999999999999974,10,operational,382,0.5177304964539007
0.3931516834514522,0.6068483165485479,0.7506983929138185,0.2493016070861815,360.0,,True,6760.0,1.0,0.4147193102565132,11,operational,382,0.5177304964539007
0.9420390269189882,0.0579609730810117,0.5528499287323598,0.4471500712676402,360.0,1740.0,False,6760.0,0.0,0.9999999999999976,00,operational,383,0.3120567375886525
0.9337921246773958,0.0662078753226041,0.5528499287323598,0.4471500712676402,360.0,2150.0,False,6760.0,0.0,0.9999999999999976,01,operational,383,0.3120567375886525
0.9366953604125392,0.0633046395874608,0.5962738904579896,0.4037261095420104,360.0,1740.0,False,6760.0,0.0,0.9999999999999976,10,operational,383,0.3120567375886525
0.8778158795994274,0.1221841204005725,0.5962738904579896,0.4037261095420104,360.0,,True,6760.0,1.0,0.931781265742762,11,operational,383,0.3120567375886525
0.8886310088702869,0.1113689911297131,0.5292332127116333,0.4707667872883667,360.0,2790.0,False,6760.0,0.0,0.9999999999999974,00,operational,384,0.3900709219858156
0.8695570499373807,0.1304429500626193,0.5292332127116333,0.4707667872883667,360.0,3550.0,False,6760.0,0.0,0.9999999999999974,01,operational,384,0.3900709219858156
0.8837060861803617,0.1162939138196382,0.5439262967733763,0.4560737032266236,360.0,2790.0,False,6760.0,0.0,0.9999999999999974,10,operational,384,0.3900709219858156
0.8668156857861387,0.1331843142138613,0.5439262967733763,0.4560737032266236,360.0,3520.0,False,6760.0,0.0,0.9999999999999974,11,operational,384,0.3900709219858156
0.7457384311244981,0.2542615688755019,0.7413438819100504,0.2586561180899496,360.0,4100.0,False,6760.0,0.0,0.9999999999999974,00,operational,385,0.4822695035460992
0.6959130336049623,0.3040869663950377,0.7413438819100504,0.2586561180899496,360.0,5060.0,False,6760.0,0.0,0.9999999999999974,01,operational,385,0.4822695035460992
0.7379590539705537,0.2620409460294463,0.755152126446736,0.2448478735532639,360.0,4100.0,False,6760.0,0.0,0.9999999999999974,10,operational,385,0.4822695035460992
0.6789162404362021,0.3210837595637978,0.755152126446736,0.2448478735532639,360.0,5060.0,False,6760.0,0.0,0.9999999999999974,11,operational,385,0.4822695035460992
0.8252012503689569,0.1747987496310431,0.7270438250681392,0.2729561749318608,360.0,3330.0,False,6760.0,0.0,0.9999999999999976,00,operational,386,0.4184397163120567
0.7965104688100562,0.2034895311899438,0.7270438250681392,0.2729561749318608,360.0,4290.0,False,6760.0,0.0,0.9999999999999976,01,operational,386,0.4184397163120567
0.81725645516096,0.1827435448390399,0.7526734166643073,0.2473265833356926,360.0,3330.0,False,6760.0,0.0,0.9999999999999976,10,operational,386,0.4184397163120567
0.7609242763360119,0.2390757236639881,0.7526734166643073,0.2473265833356926,360.0,,True,6760.0,1.0,0.9317812656734458,11,operational,386,0.4184397163120567
0.6904803630954024,0.3095196369045976,0.7919945756344212,0.2080054243655788,360.0,4730.0,False,6760.0,0.0,0.9999999999999974,00,operational,387,0.5673758865248227
0.6232715912840152,0.3767284087159848,0.7919945756344212,0.2080054243655788,360.0,6150.0,False,6760.0,0.0,0.9999999999999974,01,operational,387,0.5673758865248227
0.6818301107759016,0.3181698892240984,0.7966525083468494,0.2033474916531505,360.0,4730.0,False,6760.0,0.0,0.9999999999999974,10,operational,387,0.5673758865248227
0.5712905627430389,0.4287094372569611,0.7966525083468494,0.2033474916531505,360.0,,True,6760.0,1.0,0.8893731201557739,11,operational,387,0.5673758865248227
0.8737939265809166,0.1262060734190834,0.6704913021475003,0.3295086978524996,360.0,2460.0,False,6760.0,0.0,0.9999999999999976,00,operational,388,0.3546099290780142
0.8623378818484568,0.1376621181515431,0.6704913021475003,0.3295086978524996,360.0,2930.0,False,6760.0,0.0,0.9999999999999976,01,operational,388,0.3546099290780142
0.8676147374295978,0.1323852625704021,0.7112192449501551,0.2887807550498448,360.0,2460.0,False,6760.0,0.0,0.9999999999999976,10,operational,388,0.3546099290780142
0.7883590570192475,0.2116409429807525,0.7112192449501551,0.2887807550498448,360.0,,True,6760.0,1.0,0.8893731202453783,11,operational,388,0.3546099290780142
0.9444284930240442,0.0555715069759558,0.3188869037589483,0.6811130962410517,360.0,2030.0,False,6760.0,0.0,0.9999999999999976,00,operational,389,0.3262411347517731
0.9332859328769352,0.0667140671230648,0.3188869037589483,0.6811130962410517,360.0,2490.0,False,6760.0,0.0,0.9999999999999976,01,operational,389,0.3262411347517731
0.939313293789106,0.060686706210894,0.3354451409011987,0.6645548590988013,360.0,2030.0,False,6760.0,0.0,0.9999999999999976,10,operational,389,0.3262411347517731
0.9272888193520042,0.0727111806479957,0.3354451409011987,0.6645548590988013,360.0,2600.0,False,6760.0,0.0,0.9999999999999976,11,operational,389,0.3262411347517731
0.6907897583483634,0.3092102416516366,0.7070466448078153,0.2929533551921847,360.0,4920.0,False,6760.0,0.0,0.9999999999999976,00,operational,390,0.524822695035461
0.6592135861333979,0.3407864138666021,0.7070466448078153,0.2929533551921847,360.0,6200.0,False,6760.0,0.0,0.9999999999999946,01,operational,390,0.524822695035461
0.6784033064058771,0.3215966935941229,0.7253814439102608,0.2746185560897392,360.0,4920.0,False,6760.0,0.0,0.9999999999999976,10,operational,390,0.524822695035461
0.5704811271213525,0.4295188728786475,0.7253814439102608,0.2746185560897392,360.0,,True,6760.0,1.0,0.7505515843940664,11,operational,390,0.524822695035461
0.8070561886141491,0.1929438113858509,0.6513702643551513,0.3486297356448486,360.0,3490.0,False,6760.0,0.0,0.9999999999999976,00,operational,391,0.4397163120567376
0.7484464371679659,0.2515535628320341,0.6513702643551513,0.3486297356448486,360.0,4220.0,False,6760.0,0.0,0.9999999999999976,01,operational,391,0.4397163120567376
0.7968368297248084,0.2031631702751916,0.6746822215726627,0.3253177784273374,360.0,3490.0,False,6760.0,0.0,0.9999999999999976,10,operational,391,0.4397163120567376
0.3780915387486615,0.6219084612513385,0.6746822215726627,0.3253177784273374,360.0,,True,6760.0,1.0,0.3850079007211576,11,operational,391,0.4397163120567376
0.8741957386267897,0.1258042613732103,0.4534420245212013,0.5465579754787987,360.0,2720.0,False,6760.0,0.0,0.9999999999999976,00,operational,392,0.4397163120567376
0.8572013391338322,0.1427986608661677,0.4534420245212013,0.5465579754787987,360.0,3240.0,False,6760.0,0.0,0.9999999999999976,01,operational,392,0.4397163120567376
0.8655299049402401,0.1344700950597599,0.485500413764467,0.5144995862355329,360.0,2720.0,False,6760.0,0.0,0.9999999999999976,10,operational,392,0.4397163120567376
0.8553910877633326,0.1446089122366674,0.485500413764467,0.5144995862355329,360.0,3230.0,False,6760.0,0.0,0.9999999999999976,11,operational,392,0.4397163120567376
0.9190475923581412,0.0809524076418588,0.4413805273705874,0.5586194726294126,360.0,2210.0,False,6760.0,0.0,0.9999999999999976,00,operational,393,0.3333333333333333
0.8993075046237833,0.1006924953762167,0.4413805273705874,0.5586194726294126,360.0,2780.0,False,6760.0,0.0,0.9999999999999976,01,operational,393,0.3333333333333333
0.9134619814095128,0.0865380185904871,0.4909281197347165,0.5090718802652835,360.0,2210.0,False,6760.0,0.0,0.9999999999999976,10,operational,393,0.3333333333333333
0.8974379879495674,0.1025620120504325,0.4909281197347165,0.5090718802652835,360.0,2810.0,False,6760.0,0.0,0.9999999999999976,11,operational,393,0.3333333333333333
0.8717833122060183,0.1282166877939816,0.589425294349279,0.4105747056507209,360.0,2780.0,False,6760.0,0.0,0.9999999999999976,00,operational,394,0.375886524822695
0.8456143076418636,0.1543856923581363,0.589425294349279,0.4105747056507209,360.0,3760.0,False,6760.0,0.0,0.9999999999999976,01,operational,394,0.375886524822695
0.8541198517110632,0.1458801482889368,0.6714024177862756,0.3285975822137244,360.0,2780.0,False,6760.0,0.0,0.9999999999999976,10,operational,394,0.375886524822695
0.7591122227642482,0.2408877772357518,0.6714024177862756,0.3285975822137244,360.0,,True,6760.0,1.0,0.8893731201557741,11,operational,394,0.375886524822695
0.8622541117347166,0.1377458882652834,0.7246613362775606,0.2753386637224394,360.0,2730.0,False,6760.0,0.0,0.9999999999999974,00,operational,395,0.3687943262411347
0.8463572894781203,0.1536427105218797,0.7246613362775606,0.2753386637224394,360.0,3260.0,False,6760.0,0.0,0.9999999999999974,01,operational,395,0.3687943262411347
0.8545361838050995,0.1454638161949004,0.7504753660236777,0.2495246339763223,360.0,2730.0,False,6760.0,0.0,0.9999999999999974,10,operational,395,0.3687943262411347
0.799214619979998,0.200785380020002,0.7504753660236777,0.2495246339763223,360.0,,True,6760.0,1.0,0.9320734206208144,11,operational,395,0.3687943262411347
0.9390103160996868,0.0609896839003131,0.2844110708325547,0.7155889291674453,360.0,2180.0,False,6760.0,0.0,0.9999999999999976,00,operational,396,0.3333333333333333
0.9271028983398344,0.0728971016601655,0.2844110708325547,0.7155889291674453,360.0,2580.0,False,6760.0,0.0,0.9999999999999976,01,operational,396,0.3333333333333333
0.9233124547015302,0.0766875452984697,0.4156626471542453,0.5843373528457547,360.0,2180.0,False,6760.0,0.0,0.9999999999999976,10,operational,396,0.3333333333333333
0.913139814928273,0.0868601850717269,0.4156626471542453,0.5843373528457547,360.0,2600.0,False,6760.0,0.0,0.9999999999999976,11,operational,396,0.3333333333333333
0.8998063098494241,0.1001936901505758,0.3638105403527281,0.6361894596472719,360.0,2870.0,False,6760.0,0.0,0.9999999999999976,00,operational,397,0.4184397163120567
0.8740727899531019,0.1259272100468981,0.3638105403527281,0.6361894596472719,360.0,3740.0,False,6760.0,0.0,0.9999999999999976,01,operational,397,0.4184397163120567
0.8859741674870456,0.1140258325129544,0.434776079396451,0.565223920603549,360.0,2870.0,False,6760.0,0.0,0.9999999999999976,10,operational,397,0.4184397163120567
0.770487027460419,0.229512972539581,0.434776079396451,0.565223920603549,360.0,,True,6760.0,1.0,0.8505201075624286,11,operational,397,0.4184397163120567
0.9725764140168188,0.0274235859831811,0.2696712656931226,0.7303287343068774,360.0,1020.0,False,6760.0,0.0,0.9999999999999976,00,operational,398,0.1843971631205673
0.9671008720613068,0.0328991279386932,0.2696712656931226,0.7303287343068774,360.0,1220.0,False,6760.0,0.0,0.9999999999999976,01,operational,398,0.1843971631205673
0.9725764140168188,0.0274235859831811,0.2696712656931226,0.7303287343068774,360.0,1020.0,False,6760.0,0.0,0.9999999999999976,10,operational,398,0.1843971631205673
0.9671008720613068,0.0328991279386932,0.2696712656931226,0.7303287343068774,360.0,1220.0,False,6760.0,0.0,0.9999999999999976,11,operational,398,0.1843971631205673
0.964219695544797,0.0357803044552029,0.4293480447084037,0.5706519552915963,360.0,1280.0,False,6760.0,0.0,0.9999999999999976,00,operational,399,0.1914893617021276
0.9600573351294228,0.0399426648705772,0.4293480447084037,0.5706519552915963,360.0,1380.0,False,6760.0,0.0,0.9999999999999976,01,operational,399,0.1914893617021276
0.9608724833843,0.0391275166157,0.4878721551919023,0.5121278448080977,360.0,1280.0,False,6760.0,0.0,0.9999999999999976,10,operational,399,0.1914893617021276
0.9565214081410504,0.0434785918589495,0.4878721551919023,0.5121278448080977,360.0,1390.0,False,6760.0,0.0,0.9999999999999976,11,operational,399,0.1914893617021276
0.888832254755819,0.111167745244181,0.6002273758477352,0.3997726241522648,360.0,2270.0,False,6760.0,0.0,0.9999999999999976,00,operational,400,0.2907801418439716
0.8782461328020891,0.1217538671979109,0.6002273758477352,0.3997726241522648,360.0,2630.0,False,6760.0,0.0,0.9999999999999976,01,operational,400,0.2907801418439716
0.8841713877621805,0.1158286122378194,0.6294868124636457,0.3705131875363543,360.0,2270.0,False,6760.0,0.0,0.9999999999999976,10,operational,400,0.2907801418439716
0.8793109243370213,0.1206890756629787,0.6294868124636457,0.3705131875363543,360.0,2630.0,False,6760.0,0.0,0.9999999999999976,11,operational,400,0.2907801418439716
0.8912385076196783,0.1087614923803217,0.4538920399827717,0.5461079600172283,360.0,2540.0,False,6760.0,0.0,0.9999999999999974,00,operational,401,0.3475177304964539
0.8772976388545444,0.1227023611454556,0.4538920399827717,0.5461079600172283,360.0,3110.0,False,6760.0,0.0,0.9999999999999974,01,operational,401,0.3475177304964539
0.8884295752089024,0.1115704247910975,0.4573526954209657,0.5426473045790343,360.0,2540.0,False,6760.0,0.0,0.9999999999999974,10,operational,401,0.3475177304964539
0.8723422709152951,0.1276577290847048,0.4573526954209657,0.5426473045790343,360.0,3170.0,False,6760.0,0.0,0.9999999999999974,11,operational,401,0.3475177304964539
0.9607192289403156,0.0392807710596844,0.3607942795040234,0.6392057204959766,360.0,1230.0,False,6760.0,0.0,0.9999999999999976,00,operational,402,0.2482269503546099
0.9566623745343332,0.0433376254656668,0.3607942795040234,0.6392057204959766,360.0,1380.0,False,6760.0,0.0,0.9999999999999976,01,operational,402,0.2482269503546099
0.9599504059391186,0.0400495940608813,0.3868433192685716,0.6131566807314284,360.0,1230.0,False,6760.0,0.0,0.9999999999999976,10,operational,402,0.2482269503546099
0.9541866809149512,0.0458133190850489,0.3868433192685716,0.6131566807314284,360.0,1360.0,False,6760.0,0.0,0.9999999999999976,11,operational,402,0.2482269503546099
0.8688781425961488,0.1311218574038511,0.6418588194288544,0.3581411805711456,360.0,2660.0,False,6760.0,0.0,0.9999999999999974,00,operational,403,0.3829787234042553
0.8569685996789218,0.1430314003210782,0.6418588194288544,0.3581411805711456,360.0,3320.0,False,6760.0,0.0,0.9999999999999974,01,operational,403,0.3829787234042553
0.8619584503870668,0.1380415496129332,0.6673192995846431,0.3326807004153569,360.0,2660.0,False,6760.0,0.0,0.9999999999999974,10,operational,403,0.3829787234042553
0.8527397575429626,0.1472602424570374,0.6673192995846431,0.3326807004153569,360.0,3310.0,False,6760.0,0.0,0.9999999999999974,11,operational,403,0.3829787234042553
0.8901627588972371,0.1098372411027629,0.5931481095448068,0.4068518904551932,360.0,2580.0,False,6760.0,0.0,0.9999999999999976,00,operational,404,0.4184397163120567
0.8701380172878372,0.1298619827121627,0.5931481095448068,0.4068518904551932,360.0,3200.0,False,6760.0,0.0,0.9999999999999976,01,operational,404,0.4184397163120567
0.8821983629218562,0.1178016370781438,0.6447135910095358,0.3552864089904642,360.0,2580.0,False,6760.0,0.0,0.9999999999999976,10,operational,404,0.4184397163120567
0.7679292207853838,0.2320707792146161,0.6447135910095358,0.3552864089904642,360.0,,True,6760.0,1.0,0.8461534867332533,11,operational,404,0.4184397163120567
0.732616596866248,0.267383403133752,0.6862277303328761,0.3137722696671239,360.0,4470.0,False,6760.0,0.0,0.9999999999999976,00,operational,405,0.4893617021276595
0.6833644382256888,0.3166355617743112,0.6862277303328761,0.3137722696671239,360.0,6150.0,False,6760.0,0.0,0.9999999999999974,01,operational,405,0.4893617021276595
0.7218771191012596,0.2781228808987404,0.6939160161211795,0.3060839838788205,360.0,4470.0,False,6760.0,0.0,0.9999999999999976,10,operational,405,0.4893617021276595
0.606157071855258,0.393842928144742,0.6939160161211795,0.3060839838788205,360.0,,True,6760.0,1.0,0.7717890050583598,11,operational,405,0.4893617021276595
0.9201156410270646,0.0798843589729354,0.5916166628185755,0.4083833371814245,360.0,1800.0,False,6760.0,0.0,0.9999999999999976,00,operational,406,0.3049645390070922
0.9010197999348358,0.0989802000651641,0.5916166628185755,0.4083833371814245,360.0,2170.0,False,6760.0,0.0,0.9999999999999976,01,operational,406,0.3049645390070922
0.9195059870633816,0.0804940129366184,0.5938295754019725,0.4061704245980275,360.0,1800.0,False,6760.0,0.0,0.9999999999999976,10,operational,406,0.3049645390070922
0.8990605262130544,0.1009394737869455,0.5938295754019725,0.4061704245980275,360.0,2190.0,False,6760.0,0.0,0.9999999999999976,11,operational,406,0.3049645390070922
0.8316349828142657,0.1683650171857342,0.7542333482409774,0.2457666517590226,230.0,3150.0,False,6760.0,0.0,0.9999999999999976,00,operational,407,0.475177304964539
0.8004348887129594,0.1995651112870405,0.7542333482409774,0.2457666517590226,230.0,4450.0,False,6760.0,0.0,0.9999999999999976,01,operational,407,0.475177304964539
0.8220259772742281,0.1779740227257719,0.7875609884648741,0.2124390115351259,230.0,3150.0,False,6760.0,0.0,0.9999999999999976,10,operational,407,0.475177304964539
0.4026832067287688,0.5973167932712311,0.7875609884648741,0.2124390115351259,230.0,,True,6760.0,1.0,0.4093460360252025,11,operational,407,0.475177304964539
0.9819744290034098,0.0180255709965901,0.2581630181756598,0.7418369818243402,360.0,710.0,False,6760.0,0.0,0.9999999999999976,00,operational,408,0.1702127659574468
0.981734362923159,0.018265637076841,0.2581630181756598,0.7418369818243402,360.0,740.0,False,6760.0,0.0,0.9999999999999976,01,operational,408,0.1702127659574468
0.9819744290034098,0.0180255709965901,0.2581630181756598,0.7418369818243402,360.0,710.0,False,6760.0,0.0,0.9999999999999976,10,operational,408,0.1702127659574468
0.981734362923159,0.018265637076841,0.2581630181756598,0.7418369818243402,360.0,740.0,False,6760.0,0.0,0.9999999999999976,11,operational,408,0.1702127659574468
0.925579693722203,0.074420306277797,0.3782493565111537,0.6217506434888462,360.0,2020.0,False,6760.0,0.0,0.9999999999999976,00,operational,409,0.2553191489361702
0.9121944297778092,0.0878055702221908,0.3782493565111537,0.6217506434888462,360.0,2500.0,False,6760.0,0.0,0.9999999999999976,01,operational,409,0.2553191489361702
0.9213900426936724,0.0786099573063274,0.4050349020932808,0.5949650979067191,360.0,2020.0,False,6760.0,0.0,0.9999999999999976,10,operational,409,0.2553191489361702
0.9088757338640469,0.0911242661359531,0.4050349020932808,0.5949650979067191,360.0,2500.0,False,6760.0,0.0,0.9999999999999976,11,operational,409,0.2553191489361702
0.7940643164468923,0.2059356835531076,0.650417281899268,0.349582718100732,360.0,3770.0,False,6760.0,0.0,0.9999999999999976,00,operational,410,0.3617021276595745
0.7551050990271158,0.2448949009728842,0.650417281899268,0.349582718100732,360.0,5390.0,False,6760.0,0.0,0.9999999999999976,01,operational,410,0.3617021276595745
0.7853142868394363,0.2146857131605637,0.6645796205703492,0.3354203794296507,360.0,3770.0,False,6760.0,0.0,0.9999999999999976,10,operational,410,0.3617021276595745
0.7292875180294387,0.2707124819705613,0.6645796205703492,0.3354203794296507,360.0,5530.0,False,6760.0,0.0,0.9999999999999976,11,operational,410,0.3617021276595745
0.9671324752140408,0.0328675247859592,0.2432243665782363,0.7567756334217637,360.0,1490.0,False,6760.0,0.0,0.9999999999999976,00,operational,411,0.1985815602836879
0.9623726693720492,0.0376273306279506,0.2432243665782363,0.7567756334217637,360.0,1710.0,False,6760.0,0.0,0.9999999999999976,01,operational,411,0.1985815602836879
0.9566703626929935,0.0433296373070063,0.3254723687330841,0.6745276312669158,360.0,1490.0,False,6760.0,0.0,0.9999999999999976,10,operational,411,0.1985815602836879
0.902847301024318,0.0971526989756819,0.3254723687330841,0.6745276312669158,360.0,,True,6760.0,1.0,0.931781265742762,11,operational,411,0.1985815602836879
0.8522151951395361,0.1477848048604638,0.6180129186795278,0.3819870813204722,360.0,3280.0,False,6760.0,0.0,0.9999999999999976,00,operational,412,0.3971631205673759
0.8347033518006085,0.1652966481993915,0.6180129186795278,0.3819870813204722,360.0,3730.0,False,6760.0,0.0,0.9999999999999976,01,operational,412,0.3971631205673759
0.8283364130341488,0.1716635869658511,0.6769992550494492,0.3230007449505508,360.0,3280.0,False,6760.0,0.0,0.9999999999999976,10,operational,412,0.3971631205673759
0.5831953246137284,0.4168046753862716,0.6769992550494492,0.3230007449505508,360.0,,True,6760.0,1.0,0.6430575657833794,11,operational,412,0.3971631205673759
0.9228771365497066,0.0771228634502934,0.4517887983843132,0.5482112016156868,360.0,2210.0,False,6760.0,0.0,0.9999999999999976,00,operational,413,0.3475177304964539
0.9101375317971656,0.0898624682028343,0.4517887983843127,0.5482112016156873,360.0,2710.0,False,6760.0,0.0,0.9999999999999976,01,operational,413,0.3475177304964539
0.9152918258288036,0.0847081741711964,0.5195298513927249,0.4804701486072751,360.0,2210.0,False,6760.0,0.0,0.9999999999999976,10,operational,413,0.3475177304964539
0.9050820277075776,0.0949179722924224,0.5195298513927242,0.4804701486072758,360.0,2710.0,False,6760.0,0.0,0.9999999999999976,11,operational,413,0.3475177304964539
0.9155179548930724,0.0844820451069275,0.4811469693710696,0.5188530306289304,360.0,2320.0,False,6760.0,0.0,0.9999999999999976,00,operational,414,0.3617021276595745
0.895833027373825,0.104166972626175,0.4811469693710696,0.5188530306289304,360.0,2950.0,False,6760.0,0.0,0.9999999999999976,01,operational,414,0.3617021276595745
0.9044531004734668,0.095546899526533,0.5427725396104264,0.4572274603895735,360.0,2320.0,False,6760.0,0.0,0.9999999999999976,10,operational,414,0.3617021276595745
0.8894053165270184,0.1105946834729816,0.5427725396104264,0.4572274603895735,360.0,3040.0,False,6760.0,0.0,0.9999999999999976,11,operational,414,0.3617021276595745
0.8845094627509141,0.1154905372490858,0.6237868276697096,0.3762131723302904,360.0,2410.0,False,6760.0,0.0,0.9999999999999976,00,operational,415,0.3687943262411347
0.8595677422876933,0.1404322577123067,0.6237868276697096,0.3762131723302904,360.0,3070.0,False,6760.0,0.0,0.9999999999999976,01,operational,415,0.3687943262411347
0.8830432788693054,0.1169567211306945,0.6238060349703312,0.3761939650296689,360.0,2410.0,False,6760.0,0.0,0.9999999999999976,10,operational,415,0.3687943262411347
0.8564682101711698,0.1435317898288302,0.6238060349703312,0.3761939650296689,360.0,2860.0,False,6760.0,0.0,0.9999999999999976,11,operational,415,0.3687943262411347
0.8958719760123336,0.1041280239876664,0.4293078401565796,0.5706921598434204,360.0,2600.0,False,6760.0,0.0,0.9999999999999976,00,operational,416,0.3120567375886525
0.8739254081796896,0.1260745918203104,0.4293078401565796,0.5706921598434204,360.0,3230.0,False,6760.0,0.0,0.9999999999999976,01,operational,416,0.3120567375886525
0.8918882428804711,0.1081117571195289,0.4293721508573657,0.5706278491426343,360.0,2600.0,False,6760.0,0.0,0.9999999999999976,10,operational,416,0.3120567375886525
0.7759487964285783,0.2240512035714217,0.4293721508573657,0.5706278491426343,360.0,,True,6760.0,1.0,0.8461534867332533,11,operational,416,0.3120567375886525
0.912333968815148,0.087666031184852,0.5256589747195126,0.4743410252804873,360.0,2100.0,False,6760.0,0.0,0.9999999999999976,00,operational,417,0.3120567375886525
0.8830335688389229,0.116966431161077,0.5256589747195126,0.4743410252804873,360.0,2640.0,False,6760.0,0.0,0.9999999999999976,01,operational,417,0.3120567375886525
0.9046464384729136,0.0953535615270864,0.5926247223023877,0.4073752776976122,360.0,2100.0,False,6760.0,0.0,0.9999999999999976,10,operational,417,0.3120567375886525
0.879915906435886,0.1200840935641139,0.5926247223023877,0.4073752776976122,360.0,2640.0,False,6760.0,0.0,0.9999999999999976,11,operational,417,0.3120567375886525
0.9276334023580348,0.0723665976419651,0.4330003091211565,0.5669996908788435,360.0,2100.0,False,6760.0,0.0,0.9999999999999976,00,operational,418,0.3829787234042553
0.911201155985464,0.0887988440145358,0.4330003091211565,0.5669996908788435,360.0,2630.0,False,6760.0,0.0,0.9999999999999976,01,operational,418,0.3829787234042553
0.923522721083486,0.0764772789165141,0.4542564290596946,0.5457435709403053,360.0,2100.0,False,6760.0,0.0,0.9999999999999976,10,operational,418,0.3829787234042553
0.8527954503922168,0.1472045496077831,0.4542564290596946,0.5457435709403053,360.0,,True,6760.0,1.0,0.93178126576305,11,operational,418,0.3829787234042553
0.8311527609011337,0.1688472390988663,0.5847332930279037,0.4152667069720963,360.0,3590.0,False,6760.0,0.0,0.9999999999999976,00,operational,419,0.4326241134751773
0.7994380019831965,0.2005619980168035,0.5847332930279037,0.4152667069720963,360.0,4750.0,False,6760.0,0.0,0.9999999999999976,01,operational,419,0.4326241134751773
0.8167934881626885,0.1832065118373115,0.624978628307313,0.375021371692687,360.0,3590.0,False,6760.0,0.0,0.9999999999999976,10,operational,419,0.4326241134751773
0.6665654623018189,0.3334345376981811,0.624978628307313,0.375021371692687,360.0,,True,6760.0,1.0,0.7505515843940664,11,operational,419,0.4326241134751773
0.9065541521467212,0.0934458478532787,0.4911994461174278,0.5088005538825722,360.0,2160.0,False,6760.0,0.0,0.9999999999999976,00,operational,420,0.3049645390070922
0.9003185353648548,0.0996814646351451,0.4911994461174278,0.5088005538825722,360.0,2370.0,False,6760.0,0.0,0.9999999999999976,01,operational,420,0.3049645390070922
0.9023785559391936,0.0976214440608065,0.5182642929898231,0.4817357070101768,360.0,2160.0,False,6760.0,0.0,0.9999999999999976,10,operational,420,0.3049645390070922
0.895658558097279,0.1043414419027209,0.5182642929898231,0.4817357070101768,360.0,2370.0,False,6760.0,0.0,0.9999999999999976,11,operational,420,0.3049645390070922
0.9356702219529434,0.0643297780470566,0.3683610528947629,0.631638947105237,360.0,2070.0,False,6760.0,0.0,0.9999999999999976,00,operational,421,0.3475177304964539
0.9254437305301918,0.0745562694698082,0.3683610528947629,0.631638947105237,360.0,2520.0,False,6760.0,0.0,0.9999999999999976,01,operational,421,0.3475177304964539
0.9320427579135654,0.0679572420864346,0.4009091374354396,0.5990908625645603,360.0,2070.0,False,6760.0,0.0,0.9999999999999976,10,operational,421,0.3475177304964539
0.9158969534000826,0.0841030465999174,0.4009091374354396,0.5990908625645603,360.0,2530.0,False,6760.0,0.0,0.9999999999999976,11,operational,421,0.3475177304964539
0.7486768266577944,0.2513231733422055,0.7405340726995979,0.259465927300402,360.0,4070.0,False,6760.0,0.0,0.9999999999999976,00,operational,422,0.4609929078014184
0.718043215714964,0.281956784285036,0.7405340726995979,0.259465927300402,360.0,5200.0,False,6760.0,0.0,0.9999999999999976,01,operational,422,0.4609929078014184
0.7417841558317131,0.2582158441682869,0.7450462781520727,0.2549537218479273,360.0,4070.0,False,6760.0,0.0,0.9999999999999976,10,operational,422,0.4609929078014184
0.705867921807602,0.2941320781923979,0.7450462781520727,0.2549537218479273,360.0,5290.0,False,6760.0,0.0,0.9999999999999976,11,operational,422,0.4609929078014184
0.7735584540560688,0.2264415459439311,0.7772328493651264,0.2227671506348736,360.0,3610.0,False,6760.0,0.0,0.9999999999999976,00,operational,423,0.425531914893617
0.7584736731855289,0.241526326814471,0.7772328493651264,0.2227671506348736,360.0,4480.0,False,6760.0,0.0,0.9999999999999976,01,operational,423,0.425531914893617
0.7674299208103504,0.2325700791896495,0.7893692806322126,0.2106307193677875,360.0,3610.0,False,6760.0,0.0,0.9999999999999976,10,operational,423,0.425531914893617
0.7662297658624593,0.2337702341375407,0.7893692806322126,0.2106307193677875,360.0,4350.0,False,6760.0,0.0,0.9999999999999976,11,operational,423,0.425531914893617
0.8391796683377478,0.1608203316622521,0.6589392811957304,0.3410607188042696,360.0,3040.0,False,6760.0,0.0,0.9999999999999976,00,operational,424,0.4042553191489361
0.8111317233383608,0.1888682766616392,0.6589392811957304,0.3410607188042696,360.0,3920.0,False,6760.0,0.0,0.9999999999999976,01,operational,424,0.4042553191489361
0.8297797735651194,0.1702202264348805,0.677305037913571,0.322694962086429,360.0,3040.0,False,6760.0,0.0,0.9999999999999976,10,operational,424,0.4042553191489361
0.7654758787677501,0.2345241212322498,0.677305037913571,0.322694962086429,360.0,,True,6760.0,1.0,0.931781265742762,11,operational,424,0.4042553191489361
0.8120789893394575,0.1879210106605424,0.6511916791629044,0.3488083208370956,360.0,3490.0,False,6760.0,0.0,0.9999999999999976,00,operational,425,0.425531914893617
0.7810011571823452,0.2189988428176548,0.6511916791629044,0.3488083208370956,360.0,4820.0,False,6760.0,0.0,0.9999999999999976,01,operational,425,0.425531914893617
0.8017899107154649,0.1982100892845351,0.6646568663251458,0.3353431336748542,360.0,3490.0,False,6760.0,0.0,0.9999999999999976,10,operational,425,0.425531914893617
0.7675359101190553,0.2324640898809447,0.6646568663251458,0.3353431336748542,360.0,4890.0,False,6760.0,0.0,0.9999999999999976,11,operational,425,0.425531914893617
0.8428692072185918,0.1571307927814081,0.6519540596662927,0.3480459403337072,360.0,2960.0,False,6760.0,0.0,0.9999999999999976,00,operational,426,0.3900709219858156
0.8108535720351155,0.1891464279648844,0.6519540596662927,0.3480459403337072,360.0,3640.0,False,6760.0,0.0,0.9999999999999976,01,operational,426,0.3900709219858156
0.8342129510264713,0.1657870489735287,0.6819313606325497,0.3180686393674503,360.0,2960.0,False,6760.0,0.0,0.9999999999999976,10,operational,426,0.3900709219858156
0.652599797049743,0.347400202950257,0.6819313606325497,0.3180686393674503,360.0,,True,6760.0,1.0,0.77178900505836,11,operational,426,0.3900709219858156
0.964403915975942,0.0355960840240578,0.2745125020103565,0.7254874979896435,360.0,1440.0,False,6760.0,0.0,0.9999999999999976,00,operational,427,0.1985815602836879
0.9628833393075652,0.0371166606924349,0.2745125020103565,0.7254874979896435,360.0,1520.0,False,6760.0,0.0,0.9999999999999976,01,operational,427,0.1985815602836879
0.9596841141421945,0.0403158858578055,0.3224649152293455,0.6775350847706545,360.0,1440.0,False,6760.0,0.0,0.9999999999999976,10,operational,427,0.1985815602836879
0.956391354707764,0.043608645292236,0.3224649152293455,0.6775350847706545,360.0,1550.0,False,6760.0,0.0,0.9999999999999976,11,operational,427,0.1985815602836879
0.944533562514965,0.0554664374850349,0.4652431297861992,0.5347568702138008,360.0,1540.0,False,6760.0,0.0,0.9999999999999976,00,operational,428,0.2624113475177305
0.9425922646758044,0.0574077353241955,0.4652431297861992,0.5347568702138008,360.0,1620.0,False,6760.0,0.0,0.9999999999999976,01,operational,428,0.2624113475177305
0.9418801850911848,0.0581198149088153,0.4957243101302045,0.5042756898697954,360.0,1540.0,False,6760.0,0.0,0.9999999999999976,10,operational,428,0.2624113475177305
0.93913442548067,0.06086557451933,0.4957243101302045,0.5042756898697954,360.0,1640.0,False,6760.0,0.0,0.9999999999999976,11,operational,428,0.2624113475177305
0.9506460010161528,0.0493539989838471,0.3636121686925712,0.6363878313074288,360.0,1500.0,False,6760.0,0.0,0.9999999999999976,00,operational,429,0.2553191489361702
0.9431259657209512,0.0568740342790489,0.3636121686925712,0.6363878313074288,360.0,1780.0,False,6760.0,0.0,0.9999999999999976,01,operational,429,0.2553191489361702
0.9506460010161528,0.0493539989838471,0.3636121686925712,0.6363878313074288,360.0,1500.0,False,6760.0,0.0,0.9999999999999976,10,operational,429,0.2553191489361702
0.9431259657209512,0.0568740342790489,0.3636121686925712,0.6363878313074288,360.0,1780.0,False,6760.0,0.0,0.9999999999999976,11,operational,429,0.2553191489361702
0.8224220780999634,0.1775779219000366,0.7487694716808766,0.2512305283191234,360.0,3140.0,False,6760.0,0.0,0.9999999999999974,00,operational,430,0.3900709219858156
0.8090716728806162,0.1909283271193838,0.7487694716808766,0.2512305283191234,360.0,3590.0,False,6760.0,0.0,0.9999999999999974,01,operational,430,0.3900709219858156
0.8179440640572898,0.1820559359427102,0.7697496102720827,0.2302503897279173,360.0,3140.0,False,6760.0,0.0,0.9999999999999974,10,operational,430,0.3900709219858156
0.8049698091229671,0.1950301908770328,0.7697496102720827,0.2302503897279173,360.0,3600.0,False,6760.0,0.0,0.9999999999999974,11,operational,430,0.3900709219858156
0.6806489883178942,0.3193510116821058,0.7474396752623078,0.2525603247376921,360.0,4910.0,False,6760.0,0.0,0.9999999999999976,00,operational,431,0.5319148936170213
0.590866146347846,0.409133853652154,0.7474396752623078,0.2525603247376921,360.0,,True,6760.0,1.0,0.9862901114453893,01,operational,431,0.5319148936170213
0.6717838021971376,0.3282161978028624,0.7577550081372482,0.2422449918627517,360.0,4910.0,False,6760.0,0.0,0.9999999999999976,10,operational,431,0.5319148936170213
0.609651273388038,0.3903487266119619,0.7577550081372482,0.2422449918627517,360.0,6530.0,False,6760.0,0.0,0.9999996312060064,11,operational,431,0.5319148936170213
0.9594965453595136,0.0405034546404864,0.3206818915846297,0.6793181084153703,360.0,1360.0,False,6760.0,0.0,0.9999999999999976,00,operational,432,0.2411347517730496
0.9572950178109648,0.0427049821890352,0.3206818915846297,0.6793181084153703,360.0,1430.0,False,6760.0,0.0,0.9999999999999976,01,operational,432,0.2411347517730496
0.9531638743694092,0.0468361256305909,0.4063880523992702,0.5936119476007298,360.0,1360.0,False,6760.0,0.0,0.9999999999999976,10,operational,432,0.2411347517730496
0.9499404449186136,0.0500595550813863,0.4063880523992702,0.5936119476007298,360.0,1450.0,False,6760.0,0.0,0.9999999999999976,11,operational,432,0.2411347517730496
0.8734424138689932,0.1265575861310067,0.5004515340586924,0.4995484659413077,360.0,3040.0,False,6760.0,0.0,0.9999999999999976,00,operational,433,0.4680851063829787
0.8557301736160293,0.1442698263839706,0.5004515340586924,0.4995484659413077,360.0,3600.0,False,6760.0,0.0,0.9999999999999976,01,operational,433,0.4680851063829787
0.8715019721984437,0.1284980278015562,0.5086100525642538,0.4913899474357462,360.0,3040.0,False,6760.0,0.0,0.9999999999999976,10,operational,433,0.4680851063829787
0.8545401770420817,0.1454598229579182,0.5086100525642538,0.4913899474357462,360.0,3600.0,False,6760.0,0.0,0.9999999999999976,11,operational,433,0.4680851063829787
0.9080346486300406,0.0919653513699594,0.5331134705627647,0.4668865294372353,360.0,2070.0,False,6760.0,0.0,0.9999999999999976,00,operational,434,0.3049645390070922
0.8904974863029773,0.1095025136970226,0.5331134705627647,0.4668865294372353,360.0,2540.0,False,6760.0,0.0,0.9999999999999976,01,operational,434,0.3049645390070922
0.9040448948254932,0.0959551051745066,0.5412100747861963,0.4587899252138037,360.0,2070.0,False,6760.0,0.0,0.9999999999999976,10,operational,434,0.3049645390070922
0.8156490867255678,0.1843509132744322,0.5412100747861963,0.4587899252138037,360.0,,True,6760.0,1.0,0.9133830890319292,11,operational,434,0.3049645390070922
0.8373188671652712,0.1626811328347288,0.6521607832110106,0.3478392167889894,360.0,3180.0,False,6760.0,0.0,0.9999999999999976,00,operational,435,0.4609929078014184
0.8014490017983875,0.1985509982016124,0.6521607832110106,0.3478392167889894,360.0,3870.0,False,6760.0,0.0,0.9999999999999976,01,operational,435,0.4609929078014184
0.83035934294778,0.1696406570522199,0.6811409837625526,0.3188590162374473,360.0,3180.0,False,6760.0,0.0,0.9999999999999976,10,operational,435,0.4609929078014184
0.7288247495537707,0.2711752504462292,0.6811409837625526,0.3188590162374473,360.0,,True,6760.0,1.0,0.8893731197842348,11,operational,435,0.4609929078014184
0.7166996892341192,0.2833003107658808,0.6838749693860735,0.3161250306139264,360.0,4620.0,False,6760.0,0.0,0.9999999999999974,00,operational,436,0.5035460992907801
0.6827838751996997,0.3172161248003002,0.6838749693860735,0.3161250306139264,360.0,6250.0,False,6760.0,0.0,0.9999999999999653,01,operational,436,0.5035460992907801
0.7073747402545892,0.2926252597454107,0.6896275093643836,0.3103724906356165,360.0,4620.0,False,6760.0,0.0,0.9999999999999974,10,operational,436,0.5035460992907801
0.6134086617299563,0.3865913382700436,0.6896275093643836,0.3103724906356165,360.0,,True,6760.0,1.0,0.7717890050583598,11,operational,436,0.5035460992907801
0.9531997166731858,0.0468002833268141,0.4512809754840033,0.5487190245159966,360.0,1550.0,False,6760.0,0.0,0.9999999999999976,00,operational,437,0.2907801418439716
0.9470625346145114,0.0529374653854886,0.451280975484,0.548719024516,360.0,1850.0,False,6760.0,0.0,0.9999999999999976,01,operational,437,0.2907801418439716
0.9485406130399942,0.0514593869600058,0.5086209945859046,0.4913790054140954,360.0,1550.0,False,6760.0,0.0,0.9999999999999976,10,operational,437,0.2907801418439716
0.7530781658306542,0.2469218341693457,0.5086209945859039,0.491379005414096,360.0,,True,6760.0,1.0,0.7717890050583598,11,operational,437,0.2907801418439716
0.8794971611266829,0.1205028388733171,0.4318830448067918,0.5681169551932082,360.0,2780.0,False,6760.0,0.0,0.9999999999999976,00,operational,438,0.3617021276595745
0.8461965279682359,0.1538034720317641,0.4318830448067918,0.5681169551932082,360.0,3790.0,False,6760.0,0.0,0.9999999999999976,01,operational,438,0.3617021276595745
0.8720739497925034,0.1279260502074966,0.4617400547285615,0.5382599452714385,360.0,2780.0,False,6760.0,0.0,0.9999999999999976,10,operational,438,0.3617021276595745
0.7020239811658202,0.2979760188341798,0.4617400547285615,0.5382599452714385,360.0,,True,6760.0,1.0,0.7505515843940664,11,operational,438,0.3617021276595745
0.7765403540065441,0.2234596459934559,0.7742987084222709,0.2257012915777291,360.0,3780.0,False,6760.0,0.0,0.9999999999999976,00,operational,439,0.4609929078014184
0.757170598998072,0.2428294010019279,0.7742987084222709,0.2257012915777291,360.0,4770.0,False,6760.0,0.0,0.9999999999999976,01,operational,439,0.4609929078014184
0.7700047381985349,0.2299952618014651,0.7757547696599748,0.2242452303400252,360.0,3780.0,False,6760.0,0.0,0.9999999999999976,10,operational,439,0.4609929078014184
0.577084965026645,0.422915034973355,0.7757547696599748,0.2242452303400252,360.0,,True,6760.0,1.0,0.6470488565711302,11,operational,439,0.4609929078014184
0.7734300911234883,0.2265699088765117,0.6568719063731414,0.3431280936268585,360.0,3960.0,False,6760.0,0.0,0.9999999999999976,00,operational,440,0.425531914893617
0.7458693989414016,0.2541306010585984,0.6568719063731414,0.3431280936268585,360.0,5290.0,False,6760.0,0.0,0.9999999999999976,01,operational,440,0.425531914893617
0.7616860548470074,0.2383139451529926,0.6818400889611507,0.3181599110388494,360.0,3960.0,False,6760.0,0.0,0.9999999999999976,10,operational,440,0.425531914893617
0.6346205587441717,0.3653794412558283,0.6818400889611507,0.3181599110388494,360.0,,True,6760.0,1.0,0.7505515843940664,11,operational,440,0.425531914893617
0.9047357152503582,0.0952642847496417,0.6094536779771241,0.3905463220228758,360.0,2110.0,False,6760.0,0.0,0.9999999999999976,00,operational,441,0.3120567375886525
0.8945603875273864,0.1054396124726135,0.6094536779771241,0.3905463220228758,360.0,2430.0,False,6760.0,0.0,0.9999999999999976,01,operational,441,0.3120567375886525
0.9001567474143822,0.0998432525856177,0.6217617721744979,0.3782382278255021,360.0,2110.0,False,6760.0,0.0,0.9999999999999976,10,operational,441,0.3120567375886525
0.8886609982210864,0.1113390017789136,0.6217617721744979,0.3782382278255021,360.0,2500.0,False,6760.0,0.0,0.9999999999999976,11,operational,441,0.3120567375886525
0.8223326626352448,0.1776673373647551,0.715968186669887,0.2840318133301129,360.0,3300.0,False,6760.0,0.0,0.9999999999999976,00,operational,442,0.4468085106382978
0.7731007212238244,0.2268992787761755,0.715968186669887,0.2840318133301129,360.0,4100.0,False,6760.0,0.0,0.9999999999999976,01,operational,442,0.4468085106382978
0.8155168269669051,0.1844831730330949,0.7428453016424255,0.2571546983575745,360.0,3300.0,False,6760.0,0.0,0.9999999999999976,10,operational,442,0.4468085106382978
0.1106873068247713,0.8893126931752287,0.7428453016424255,0.2571546983575745,360.0,,True,6760.0,1.0,0.0573586490545674,11,operational,442,0.4468085106382978
0.8087629377838997,0.1912370622161002,0.7487226060064701,0.2512773939935299,240.0,3500.0,False,6760.0,0.0,0.9999999999999976,00,operational,443,0.4680851063829787
0.7500286244056675,0.2499713755943324,0.7487226060064701,0.2512773939935299,240.0,4800.0,False,6760.0,0.0,0.9999999999999976,01,operational,443,0.4680851063829787
0.8004412139065189,0.1995587860934811,0.8580007077996072,0.1419992922003927,240.0,3500.0,False,6760.0,0.0,0.9999999999999976,10,operational,443,0.4680851063829787
0.6846783395444338,0.3153216604555662,0.8580007077996072,0.1419992922003927,240.0,,True,6760.0,1.0,0.9133830890319292,11,operational,443,0.4680851063829787
0.995358157267022,0.0046418427329779,0.1110343764759743,0.8889656235240256,360.0,390.0,False,6760.0,0.0,0.9999999999999976,00,operational,444,0.0921985815602836
0.9953286596425732,0.0046713403574267,0.1110343764759743,0.8889656235240256,360.0,400.0,False,6760.0,0.0,0.9999999999999976,01,operational,444,0.0921985815602836
0.995358157267022,0.0046418427329779,0.1110343764759743,0.8889656235240256,360.0,390.0,False,6760.0,0.0,0.9999999999999976,10,operational,444,0.0921985815602836
0.9953286596425732,0.0046713403574267,0.1110343764759743,0.8889656235240256,360.0,400.0,False,6760.0,0.0,0.9999999999999976,11,operational,444,0.0921985815602836
0.7655690460893123,0.2344309539106877,0.7562037676071147,0.2437962323928852,360.0,4110.0,False,6760.0,0.0,0.9999999999999974,00,operational,445,0.4680851063829787
0.7358523888280774,0.2641476111719226,0.7562037676071147,0.2437962323928852,360.0,5400.0,False,6760.0,0.0,0.9999999999999974,01,operational,445,0.4680851063829787
0.7572254031640945,0.2427745968359055,0.7680106330003569,0.2319893669996431,360.0,4110.0,False,6760.0,0.0,0.9999999999999974,10,operational,445,0.4680851063829787
0.6829861129075363,0.3170138870924637,0.7680106330003569,0.2319893669996431,360.0,,True,6760.0,1.0,0.8893731201557741,11,operational,445,0.4680851063829787
0.9275639774647548,0.0724360225352452,0.3574970988972691,0.6425029011027309,360.0,2210.0,False,6760.0,0.0,0.9999999999999976,00,operational,446,0.3120567375886525
0.9107867431229352,0.0892132568770647,0.3574970988972691,0.6425029011027309,360.0,2840.0,False,6760.0,0.0,0.9999999999999976,01,operational,446,0.3120567375886525
0.9197338751349724,0.0802661248650277,0.4022690183427627,0.5977309816572373,360.0,2210.0,False,6760.0,0.0,0.9999999999999976,10,operational,446,0.3120567375886525
0.8912011332464669,0.1087988667535331,0.4022690183427627,0.5977309816572373,360.0,2940.0,False,6760.0,0.0,0.9999999999999976,11,operational,446,0.3120567375886525
0.8894824859062376,0.1105175140937624,0.5859946320103347,0.4140053679896652,360.0,2410.0,False,6760.0,0.0,0.9999999999999976,00,operational,447,0.3049645390070922
0.8705435604282169,0.1294564395717831,0.5859946320103347,0.4140053679896652,360.0,3230.0,False,6760.0,0.0,0.9999999999999976,01,operational,447,0.3049645390070922
0.8857948131721184,0.1142051868278816,0.6192340951391722,0.3807659048608278,360.0,2410.0,False,6760.0,0.0,0.9999999999999976,10,operational,447,0.3049645390070922
0.789616104990438,0.210383895009562,0.6192340951391722,0.3807659048608278,360.0,,True,6760.0,1.0,0.8504660360830044,11,operational,447,0.3049645390070922
0.9665182760913176,0.0334817239086825,0.3187306212094141,0.6812693787905859,360.0,1210.0,False,6760.0,0.0,0.9999999999999976,00,operational,448,0.2340425531914893
0.963298011791516,0.0367019882084839,0.3187306212094141,0.6812693787905859,360.0,1350.0,False,6760.0,0.0,0.9999999999999976,01,operational,448,0.2340425531914893
0.9644789368785468,0.0355210631214533,0.3513069808473279,0.6486930191526721,360.0,1210.0,False,6760.0,0.0,0.9999999999999976,10,operational,448,0.2340425531914893
0.960613255930654,0.0393867440693459,0.3513069808473279,0.6486930191526721,360.0,1370.0,False,6760.0,0.0,0.9999999999999976,11,operational,448,0.2340425531914893
0.8383332170727967,0.1616667829272032,0.6984371101869997,0.3015628898130003,360.0,3030.0,False,6760.0,0.0,0.9999999999999976,00,operational,449,0.3971631205673759
0.8300074679658649,0.1699925320341351,0.6984371101869997,0.3015628898130003,360.0,4180.0,False,6760.0,0.0,0.9999999999999976,01,operational,449,0.3971631205673759
0.8291864388766755,0.1708135611233244,0.7367569308412639,0.2632430691587361,360.0,3030.0,False,6760.0,0.0,0.9999999999999976,10,operational,449,0.3971631205673759
0.8183170423121211,0.1816829576878789,0.7367569308412639,0.2632430691587361,360.0,4180.0,False,6760.0,0.0,0.9999999999999976,11,operational,449,0.3971631205673759
0.8726202183633222,0.1273797816366778,0.5816267964776753,0.4183732035223246,360.0,2760.0,False,6760.0,0.0,0.9999999999999976,00,operational,450,0.3900709219858156
0.8583812116412558,0.1416187883587442,0.5816267964765602,0.4183732035234397,360.0,3400.0,False,6760.0,0.0,0.9999999999999976,01,operational,450,0.3900709219858156
0.8660131361619795,0.1339868638380205,0.6248039734033238,0.3751960265966761,360.0,2760.0,False,6760.0,0.0,0.9999999999999976,10,operational,450,0.3900709219858156
0.8498538444921915,0.1501461555078085,0.6248039734032774,0.3751960265967226,360.0,3400.0,False,6760.0,0.0,0.9999999999999976,11,operational,450,0.3900709219858156
0.8756674575207993,0.1243325424792006,0.5874715127682908,0.4125284872317092,360.0,2640.0,False,6760.0,0.0,0.9999999999999976,00,operational,451,0.3687943262411347
0.8615252418242177,0.1384747581757822,0.5874715127682908,0.4125284872317092,360.0,3290.0,False,6760.0,0.0,0.9999999999999976,01,operational,451,0.3687943262411347
0.8702723606632307,0.1297276393367693,0.6130171918324505,0.3869828081675495,360.0,2640.0,False,6760.0,0.0,0.9999999999999976,10,operational,451,0.3687943262411347
0.8572306565129596,0.1427693434870404,0.6130171918324505,0.3869828081675495,360.0,3300.0,False,6760.0,0.0,0.9999999999999976,11,operational,451,0.3687943262411347
0.8760717393537313,0.1239282606462687,0.6056612324578661,0.3943387675421339,360.0,2680.0,False,6760.0,0.0,0.9999999999999976,00,operational,452,0.3900709219858156
0.8520433560515619,0.1479566439484381,0.6056612324578661,0.3943387675421339,360.0,3480.0,False,6760.0,0.0,0.9999999999999976,01,operational,452,0.3900709219858156
0.8673351404490768,0.1326648595509232,0.647290446989664,0.352709553010336,360.0,2680.0,False,6760.0,0.0,0.9999999999999976,10,operational,452,0.3900709219858156
0.8498396690266373,0.1501603309733626,0.647290446989664,0.352709553010336,360.0,3440.0,False,6760.0,0.0,0.9999999999999976,11,operational,452,0.3900709219858156
0.966054870712351,0.033945129287649,0.2930729559258125,0.7069270440741875,360.0,1310.0,False,6760.0,0.0,0.9999999999999976,00,operational,453,0.1914893617021276
0.963172890264164,0.0368271097358361,0.2930729559258125,0.7069270440741875,360.0,1410.0,False,6760.0,0.0,0.9999999999999976,01,operational,453,0.1914893617021276
0.9541710183484776,0.0458289816515223,0.4597254949106959,0.5402745050893041,360.0,1310.0,False,6760.0,0.0,0.9999999999999976,10,operational,453,0.1914893617021276
0.95291986799518,0.0470801320048199,0.4597254949106959,0.5402745050893041,360.0,1430.0,False,6760.0,0.0,0.9999999999999976,11,operational,453,0.1914893617021276
0.8678627135583874,0.1321372864416126,0.6434873788696218,0.3565126211303782,360.0,2660.0,False,6760.0,0.0,0.9999999999999976,00,operational,454,0.3687943262411347
0.8618670329343111,0.1381329670656889,0.6434873788696218,0.3565126211303782,360.0,3140.0,False,6760.0,0.0,0.9999999999999976,01,operational,454,0.3687943262411347
0.8610237605838318,0.1389762394161682,0.6715847756834447,0.3284152243165553,360.0,2660.0,False,6760.0,0.0,0.9999999999999976,10,operational,454,0.3687943262411347
0.850992623158472,0.1490073768415279,0.6715847756834447,0.3284152243165553,360.0,3150.0,False,6760.0,0.0,0.9999999999999976,11,operational,454,0.3687943262411347
0.9423907797769911,0.0576092202230088,0.4752629318763421,0.5247370681236578,360.0,1500.0,False,6760.0,0.0,0.9999999999999976,00,operational,455,0.226950354609929
0.932744142267178,0.067255857732822,0.4752629318763421,0.5247370681236578,360.0,1730.0,False,6760.0,0.0,0.9999999999999976,01,operational,455,0.226950354609929
0.9364920408965532,0.0635079591034467,0.5362639950683956,0.4637360049316043,360.0,1500.0,False,6760.0,0.0,0.9999999999999976,10,operational,455,0.226950354609929
0.9317096059386876,0.0682903940613125,0.5362639950683956,0.4637360049316043,360.0,1720.0,False,6760.0,0.0,0.9999999999999976,11,operational,455,0.226950354609929
0.8789680996934263,0.1210319003065737,0.4461034601661475,0.5538965398338525,360.0,2830.0,False,6760.0,0.0,0.9999999999999976,00,operational,456,0.3333333333333333
0.865508475324635,0.1344915246753649,0.4461034601661475,0.5538965398338525,360.0,3300.0,False,6760.0,0.0,0.9999999999999976,01,operational,456,0.3333333333333333
0.8749683203969489,0.125031679603051,0.450053649497423,0.549946350502577,360.0,2830.0,False,6760.0,0.0,0.9999999999999976,10,operational,456,0.3333333333333333
0.8617061004991949,0.138293899500805,0.450053649497423,0.549946350502577,360.0,3340.0,False,6760.0,0.0,0.9999999999999976,11,operational,456,0.3333333333333333
0.936704266079518,0.0632957339204819,0.345895329524517,0.6541046704754829,360.0,2000.0,False,6760.0,0.0,0.9999999999999976,00,operational,457,0.2482269503546099
0.925517214867792,0.0744827851322079,0.345895329524517,0.6541046704754829,360.0,2440.0,False,6760.0,0.0,0.9999999999999976,01,operational,457,0.2482269503546099
0.9283124024113124,0.0716875975886877,0.386606930690222,0.613393069309778,360.0,2000.0,False,6760.0,0.0,0.9999999999999976,10,operational,457,0.2482269503546099
0.919034648519409,0.080965351480591,0.386606930690222,0.613393069309778,360.0,2430.0,False,6760.0,0.0,0.9999999999999976,11,operational,457,0.2482269503546099
0.900050480741157,0.0999495192588429,0.3918696403280725,0.6081303596719275,360.0,3100.0,False,6760.0,0.0,0.9999999999999976,00,operational,458,0.4113475177304964
0.8720118398420598,0.1279881601579402,0.3918696403280725,0.6081303596719275,360.0,4030.0,False,6760.0,0.0,0.9999999999999976,01,operational,458,0.4113475177304964
0.8818954806359991,0.1181045193640009,0.4530782957227592,0.5469217042772407,360.0,3100.0,False,6760.0,0.0,0.9999999999999976,10,operational,458,0.4113475177304964
0.7060674932754953,0.2939325067245046,0.4530782957227592,0.5469217042772407,360.0,,True,6760.0,1.0,0.7717890050583598,11,operational,458,0.4113475177304964
0.9218757727540564,0.0781242272459434,0.440568670320951,0.559431329679049,360.0,2210.0,False,6760.0,0.0,0.9999999999999976,00,operational,459,0.3617021276595745
0.9069831139184752,0.0930168860815248,0.440568670320951,0.559431329679049,360.0,2790.0,False,6760.0,0.0,0.9999999999999976,01,operational,459,0.3617021276595745
0.9161070728845172,0.0838929271154826,0.4779660606940534,0.5220339393059465,360.0,2210.0,False,6760.0,0.0,0.9999999999999976,10,operational,459,0.3617021276595745
0.7983886378222215,0.2016113621777785,0.4779660606940534,0.5220339393059465,360.0,,True,6760.0,1.0,0.8461534867332533,11,operational,459,0.3617021276595745
0.8194022931880053,0.1805977068119947,0.638713221887155,0.361286778112845,360.0,3550.0,False,6760.0,0.0,0.9999999999999976,00,operational,460,0.4822695035460992
0.7967356203780268,0.2032643796219732,0.638713221887155,0.361286778112845,360.0,4270.0,False,6760.0,0.0,0.9999999999999976,01,operational,460,0.4822695035460992
0.81406524538356,0.18593475461644,0.6425062151889498,0.3574937848110502,360.0,3550.0,False,6760.0,0.0,0.9999999999999976,10,operational,460,0.4822695035460992
0.7697421978654069,0.2302578021345931,0.6425062151889498,0.3574937848110502,360.0,4080.0,False,6760.0,0.0,0.9999999999999976,11,operational,460,0.4822695035460992
0.9481621403207592,0.0518378596792407,0.4633075814812848,0.5366924185187152,360.0,1510.0,False,6760.0,0.0,0.9999999999999976,00,operational,461,0.226950354609929
0.9458937905136552,0.0541062094863448,0.4633075814812848,0.5366924185187152,360.0,1740.0,False,6760.0,0.0,0.9999999999999976,01,operational,461,0.226950354609929
0.9433351639014304,0.0566648360985695,0.5128112232700381,0.4871887767299619,360.0,1510.0,False,6760.0,0.0,0.9999999999999976,10,operational,461,0.226950354609929
0.9419234205504192,0.0580765794495806,0.5128112232700381,0.4871887767299619,360.0,1740.0,False,6760.0,0.0,0.9999999999999976,11,operational,461,0.226950354609929
0.9412570593138688,0.0587429406861311,0.6253935791353598,0.3746064208646403,230.0,1640.0,False,6760.0,0.0,0.9999999999999976,00,operational,462,0.2836879432624113
0.9300082817729556,0.0699917182270445,0.6253935791353598,0.3746064208646403,230.0,2050.0,False,6760.0,0.0,0.9999999999999976,01,operational,462,0.2836879432624113
0.9349330146141392,0.0650669853858607,0.76536817276534,0.23463182723466,230.0,1640.0,False,6760.0,0.0,0.9999999999999976,10,operational,462,0.2836879432624113
0.9287028582605172,0.0712971417394827,0.76536817276534,0.23463182723466,230.0,2040.0,False,6760.0,0.0,0.9999999999999976,11,operational,462,0.2836879432624113
0.9772044888345351,0.0227955111654648,0.2783145278597515,0.7216854721402485,360.0,980.0,False,6760.0,0.0,0.9999999999999976,00,operational,463,0.1843971631205673
0.9750230600602152,0.0249769399397846,0.2783145278597515,0.7216854721402485,360.0,1110.0,False,6760.0,0.0,0.9999999999999976,01,operational,463,0.1843971631205673
0.9772044888345351,0.0227955111654648,0.2783145278597515,0.7216854721402485,360.0,980.0,False,6760.0,0.0,0.9999999999999976,10,operational,463,0.1843971631205673
0.9750230600602152,0.0249769399397846,0.2783145278597515,0.7216854721402485,360.0,1110.0,False,6760.0,0.0,0.9999999999999976,11,operational,463,0.1843971631205673
0.5954208392033885,0.4045791607966115,0.8089078393052598,0.1910921606947402,170.0,5960.0,False,6760.0,0.0,0.9999999999999974,00,operational,464,0.6028368794326241
0.5483212900778599,0.4516787099221401,0.8089078393052598,0.1910921606947402,170.0,,True,6760.0,1.0,0.8670355900308698,01,operational,464,0.6028368794326241
0.5736170097123018,0.4263829902876982,0.818978647137772,0.181021352862228,360.0,5960.0,False,6760.0,0.0,0.9999999999999974,10,operational,464,0.6028368794326241
0.2644873004866465,0.7355126995133534,0.818978647137772,0.181021352862228,360.0,,True,6760.0,1.0,0.0507230432006392,11,operational,464,0.6028368794326241
0.7841687797421405,0.2158312202578595,0.6784731980562992,0.3215268019437007,360.0,3750.0,False,6760.0,0.0,0.9999999999999976,00,operational,465,0.3971631205673759
0.752351587163061,0.2476484128369389,0.6784731980562986,0.3215268019437013,360.0,5050.0,False,6760.0,0.0,0.9999999999999976,01,operational,465,0.3971631205673759
0.7674523115659382,0.2325476884340618,0.7171793531890439,0.2828206468109561,360.0,3750.0,False,6760.0,0.0,0.9999999999999976,10,operational,465,0.3971631205673759
0.375032356064855,0.624967643935145,0.7171793531890489,0.282820646810951,360.0,,True,6760.0,1.0,0.3853704955549856,11,operational,465,0.3971631205673759
0.8941871681699401,0.1058128318300598,0.414462674878242,0.5855373251217579,360.0,2900.0,False,6760.0,0.0,0.9999999999999976,00,operational,466,0.4893617021276595
0.8696608092838007,0.1303391907161992,0.414462674878242,0.5855373251217579,360.0,3760.0,False,6760.0,0.0,0.9999999999999976,01,operational,466,0.4893617021276595
0.8888999718809022,0.1111000281190978,0.4421749563211476,0.5578250436788523,360.0,2900.0,False,6760.0,0.0,0.9999999999999976,10,operational,466,0.4893617021276595
0.8566852943171208,0.1433147056828791,0.4421749563211476,0.5578250436788523,360.0,3770.0,False,6760.0,0.0,0.9999999999999976,11,operational,466,0.4893617021276595
0.7313086827807942,0.2686913172192058,0.7732065353225247,0.2267934646774753,360.0,3870.0,False,6760.0,0.0,0.9999999999999976,00,operational,467,0.4113475177304964
0.6627507942125599,0.3372492057874401,0.7732065353225247,0.2267934646774753,360.0,5150.0,False,6760.0,0.0,0.9999999999999976,01,operational,467,0.4113475177304964
0.7251772722439753,0.2748227277560247,0.7841172676847775,0.2158827323152224,360.0,3890.0,False,6760.0,0.0,0.9999999999999976,10,operational,467,0.4113475177304964
0.6847077668252,0.3152922331748,0.7841172676847775,0.2158827323152224,360.0,5040.0,False,6760.0,0.0,0.9999999999999976,11,operational,467,0.4113475177304964
0.914373299443071,0.085626700556929,0.6193008707529525,0.3806991292470475,200.0,2390.0,False,6760.0,0.0,0.9999999999999976,00,operational,468,0.3546099290780142
0.9060801340146668,0.0939198659853333,0.6193008707529525,0.3806991292470475,200.0,2700.0,False,6760.0,0.0,0.9999999999999976,01,operational,468,0.3546099290780142
0.9014799775896776,0.0985200224103223,0.8714044683873416,0.1285955316126583,200.0,2390.0,False,6760.0,0.0,0.9999999999999976,10,operational,468,0.3546099290780142
0.8914187653350639,0.108581234664936,0.8714044683873416,0.1285955316126583,200.0,2780.0,False,6760.0,0.0,0.9999999999999976,11,operational,468,0.3546099290780142
0.8495103801111743,0.1504896198888257,0.5986082463178239,0.401391753682176,360.0,3100.0,False,6760.0,0.0,0.9999999999999976,00,operational,469,0.4113475177304964
0.8339614750309639,0.1660385249690361,0.5986082463178239,0.401391753682176,360.0,3970.0,False,6760.0,0.0,0.9999999999999976,01,operational,469,0.4113475177304964
0.8417958472877274,0.1582041527122726,0.6313339726143623,0.3686660273856377,360.0,3100.0,False,6760.0,0.0,0.9999999999999976,10,operational,469,0.4113475177304964
0.7463199693779232,0.2536800306220768,0.6313339726143623,0.3686660273856377,360.0,,True,6760.0,1.0,0.8462075581561571,11,operational,469,0.4113475177304964
0.9175965748267364,0.0824034251732637,0.5895792313130273,0.4104207686869727,360.0,2050.0,False,6760.0,0.0,0.9999999999999976,00,operational,470,0.3617021276595745
0.9116771702425238,0.0883228297574761,0.5895792313130273,0.4104207686869727,360.0,2390.0,False,6760.0,0.0,0.9999999999999976,01,operational,470,0.3617021276595745
0.9136574611539358,0.0863425388460642,0.6223940910839119,0.3776059089160882,360.0,2050.0,False,6760.0,0.0,0.9999999999999976,10,operational,470,0.3617021276595745
0.904294722234684,0.095705277765316,0.6223940910839119,0.3776059089160882,360.0,2480.0,False,6760.0,0.0,0.9999999999999976,11,operational,470,0.3617021276595745
0.8734560305582667,0.1265439694417333,0.7066598928827297,0.2933401071172704,360.0,2450.0,False,6760.0,0.0,0.9999999999999976,00,operational,471,0.3617021276595745
0.8496222192903609,0.1503777807096391,0.7066598928827297,0.2933401071172704,360.0,3020.0,False,6760.0,0.0,0.9999999999999976,01,operational,471,0.3617021276595745
0.8621876732399976,0.1378123267600024,0.7584245383438077,0.2415754616561922,360.0,2450.0,False,6760.0,0.0,0.9999999999999976,10,operational,471,0.3617021276595745
0.7708107834456388,0.2291892165543612,0.7584245383438077,0.2415754616561922,360.0,,True,6760.0,1.0,0.9317812653019064,11,operational,471,0.3617021276595745
0.8005506035995517,0.1994493964004483,0.7253037793908357,0.2746962206091644,360.0,3620.0,False,6760.0,0.0,0.9999999999999976,00,operational,472,0.4680851063829787
0.775853336142717,0.224146663857283,0.7253037793908357,0.2746962206091644,360.0,4830.0,False,6760.0,0.0,0.9999999999999976,01,operational,472,0.4680851063829787
0.7908140127310809,0.2091859872689191,0.7421610106814824,0.2578389893185176,360.0,3620.0,False,6760.0,0.0,0.9999999999999976,10,operational,472,0.4680851063829787
0.7052464833613028,0.2947535166386972,0.7421610106814824,0.2578389893185176,360.0,,True,6760.0,1.0,0.8461534867332535,11,operational,472,0.4680851063829787
0.8559091507639496,0.1440908492360504,0.6777283902624784,0.3222716097375215,360.0,2830.0,False,6760.0,0.0,0.9999999999999974,00,operational,473,0.4113475177304964
0.8186335506817211,0.1813664493182789,0.6777283902624784,0.3222716097375215,360.0,3830.0,False,6760.0,0.0,0.9999999999999974,01,operational,473,0.4113475177304964
0.8512413998341103,0.1487586001658897,0.6911607891277161,0.308839210872284,360.0,2830.0,False,6760.0,0.0,0.9999999999999974,10,operational,473,0.4113475177304964
0.7602068881954739,0.2397931118045261,0.6911607891277161,0.308839210872284,360.0,,True,6760.0,1.0,0.8893731202250903,11,operational,473,0.4113475177304964
0.9057138145331506,0.0942861854668494,0.4255792307134852,0.5744207692865148,360.0,2350.0,False,6760.0,0.0,0.9999999999999976,00,operational,474,0.3333333333333333
0.8951867050788904,0.1048132949211095,0.4255792307134852,0.5744207692865148,360.0,2730.0,False,6760.0,0.0,0.9999999999999976,01,operational,474,0.3333333333333333
0.9046126532368192,0.0953873467631807,0.425688071742229,0.574311928257771,360.0,2350.0,False,6760.0,0.0,0.9999999999999976,10,operational,474,0.3333333333333333
0.8941737921740265,0.1058262078259735,0.425688071742229,0.574311928257771,360.0,2730.0,False,6760.0,0.0,0.9999999999999976,11,operational,474,0.3333333333333333
0.8857836228050843,0.1142163771949157,0.6255312296510203,0.3744687703489798,360.0,2700.0,False,6760.0,0.0,0.9999999999999976,00,operational,475,0.375886524822695
0.8588187797901293,0.1411812202098706,0.6255312296510203,0.3744687703489798,360.0,3470.0,False,6760.0,0.0,0.9999999999999976,01,operational,475,0.375886524822695
0.8728498102455768,0.1271501897544231,0.8316558365223187,0.1683441634776813,190.0,2700.0,False,6760.0,0.0,0.9999999999999976,10,operational,475,0.375886524822695
0.6242513382163747,0.3757486617836253,0.8316558365223187,0.1683441634776813,190.0,,True,6760.0,1.0,0.6511109436944912,11,operational,475,0.375886524822695
0.7511175497403573,0.2488824502596427,0.7763794505579388,0.2236205494420612,360.0,4030.0,False,6760.0,0.0,0.9999999999999976,00,operational,476,0.4964539007092198
0.727712738691817,0.272287261308183,0.7763794505579388,0.2236205494420612,360.0,5100.0,False,6760.0,0.0,0.9999999999999976,01,operational,476,0.4964539007092198
0.7398619155071164,0.2601380844928835,0.7915570361622458,0.2084429638377541,360.0,4030.0,False,6760.0,0.0,0.9999999999999976,10,operational,476,0.4964539007092198
0.6325380990223236,0.3674619009776764,0.7915570361622458,0.2084429638377541,360.0,,True,6760.0,1.0,0.8087461958770292,11,operational,476,0.4964539007092198
0.8199914284692137,0.1800085715307863,0.6907430387067207,0.3092569612932793,360.0,3120.0,False,6760.0,0.0,0.9999999999999976,00,operational,477,0.375886524822695
0.7983515420405811,0.2016484579594188,0.6907430387067207,0.3092569612932793,360.0,4150.0,False,6760.0,0.0,0.9999999999999976,01,operational,477,0.375886524822695
0.8134270100751996,0.1865729899248004,0.7103277831846473,0.2896722168153527,360.0,3120.0,False,6760.0,0.0,0.9999999999999976,10,operational,477,0.375886524822695
0.7925224796188317,0.2074775203811683,0.7103277831846473,0.2896722168153527,360.0,4070.0,False,6760.0,0.0,0.9999999999999976,11,operational,477,0.375886524822695
0.7653603624278519,0.2346396375721481,0.772769826086502,0.2272301739134979,360.0,3990.0,False,6760.0,0.0,0.9999999999999976,00,operational,478,0.4822695035460992
0.6903515580219279,0.309648441978072,0.772769826086502,0.2272301739134979,360.0,5380.0,False,6760.0,0.0,0.9999999999999976,01,operational,478,0.4822695035460992
0.7493859726625779,0.2506140273374221,0.7933913324964896,0.2066086675035103,360.0,3990.0,False,6760.0,0.0,0.9999999999999976,10,operational,478,0.4822695035460992
0.7063422211275789,0.293657778872421,0.7933913324964896,0.2066086675035103,360.0,,True,6760.0,1.0,0.93178126576305,11,operational,478,0.4822695035460992
0.9271242794250204,0.0728757205749797,0.5963701410249386,0.4036298589750614,360.0,1630.0,False,6760.0,0.0,0.9999999999999976,00,operational,479,0.2695035460992908
0.9224578769262848,0.0775421230737151,0.5963701410249386,0.4036298589750614,360.0,1820.0,False,6760.0,0.0,0.9999999999999976,01,operational,479,0.2695035460992908
0.9255227196311896,0.0744772803688104,0.6011800991747069,0.398819900825293,360.0,1630.0,False,6760.0,0.0,0.9999999999999976,10,operational,479,0.2695035460992908
0.921356579229089,0.078643420770911,0.6011800991747069,0.398819900825293,360.0,1860.0,False,6760.0,0.0,0.9999999999999976,11,operational,479,0.2695035460992908
0.9461708394583984,0.0538291605416015,0.4234678477297212,0.5765321522702788,360.0,1730.0,False,6760.0,0.0,0.9999999999999976,00,operational,480,0.2978723404255319
0.9338896370220444,0.0661103629779554,0.4234678477297212,0.5765321522702788,360.0,2150.0,False,6760.0,0.0,0.9999999999999976,01,operational,480,0.2978723404255319
0.9386115998532304,0.0613884001467696,0.5090637801375508,0.4909362198624491,360.0,1730.0,False,6760.0,0.0,0.9999999999999976,10,operational,480,0.2978723404255319
0.925450950236816,0.0745490497631841,0.5090637801375508,0.4909362198624491,360.0,2200.0,False,6760.0,0.0,0.9999999999999976,11,operational,480,0.2978723404255319
0.836281534514827,0.163718465485173,0.640084894447343,0.3599151055526571,360.0,3200.0,False,6760.0,0.0,0.9999999999999976,00,operational,481,0.4893617021276595
0.8220457546509485,0.1779542453490514,0.640084894447343,0.3599151055526571,360.0,3960.0,False,6760.0,0.0,0.9999999999999976,01,operational,481,0.4893617021276595
0.8302319150651724,0.1697680849348276,0.6580117864223654,0.3419882135776346,360.0,3200.0,False,6760.0,0.0,0.9999999999999976,10,operational,481,0.4893617021276595
0.8123570952092755,0.1876429047907245,0.6580117864223654,0.3419882135776346,360.0,4040.0,False,6760.0,0.0,0.9999999999999976,11,operational,481,0.4893617021276595
0.841096993545909,0.1589030064540909,0.7527453816947693,0.2472546183052307,360.0,2840.0,False,6760.0,0.0,0.9999999999999976,00,operational,482,0.3829787234042553
0.7906481686018665,0.2093518313981335,0.7527453816947693,0.2472546183052307,360.0,3520.0,False,6760.0,0.0,0.9999999999999976,01,operational,482,0.3829787234042553
0.8354335610942991,0.1645664389057008,0.7644983219666535,0.2355016780333466,360.0,2840.0,False,6760.0,0.0,0.9999999999999976,10,operational,482,0.3829787234042553
0.8083421979792887,0.1916578020207112,0.7644983219666535,0.2355016780333466,360.0,3340.0,False,6760.0,0.0,0.9999999999999976,11,operational,482,0.3829787234042553
0.7083765825804975,0.2916234174195025,0.7444080121776537,0.2555919878223462,360.0,4630.0,False,6760.0,0.0,0.9999999999999976,00,operational,483,0.5035460992907801
0.6947025142055336,0.3052974857944663,0.7444080121776537,0.2555919878223462,360.0,6210.0,False,6760.0,0.0,0.9999999999999936,01,operational,483,0.5035460992907801
0.6939271866931925,0.3060728133068074,0.7717642200282305,0.2282357799717694,360.0,4630.0,False,6760.0,0.0,0.9999999999999976,10,operational,483,0.5035460992907801
0.5553932903157988,0.4446067096842012,0.7717642200282305,0.2282357799717694,360.0,,True,6760.0,1.0,0.6473701151331305,11,operational,483,0.5035460992907801
0.7962695036357059,0.203730496364294,0.7270872828272215,0.2729127171727785,360.0,3550.0,False,6760.0,0.0,0.9999999999999976,00,operational,484,0.4539007092198581
0.7412891010259275,0.2587108989740725,0.7270872828272215,0.2729127171727785,360.0,4580.0,False,6760.0,0.0,0.9999999999999976,01,operational,484,0.4539007092198581
0.7942866049703481,0.2057133950296519,0.7299618757962787,0.2700381242037212,360.0,3550.0,False,6760.0,0.0,0.9999999999999976,10,operational,484,0.4539007092198581
0.1622164051493369,0.8377835948506631,0.7299618757962787,0.2700381242037212,360.0,,True,6760.0,1.0,0.0507230432006392,11,operational,484,0.4539007092198581
0.7512397113314402,0.2487602886685598,0.7540289687397169,0.2459710312602831,360.0,4160.0,False,6760.0,0.0,0.9999999999999976,00,operational,485,0.4964539007092198
0.7376244170808799,0.2623755829191201,0.7540289687397169,0.2459710312602831,360.0,5320.0,False,6760.0,0.0,0.9999999999999976,01,operational,485,0.4964539007092198
0.7307459725089185,0.2692540274910815,0.8197047460561154,0.1802952539438845,360.0,4160.0,False,6760.0,0.0,0.9999999999999976,10,operational,485,0.4964539007092198
0.7115795622056705,0.2884204377943294,0.8197047460561154,0.1802952539438845,360.0,5400.0,False,6760.0,0.0,0.9999999999999976,11,operational,485,0.4964539007092198
0.9497945755659796,0.0502054244340205,0.3305919487209452,0.6694080512790548,360.0,1620.0,False,6760.0,0.0,0.9999999999999976,00,operational,486,0.2553191489361702
0.9425800168045514,0.0574199831954486,0.3305919487209452,0.6694080512790548,360.0,1960.0,False,6760.0,0.0,0.9999999999999976,01,operational,486,0.2553191489361702
0.944834462177605,0.0551655378223949,0.395898400744469,0.604101599255531,360.0,1620.0,False,6760.0,0.0,0.9999999999999976,10,operational,486,0.2553191489361702
0.9380548100325256,0.0619451899674744,0.395898400744469,0.604101599255531,360.0,1960.0,False,6760.0,0.0,0.9999999999999976,11,operational,486,0.2553191489361702
0.8444626780875676,0.1555373219124324,0.6321240845666025,0.3678759154333975,360.0,2910.0,False,6760.0,0.0,0.9999999999999976,00,operational,487,0.3829787234042553
0.8212744442909161,0.1787255557090838,0.6321240845666025,0.3678759154333975,360.0,4130.0,False,6760.0,0.0,0.9999999999999976,01,operational,487,0.3829787234042553
0.8416995057559927,0.1583004942440072,0.6456163850996101,0.3543836149003899,360.0,2910.0,False,6760.0,0.0,0.9999999999999976,10,operational,487,0.3829787234042553
0.8258674872828451,0.1741325127171549,0.6456163850996101,0.3543836149003899,360.0,4040.0,False,6760.0,0.0,0.9999999999999976,11,operational,487,0.3829787234042553
0.8278365482486838,0.1721634517513162,0.7202690099073595,0.2797309900926404,360.0,3150.0,False,6760.0,0.0,0.9999999999999974,00,operational,488,0.4113475177304964
0.7919574817685955,0.2080425182314045,0.7202690099073595,0.2797309900926404,360.0,4130.0,False,6760.0,0.0,0.9999999999999974,01,operational,488,0.4113475177304964
0.8208235769915351,0.1791764230084649,0.729222127948866,0.2707778720511339,360.0,3150.0,False,6760.0,0.0,0.9999999999999974,10,operational,488,0.4113475177304964
0.7799853352786379,0.2200146647213621,0.729222127948866,0.2707778720511339,360.0,4170.0,False,6760.0,0.0,0.9999999999999974,11,operational,488,0.4113475177304964
0.8946579797275135,0.1053420202724865,0.5928377177265669,0.407162282273433,360.0,2470.0,False,6760.0,0.0,0.9999999999999976,00,operational,489,0.3404255319148936
0.8854094291445068,0.1145905708554931,0.5928377177265669,0.407162282273433,360.0,2780.0,False,6760.0,0.0,0.9999999999999976,01,operational,489,0.3404255319148936
0.8848646307633096,0.1151353692366904,0.6352040096707225,0.3647959903292775,360.0,2470.0,False,6760.0,0.0,0.9999999999999976,10,operational,489,0.3404255319148936
0.8736062438243248,0.1263937561756751,0.6352040096707225,0.3647959903292775,360.0,2870.0,False,6760.0,0.0,0.9999999999999976,11,operational,489,0.3404255319148936
0.9327282061298172,0.0672717938701829,0.4211044632158811,0.5788955367841189,360.0,1950.0,False,6760.0,0.0,0.9999999999999976,00,operational,490,0.3262411347517731
0.9193315404275826,0.0806684595724174,0.4211044632158811,0.5788955367841189,360.0,2310.0,False,6760.0,0.0,0.9999999999999976,01,operational,490,0.3262411347517731
0.9258613974695736,0.0741386025304262,0.4883434677143647,0.5116565322856352,360.0,1950.0,False,6760.0,0.0,0.9999999999999976,10,operational,490,0.3262411347517731
0.9146753556063716,0.0853246443936283,0.4883434677143647,0.5116565322856352,360.0,2350.0,False,6760.0,0.0,0.9999999999999976,11,operational,490,0.3262411347517731
0.8675990174060576,0.1324009825939424,0.6011232167033311,0.3988767832966688,360.0,2690.0,False,6760.0,0.0,0.9999999999999974,00,operational,491,0.3546099290780142
0.8253159707950272,0.1746840292049728,0.6011232167033311,0.3988767832966688,360.0,3910.0,False,6760.0,0.0,0.9999999999999974,01,operational,491,0.3546099290780142
0.8551919784639563,0.1448080215360436,0.6579231255073864,0.3420768744926136,360.0,2690.0,False,6760.0,0.0,0.9999999999999974,10,operational,491,0.3546099290780142
0.8243522377081395,0.1756477622918605,0.6579231255073864,0.3420768744926136,360.0,3350.0,False,6760.0,0.0,0.9999999999999974,11,operational,491,0.3546099290780142
0.9193157162383264,0.0806842837616736,0.3703607697412547,0.6296392302587452,360.0,2340.0,False,6760.0,0.0,0.9999999999999976,00,operational,492,0.4113475177304964
0.8995547648912239,0.1004452351087761,0.3703607697412547,0.6296392302587452,360.0,2900.0,False,6760.0,0.0,0.9999999999999976,01,operational,492,0.4113475177304964
0.9150552916610216,0.0849447083389783,0.4016431997894669,0.5983568002105331,360.0,2340.0,False,6760.0,0.0,0.9999999999999976,10,operational,492,0.4113475177304964
0.8919479522461109,0.1080520477538891,0.4016431997894669,0.5983568002105331,360.0,2990.0,False,6760.0,0.0,0.9999999999999976,11,operational,492,0.4113475177304964
0.76195815088998,0.23804184911002,0.7361464052076505,0.2638535947923494,360.0,4080.0,False,6760.0,0.0,0.9999999999999976,00,operational,493,0.5319148936170213
0.7290793012448124,0.2709206987551876,0.7361464052076505,0.2638535947923494,360.0,5570.0,False,6760.0,0.0,0.9999999999999976,01,operational,493,0.5319148936170213
0.7546864737407781,0.2453135262592218,0.7655709939204478,0.2344290060795522,360.0,4080.0,False,6760.0,0.0,0.9999999999999976,10,operational,493,0.5319148936170213
0.7031385981772562,0.2968614018227438,0.7655709939204478,0.2344290060795522,360.0,5410.0,False,6760.0,0.0,0.9999999999999976,11,operational,493,0.5319148936170213
0.9649708342515856,0.0350291657484145,0.3163284170618623,0.6836715829381377,360.0,1270.0,False,6760.0,0.0,0.9999999999999976,00,operational,494,0.226950354609929
0.9605575160148426,0.0394424839851573,0.3163284170618623,0.6836715829381377,360.0,1420.0,False,6760.0,0.0,0.9999999999999976,01,operational,494,0.226950354609929
0.9604545750191767,0.0395454249808231,0.3776566396641954,0.6223433603358046,360.0,1270.0,False,6760.0,0.0,0.9999999999999976,10,operational,494,0.226950354609929
0.9534411148765192,0.0465588851234808,0.3776566396641954,0.6223433603358046,360.0,1460.0,False,6760.0,0.0,0.9999999999999976,11,operational,494,0.226950354609929
0.8740164356148549,0.1259835643851451,0.6315867870079706,0.3684132129920295,360.0,2710.0,False,6760.0,0.0,0.9999999999999976,00,operational,495,0.3404255319148936
0.8535655926110851,0.1464344073889149,0.6315867870079706,0.3684132129920295,360.0,3570.0,False,6760.0,0.0,0.9999999999999976,01,operational,495,0.3404255319148936
0.8630520855924453,0.1369479144075547,0.6735923479237046,0.3264076520762954,360.0,2710.0,False,6760.0,0.0,0.9999999999999976,10,operational,495,0.3404255319148936
0.6190453059910817,0.3809546940089183,0.6735923479237046,0.3264076520762954,360.0,,True,6760.0,1.0,0.6511109436944912,11,operational,495,0.3404255319148936
0.9364477747222072,0.0635522252777927,0.531182466582641,0.4688175334173589,360.0,1830.0,False,6760.0,0.0,0.9999999999999976,00,operational,496,0.3262411347517731
0.9303342615143768,0.0696657384856233,0.531182466582641,0.4688175334173589,360.0,2110.0,False,6760.0,0.0,0.9999999999999976,01,operational,496,0.3262411347517731
0.9314418958158605,0.0685581041841395,0.6054521984855362,0.3945478015144638,360.0,1830.0,False,6760.0,0.0,0.9999999999999976,10,operational,496,0.3262411347517731
0.9276035093022408,0.0723964906977591,0.6054521984855362,0.3945478015144638,360.0,2120.0,False,6760.0,0.0,0.9999999999999976,11,operational,496,0.3262411347517731
0.8031165990443823,0.1968834009556177,0.463782941480114,0.536217058519886,360.0,4510.0,False,6760.0,0.0,0.9999999999999974,00,operational,497,0.6028368794326241
0.7483095177900663,0.2516904822099337,0.463782941480114,0.536217058519886,360.0,6010.0,False,6760.0,0.0,0.9999999999999974,01,operational,497,0.6028368794326241
0.7940205446137074,0.2059794553862926,0.4792247230840224,0.5207752769159776,360.0,4510.0,False,6760.0,0.0,0.9999999999999974,10,operational,497,0.6028368794326241
0.5949445617536885,0.4050554382463115,0.4792247230840224,0.5207752769159776,360.0,,True,6760.0,1.0,0.6175524398336523,11,operational,497,0.6028368794326241
0.7007908419126173,0.2992091580873827,0.765614070497286,0.2343859295027139,360.0,4840.0,False,6760.0,0.0,0.9999999999999976,00,operational,498,0.5531914893617021
0.5964948131332783,0.4035051868667216,0.765614070497286,0.2343859295027139,360.0,6460.0,False,6760.0,0.0,0.9999999983890224,01,operational,498,0.5531914893617021
0.6813431727742284,0.3186568272257716,0.7845648567235857,0.2154351432764143,360.0,4840.0,False,6760.0,0.0,0.9999999999999976,10,operational,498,0.5531914893617021
0.6176861678053106,0.3823138321946894,0.7845648567235857,0.2154351432764143,360.0,6600.0,False,6760.0,0.0,0.9999973566486864,11,operational,498,0.5531914893617021
0.9383789755509536,0.0616210244490463,0.5768875855250845,0.4231124144749155,360.0,1690.0,False,6760.0,0.0,0.9999999999999976,00,operational,499,0.2978723404255319
0.9320954946254252,0.0679045053745748,0.5768875855250845,0.4231124144749155,360.0,1990.0,False,6760.0,0.0,0.9999999999999976,01,operational,499,0.2978723404255319
0.9367661740463384,0.0632338259536616,0.5823964616882272,0.4176035383117727,360.0,1690.0,False,6760.0,0.0,0.9999999999999976,10,operational,499,0.2978723404255319
0.9279125466432367,0.0720874533567631,0.5823964616882272,0.4176035383117727,360.0,2060.0,False,6760.0,0.0,0.9999999999999976,11,operational,499,0.2978723404255319
0.96814450917379,0.0318554908262098,0.3292563760591407,0.6707436239408593,360.0,1180.0,False,6760.0,0.0,0.9999999999999976,00,operational,500,0.1843971631205673
0.9667328402735876,0.0332671597264124,0.3292563760591407,0.6707436239408593,360.0,1220.0,False,6760.0,0.0,0.9999999999999976,01,operational,500,0.1843971631205673
0.9611886111022488,0.0388113888977511,0.4260054295920109,0.5739945704079891,360.0,1180.0,False,6760.0,0.0,0.9999999999999976,10,operational,500,0.1843971631205673
0.9060446256461752,0.0939553743538248,0.4260054295920109,0.5739945704079891,360.0,,True,6760.0,1.0,0.9359234878424416,11,operational,500,0.1843971631205673
0.9671849409123312,0.0328150590876687,0.2629179406379324,0.7370820593620676,360.0,1340.0,False,6760.0,0.0,0.9999999999999976,00,operational,501,0.2482269503546099
0.9654752914382312,0.0345247085617689,0.2629179406379324,0.7370820593620676,360.0,1440.0,False,6760.0,0.0,0.9999999999999976,01,operational,501,0.2482269503546099
0.9617658425329156,0.0382341574670844,0.3381535435107219,0.6618464564892781,360.0,1340.0,False,6760.0,0.0,0.9999999999999976,10,operational,501,0.2482269503546099
0.9052673168987472,0.0947326831012529,0.3381535435107219,0.6618464564892781,360.0,,True,6760.0,1.0,0.93178126576305,11,operational,501,0.2482269503546099
0.96131902558378,0.0386809744162198,0.2544677103593387,0.7455322896406613,360.0,1800.0,False,6760.0,0.0,0.9999999999999976,00,operational,502,0.2695035460992908
0.9583097388504032,0.0416902611495968,0.2544677103593387,0.7455322896406613,360.0,1970.0,False,6760.0,0.0,0.9999999999999976,01,operational,502,0.2695035460992908
0.950252186573017,0.0497478134269829,0.3543926485754267,0.6456073514245733,360.0,1800.0,False,6760.0,0.0,0.9999999999999976,10,operational,502,0.2695035460992908
0.9404271025581366,0.0595728974418634,0.3543926485754267,0.6456073514245733,360.0,2030.0,False,6760.0,0.0,0.9999999999999976,11,operational,502,0.2695035460992908
0.9835280248638064,0.0164719751361935,0.1795368771274645,0.8204631228725354,360.0,900.0,False,6760.0,0.0,0.9999999999999976,00,operational,503,0.1560283687943262
0.9833157277632828,0.0166842722367172,0.1795368771274645,0.8204631228725354,360.0,920.0,False,6760.0,0.0,0.9999999999999976,01,operational,503,0.1560283687943262
0.9803690965741264,0.0196309034258735,0.2676646987193064,0.7323353012806936,360.0,900.0,False,6760.0,0.0,0.9999999999999976,10,operational,503,0.1560283687943262
0.9797241974875964,0.0202758025124036,0.2676646987193064,0.7323353012806936,360.0,930.0,False,6760.0,0.0,0.9999999999999976,11,operational,503,0.1560283687943262
0.8432025524112203,0.1567974475887796,0.5322987306242029,0.4677012693757972,360.0,3200.0,False,6760.0,0.0,0.9999999999999976,00,operational,504,0.375886524822695
0.8167814579145135,0.1832185420854865,0.5322987306242029,0.4677012693757972,360.0,4080.0,False,6760.0,0.0,0.9999999999999976,01,operational,504,0.375886524822695
0.8377015640146143,0.1622984359853857,0.5406660263476406,0.4593339736523594,360.0,3200.0,False,6760.0,0.0,0.9999999999999976,10,operational,504,0.375886524822695
0.6810596394879542,0.3189403605120458,0.5406660263476406,0.4593339736523594,360.0,,True,6760.0,1.0,0.7505515843940664,11,operational,504,0.375886524822695
0.9403916064359322,0.0596083935640677,0.3582984786778211,0.6417015213221788,360.0,2190.0,False,6760.0,0.0,0.9999999999999976,00,operational,505,0.3191489361702128
0.9282874592961764,0.0717125407038237,0.3582984786778211,0.6417015213221788,360.0,2730.0,False,6760.0,0.0,0.9999999999999976,01,operational,505,0.3191489361702128
0.9314921007154237,0.0685078992845763,0.4066228360830091,0.5933771639169909,360.0,2190.0,False,6760.0,0.0,0.9999999999999976,10,operational,505,0.3191489361702128
0.922252358842725,0.0777476411572749,0.4066228360830091,0.5933771639169909,360.0,2710.0,False,6760.0,0.0,0.9999999999999976,11,operational,505,0.3191489361702128
0.8943650122355505,0.1056349877644494,0.4035516258437398,0.5964483741562602,360.0,2820.0,False,6760.0,0.0,0.9999999999999976,00,operational,506,0.4397163120567376
0.8790221818078912,0.1209778181921088,0.4035516258437398,0.5964483741562602,360.0,3340.0,False,6760.0,0.0,0.9999999999999976,01,operational,506,0.4397163120567376
0.8854951029930715,0.1145048970069284,0.4442582408590493,0.5557417591409507,360.0,2820.0,False,6760.0,0.0,0.9999999999999976,10,operational,506,0.4397163120567376
0.8635100622408413,0.1364899377591587,0.4442582408590493,0.5557417591409507,360.0,3400.0,False,6760.0,0.0,0.9999999999999976,11,operational,506,0.4397163120567376
0.5866340966353766,0.4133659033646234,0.7583788026869618,0.2416211973130381,360.0,6150.0,False,6760.0,0.0,0.9999999999999974,00,operational,507,0.574468085106383
0.5390184816644787,0.4609815183355212,0.7583788026869618,0.2416211973130381,360.0,,True,6760.0,1.0,0.8546714540745456,01,operational,507,0.574468085106383
0.5679567832289433,0.4320432167710567,0.7746070105163039,0.2253929894836961,360.0,6150.0,False,6760.0,0.0,0.9999999999999974,10,operational,507,0.574468085106383
0.511968572292497,0.4880314277075029,0.7746070105163039,0.2253929894836961,360.0,,True,6760.0,1.0,0.7955986048161633,11,operational,507,0.574468085106383
0.920558037821286,0.0794419621787139,0.7141261145337765,0.2858738854662235,280.0,2440.0,False,6760.0,0.0,0.9999999999999976,00,operational,508,0.3900709219858156
0.9080447019955068,0.0919552980044933,0.7141261145337765,0.2858738854662235,280.0,2950.0,False,6760.0,0.0,0.9999999999999976,01,operational,508,0.3900709219858156
0.9047566746562464,0.0952433253437536,0.9317923097769252,0.0682076902230748,280.0,2440.0,False,6760.0,0.0,0.9999999999999976,10,operational,508,0.3900709219858156
0.8102511001767443,0.1897488998232557,0.9317923097769252,0.0682076902230748,280.0,,True,6760.0,1.0,0.8795710829635183,11,operational,508,0.3900709219858156
0.7063214608317848,0.2936785391682152,0.7667438595060122,0.2332561404939878,360.0,4650.0,False,6760.0,0.0,0.9999999999999976,00,operational,509,0.524822695035461
0.659211199012801,0.340788800987199,0.7667438595060122,0.2332561404939878,360.0,6200.0,False,6760.0,0.0,0.9999999999999948,01,operational,509,0.524822695035461
0.6965600248160281,0.3034399751839719,0.8069668693874792,0.1930331306125207,360.0,4650.0,False,6760.0,0.0,0.9999999999999976,10,operational,509,0.524822695035461
0.6485779453979906,0.3514220546020093,0.8069668693874792,0.1930331306125207,360.0,5980.0,False,6760.0,0.0,0.9999999999999976,11,operational,509,0.524822695035461
0.952222786468321,0.0477772135316789,0.3642790352424024,0.6357209647575975,360.0,1340.0,False,6760.0,0.0,0.9999999999999976,00,operational,510,0.2056737588652482
0.9482396749473728,0.0517603250526271,0.3642790352424024,0.6357209647575975,360.0,1480.0,False,6760.0,0.0,0.9999999999999976,01,operational,510,0.2056737588652482
0.9484631325899584,0.0515368674100417,0.405665431515177,0.594334568484823,360.0,1340.0,False,6760.0,0.0,0.9999999999999976,10,operational,510,0.2056737588652482
0.943359577166264,0.056640422833736,0.405665431515177,0.594334568484823,360.0,1510.0,False,6760.0,0.0,0.9999999999999976,11,operational,510,0.2056737588652482
0.8558454428799159,0.144154557120084,0.764366319130235,0.235633680869765,360.0,2620.0,False,6760.0,0.0,0.9999999999999976,00,operational,511,0.3617021276595745
0.8039392693295956,0.1960607306704044,0.764366319130235,0.235633680869765,360.0,3260.0,False,6760.0,0.0,0.9999999999999976,01,operational,511,0.3617021276595745
0.8448544410992516,0.1551455589007484,0.8252896698327588,0.1747103301672412,360.0,2620.0,False,6760.0,0.0,0.9999999999999976,10,operational,511,0.3617021276595745
0.082484584459093,0.917515415540907,0.8252896698327588,0.1747103301672412,360.0,,True,6760.0,1.0,0.0430744029437233,11,operational,511,0.3617021276595745
0.9490231114788036,0.0509768885211965,0.2770747938612894,0.7229252061387106,360.0,1950.0,False,6760.0,0.0,0.9999999999999976,00,operational,512,0.2624113475177305
0.9309886857665112,0.0690113142334888,0.2770747938612894,0.7229252061387106,360.0,2540.0,False,6760.0,0.0,0.9999999999999976,01,operational,512,0.2624113475177305
0.9333716332684344,0.0666283667315654,0.4173789473494034,0.5826210526505966,360.0,1950.0,False,6760.0,0.0,0.9999999999999976,10,operational,512,0.2624113475177305
0.9307661060135272,0.0692338939864728,0.4173789473494034,0.5826210526505966,360.0,2480.0,False,6760.0,0.0,0.9999999999999976,11,operational,512,0.2624113475177305
0.9133829982241092,0.0866170017758907,0.3662175902439875,0.6337824097560125,360.0,2500.0,False,6760.0,0.0,0.9999999999999976,00,operational,513,0.3900709219858156
0.8859406806224852,0.1140593193775147,0.3662175902439875,0.6337824097560125,360.0,3380.0,False,6760.0,0.0,0.9999999999999976,01,operational,513,0.3900709219858156
0.9058298409496676,0.0941701590503323,0.414626354490506,0.585373645509494,360.0,2500.0,False,6760.0,0.0,0.9999999999999976,10,operational,513,0.3900709219858156
0.8893918502385049,0.1106081497614951,0.414626354490506,0.585373645509494,360.0,3280.0,False,6760.0,0.0,0.9999999999999976,11,operational,513,0.3900709219858156
0.8547905187473955,0.1452094812526044,0.6078293772237306,0.3921706227762694,360.0,2930.0,False,6760.0,0.0,0.9999999999999974,00,operational,514,0.3262411347517731
0.8494222817786946,0.1505777182213054,0.6078293772237306,0.3921706227762694,360.0,3790.0,False,6760.0,0.0,0.9999999999999974,01,operational,514,0.3262411347517731
0.8430770632110567,0.1569229367889433,0.6454803878906542,0.3545196121093458,360.0,2930.0,False,6760.0,0.0,0.9999999999999974,10,operational,514,0.3262411347517731
0.8309052513508061,0.1690947486491939,0.6454803878906542,0.3545196121093458,360.0,3890.0,False,6760.0,0.0,0.9999999999999974,11,operational,514,0.3262411347517731
0.9705549270189294,0.0294450729810705,0.2989561363919816,0.7010438636080184,360.0,1260.0,False,6760.0,0.0,0.9999999999999976,00,operational,515,0.2198581560283688
0.9656865401950196,0.0343134598049803,0.2989561363919816,0.7010438636080184,360.0,1490.0,False,6760.0,0.0,0.9999999999999976,01,operational,515,0.2198581560283688
0.9645651508564688,0.0354348491435313,0.3934507058257622,0.6065492941742378,360.0,1260.0,False,6760.0,0.0,0.9999999999999976,10,operational,515,0.2198581560283688
0.9061298092521086,0.0938701907478913,0.3934507058257622,0.6065492941742378,360.0,,True,6760.0,1.0,0.931781265742762,11,operational,515,0.2198581560283688
0.8382856929338313,0.1617143070661687,0.7058374779031373,0.2941625220968626,360.0,3060.0,False,6760.0,0.0,0.9999999999999976,00,operational,516,0.425531914893617
0.8322979397882713,0.1677020602117287,0.7058374779031373,0.2941625220968626,360.0,3750.0,False,6760.0,0.0,0.9999999999999976,01,operational,516,0.425531914893617
0.8286249610600791,0.1713750389399209,0.7628861527750576,0.2371138472249424,360.0,3060.0,False,6760.0,0.0,0.9999999999999976,10,operational,516,0.425531914893617
0.8244451199441318,0.1755548800558681,0.7628861527750576,0.2371138472249424,360.0,3700.0,False,6760.0,0.0,0.9999999999999976,11,operational,516,0.425531914893617
0.8849267320782935,0.1150732679217064,0.5124326427419603,0.4875673572580396,360.0,2670.0,False,6760.0,0.0,0.9999999999999976,00,operational,517,0.3617021276595745
0.8664239439002923,0.1335760560997076,0.5124326427419603,0.4875673572580396,360.0,3280.0,False,6760.0,0.0,0.9999999999999976,01,operational,517,0.3617021276595745
0.8750387603929257,0.1249612396070742,0.5497806999775718,0.4502193000224281,360.0,2670.0,False,6760.0,0.0,0.9999999999999976,10,operational,517,0.3617021276595745
0.825568093043917,0.174431906956083,0.5497806999775718,0.4502193000224281,360.0,,True,6760.0,1.0,0.931781265742762,11,operational,517,0.3617021276595745
0.9068414526071124,0.0931585473928875,0.3819435788818338,0.6180564211181662,360.0,2640.0,False,6760.0,0.0,0.9999999999999976,00,operational,518,0.3333333333333333
0.8833346965399667,0.1166653034600333,0.3819435788818338,0.6180564211181662,360.0,3310.0,False,6760.0,0.0,0.9999999999999976,01,operational,518,0.3333333333333333
0.8941725470980565,0.1058274529019435,0.4365675939660252,0.5634324060339748,360.0,2640.0,False,6760.0,0.0,0.9999999999999976,10,operational,518,0.3333333333333333
0.8330733400549748,0.1669266599450252,0.4365675939660252,0.5634324060339748,360.0,,True,6760.0,1.0,0.9317812656734458,11,operational,518,0.3333333333333333
0.9308927400696004,0.0691072599303996,0.3962729017530684,0.6037270982469316,360.0,2130.0,False,6760.0,0.0,0.9999999999999976,00,operational,519,0.3333333333333333
0.9151801051011014,0.0848198948988986,0.3962729017530684,0.6037270982469316,360.0,2760.0,False,6760.0,0.0,0.9999999999999976,01,operational,519,0.3333333333333333
0.9252461918230496,0.0747538081769505,0.4255598768372625,0.5744401231627375,360.0,2130.0,False,6760.0,0.0,0.9999999999999976,10,operational,519,0.3333333333333333
0.8577576487383605,0.1422423512616395,0.4255598768372625,0.5744401231627375,360.0,,True,6760.0,1.0,0.9317812653019064,11,operational,519,0.3333333333333333
0.951071891580038,0.0489281084199618,0.3836015424198533,0.6163984575801467,360.0,1560.0,False,6760.0,0.0,0.9999999999999976,00,operational,520,0.2624113475177305
0.9435250035828068,0.0564749964171931,0.3836015424198533,0.6163984575801467,360.0,1840.0,False,6760.0,0.0,0.9999999999999976,01,operational,520,0.2624113475177305
0.9484080766328852,0.0515919233671149,0.4003239969984993,0.5996760030015007,360.0,1560.0,False,6760.0,0.0,0.9999999999999976,10,operational,520,0.2624113475177305
0.9414149558264646,0.0585850441735353,0.4003239969984993,0.5996760030015007,360.0,1860.0,False,6760.0,0.0,0.9999999999999976,11,operational,520,0.2624113475177305
0.9678315975475292,0.0321684024524706,0.462306450233813,0.537693549766187,360.0,1030.0,False,6760.0,0.0,0.9999999999999976,00,operational,521,0.1914893617021276
0.9665667137420924,0.0334332862579075,0.462306450233813,0.537693549766187,360.0,1090.0,False,6760.0,0.0,0.9999999999999976,01,operational,521,0.1914893617021276
0.9656542783370644,0.0343457216629357,0.523708852727075,0.4762911472729249,360.0,1030.0,False,6760.0,0.0,0.9999999999999976,10,operational,521,0.1914893617021276
0.963868356367076,0.0361316436329239,0.523708852727075,0.4762911472729249,360.0,1100.0,False,6760.0,0.0,0.9999999999999976,11,operational,521,0.1914893617021276
0.9839827122902898,0.0160172877097102,0.1701214580458702,0.8298785419541298,360.0,1200.0,False,6760.0,0.0,0.9999999999999976,00,operational,522,0.2340425531914893
0.9839827122902898,0.0160172877097102,0.1701214580458702,0.8298785419541298,360.0,1200.0,False,6760.0,0.0,0.9999999999999976,01,operational,522,0.2340425531914893
0.9805293583128818,0.0194706416871182,0.2377807655127598,0.7622192344872402,360.0,1200.0,False,6760.0,0.0,0.9999999999999976,10,operational,522,0.2340425531914893
0.9805293583128818,0.0194706416871182,0.2377807655127598,0.7622192344872402,360.0,1200.0,False,6760.0,0.0,0.9999999999999976,11,operational,522,0.2340425531914893
0.9692047497657464,0.0307952502342535,0.3317743047082694,0.6682256952917306,360.0,1070.0,False,6760.0,0.0,0.9999999999999976,00,operational,523,0.2340425531914893
0.9689455069661492,0.0310544930338507,0.3317743047082694,0.6682256952917306,360.0,1100.0,False,6760.0,0.0,0.9999999999999976,01,operational,523,0.2340425531914893
0.9681955054027478,0.0318044945972522,0.3615835782392194,0.6384164217607806,360.0,1070.0,False,6760.0,0.0,0.9999999999999976,10,operational,523,0.2340425531914893
0.9676948433772228,0.0323051566227771,0.3615835782392194,0.6384164217607806,360.0,1110.0,False,6760.0,0.0,0.9999999999999976,11,operational,523,0.2340425531914893
0.8111238927829496,0.1888761072170504,0.5205217640594224,0.4794782359405775,360.0,4090.0,False,6760.0,0.0,0.9999999999999976,00,operational,524,0.4893617021276595
0.7456287656700126,0.2543712343299874,0.5205217640594224,0.4794782359405775,360.0,5500.0,False,6760.0,0.0,0.9999999999999976,01,operational,524,0.4893617021276595
0.7966210792824745,0.2033789207175255,0.5440044003463755,0.4559955996536245,360.0,4090.0,False,6760.0,0.0,0.9999999999999976,10,operational,524,0.4893617021276595
0.6470393694176118,0.3529606305823882,0.5440044003463755,0.4559955996536245,360.0,,True,6760.0,1.0,0.7505515843940664,11,operational,524,0.4893617021276595
0.8659117425885101,0.1340882574114899,0.6166955472748246,0.3833044527251754,360.0,2990.0,False,6760.0,0.0,0.9999999999999976,00,operational,525,0.4468085106382978
0.8528112782085717,0.1471887217914282,0.6166955472748246,0.3833044527251754,360.0,3870.0,False,6760.0,0.0,0.9999999999999976,01,operational,525,0.4468085106382978
0.8626091391103018,0.1373908608896982,0.6164299055556193,0.3835700944443806,360.0,2990.0,False,6760.0,0.0,0.9999999999999976,10,operational,525,0.4468085106382978
0.7686286784504186,0.2313713215495814,0.6164299055556193,0.3835700944443806,360.0,,True,6760.0,1.0,0.8505201075624286,11,operational,525,0.4468085106382978
0.8444457386592411,0.1555542613407589,0.6326324727744999,0.3673675272255001,360.0,3070.0,False,6760.0,0.0,0.9999999999999976,00,operational,526,0.3829787234042553
0.828463131531812,0.171536868468188,0.6326324727744999,0.3673675272255001,360.0,3600.0,False,6760.0,0.0,0.9999999999999976,01,operational,526,0.3829787234042553
0.837272929518215,0.162727070481785,0.6479508048923877,0.3520491951076123,360.0,3070.0,False,6760.0,0.0,0.9999999999999976,10,operational,526,0.3829787234042553
0.8196430265075152,0.1803569734924848,0.6479508048923877,0.3520491951076123,360.0,3710.0,False,6760.0,0.0,0.9999999999999976,11,operational,526,0.3829787234042553
0.8651118542470597,0.1348881457529402,0.6471045106746856,0.3528954893253144,360.0,2590.0,False,6760.0,0.0,0.9999999999999976,00,operational,527,0.3333333333333333
0.8303549457131677,0.1696450542868323,0.6471045106746856,0.3528954893253144,360.0,3530.0,False,6760.0,0.0,0.9999999999999976,01,operational,527,0.3333333333333333
0.8588498913472803,0.1411501086527197,0.673247361230387,0.326752638769613,360.0,2590.0,False,6760.0,0.0,0.9999999999999976,10,operational,527,0.3333333333333333
0.6703585779897379,0.3296414220102621,0.673247361230387,0.326752638769613,360.0,,True,6760.0,1.0,0.7505515843940664,11,operational,527,0.3333333333333333
0.9450508554474047,0.0549491445525951,0.3679320554075147,0.6320679445924853,360.0,1820.0,False,6760.0,0.0,0.9999999999999976,00,operational,528,0.3049645390070922
0.931917885724316,0.0680821142756841,0.3679320554075147,0.6320679445924853,360.0,2180.0,False,6760.0,0.0,0.9999999999999976,01,operational,528,0.3049645390070922
0.9419881266316652,0.0580118733683348,0.4110564567336041,0.5889435432663959,360.0,1820.0,False,6760.0,0.0,0.9999999999999976,10,operational,528,0.3049645390070922
0.9313279361031072,0.0686720638968927,0.4110564567336041,0.5889435432663959,360.0,2160.0,False,6760.0,0.0,0.9999999999999976,11,operational,528,0.3049645390070922
0.8106788820285189,0.1893211179714811,0.7070725966640435,0.2929274033359564,210.0,3690.0,False,6760.0,0.0,0.9999999999999976,00,operational,529,0.4822695035460992
0.7649324902019431,0.2350675097980569,0.7070725966640435,0.2929274033359564,210.0,4610.0,False,6760.0,0.0,0.9999999999999976,01,operational,529,0.4822695035460992
0.7992823990768538,0.2007176009231461,0.8589885408293657,0.1410114591706343,210.0,3690.0,False,6760.0,0.0,0.9999999999999976,10,operational,529,0.4822695035460992
0.7545945184558152,0.2454054815441848,0.8589885408293657,0.1410114591706343,210.0,4530.0,False,6760.0,0.0,0.9999999999999976,11,operational,529,0.4822695035460992
0.9283805221558488,0.0716194778441511,0.5087285783687804,0.4912714216312196,360.0,1990.0,False,6760.0,0.0,0.9999999999999976,00,operational,530,0.2907801418439716
0.9133879235028692,0.0866120764971307,0.5087285783687804,0.4912714216312196,360.0,2410.0,False,6760.0,0.0,0.9999999999999976,01,operational,530,0.2907801418439716
0.916638311894232,0.083361688105768,0.6259046688407204,0.3740953311592795,360.0,1990.0,False,6760.0,0.0,0.9999999999999976,10,operational,530,0.2907801418439716
0.1243789601874318,0.8756210398125681,0.6259046688407204,0.3740953311592795,360.0,,True,6760.0,1.0,0.0507230432006392,11,operational,530,0.2907801418439716
0.7707099968432398,0.2292900031567601,0.7410587132791242,0.2589412867208757,360.0,3920.0,False,6760.0,0.0,0.9999999999999976,00,operational,531,0.475177304964539
0.6856373672110159,0.3143626327889841,0.7410587132791242,0.2589412867208757,360.0,5410.0,False,6760.0,0.0,0.9999999999999976,01,operational,531,0.475177304964539
0.7569527510710814,0.2430472489289186,0.7773976308886713,0.2226023691113287,360.0,3920.0,False,6760.0,0.0,0.9999999999999976,10,operational,531,0.475177304964539
0.5716097250726856,0.4283902749273144,0.7773976308886713,0.2226023691113287,360.0,,True,6760.0,1.0,0.8067236963797969,11,operational,531,0.475177304964539
0.882614509468478,0.117385490531522,0.6261104061207265,0.3738895938792735,360.0,2490.0,False,6760.0,0.0,0.9999999999999976,00,operational,532,0.3617021276595745
0.8676849179142333,0.1323150820857667,0.6261104061207265,0.3738895938792735,360.0,3010.0,False,6760.0,0.0,0.9999999999999976,01,operational,532,0.3617021276595745
0.8785346604329214,0.1214653395670786,0.6408343553968192,0.3591656446031807,360.0,2490.0,False,6760.0,0.0,0.9999999999999976,10,operational,532,0.3617021276595745
0.8635977140957948,0.1364022859042052,0.6408343553968192,0.3591656446031807,360.0,3100.0,False,6760.0,0.0,0.9999999999999976,11,operational,532,0.3617021276595745
0.9239399328307142,0.0760600671692858,0.304226702620733,0.695773297379267,360.0,2620.0,False,6760.0,0.0,0.9999999999999976,00,operational,533,0.3475177304964539
0.899374463692594,0.100625536307406,0.304226702620733,0.695773297379267,360.0,3590.0,False,6760.0,0.0,0.9999999999999976,01,operational,533,0.3475177304964539
0.9094978230616207,0.0905021769383792,0.3838573621095348,0.6161426378904652,360.0,2620.0,False,6760.0,0.0,0.9999999999999976,10,operational,533,0.3475177304964539
0.7764110622143484,0.2235889377856516,0.3838573621095348,0.6161426378904652,360.0,,True,6760.0,1.0,0.8325521758208541,11,operational,533,0.3475177304964539
0.7439160309684961,0.2560839690315039,0.7640855700600163,0.2359144299399836,360.0,4120.0,False,6760.0,0.0,0.9999999999999976,00,operational,534,0.4964539007092198
0.6673108936379633,0.3326891063620367,0.7640855700600163,0.2359144299399836,360.0,5570.0,False,6760.0,0.0,0.9999999999999976,01,operational,534,0.4964539007092198
0.7376793502865533,0.2623206497134467,0.7794002402679532,0.2205997597320467,360.0,4120.0,False,6760.0,0.0,0.9999999999999976,10,operational,534,0.4964539007092198
0.5858585493756572,0.4141414506243428,0.7794002402679532,0.2205997597320467,360.0,,True,6760.0,1.0,0.7505515843940664,11,operational,534,0.4964539007092198
0.9467652643221652,0.0532347356778346,0.5051101725457036,0.4948898274542964,360.0,1660.0,False,6760.0,0.0,0.9999999999999976,00,operational,535,0.2978723404255319
0.9388622038898392,0.0611377961101606,0.5051101725457036,0.4948898274542964,360.0,1900.0,False,6760.0,0.0,0.9999999999999976,01,operational,535,0.2978723404255319
0.94128558163955,0.0587144183604499,0.5634993872104397,0.4365006127895603,360.0,1660.0,False,6760.0,0.0,0.9999999999999976,10,operational,535,0.2978723404255319
0.8864477767490117,0.1135522232509883,0.5634993872104397,0.4365006127895603,360.0,,True,6760.0,1.0,0.931781265742762,11,operational,535,0.2978723404255319
0.9319614467542324,0.0680385532457675,0.595809967881207,0.4041900321187929,360.0,1610.0,False,6760.0,0.0,0.9999999999999976,00,operational,536,0.2624113475177305
0.9291686790773463,0.0708313209226536,0.595809967881207,0.4041900321187929,360.0,1830.0,False,6760.0,0.0,0.9999999999999976,01,operational,536,0.2624113475177305
0.9294911536438932,0.0705088463561067,0.6105631894160974,0.3894368105839025,360.0,1610.0,False,6760.0,0.0,0.9999999999999976,10,operational,536,0.2624113475177305
0.925106176035478,0.074893823964522,0.6105631894160974,0.3894368105839025,360.0,1870.0,False,6760.0,0.0,0.9999999999999976,11,operational,536,0.2624113475177305
0.6816645051224254,0.3183354948775746,0.7512533292522563,0.2487466707477436,360.0,5070.0,False,6760.0,0.0,0.9999999999999974,00,operational,537,0.5815602836879432
0.5980003814732149,0.4019996185267851,0.7512533292522563,0.2487466707477437,360.0,6550.0,False,6760.0,0.0,0.9999998527999324,01,operational,537,0.5815602836879432
0.6628043707105461,0.3371956292894539,0.7799695576570345,0.2200304423429656,360.0,5070.0,False,6760.0,0.0,0.9999999999999974,10,operational,537,0.5815602836879432
0.381322144828797,0.618677855171203,0.7799695576570345,0.2200304423429656,360.0,,True,6760.0,1.0,0.4607538242413189,11,operational,537,0.5815602836879432
0.8933804347138676,0.1066195652861323,0.4748863779560621,0.5251136220439379,360.0,2800.0,False,6760.0,0.0,0.9999999999999976,00,operational,538,0.4893617021276595
0.8759973031025895,0.1240026968974105,0.4748863779560621,0.5251136220439379,360.0,3500.0,False,6760.0,0.0,0.9999999999999976,01,operational,538,0.4893617021276595
0.8905675699688759,0.1094324300311241,0.4808685925735068,0.5191314074264932,360.0,2800.0,False,6760.0,0.0,0.9999999999999976,10,operational,538,0.4893617021276595
0.8737004518986905,0.1262995481013095,0.4808685925735068,0.5191314074264932,360.0,3520.0,False,6760.0,0.0,0.9999999999999976,11,operational,538,0.4893617021276595
0.9664743974705078,0.0335256025294922,0.3124654030763616,0.6875345969236384,360.0,1240.0,False,6760.0,0.0,0.9999999999999976,00,operational,539,0.2127659574468085
0.9632970524425678,0.0367029475574322,0.3124654030763616,0.6875345969236384,360.0,1380.0,False,6760.0,0.0,0.9999999999999976,01,operational,539,0.2127659574468085
0.9618263076726736,0.0381736923273263,0.4100765355884315,0.5899234644115685,360.0,1240.0,False,6760.0,0.0,0.9999999999999976,10,operational,539,0.2127659574468085
0.9573655591565972,0.0426344408434028,0.4100765355884315,0.5899234644115685,360.0,1390.0,False,6760.0,0.0,0.9999999999999976,11,operational,539,0.2127659574468085
0.8892640989849304,0.1107359010150695,0.6112518494987593,0.3887481505012407,360.0,2340.0,False,6760.0,0.0,0.9999999999999976,00,operational,540,0.3404255319148936
0.8783082011781943,0.1216917988218057,0.6112518494987593,0.3887481505012407,360.0,2760.0,False,6760.0,0.0,0.9999999999999976,01,operational,540,0.3404255319148936
0.8847057975303313,0.1152942024696687,0.6301372327965753,0.3698627672034247,360.0,2340.0,False,6760.0,0.0,0.9999999999999976,10,operational,540,0.3404255319148936
0.8712341653444882,0.1287658346555118,0.6301372327965753,0.3698627672034247,360.0,2820.0,False,6760.0,0.0,0.9999999999999976,11,operational,540,0.3404255319148936
0.9396610951434874,0.0603389048565126,0.5722776380275756,0.4277223619724244,360.0,1480.0,False,6760.0,0.0,0.9999999999999976,00,operational,541,0.2553191489361702
0.9269461313837234,0.0730538686162766,0.5722776380275756,0.4277223619724244,360.0,1750.0,False,6760.0,0.0,0.9999999999999976,01,operational,541,0.2553191489361702
0.9346888419705592,0.0653111580294407,0.6433960229606357,0.3566039770393643,360.0,1480.0,False,6760.0,0.0,0.9999999999999976,10,operational,541,0.2553191489361702
0.9306189389891212,0.0693810610108789,0.6433960229606357,0.3566039770393643,360.0,1750.0,False,6760.0,0.0,0.9999999999999976,11,operational,541,0.2553191489361702
0.8686315873164626,0.1313684126835373,0.5291260069462549,0.470873993053745,360.0,2880.0,False,6760.0,0.0,0.9999999999999974,00,operational,542,0.3404255319148936
0.8561965585485516,0.1438034414514484,0.5291260069462549,0.470873993053745,360.0,3290.0,False,6760.0,0.0,0.9999999999999974,01,operational,542,0.3404255319148936
0.867152249693653,0.132847750306347,0.5292570510601974,0.4707429489398026,360.0,2880.0,False,6760.0,0.0,0.9999999999999974,10,operational,542,0.3404255319148936
0.8551930718338341,0.1448069281661659,0.5292570510601974,0.4707429489398026,360.0,3290.0,False,6760.0,0.0,0.9999999999999974,11,operational,542,0.3404255319148936
0.8996478557148582,0.1003521442851418,0.5941829080606622,0.4058170919393378,360.0,2000.0,False,6760.0,0.0,0.9999999999999976,00,operational,543,0.226950354609929
0.8757820876574763,0.1242179123425236,0.5941829080606622,0.4058170919393378,360.0,2600.0,False,6760.0,0.0,0.9999999999999976,01,operational,543,0.226950354609929
0.8946908363775944,0.1053091636224056,0.6148838722651695,0.3851161277348305,360.0,2000.0,False,6760.0,0.0,0.9999999999999976,10,operational,543,0.226950354609929
0.0996627484091877,0.9003372515908122,0.6148838722651695,0.3851161277348305,360.0,,True,6760.0,1.0,0.0515580736061966,11,operational,543,0.226950354609929
0.8315839620960541,0.1684160379039458,0.6492212414224444,0.3507787585775556,360.0,3050.0,False,6760.0,0.0,0.9999999999999976,00,operational,544,0.375886524822695
0.8028750189813413,0.1971249810186587,0.6492212414224444,0.3507787585775556,360.0,4100.0,False,6760.0,0.0,0.9999999999999976,01,operational,544,0.375886524822695
0.8276678669192035,0.1723321330807965,0.6651711386741407,0.3348288613258593,360.0,3050.0,False,6760.0,0.0,0.9999999999999976,10,operational,544,0.375886524822695
0.7978078700133817,0.2021921299866182,0.6651711386741407,0.3348288613258593,360.0,4100.0,False,6760.0,0.0,0.9999999999999976,11,operational,544,0.375886524822695
0.9178383309952004,0.0821616690047997,0.5505204006134377,0.4494795993865624,360.0,2030.0,False,6760.0,0.0,0.9999999999999976,00,operational,545,0.3120567375886525
0.903909491630837,0.096090508369163,0.5505204006134377,0.4494795993865624,360.0,2340.0,False,6760.0,0.0,0.9999999999999976,01,operational,545,0.3120567375886525
0.9101457622428591,0.0898542377571408,0.608683113865697,0.391316886134303,360.0,2030.0,False,6760.0,0.0,0.9999999999999976,10,operational,545,0.3120567375886525
0.903126439943826,0.0968735600561738,0.608683113865697,0.391316886134303,360.0,2390.0,False,6760.0,0.0,0.9999999999999976,11,operational,545,0.3120567375886525
0.9526376619036092,0.0473623380963906,0.3958071413133178,0.6041928586866822,360.0,1550.0,False,6760.0,0.0,0.9999999999999976,00,operational,546,0.2695035460992908
0.9471365081305464,0.0528634918694534,0.3958071413133178,0.6041928586866822,360.0,1800.0,False,6760.0,0.0,0.9999999999999976,01,operational,546,0.2695035460992908
0.9458784562059526,0.0541215437940474,0.5084701744766114,0.4915298255233887,360.0,1550.0,False,6760.0,0.0,0.9999999999999976,10,operational,546,0.2695035460992908
0.939704445805182,0.0602955541948181,0.5084701744766112,0.4915298255233887,360.0,1800.0,False,6760.0,0.0,0.9999999999999976,11,operational,546,0.2695035460992908
0.8015217040315666,0.1984782959684333,0.7312323988145155,0.2687676011854845,360.0,3450.0,False,6760.0,0.0,0.9999999999999974,00,operational,547,0.4113475177304964
0.7689344360485787,0.2310655639514213,0.7312323988145155,0.2687676011854845,360.0,4220.0,False,6760.0,0.0,0.9999999999999974,01,operational,547,0.4113475177304964
0.7892483979776488,0.2107516020223512,0.7759064681775779,0.2240935318224221,360.0,3450.0,False,6760.0,0.0,0.9999999999999974,10,operational,547,0.4113475177304964
0.1462141498871829,0.853785850112817,0.7759064681775779,0.2240935318224221,360.0,,True,6760.0,1.0,0.0573586490545674,11,operational,547,0.4113475177304964
0.916319068597696,0.0836809314023041,0.578897075764119,0.4211029242358811,360.0,2080.0,False,6760.0,0.0,0.9999999999999976,00,operational,548,0.3475177304964539
0.9104125832537108,0.0895874167462893,0.578897075764119,0.4211029242358811,360.0,2360.0,False,6760.0,0.0,0.9999999999999976,01,operational,548,0.3475177304964539
0.9073806895744808,0.0926193104255193,0.6701499833038783,0.3298500166961217,360.0,2080.0,False,6760.0,0.0,0.9999999999999976,10,operational,548,0.3475177304964539
0.8262117680069917,0.1737882319930083,0.6701499833038783,0.3298500166961217,360.0,,True,6760.0,1.0,0.8893731202453783,11,operational,548,0.3475177304964539
0.8831767012117469,0.1168232987882531,0.6617659022026099,0.3382340977973901,360.0,2430.0,False,6760.0,0.0,0.9999999999999976,00,operational,549,0.3475177304964539
0.8674204180998589,0.132579581900141,0.6617659022026099,0.3382340977973901,360.0,2880.0,False,6760.0,0.0,0.9999999999999976,01,operational,549,0.3475177304964539
0.8726278369488604,0.1273721630511396,0.7202113037079625,0.2797886962920375,360.0,2430.0,False,6760.0,0.0,0.9999999999999976,10,operational,549,0.3475177304964539
0.8586800943522698,0.1413199056477302,0.7202113037079625,0.2797886962920375,360.0,2900.0,False,6760.0,0.0,0.9999999999999976,11,operational,549,0.3475177304964539
0.93676589439913,0.0632341056008699,0.4801101793013826,0.5198898206986173,360.0,1600.0,False,6760.0,0.0,0.9999999999999976,00,operational,550,0.2624113475177305
0.935438311748252,0.0645616882517481,0.4801101793013826,0.5198898206986173,360.0,1680.0,False,6760.0,0.0,0.9999999999999976,01,operational,550,0.2624113475177305
0.9360070315294616,0.0639929684705384,0.4801101793013826,0.5198898206986173,360.0,1600.0,False,6760.0,0.0,0.9999999999999976,10,operational,550,0.2624113475177305
0.9346794488785832,0.0653205511214166,0.4801101793013826,0.5198898206986173,360.0,1680.0,False,6760.0,0.0,0.9999999999999976,11,operational,550,0.2624113475177305
0.8239228399967953,0.1760771600032047,0.7379899160497758,0.2620100839502242,360.0,3390.0,False,6760.0,0.0,0.9999999999999976,00,operational,551,0.4964539007092198
0.7659112291196539,0.234088770880346,0.7379899160497758,0.2620100839502242,360.0,4410.0,False,6760.0,0.0,0.9999999999999976,01,operational,551,0.4964539007092198
0.8176996732399635,0.1823003267600365,0.74956619820856,0.25043380179144,360.0,3390.0,False,6760.0,0.0,0.9999999999999976,10,operational,551,0.4964539007092198
0.7871291729792078,0.2128708270207921,0.74956619820856,0.25043380179144,360.0,4340.0,False,6760.0,0.0,0.9999999999999976,11,operational,551,0.4964539007092198
0.9200462387500388,0.0799537612499611,0.4164684923986054,0.5835315076013946,360.0,2330.0,False,6760.0,0.0,0.9999999999999974,00,operational,552,0.3475177304964539
0.900275917466472,0.099724082533528,0.4164684923986054,0.5835315076013946,360.0,2890.0,False,6760.0,0.0,0.9999999999999974,01,operational,552,0.3475177304964539
0.9127929284874536,0.0872070715125464,0.4614965457599841,0.5385034542400159,360.0,2330.0,False,6760.0,0.0,0.9999999999999974,10,operational,552,0.3475177304964539
0.8170293405851698,0.1829706594148301,0.4614965457599841,0.5385034542400159,360.0,,True,6760.0,1.0,0.8893731197842348,11,operational,552,0.3475177304964539
0.907237671648488,0.0927623283515121,0.5655568230064304,0.4344431769935696,360.0,2200.0,False,6760.0,0.0,0.9999999999999976,00,operational,553,0.3262411347517731
0.8979223171326894,0.1020776828673105,0.5655568230064304,0.4344431769935696,360.0,2830.0,False,6760.0,0.0,0.9999999999999976,01,operational,553,0.3262411347517731
0.899961119117128,0.100038880882872,0.6116868767134997,0.3883131232865003,360.0,2200.0,False,6760.0,0.0,0.9999999999999976,10,operational,553,0.3262411347517731
0.8865790425576369,0.1134209574423631,0.6116868767134997,0.3883131232865003,360.0,2840.0,False,6760.0,0.0,0.9999999999999976,11,operational,553,0.3262411347517731
0.8861377384138331,0.1138622615861668,0.4829083964408642,0.5170916035591357,360.0,2680.0,False,6760.0,0.0,0.9999999999999976,00,operational,554,0.3829787234042553
0.859264570682206,0.140735429317794,0.4829083964408642,0.5170916035591357,360.0,3500.0,False,6760.0,0.0,0.9999999999999976,01,operational,554,0.3829787234042553
0.8779170970064577,0.1220829029935423,0.5317951014585716,0.4682048985414285,360.0,2680.0,False,6760.0,0.0,0.9999999999999976,10,operational,554,0.3829787234042553
0.8547071420410421,0.1452928579589578,0.5317951014585715,0.4682048985414285,360.0,3400.0,False,6760.0,0.0,0.9999999999999976,11,operational,554,0.3829787234042553
0.929357530201839,0.070642469798161,0.4576856420159229,0.5423143579840771,360.0,2100.0,False,6760.0,0.0,0.9999999999999976,00,operational,555,0.3475177304964539
0.9202515143692784,0.0797484856307216,0.4576856420159229,0.5423143579840771,360.0,2390.0,False,6760.0,0.0,0.9999999999999976,01,operational,555,0.3475177304964539
0.9223892090315896,0.0776107909684102,0.5363258787699654,0.4636741212300345,360.0,2100.0,False,6760.0,0.0,0.9999999999999976,10,operational,555,0.3475177304964539
0.9161640500841626,0.0838359499158374,0.5363258787699654,0.4636741212300345,360.0,2380.0,False,6760.0,0.0,0.9999999999999976,11,operational,555,0.3475177304964539
0.9249151774933516,0.0750848225066485,0.4707811217381511,0.5292188782618489,360.0,1880.0,False,6760.0,0.0,0.9999999999999976,00,operational,556,0.3049645390070922
0.915413803854919,0.084586196145081,0.4707811217381511,0.5292188782618489,360.0,2240.0,False,6760.0,0.0,0.9999999999999976,01,operational,556,0.3049645390070922
0.9211329876600352,0.0788670123399648,0.4915263375933375,0.5084736624066625,360.0,1880.0,False,6760.0,0.0,0.9999999999999976,10,operational,556,0.3049645390070922
0.9125278798513,0.0874721201487001,0.4915263375933375,0.5084736624066625,360.0,2240.0,False,6760.0,0.0,0.9999999999999976,11,operational,556,0.3049645390070922
0.9213549516293364,0.0786450483706635,0.5843511086589226,0.4156488913410774,360.0,1830.0,False,6760.0,0.0,0.9999999999999976,00,operational,557,0.2765957446808511
0.917757163273344,0.0822428367266561,0.5843511086589226,0.4156488913410774,360.0,2020.0,False,6760.0,0.0,0.9999999999999976,01,operational,557,0.2765957446808511
0.9164829489355872,0.0835170510644128,0.6274383671136436,0.3725616328863563,360.0,1830.0,False,6760.0,0.0,0.9999999999999976,10,operational,557,0.2765957446808511
0.9131601749620668,0.0868398250379333,0.6274383671136436,0.3725616328863563,360.0,2030.0,False,6760.0,0.0,0.9999999999999976,11,operational,557,0.2765957446808511
0.8646909959419027,0.1353090040580973,0.5916412490340464,0.4083587509659536,360.0,2750.0,False,6760.0,0.0,0.9999999999999976,00,operational,558,0.3617021276595745
0.8432013198858063,0.1567986801141937,0.5916412490340464,0.4083587509659536,360.0,3650.0,False,6760.0,0.0,0.9999999999999976,01,operational,558,0.3617021276595745
0.859734162184686,0.140265837815314,0.6190553271801564,0.3809446728198436,360.0,2750.0,False,6760.0,0.0,0.9999999999999976,10,operational,558,0.3617021276595745
0.8313751938766771,0.1686248061233228,0.6190553271801564,0.3809446728198435,360.0,3730.0,False,6760.0,0.0,0.9999999999999976,11,operational,558,0.3617021276595745
0.8815285313951872,0.1184714686048128,0.6160021818277559,0.3839978181722441,360.0,2460.0,False,6760.0,0.0,0.9999999999999976,00,operational,559,0.3191489361702128
0.870639702181454,0.1293602978185459,0.6160021818277559,0.3839978181722441,360.0,3290.0,False,6760.0,0.0,0.9999999999999976,01,operational,559,0.3191489361702128
0.8773593888744284,0.1226406111255715,0.6308681800987017,0.3691318199012982,360.0,2460.0,False,6760.0,0.0,0.9999999999999976,10,operational,559,0.3191489361702128
0.7027937405582384,0.2972062594417616,0.6308681800987017,0.3691318199012982,360.0,,True,6760.0,1.0,0.7505515843940664,11,operational,559,0.3191489361702128
0.8903151093248353,0.1096848906751647,0.6132703792744989,0.3867296207255011,360.0,2680.0,False,6760.0,0.0,0.9999999999999976,00,operational,560,0.4326241134751773
0.8643116288403977,0.1356883711596023,0.6132703792744989,0.3867296207255011,360.0,3190.0,False,6760.0,0.0,0.9999999999999976,01,operational,560,0.4326241134751773
0.8704617129511756,0.1295382870488244,0.7485568754461506,0.2514431245538494,360.0,2680.0,False,6760.0,0.0,0.9999999999999976,10,operational,560,0.4326241134751773
0.8544777372599817,0.1455222627400183,0.7485568754461506,0.2514431245538494,360.0,3270.0,False,6760.0,0.0,0.9999999999999976,11,operational,560,0.4326241134751773
0.711365321958438,0.2886346780415619,0.6424835610274826,0.3575164389725174,360.0,5010.0,False,6760.0,0.0,0.9999999999999976,00,operational,561,0.524822695035461
0.6621323549567172,0.3378676450432828,0.6424835610274826,0.3575164389725174,360.0,,True,6760.0,1.0,0.9596833632518414,01,operational,561,0.524822695035461
0.6893571212168361,0.3106428787831639,0.6883527162770989,0.311647283722901,360.0,5010.0,False,6760.0,0.0,0.9999999999999976,10,operational,561,0.524822695035461
0.5869048229197193,0.4130951770802806,0.6883527162770989,0.311647283722901,360.0,,True,6760.0,1.0,0.7717890050583598,11,operational,561,0.524822695035461
0.912021309714402,0.0879786902855981,0.5942042350047789,0.4057957649952211,360.0,2000.0,False,6760.0,0.0,0.9999999999999976,00,operational,562,0.2907801418439716
0.8944860260544266,0.1055139739455733,0.5942042350047789,0.4057957649952211,360.0,2600.0,False,6760.0,0.0,0.9999999999999976,01,operational,562,0.2907801418439716
0.9053952388478388,0.0946047611521613,0.6260768381674584,0.3739231618325415,360.0,2000.0,False,6760.0,0.0,0.9999999999999976,10,operational,562,0.2907801418439716
0.8393876492053183,0.1606123507946817,0.6260768381674584,0.3739231618325415,360.0,,True,6760.0,1.0,0.9317812653019064,11,operational,562,0.2907801418439716
0.9343183829078442,0.0656816170921558,0.5978152361952185,0.4021847638047816,360.0,1670.0,False,6760.0,0.0,0.9999999999999976,00,operational,563,0.2411347517730496
0.9212344934425803,0.0787655065574196,0.5978152361952185,0.4021847638047816,360.0,2070.0,False,6760.0,0.0,0.9999999999999976,01,operational,563,0.2411347517730496
0.9244163342618352,0.0755836657381647,0.6959246498864602,0.3040753501135398,360.0,1670.0,False,6760.0,0.0,0.9999999999999976,10,operational,563,0.2411347517730496
0.913286278066006,0.0867137219339939,0.6959246498864602,0.3040753501135398,360.0,2080.0,False,6760.0,0.0,0.9999999999999976,11,operational,563,0.2411347517730496
0.810016265404848,0.189983734595152,0.7004115610099921,0.2995884389900078,360.0,3430.0,False,6760.0,0.0,0.9999999999999976,00,operational,564,0.4539007092198581
0.7909680843466784,0.2090319156533215,0.7004115610099921,0.2995884389900078,360.0,4470.0,False,6760.0,0.0,0.9999999999999976,01,operational,564,0.4539007092198581
0.8030790825711905,0.1969209174288094,0.7158756880824504,0.2841243119175495,360.0,3430.0,False,6760.0,0.0,0.9999999999999976,10,operational,564,0.4539007092198581
0.7825041840035766,0.2174958159964234,0.7158756880824504,0.2841243119175495,360.0,4530.0,False,6760.0,0.0,0.9999999999999976,11,operational,564,0.4539007092198581
0.7416830073736788,0.2583169926263212,0.7374120990861797,0.2625879009138203,360.0,4270.0,False,6760.0,0.0,0.9999999999999976,00,operational,565,0.4964539007092198
0.6888107170170467,0.3111892829829533,0.7374120990861797,0.2625879009138203,360.0,5560.0,False,6760.0,0.0,0.9999999999999976,01,operational,565,0.4964539007092198
0.7323788911485036,0.2676211088514963,0.8811682606193283,0.1188317393806717,180.0,4270.0,False,6760.0,0.0,0.9999999999999976,10,operational,565,0.4964539007092198
0.6297447741992293,0.3702552258007707,0.8811682606193283,0.1188317393806717,180.0,,True,6760.0,1.0,0.8087461958770292,11,operational,565,0.4964539007092198
0.957566284070313,0.042433715929687,0.3253400862640125,0.6746599137359874,360.0,1410.0,False,6760.0,0.0,0.9999999999999976,00,operational,566,0.2056737588652482
0.952075149348397,0.047924850651603,0.3253400862640125,0.6746599137359874,360.0,1680.0,False,6760.0,0.0,0.9999999999999976,01,operational,566,0.2056737588652482
0.9539598585121488,0.0460401414878511,0.3508234763116236,0.6491765236883764,360.0,1410.0,False,6760.0,0.0,0.9999999999999976,10,operational,566,0.2056737588652482
0.9483944579107232,0.0516055420892769,0.3508234763116236,0.6491765236883764,360.0,1730.0,False,6760.0,0.0,0.9999999999999976,11,operational,566,0.2056737588652482
0.9425209306783662,0.0574790693216338,0.5201927885702997,0.4798072114297003,360.0,1620.0,False,6760.0,0.0,0.9999999999999976,00,operational,567,0.2765957446808511
0.9397481487509558,0.0602518512490442,0.5201927885702997,0.4798072114297003,360.0,1740.0,False,6760.0,0.0,0.9999999999999976,01,operational,567,0.2765957446808511
0.9395021950771196,0.0604978049228803,0.5545435094783926,0.4454564905216073,360.0,1620.0,False,6760.0,0.0,0.9999999999999976,10,operational,567,0.2765957446808511
0.9365081568204264,0.0634918431795735,0.5545435094783926,0.4454564905216073,360.0,1750.0,False,6760.0,0.0,0.9999999999999976,11,operational,567,0.2765957446808511
0.9186553488402808,0.0813446511597192,0.5467672533288066,0.4532327466711934,360.0,1950.0,False,6760.0,0.0,0.9999999999999976,00,operational,568,0.3049645390070922
0.90999406593014,0.09000593406986,0.5467672533288066,0.4532327466711934,360.0,2240.0,False,6760.0,0.0,0.9999999999999976,01,operational,568,0.3049645390070922
0.9113201262181506,0.0886798737818493,0.6082302892194268,0.3917697107805732,360.0,1950.0,False,6760.0,0.0,0.9999999999999976,10,operational,568,0.3049645390070922
0.8988637077166285,0.1011362922833715,0.6082302892194269,0.3917697107805731,360.0,2310.0,False,6760.0,0.0,0.9999999999999976,11,operational,568,0.3049645390070922
0.9379998415679224,0.0620001584320777,0.3419294492113311,0.6580705507886688,360.0,2040.0,False,6760.0,0.0,0.9999999999999976,00,operational,569,0.375886524822695
0.9308606409900408,0.0691393590099592,0.3419294492113311,0.6580705507886688,360.0,2310.0,False,6760.0,0.0,0.9999999999999976,01,operational,569,0.375886524822695
0.933564922010908,0.0664350779890919,0.3778170896327328,0.6221829103672671,360.0,2040.0,False,6760.0,0.0,0.9999999999999976,10,operational,569,0.375886524822695
0.9246798569459924,0.0753201430540077,0.3778170896327328,0.6221829103672671,360.0,2390.0,False,6760.0,0.0,0.9999999999999976,11,operational,569,0.375886524822695
0.9136536849187634,0.0863463150812365,0.4706251701859917,0.5293748298140083,360.0,2140.0,False,6760.0,0.0,0.9999999999999976,00,operational,570,0.3475177304964539
0.9048362268635756,0.0951637731364244,0.4706251701859917,0.5293748298140083,360.0,2400.0,False,6760.0,0.0,0.9999999999999976,01,operational,570,0.3475177304964539
0.9116784814139997,0.0883215185860003,0.4750944293911548,0.5249055706088451,360.0,2140.0,False,6760.0,0.0,0.9999999999999976,10,operational,570,0.3475177304964539
0.902783839610958,0.097216160389042,0.4750944293911548,0.5249055706088451,360.0,2420.0,False,6760.0,0.0,0.9999999999999976,11,operational,570,0.3475177304964539
0.9596914885297826,0.0403085114702174,0.5454293239458208,0.4545706760541792,360.0,1090.0,False,6760.0,0.0,0.9999999999999976,00,operational,571,0.1985815602836879
0.9579654117720224,0.0420345882279776,0.5454293239458208,0.4545706760541792,360.0,1200.0,False,6760.0,0.0,0.9999999999999976,01,operational,571,0.1985815602836879
0.9596914885297826,0.0403085114702174,0.5454293239458208,0.4545706760541792,360.0,1090.0,False,6760.0,0.0,0.9999999999999976,10,operational,571,0.1985815602836879
0.9579654117720224,0.0420345882279776,0.5454293239458208,0.4545706760541792,360.0,1200.0,False,6760.0,0.0,0.9999999999999976,11,operational,571,0.1985815602836879
0.72336395140652,0.27663604859348,0.6837439736885831,0.3162560263114169,360.0,4760.0,False,6760.0,0.0,0.9999999999999974,00,operational,572,0.5886524822695035
0.6627139791109408,0.3372860208890592,0.6837439736885831,0.3162560263114169,360.0,6290.0,False,6760.0,0.0,0.9999999999997592,01,operational,572,0.5886524822695035
0.7113954003199773,0.2886045996800227,0.6952231372422957,0.3047768627577044,360.0,4760.0,False,6760.0,0.0,0.9999999999999974,10,operational,572,0.5886524822695035
0.6707250057256613,0.3292749942743387,0.6952231372422957,0.3047768627577044,360.0,6130.0,False,6760.0,0.0,0.9999999999999974,11,operational,572,0.5886524822695035
0.8381670904475006,0.1618329095524994,0.6523923346452425,0.3476076653547575,360.0,3030.0,False,6760.0,0.0,0.9999999999999976,00,operational,573,0.3900709219858156
0.8283113278007165,0.1716886721992835,0.6523923346452425,0.3476076653547575,360.0,3550.0,False,6760.0,0.0,0.9999999999999976,01,operational,573,0.3900709219858156
0.8288465742984849,0.1711534257015151,0.6745910016370227,0.3254089983629772,360.0,3030.0,False,6760.0,0.0,0.9999999999999976,10,operational,573,0.3900709219858156
0.7866635922030201,0.2133364077969799,0.6745910016370227,0.3254089983629772,360.0,,True,6760.0,1.0,0.931781265742762,11,operational,573,0.3900709219858156
0.7745037340930512,0.2254962659069488,0.7621693203522422,0.2378306796477578,360.0,3860.0,False,6760.0,0.0,0.9999999999999976,00,operational,574,0.4964539007092198
0.7341339202689271,0.2658660797310729,0.7621693203522422,0.2378306796477578,360.0,4930.0,False,6760.0,0.0,0.9999999999999976,01,operational,574,0.4964539007092198
0.7601698677713308,0.2398301322286692,0.8369966860199876,0.1630033139800124,200.0,3860.0,False,6760.0,0.0,0.9999999999999976,10,operational,574,0.4964539007092198
0.0808881285989991,0.9191118714010008,0.8369966860199876,0.1630033139800124,200.0,,True,6760.0,1.0,0.0416194514991221,11,operational,574,0.4964539007092198
0.9621799021523132,0.0378200978476868,0.3007008449898456,0.6992991550101544,360.0,1510.0,False,6760.0,0.0,0.9999999999999976,00,operational,575,0.2695035460992908
0.9574757643270728,0.0425242356729271,0.3007008449898456,0.6992991550101544,360.0,1750.0,False,6760.0,0.0,0.9999999999999976,01,operational,575,0.2695035460992908
0.9590338193201804,0.0409661806798195,0.3354658271045614,0.6645341728954386,360.0,1510.0,False,6760.0,0.0,0.9999999999999976,10,operational,575,0.2695035460992908
0.953182090160246,0.046817909839754,0.3354658271045614,0.6645341728954386,360.0,1820.0,False,6760.0,0.0,0.9999999999999976,11,operational,575,0.2695035460992908
0.9573022287466298,0.0426977712533701,0.3949245361768096,0.6050754638231903,360.0,1590.0,False,6760.0,0.0,0.9999999999999976,00,operational,576,0.3191489361702128
0.9518143654568844,0.0481856345431156,0.3949245361768096,0.6050754638231903,360.0,1780.0,False,6760.0,0.0,0.9999999999999976,01,operational,576,0.3191489361702128
0.9540731087379776,0.0459268912620224,0.4488054999315892,0.5511945000684108,360.0,1590.0,False,6760.0,0.0,0.9999999999999976,10,operational,576,0.3191489361702128
0.9467683898562956,0.0532316101437042,0.4488054999315892,0.5511945000684108,360.0,1800.0,False,6760.0,0.0,0.9999999999999976,11,operational,576,0.3191489361702128
0.9207635817579518,0.0792364182420481,0.418625675674301,0.581374324325699,360.0,2070.0,False,6760.0,0.0,0.9999999999999976,00,operational,577,0.2978723404255319
0.9116094420292764,0.0883905579707236,0.418625675674301,0.581374324325699,360.0,2440.0,False,6760.0,0.0,0.9999999999999976,01,operational,577,0.2978723404255319
0.9187544908151306,0.0812455091848693,0.4353686132572052,0.5646313867427948,360.0,2070.0,False,6760.0,0.0,0.9999999999999976,10,operational,577,0.2978723404255319
0.9099617353452936,0.0900382646547064,0.4353686132572052,0.5646313867427948,360.0,2440.0,False,6760.0,0.0,0.9999999999999976,11,operational,577,0.2978723404255319
0.9288659012959848,0.0711340987040153,0.6075683204448141,0.3924316795551859,360.0,1900.0,False,6760.0,0.0,0.9999999999999976,00,operational,578,0.3049645390070922
0.9250169973028132,0.0749830026971867,0.6075683204448141,0.3924316795551859,360.0,2040.0,False,6760.0,0.0,0.9999999999999976,01,operational,578,0.3049645390070922
0.9203724608074294,0.0796275391925706,0.6674227575738553,0.3325772424261447,360.0,1900.0,False,6760.0,0.0,0.9999999999999976,10,operational,578,0.3049645390070922
0.9135325523711944,0.0864674476288055,0.6674227575738553,0.3325772424261447,360.0,2090.0,False,6760.0,0.0,0.9999999999999976,11,operational,578,0.3049645390070922
0.9705729692806856,0.0294270307193144,0.3060530806715433,0.6939469193284566,360.0,1220.0,False,6760.0,0.0,0.9999999999999976,00,operational,579,0.226950354609929
0.9656841703219212,0.0343158296780787,0.3060530806715433,0.6939469193284566,360.0,1510.0,False,6760.0,0.0,0.9999999999999976,01,operational,579,0.226950354609929
0.9705729692806856,0.0294270307193144,0.3060530806715433,0.6939469193284566,360.0,1220.0,False,6760.0,0.0,0.9999999999999976,10,operational,579,0.226950354609929
0.9656841703219212,0.0343158296780787,0.3060530806715433,0.6939469193284566,360.0,1510.0,False,6760.0,0.0,0.9999999999999976,11,operational,579,0.226950354609929
0.7649116061863469,0.2350883938136531,0.623541844520063,0.376458155479937,360.0,4130.0,False,6760.0,0.0,0.9999999999999976,00,operational,580,0.4113475177304964
0.7297934772031287,0.2702065227968713,0.623541844520063,0.376458155479937,360.0,5970.0,False,6760.0,0.0,0.9999999999999976,01,operational,580,0.4113475177304964
0.7431886015886846,0.2568113984113154,0.6765186577558397,0.3234813422441603,360.0,4130.0,False,6760.0,0.0,0.9999999999999976,10,operational,580,0.4113475177304964
0.6966577983257294,0.3033422016742706,0.6765186577558397,0.3234813422441603,360.0,,True,6760.0,1.0,0.8461534867332533,11,operational,580,0.4113475177304964
0.8103085961911272,0.1896914038088728,0.7572508294065307,0.2427491705934693,360.0,3230.0,False,6760.0,0.0,0.9999999999999976,00,operational,581,0.4326241134751773
0.7867682874083187,0.2132317125916812,0.7572508294065307,0.2427491705934693,360.0,4370.0,False,6760.0,0.0,0.9999999999999976,01,operational,581,0.4326241134751773
0.7982957769917726,0.2017042230082274,0.7988115808280738,0.2011884191719262,360.0,3230.0,False,6760.0,0.0,0.9999999999999976,10,operational,581,0.4326241134751773
0.733746545475318,0.2662534545246819,0.7988115808280738,0.2011884191719262,360.0,,True,6760.0,1.0,0.8461534867332533,11,operational,581,0.4326241134751773
0.88452417448085,0.11547582551915,0.7920510858638161,0.2079489141361838,200.0,2410.0,False,6760.0,0.0,0.9999999999999976,00,operational,582,0.3191489361702128
0.8708437471853675,0.1291562528146325,0.7920510858638161,0.2079489141361838,200.0,2800.0,False,6760.0,0.0,0.9999999999999976,01,operational,582,0.3191489361702128
0.8816870320061563,0.1183129679938437,0.8840192157285456,0.1159807842714544,200.0,2410.0,False,6760.0,0.0,0.9999999999999976,10,operational,582,0.3191489361702128
0.8671011073376304,0.1328988926623696,0.8840192157285456,0.1159807842714544,200.0,2790.0,False,6760.0,0.0,0.9999999999999976,11,operational,582,0.3191489361702128
0.907870209212996,0.0921297907870039,0.3627794559025904,0.6372205440974096,360.0,2590.0,False,6760.0,0.0,0.9999999999999976,00,operational,583,0.3900709219858156
0.8882441152730797,0.1117558847269203,0.3627794559025904,0.6372205440974096,360.0,3180.0,False,6760.0,0.0,0.9999999999999976,01,operational,583,0.3900709219858156
0.899502206366616,0.1004977936333839,0.4124960687431024,0.5875039312568976,360.0,2590.0,False,6760.0,0.0,0.9999999999999976,10,operational,583,0.3900709219858156
0.8696251401839518,0.1303748598160482,0.4124960687431024,0.5875039312568976,360.0,3280.0,False,6760.0,0.0,0.9999999999999976,11,operational,583,0.3900709219858156
0.9585023476882694,0.0414976523117306,0.2985721966134455,0.7014278033865545,360.0,1550.0,False,6760.0,0.0,0.9999999999999976,00,operational,584,0.2978723404255319
0.9548067347214244,0.0451932652785755,0.2985721966134455,0.7014278033865545,360.0,1730.0,False,6760.0,0.0,0.9999999999999976,01,operational,584,0.2978723404255319
0.955021066691293,0.0449789333087069,0.3444355923726274,0.6555644076273726,360.0,1550.0,False,6760.0,0.0,0.9999999999999976,10,operational,584,0.2978723404255319
0.9495919270664136,0.0504080729335864,0.3444355923726274,0.6555644076273726,360.0,1760.0,False,6760.0,0.0,0.9999999999999976,11,operational,584,0.2978723404255319
0.9707683318012332,0.0292316681987666,0.3571788176772585,0.6428211823227414,360.0,1060.0,False,6760.0,0.0,0.9999999999999976,00,operational,585,0.1702127659574468
0.97082223489551,0.0291777651044901,0.3571788176772585,0.6428211823227414,360.0,1300.0,False,6760.0,0.0,0.9999999999999976,01,operational,585,0.1702127659574468
0.9663244818355766,0.0336755181644233,0.4230119043500975,0.5769880956499025,360.0,1060.0,False,6760.0,0.0,0.9999999999999976,10,operational,585,0.1702127659574468
0.968715450178382,0.0312845498216179,0.4230119043500975,0.5769880956499025,360.0,1300.0,False,6760.0,0.0,0.9999999999999976,11,operational,585,0.1702127659574468
0.8907646008280153,0.1092353991719846,0.4319257884733636,0.5680742115266364,360.0,2790.0,False,6760.0,0.0,0.9999999999999976,00,operational,586,0.4397163120567376
0.877079536281116,0.1229204637188839,0.4319257884733636,0.5680742115266364,360.0,3270.0,False,6760.0,0.0,0.9999999999999976,01,operational,586,0.4397163120567376
0.8869698692917692,0.1130301307082307,0.4461767244861698,0.5538232755138301,360.0,2790.0,False,6760.0,0.0,0.9999999999999976,10,operational,586,0.4397163120567376
0.8714226557020268,0.1285773442979731,0.4461767244861698,0.5538232755138301,360.0,3310.0,False,6760.0,0.0,0.9999999999999976,11,operational,586,0.4397163120567376
0.9459671730167448,0.0540328269832552,0.4726197181139125,0.5273802818860874,360.0,1650.0,False,6760.0,0.0,0.9999999999999976,00,operational,587,0.2553191489361702
0.938617395723482,0.061382604276518,0.4726197181139125,0.5273802818860874,360.0,2050.0,False,6760.0,0.0,0.9999999999999976,01,operational,587,0.2553191489361702
0.9331566297156296,0.0668433702843703,0.628429761105387,0.371570238894613,360.0,1650.0,False,6760.0,0.0,0.9999999999999976,10,operational,587,0.2553191489361702
0.8724062273170522,0.1275937726829478,0.628429761105387,0.371570238894613,360.0,,True,6760.0,1.0,0.9317812653019064,11,operational,587,0.2553191489361702
0.9583942305557396,0.0416057694442604,0.3046239432239797,0.6953760567760203,360.0,1500.0,False,6760.0,0.0,0.9999999999999976,00,operational,588,0.2411347517730496
0.949651498431162,0.0503485015688378,0.3046239432239797,0.6953760567760203,360.0,1820.0,False,6760.0,0.0,0.9999999999999976,01,operational,588,0.2411347517730496
0.9561911434192496,0.0438088565807505,0.3341618238036268,0.6658381761963732,360.0,1500.0,False,6760.0,0.0,0.9999999999999976,10,operational,588,0.2411347517730496
0.9450717427011393,0.0549282572988608,0.3341618238036268,0.6658381761963732,360.0,1840.0,False,6760.0,0.0,0.9999999999999976,11,operational,588,0.2411347517730496
0.9258780755986844,0.0741219244013154,0.3960047721839955,0.6039952278160045,360.0,2040.0,False,6760.0,0.0,0.9999999999999976,00,operational,589,0.3120567375886525
0.9165465443910696,0.0834534556089303,0.3960047721839955,0.6039952278160045,360.0,2330.0,False,6760.0,0.0,0.9999999999999976,01,operational,589,0.3120567375886525
0.9198857761225004,0.0801142238774996,0.427657131047533,0.572342868952467,360.0,2040.0,False,6760.0,0.0,0.9999999999999976,10,operational,589,0.3120567375886525
0.862922695597431,0.137077304402569,0.427657131047533,0.572342868952467,360.0,,True,6760.0,1.0,0.93178126576305,11,operational,589,0.3120567375886525
0.7890816697936753,0.2109183302063246,0.6761128066261652,0.3238871933738347,360.0,3780.0,False,6760.0,0.0,0.9999999999999976,00,operational,590,0.4468085106382978
0.7634292674268535,0.2365707325731465,0.6761128066261652,0.3238871933738347,360.0,4950.0,False,6760.0,0.0,0.9999999999999976,01,operational,590,0.4468085106382978
0.7784434461482608,0.2215565538517392,0.6943694296159449,0.305630570384055,360.0,3780.0,False,6760.0,0.0,0.9999999999999976,10,operational,590,0.4468085106382978
0.6334506897971293,0.3665493102028707,0.6943694296159449,0.305630570384055,360.0,,True,6760.0,1.0,0.7505515843940664,11,operational,590,0.4468085106382978
0.9384754499888868,0.0615245500111132,0.5584732273360773,0.4415267726639226,360.0,1620.0,False,6760.0,0.0,0.9999999999999976,00,operational,591,0.2695035460992908
0.9333334846983212,0.0666665153016788,0.5584732273360773,0.4415267726639226,360.0,1760.0,False,6760.0,0.0,0.9999999999999976,01,operational,591,0.2695035460992908
0.9362553453146212,0.0637446546853789,0.5831794794077853,0.4168205205922147,360.0,1620.0,False,6760.0,0.0,0.9999999999999976,10,operational,591,0.2695035460992908
0.9305765763876384,0.0694234236123616,0.5831794794077853,0.4168205205922147,360.0,1760.0,False,6760.0,0.0,0.9999999999999976,11,operational,591,0.2695035460992908
0.8593867541238833,0.1406132458761166,0.7145143837149697,0.2854856162850303,360.0,2620.0,False,6760.0,0.0,0.9999999999999976,00,operational,592,0.3829787234042553
0.8479194612232696,0.1520805387767304,0.7145143837149697,0.2854856162850303,360.0,3070.0,False,6760.0,0.0,0.9999999999999976,01,operational,592,0.3829787234042553
0.8589719515902607,0.1410280484097392,0.7175788549017253,0.2824211450982746,360.0,2620.0,False,6760.0,0.0,0.9999999999999976,10,operational,592,0.3829787234042553
0.8412027127555565,0.1587972872444435,0.7175788549017253,0.2824211450982746,360.0,3050.0,False,6760.0,0.0,0.9999999999999976,11,operational,592,0.3829787234042553
0.665588307759008,0.334411692240992,0.7884722415839779,0.2115277584160221,360.0,5190.0,False,6760.0,0.0,0.9999999999999976,00,operational,593,0.5957446808510638
0.615425416309927,0.384574583690073,0.7884722415839779,0.2115277584160221,360.0,,True,6760.0,1.0,0.9687196734407364,01,operational,593,0.5957446808510638
0.6530487884930426,0.3469512115069574,0.8035356261943821,0.1964643738056178,360.0,5190.0,False,6760.0,0.0,0.9999999999999976,10,operational,593,0.5957446808510638
0.4441915036727404,0.5558084963272596,0.8035356261943821,0.1964643738056178,360.0,,True,6760.0,1.0,0.5179669664497971,11,operational,593,0.5957446808510638
0.8373274456922559,0.162672554307744,0.6375654263489263,0.3624345736510737,360.0,3690.0,False,6760.0,0.0,0.9999999999999976,00,operational,594,0.3971631205673759
0.7858123830377765,0.2141876169622235,0.6375654263489263,0.3624345736510737,360.0,4630.0,False,6760.0,0.0,0.9999999999999976,01,operational,594,0.3971631205673759
0.8219485689756184,0.1780514310243816,0.6845218192444806,0.3154781807555194,360.0,3690.0,False,6760.0,0.0,0.9999999999999976,10,operational,594,0.3971631205673759
0.6128545106001151,0.3871454893998849,0.6845218192444806,0.3154781807555194,360.0,,True,6760.0,1.0,0.6511109436944912,11,operational,594,0.3971631205673759
0.8700581770501667,0.1299418229498332,0.8152754413129343,0.1847245586870657,200.0,2440.0,False,6760.0,0.0,0.9999999999999976,00,operational,595,0.3191489361702128
0.8674215094410909,0.1325784905589091,0.8152754413129343,0.1847245586870657,200.0,2650.0,False,6760.0,0.0,0.9999999999999976,01,operational,595,0.3191489361702128
0.8686067077657041,0.1313932922342958,0.9049550570954884,0.0950449429045116,200.0,2440.0,False,6760.0,0.0,0.9999999999999976,10,operational,595,0.3191489361702128
0.8660254623740846,0.1339745376259153,0.9049550570954884,0.0950449429045116,200.0,2650.0,False,6760.0,0.0,0.9999999999999976,11,operational,595,0.3191489361702128
0.8754420080791814,0.1245579919208186,0.57398947504893,0.4260105249510699,360.0,2950.0,False,6760.0,0.0,0.9999999999999976,00,operational,596,0.4184397163120567
0.8578858291969838,0.1421141708030162,0.57398947504893,0.4260105249510699,360.0,3550.0,False,6760.0,0.0,0.9999999999999976,01,operational,596,0.4184397163120567
0.8619820937853218,0.1380179062146782,0.6243444458763427,0.3756555541236572,360.0,2950.0,False,6760.0,0.0,0.9999999999999976,10,operational,596,0.4184397163120567
0.6907179382520429,0.3092820617479571,0.6243444458763427,0.3756555541236572,360.0,,True,6760.0,1.0,0.7717890050583598,11,operational,596,0.4184397163120567
0.77902462993302,0.2209753700669799,0.7753469037372216,0.2246530962627784,360.0,3820.0,False,6760.0,0.0,0.9999999999999976,00,operational,597,0.5177304964539007
0.7660916130943198,0.2339083869056801,0.7753469037372216,0.2246530962627784,360.0,4750.0,False,6760.0,0.0,0.9999999999999976,01,operational,597,0.5177304964539007
0.7706864408787439,0.229313559121256,0.7883626863978618,0.2116373136021382,360.0,3820.0,False,6760.0,0.0,0.9999999999999976,10,operational,597,0.5177304964539007
0.7555467692250579,0.244453230774942,0.7883626863978618,0.2116373136021382,360.0,4790.0,False,6760.0,0.0,0.9999999999999976,11,operational,597,0.5177304964539007
0.7809030832919788,0.2190969167080212,0.7690125405140747,0.2309874594859252,360.0,3720.0,False,6760.0,0.0,0.9999999999999976,00,operational,598,0.4893617021276595
0.7497643945497638,0.2502356054502361,0.7690125405140747,0.2309874594859252,360.0,4520.0,False,6760.0,0.0,0.9999999999999976,01,operational,598,0.4893617021276595
0.7706680068145545,0.2293319931854455,0.7944071832445645,0.2055928167554355,360.0,3720.0,False,6760.0,0.0,0.9999999999999976,10,operational,598,0.4893617021276595
0.135387686154157,0.8646123138458429,0.7944071832445645,0.2055928167554355,360.0,,True,6760.0,1.0,0.0461443494733212,11,operational,598,0.4893617021276595
0.8897988472619107,0.1102011527380892,0.4047388363637132,0.5952611636362868,360.0,2780.0,False,6760.0,0.0,0.9999999999999976,00,operational,599,0.3687943262411347
0.8589816521122025,0.1410183478877975,0.4047388363637132,0.5952611636362868,360.0,3680.0,False,6760.0,0.0,0.9999999999999976,01,operational,599,0.3687943262411347
0.8823126868363234,0.1176873131636766,0.436314178385871,0.563685821614129,360.0,2780.0,False,6760.0,0.0,0.9999999999999976,10,operational,599,0.3687943262411347
0.7662088663221722,0.2337911336778277,0.436314178385871,0.563685821614129,360.0,,True,6760.0,1.0,0.8506156213344934,11,operational,599,0.3687943262411347
0.9148343477972822,0.0851656522027177,0.6136071501684328,0.3863928498315672,360.0,1790.0,False,6760.0,0.0,0.9999999999999976,00,operational,600,0.2836879432624113
0.9039066012937088,0.0960933987062913,0.6136071501684328,0.3863928498315672,360.0,2270.0,False,6760.0,0.0,0.9999999999999976,01,operational,600,0.2836879432624113
0.913326846804232,0.0866731531957679,0.6333926587822638,0.3666073412177362,360.0,1790.0,False,6760.0,0.0,0.9999999999999976,10,operational,600,0.2836879432624113
0.9032310976860504,0.0967689023139495,0.6333926587822638,0.3666073412177362,360.0,2260.0,False,6760.0,0.0,0.9999999999999976,11,operational,600,0.2836879432624113
0.7421026549571775,0.2578973450428224,0.9337916863405132,0.0662083136594867,360.0,3670.0,False,6760.0,0.0,0.9999999999999974,00,operational,601,0.4326241134751773
0.732447494803354,0.267552505196646,0.9337916863405132,0.0662083136594867,360.0,4490.0,False,6760.0,0.0,0.9999999999999974,01,operational,601,0.4326241134751773
0.7298040361008216,0.2701959638991784,0.9787765585975428,0.0212234414024571,360.0,3670.0,False,6760.0,0.0,0.9999999999999974,10,operational,601,0.4326241134751773
0.6549809366829306,0.3450190633170694,0.9787765585975428,0.0212234414024571,360.0,,True,6760.0,1.0,0.9317812656734458,11,operational,601,0.4326241134751773
0.9728682658898524,0.0271317341101474,0.2513031843136563,0.7486968156863437,360.0,1250.0,False,6760.0,0.0,0.9999999999999976,00,operational,602,0.2836879432624113
0.96998959402555,0.0300104059744499,0.2513031843136563,0.7486968156863437,360.0,1420.0,False,6760.0,0.0,0.9999999999999976,01,operational,602,0.2836879432624113
0.9713130784461368,0.0286869215538632,0.2740592714361901,0.7259407285638099,360.0,1250.0,False,6760.0,0.0,0.9999999999999976,10,operational,602,0.2836879432624113
0.9668284161860268,0.0331715838139732,0.2740592714361901,0.7259407285638099,360.0,1450.0,False,6760.0,0.0,0.9999999999999976,11,operational,602,0.2836879432624113
0.94328955828742,0.0567104417125799,0.3882167480706837,0.6117832519293163,360.0,1760.0,False,6760.0,0.0,0.9999999999999976,00,operational,603,0.2553191489361702
0.9371342426330584,0.0628657573669415,0.3882167480706837,0.6117832519293163,360.0,1950.0,False,6760.0,0.0,0.9999999999999976,01,operational,603,0.2553191489361702
0.9403927307077286,0.0596072692922714,0.3882167480706837,0.6117832519293163,360.0,1760.0,False,6760.0,0.0,0.9999999999999976,10,operational,603,0.2553191489361702
0.9320740918966146,0.0679259081033853,0.3882167480706837,0.6117832519293163,360.0,2000.0,False,6760.0,0.0,0.9999999999999976,11,operational,603,0.2553191489361702
0.8793631865418642,0.1206368134581358,0.5464118867810969,0.4535881132189031,360.0,2750.0,False,6760.0,0.0,0.9999999999999976,00,operational,604,0.4042553191489361
0.8515796458443508,0.1484203541556492,0.5464118867810969,0.4535881132189031,360.0,3720.0,False,6760.0,0.0,0.9999999999999976,01,operational,604,0.4042553191489361
0.8713839351939875,0.1286160648060125,0.5872781729182451,0.4127218270817548,360.0,2750.0,False,6760.0,0.0,0.9999999999999976,10,operational,604,0.4042553191489361
0.7700074878708276,0.2299925121291723,0.587278172918245,0.412721827081755,360.0,,True,6760.0,1.0,0.8461534867332533,11,operational,604,0.4042553191489361
0.963742274848902,0.036257725151098,0.3204529926881311,0.6795470073118689,360.0,1310.0,False,6760.0,0.0,0.9999999999999976,00,operational,605,0.2198581560283688
0.9606190132268194,0.0393809867731805,0.3204529926881311,0.6795470073118689,360.0,1480.0,False,6760.0,0.0,0.9999999999999976,01,operational,605,0.2198581560283688
0.960557045149627,0.0394429548503729,0.3656844107975465,0.6343155892024535,360.0,1310.0,False,6760.0,0.0,0.9999999999999976,10,operational,605,0.2198581560283688
0.8675457919666523,0.1324542080333477,0.3656844107975465,0.6343155892024535,360.0,,True,6760.0,1.0,0.8893731202453783,11,operational,605,0.2198581560283688
0.7684546163606625,0.2315453836393375,0.7058705633550457,0.2941294366449543,360.0,3990.0,False,6760.0,0.0,0.9999999999999976,00,operational,606,0.5177304964539007
0.7051271318878338,0.2948728681121662,0.7058705633550457,0.2941294366449543,360.0,5310.0,False,6760.0,0.0,0.9999999999999976,01,operational,606,0.5177304964539007
0.7612795325672004,0.2387204674327996,0.7160885009256905,0.2839114990743095,360.0,3990.0,False,6760.0,0.0,0.9999999999999976,10,operational,606,0.5177304964539007
0.5250090439480064,0.4749909560519936,0.7160885009256905,0.2839114990743095,360.0,,True,6760.0,1.0,0.6430575657833794,11,operational,606,0.5177304964539007
0.8928544802949265,0.1071455197050734,0.4400402724529353,0.5599597275470647,360.0,2610.0,False,6760.0,0.0,0.9999999999999976,00,operational,607,0.3617021276595745
0.8806149116117576,0.1193850883882423,0.4400402724529353,0.5599597275470647,360.0,3060.0,False,6760.0,0.0,0.9999999999999976,01,operational,607,0.3617021276595745
0.8892015211548779,0.110798478845122,0.4505927672310468,0.5494072327689532,360.0,2610.0,False,6760.0,0.0,0.9999999999999976,10,operational,607,0.3617021276595745
0.8772034178094135,0.1227965821905865,0.4505927672310468,0.5494072327689532,360.0,3070.0,False,6760.0,0.0,0.9999999999999976,11,operational,607,0.3617021276595745
0.7286161074174569,0.2713838925825431,0.6915392088871304,0.3084607911128696,360.0,4490.0,False,6760.0,0.0,0.9999999999999976,00,operational,608,0.4539007092198581
0.6625914633434441,0.3374085366565559,0.6915392088871304,0.3084607911128696,360.0,5930.0,False,6760.0,0.0,0.9999999999999976,01,operational,608,0.4539007092198581
0.7098725565793819,0.2901274434206181,0.7399216570296689,0.2600783429703311,360.0,4490.0,False,6760.0,0.0,0.9999999999999976,10,operational,608,0.4539007092198581
0.6246660485581318,0.3753339514418682,0.7399216570296689,0.2600783429703311,360.0,5440.0,False,6760.0,0.0,0.9999999999999976,11,operational,608,0.4539007092198581
0.8714508261842132,0.1285491738157868,0.3929600305830488,0.6070399694169512,360.0,3490.0,False,6760.0,0.0,0.9999999999999976,00,operational,609,0.3829787234042553
0.8301374413833825,0.1698625586166174,0.3929600305830488,0.6070399694169512,360.0,4840.0,False,6760.0,0.0,0.9999999999999976,01,operational,609,0.3829787234042553
0.8598010703426088,0.1401989296573912,0.4192864021401362,0.5807135978598638,360.0,3490.0,False,6760.0,0.0,0.9999999999999976,10,operational,609,0.3829787234042553
0.6985693768988167,0.3014306231011833,0.4192864021401362,0.5807135978598638,360.0,,True,6760.0,1.0,0.7505515843940664,11,operational,609,0.3829787234042553
0.8074073601331844,0.1925926398668156,0.6780998452335227,0.3219001547664772,360.0,3670.0,False,6760.0,0.0,0.9999999999999976,00,operational,610,0.5035460992907801
0.7911692463240086,0.2088307536759913,0.6780998452335227,0.3219001547664772,360.0,4530.0,False,6760.0,0.0,0.9999999999999976,01,operational,610,0.5035460992907801
0.8037114273128825,0.1962885726871175,0.6870105621707865,0.3129894378292135,360.0,3670.0,False,6760.0,0.0,0.9999999999999976,10,operational,610,0.5035460992907801
0.7845699446007732,0.2154300553992267,0.6870105621707865,0.3129894378292135,360.0,4540.0,False,6760.0,0.0,0.9999999999999976,11,operational,610,0.5035460992907801
0.7884650503819132,0.2115349496180868,0.7745115631917739,0.225488436808226,360.0,3630.0,False,6760.0,0.0,0.9999999999999974,00,operational,611,0.4964539007092198
0.7425301071600504,0.2574698928399496,0.7745115631917739,0.225488436808226,360.0,4890.0,False,6760.0,0.0,0.9999999999999974,01,operational,611,0.4964539007092198
0.7809445714588952,0.2190554285411048,0.7833697835292435,0.2166302164707566,360.0,3630.0,False,6760.0,0.0,0.9999999999999974,10,operational,611,0.4964539007092198
0.6837073015242354,0.3162926984757646,0.7833697835292435,0.2166302164707566,360.0,,True,6760.0,1.0,0.8893731201557741,11,operational,611,0.4964539007092198
0.918387659288396,0.0816123407116039,0.5639066411500968,0.4360933588499032,360.0,1950.0,False,6760.0,0.0,0.9999999999999976,00,operational,612,0.3120567375886525
0.910472088075888,0.0895279119241121,0.5639066411500968,0.4360933588499032,360.0,2390.0,False,6760.0,0.0,0.9999999999999976,01,operational,612,0.3120567375886525
0.913782006683855,0.0862179933161449,0.6012441636745725,0.3987558363254275,360.0,1950.0,False,6760.0,0.0,0.9999999999999976,10,operational,612,0.3120567375886525
0.90774305918018,0.0922569408198199,0.6012441636745725,0.3987558363254275,360.0,2440.0,False,6760.0,0.0,0.9999999999999976,11,operational,612,0.3120567375886525
0.9492660970682324,0.0507339029317676,0.5824647155305769,0.4175352844694232,360.0,1250.0,False,6760.0,0.0,0.9999999999999976,00,operational,613,0.2127659574468085
0.9467345190889987,0.0532654809110011,0.5824647155305769,0.4175352844694232,360.0,1550.0,False,6760.0,0.0,0.9999999999999976,01,operational,613,0.2127659574468085
0.9451192206177694,0.0548807793822305,0.6391906481464711,0.3608093518535288,360.0,1250.0,False,6760.0,0.0,0.9999999999999976,10,operational,613,0.2127659574468085
0.8911981031444219,0.108801896855578,0.6391906481464711,0.3608093518535288,360.0,,True,6760.0,1.0,0.9317812656734458,11,operational,613,0.2127659574468085
0.934360484162644,0.0656395158373559,0.3919212144721189,0.6080787855278811,360.0,2070.0,False,6760.0,0.0,0.9999999999999976,00,operational,614,0.3475177304964539
0.9286680224623048,0.0713319775376951,0.391921214472119,0.608078785527881,360.0,2270.0,False,6760.0,0.0,0.9999999999999976,01,operational,614,0.3475177304964539
0.9280594753772728,0.0719405246227272,0.4641605624656488,0.5358394375343511,360.0,2070.0,False,6760.0,0.0,0.9999999999999976,10,operational,614,0.3475177304964539
0.9221013402699448,0.0778986597300552,0.4641605624656487,0.5358394375343513,360.0,2280.0,False,6760.0,0.0,0.9999999999999976,11,operational,614,0.3475177304964539
0.704450103294016,0.2955498967059839,0.7353826344685891,0.2646173655314109,360.0,4720.0,False,6760.0,0.0,0.9999999999999974,00,operational,615,0.4893617021276595
0.6027821444056294,0.3972178555943706,0.7353826344685891,0.2646173655314109,360.0,6320.0,False,6760.0,0.0,0.9999999999985492,01,operational,615,0.4893617021276595
0.6771728354859036,0.3228271645140964,0.7960548102364553,0.2039451897635447,360.0,4720.0,False,6760.0,0.0,0.9999999999999974,10,operational,615,0.4893617021276595
0.5126135877736868,0.4873864122263132,0.7960548102364553,0.2039451897635447,360.0,,True,6760.0,1.0,0.6554234930442423,11,operational,615,0.4893617021276595
0.96645996374916,0.03354003625084,0.3140911020489269,0.6859088979510731,360.0,1200.0,False,6760.0,0.0,0.9999999999999976,00,operational,616,0.2198581560283688
0.965350433067416,0.0346495669325839,0.3140911020489269,0.6859088979510731,360.0,1260.0,False,6760.0,0.0,0.9999999999999976,01,operational,616,0.2198581560283688
0.963971664589892,0.0360283354101078,0.3480877412823485,0.6519122587176515,360.0,1200.0,False,6760.0,0.0,0.9999999999999976,10,operational,616,0.2198581560283688
0.9622779825027248,0.0377220174972753,0.3480877412823485,0.6519122587176515,360.0,1270.0,False,6760.0,0.0,0.9999999999999976,11,operational,616,0.2198581560283688
0.9762146940513,0.0237853059486998,0.1723561566877779,0.8276438433122221,360.0,1330.0,False,6760.0,0.0,0.9999999999999976,00,operational,617,0.226950354609929
0.9733188396292848,0.0266811603707153,0.1723561566877779,0.8276438433122221,360.0,1500.0,False,6760.0,0.0,0.9999999999999976,01,operational,617,0.226950354609929
0.9734329312950544,0.0265670687049455,0.1932689116452929,0.8067310883547071,360.0,1330.0,False,6760.0,0.0,0.9999999999999976,10,operational,617,0.226950354609929
0.9692458925075884,0.0307541074924115,0.1932689116452929,0.8067310883547071,360.0,1530.0,False,6760.0,0.0,0.9999999999999976,11,operational,617,0.226950354609929
0.7729817842636242,0.2270182157363758,0.8649641582813535,0.1350358417186465,270.0,3860.0,False,6760.0,0.0,0.9999999999999976,00,operational,618,0.4326241134751773
0.735610959168703,0.264389040831297,0.8649641582813535,0.1350358417186465,270.0,5180.0,False,6760.0,0.0,0.9999999999999976,01,operational,618,0.4326241134751773
0.755642919806086,0.244357080193914,0.9061106824268634,0.0938893175731366,270.0,3860.0,False,6760.0,0.0,0.9999999999999976,10,operational,618,0.4326241134751773
0.7481681462838847,0.2518318537161153,0.9061106824268634,0.0938893175731366,270.0,5050.0,False,6760.0,0.0,0.9999999999999976,11,operational,618,0.4326241134751773
0.9318366466046816,0.0681633533953183,0.3577059776331048,0.6422940223668951,360.0,2040.0,False,6760.0,0.0,0.9999999999999976,00,operational,619,0.3049645390070922
0.9203704941560352,0.0796295058439648,0.3577059776331048,0.6422940223668951,360.0,2380.0,False,6760.0,0.0,0.9999999999999976,01,operational,619,0.3049645390070922
0.9259877097021972,0.0740122902978028,0.4085987909866673,0.5914012090133327,360.0,2040.0,False,6760.0,0.0,0.9999999999999976,10,operational,619,0.3049645390070922
0.9168890014938904,0.0831109985061094,0.4085987909866673,0.5914012090133327,360.0,2380.0,False,6760.0,0.0,0.9999999999999976,11,operational,619,0.3049645390070922
0.7143792805429673,0.2856207194570327,0.7130483571727713,0.2869516428272288,360.0,4670.0,False,6760.0,0.0,0.9999999999999976,00,operational,620,0.5673758865248227
0.7017673849152984,0.2982326150847015,0.7130483571727713,0.2869516428272288,360.0,5580.0,False,6760.0,0.0,0.9999999999999976,01,operational,620,0.5673758865248227
0.7037905845851501,0.2962094154148499,0.7401581480151755,0.2598418519848244,360.0,4670.0,False,6760.0,0.0,0.9999999999999976,10,operational,620,0.5673758865248227
0.6916237320273226,0.3083762679726773,0.7401581480151755,0.2598418519848244,360.0,5480.0,False,6760.0,0.0,0.9999999999999974,11,operational,620,0.5673758865248227
0.9243092785068078,0.0756907214931922,0.3806650940964595,0.6193349059035405,360.0,2300.0,False,6760.0,0.0,0.9999999999999976,00,operational,621,0.3404255319148936
0.9074751784537106,0.0925248215462893,0.3806650940964595,0.6193349059035405,360.0,2910.0,False,6760.0,0.0,0.9999999999999976,01,operational,621,0.3404255319148936
0.9171865906825998,0.0828134093174002,0.4118577281266595,0.5881422718733404,360.0,2300.0,False,6760.0,0.0,0.9999999999999976,10,operational,621,0.3404255319148936
0.8473442293745557,0.1526557706254443,0.4118577281266595,0.5881422718733404,360.0,,True,6760.0,1.0,0.93592348784348,11,operational,621,0.3404255319148936
0.9659303093130904,0.0340696906869096,0.7650541813726599,0.2349458186273401,290.0,1340.0,False,6760.0,0.0,0.9999999999999976,00,operational,622,0.2624113475177305
0.9621660133471012,0.0378339866528988,0.7650541813726599,0.2349458186273401,290.0,1470.0,False,6760.0,0.0,0.9999999999999976,01,operational,622,0.2624113475177305
0.9612220235936044,0.0387779764063954,0.8857480382833471,0.1142519617166528,290.0,1340.0,False,6760.0,0.0,0.9999999999999976,10,operational,622,0.2624113475177305
0.9017818976128188,0.0982181023871812,0.8857480382833471,0.1142519617166528,290.0,,True,6760.0,1.0,0.93178126576305,11,operational,622,0.2624113475177305
0.8694147588099349,0.1305852411900651,0.5280301452270245,0.4719698547729755,360.0,3120.0,False,6760.0,0.0,0.9999999999999976,00,operational,623,0.425531914893617
0.8418998597802596,0.1581001402197404,0.528030145169348,0.471969854830652,360.0,3670.0,False,6760.0,0.0,0.9999999999999976,01,operational,623,0.425531914893617
0.853421225410332,0.1465787745896679,0.5985947152825446,0.4014052847174554,360.0,3120.0,False,6760.0,0.0,0.9999999999999976,10,operational,623,0.425531914893617
0.833429219882701,0.1665707801172989,0.5985947152459048,0.4014052847540952,360.0,3810.0,False,6760.0,0.0,0.9999999999999976,11,operational,623,0.425531914893617
0.8431704393688388,0.1568295606311611,0.7273558921378558,0.2726441078621442,360.0,2870.0,False,6760.0,0.0,0.9999999999999976,00,operational,624,0.4113475177304964
0.8383969681273726,0.1616030318726273,0.7273558921378558,0.2726441078621442,360.0,3390.0,False,6760.0,0.0,0.9999999999999976,01,operational,624,0.4113475177304964
0.8391674726694008,0.1608325273305991,0.7301279235300016,0.2698720764699985,360.0,2870.0,False,6760.0,0.0,0.9999999999999976,10,operational,624,0.4113475177304964
0.8304211547888037,0.1695788452111962,0.7301279235300016,0.2698720764699985,360.0,3410.0,False,6760.0,0.0,0.9999999999999976,11,operational,624,0.4113475177304964
0.8390102030663819,0.1609897969336181,0.915523573997336,0.0844764260026639,360.0,2730.0,False,6760.0,0.0,0.9999999999999974,00,operational,625,0.3829787234042553
0.8344064177379555,0.1655935822620444,0.915523573997336,0.0844764260026639,360.0,3140.0,False,6760.0,0.0,0.9999999999999974,01,operational,625,0.3829787234042553
0.8277258250132782,0.1722741749867218,0.9803726475183312,0.0196273524816688,360.0,2730.0,False,6760.0,0.0,0.9999999999999974,10,operational,625,0.3829787234042553
0.8223809046502816,0.1776190953497184,0.9803726475183312,0.0196273524816688,360.0,3150.0,False,6760.0,0.0,0.9999999999999974,11,operational,625,0.3829787234042553
0.8803048115746088,0.1196951884253911,0.5339845044778934,0.4660154955221066,360.0,2910.0,False,6760.0,0.0,0.9999999999999974,00,operational,626,0.4184397163120567
0.859591503858008,0.140408496141992,0.5339845044778934,0.4660154955221066,360.0,3390.0,False,6760.0,0.0,0.9999999999999974,01,operational,626,0.4184397163120567
0.8757230966630913,0.1242769033369086,0.5426067548946905,0.4573932451053095,360.0,2910.0,False,6760.0,0.0,0.9999999999999974,10,operational,626,0.4184397163120567
0.8426431667174807,0.1573568332825192,0.5426067548946905,0.4573932451053095,360.0,3560.0,False,6760.0,0.0,0.9999999999999974,11,operational,626,0.4184397163120567
0.8321910548582964,0.1678089451417036,0.6438048063843151,0.3561951936156849,360.0,3200.0,False,6760.0,0.0,0.9999999999999976,00,operational,627,0.4042553191489361
0.8186354263149789,0.1813645736850211,0.6438048063843151,0.3561951936156849,360.0,4100.0,False,6760.0,0.0,0.9999999999999976,01,operational,627,0.4042553191489361
0.8236976518275139,0.1763023481724861,0.6586414832527592,0.3413585167472407,360.0,3200.0,False,6760.0,0.0,0.9999999999999976,10,operational,627,0.4042553191489361
0.7485687840335963,0.2514312159664037,0.6586414832527592,0.3413585167472407,360.0,,True,6760.0,1.0,0.8461534867332533,11,operational,627,0.4042553191489361
0.979967991161173,0.020032008838827,0.2685626149979777,0.7314373850020223,360.0,890.0,False,6760.0,0.0,0.9999999999999976,00,operational,628,0.1843971631205673
0.9790918819243744,0.0209081180756256,0.2685626149979777,0.7314373850020223,360.0,950.0,False,6760.0,0.0,0.9999999999999976,01,operational,628,0.1843971631205673
0.9759919072664376,0.0240080927335623,0.340176353107635,0.659823646892365,360.0,890.0,False,6760.0,0.0,0.9999999999999976,10,operational,628,0.1843971631205673
0.9155725689256112,0.0844274310743886,0.340176353107635,0.659823646892365,360.0,,True,6760.0,1.0,0.93178126576305,11,operational,628,0.1843971631205673
0.8378276144074764,0.1621723855925235,0.6735174400700905,0.3264825599299095,360.0,3330.0,False,6760.0,0.0,0.9999999999999976,00,operational,629,0.4397163120567376
0.791896555386803,0.2081034446131969,0.6735174400700905,0.3264825599299095,360.0,4290.0,False,6760.0,0.0,0.9999999999999976,01,operational,629,0.4397163120567376
0.8252093584940522,0.1747906415059478,0.7210621377988251,0.2789378622011749,360.0,3330.0,False,6760.0,0.0,0.9999999999999976,10,operational,629,0.4397163120567376
0.7102292206893271,0.2897707793106728,0.7210621377988251,0.2789378622011749,360.0,,True,6760.0,1.0,0.8461534867332533,11,operational,629,0.4397163120567376
0.8621558075642634,0.1378441924357366,0.7058548750081028,0.2941451249918971,360.0,2720.0,False,6760.0,0.0,0.9999999999999976,00,operational,630,0.4042553191489361
0.8428993850136989,0.1571006149863011,0.7058548750081028,0.2941451249918971,360.0,3380.0,False,6760.0,0.0,0.9999999999999976,01,operational,630,0.4042553191489361
0.8571487234337705,0.1428512765662295,0.7181309543897015,0.2818690456102984,360.0,2720.0,False,6760.0,0.0,0.9999999999999976,10,operational,630,0.4042553191489361
0.7977241400715541,0.2022758599284458,0.7181309543897015,0.2818690456102984,360.0,,True,6760.0,1.0,0.9212116658599002,11,operational,630,0.4042553191489361
0.6700634479317991,0.3299365520682009,0.7471813115140851,0.2528186884859149,360.0,5170.0,False,6760.0,0.0,0.9999999999999976,00,operational,631,0.5673758865248227
0.5846326823133755,0.4153673176866245,0.7471813115140851,0.2528186884859149,360.0,,True,6760.0,1.0,0.9516306971903966,01,operational,631,0.5673758865248227
0.6534425698897446,0.3465574301102554,0.7732794313914606,0.2267205686085394,360.0,5170.0,False,6760.0,0.0,0.9999999999999976,10,operational,631,0.5673758865248227
0.4959480860601721,0.5040519139398278,0.7732794313914606,0.2267205686085394,360.0,,True,6760.0,1.0,0.6554775645236662,11,operational,631,0.5673758865248227
0.9280635663581472,0.0719364336418527,0.5945384361976441,0.4054615638023559,360.0,1650.0,False,6760.0,0.0,0.9999999999999976,00,operational,632,0.2695035460992908
0.916944714651992,0.0830552853480078,0.5945384361976441,0.4054615638023559,360.0,2120.0,False,6760.0,0.0,0.9999999999999976,01,operational,632,0.2695035460992908
0.9232036545701958,0.0767963454298041,0.6343634756668632,0.3656365243331367,360.0,1650.0,False,6760.0,0.0,0.9999999999999976,10,operational,632,0.2695035460992908
0.8648559807659921,0.1351440192340078,0.6343634756668632,0.3656365243331367,360.0,,True,6760.0,1.0,0.931781265742762,11,operational,632,0.2695035460992908
0.9350598550624633,0.0649401449375368,0.6250419322470603,0.3749580677529397,360.0,1550.0,False,6760.0,0.0,0.9999999999999976,00,operational,633,0.2624113475177305
0.9249293412476304,0.0750706587523696,0.6250419322470603,0.3749580677529397,360.0,2010.0,False,6760.0,0.0,0.9999999999999976,01,operational,633,0.2624113475177305
0.933892482853888,0.0661075171461119,0.6310189408637403,0.3689810591362596,360.0,1550.0,False,6760.0,0.0,0.9999999999999976,10,operational,633,0.2624113475177305
0.923210344314204,0.0767896556857961,0.6310189408637403,0.3689810591362596,360.0,2050.0,False,6760.0,0.0,0.9999999999999976,11,operational,633,0.2624113475177305
0.833885592478685,0.166114407521315,0.7157015808836885,0.2842984191163115,360.0,3030.0,False,6760.0,0.0,0.9999999999999976,00,operational,634,0.4184397163120567
0.8248851836891063,0.1751148163108936,0.7157015808836885,0.2842984191163115,360.0,3620.0,False,6760.0,0.0,0.9999999999999976,01,operational,634,0.4184397163120567
0.8313497963342062,0.1686502036657937,0.7390270843262063,0.2609729156737937,360.0,3030.0,False,6760.0,0.0,0.9999999999999976,10,operational,634,0.4184397163120567
0.8178018925550768,0.1821981074449231,0.7390270843262063,0.2609729156737937,360.0,3560.0,False,6760.0,0.0,0.9999999999999976,11,operational,634,0.4184397163120567
0.8579912079520795,0.1420087920479205,0.6874411628309787,0.3125588371690214,360.0,2720.0,False,6760.0,0.0,0.9999999999999976,00,operational,635,0.4113475177304964
0.7979671719706845,0.2020328280293155,0.6874411628309787,0.3125588371690214,360.0,3680.0,False,6760.0,0.0,0.9999999999999976,01,operational,635,0.4113475177304964
0.8465003333643232,0.1534996666356768,0.7512981973557262,0.2487018026442738,360.0,2720.0,False,6760.0,0.0,0.9999999999999976,10,operational,635,0.4113475177304964
0.8272592473604995,0.1727407526395005,0.7512981973557262,0.2487018026442738,360.0,3560.0,False,6760.0,0.0,0.9999999999999976,11,operational,635,0.4113475177304964
0.7738253519364937,0.2261746480635063,0.7115249190921824,0.2884750809078176,360.0,3870.0,False,6760.0,0.0,0.9999999999999976,00,operational,636,0.4893617021276595
0.728210857365294,0.271789142634706,0.7115249190921824,0.2884750809078176,360.0,4900.0,False,6760.0,0.0,0.9999999999999976,01,operational,636,0.4893617021276595
0.76615607563902,0.23384392436098,0.7161442008696829,0.2838557991303171,360.0,3870.0,False,6760.0,0.0,0.9999999999999976,10,operational,636,0.4893617021276595
0.6303537857717553,0.3696462142282447,0.7161442008696829,0.2838557991303171,360.0,,True,6760.0,1.0,0.8506156213344933,11,operational,636,0.4893617021276595
0.9403755655678532,0.0596244344321468,0.3496669279379027,0.6503330720620972,360.0,1760.0,False,6760.0,0.0,0.9999999999999976,00,operational,637,0.2978723404255319
0.9273974830199412,0.0726025169800588,0.3496669279379027,0.6503330720620972,360.0,2120.0,False,6760.0,0.0,0.9999999999999976,01,operational,637,0.2978723404255319
0.9345065536289502,0.0654934463710498,0.393153623100855,0.606846376899145,360.0,1760.0,False,6760.0,0.0,0.9999999999999976,10,operational,637,0.2978723404255319
0.9178274133153704,0.0821725866846294,0.393153623100855,0.606846376899145,360.0,2190.0,False,6760.0,0.0,0.9999999999999976,11,operational,637,0.2978723404255319
0.9215476116134615,0.0784523883865384,0.592003212465373,0.407996787534627,360.0,1760.0,False,6760.0,0.0,0.9999999999999974,00,operational,638,0.2482269503546099
0.90935111850765,0.0906488814923499,0.592003212465373,0.407996787534627,360.0,1960.0,False,6760.0,0.0,0.9999999999999974,01,operational,638,0.2482269503546099
0.9184065816244732,0.0815934183755268,0.6154193402370932,0.3845806597629068,360.0,1760.0,False,6760.0,0.0,0.9999999999999974,10,operational,638,0.2482269503546099
0.9078464453940074,0.0921535546059926,0.6154193402370932,0.3845806597629068,360.0,1970.0,False,6760.0,0.0,0.9999999999999974,11,operational,638,0.2482269503546099
0.8454665859947694,0.1545334140052305,0.7254226404474584,0.2745773595525416,360.0,3140.0,False,6760.0,0.0,0.9999999999999974,00,operational,639,0.4468085106382978
0.8243485781776226,0.1756514218223773,0.7254226404474584,0.2745773595525416,360.0,4030.0,False,6760.0,0.0,0.9999999999999974,01,operational,639,0.4468085106382978
0.8387405879106786,0.1612594120893213,0.7539978936585945,0.2460021063414054,360.0,3140.0,False,6760.0,0.0,0.9999999999999974,10,operational,639,0.4468085106382978
0.817722006610686,0.182277993389314,0.7539978936585945,0.2460021063414054,360.0,4060.0,False,6760.0,0.0,0.9999999999999974,11,operational,639,0.4468085106382978
0.9085425134929196,0.0914574865070803,0.62995479318134,0.37004520681866,360.0,2160.0,False,6760.0,0.0,0.9999999999999976,00,operational,640,0.3900709219858156
0.8970398062974975,0.1029601937025025,0.62995479318134,0.37004520681866,360.0,2510.0,False,6760.0,0.0,0.9999999999999976,01,operational,640,0.3900709219858156
0.906041261260316,0.093958738739684,0.6676028245696609,0.3323971754303391,360.0,2160.0,False,6760.0,0.0,0.9999999999999976,10,operational,640,0.3900709219858156
0.8935638958968986,0.1064361041031014,0.6676028245696609,0.3323971754303391,360.0,2510.0,False,6760.0,0.0,0.9999999999999976,11,operational,640,0.3900709219858156
0.8266297766826833,0.1733702233173166,0.7290442100983178,0.2709557899016822,360.0,3080.0,False,6760.0,0.0,0.9999999999999976,00,operational,641,0.4184397163120567
0.7967880648799713,0.2032119351200286,0.7290442100983178,0.2709557899016822,360.0,3780.0,False,6760.0,0.0,0.9999999999999976,01,operational,641,0.4184397163120567
0.8190531387750536,0.1809468612249464,0.7469387101769878,0.2530612898230122,360.0,3080.0,False,6760.0,0.0,0.9999999999999976,10,operational,641,0.4184397163120567
0.7788378638171222,0.2211621361828778,0.7469387101769878,0.2530612898230122,360.0,,True,6760.0,1.0,0.9359234878434802,11,operational,641,0.4184397163120567
0.805200726842221,0.194799273157779,0.6689960494949809,0.3310039505050191,360.0,3660.0,False,6760.0,0.0,0.9999999999999974,00,operational,642,0.4893617021276595
0.7831359799851814,0.2168640200148186,0.6689960494949809,0.3310039505050191,360.0,4620.0,False,6760.0,0.0,0.9999999999999974,01,operational,642,0.4893617021276595
0.7980152568203629,0.2019847431796371,0.6804675057504246,0.3195324942495754,360.0,3660.0,False,6760.0,0.0,0.9999999999999974,10,operational,642,0.4893617021276595
0.7700266252745193,0.2299733747254807,0.6804675057504246,0.3195324942495754,360.0,4710.0,False,6760.0,0.0,0.9999999999999976,11,operational,642,0.4893617021276595
0.8089152591374191,0.1910847408625808,0.6526165514700061,0.3473834485299939,360.0,3920.0,False,6760.0,0.0,0.9999999999999976,00,operational,643,0.475177304964539
0.7999502783290949,0.200049721670905,0.6526165514700061,0.3473834485299939,360.0,5080.0,False,6760.0,0.0,0.9999999999999976,01,operational,643,0.475177304964539
0.7838244398346971,0.2161755601653029,0.7334074073104029,0.266592592689597,360.0,3920.0,False,6760.0,0.0,0.9999999999999976,10,operational,643,0.475177304964539
0.7694065316551884,0.2305934683448116,0.7334074073104029,0.266592592689597,360.0,5310.0,False,6760.0,0.0,0.9999999999999976,11,operational,643,0.475177304964539
0.95615558752751,0.0438444124724899,0.3785542872972232,0.6214457127027768,360.0,1270.0,False,6760.0,0.0,0.9999999999999976,00,operational,644,0.1843971631205673
0.9518673545246864,0.0481326454753135,0.3785542872972232,0.6214457127027768,360.0,1400.0,False,6760.0,0.0,0.9999999999999976,01,operational,644,0.1843971631205673
0.9538727518836734,0.0461272481163266,0.3956673275431224,0.6043326724568776,360.0,1270.0,False,6760.0,0.0,0.9999999999999976,10,operational,644,0.1843971631205673
0.9455409551335268,0.0544590448664733,0.3956673275431224,0.6043326724568776,360.0,1430.0,False,6760.0,0.0,0.9999999999999976,11,operational,644,0.1843971631205673
0.9140958325456988,0.0859041674543013,0.6093096472856512,0.3906903527143488,360.0,2040.0,False,6760.0,0.0,0.9999999999999976,00,operational,645,0.3049645390070922
0.9113230570838544,0.0886769429161454,0.6093096472856512,0.3906903527143488,360.0,2370.0,False,6760.0,0.0,0.9999999999999976,01,operational,645,0.3049645390070922
0.9108543916416442,0.0891456083583558,0.6533928115523455,0.3466071884476545,360.0,2040.0,False,6760.0,0.0,0.9999999999999976,10,operational,645,0.3049645390070922
0.9082075326234096,0.0917924673765904,0.6533928115523455,0.3466071884476545,360.0,2370.0,False,6760.0,0.0,0.9999999999999976,11,operational,645,0.3049645390070922
0.9473002275473914,0.0526997724526085,0.4109900260848146,0.5890099739151854,360.0,1780.0,False,6760.0,0.0,0.9999999999999976,00,operational,646,0.3262411347517731
0.9368330950502934,0.0631669049497065,0.4109900260848146,0.5890099739151854,360.0,2090.0,False,6760.0,0.0,0.9999999999999976,01,operational,646,0.3262411347517731
0.9398572070209348,0.0601427929790653,0.5358404527468691,0.4641595472531309,360.0,1780.0,False,6760.0,0.0,0.9999999999999976,10,operational,646,0.3262411347517731
0.9254114100572104,0.0745885899427896,0.5358404527468691,0.4641595472531309,360.0,2160.0,False,6760.0,0.0,0.9999999999999976,11,operational,646,0.3262411347517731
0.9613493897022032,0.0386506102977967,0.6781667074740947,0.3218332925259052,240.0,1350.0,False,6760.0,0.0,0.9999999999999976,00,operational,647,0.226950354609929
0.9609926679396916,0.0390073320603083,0.6781667074740947,0.3218332925259052,240.0,1380.0,False,6760.0,0.0,0.9999999999999976,01,operational,647,0.226950354609929
0.9552317893408672,0.0447682106591328,0.6781667074740947,0.3218332925259052,240.0,1350.0,False,6760.0,0.0,0.9999999999999976,10,operational,647,0.226950354609929
0.9548750675783556,0.0451249324216445,0.6781667074740947,0.3218332925259052,240.0,1380.0,False,6760.0,0.0,0.9999999999999976,11,operational,647,0.226950354609929
0.7956054941350731,0.2043945058649269,0.7484378007728123,0.2515621992271877,360.0,3590.0,False,6760.0,0.0,0.9999999999999976,00,operational,648,0.4539007092198581
0.7707286461991848,0.2292713538008152,0.7484378007728123,0.2515621992271877,360.0,4960.0,False,6760.0,0.0,0.9999999999999976,01,operational,648,0.4539007092198581
0.7879693878209661,0.2120306121790338,0.7702590669248234,0.2297409330751766,360.0,3590.0,False,6760.0,0.0,0.9999999999999976,10,operational,648,0.4539007092198581
0.5979919796898427,0.4020080203101572,0.7702590669248234,0.2297409330751766,360.0,,True,6760.0,1.0,0.6470488565711302,11,operational,648,0.4539007092198581
0.9499658776059776,0.0500341223940223,0.3931429516733022,0.6068570483266977,360.0,1500.0,False,6760.0,0.0,0.9999999999999976,00,operational,649,0.2624113475177305
0.9421159310496896,0.0578840689503104,0.3931429516733022,0.6068570483266977,360.0,1740.0,False,6760.0,0.0,0.9999999999999976,01,operational,649,0.2624113475177305
0.9449965147411776,0.0550034852588222,0.4521041628142019,0.547895837185798,360.0,1500.0,False,6760.0,0.0,0.9999999999999976,10,operational,649,0.2624113475177305
0.9315136445475632,0.0684863554524368,0.4521041628142019,0.547895837185798,360.0,1820.0,False,6760.0,0.0,0.9999999999999976,11,operational,649,0.2624113475177305
0.6294330525383557,0.3705669474616443,0.7844616140142402,0.2155383859857598,360.0,5730.0,False,6760.0,0.0,0.9999999999999976,00,operational,650,0.6170212765957447
0.5523668271963744,0.4476331728036256,0.7844616140142402,0.2155383859857598,360.0,,True,6760.0,1.0,0.9112544397042842,01,operational,650,0.6170212765957447
0.6199393920860475,0.3800606079139524,0.7935024509314044,0.2064975490685956,360.0,5730.0,False,6760.0,0.0,0.9999999999999976,10,operational,650,0.6170212765957447
0.489858010126714,0.510141989873286,0.7935024509314044,0.2064975490685956,360.0,,True,6760.0,1.0,0.978442641547976,11,operational,650,0.6170212765957447
0.7654165023619002,0.2345834976380998,0.7311271293361129,0.2688728706638871,360.0,4020.0,False,6760.0,0.0,0.9999999999999976,00,operational,651,0.5035460992907801
0.7051486053954757,0.2948513946045242,0.7311271293361129,0.2688728706638871,360.0,5270.0,False,6760.0,0.0,0.9999999999999976,01,operational,651,0.5035460992907801
0.7504171339275251,0.2495828660724749,0.771458741038167,0.2285412589618329,360.0,4020.0,False,6760.0,0.0,0.9999999999999976,10,operational,651,0.5035460992907801
0.6466636370105687,0.3533363629894313,0.771458741038167,0.2285412589618329,360.0,4850.0,False,6760.0,0.0,0.9999999999999976,11,operational,651,0.5035460992907801
0.9109844507019276,0.0890155492980725,0.537835745736538,0.4621642542634619,360.0,2040.0,False,6760.0,0.0,0.9999999999999976,00,operational,652,0.2695035460992908
0.9030292549583976,0.0969707450416025,0.537835745736538,0.4621642542634619,360.0,2520.0,False,6760.0,0.0,0.9999999999999976,01,operational,652,0.2695035460992908
0.906618917602483,0.0933810823975169,0.5719555612820166,0.4280444387179833,360.0,2040.0,False,6760.0,0.0,0.9999999999999976,10,operational,652,0.2695035460992908
0.8996757932368293,0.1003242067631706,0.5719555612820166,0.4280444387179833,360.0,2520.0,False,6760.0,0.0,0.9999999999999976,11,operational,652,0.2695035460992908
0.7550779088783235,0.2449220911216765,0.7629912741424949,0.2370087258575051,360.0,4090.0,False,6760.0,0.0,0.9999999999999976,00,operational,653,0.5035460992907801
0.7033015995226088,0.2966984004773911,0.7629912741424949,0.2370087258575051,360.0,5420.0,False,6760.0,0.0,0.9999999999999976,01,operational,653,0.5035460992907801
0.7401590000044954,0.2598409999955046,0.803234638984472,0.1967653610155279,360.0,4090.0,False,6760.0,0.0,0.9999999999999976,10,operational,653,0.5035460992907801
0.6699515846598098,0.3300484153401902,0.803234638984472,0.1967653610155279,360.0,5550.0,False,6760.0,0.0,0.9999999999999976,11,operational,653,0.5035460992907801
0.9479097126641584,0.0520902873358416,0.3291107935577746,0.6708892064422254,360.0,1670.0,False,6760.0,0.0,0.9999999999999976,00,operational,654,0.2482269503546099
0.939081737842271,0.060918262157729,0.3291107935577746,0.6708892064422254,360.0,2000.0,False,6760.0,0.0,0.9999999999999976,01,operational,654,0.2482269503546099
0.944870634454808,0.0551293655451921,0.364277313812879,0.635722686187121,360.0,1670.0,False,6760.0,0.0,0.9999999999999976,10,operational,654,0.2482269503546099
0.9354927653432656,0.0645072346567344,0.364277313812879,0.635722686187121,360.0,2010.0,False,6760.0,0.0,0.9999999999999976,11,operational,654,0.2482269503546099
0.9104777812111238,0.0895222187888762,0.5363483292961104,0.4636516707038896,360.0,2030.0,False,6760.0,0.0,0.9999999999999976,00,operational,655,0.2765957446808511
0.8893645328942945,0.1106354671057054,0.5363483292961103,0.4636516707038897,360.0,2660.0,False,6760.0,0.0,0.9999999999999976,01,operational,655,0.2765957446808511
0.9046099864721412,0.0953900135278587,0.5777517829718314,0.4222482170281686,360.0,2030.0,False,6760.0,0.0,0.9999999999999976,10,operational,655,0.2765957446808511
0.8829112664637083,0.1170887335362916,0.5777517829718295,0.4222482170281705,360.0,2710.0,False,6760.0,0.0,0.9999999999999976,11,operational,655,0.2765957446808511
0.9343139879266962,0.0656860120733038,0.4192760081066565,0.5807239918933434,360.0,1700.0,False,6760.0,0.0,0.9999999999999974,00,operational,656,0.2411347517730496
0.9306568529603972,0.0693431470396028,0.4192760081066565,0.5807239918933434,360.0,1830.0,False,6760.0,0.0,0.9999999999999974,01,operational,656,0.2411347517730496
0.932692224998882,0.0673077750011179,0.4234840035844565,0.5765159964155435,360.0,1700.0,False,6760.0,0.0,0.9999999999999974,10,operational,656,0.2411347517730496
0.9297014029629556,0.0702985970370443,0.4234840035844565,0.5765159964155435,360.0,1820.0,False,6760.0,0.0,0.9999999999999976,11,operational,656,0.2411347517730496
0.7653035308686418,0.2346964691313582,0.7695292162744345,0.2304707837255655,360.0,3690.0,False,6760.0,0.0,0.9999999999999974,00,operational,657,0.425531914893617
0.729866133200705,0.2701338667992949,0.7695292162744345,0.2304707837255655,360.0,4880.0,False,6760.0,0.0,0.9999999999999974,01,operational,657,0.425531914893617
0.7569310565087725,0.2430689434912275,0.7787519251625568,0.2212480748374432,360.0,3690.0,False,6760.0,0.0,0.9999999999999974,10,operational,657,0.425531914893617
0.6609223511423488,0.3390776488576512,0.7787519251625568,0.2212480748374432,360.0,,True,6760.0,1.0,0.8504660360830044,11,operational,657,0.425531914893617
0.9779940715021276,0.0220059284978724,0.3535239349324979,0.6464760650675021,360.0,1010.0,False,6760.0,0.0,0.9999999999999976,00,operational,658,0.2127659574468085
0.9772196901347916,0.0227803098652085,0.3535239349324979,0.6464760650675021,360.0,1070.0,False,6760.0,0.0,0.9999999999999976,01,operational,658,0.2127659574468085
0.9724961748499772,0.0275038251500229,0.4223415741052054,0.5776584258947945,360.0,1020.0,False,6760.0,0.0,0.9999999999999976,10,operational,658,0.2127659574468085
0.912462905037428,0.087537094962572,0.4223415741052054,0.5776584258947945,360.0,,True,6760.0,1.0,0.93178126576305,11,operational,658,0.2127659574468085
0.8731175678903704,0.1268824321096295,0.5735116119202844,0.4264883880797155,360.0,2920.0,False,6760.0,0.0,0.9999999999999976,00,operational,659,0.4397163120567376
0.8569669886406905,0.1430330113593094,0.5735116119202844,0.4264883880797155,360.0,3470.0,False,6760.0,0.0,0.9999999999999976,01,operational,659,0.4397163120567376
0.8670591470481808,0.1329408529518192,0.6121993962425464,0.3878006037574536,360.0,2920.0,False,6760.0,0.0,0.9999999999999976,10,operational,659,0.4397163120567376
0.8026464098764432,0.1973535901235568,0.6121993962425464,0.3878006037574536,360.0,,True,6760.0,1.0,0.9098248268019946,11,operational,659,0.4397163120567376
0.9917240453517157,0.0082759546482843,0.108693983031785,0.891306016968215,360.0,730.0,False,6760.0,0.0,0.9999999999999976,00,operational,660,0.0992907801418439
0.991569291731325,0.0084307082686749,0.108693983031785,0.891306016968215,360.0,740.0,False,6760.0,0.0,0.9999999999999976,01,operational,660,0.0992907801418439
0.9911957406313336,0.0088042593686664,0.1249760528679294,0.8750239471320705,360.0,730.0,False,6760.0,0.0,0.9999999999999976,10,operational,660,0.0992907801418439
0.9908505867573602,0.0091494132426398,0.1249760528679294,0.8750239471320705,360.0,750.0,False,6760.0,0.0,0.9999999999999976,11,operational,660,0.0992907801418439
0.8665096917711982,0.1334903082288018,0.6666561275504028,0.3333438724495971,360.0,2690.0,False,6760.0,0.0,0.9999999999999974,00,operational,661,0.3829787234042553
0.8392869371806948,0.1607130628193052,0.6666561275504028,0.3333438724495971,360.0,3570.0,False,6760.0,0.0,0.9999999999999974,01,operational,661,0.3829787234042553
0.861084400197705,0.1389155998022949,0.6808432600585402,0.3191567399414597,360.0,2690.0,False,6760.0,0.0,0.9999999999999974,10,operational,661,0.3829787234042553
0.8337237914966056,0.1662762085033944,0.6808432600585402,0.3191567399414597,360.0,3480.0,False,6760.0,0.0,0.9999999999999974,11,operational,661,0.3829787234042553
0.7231650148699169,0.2768349851300831,0.7755021365919414,0.2244978634080585,360.0,4350.0,False,6760.0,0.0,0.9999999999999974,00,operational,662,0.4397163120567376
0.6548755664918253,0.3451244335081747,0.7755021365919414,0.2244978634080585,360.0,6290.0,False,6760.0,0.0,0.9999999999124182,01,operational,662,0.4397163120567376
0.7174314888007585,0.2825685111992415,0.7770960690207107,0.2229039309792892,360.0,4360.0,False,6760.0,0.0,0.9999999999999974,10,operational,662,0.4397163120567376
0.6247897175174552,0.3752102824825448,0.7770960690207107,0.2229039309792892,360.0,,True,6760.0,1.0,0.8461534867332533,11,operational,662,0.4397163120567376
0.9846091576601402,0.0153908423398597,0.1465855212183174,0.8534144787816825,360.0,1070.0,False,6760.0,0.0,0.9999999999999976,00,operational,663,0.2056737588652482
0.9823944438727444,0.0176055561272556,0.1465855212183174,0.8534144787816825,360.0,1230.0,False,6760.0,0.0,0.9999999999999976,01,operational,663,0.2056737588652482
0.9826225857562412,0.0173774142437588,0.1952637817092858,0.8047362182907142,360.0,1070.0,False,6760.0,0.0,0.9999999999999976,10,operational,663,0.2056737588652482
0.98000303136039,0.0199969686396099,0.1952637817092858,0.8047362182907142,360.0,1240.0,False,6760.0,0.0,0.9999999999999976,11,operational,663,0.2056737588652482
0.7735474410083082,0.2264525589916918,0.7368577856920985,0.2631422143079015,360.0,3770.0,False,6760.0,0.0,0.9999999999999974,00,operational,664,0.425531914893617
0.7346555967185805,0.2653444032814195,0.7368577856920985,0.2631422143079015,360.0,4700.0,False,6760.0,0.0,0.9999999999999974,01,operational,664,0.425531914893617
0.7680153785702415,0.2319846214297585,0.7482339851479577,0.2517660148520423,360.0,3770.0,False,6760.0,0.0,0.9999999999999974,10,operational,664,0.425531914893617
0.7375545847673864,0.2624454152326135,0.7482339851479577,0.2517660148520423,360.0,4670.0,False,6760.0,0.0,0.9999999999999974,11,operational,664,0.425531914893617
0.9502288182605476,0.0497711817394522,0.3653429387022961,0.6346570612977038,360.0,1960.0,False,6760.0,0.0,0.9999999999999976,00,operational,665,0.3829787234042553
0.9411665813090468,0.0588334186909531,0.3653429387022961,0.6346570612977038,360.0,2280.0,False,6760.0,0.0,0.9999999999999976,01,operational,665,0.3829787234042553
0.9381335194516296,0.0618664805483705,0.5163769980967994,0.4836230019032007,360.0,1960.0,False,6760.0,0.0,0.9999999999999976,10,operational,665,0.3829787234042553
0.8600383283120004,0.1399616716879995,0.5163769980967994,0.4836230019032007,360.0,,True,6760.0,1.0,0.93178126576305,11,operational,665,0.3829787234042553
0.921123491094436,0.0788765089055639,0.6888586944684842,0.3111413055315157,260.0,2350.0,False,6760.0,0.0,0.9999999999999976,00,operational,666,0.425531914893617
0.9018891918349404,0.0981108081650594,0.6888586944684842,0.3111413055315157,260.0,2800.0,False,6760.0,0.0,0.9999999999999976,01,operational,666,0.425531914893617
0.9039282511609862,0.0960717488390138,0.8005129122510748,0.1994870877489251,260.0,2350.0,False,6760.0,0.0,0.9999999999999976,10,operational,666,0.425531914893617
0.8842399746215165,0.1157600253784835,0.8005129122510748,0.1994870877489251,260.0,2840.0,False,6760.0,0.0,0.9999999999999976,11,operational,666,0.425531914893617
0.8215260578968225,0.1784739421031774,0.757234738079477,0.2427652619205229,360.0,3290.0,False,6760.0,0.0,0.9999999999999976,00,operational,667,0.4397163120567376
0.7843853103878221,0.2156146896121779,0.757234738079477,0.2427652619205229,360.0,4110.0,False,6760.0,0.0,0.9999999999999976,01,operational,667,0.4397163120567376
0.811504339204426,0.188495660795574,0.7733621140771636,0.2266378859228363,360.0,3290.0,False,6760.0,0.0,0.9999999999999976,10,operational,667,0.4397163120567376
0.73938011680561,0.26061988319439,0.7733621140771636,0.2266378859228363,360.0,,True,6760.0,1.0,0.931781265742762,11,operational,667,0.4397163120567376
0.9271819136211688,0.0728180863788311,0.5423396929743566,0.4576603070256434,360.0,1780.0,False,6760.0,0.0,0.9999999999999976,00,operational,668,0.2765957446808511
0.9228188246801432,0.0771811753198568,0.5423396929743566,0.4576603070256434,360.0,2090.0,False,6760.0,0.0,0.9999999999999976,01,operational,668,0.2765957446808511
0.924383380588384,0.0756166194116161,0.5719761597619889,0.4280238402380111,360.0,1780.0,False,6760.0,0.0,0.9999999999999976,10,operational,668,0.2765957446808511
0.9198890001065836,0.0801109998934163,0.5719761597619889,0.4280238402380111,360.0,2100.0,False,6760.0,0.0,0.9999999999999976,11,operational,668,0.2765957446808511
0.9661415116394227,0.0338584883605772,0.3709462149482354,0.6290537850517646,360.0,1060.0,False,6760.0,0.0,0.9999999999999976,00,operational,669,0.2198581560283688
0.9653952215736312,0.0346047784263687,0.3709462149482354,0.6290537850517646,360.0,1100.0,False,6760.0,0.0,0.9999999999999976,01,operational,669,0.2198581560283688
0.9650298313968648,0.0349701686031351,0.3990362800071558,0.6009637199928441,360.0,1060.0,False,6760.0,0.0,0.9999999999999976,10,operational,669,0.2198581560283688
0.9642835413310734,0.0357164586689265,0.3990362800071558,0.6009637199928441,360.0,1100.0,False,6760.0,0.0,0.9999999999999976,11,operational,669,0.2198581560283688
0.9194294275103664,0.0805705724896337,0.4704452307537041,0.5295547692462959,360.0,1960.0,False,6760.0,0.0,0.9999999999999976,00,operational,670,0.3333333333333333
0.9130559312680512,0.0869440687319489,0.4704452307537041,0.5295547692462959,360.0,2230.0,False,6760.0,0.0,0.9999999999999976,01,operational,670,0.3333333333333333
0.9160060953091148,0.0839939046908851,0.5044293346725046,0.4955706653274953,360.0,1960.0,False,6760.0,0.0,0.9999999999999976,10,operational,670,0.3333333333333333
0.9066734148426056,0.0933265851573944,0.5044293346725046,0.4955706653274953,360.0,2280.0,False,6760.0,0.0,0.9999999999999976,11,operational,670,0.3333333333333333
0.9160735637719948,0.0839264362280053,0.3893879019488663,0.6106120980511337,360.0,2250.0,False,6760.0,0.0,0.9999999999999976,00,operational,671,0.2695035460992908
0.8896014831429913,0.1103985168570087,0.3893879019488663,0.6106120980511337,360.0,3150.0,False,6760.0,0.0,0.9999999999999976,01,operational,671,0.2695035460992908
0.9070426426657954,0.0929573573342046,0.4366929983104791,0.5633070016895209,360.0,2250.0,False,6760.0,0.0,0.9999999999999976,10,operational,671,0.2695035460992908
0.8119900936225259,0.188009906377474,0.4366929983104791,0.5633070016895209,360.0,,True,6760.0,1.0,0.8893731197842348,11,operational,671,0.2695035460992908
0.9006968598350785,0.0993031401649214,0.7184805276440954,0.2815194723559046,360.0,2200.0,False,6760.0,0.0,0.9999999999999976,00,operational,672,0.3120567375886525
0.870806276516933,0.129193723483067,0.7184805276440954,0.2815194723559046,360.0,2760.0,False,6760.0,0.0,0.9999999999999976,01,operational,672,0.3120567375886525
0.8864613789232939,0.113538621076706,0.8229909127715609,0.177009087228439,360.0,2200.0,False,6760.0,0.0,0.9999999999999976,10,operational,672,0.3120567375886525
0.5803162581591719,0.4196837418408281,0.8229909127715609,0.177009087228439,360.0,,True,6760.0,1.0,0.6297999448515299,11,operational,672,0.3120567375886525
0.7916057306915016,0.2083942693084983,0.6896061351805338,0.3103938648194662,360.0,3390.0,False,6760.0,0.0,0.9999999999999974,00,operational,673,0.3971631205673759
0.779180491804845,0.2208195081951549,0.6896061351805338,0.3103938648194662,360.0,4090.0,False,6760.0,0.0,0.9999999999999974,01,operational,673,0.3971631205673759
0.7866909715490354,0.2133090284509645,0.6956286715059384,0.3043713284940615,360.0,3390.0,False,6760.0,0.0,0.9999999999999974,10,operational,673,0.3971631205673759
0.7757960401778616,0.2242039598221383,0.6956286715059384,0.3043713284940615,360.0,4080.0,False,6760.0,0.0,0.9999999999999974,11,operational,673,0.3971631205673759
0.7780499078231655,0.2219500921768344,0.731384121547666,0.2686158784523341,360.0,3570.0,False,6760.0,0.0,0.9999999999999976,00,operational,674,0.375886524822695
0.7558658383667907,0.2441341616332093,0.731384121547666,0.2686158784523341,360.0,4910.0,False,6760.0,0.0,0.9999999999999976,01,operational,674,0.375886524822695
0.7711707331313906,0.2288292668686093,0.742223490085683,0.257776509914317,360.0,3570.0,False,6760.0,0.0,0.9999999999999976,10,operational,674,0.375886524822695
0.7057915196475096,0.2942084803524903,0.742223490085683,0.257776509914317,360.0,,True,6760.0,1.0,0.8504660360830044,11,operational,674,0.375886524822695
0.9661709004950574,0.0338290995049426,0.3328527170495046,0.6671472829504954,360.0,1180.0,False,6760.0,0.0,0.9999999999999976,00,operational,675,0.2056737588652482
0.963659928946691,0.036340071053309,0.3328527170495046,0.6671472829504954,360.0,1290.0,False,6760.0,0.0,0.9999999999999976,01,operational,675,0.2056737588652482
0.9653626678128318,0.0346373321871682,0.3384692125364732,0.6615307874635268,360.0,1180.0,False,6760.0,0.0,0.9999999999999976,10,operational,675,0.2056737588652482
0.9628071148146689,0.0371928851853312,0.3384692125364732,0.6615307874635268,360.0,1290.0,False,6760.0,0.0,0.9999999999999976,11,operational,675,0.2056737588652482
0.9328506260718358,0.0671493739281642,0.4149052216458528,0.5850947783541471,360.0,1880.0,False,6760.0,0.0,0.9999999999999976,00,operational,676,0.2836879432624113
0.923218208098336,0.0767817919016641,0.4149052216458528,0.5850947783541471,360.0,2330.0,False,6760.0,0.0,0.9999999999999976,01,operational,676,0.2836879432624113
0.926227341571445,0.0737726584285549,0.4744088926597591,0.5255911073402408,360.0,1880.0,False,6760.0,0.0,0.9999999999999976,10,operational,676,0.2836879432624113
0.9183096873512664,0.0816903126487336,0.4744088926597591,0.5255911073402408,360.0,2330.0,False,6760.0,0.0,0.9999999999999976,11,operational,676,0.2836879432624113
0.9022997337294132,0.0977002662705869,0.4907152306482403,0.5092847693517597,360.0,2370.0,False,6760.0,0.0,0.9999999999999976,00,operational,677,0.3475177304964539
0.8822335419910189,0.1177664580089811,0.4907152306482403,0.5092847693517597,360.0,2870.0,False,6760.0,0.0,0.9999999999999976,01,operational,677,0.3475177304964539
0.8919412392223346,0.1080587607776654,0.5339334231877025,0.4660665768122974,360.0,2370.0,False,6760.0,0.0,0.9999999999999976,10,operational,677,0.3475177304964539
0.8875656856597647,0.1124343143402353,0.5339334231877025,0.4660665768122974,360.0,2870.0,False,6760.0,0.0,0.9999999999999976,11,operational,677,0.3475177304964539
0.814864980698547,0.185135019301453,0.7371697371570127,0.2628302628429872,360.0,3480.0,False,6760.0,0.0,0.9999999999999976,00,operational,678,0.475177304964539
0.7998088302023995,0.2001911697976005,0.7371697371570127,0.2628302628429872,360.0,4540.0,False,6760.0,0.0,0.9999999999999976,01,operational,678,0.475177304964539
0.7960640758430739,0.203935924156926,0.8155884021724266,0.1844115978275734,360.0,3480.0,False,6760.0,0.0,0.9999999999999976,10,operational,678,0.475177304964539
0.6997612363842463,0.3002387636157537,0.8155884021724266,0.1844115978275734,360.0,,True,6760.0,1.0,0.8506156213344934,11,operational,678,0.475177304964539
0.868910340348901,0.1310896596510989,0.629404927192039,0.370595072807961,360.0,2450.0,False,6760.0,0.0,0.9999999999999976,00,operational,679,0.3049645390070922
0.8523549143570477,0.1476450856429523,0.629404927192039,0.370595072807961,360.0,3220.0,False,6760.0,0.0,0.9999999999999976,01,operational,679,0.3049645390070922
0.8641293588950789,0.135870641104921,0.6595401544018455,0.3404598455981545,360.0,2450.0,False,6760.0,0.0,0.9999999999999976,10,operational,679,0.3049645390070922
0.8445138176363369,0.155486182363663,0.6595401544018455,0.3404598455981545,360.0,3170.0,False,6760.0,0.0,0.9999999999999976,11,operational,679,0.3049645390070922
0.9320915287557344,0.0679084712442654,0.5647369669624691,0.4352630330375308,360.0,1720.0,False,6760.0,0.0,0.9999999999999976,00,operational,680,0.2978723404255319
0.9279931807294416,0.0720068192705583,0.5647369669624691,0.4352630330375308,360.0,1920.0,False,6760.0,0.0,0.9999999999999976,01,operational,680,0.2978723404255319
0.9270809410852724,0.0729190589147276,0.5917419904658946,0.4082580095341054,360.0,1720.0,False,6760.0,0.0,0.9999999999999976,10,operational,680,0.2978723404255319
0.8720057840368142,0.1279942159631858,0.5917419904658946,0.4082580095341054,360.0,,True,6760.0,1.0,0.931781265742762,11,operational,680,0.2978723404255319
0.9594229508135568,0.0405770491864433,0.3777809520585899,0.62221904794141,360.0,1280.0,False,6760.0,0.0,0.9999999999999976,00,operational,681,0.2411347517730496
0.956914670063086,0.0430853299369139,0.3777809520585899,0.62221904794141,360.0,1400.0,False,6760.0,0.0,0.9999999999999976,01,operational,681,0.2411347517730496
0.9583703211232774,0.0416296788767226,0.3869908532479698,0.6130091467520302,360.0,1280.0,False,6760.0,0.0,0.9999999999999976,10,operational,681,0.2411347517730496
0.9554182144396952,0.0445817855603049,0.3869908532479698,0.6130091467520302,360.0,1410.0,False,6760.0,0.0,0.9999999999999976,11,operational,681,0.2411347517730496
0.906295812298484,0.093704187701516,0.4369384029866388,0.5630615970133612,360.0,2580.0,False,6760.0,0.0,0.9999999999999976,00,operational,682,0.4113475177304964
0.8832589403624757,0.1167410596375243,0.4369384029866388,0.5630615970133612,360.0,3060.0,False,6760.0,0.0,0.9999999999999976,01,operational,682,0.4113475177304964
0.8943812352108211,0.1056187647891788,0.5122487352560915,0.4877512647439085,360.0,2580.0,False,6760.0,0.0,0.9999999999999976,10,operational,682,0.4113475177304964
0.8826875123204384,0.1173124876795616,0.5122487352560915,0.4877512647439085,360.0,3110.0,False,6760.0,0.0,0.9999999999999976,11,operational,682,0.4113475177304964
0.9282285552472358,0.0717714447527642,0.5130030158650121,0.4869969841349879,360.0,1600.0,False,6760.0,0.0,0.9999999999999974,00,operational,683,0.226950354609929
0.9217997425570984,0.0782002574429017,0.5130030158650121,0.4869969841349879,360.0,1890.0,False,6760.0,0.0,0.9999999999999974,01,operational,683,0.226950354609929
0.9242350533589369,0.0757649466410631,0.5493739685464722,0.4506260314535277,360.0,1600.0,False,6760.0,0.0,0.9999999999999974,10,operational,683,0.226950354609929
0.9181242600364952,0.0818757399635048,0.5493739685464722,0.4506260314535277,360.0,1890.0,False,6760.0,0.0,0.9999999999999974,11,operational,683,0.226950354609929
0.8199666755694547,0.1800333244305453,0.6475403545515446,0.3524596454484554,360.0,3600.0,False,6760.0,0.0,0.9999999999999976,00,operational,684,0.5390070921985816
0.7694618099501147,0.2305381900498853,0.6475403545515446,0.3524596454484554,360.0,4430.0,False,6760.0,0.0,0.9999999999999976,01,operational,684,0.5390070921985816
0.8124934654406772,0.1875065345593227,0.6831864006715727,0.3168135993284273,360.0,3600.0,False,6760.0,0.0,0.9999999999999976,10,operational,684,0.5390070921985816
0.7672111798858635,0.2327888201141364,0.6831864006715727,0.3168135993284273,360.0,4200.0,False,6760.0,0.0,0.9999999999999976,11,operational,684,0.5390070921985816
0.9881760382008328,0.0118239617991671,0.1344022723142625,0.8655977276857375,360.0,890.0,False,6760.0,0.0,0.9999999999999976,00,operational,685,0.1560283687943262
0.9876793200232584,0.0123206799767415,0.1344022723142625,0.8655977276857375,360.0,920.0,False,6760.0,0.0,0.9999999999999976,01,operational,685,0.1560283687943262
0.9881760382008328,0.0118239617991671,0.1344022723142625,0.8655977276857375,360.0,890.0,False,6760.0,0.0,0.9999999999999976,10,operational,685,0.1560283687943262
0.9876793200232584,0.0123206799767415,0.1344022723142625,0.8655977276857375,360.0,920.0,False,6760.0,0.0,0.9999999999999976,11,operational,685,0.1560283687943262
0.90837766643572,0.0916223335642799,0.5031725513855088,0.4968274486144912,360.0,2440.0,False,6760.0,0.0,0.9999999999999976,00,operational,686,0.375886524822695
0.8835724953569822,0.1164275046430177,0.5031725513855086,0.4968274486144913,360.0,2960.0,False,6760.0,0.0,0.9999999999999976,01,operational,686,0.375886524822695
0.8954503879815683,0.1045496120184317,0.6051562096776502,0.3948437903223498,360.0,2440.0,False,6760.0,0.0,0.9999999999999976,10,operational,686,0.375886524822695
0.8806336911995212,0.1193663088004788,0.6051562096776502,0.3948437903223498,360.0,3040.0,False,6760.0,0.0,0.9999999999999976,11,operational,686,0.375886524822695
0.9532438695788636,0.0467561304211363,0.8266534010763273,0.1733465989236726,290.0,1350.0,False,6760.0,0.0,0.9999999999999974,00,operational,687,0.2340425531914893
0.9509347807840433,0.0490652192159567,0.8266534010763273,0.1733465989236726,290.0,1490.0,False,6760.0,0.0,0.9999999999999974,01,operational,687,0.2340425531914893
0.9504498968545116,0.0495501031454884,0.8720626148048458,0.1279373851951541,290.0,1350.0,False,6760.0,0.0,0.9999999999999974,10,operational,687,0.2340425531914893
0.948314854593596,0.051685145406404,0.8720626148048458,0.1279373851951541,290.0,1490.0,False,6760.0,0.0,0.9999999999999974,11,operational,687,0.2340425531914893
0.9382681951018792,0.0617318048981206,0.4665477402295578,0.5334522597704422,360.0,1600.0,False,6760.0,0.0,0.9999999999999976,00,operational,688,0.2624113475177305
0.9284264791620748,0.0715735208379253,0.4665477402295578,0.5334522597704422,360.0,2040.0,False,6760.0,0.0,0.9999999999999976,01,operational,688,0.2624113475177305
0.936574635334691,0.063425364665309,0.4933970768197332,0.5066029231802668,360.0,1600.0,False,6760.0,0.0,0.9999999999999976,10,operational,688,0.2624113475177305
0.927548814065536,0.072451185934464,0.4933970768197332,0.5066029231802668,360.0,2040.0,False,6760.0,0.0,0.9999999999999976,11,operational,688,0.2624113475177305
0.9211281466287716,0.0788718533712284,0.5027729133804872,0.4972270866195128,360.0,2060.0,False,6760.0,0.0,0.9999999999999976,00,operational,689,0.3900709219858156
0.9061106454131655,0.0938893545868343,0.5027729133804872,0.4972270866195128,360.0,2540.0,False,6760.0,0.0,0.9999999999999976,01,operational,689,0.3900709219858156
0.915414192578757,0.084585807421243,0.5760368507725249,0.4239631492274752,360.0,2060.0,False,6760.0,0.0,0.9999999999999976,10,operational,689,0.3900709219858156
0.9048035990079908,0.0951964009920093,0.5760368507725249,0.4239631492274752,360.0,2560.0,False,6760.0,0.0,0.9999999999999976,11,operational,689,0.3900709219858156
0.9151300311887424,0.0848699688112576,0.4094066907494861,0.5905933092505139,360.0,2450.0,False,6760.0,0.0,0.9999999999999976,00,operational,690,0.3546099290780142
0.9017435077921476,0.0982564922078523,0.4094066907494861,0.5905933092505139,360.0,2870.0,False,6760.0,0.0,0.9999999999999976,01,operational,690,0.3546099290780142
0.9090395629517438,0.0909604370482561,0.4340244991230622,0.5659755008769378,360.0,2450.0,False,6760.0,0.0,0.9999999999999976,10,operational,690,0.3546099290780142
0.8972334545907706,0.1027665454092293,0.4340244991230622,0.5659755008769378,360.0,2870.0,False,6760.0,0.0,0.9999999999999976,11,operational,690,0.3546099290780142
0.9302639041269194,0.0697360958730806,0.4063530632950707,0.5936469367049293,360.0,2090.0,False,6760.0,0.0,0.9999999999999976,00,operational,691,0.3546099290780142
0.9211952374415544,0.0788047625584454,0.4063530632950707,0.5936469367049293,360.0,2500.0,False,6760.0,0.0,0.9999999999999976,01,operational,691,0.3546099290780142
0.9288509849699488,0.0711490150300511,0.4115731933517783,0.5884268066482217,360.0,2090.0,False,6760.0,0.0,0.9999999999999976,10,operational,691,0.3546099290780142
0.9182461104993704,0.0817538895006294,0.4115731933517783,0.5884268066482217,360.0,2530.0,False,6760.0,0.0,0.9999999999999976,11,operational,691,0.3546099290780142
0.9061016296276508,0.0938983703723492,0.5420222974323998,0.4579777025676002,360.0,2450.0,False,6760.0,0.0,0.9999999999999976,00,operational,692,0.3333333333333333
0.8891607116809659,0.1108392883190341,0.5420222974323998,0.4579777025676002,360.0,2830.0,False,6760.0,0.0,0.9999999999999976,01,operational,692,0.3333333333333333
0.8887854169609595,0.1112145830390405,0.6192100066282671,0.3807899933717328,360.0,2450.0,False,6760.0,0.0,0.9999999999999976,10,operational,692,0.3333333333333333
0.8419089878074754,0.1580910121925246,0.6192100066282671,0.3807899933717328,360.0,,True,6760.0,1.0,0.931781265742762,11,operational,692,0.3333333333333333
0.915499450791307,0.0845005492086929,0.3835702029100193,0.6164297970899807,360.0,2460.0,False,6760.0,0.0,0.9999999999999976,00,operational,693,0.3687943262411347
0.8994152302430153,0.1005847697569847,0.3835702029100193,0.6164297970899807,360.0,3030.0,False,6760.0,0.0,0.9999999999999976,01,operational,693,0.3687943262411347
0.9143672140035316,0.0856327859964682,0.3910383938274604,0.6089616061725396,360.0,2460.0,False,6760.0,0.0,0.9999999999999976,10,operational,693,0.3687943262411347
0.8983988211541637,0.1016011788458363,0.3910383938274604,0.6089616061725396,360.0,3040.0,False,6760.0,0.0,0.9999999999999976,11,operational,693,0.3687943262411347
0.9006025084525198,0.0993974915474802,0.606727422060905,0.393272577939095,360.0,2140.0,False,6760.0,0.0,0.9999999999999976,00,operational,694,0.3404255319148936
0.891508973813577,0.108491026186423,0.6067274220609051,0.3932725779390949,360.0,2590.0,False,6760.0,0.0,0.9999999999999976,01,operational,694,0.3404255319148936
0.8971706009277461,0.1028293990722538,0.6180312757395598,0.3819687242604401,360.0,2140.0,False,6760.0,0.0,0.9999999999999976,10,operational,694,0.3404255319148936
0.887328754692622,0.112671245307378,0.6180312757395598,0.3819687242604401,360.0,2620.0,False,6760.0,0.0,0.9999999999999976,11,operational,694,0.3404255319148936
0.9048965791485912,0.0951034208514086,0.4303214752852679,0.5696785247147321,360.0,2520.0,False,6760.0,0.0,0.9999999999999976,00,operational,695,0.3687943262411347
0.8954209407827214,0.1045790592172786,0.4303214752852679,0.5696785247147321,360.0,2860.0,False,6760.0,0.0,0.9999999999999976,01,operational,695,0.3687943262411347
0.8999466403224347,0.1000533596775653,0.4387278365345465,0.5612721634654535,360.0,2520.0,False,6760.0,0.0,0.9999999999999976,10,operational,695,0.3687943262411347
0.8177550207539005,0.1822449792460995,0.4387278365345465,0.5612721634654535,360.0,,True,6760.0,1.0,0.8893731202453783,11,operational,695,0.3687943262411347
0.9877357258473756,0.0122642741526243,0.1236720723689595,0.8763279276310405,360.0,880.0,False,6760.0,0.0,0.9999999999999976,00,operational,696,0.1914893617021276
0.9876506077861902,0.0123493922138098,0.1236720723689595,0.8763279276310405,360.0,890.0,False,6760.0,0.0,0.9999999999999976,01,operational,696,0.1914893617021276
0.9843129110344554,0.0156870889655446,0.2410201553088227,0.7589798446911773,360.0,880.0,False,6760.0,0.0,0.9999999999999976,10,operational,696,0.1914893617021276
0.9822243196583194,0.0177756803416806,0.2410201553088227,0.7589798446911773,360.0,980.0,False,6760.0,0.0,0.9999999999999976,11,operational,696,0.1914893617021276
0.909330802900693,0.0906691970993069,0.4310296936729607,0.5689703063270393,360.0,2350.0,False,6760.0,0.0,0.9999999999999974,00,operational,697,0.3333333333333333
0.8918894666857179,0.1081105333142821,0.4310296936729607,0.5689703063270393,360.0,2960.0,False,6760.0,0.0,0.9999999999999974,01,operational,697,0.3333333333333333
0.9050941699672737,0.0949058300327263,0.4424823855060165,0.5575176144939835,360.0,2350.0,False,6760.0,0.0,0.9999999999999974,10,operational,697,0.3333333333333333
0.884582958517383,0.115417041482617,0.4424823855060165,0.5575176144939835,360.0,3020.0,False,6760.0,0.0,0.9999999999999974,11,operational,697,0.3333333333333333
0.8612608317546563,0.1387391682453437,0.669864619192349,0.330135380807651,360.0,2780.0,False,6760.0,0.0,0.9999999999999976,00,operational,698,0.3971631205673759
0.8336184569344629,0.1663815430655371,0.669864619192349,0.330135380807651,360.0,3460.0,False,6760.0,0.0,0.9999999999999976,01,operational,698,0.3971631205673759
0.8524873005177667,0.1475126994822333,0.7085940532569034,0.2914059467430966,360.0,2780.0,False,6760.0,0.0,0.9999999999999976,10,operational,698,0.3971631205673759
0.7408715516440264,0.2591284483559736,0.7085940532569034,0.2914059467430966,360.0,,True,6760.0,1.0,0.8893731202453783,11,operational,698,0.3971631205673759
0.8738837790893023,0.1261162209106977,0.4619874895266239,0.5380125104733761,360.0,2880.0,False,6760.0,0.0,0.9999999999999976,00,operational,699,0.4184397163120567
0.8534120637587421,0.1465879362412578,0.4619874895266239,0.5380125104733761,360.0,3460.0,False,6760.0,0.0,0.9999999999999976,01,operational,699,0.4184397163120567
0.867704929800781,0.132295070199219,0.4813344514876028,0.5186655485123972,360.0,2880.0,False,6760.0,0.0,0.9999999999999976,10,operational,699,0.4184397163120567
0.7865713625667512,0.2134286374332488,0.4813344514876028,0.5186655485123972,360.0,,True,6760.0,1.0,0.8893731202250903,11,operational,699,0.4184397163120567
0.8584837552365719,0.141516244763428,0.6554066518682413,0.3445933481317586,360.0,2800.0,False,6760.0,0.0,0.9999999999999976,00,operational,700,0.3971631205673759
0.8495099789557636,0.1504900210442363,0.6554066518682413,0.3445933481317586,360.0,3520.0,False,6760.0,0.0,0.9999999999999976,01,operational,700,0.3971631205673759
0.8534413849458882,0.1465586150541118,0.666476793778159,0.3335232062218409,360.0,2810.0,False,6760.0,0.0,0.9999999999999976,10,operational,700,0.3971631205673759
0.8414624919429584,0.1585375080570416,0.666476793778159,0.3335232062218409,360.0,3520.0,False,6760.0,0.0,0.9999999999999976,11,operational,700,0.3971631205673759
0.9005329386897054,0.0994670613102945,0.4130312281153208,0.5869687718846792,360.0,2670.0,False,6760.0,0.0,0.9999999999999976,00,operational,701,0.3900709219858156
0.8825211230221841,0.1174788769778159,0.4130312281153208,0.5869687718846792,360.0,3220.0,False,6760.0,0.0,0.9999999999999976,01,operational,701,0.3900709219858156
0.8955469113368697,0.1044530886631303,0.4338506552433188,0.5661493447566812,360.0,2670.0,False,6760.0,0.0,0.9999999999999976,10,operational,701,0.3900709219858156
0.8778236973082234,0.1221763026917766,0.4338506552433188,0.5661493447566812,360.0,3230.0,False,6760.0,0.0,0.9999999999999976,11,operational,701,0.3900709219858156
0.9159907502766798,0.0840092497233202,0.4286148241606788,0.5713851758393211,360.0,2200.0,False,6760.0,0.0,0.9999999999999974,00,operational,702,0.2907801418439716
0.8977447379660137,0.1022552620339862,0.4286148241606788,0.5713851758393211,360.0,2820.0,False,6760.0,0.0,0.9999999999999974,01,operational,702,0.2907801418439716
0.907386349103302,0.092613650896698,0.468303920120397,0.531696079879603,360.0,2200.0,False,6760.0,0.0,0.9999999999999974,10,operational,702,0.2907801418439716
0.812653255847696,0.187346744152304,0.468303920120397,0.531696079879603,360.0,,True,6760.0,1.0,0.8893731202453783,11,operational,702,0.2907801418439716
0.9172463332391008,0.0827536667608993,0.4512785804720226,0.5487214195279774,360.0,2270.0,False,6760.0,0.0,0.9999999999999976,00,operational,703,0.3829787234042553
0.9094856894247592,0.0905143105752408,0.4512785804720226,0.5487214195279774,360.0,2600.0,False,6760.0,0.0,0.9999999999999976,01,operational,703,0.3829787234042553
0.9129801476648226,0.0870198523351774,0.4927415701199684,0.5072584298800316,360.0,2270.0,False,6760.0,0.0,0.9999999999999976,10,operational,703,0.3829787234042553
0.9057241154498096,0.0942758845501903,0.4927415701199684,0.5072584298800316,360.0,2600.0,False,6760.0,0.0,0.9999999999999976,11,operational,703,0.3829787234042553
0.9416259060076178,0.0583740939923822,0.3894562790622937,0.6105437209377063,360.0,1790.0,False,6760.0,0.0,0.9999999999999976,00,operational,704,0.3546099290780142
0.9371878644278118,0.0628121355721882,0.3894562790622937,0.6105437209377063,360.0,1970.0,False,6760.0,0.0,0.9999999999999976,01,operational,704,0.3546099290780142
0.9375726861806464,0.0624273138193535,0.4313170886112234,0.5686829113887766,360.0,1790.0,False,6760.0,0.0,0.9999999999999976,10,operational,704,0.3546099290780142
0.9305455393124918,0.0694544606875081,0.4313170886112234,0.5686829113887766,360.0,2040.0,False,6760.0,0.0,0.9999999999999976,11,operational,704,0.3546099290780142
0.9289179443217276,0.0710820556782723,0.4816122463509603,0.5183877536490397,360.0,1940.0,False,6760.0,0.0,0.9999999999999976,00,operational,705,0.3262411347517731
0.9248405600038248,0.0751594399961751,0.4816122463509603,0.5183877536490397,360.0,2200.0,False,6760.0,0.0,0.9999999999999976,01,operational,705,0.3262411347517731
0.9190616790499336,0.0809383209500664,0.541143184967017,0.458856815032983,360.0,1940.0,False,6760.0,0.0,0.9999999999999976,10,operational,705,0.3262411347517731
0.8701256325394424,0.1298743674605575,0.541143184967017,0.458856815032983,360.0,,True,6760.0,1.0,0.9317812653019064,11,operational,705,0.3262411347517731
0.9379302026712716,0.0620697973287284,0.3571636076028949,0.6428363923971051,360.0,2400.0,False,6760.0,0.0,0.9999999999999976,00,operational,706,0.3687943262411347
0.9297815163456326,0.0702184836543674,0.3571636076028949,0.6428363923971051,360.0,2750.0,False,6760.0,0.0,0.9999999999999976,01,operational,706,0.3687943262411347
0.9279642265276258,0.0720357734723742,0.4024814909017303,0.5975185090982696,360.0,2400.0,False,6760.0,0.0,0.9999999999999976,10,operational,706,0.3687943262411347
0.9207454098300994,0.0792545901699005,0.4024814909017303,0.5975185090982696,360.0,2800.0,False,6760.0,0.0,0.9999999999999976,11,operational,706,0.3687943262411347
0.9464819536460728,0.0535180463539273,0.3712039864223614,0.6287960135776386,360.0,1560.0,False,6760.0,0.0,0.9999999999999976,00,operational,707,0.2411347517730496
0.9396702083581732,0.0603297916418268,0.3712039864223614,0.6287960135776386,360.0,1810.0,False,6760.0,0.0,0.9999999999999976,01,operational,707,0.2411347517730496
0.9441562993806734,0.0558437006193266,0.3712910188599033,0.6287089811400967,360.0,1560.0,False,6760.0,0.0,0.9999999999999976,10,operational,707,0.2411347517730496
0.8901915254224452,0.1098084745775548,0.3712910188599033,0.6287089811400967,360.0,,True,6760.0,1.0,0.9317812653019064,11,operational,707,0.2411347517730496
0.7888126252270317,0.2111873747729683,0.7324101926645632,0.2675898073354367,360.0,3640.0,False,6760.0,0.0,0.9999999999999974,00,operational,708,0.4326241134751773
0.7667843796451852,0.2332156203548148,0.7324101926645632,0.2675898073354367,360.0,4640.0,False,6760.0,0.0,0.9999999999999974,01,operational,708,0.4326241134751773
0.7811745806365257,0.2188254193634743,0.7497958565954385,0.2502041434045615,360.0,3640.0,False,6760.0,0.0,0.9999999999999974,10,operational,708,0.4326241134751773
0.7502310306836506,0.2497689693163494,0.7497958565954385,0.2502041434045615,360.0,4590.0,False,6760.0,0.0,0.9999999999999974,11,operational,708,0.4326241134751773
0.9087298927891962,0.0912701072108037,0.4097309352368973,0.5902690647631027,360.0,2520.0,False,6760.0,0.0,0.9999999999999976,00,operational,709,0.3049645390070922
0.8886230132533768,0.1113769867466232,0.4097309352368973,0.5902690647631027,360.0,3270.0,False,6760.0,0.0,0.9999999999999976,01,operational,709,0.3049645390070922
0.9003239195200757,0.0996760804799242,0.4476949025549075,0.5523050974450925,360.0,2520.0,False,6760.0,0.0,0.9999999999999976,10,operational,709,0.3049645390070922
0.7542078941319479,0.2457921058680521,0.4476949025549075,0.5523050974450925,360.0,,True,6760.0,1.0,0.8087461958770292,11,operational,709,0.3049645390070922
0.9772625426838432,0.0227374573161567,0.305482206854511,0.694517793145489,360.0,770.0,False,6760.0,0.0,0.9999999999999976,00,operational,710,0.1205673758865248
0.9767974790204949,0.0232025209795052,0.305482206854511,0.694517793145489,360.0,810.0,False,6760.0,0.0,0.9999999999999976,01,operational,710,0.1205673758865248
0.9762963753023404,0.0237036246976596,0.337653553168098,0.662346446831902,360.0,770.0,False,6760.0,0.0,0.9999999999999976,10,operational,710,0.1205673758865248
0.9757162661165584,0.0242837338834416,0.337653553168098,0.662346446831902,360.0,810.0,False,6760.0,0.0,0.9999999999999976,11,operational,710,0.1205673758865248
0.9690477084735902,0.0309522915264097,0.2123889389551204,0.7876110610448795,360.0,1410.0,False,6760.0,0.0,0.9999999999999976,00,operational,711,0.2695035460992908
0.9653708560495792,0.0346291439504208,0.2123889389551204,0.7876110610448795,360.0,1590.0,False,6760.0,0.0,0.9999999999999976,01,operational,711,0.2695035460992908
0.966739702814858,0.0332602971851421,0.262547674927752,0.737452325072248,360.0,1410.0,False,6760.0,0.0,0.9999999999999976,10,operational,711,0.2695035460992908
0.96200109029686,0.0379989097031401,0.262547674927752,0.737452325072248,360.0,1600.0,False,6760.0,0.0,0.9999999999999976,11,operational,711,0.2695035460992908
0.9106139470915804,0.0893860529084197,0.5368346299444711,0.463165370055529,360.0,2250.0,False,6760.0,0.0,0.9999999999999976,00,operational,712,0.3404255319148936
0.9004832536055065,0.0995167463944934,0.5368346299444711,0.463165370055529,360.0,2620.0,False,6760.0,0.0,0.9999999999999976,01,operational,712,0.3404255319148936
0.9005982745026561,0.0994017254973439,0.5908533325329071,0.4091466674670929,360.0,2250.0,False,6760.0,0.0,0.9999999999999976,10,operational,712,0.3404255319148936
0.8496216520534493,0.1503783479465507,0.5908533325329071,0.4091466674670929,360.0,,True,6760.0,1.0,0.93178126576305,11,operational,712,0.3404255319148936
0.9476685171565296,0.0523314828434704,0.6024503540739363,0.3975496459260637,360.0,1170.0,False,6760.0,0.0,0.9999999999999976,00,operational,713,0.1914893617021276
0.9407334294594848,0.059266570540515,0.6024503540739363,0.3975496459260637,360.0,1540.0,False,6760.0,0.0,0.9999999999999976,01,operational,713,0.1914893617021276
0.944291245388354,0.0557087546116459,0.6452602619599668,0.3547397380400333,360.0,1170.0,False,6760.0,0.0,0.9999999999999976,10,operational,713,0.1914893617021276
0.8176506174550608,0.1823493825449391,0.6452602619599668,0.3547397380400333,360.0,,True,6760.0,1.0,0.8506156213344934,11,operational,713,0.1914893617021276
0.8244968072417066,0.1755031927582934,0.6839855059212665,0.3160144940787335,360.0,3380.0,False,6760.0,0.0,0.9999999999999974,00,operational,714,0.4609929078014184
0.7849833629427511,0.2150166370572489,0.6839855059212665,0.3160144940787335,360.0,4350.0,False,6760.0,0.0,0.9999999999999974,01,operational,714,0.4609929078014184
0.8172004057036125,0.1827995942963874,0.7001796918898753,0.2998203081101247,360.0,3380.0,False,6760.0,0.0,0.9999999999999974,10,operational,714,0.4609929078014184
0.7795887684824847,0.2204112315175153,0.7001796918898753,0.2998203081101246,360.0,4370.0,False,6760.0,0.0,0.9999999999999974,11,operational,714,0.4609929078014184
0.9357244954019664,0.0642755045980336,0.3731958314892335,0.6268041685107665,360.0,1890.0,False,6760.0,0.0,0.9999999999999976,00,operational,715,0.2978723404255319
0.928595122857246,0.071404877142754,0.3731958314892335,0.6268041685107665,360.0,2170.0,False,6760.0,0.0,0.9999999999999976,01,operational,715,0.2978723404255319
0.9307943134616724,0.0692056865383277,0.411994369185847,0.588005630814153,360.0,1890.0,False,6760.0,0.0,0.9999999999999976,10,operational,715,0.2978723404255319
0.8472879388416571,0.1527120611583429,0.411994369185847,0.588005630814153,360.0,,True,6760.0,1.0,0.8893731202453783,11,operational,715,0.2978723404255319
0.8941265632400142,0.1058734367599858,0.6235696358800443,0.3764303641199557,360.0,2330.0,False,6760.0,0.0,0.9999999999999976,00,operational,716,0.3475177304964539
0.8830294023049123,0.1169705976950876,0.6235696358800443,0.3764303641199557,360.0,2860.0,False,6760.0,0.0,0.9999999999999976,01,operational,716,0.3475177304964539
0.88385213850059,0.11614786149941,0.6870060716635895,0.3129939283364105,360.0,2330.0,False,6760.0,0.0,0.9999999999999976,10,operational,716,0.3475177304964539
0.7034929447718429,0.2965070552281571,0.6870060716635895,0.3129939283364105,360.0,,True,6760.0,1.0,0.7717890050583598,11,operational,716,0.3475177304964539
0.8959527210787522,0.1040472789212477,0.6292455569382718,0.3707544430617281,360.0,2090.0,False,6760.0,0.0,0.9999999999999974,00,operational,717,0.3191489361702128
0.892828099131962,0.1071719008680379,0.6292455569382718,0.3707544430617281,360.0,2230.0,False,6760.0,0.0,0.9999999999999974,01,operational,717,0.3191489361702128
0.8920383941648586,0.1079616058351413,0.6510519895136728,0.3489480104863271,360.0,2090.0,False,6760.0,0.0,0.9999999999999974,10,operational,717,0.3191489361702128
0.888237994382174,0.111762005617826,0.6510519895136728,0.3489480104863271,360.0,2250.0,False,6760.0,0.0,0.9999999999999974,11,operational,717,0.3191489361702128
0.736792755085396,0.263207244914604,0.6912349975150318,0.3087650024849681,360.0,4590.0,False,6760.0,0.0,0.9999999999999974,00,operational,718,0.5886524822695035
0.6584907618028347,0.3415092381971653,0.6912349975150318,0.3087650024849681,360.0,6270.0,False,6760.0,0.0,0.9999999999999049,01,operational,718,0.5886524822695035
0.7238428027116627,0.2761571972883373,0.7103235462964936,0.2896764537035063,360.0,4590.0,False,6760.0,0.0,0.9999999999999974,10,operational,718,0.5886524822695035
0.5675276712074111,0.4324723287925889,0.7103235462964936,0.2896764537035063,360.0,,True,6760.0,1.0,0.7717890050583598,11,operational,718,0.5886524822695035
0.868056536192466,0.1319434638075339,0.6392932884718713,0.3607067115281287,360.0,2740.0,False,6760.0,0.0,0.9999999999999976,00,operational,719,0.3900709219858156
0.8526566515700373,0.1473433484299626,0.6392932884718713,0.3607067115281287,360.0,3520.0,False,6760.0,0.0,0.9999999999999976,01,operational,719,0.3900709219858156
0.8642950648673617,0.1357049351326382,0.6572579913109711,0.3427420086890289,360.0,2740.0,False,6760.0,0.0,0.9999999999999976,10,operational,719,0.3900709219858156
0.8434607149985469,0.1565392850014531,0.6572579913109711,0.3427420086890289,360.0,3570.0,False,6760.0,0.0,0.9999999999999976,11,operational,719,0.3900709219858156
0.9489130454437608,0.0510869545562392,0.3434091729796023,0.6565908270203977,360.0,1840.0,False,6760.0,0.0,0.9999999999999976,00,operational,720,0.2907801418439716
0.9454104550889502,0.0545895449110498,0.3434091729796023,0.6565908270203977,360.0,2000.0,False,6760.0,0.0,0.9999999999999976,01,operational,720,0.2907801418439716
0.9428275760383752,0.0571724239616248,0.3812342864903681,0.6187657135096318,360.0,1840.0,False,6760.0,0.0,0.9999999999999976,10,operational,720,0.2907801418439716
0.9370887610570664,0.0629112389429334,0.3812342864903681,0.6187657135096318,360.0,2050.0,False,6760.0,0.0,0.9999999999999976,11,operational,720,0.2907801418439716
0.770334813266673,0.229665186733327,0.6672080050518039,0.3327919949481961,360.0,4160.0,False,6760.0,0.0,0.9999999999999976,00,operational,721,0.5035460992907801
0.7493465240026049,0.250653475997395,0.6672080050518039,0.3327919949481961,360.0,5720.0,False,6760.0,0.0,0.9999999999999976,01,operational,721,0.5035460992907801
0.7600376236017417,0.2399623763982583,0.7033312553271817,0.2966687446728183,360.0,4160.0,False,6760.0,0.0,0.9999999999999976,10,operational,721,0.5035460992907801
0.7371345959689822,0.2628654040310177,0.7033312553271817,0.2966687446728183,360.0,5600.0,False,6760.0,0.0,0.9999999999999976,11,operational,721,0.5035460992907801
0.9587784557827582,0.0412215442172417,0.3403180652957884,0.6596819347042115,360.0,1560.0,False,6760.0,0.0,0.9999999999999976,00,operational,722,0.2624113475177305
0.9528349557057226,0.0471650442942773,0.3403180652957773,0.6596819347042227,360.0,1740.0,False,6760.0,0.0,0.9999999999999976,01,operational,722,0.2624113475177305
0.9517757979439552,0.0482242020560448,0.4323575533475273,0.5676424466524727,360.0,1560.0,False,6760.0,0.0,0.9999999999999976,10,operational,722,0.2624113475177305
0.9528043156921134,0.0471956843078865,0.4323575533475342,0.5676424466524658,360.0,1790.0,False,6760.0,0.0,0.9999999999999976,11,operational,722,0.2624113475177305
0.9503640044306452,0.0496359955693549,0.3635537023545674,0.6364462976454326,360.0,1440.0,False,6760.0,0.0,0.9999999999999976,00,operational,723,0.226950354609929
0.9339909821092236,0.0660090178907762,0.3635537023545674,0.6364462976454326,360.0,1880.0,False,6760.0,0.0,0.9999999999999976,01,operational,723,0.226950354609929
0.947686698995406,0.052313301004594,0.3890994193188788,0.6109005806811212,360.0,1440.0,False,6760.0,0.0,0.9999999999999976,10,operational,723,0.226950354609929
0.9347094381092176,0.0652905618907824,0.3890994193188788,0.6109005806811212,360.0,1860.0,False,6760.0,0.0,0.9999999999999976,11,operational,723,0.226950354609929
0.9603554085779412,0.0396445914220587,0.3389053904931159,0.661094609506884,360.0,1520.0,False,6760.0,0.0,0.9999999999999976,00,operational,724,0.2695035460992908
0.9531456289469512,0.0468543710530486,0.3389053904931159,0.661094609506884,360.0,1760.0,False,6760.0,0.0,0.9999999999999976,01,operational,724,0.2695035460992908
0.9525080978566132,0.0474919021433868,0.4814467612276177,0.5185532387723822,360.0,1520.0,False,6760.0,0.0,0.9999999999999976,10,operational,724,0.2695035460992908
0.944043507216996,0.0559564927830038,0.4814467612276177,0.5185532387723822,360.0,1820.0,False,6760.0,0.0,0.9999999999999976,11,operational,724,0.2695035460992908
0.9493402560235724,0.0506597439764275,0.3411186388226206,0.6588813611773794,360.0,1580.0,False,6760.0,0.0,0.9999999999999976,00,operational,725,0.226950354609929
0.9400377476692224,0.0599622523307774,0.3411186388226206,0.6588813611773794,360.0,1910.0,False,6760.0,0.0,0.9999999999999976,01,operational,725,0.226950354609929
0.945525682796219,0.054474317203781,0.3775423114904932,0.6224576885095068,360.0,1580.0,False,6760.0,0.0,0.9999999999999976,10,operational,725,0.226950354609929
0.9366573089665212,0.0633426910334788,0.3775423114904932,0.6224576885095068,360.0,1920.0,False,6760.0,0.0,0.9999999999999976,11,operational,725,0.226950354609929
0.982532152532485,0.0174678474675149,0.1405498555276663,0.8594501444723337,360.0,1100.0,False,6760.0,0.0,0.9999999999999976,00,operational,726,0.2127659574468085
0.98186568663512,0.0181343133648799,0.1405498555276663,0.8594501444723337,360.0,1150.0,False,6760.0,0.0,0.9999999999999976,01,operational,726,0.2127659574468085
0.9778024340572524,0.0221975659427476,0.2394248676326672,0.7605751323673328,360.0,1100.0,False,6760.0,0.0,0.9999999999999976,10,operational,726,0.2127659574468085
0.9755557811367505,0.0244442188632495,0.2394248676326672,0.7605751323673328,360.0,1190.0,False,6760.0,0.0,0.9999999999999976,11,operational,726,0.2127659574468085
0.8905854508962602,0.1094145491037398,0.5700849538710961,0.4299150461289038,360.0,2490.0,False,6760.0,0.0,0.9999999999999976,00,operational,727,0.3687943262411347
0.8690032318717362,0.1309967681282637,0.5700849538710961,0.4299150461289038,360.0,2940.0,False,6760.0,0.0,0.9999999999999976,01,operational,727,0.3687943262411347
0.8832199570176607,0.1167800429823393,0.5990262561602981,0.4009737438397018,360.0,2490.0,False,6760.0,0.0,0.9999999999999976,10,operational,727,0.3687943262411347
0.8685436933180466,0.1314563066819534,0.5990262561602981,0.4009737438397018,360.0,2990.0,False,6760.0,0.0,0.9999999999999976,11,operational,727,0.3687943262411347
0.7815045748536337,0.2184954251463663,0.7585930601390242,0.2414069398609758,360.0,3640.0,False,6760.0,0.0,0.9999999999999974,00,operational,728,0.4609929078014184
0.7366077339962482,0.2633922660037517,0.7585930601390242,0.2414069398609758,360.0,5130.0,False,6760.0,0.0,0.9999999999999974,01,operational,728,0.4609929078014184
0.7719571056523106,0.2280428943476894,0.7740691116105004,0.2259308883894996,360.0,3640.0,False,6760.0,0.0,0.9999999999999974,10,operational,728,0.4609929078014184
0.591604594896838,0.4083954051031619,0.7740691116105004,0.2259308883894996,360.0,,True,6760.0,1.0,0.6511109436944912,11,operational,728,0.4609929078014184
0.8782734206510332,0.1217265793489668,0.6097261018587873,0.3902738981412127,360.0,2480.0,False,6760.0,0.0,0.9999999999999976,00,operational,729,0.3404255319148936
0.8710488068614627,0.1289511931385373,0.6097261018587873,0.3902738981412127,360.0,3050.0,False,6760.0,0.0,0.9999999999999976,01,operational,729,0.3404255319148936
0.8727969535063411,0.1272030464936588,0.6294673624810636,0.3705326375189364,360.0,2480.0,False,6760.0,0.0,0.9999999999999976,10,operational,729,0.3404255319148936
0.8649536663436113,0.1350463336563887,0.6294673624810636,0.3705326375189364,360.0,3100.0,False,6760.0,0.0,0.9999999999999976,11,operational,729,0.3404255319148936
0.9605572203329814,0.0394427796670185,0.347018911556315,0.652981088443685,360.0,1390.0,False,6760.0,0.0,0.9999999999999976,00,operational,730,0.2553191489361702
0.9522533953205176,0.0477466046794824,0.347018911556315,0.652981088443685,360.0,1740.0,False,6760.0,0.0,0.9999999999999976,01,operational,730,0.2553191489361702
0.9561188393224704,0.0438811606775296,0.4132863767399591,0.5867136232600408,360.0,1390.0,False,6760.0,0.0,0.9999999999999976,10,operational,730,0.2553191489361702
0.8273796955913073,0.1726203044086927,0.4132863767399591,0.5867136232600408,360.0,,True,6760.0,1.0,0.8506156213344934,11,operational,730,0.2553191489361702
0.9063617938541916,0.0936382061458085,0.596926555387101,0.4030734446128989,360.0,2200.0,False,6760.0,0.0,0.9999999999999976,00,operational,731,0.3191489361702128
0.887013395429272,0.1129866045707279,0.596926555387101,0.4030734446128989,360.0,2660.0,False,6760.0,0.0,0.9999999999999976,01,operational,731,0.3191489361702128
0.8934594974653641,0.1065405025346358,0.713322380431429,0.2866776195685709,360.0,2200.0,False,6760.0,0.0,0.9999999999999976,10,operational,731,0.3191489361702128
0.8888046901503365,0.1111953098496635,0.713322380431429,0.2866776195685709,360.0,2660.0,False,6760.0,0.0,0.9999999999999976,11,operational,731,0.3191489361702128
0.9515150101527068,0.0484849898472933,0.3594273016211644,0.6405726983788356,360.0,1500.0,False,6760.0,0.0,0.9999999999999976,00,operational,732,0.2553191489361702
0.9461900831225394,0.0538099168774606,0.3594273016211644,0.6405726983788356,360.0,1740.0,False,6760.0,0.0,0.9999999999999976,01,operational,732,0.2553191489361702
0.9486522262769828,0.0513477737230171,0.3891271017431517,0.6108728982568483,360.0,1500.0,False,6760.0,0.0,0.9999999999999976,10,operational,732,0.2553191489361702
0.9426670170794142,0.0573329829205857,0.3891271017431517,0.6108728982568483,360.0,1780.0,False,6760.0,0.0,0.9999999999999976,11,operational,732,0.2553191489361702
0.9376471289341172,0.0623528710658827,0.4641581712071295,0.5358418287928705,360.0,1740.0,False,6760.0,0.0,0.9999999999999976,00,operational,733,0.2907801418439716
0.9273131852398746,0.0726868147601254,0.4641581712071295,0.5358418287928705,360.0,2140.0,False,6760.0,0.0,0.9999999999999976,01,operational,733,0.2907801418439716
0.9338978223281892,0.0661021776718109,0.516843371970718,0.4831566280292821,360.0,1740.0,False,6760.0,0.0,0.9999999999999976,10,operational,733,0.2907801418439716
0.9284235393749792,0.0715764606250208,0.516843371970718,0.483156628029282,360.0,2130.0,False,6760.0,0.0,0.9999999999999976,11,operational,733,0.2907801418439716
0.7614123819826681,0.2385876180173318,0.7474527026318812,0.2525472973681187,360.0,3890.0,False,6760.0,0.0,0.9999999999999976,00,operational,734,0.425531914893617
0.7082420773379143,0.2917579226620856,0.7474527026318812,0.2525472973681187,360.0,5040.0,False,6760.0,0.0,0.9999999999999976,01,operational,734,0.425531914893617
0.7520637520462112,0.2479362479537887,0.7508070942589896,0.2491929057410104,360.0,3890.0,False,6760.0,0.0,0.9999999999999976,10,operational,734,0.425531914893617
0.7321872417205083,0.2678127582794917,0.7508070942589896,0.2491929057410104,360.0,5160.0,False,6760.0,0.0,0.9999999999999976,11,operational,734,0.425531914893617
0.9278804757924722,0.0721195242075277,0.3988284347063824,0.6011715652936176,360.0,1990.0,False,6760.0,0.0,0.9999999999999976,00,operational,735,0.2907801418439716
0.9204212715245044,0.0795787284754956,0.3988284347063824,0.6011715652936176,360.0,2270.0,False,6760.0,0.0,0.9999999999999976,01,operational,735,0.2907801418439716
0.9237671527758406,0.0762328472241593,0.4129777472792431,0.5870222527207569,360.0,1990.0,False,6760.0,0.0,0.9999999999999976,10,operational,735,0.2907801418439716
0.9163856736806922,0.0836143263193077,0.4129777472792431,0.5870222527207569,360.0,2320.0,False,6760.0,0.0,0.9999999999999976,11,operational,735,0.2907801418439716
0.6246790414520591,0.3753209585479409,0.774262071131161,0.225737928868839,360.0,5470.0,False,6760.0,0.0,0.9999999999999976,00,operational,736,0.524822695035461
0.5463587780848634,0.4536412219151365,0.774262071131161,0.225737928868839,360.0,,True,6760.0,1.0,0.9073005786266816,01,operational,736,0.524822695035461
0.6166298841959339,0.3833701158040661,0.7757769102560796,0.2242230897439204,360.0,5470.0,False,6760.0,0.0,0.9999999999999976,10,operational,736,0.524822695035461
0.5279927810149175,0.4720072189850824,0.7757769102560796,0.2242230897439204,360.0,,True,6760.0,1.0,0.6430575657833794,11,operational,736,0.524822695035461
0.9168462570594152,0.0831537429405847,0.6000145937096503,0.3999854062903497,360.0,2000.0,False,6760.0,0.0,0.9999999999999976,00,operational,737,0.3333333333333333
0.9121929967350488,0.087807003264951,0.6000145937096503,0.3999854062903497,360.0,2190.0,False,6760.0,0.0,0.9999999999999976,01,operational,737,0.3333333333333333
0.9107396412157368,0.0892603587842633,0.6529631506175233,0.3470368493824766,360.0,2000.0,False,6760.0,0.0,0.9999999999999976,10,operational,737,0.3333333333333333
0.9064131789806816,0.0935868210193184,0.6529631506175233,0.3470368493824766,360.0,2220.0,False,6760.0,0.0,0.9999999999999976,11,operational,737,0.3333333333333333
0.78829965033974,0.2117003496602599,0.7625050279311606,0.2374949720688394,360.0,3690.0,False,6760.0,0.0,0.9999999999999976,00,operational,738,0.5035460992907801
0.7231432429727432,0.2768567570272567,0.7625050279311606,0.2374949720688394,360.0,4860.0,False,6760.0,0.0,0.9999999999999976,01,operational,738,0.5035460992907801
0.7741209029455959,0.2258790970544041,0.8052242658715512,0.1947757341284488,360.0,3690.0,False,6760.0,0.0,0.9999999999999976,10,operational,738,0.5035460992907801
0.6120971876082437,0.3879028123917563,0.8052242658715512,0.1947757341284488,360.0,,True,6760.0,1.0,0.7717890050583598,11,operational,738,0.5035460992907801
0.938150877426538,0.0618491225734619,0.3690390343457448,0.6309609656542552,360.0,1960.0,False,6760.0,0.0,0.9999999999999976,00,operational,739,0.2907801418439716
0.9292333992287108,0.0707666007712891,0.3690390343457448,0.6309609656542552,360.0,2260.0,False,6760.0,0.0,0.9999999999999976,01,operational,739,0.2907801418439716
0.931430584527405,0.0685694154725949,0.4128910649456967,0.5871089350543033,360.0,1960.0,False,6760.0,0.0,0.9999999999999976,10,operational,739,0.2907801418439716
0.9152732530577956,0.0847267469422042,0.4128910649456967,0.5871089350543033,360.0,2350.0,False,6760.0,0.0,0.9999999999999976,11,operational,739,0.2907801418439716
0.9584266097422158,0.0415733902577841,0.2939969694975362,0.7060030305024638,360.0,1340.0,False,6760.0,0.0,0.9999999999999976,00,operational,740,0.3191489361702128
0.9536129889705164,0.0463870110294837,0.2939969694975362,0.7060030305024638,360.0,1540.0,False,6760.0,0.0,0.9999999999999976,01,operational,740,0.3191489361702128
0.9577880571464632,0.0422119428535368,0.3013616233702669,0.698638376629733,360.0,1340.0,False,6760.0,0.0,0.9999999999999976,10,operational,740,0.3191489361702128
0.9524612499781826,0.0475387500218174,0.3013616233702669,0.698638376629733,360.0,1550.0,False,6760.0,0.0,0.9999999999999976,11,operational,740,0.3191489361702128
0.9255844661936024,0.0744155338063976,0.4225095880454366,0.5774904119545634,360.0,1900.0,False,6760.0,0.0,0.9999999999999976,00,operational,741,0.2978723404255319
0.9190294386199162,0.0809705613800838,0.4225095880454366,0.5774904119545634,360.0,2120.0,False,6760.0,0.0,0.9999999999999976,01,operational,741,0.2978723404255319
0.9223184184775208,0.0776815815224791,0.4401788913515435,0.5598211086484565,360.0,1900.0,False,6760.0,0.0,0.9999999999999976,10,operational,741,0.2978723404255319
0.9149438697391948,0.0850561302608051,0.4401788913515435,0.5598211086484565,360.0,2160.0,False,6760.0,0.0,0.9999999999999976,11,operational,741,0.2978723404255319
0.8069183678880574,0.1930816321119426,0.6817097034510169,0.318290296548983,360.0,3440.0,False,6760.0,0.0,0.9999999999999976,00,operational,742,0.4184397163120567
0.7909185644241081,0.2090814355758918,0.6817097034510169,0.318290296548983,360.0,4460.0,False,6760.0,0.0,0.9999999999999976,01,operational,742,0.4184397163120567
0.7964868839438235,0.2035131160561765,0.7094443798950247,0.2905556201049753,360.0,3440.0,False,6760.0,0.0,0.9999999999999976,10,operational,742,0.4184397163120567
0.727144298747416,0.2728557012525839,0.7094443798950247,0.2905556201049753,360.0,,True,6760.0,1.0,0.850520107505908,11,operational,742,0.4184397163120567
0.8063338850826923,0.1936661149173076,0.6510609209869216,0.3489390790130784,360.0,3440.0,False,6760.0,0.0,0.9999999999999976,00,operational,743,0.4042553191489361
0.7887206053874867,0.2112793946125133,0.6510609209869216,0.3489390790130784,360.0,4450.0,False,6760.0,0.0,0.9999999999999976,01,operational,743,0.4042553191489361
0.800151373954403,0.199848626045597,0.6685494155076841,0.3314505844923159,360.0,3440.0,False,6760.0,0.0,0.9999999999999976,10,operational,743,0.4042553191489361
0.7845129900602019,0.215487009939798,0.6685494155076841,0.3314505844923159,360.0,4450.0,False,6760.0,0.0,0.9999999999999976,11,operational,743,0.4042553191489361
0.8204190050141156,0.1795809949858844,0.6288240037669292,0.3711759962330708,360.0,3380.0,False,6760.0,0.0,0.9999999999999976,00,operational,744,0.3971631205673759
0.7734189727830123,0.2265810272169877,0.6288240037669292,0.3711759962330708,360.0,4450.0,False,6760.0,0.0,0.9999999999999976,01,operational,744,0.3971631205673759
0.802363197398458,0.197636802601542,0.683361606104764,0.3166383938952359,360.0,3380.0,False,6760.0,0.0,0.9999999999999976,10,operational,744,0.3971631205673759
0.7317972771972192,0.2682027228027808,0.683361606104764,0.3166383938952359,360.0,,True,6760.0,1.0,0.9317812653019064,11,operational,744,0.3971631205673759
0.8047007152609504,0.1952992847390495,0.685138779966213,0.3148612200337869,360.0,3270.0,False,6760.0,0.0,0.9999999999999976,00,operational,745,0.375886524822695
0.7855797900185953,0.2144202099814046,0.685138779966213,0.3148612200337869,360.0,4130.0,False,6760.0,0.0,0.9999999999999976,01,operational,745,0.375886524822695
0.7951467278448916,0.2048532721551084,0.7040987768763076,0.2959012231236923,360.0,3270.0,False,6760.0,0.0,0.9999999999999976,10,operational,745,0.375886524822695
0.6569275340909477,0.3430724659090522,0.7040987768763076,0.2959012231236923,360.0,,True,6760.0,1.0,0.77178900505836,11,operational,745,0.375886524822695
0.7975687182235476,0.2024312817764524,0.7302784469689313,0.2697215530310687,360.0,3700.0,False,6760.0,0.0,0.9999999999999974,00,operational,746,0.4539007092198581
0.7317007480053869,0.2682992519946131,0.7302784469689313,0.2697215530310687,360.0,5030.0,False,6760.0,0.0,0.9999999999999974,01,operational,746,0.4539007092198581
0.7910134072685023,0.2089865927314976,0.7342083907223546,0.2657916092776454,360.0,3700.0,False,6760.0,0.0,0.9999999999999974,10,operational,746,0.4539007092198581
0.6598718199591932,0.3401281800408068,0.7342083907223546,0.2657916092776454,360.0,,True,6760.0,1.0,0.8506156213344934,11,operational,746,0.4539007092198581
0.7910690596416228,0.2089309403583772,0.7638455771344244,0.2361544228655756,360.0,3520.0,False,6760.0,0.0,0.9999999999999976,00,operational,747,0.4609929078014184
0.752710724571309,0.2472892754286909,0.7638455771344244,0.2361544228655756,360.0,4790.0,False,6760.0,0.0,0.9999999999999976,01,operational,747,0.4609929078014184
0.7834997980567772,0.2165002019432228,0.7880180108430634,0.2119819891569365,190.0,3520.0,False,6760.0,0.0,0.9999999999999976,10,operational,747,0.4609929078014184
0.6993769717656997,0.3006230282343003,0.7880180108430634,0.2119819891569365,190.0,,True,6760.0,1.0,0.93178126576305,11,operational,747,0.4609929078014184
0.9118547151381724,0.0881452848618274,0.4141993321723599,0.5858006678276401,360.0,2310.0,False,6760.0,0.0,0.9999999999999976,00,operational,748,0.3404255319148936
0.8949132479003835,0.1050867520996164,0.4141993321723599,0.5858006678276401,360.0,2780.0,False,6760.0,0.0,0.9999999999999976,01,operational,748,0.3404255319148936
0.9026402043228486,0.0973597956771513,0.4603958698368338,0.5396041301631662,360.0,2310.0,False,6760.0,0.0,0.9999999999999976,10,operational,748,0.3404255319148936
0.842885260375553,0.157114739624447,0.4603958698368338,0.5396041301631662,360.0,,True,6760.0,1.0,0.9320734206208146,11,operational,748,0.3404255319148936
0.8903133183815087,0.1096866816184912,0.6110730647501292,0.3889269352498707,360.0,2630.0,False,6760.0,0.0,0.9999999999999976,00,operational,749,0.375886524822695
0.8700884706678201,0.1299115293321798,0.6110730647501292,0.3889269352498707,360.0,3070.0,False,6760.0,0.0,0.9999999999999976,01,operational,749,0.375886524822695
0.8770370637566701,0.1229629362433298,0.6802870843816666,0.3197129156183333,290.0,2630.0,False,6760.0,0.0,0.9999999999999976,10,operational,749,0.375886524822695
0.7726466253298506,0.2273533746701493,0.6802870843816666,0.3197129156183333,290.0,,True,6760.0,1.0,0.93592348784348,11,operational,749,0.375886524822695
0.8782377128897816,0.1217622871102184,0.4316318360500975,0.5683681639499025,360.0,2860.0,False,6760.0,0.0,0.9999999999999976,00,operational,750,0.3333333333333333
0.8595514055202199,0.1404485944797801,0.4316318360500975,0.5683681639499025,360.0,3510.0,False,6760.0,0.0,0.9999999999999976,01,operational,750,0.3333333333333333
0.8731451966070672,0.1268548033929327,0.4518687954148563,0.5481312045851436,360.0,2860.0,False,6760.0,0.0,0.9999999999999976,10,operational,750,0.3333333333333333
0.853666817381569,0.1463331826184309,0.4518687954148563,0.5481312045851436,360.0,3510.0,False,6760.0,0.0,0.9999999999999976,11,operational,750,0.3333333333333333
0.9279127917482732,0.0720872082517266,0.4346106176542892,0.5653893823457108,360.0,1860.0,False,6760.0,0.0,0.9999999999999976,00,operational,751,0.3049645390070922
0.9189630582209004,0.0810369417790997,0.4346106176542892,0.5653893823457108,360.0,2170.0,False,6760.0,0.0,0.9999999999999976,01,operational,751,0.3049645390070922
0.9239397755802652,0.0760602244197349,0.4762914556001522,0.5237085443998478,360.0,1860.0,False,6760.0,0.0,0.9999999999999976,10,operational,751,0.3049645390070922
0.9158411728960028,0.0841588271039972,0.4762914556001522,0.5237085443998478,360.0,2170.0,False,6760.0,0.0,0.9999999999999976,11,operational,751,0.3049645390070922
0.8334370760301808,0.1665629239698192,0.6675073682171284,0.3324926317828715,360.0,2870.0,False,6760.0,0.0,0.9999999999999976,00,operational,752,0.3404255319148936
0.8134615273560556,0.1865384726439444,0.6675073682171284,0.3324926317828715,360.0,3410.0,False,6760.0,0.0,0.9999999999999976,01,operational,752,0.3404255319148936
0.8301240967321791,0.1698759032678208,0.674867722901848,0.3251322770981519,360.0,2870.0,False,6760.0,0.0,0.9999999999999976,10,operational,752,0.3404255319148936
0.8178088296905869,0.1821911703094131,0.674867722901848,0.3251322770981519,360.0,3410.0,False,6760.0,0.0,0.9999999999999976,11,operational,752,0.3404255319148936
0.9193880695861276,0.0806119304138722,0.5614800433547484,0.4385199566452515,360.0,1870.0,False,6760.0,0.0,0.9999999999999976,00,operational,753,0.2978723404255319
0.912214662397118,0.0877853376028821,0.5614800433547484,0.4385199566452515,360.0,2080.0,False,6760.0,0.0,0.9999999999999976,01,operational,753,0.2978723404255319
0.9163827685778988,0.083617231422101,0.5826102177776316,0.4173897822223684,360.0,1870.0,False,6760.0,0.0,0.9999999999999976,10,operational,753,0.2978723404255319
0.9095833715214576,0.0904166284785423,0.5826102177776316,0.4173897822223684,360.0,2080.0,False,6760.0,0.0,0.9999999999999976,11,operational,753,0.2978723404255319
0.8307643485434759,0.169235651456524,0.7445030547066503,0.2554969452933496,360.0,2950.0,False,6760.0,0.0,0.9999999999999976,00,operational,754,0.4042553191489361
0.8106321732979718,0.1893678267020282,0.7445030547066503,0.2554969452933496,360.0,3920.0,False,6760.0,0.0,0.9999999999999976,01,operational,754,0.4042553191489361
0.8209602808046013,0.1790397191953987,0.7785697882352536,0.2214302117647464,360.0,2950.0,False,6760.0,0.0,0.9999999999999976,10,operational,754,0.4042553191489361
0.7598559784741468,0.2401440215258532,0.7785697882352536,0.2214302117647464,360.0,,True,6760.0,1.0,0.93178126576305,11,operational,754,0.4042553191489361
0.9695093252815052,0.0304906747184948,0.3524930049069583,0.6475069950930417,360.0,1220.0,False,6760.0,0.0,0.9999999999999976,00,operational,755,0.2198581560283688
0.9605461840355288,0.039453815964471,0.3524930049069583,0.6475069950930417,360.0,1480.0,False,6760.0,0.0,0.9999999999999976,01,operational,755,0.2198581560283688
0.9695093252815052,0.0304906747184948,0.3524930049069583,0.6475069950930417,360.0,1220.0,False,6760.0,0.0,0.9999999999999976,10,operational,755,0.2198581560283688
0.9605461840355288,0.039453815964471,0.3524930049069583,0.6475069950930417,360.0,1480.0,False,6760.0,0.0,0.9999999999999976,11,operational,755,0.2198581560283688
0.8763328611072888,0.1236671388927111,0.500093959857745,0.499906040142255,360.0,2820.0,False,6760.0,0.0,0.9999999999999976,00,operational,756,0.425531914893617
0.8542596713018421,0.1457403286981579,0.500093959857745,0.499906040142255,360.0,3450.0,False,6760.0,0.0,0.9999999999999976,01,operational,756,0.425531914893617
0.8719055327050375,0.1280944672949625,0.5074575118317834,0.4925424881682165,360.0,2820.0,False,6760.0,0.0,0.9999999999999976,10,operational,756,0.425531914893617
0.8109734356040119,0.189026564395988,0.5074575118317834,0.4925424881682165,360.0,,True,6760.0,1.0,0.93178126576305,11,operational,756,0.425531914893617
0.9136845175925072,0.0863154824074927,0.4133196685948317,0.5866803314051683,360.0,2600.0,False,6760.0,0.0,0.9999999999999976,00,operational,757,0.4184397163120567
0.9045335047822424,0.0954664952177577,0.4133196685948317,0.5866803314051683,360.0,3020.0,False,6760.0,0.0,0.9999999999999976,01,operational,757,0.4184397163120567
0.9110324261984388,0.0889675738015612,0.413323767942011,0.586676232057989,360.0,2600.0,False,6760.0,0.0,0.9999999999999976,10,operational,757,0.4184397163120567
0.9026383361238692,0.0973616638761307,0.413323767942011,0.586676232057989,360.0,3020.0,False,6760.0,0.0,0.9999999999999976,11,operational,757,0.4184397163120567
0.7671874875668119,0.2328125124331881,0.8674783667133109,0.132521633286689,250.0,4000.0,False,6760.0,0.0,0.9999999999999974,00,operational,758,0.475177304964539
0.632355730475002,0.3676442695249979,0.8674783667133109,0.132521633286689,250.0,5440.0,False,6760.0,0.0,0.9999999999999974,01,operational,758,0.475177304964539
0.7530165963751259,0.2469834036248741,0.9166674414557884,0.0833325585442114,250.0,4000.0,False,6760.0,0.0,0.9999999999999974,10,operational,758,0.475177304964539
0.0898042756640938,0.910195724335906,0.9166674414557884,0.0833325585442114,250.0,,True,6760.0,1.0,0.0430744029437232,11,operational,758,0.475177304964539
0.7048135484398383,0.2951864515601616,0.7470767864742061,0.2529232135257939,360.0,4590.0,False,6760.0,0.0,0.9999999999999976,00,operational,759,0.4822695035460992
0.6932964221206743,0.3067035778793257,0.7470767864742061,0.2529232135257939,360.0,5920.0,False,6760.0,0.0,0.9999999999999976,01,operational,759,0.4822695035460992
0.6963803283669302,0.3036196716330698,0.7550731906894143,0.2449268093105857,360.0,4590.0,False,6760.0,0.0,0.9999999999999976,10,operational,759,0.4822695035460992
0.6873514068014002,0.3126485931985998,0.7550731906894143,0.2449268093105857,360.0,5920.0,False,6760.0,0.0,0.9999999999999976,11,operational,759,0.4822695035460992
0.8084649721355439,0.1915350278644561,0.7485634441109916,0.2514365558890084,360.0,3370.0,False,6760.0,0.0,0.9999999999999976,00,operational,760,0.4042553191489361
0.7899630244772691,0.2100369755227309,0.7485634441109916,0.2514365558890084,360.0,3880.0,False,6760.0,0.0,0.9999999999999976,01,operational,760,0.4042553191489361
0.7960623848260231,0.2039376151739769,0.7992460796945267,0.2007539203054733,360.0,3370.0,False,6760.0,0.0,0.9999999999999976,10,operational,760,0.4042553191489361
0.7886432992269236,0.2113567007730764,0.7992460796945267,0.2007539203054733,360.0,3880.0,False,6760.0,0.0,0.9999999999999976,11,operational,760,0.4042553191489361
0.965642047332652,0.0343579526673479,0.3120648014745227,0.6879351985254772,360.0,1280.0,False,6760.0,0.0,0.9999999999999976,00,operational,761,0.2411347517730496
0.959236759633689,0.0407632403663109,0.3120648014745227,0.6879351985254772,360.0,1500.0,False,6760.0,0.0,0.9999999999999976,01,operational,761,0.2411347517730496
0.9605559572117472,0.0394440427882527,0.3955459682734229,0.6044540317265771,360.0,1280.0,False,6760.0,0.0,0.9999999999999976,10,operational,761,0.2411347517730496
0.9023665491649492,0.0976334508350509,0.3955459682734229,0.6044540317265771,360.0,,True,6760.0,1.0,0.9317812656734458,11,operational,761,0.2411347517730496
0.981677378868246,0.0183226211317539,0.2295551098738518,0.7704448901261481,360.0,980.0,False,6760.0,0.0,0.9999999999999976,00,operational,762,0.1773049645390071
0.9798156375009656,0.0201843624990345,0.2295551098738518,0.7704448901261481,360.0,1100.0,False,6760.0,0.0,0.9999999999999976,01,operational,762,0.1773049645390071
0.9789140804874192,0.0210859195125807,0.2934474164268474,0.7065525835731525,360.0,980.0,False,6760.0,0.0,0.9999999999999976,10,operational,762,0.1773049645390071
0.9773039009913708,0.0226960990086292,0.2934474164268474,0.7065525835731525,360.0,1110.0,False,6760.0,0.0,0.9999999999999976,11,operational,762,0.1773049645390071
0.7934888834091853,0.2065111165908146,0.5731571071889587,0.4268428928110412,360.0,4120.0,False,6760.0,0.0,0.9999999999999974,00,operational,763,0.4822695035460992
0.7623047534659632,0.2376952465340368,0.5731571071889587,0.4268428928110412,360.0,5270.0,False,6760.0,0.0,0.9999999999999974,01,operational,763,0.4822695035460992
0.7881415700759533,0.2118584299240467,0.5785696541014034,0.4214303458985967,360.0,4120.0,False,6760.0,0.0,0.9999999999999974,10,operational,763,0.4822695035460992
0.751950882061368,0.248049117938632,0.5785696541014034,0.4214303458985967,360.0,5360.0,False,6760.0,0.0,0.9999999999999974,11,operational,763,0.4822695035460992
0.8690322523249981,0.1309677476750018,0.5384042246801813,0.4615957753198186,360.0,2950.0,False,6760.0,0.0,0.9999999999999976,00,operational,764,0.425531914893617
0.845368298338898,0.1546317016611019,0.5384042246801792,0.4615957753198207,360.0,3700.0,False,6760.0,0.0,0.9999999999999976,01,operational,764,0.425531914893617
0.8646990930030448,0.1353009069969551,0.5468547286255886,0.4531452713744114,360.0,2950.0,False,6760.0,0.0,0.9999999999999976,10,operational,764,0.425531914893617
0.7996677966692852,0.2003322033307147,0.5468547286255893,0.4531452713744107,360.0,,True,6760.0,1.0,0.9317812653019064,11,operational,764,0.425531914893617
0.735269244486533,0.264730755513467,0.768485292438337,0.2315147075616631,360.0,4300.0,False,6760.0,0.0,0.9999999999999976,00,operational,765,0.524822695035461
0.685665301368675,0.314334698631325,0.768485292438337,0.2315147075616631,360.0,5740.0,False,6760.0,0.0,0.9999999999999976,01,operational,765,0.524822695035461
0.7265374833328847,0.2734625166671153,0.7845597523874784,0.2154402476125215,360.0,4300.0,False,6760.0,0.0,0.9999999999999976,10,operational,765,0.524822695035461
0.6995403700590745,0.3004596299409254,0.7845597523874784,0.2154402476125215,360.0,5630.0,False,6760.0,0.0,0.9999999999999976,11,operational,765,0.524822695035461
0.8615272725043273,0.1384727274956727,0.659930399615422,0.340069600384578,360.0,2650.0,False,6760.0,0.0,0.9999999999999976,00,operational,766,0.3404255319148936
0.8427087359007492,0.1572912640992507,0.659930399615422,0.340069600384578,360.0,3210.0,False,6760.0,0.0,0.9999999999999976,01,operational,766,0.3404255319148936
0.8511492340293395,0.1488507659706605,0.6918753178969883,0.3081246821030117,360.0,2650.0,False,6760.0,0.0,0.9999999999999976,10,operational,766,0.3404255319148936
0.7459509722646639,0.2540490277353361,0.6918753178969883,0.3081246821030117,360.0,,True,6760.0,1.0,0.8505201075059082,11,operational,766,0.3404255319148936
0.956942671639941,0.043057328360059,0.3683498640150464,0.6316501359849536,360.0,1280.0,False,6760.0,0.0,0.9999999999999976,00,operational,767,0.2340425531914893
0.9551715691863965,0.0448284308136036,0.3683498640150464,0.6316501359849536,360.0,1360.0,False,6760.0,0.0,0.9999999999999976,01,operational,767,0.2340425531914893
0.9557252215045396,0.0442747784954603,0.3885899467773166,0.6114100532226834,360.0,1280.0,False,6760.0,0.0,0.9999999999999976,10,operational,767,0.2340425531914893
0.9540493947377358,0.0459506052622642,0.3885899467773166,0.6114100532226834,360.0,1360.0,False,6760.0,0.0,0.9999999999999976,11,operational,767,0.2340425531914893
0.9289364333893892,0.0710635666106108,0.8433175132511903,0.1566824867488096,360.0,1580.0,False,6760.0,0.0,0.9999999999999976,00,operational,768,0.2553191489361702
0.9252203019175284,0.0747796980824716,0.8433175132511903,0.1566824867488096,360.0,1740.0,False,6760.0,0.0,0.9999999999999976,01,operational,768,0.2553191489361702
0.9201212965151848,0.079878703484815,0.9707570652394624,0.0292429347605374,360.0,1580.0,False,6760.0,0.0,0.9999999999999976,10,operational,768,0.2553191489361702
0.9140976268074268,0.0859023731925733,0.9707570652394624,0.0292429347605374,360.0,1770.0,False,6760.0,0.0,0.9999999999999976,11,operational,768,0.2553191489361702
0.9366145644380308,0.063385435561969,0.4408337841114151,0.5591662158885848,360.0,1760.0,False,6760.0,0.0,0.9999999999999976,00,operational,769,0.2978723404255319
0.9095733659905624,0.0904266340094375,0.4408337841114151,0.5591662158885848,360.0,2420.0,False,6760.0,0.0,0.9999999999999976,01,operational,769,0.2978723404255319
0.9339490142436518,0.0660509857563481,0.4743938327110653,0.5256061672889347,360.0,1760.0,False,6760.0,0.0,0.9999999999999976,10,operational,769,0.2978723404255319
0.9189817464855567,0.0810182535144431,0.4743938327110653,0.5256061672889347,360.0,2400.0,False,6760.0,0.0,0.9999999999999976,11,operational,769,0.2978723404255319
0.9580049620482248,0.0419950379517752,0.3355252695691949,0.6644747304308051,360.0,1530.0,False,6760.0,0.0,0.9999999999999976,00,operational,770,0.2765957446808511
0.9537160141337356,0.0462839858662643,0.3355252695691949,0.6644747304308051,360.0,1710.0,False,6760.0,0.0,0.9999999999999976,01,operational,770,0.2765957446808511
0.9558710295955458,0.0441289704044541,0.3534275639996173,0.6465724360003827,360.0,1530.0,False,6760.0,0.0,0.9999999999999976,10,operational,770,0.2765957446808511
0.8964358296666738,0.1035641703333262,0.3534275639996173,0.6465724360003827,360.0,,True,6760.0,1.0,0.93178126576305,11,operational,770,0.2765957446808511
0.8638577962085079,0.1361422037914921,0.6166302844402025,0.3833697155597975,360.0,3000.0,False,6760.0,0.0,0.9999999999999974,00,operational,771,0.4184397163120567
0.8229653612541921,0.1770346387458079,0.6166302844402025,0.3833697155597975,360.0,3880.0,False,6760.0,0.0,0.9999999999999974,01,operational,771,0.4184397163120567
0.8469858051569614,0.1530141948430385,0.7590663357755142,0.2409336642244858,360.0,3000.0,False,6760.0,0.0,0.9999999999999974,10,operational,771,0.4184397163120567
0.0991215279580559,0.900878472041944,0.7590663357755142,0.2409336642244858,360.0,,True,6760.0,1.0,0.0515580736061966,11,operational,771,0.4184397163120567
0.8053274072574133,0.1946725927425867,0.7004834702195,0.2995165297805,360.0,3660.0,False,6760.0,0.0,0.9999999999999976,00,operational,772,0.4822695035460992
0.7807321049115156,0.2192678950884844,0.7004834702195,0.2995165297805,360.0,4350.0,False,6760.0,0.0,0.9999999999999976,01,operational,772,0.4822695035460992
0.7947307320624278,0.2052692679375721,0.7254167424664044,0.2745832575335956,360.0,3660.0,False,6760.0,0.0,0.9999999999999976,10,operational,772,0.4822695035460992
0.7667893154011551,0.2332106845988448,0.7254167424664044,0.2745832575335956,360.0,4410.0,False,6760.0,0.0,0.9999999999999976,11,operational,772,0.4822695035460992
0.9138972655279382,0.0861027344720618,0.3997372805137029,0.6002627194862971,360.0,2230.0,False,6760.0,0.0,0.9999999999999976,00,operational,773,0.3191489361702128
0.8936251231348691,0.1063748768651309,0.3997372805137029,0.6002627194862971,360.0,2950.0,False,6760.0,0.0,0.9999999999999976,01,operational,773,0.3191489361702128
0.908938137891383,0.091061862108617,0.4253920548186585,0.5746079451813415,360.0,2230.0,False,6760.0,0.0,0.9999999999999976,10,operational,773,0.3191489361702128
0.8912258340447998,0.1087741659552001,0.4253920548186585,0.5746079451813415,360.0,3010.0,False,6760.0,0.0,0.9999999999999976,11,operational,773,0.3191489361702128
0.8881979704148792,0.1118020295851207,0.677271053480552,0.3227289465194479,360.0,2200.0,False,6760.0,0.0,0.9999999999999976,00,operational,774,0.2907801418439716
0.877754644795446,0.122245355204554,0.677271053480552,0.3227289465194479,360.0,2590.0,False,6760.0,0.0,0.9999999999999976,01,operational,774,0.2907801418439716
0.8840840909050346,0.1159159090949654,0.6933118234542714,0.3066881765457285,360.0,2200.0,False,6760.0,0.0,0.9999999999999976,10,operational,774,0.2907801418439716
0.8677929210088892,0.1322070789911108,0.6933118234542714,0.3066881765457285,360.0,2670.0,False,6760.0,0.0,0.9999999999999976,11,operational,774,0.2907801418439716
0.8398469678701934,0.1601530321298065,0.6755494847952799,0.3244505152047201,360.0,3020.0,False,6760.0,0.0,0.9999999999999976,00,operational,775,0.3900709219858156
0.818651794505239,0.181348205494761,0.6755494847952799,0.3244505152047201,360.0,4150.0,False,6760.0,0.0,0.9999999999999976,01,operational,775,0.3900709219858156
0.831751595150132,0.168248404849868,0.6870399273463529,0.3129600726536471,360.0,3020.0,False,6760.0,0.0,0.9999999999999976,10,operational,775,0.3900709219858156
0.6041424929908392,0.3958575070091608,0.6870399273463529,0.3129600726536471,360.0,,True,6760.0,1.0,0.6430575657833794,11,operational,775,0.3900709219858156
0.9800037070868506,0.0199962929131494,0.2043808624290326,0.7956191375709674,360.0,1060.0,False,6760.0,0.0,0.9999999999999976,00,operational,776,0.1773049645390071
0.978421281705982,0.021578718294018,0.2043808624290326,0.7956191375709674,360.0,1140.0,False,6760.0,0.0,0.9999999999999976,01,operational,776,0.1773049645390071
0.9750689864337676,0.0249310135662323,0.273790439702218,0.7262095602977819,360.0,1060.0,False,6760.0,0.0,0.9999999999999976,10,operational,776,0.1773049645390071
0.9176009368437072,0.0823990631562927,0.273790439702218,0.7262095602977819,360.0,,True,6760.0,1.0,0.931781265742762,11,operational,776,0.1773049645390071
0.9504820435293556,0.0495179564706442,0.5669810119881074,0.4330189880118927,360.0,1250.0,False,6760.0,0.0,0.9999999999999976,00,operational,777,0.2127659574468085
0.9471705172289444,0.0528294827710555,0.5669810119881074,0.4330189880118927,360.0,1350.0,False,6760.0,0.0,0.9999999999999976,01,operational,777,0.2127659574468085
0.9504820435293556,0.0495179564706442,0.5669810119881074,0.4330189880118927,360.0,1250.0,False,6760.0,0.0,0.9999999999999976,10,operational,777,0.2127659574468085
0.9471705172289444,0.0528294827710555,0.5669810119881074,0.4330189880118927,360.0,1350.0,False,6760.0,0.0,0.9999999999999976,11,operational,777,0.2127659574468085
0.8266272433353374,0.1733727566646625,0.63605232310846,0.3639476768915399,360.0,3100.0,False,6760.0,0.0,0.9999999999999976,00,operational,778,0.3687943262411347
0.81442855691428,0.18557144308572,0.63605232310846,0.3639476768915399,360.0,3930.0,False,6760.0,0.0,0.9999999999999976,01,operational,778,0.3687943262411347
0.8210969602790545,0.1789030397209454,0.6607456094120254,0.3392543905879746,360.0,3100.0,False,6760.0,0.0,0.9999999999999976,10,operational,778,0.3687943262411347
0.8147968693415085,0.1852031306584914,0.6607456094120254,0.3392543905879746,360.0,3700.0,False,6760.0,0.0,0.9999999999999976,11,operational,778,0.3687943262411347
0.8439484384589707,0.1560515615410292,0.6539488329711902,0.3460511670288098,360.0,2960.0,False,6760.0,0.0,0.9999999999999976,00,operational,779,0.3971631205673759
0.8217531228384742,0.1782468771615257,0.6539488329711902,0.3460511670288098,360.0,3880.0,False,6760.0,0.0,0.9999999999999976,01,operational,779,0.3971631205673759
0.839640745638834,0.160359254361166,0.663183726057597,0.336816273942403,360.0,2960.0,False,6760.0,0.0,0.9999999999999976,10,operational,779,0.3971631205673759
0.8063561712763055,0.1936438287236944,0.663183726057597,0.336816273942403,360.0,3940.0,False,6760.0,0.0,0.9999999999999976,11,operational,779,0.3971631205673759
0.921170407098892,0.0788295929011081,0.560233034048434,0.439766965951566,360.0,2170.0,False,6760.0,0.0,0.9999999999999976,00,operational,780,0.3120567375886525
0.9034791213989032,0.0965208786010967,0.560233034048434,0.4397669659515659,360.0,2650.0,False,6760.0,0.0,0.9999999999999976,01,operational,780,0.3120567375886525
0.9105996240600048,0.0894003759399952,0.6235982111620781,0.3764017888379219,360.0,2170.0,False,6760.0,0.0,0.9999999999999976,10,operational,780,0.3120567375886525
0.8285932101008532,0.1714067898991468,0.6235982111620781,0.3764017888379219,360.0,,True,6760.0,1.0,0.8893731201557741,11,operational,780,0.3120567375886525
0.8554076817361081,0.1445923182638918,0.6711241532011071,0.3288758467988929,360.0,3170.0,False,6760.0,0.0,0.9999999999999976,00,operational,781,0.475177304964539
0.8279116554494655,0.1720883445505344,0.6711241532011071,0.3288758467988929,360.0,3990.0,False,6760.0,0.0,0.9999999999999976,01,operational,781,0.475177304964539
0.8441583192308183,0.1558416807691817,0.7401350965856304,0.2598649034143697,360.0,3170.0,False,6760.0,0.0,0.9999999999999976,10,operational,781,0.475177304964539
0.8205241890212489,0.1794758109787511,0.7401350965856304,0.2598649034143697,360.0,3860.0,False,6760.0,0.0,0.9999999999999976,11,operational,781,0.475177304964539
0.9084105250483572,0.0915894749516428,0.4977528234672181,0.5022471765327818,360.0,2110.0,False,6760.0,0.0,0.9999999999999976,00,operational,782,0.2907801418439716
0.888281632912012,0.1117183670879879,0.4977528234672181,0.5022471765327818,360.0,2680.0,False,6760.0,0.0,0.9999999999999976,01,operational,782,0.2907801418439716
0.9011614442250444,0.0988385557749557,0.5420092419508503,0.4579907580491497,360.0,2110.0,False,6760.0,0.0,0.9999999999999976,10,operational,782,0.2907801418439716
0.8751638872232372,0.1248361127767627,0.5420092419508502,0.4579907580491497,360.0,2720.0,False,6760.0,0.0,0.9999999999999976,11,operational,782,0.2907801418439716
0.845203466410965,0.154796533589035,0.6775972643333703,0.3224027356666296,360.0,2820.0,False,6760.0,0.0,0.9999999999999976,00,operational,783,0.3617021276595745
0.8021647099779415,0.1978352900220584,0.6775972643333703,0.3224027356666296,360.0,3670.0,False,6760.0,0.0,0.9999999999999976,01,operational,783,0.3617021276595745
0.8332343450194171,0.1667656549805829,0.7165210420804915,0.2834789579195084,360.0,2820.0,False,6760.0,0.0,0.9999999999999976,10,operational,783,0.3617021276595745
0.8079273876850145,0.1920726123149855,0.7165210420804915,0.2834789579195084,360.0,3690.0,False,6760.0,0.0,0.9999999999999976,11,operational,783,0.3617021276595745
0.8388911715853412,0.1611088284146588,0.6353758211239684,0.3646241788760316,360.0,3320.0,False,6760.0,0.0,0.9999999999999976,00,operational,784,0.4539007092198581
0.8253782105475798,0.1746217894524202,0.6353758211239684,0.3646241788760316,360.0,4320.0,False,6760.0,0.0,0.9999999999999976,01,operational,784,0.4539007092198581
0.8300546999491645,0.1699453000508355,0.6570748693385444,0.3429251306614555,360.0,3320.0,False,6760.0,0.0,0.9999999999999976,10,operational,784,0.4539007092198581
0.7537668871573174,0.2462331128426825,0.6570748693385444,0.3429251306614555,360.0,,True,6760.0,1.0,0.8461534867332535,11,operational,784,0.4539007092198581
0.468232121610631,0.531767878389369,0.792414847476247,0.2075851525237529,360.0,,True,6760.0,1.0,0.9252572766517104,00,operational,785,0.6170212765957447
0.4057771119660309,0.594222888033969,0.792414847476247,0.2075851525237529,360.0,,True,6760.0,1.0,0.7124546736646933,01,operational,785,0.6170212765957447
0.4444277653587281,0.5555722346412719,0.8030471034764963,0.1969528965235036,360.0,,True,6760.0,1.0,0.9235231897243732,10,operational,785,0.6170212765957447
0.3095647387591,0.6904352612408999,0.8030471034764963,0.1969528965235036,360.0,,True,6760.0,1.0,0.3825088673939055,11,operational,785,0.6170212765957447
0.7655670706699569,0.2344329293300431,0.7381816299560233,0.2618183700439766,360.0,3880.0,False,6760.0,0.0,0.9999999999999976,00,operational,786,0.4609929078014184
0.7187329186324787,0.2812670813675213,0.7381816299560233,0.2618183700439766,360.0,5120.0,False,6760.0,0.0,0.9999999999999976,01,operational,786,0.4609929078014184
0.7541769304746354,0.2458230695253646,0.7586577271058931,0.2413422728941069,360.0,3880.0,False,6760.0,0.0,0.9999999999999976,10,operational,786,0.4609929078014184
0.6112733958149515,0.3887266041850484,0.7586577271058931,0.2413422728941069,360.0,,True,6760.0,1.0,0.7505515843940664,11,operational,786,0.4609929078014184
0.9033074012830858,0.0966925987169141,0.5200433382128835,0.4799566617871164,360.0,2470.0,False,6760.0,0.0,0.9999999999999976,00,operational,787,0.3546099290780142
0.8781311389638969,0.121868861036103,0.5200433382128835,0.4799566617871164,360.0,3230.0,False,6760.0,0.0,0.9999999999999976,01,operational,787,0.3546099290780142
0.8923624882484384,0.1076375117515615,0.5775862491502022,0.4224137508497977,360.0,2470.0,False,6760.0,0.0,0.9999999999999976,10,operational,787,0.3546099290780142
0.8592446808605202,0.1407553191394798,0.5775862491502022,0.4224137508497977,360.0,3410.0,False,6760.0,0.0,0.9999999999999976,11,operational,787,0.3546099290780142
0.8786615185601746,0.1213384814398254,0.6298465065906755,0.3701534934093245,360.0,2390.0,False,6760.0,0.0,0.9999999999999976,00,operational,788,0.3404255319148936
0.8677157015896223,0.1322842984103777,0.6298465065906755,0.3701534934093245,360.0,2870.0,False,6760.0,0.0,0.9999999999999976,01,operational,788,0.3404255319148936
0.8723878470706327,0.1276121529293673,0.6507641253494337,0.3492358746505662,360.0,2390.0,False,6760.0,0.0,0.9999999999999976,10,operational,788,0.3404255319148936
0.8614619540212126,0.1385380459787873,0.6507641253494337,0.3492358746505662,360.0,2880.0,False,6760.0,0.0,0.9999999999999976,11,operational,788,0.3404255319148936
0.9551966711813964,0.0448033288186037,0.3424038096605928,0.6575961903394072,360.0,1570.0,False,6760.0,0.0,0.9999999999999976,00,operational,789,0.3333333333333333
0.9523077585454752,0.0476922414545248,0.3424038096605928,0.6575961903394072,360.0,1700.0,False,6760.0,0.0,0.9999999999999976,01,operational,789,0.3333333333333333
0.9551966711813964,0.0448033288186037,0.3424038096605928,0.6575961903394072,360.0,1570.0,False,6760.0,0.0,0.9999999999999976,10,operational,789,0.3333333333333333
0.9523077585454752,0.0476922414545248,0.3424038096605928,0.6575961903394072,360.0,1700.0,False,6760.0,0.0,0.9999999999999976,11,operational,789,0.3333333333333333
0.8746149848865412,0.1253850151134588,0.6535265009838569,0.346473499016143,360.0,2380.0,False,6760.0,0.0,0.9999999999999976,00,operational,790,0.3120567375886525
0.861830571746593,0.1381694282534069,0.6535265009838569,0.346473499016143,360.0,3000.0,False,6760.0,0.0,0.9999999999999976,01,operational,790,0.3120567375886525
0.8715007585890409,0.1284992414109591,0.657410207214028,0.342589792785972,360.0,2380.0,False,6760.0,0.0,0.9999999999999976,10,operational,790,0.3120567375886525
0.8611609050589314,0.1388390949410686,0.657410207214028,0.342589792785972,360.0,3010.0,False,6760.0,0.0,0.9999999999999976,11,operational,790,0.3120567375886525
0.7924702445233337,0.2075297554766663,0.7219474381306017,0.2780525618693982,360.0,3500.0,False,6760.0,0.0,0.9999999999999976,00,operational,791,0.425531914893617
0.764175949779396,0.235824050220604,0.7219474381306017,0.2780525618693982,360.0,4550.0,False,6760.0,0.0,0.9999999999999976,01,operational,791,0.425531914893617
0.7830589216662048,0.2169410783337951,0.7404552845568032,0.2595447154431968,360.0,3500.0,False,6760.0,0.0,0.9999999999999976,10,operational,791,0.425531914893617
0.7362234597995067,0.2637765402004933,0.7404552845568032,0.2595447154431968,360.0,4360.0,False,6760.0,0.0,0.9999999999999976,11,operational,791,0.425531914893617
0.7154033457031451,0.2845966542968549,0.759197155520537,0.240802844479463,360.0,4610.0,False,6760.0,0.0,0.9999999999999976,00,operational,792,0.4964539007092198
0.6156355432939564,0.3843644567060436,0.759197155520537,0.240802844479463,360.0,6030.0,False,6760.0,0.0,0.9999999999999976,01,operational,792,0.4964539007092198
0.7014622702189526,0.2985377297810474,0.7770232705450526,0.2229767294549473,360.0,4610.0,False,6760.0,0.0,0.9999999999999976,10,operational,792,0.4964539007092198
0.1001815828699096,0.8998184171300904,0.7770232705450526,0.2229767294549473,360.0,,True,6760.0,1.0,0.0461443494733212,11,operational,792,0.4964539007092198
0.8992029718163762,0.1007970281836238,0.474090490249523,0.525909509750477,360.0,2680.0,False,6760.0,0.0,0.9999999999999976,00,operational,793,0.4539007092198581
0.8848210611427926,0.1151789388572074,0.474090490249523,0.525909509750477,360.0,3210.0,False,6760.0,0.0,0.9999999999999976,01,operational,793,0.4539007092198581
0.8948148114070097,0.1051851885929903,0.5048274794621431,0.4951725205378569,360.0,2680.0,False,6760.0,0.0,0.9999999999999976,10,operational,793,0.4539007092198581
0.8805084309173767,0.1194915690826232,0.5048274794621431,0.4951725205378569,360.0,3220.0,False,6760.0,0.0,0.9999999999999976,11,operational,793,0.4539007092198581
0.979773574951038,0.0202264250489619,0.2579370277376531,0.7420629722623469,360.0,950.0,False,6760.0,0.0,0.9999999999999976,00,operational,794,0.1914893617021276
0.9786307280842932,0.0213692719157069,0.2579370277376531,0.7420629722623469,360.0,1020.0,False,6760.0,0.0,0.9999999999999976,01,operational,794,0.1914893617021276
0.9770968007169268,0.0229031992830732,0.3537477697307245,0.6462522302692755,360.0,950.0,False,6760.0,0.0,0.9999999999999976,10,operational,794,0.1914893617021276
0.974974175283494,0.0250258247165059,0.3537477697307245,0.6462522302692755,360.0,1040.0,False,6760.0,0.0,0.9999999999999976,11,operational,794,0.1914893617021276
0.933847552723462,0.066152447276538,0.3990337053908109,0.600966294609189,360.0,1840.0,False,6760.0,0.0,0.9999999999999976,00,operational,795,0.3191489361702128
0.92203748214393,0.0779625178560698,0.3990337053908109,0.600966294609189,360.0,2250.0,False,6760.0,0.0,0.9999999999999976,01,operational,795,0.3191489361702128
0.932144209257559,0.0678557907424409,0.4307510703584746,0.5692489296415254,360.0,1840.0,False,6760.0,0.0,0.9999999999999976,10,operational,795,0.3191489361702128
0.9207993510057692,0.0792006489942307,0.4307510703584746,0.5692489296415254,360.0,2250.0,False,6760.0,0.0,0.9999999999999976,11,operational,795,0.3191489361702128
0.7772096738876673,0.2227903261123327,0.6245614006182838,0.3754385993817161,360.0,4020.0,False,6760.0,0.0,0.9999999999999976,00,operational,796,0.4680851063829787
0.6969738466712601,0.3030261533287399,0.6245614006182838,0.3754385993817161,360.0,5440.0,False,6760.0,0.0,0.9999999999999976,01,operational,796,0.4680851063829787
0.7681162884480076,0.2318837115519924,0.6385182631991045,0.3614817368008954,360.0,4020.0,False,6760.0,0.0,0.9999999999999976,10,operational,796,0.4680851063829787
0.6446130205304192,0.3553869794695807,0.6385182631991047,0.3614817368008954,360.0,,True,6760.0,1.0,0.8325521758208543,11,operational,796,0.4680851063829787
0.8847436745006471,0.1152563254993529,0.7049913004535621,0.2950086995464379,360.0,2460.0,False,6760.0,0.0,0.9999999999999974,00,operational,797,0.3829787234042553
0.8700583310716674,0.1299416689283326,0.7049913004535621,0.2950086995464379,360.0,3020.0,False,6760.0,0.0,0.9999999999999974,01,operational,797,0.3829787234042553
0.8789462704168152,0.1210537295831848,0.7365658415934856,0.2634341584065144,360.0,2460.0,False,6760.0,0.0,0.9999999999999974,10,operational,797,0.3829787234042553
0.8735952783940407,0.1264047216059592,0.7365658415934856,0.2634341584065144,360.0,2960.0,False,6760.0,0.0,0.9999999999999976,11,operational,797,0.3829787234042553
0.7353221096185609,0.2646778903814391,0.7231285216845085,0.2768714783154914,360.0,4410.0,False,6760.0,0.0,0.9999999999999976,00,operational,798,0.4964539007092198
0.7132193937812961,0.2867806062187039,0.7231285216845085,0.2768714783154914,360.0,5660.0,False,6760.0,0.0,0.9999999999999976,01,operational,798,0.4964539007092198
0.7201399911494317,0.2798600088505683,0.7546053790334699,0.2453946209665301,360.0,4410.0,False,6760.0,0.0,0.9999999999999976,10,operational,798,0.4964539007092198
0.6653926615433459,0.3346073384566541,0.7546053790334699,0.2453946209665301,360.0,,True,6760.0,1.0,0.8893731202250903,11,operational,798,0.4964539007092198
0.9296823551293332,0.0703176448706669,0.4086312650578529,0.591368734942147,360.0,1800.0,False,6760.0,0.0,0.9999999999999974,00,operational,799,0.2411347517730496
0.9143398961931553,0.0856601038068447,0.4086312650578529,0.591368734942147,360.0,2260.0,False,6760.0,0.0,0.9999999999999974,01,operational,799,0.2411347517730496
0.9243018846069,0.0756981153931001,0.4504899547912144,0.5495100452087855,360.0,1800.0,False,6760.0,0.0,0.9999999999999974,10,operational,799,0.2411347517730496
0.9123802048891596,0.0876197951108403,0.4504899547912144,0.5495100452087855,360.0,2230.0,False,6760.0,0.0,0.9999999999999974,11,operational,799,0.2411347517730496
0.8966222186149482,0.1033777813850518,0.616041505052167,0.3839584949478329,360.0,2360.0,False,6760.0,0.0,0.9999999999999976,00,operational,800,0.3687943262411347
0.8824354821942954,0.1175645178057046,0.616041505052167,0.3839584949478329,360.0,2860.0,False,6760.0,0.0,0.9999999999999976,01,operational,800,0.3687943262411347
0.8919758067542625,0.1080241932457375,0.6463709232784066,0.3536290767215934,360.0,2360.0,False,6760.0,0.0,0.9999999999999976,10,operational,800,0.3687943262411347
0.8776458691130207,0.1223541308869793,0.6463709232784066,0.3536290767215934,360.0,2910.0,False,6760.0,0.0,0.9999999999999976,11,operational,800,0.3687943262411347
0.825981469271089,0.174018530728911,0.6255120057333465,0.3744879942666535,360.0,3380.0,False,6760.0,0.0,0.9999999999999976,00,operational,801,0.4397163120567376
0.792860535004045,0.207139464995955,0.6255120057333465,0.3744879942666535,360.0,4540.0,False,6760.0,0.0,0.9999999999999976,01,operational,801,0.4397163120567376
0.8118604654364315,0.1881395345635684,0.6668709595905835,0.3331290404094165,360.0,3380.0,False,6760.0,0.0,0.9999999999999976,10,operational,801,0.4397163120567376
0.6428378002323868,0.3571621997676132,0.6668709595905835,0.3331290404094165,360.0,,True,6760.0,1.0,0.7717890050583598,11,operational,801,0.4397163120567376
0.8833923660181365,0.1166076339818634,0.4436046870626855,0.5563953129373145,360.0,2840.0,False,6760.0,0.0,0.9999999999999976,00,operational,802,0.3687943262411347
0.8587496907748953,0.1412503092251047,0.4436046870626855,0.5563953129373145,360.0,3570.0,False,6760.0,0.0,0.9999999999999976,01,operational,802,0.3687943262411347
0.8751653997516095,0.1248346002483905,0.4667643478675172,0.5332356521324828,360.0,2840.0,False,6760.0,0.0,0.9999999999999976,10,operational,802,0.3687943262411347
0.8399094600326322,0.1600905399673677,0.4667643478675172,0.5332356521324828,360.0,3730.0,False,6760.0,0.0,0.9999999999999976,11,operational,802,0.3687943262411347
0.9623105994755956,0.0376894005244045,0.4915660781538021,0.5084339218461978,360.0,1410.0,False,6760.0,0.0,0.9999999999999976,00,operational,803,0.2624113475177305
0.9605150910213508,0.039484908978649,0.4915660781538021,0.5084339218461978,360.0,1480.0,False,6760.0,0.0,0.9999999999999976,01,operational,803,0.2624113475177305
0.9592951810954108,0.0407048189045892,0.5552850073855364,0.4447149926144636,360.0,1410.0,False,6760.0,0.0,0.9999999999999976,10,operational,803,0.2624113475177305
0.95654682964924,0.04345317035076,0.5552850073855364,0.4447149926144636,360.0,1490.0,False,6760.0,0.0,0.9999999999999976,11,operational,803,0.2624113475177305
0.8482666415459045,0.1517333584540955,0.6714713234898018,0.3285286765101982,360.0,3100.0,False,6760.0,0.0,0.9999999999999976,00,operational,804,0.425531914893617
0.8465946094652569,0.1534053905347431,0.6714713234898018,0.3285286765101982,360.0,3810.0,False,6760.0,0.0,0.9999999999999976,01,operational,804,0.425531914893617
0.8385070186592513,0.1614929813407487,0.6978661277395428,0.3021338722604572,360.0,3100.0,False,6760.0,0.0,0.9999999999999976,10,operational,804,0.425531914893617
0.7712297122932853,0.2287702877067147,0.6978661277395428,0.3021338722604572,360.0,,True,6760.0,1.0,0.8893731197842348,11,operational,804,0.425531914893617
0.92663238036737,0.07336761963263,0.4139522771904798,0.5860477228095202,360.0,2080.0,False,6760.0,0.0,0.9999999999999976,00,operational,805,0.3120567375886525
0.9159209534097228,0.0840790465902773,0.4139522771904798,0.5860477228095202,360.0,2540.0,False,6760.0,0.0,0.9999999999999976,01,operational,805,0.3120567375886525
0.9211834860296008,0.0788165139703991,0.4622039638800295,0.5377960361199705,360.0,2080.0,False,6760.0,0.0,0.9999999999999976,10,operational,805,0.3120567375886525
0.9100397128394054,0.0899602871605945,0.4622039638800295,0.5377960361199705,360.0,2570.0,False,6760.0,0.0,0.9999999999999976,11,operational,805,0.3120567375886525
0.8914158183558396,0.1085841816441604,0.5285096334295099,0.4714903665704902,360.0,2400.0,False,6760.0,0.0,0.9999999999999976,00,operational,806,0.3262411347517731
0.840615691795122,0.159384308204878,0.5285096334295099,0.4714903665704902,360.0,3320.0,False,6760.0,0.0,0.9999999999999976,01,operational,806,0.3262411347517731
0.8783401750520149,0.1216598249479851,0.6278159176557162,0.3721840823442838,360.0,2400.0,False,6760.0,0.0,0.9999999999999976,10,operational,806,0.3262411347517731
0.7806806892845835,0.2193193107154165,0.6278159176557162,0.3721840823442838,360.0,,True,6760.0,1.0,0.8461534867332533,11,operational,806,0.3262411347517731
0.90223384036764,0.0977661596323601,0.6306564151486449,0.3693435848513551,360.0,2360.0,False,6760.0,0.0,0.9999999999999976,00,operational,807,0.375886524822695
0.8849899070466039,0.1150100929533961,0.6306564151486449,0.3693435848513551,360.0,2810.0,False,6760.0,0.0,0.9999999999999976,01,operational,807,0.375886524822695
0.8994185392076093,0.1005814607923907,0.660232957908186,0.3397670420918139,360.0,2360.0,False,6760.0,0.0,0.9999999999999976,10,operational,807,0.375886524822695
0.877185346620657,0.122814653379343,0.660232957908186,0.3397670420918139,360.0,2800.0,False,6760.0,0.0,0.9999999999999976,11,operational,807,0.375886524822695
0.8136549521156575,0.1863450478843424,0.6523768761259295,0.3476231238740704,360.0,3660.0,False,6760.0,0.0,0.9999999999999976,00,operational,808,0.4964539007092198
0.7956853974060478,0.2043146025939521,0.6523768761259295,0.3476231238740704,360.0,4330.0,False,6760.0,0.0,0.9999999999999976,01,operational,808,0.4964539007092198
0.8034295978980417,0.1965704021019583,0.6805695913316883,0.3194304086683117,360.0,3660.0,False,6760.0,0.0,0.9999999999999976,10,operational,808,0.4964539007092198
0.7312366909005291,0.2687633090994709,0.6805695913316883,0.3194304086683117,360.0,,True,6760.0,1.0,0.8893731197842348,11,operational,808,0.4964539007092198
0.8270284832348809,0.1729715167651191,0.6669180393739121,0.3330819606260878,360.0,3260.0,False,6760.0,0.0,0.9999999999999976,00,operational,809,0.4609929078014184
0.744744682042204,0.255255317957796,0.6669180393739121,0.3330819606260878,360.0,4520.0,False,6760.0,0.0,0.9999999999999976,01,operational,809,0.4609929078014184
0.8191042811679516,0.1808957188320483,0.6927929305063918,0.3072070694936081,360.0,3260.0,False,6760.0,0.0,0.9999999999999976,10,operational,809,0.4609929078014184
0.6256483085999339,0.3743516914000661,0.6927929305063918,0.3072070694936081,360.0,,True,6760.0,1.0,0.7505515843940664,11,operational,809,0.4609929078014184
0.8893934511958798,0.1106065488041202,0.5870932919544962,0.4129067080455037,360.0,2580.0,False,6760.0,0.0,0.9999999999999974,00,operational,810,0.3404255319148936
0.8527687004562756,0.1472312995437243,0.5870932919544962,0.4129067080455037,360.0,3420.0,False,6760.0,0.0,0.9999999999999974,01,operational,810,0.3404255319148936
0.877442022812591,0.122557977187409,0.6087925260385341,0.3912074739614659,360.0,2580.0,False,6760.0,0.0,0.9999999999999974,10,operational,810,0.3404255319148936
0.7744267550177864,0.2255732449822136,0.6087925260385341,0.3912074739614659,360.0,,True,6760.0,1.0,0.8462075581561569,11,operational,810,0.3404255319148936
0.8655902015330276,0.1344097984669724,0.6631743449005327,0.3368256550994672,360.0,2550.0,False,6760.0,0.0,0.9999999999999976,00,operational,811,0.3404255319148936
0.8472706313368363,0.1527293686631636,0.6631743449005327,0.3368256550994672,360.0,3110.0,False,6760.0,0.0,0.9999999999999976,01,operational,811,0.3404255319148936
0.8570237207197562,0.1429762792802438,0.7060330489247003,0.2939669510752997,360.0,2560.0,False,6760.0,0.0,0.9999999999999976,10,operational,811,0.3404255319148936
0.8412557744730625,0.1587442255269374,0.7060330489247003,0.2939669510752997,360.0,3140.0,False,6760.0,0.0,0.9999999999999976,11,operational,811,0.3404255319148936
0.778722883624914,0.2212771163750859,0.7504322971681898,0.2495677028318102,360.0,3750.0,False,6760.0,0.0,0.9999999999999974,00,operational,812,0.5035460992907801
0.7567816075347827,0.2432183924652172,0.7504322971681898,0.2495677028318102,360.0,4790.0,False,6760.0,0.0,0.9999999999999974,01,operational,812,0.5035460992907801
0.7677698080815147,0.2322301919184852,0.7756733076245976,0.2243266923754024,360.0,3750.0,False,6760.0,0.0,0.9999999999999974,10,operational,812,0.5035460992907801
0.6250554989285372,0.3749445010714628,0.7756733076245976,0.2243266923754024,360.0,,True,6760.0,1.0,0.7717890050583598,11,operational,812,0.5035460992907801
0.8670200072975695,0.1329799927024305,0.6575684834570096,0.3424315165429904,360.0,2710.0,False,6760.0,0.0,0.9999999999999976,00,operational,813,0.3900709219858156
0.8299690084359274,0.1700309915640726,0.6575684834570096,0.3424315165429904,360.0,3570.0,False,6760.0,0.0,0.9999999999999976,01,operational,813,0.3900709219858156
0.8536526314884622,0.1463473685115378,0.7316713608486871,0.2683286391513128,360.0,2710.0,False,6760.0,0.0,0.9999999999999976,10,operational,813,0.3900709219858156
0.7411863676325642,0.2588136323674358,0.7316713608486871,0.2683286391513128,360.0,,True,6760.0,1.0,0.8325521758208543,11,operational,813,0.3900709219858156
0.960931142493186,0.0390688575068141,0.3183242690488317,0.6816757309511683,360.0,1390.0,False,6760.0,0.0,0.9999999999999976,00,operational,814,0.2765957446808511
0.9549572695112156,0.0450427304887842,0.3183242690488317,0.6816757309511683,360.0,1610.0,False,6760.0,0.0,0.9999999999999976,01,operational,814,0.2765957446808511
0.960248653085025,0.0397513469149749,0.3297118608183917,0.6702881391816082,360.0,1390.0,False,6760.0,0.0,0.9999999999999976,10,operational,814,0.2765957446808511
0.9543375267567856,0.0456624732432142,0.3297118608183917,0.6702881391816082,360.0,1610.0,False,6760.0,0.0,0.9999999999999976,11,operational,814,0.2765957446808511
0.732352554325825,0.267647445674175,0.733169715283621,0.266830284716379,360.0,4250.0,False,6760.0,0.0,0.9999999999999974,00,operational,815,0.4609929078014184
0.6449903763205873,0.3550096236794127,0.733169715283621,0.266830284716379,360.0,5770.0,False,6760.0,0.0,0.9999999999999974,01,operational,815,0.4609929078014184
0.7235882439677825,0.2764117560322174,0.7501991833957915,0.2498008166042085,360.0,4250.0,False,6760.0,0.0,0.9999999999999974,10,operational,815,0.4609929078014184
0.6917213540255527,0.3082786459744473,0.7501991833957915,0.2498008166042085,360.0,5460.0,False,6760.0,0.0,0.9999999999999974,11,operational,815,0.4609929078014184
0.8787881088098591,0.1212118911901408,0.5934713234937279,0.406528676506272,360.0,2920.0,False,6760.0,0.0,0.9999999999999976,00,operational,816,0.4468085106382978
0.8444635790164775,0.1555364209835225,0.5934713234937279,0.406528676506272,360.0,3510.0,False,6760.0,0.0,0.9999999999999976,01,operational,816,0.4468085106382978
0.8652330073551466,0.1347669926448533,0.6486576027688564,0.3513423972311435,360.0,2920.0,False,6760.0,0.0,0.9999999999999976,10,operational,816,0.4468085106382978
0.8350458341959225,0.1649541658040775,0.6486576027688564,0.3513423972311435,360.0,3770.0,False,6760.0,0.0,0.9999999999999976,11,operational,816,0.4468085106382978
0.8787391325409563,0.1212608674590437,0.4274820181581179,0.5725179818418821,360.0,3020.0,False,6760.0,0.0,0.9999999999999976,00,operational,817,0.4113475177304964
0.8446816197304043,0.1553183802695956,0.4274820181581179,0.5725179818418821,360.0,3970.0,False,6760.0,0.0,0.9999999999999976,01,operational,817,0.4113475177304964
0.8703256728811906,0.1296743271188094,0.4576406120861571,0.5423593879138429,360.0,3020.0,False,6760.0,0.0,0.9999999999999976,10,operational,817,0.4113475177304964
0.7440991093286048,0.2559008906713952,0.4576406120861571,0.5423593879138429,360.0,,True,6760.0,1.0,0.8122470613902637,11,operational,817,0.4113475177304964
0.8614879233824457,0.1385120766175542,0.6141272518280185,0.3858727481719815,360.0,2910.0,False,6760.0,0.0,0.9999999999999976,00,operational,818,0.3829787234042553
0.7976991459070834,0.2023008540929166,0.6141272518280185,0.3858727481719815,360.0,4010.0,False,6760.0,0.0,0.9999999999999976,01,operational,818,0.3829787234042553
0.8469745810864775,0.1530254189135225,0.6778595628123926,0.3221404371876074,360.0,2910.0,False,6760.0,0.0,0.9999999999999976,10,operational,818,0.3829787234042553
0.657631821584619,0.342368178415381,0.6778595628123926,0.3221404371876074,360.0,,True,6760.0,1.0,0.7505515843940664,11,operational,818,0.3829787234042553
0.8167520350480169,0.1832479649519831,0.7590260605575612,0.2409739394424388,360.0,3410.0,False,6760.0,0.0,0.9999999999999976,00,operational,819,0.4609929078014184
0.7659035206274785,0.2340964793725215,0.7590260605575612,0.2409739394424388,360.0,4240.0,False,6760.0,0.0,0.9999999999999976,01,operational,819,0.4609929078014184
0.8064318021452234,0.1935681978547766,0.7896369882762213,0.2103630117237787,360.0,3410.0,False,6760.0,0.0,0.9999999999999976,10,operational,819,0.4609929078014184
0.7748863354889716,0.2251136645110284,0.7896369882762213,0.2103630117237787,360.0,4240.0,False,6760.0,0.0,0.9999999999999976,11,operational,819,0.4609929078014184
0.8967517848636082,0.1032482151363918,0.4155246457927146,0.5844753542072854,360.0,2750.0,False,6760.0,0.0,0.9999999999999976,00,operational,820,0.3971631205673759
0.8773052088393388,0.1226947911606611,0.4155246457927146,0.5844753542072854,360.0,3450.0,False,6760.0,0.0,0.9999999999999976,01,operational,820,0.3971631205673759
0.8922613011067864,0.1077386988932136,0.4155246457927146,0.5844753542072854,360.0,2750.0,False,6760.0,0.0,0.9999999999999976,10,operational,820,0.3971631205673759
0.8632671248450847,0.1367328751549152,0.4155246457927146,0.5844753542072854,360.0,3530.0,False,6760.0,0.0,0.9999999999999976,11,operational,820,0.3971631205673759
0.6957112099251924,0.3042887900748076,0.7611920281267277,0.2388079718732722,360.0,4660.0,False,6760.0,0.0,0.9999999999999974,00,operational,821,0.4893617021276595
0.6825140105586466,0.3174859894413534,0.7611920281267277,0.2388079718732722,360.0,6120.0,False,6760.0,0.0,0.9999999999999974,01,operational,821,0.4893617021276595
0.6832654311999832,0.3167345688000168,0.7770582633876494,0.2229417366123506,360.0,4660.0,False,6760.0,0.0,0.9999999999999974,10,operational,821,0.4893617021276595
0.6456762774139794,0.3543237225860206,0.7770582633876494,0.2229417366123506,360.0,,True,6760.0,1.0,0.8461534867332533,11,operational,821,0.4893617021276595
0.8498878540736273,0.1501121459263726,0.6448934066805225,0.3551065933194774,360.0,2870.0,False,6760.0,0.0,0.9999999999999976,00,operational,822,0.3900709219858156
0.8404617218851467,0.1595382781148533,0.6448934066805225,0.3551065933194774,360.0,3480.0,False,6760.0,0.0,0.9999999999999976,01,operational,822,0.3900709219858156
0.841523208676141,0.1584767913238589,0.6780595405947052,0.3219404594052948,360.0,2870.0,False,6760.0,0.0,0.9999999999999976,10,operational,822,0.3900709219858156
0.8312326713071567,0.1687673286928432,0.6780595405947052,0.3219404594052948,360.0,3540.0,False,6760.0,0.0,0.9999999999999976,11,operational,822,0.3900709219858156
0.8699685821420493,0.1300314178579507,0.4208282549230289,0.5791717450769711,360.0,3400.0,False,6760.0,0.0,0.9999999999999974,00,operational,823,0.4397163120567376
0.8453249946458615,0.1546750053541384,0.4208282549230289,0.5791717450769711,360.0,4300.0,False,6760.0,0.0,0.9999999999999974,01,operational,823,0.4397163120567376
0.8572245027781934,0.1427754972218066,0.4731007809652617,0.5268992190347382,360.0,3400.0,False,6760.0,0.0,0.9999999999999974,10,operational,823,0.4397163120567376
0.7641486529302244,0.2358513470697756,0.4731007809652617,0.5268992190347382,360.0,,True,6760.0,1.0,0.8504660360830044,11,operational,823,0.4397163120567376
0.950239133178542,0.0497608668214578,0.5629427821096585,0.4370572178903414,360.0,1170.0,False,6760.0,0.0,0.9999999999999976,00,operational,824,0.1985815602836879
0.9467152672859724,0.0532847327140275,0.5629427821096585,0.4370572178903414,360.0,1420.0,False,6760.0,0.0,0.9999999999999976,01,operational,824,0.1985815602836879
0.948085518499368,0.0519144815006319,0.5846741342225443,0.4153258657774556,360.0,1170.0,False,6760.0,0.0,0.9999999999999976,10,operational,824,0.1985815602836879
0.943615544834749,0.056384455165251,0.5846741342225443,0.4153258657774556,360.0,1430.0,False,6760.0,0.0,0.9999999999999976,11,operational,824,0.1985815602836879
0.8340860168918858,0.1659139831081142,0.7176121356894245,0.2823878643105755,360.0,3080.0,False,6760.0,0.0,0.9999999999999976,00,operational,825,0.4113475177304964
0.7938309096470628,0.2061690903529371,0.7176121356894245,0.2823878643105755,360.0,4080.0,False,6760.0,0.0,0.9999999999999976,01,operational,825,0.4113475177304964
0.8264863996345305,0.1735136003654694,0.7266028289902879,0.273397171009712,360.0,3080.0,False,6760.0,0.0,0.9999999999999976,10,operational,825,0.4113475177304964
0.8221163351745796,0.1778836648254204,0.7266028289902879,0.273397171009712,360.0,3850.0,False,6760.0,0.0,0.9999999999999976,11,operational,825,0.4113475177304964
0.7451993430438867,0.2548006569561133,0.696597378669619,0.303402621330381,360.0,4630.0,False,6760.0,0.0,0.9999999999999974,00,operational,826,0.6099290780141844
0.7003453676747005,0.2996546323252995,0.696597378669619,0.303402621330381,360.0,5960.0,False,6760.0,0.0,0.9999999999999974,01,operational,826,0.6099290780141844
0.7308634848287684,0.2691365151712316,0.7163558666840364,0.2836441333159636,360.0,4630.0,False,6760.0,0.0,0.9999999999999974,10,operational,826,0.6099290780141844
0.6627778869384943,0.3372221130615057,0.7163558666840364,0.2836441333159636,360.0,,True,6760.0,1.0,0.931781265742762,11,operational,826,0.6099290780141844
0.9867428286237596,0.0132571713762403,0.2209102185893739,0.779089781410626,360.0,630.0,False,6760.0,0.0,0.9999999999999976,00,operational,827,0.0992907801418439
0.986703258882598,0.013296741117402,0.2209102185893739,0.779089781410626,360.0,640.0,False,6760.0,0.0,0.9999999999999976,01,operational,827,0.0992907801418439
0.9851012006768955,0.0148987993231044,0.2578373643268112,0.7421626356731887,360.0,630.0,False,6760.0,0.0,0.9999999999999976,10,operational,827,0.0992907801418439
0.985061630935733,0.014938369064267,0.2578373643268112,0.7421626356731887,360.0,640.0,False,6760.0,0.0,0.9999999999999976,11,operational,827,0.0992907801418439
0.831663966453536,0.1683360335464639,0.7252358796762317,0.2747641203237683,360.0,3030.0,False,6760.0,0.0,0.9999999999999976,00,operational,828,0.3900709219858156
0.7981061669308603,0.2018938330691396,0.7252358796762317,0.2747641203237683,360.0,4000.0,False,6760.0,0.0,0.9999999999999976,01,operational,828,0.3900709219858156
0.8250569796283382,0.1749430203716617,0.7516791747186459,0.2483208252813541,360.0,3030.0,False,6760.0,0.0,0.9999999999999976,10,operational,828,0.3900709219858156
0.7909206913003223,0.2090793086996777,0.7516791747186459,0.2483208252813541,360.0,3820.0,False,6760.0,0.0,0.9999999999999976,11,operational,828,0.3900709219858156
0.914421438475446,0.0855785615245539,0.5534543307283917,0.4465456692716083,360.0,2320.0,False,6760.0,0.0,0.9999999999999976,00,operational,829,0.4042553191489361
0.9012167623114148,0.0987832376885851,0.5534543307283917,0.4465456692716083,360.0,2750.0,False,6760.0,0.0,0.9999999999999976,01,operational,829,0.4042553191489361
0.9046814164090896,0.0953185835909103,0.6326620990116785,0.3673379009883215,360.0,2320.0,False,6760.0,0.0,0.9999999999999976,10,operational,829,0.4042553191489361
0.8971046574404555,0.1028953425595444,0.6326620990116785,0.3673379009883215,360.0,2790.0,False,6760.0,0.0,0.9999999999999976,11,operational,829,0.4042553191489361
0.7454224328839463,0.2545775671160537,0.7693344151140756,0.2306655848859243,360.0,4200.0,False,6760.0,0.0,0.9999999999999976,00,operational,830,0.5319148936170213
0.6987531871838768,0.3012468128161232,0.7693344151140756,0.2306655848859243,360.0,5230.0,False,6760.0,0.0,0.9999999999999976,01,operational,830,0.5319148936170213
0.7387094021750557,0.2612905978249443,0.7740634154375065,0.2259365845624935,360.0,4200.0,False,6760.0,0.0,0.9999999999999976,10,operational,830,0.5319148936170213
0.7256150384191556,0.2743849615808443,0.7740634154375065,0.2259365845624935,360.0,4790.0,False,6760.0,0.0,0.9999999999999976,11,operational,830,0.5319148936170213
0.8470023179743049,0.152997682025695,0.6408596836273618,0.3591403163726382,360.0,3080.0,False,6760.0,0.0,0.9999999999999976,00,operational,831,0.4113475177304964
0.8316700077252767,0.1683299922747233,0.6408596836273618,0.3591403163726382,360.0,3590.0,False,6760.0,0.0,0.9999999999999976,01,operational,831,0.4113475177304964
0.8370451247171496,0.1629548752828503,0.6619248016020569,0.3380751983979431,360.0,3080.0,False,6760.0,0.0,0.9999999999999976,10,operational,831,0.4113475177304964
0.7206501623412347,0.2793498376587653,0.6619248016020569,0.3380751983979431,360.0,,True,6760.0,1.0,0.8325521758208541,11,operational,831,0.4113475177304964
0.7429937231245908,0.2570062768754092,0.7502645117390436,0.2497354882609564,360.0,4160.0,False,6760.0,0.0,0.9999999999999974,00,operational,832,0.4680851063829787
0.712227056606343,0.287772943393657,0.7502645117390436,0.2497354882609564,360.0,5530.0,False,6760.0,0.0,0.9999999999999974,01,operational,832,0.4680851063829787
0.7345398453395026,0.2654601546604974,0.7638787027434335,0.2361212972565665,360.0,4160.0,False,6760.0,0.0,0.9999999999999974,10,operational,832,0.4680851063829787
0.6039763776959033,0.3960236223040967,0.7638787027434335,0.2361212972565665,360.0,,True,6760.0,1.0,0.7717890050583598,11,operational,832,0.4680851063829787
0.9703205972769248,0.0296794027230753,0.3278037541430774,0.6721962458569226,360.0,1000.0,False,6760.0,0.0,0.9999999999999976,00,operational,833,0.1418439716312056
0.97026711045804,0.0297328895419598,0.3278037541430774,0.6721962458569226,360.0,1000.0,False,6760.0,0.0,0.9999999999999976,01,operational,833,0.1418439716312056
0.9683126224509928,0.0316873775490073,0.3639725463050483,0.6360274536949517,360.0,1000.0,False,6760.0,0.0,0.9999999999999976,10,operational,833,0.1418439716312056
0.968259135632108,0.0317408643678921,0.3639725463050483,0.6360274536949517,360.0,1000.0,False,6760.0,0.0,0.9999999999999976,11,operational,833,0.1418439716312056
0.7340030762882468,0.2659969237117532,0.744082802218111,0.255917197781889,360.0,4280.0,False,6760.0,0.0,0.9999999999999974,00,operational,834,0.5035460992907801
0.7130643559729785,0.2869356440270215,0.744082802218111,0.255917197781889,360.0,5400.0,False,6760.0,0.0,0.9999999999999974,01,operational,834,0.5035460992907801
0.7277037489788758,0.2722962510211242,0.7620600851490784,0.2379399148509216,360.0,4280.0,False,6760.0,0.0,0.9999999999999974,10,operational,834,0.5035460992907801
0.6112725074233003,0.3887274925766997,0.7620600851490784,0.2379399148509216,360.0,,True,6760.0,1.0,0.7505515843940664,11,operational,834,0.5035460992907801
0.9801840275438788,0.0198159724561213,0.21249446080525,0.78750553919475,360.0,1150.0,False,6760.0,0.0,0.9999999999999976,00,operational,835,0.2056737588652482
0.9787168825858732,0.0212831174141268,0.21249446080525,0.78750553919475,360.0,1300.0,False,6760.0,0.0,0.9999999999999976,01,operational,835,0.2056737588652482
0.9750818959585232,0.0249181040414768,0.2764014089633024,0.7235985910366975,360.0,1160.0,False,6760.0,0.0,0.9999999999999976,10,operational,835,0.2056737588652482
0.9721131827516222,0.0278868172483778,0.2764014089633024,0.7235985910366975,360.0,1420.0,False,6760.0,0.0,0.9999999999999976,11,operational,835,0.2056737588652482
0.8894767615133531,0.1105232384866469,0.6131923116752784,0.3868076883247215,360.0,2700.0,False,6760.0,0.0,0.9999999999999976,00,operational,836,0.3687943262411347
0.8825581165484278,0.1174418834515722,0.6131923116752784,0.3868076883247215,360.0,3090.0,False,6760.0,0.0,0.9999999999999976,01,operational,836,0.3687943262411347
0.8827918844074071,0.1172081155925929,0.6448098770181885,0.3551901229818115,360.0,2700.0,False,6760.0,0.0,0.9999999999999976,10,operational,836,0.3687943262411347
0.7654531346124487,0.2345468653875513,0.6448098770181885,0.3551901229818115,360.0,,True,6760.0,1.0,0.8505201075624284,11,operational,836,0.3687943262411347
0.8968898254060373,0.1031101745939626,0.406949433235185,0.5930505667648149,360.0,2720.0,False,6760.0,0.0,0.9999999999999976,00,operational,837,0.4113475177304964
0.8770273941475885,0.1229726058524115,0.406949433235185,0.5930505667648149,360.0,3410.0,False,6760.0,0.0,0.9999999999999976,01,operational,837,0.4113475177304964
0.8901288085204001,0.1098711914795999,0.4439240175241548,0.5560759824758452,360.0,2720.0,False,6760.0,0.0,0.9999999999999976,10,operational,837,0.4113475177304964
0.8733595658240723,0.1266404341759277,0.4439240175241548,0.5560759824758452,360.0,3500.0,False,6760.0,0.0,0.9999999999999976,11,operational,837,0.4113475177304964
0.8646896311646441,0.1353103688353558,0.7013854443015455,0.2986145556984545,360.0,2560.0,False,6760.0,0.0,0.9999999999999976,00,operational,838,0.3546099290780142
0.8556432865369599,0.1443567134630401,0.7013854443015455,0.2986145556984545,360.0,2890.0,False,6760.0,0.0,0.9999999999999976,01,operational,838,0.3546099290780142
0.8609810564348227,0.1390189435651773,0.7203957884574455,0.2796042115425545,360.0,2560.0,False,6760.0,0.0,0.9999999999999976,10,operational,838,0.3546099290780142
0.8522689740952938,0.1477310259047062,0.7203957884574455,0.2796042115425545,360.0,2890.0,False,6760.0,0.0,0.9999999999999976,11,operational,838,0.3546099290780142
0.7100648413386131,0.2899351586613868,0.7054840980720867,0.2945159019279133,360.0,4680.0,False,6760.0,0.0,0.9999999999999976,00,operational,839,0.475177304964539
0.6675761089927842,0.3324238910072158,0.7054840980720867,0.2945159019279133,360.0,5890.0,False,6760.0,0.0,0.9999999999999976,01,operational,839,0.475177304964539
0.6905131145651244,0.3094868854348755,0.7332331066935717,0.2667668933064283,360.0,4680.0,False,6760.0,0.0,0.9999999999999976,10,operational,839,0.475177304964539
0.4080263779594382,0.5919736220405618,0.7332331066935717,0.2667668933064283,360.0,,True,6760.0,1.0,0.4602102908041127,11,operational,839,0.475177304964539
0.9003615280304464,0.0996384719695535,0.6087098098642831,0.3912901901357168,360.0,2170.0,False,6760.0,0.0,0.9999999999999976,00,operational,840,0.3333333333333333
0.889192805986345,0.110807194013655,0.6087098098642831,0.3912901901357168,360.0,2600.0,False,6760.0,0.0,0.9999999999999976,01,operational,840,0.3333333333333333
0.8956429801678221,0.1043570198321779,0.6423447583815179,0.357655241618482,360.0,2170.0,False,6760.0,0.0,0.9999999999999976,10,operational,840,0.3333333333333333
0.8426262967021982,0.1573737032978017,0.6423447583815179,0.357655241618482,360.0,,True,6760.0,1.0,0.9134645547950824,11,operational,840,0.3333333333333333
0.9156680394540574,0.0843319605459426,0.4154380123813453,0.5845619876186546,360.0,2100.0,False,6760.0,0.0,0.9999999999999976,00,operational,841,0.3120567375886525
0.8941365200422552,0.1058634799577448,0.4154380123813453,0.5845619876186546,360.0,2780.0,False,6760.0,0.0,0.9999999999999976,01,operational,841,0.3120567375886525
0.9111228432524436,0.0888771567475564,0.437075996909621,0.5629240030903789,360.0,2100.0,False,6760.0,0.0,0.9999999999999976,10,operational,841,0.3120567375886525
0.818365537078076,0.1816344629219239,0.437075996909621,0.5629240030903789,360.0,,True,6760.0,1.0,0.8893731202250903,11,operational,841,0.3120567375886525
0.9568848222477252,0.0431151777522746,0.3278783571662023,0.6721216428337977,360.0,1470.0,False,6760.0,0.0,0.9999999999999976,00,operational,842,0.2127659574468085
0.9517689333548384,0.0482310666451615,0.3278783571662023,0.6721216428337977,360.0,1650.0,False,6760.0,0.0,0.9999999999999976,01,operational,842,0.2127659574468085
0.9568848222477252,0.0431151777522746,0.3278783571662023,0.6721216428337977,360.0,1470.0,False,6760.0,0.0,0.9999999999999976,10,operational,842,0.2127659574468085
0.9517689333548384,0.0482310666451615,0.3278783571662023,0.6721216428337977,360.0,1650.0,False,6760.0,0.0,0.9999999999999976,11,operational,842,0.2127659574468085
0.8586315121839107,0.1413684878160893,0.5918916890620225,0.4081083109379774,360.0,2820.0,False,6760.0,0.0,0.9999999999999976,00,operational,843,0.3829787234042553
0.8335420997301571,0.1664579002698428,0.5918916890620225,0.4081083109379774,360.0,3690.0,False,6760.0,0.0,0.9999999999999976,01,operational,843,0.3829787234042553
0.856012401499661,0.143987598500339,0.6043983237239194,0.3956016762760806,360.0,2820.0,False,6760.0,0.0,0.9999999999999976,10,operational,843,0.3829787234042553
0.8385685403582468,0.1614314596417532,0.6043983237239194,0.3956016762760806,360.0,3480.0,False,6760.0,0.0,0.9999999999999976,11,operational,843,0.3829787234042553
0.8366210619221984,0.1633789380778015,0.7139644153841385,0.2860355846158615,360.0,3050.0,False,6760.0,0.0,0.9999999999999976,00,operational,844,0.4468085106382978
0.7997241556620417,0.2002758443379583,0.7139644153841385,0.2860355846158615,360.0,3950.0,False,6760.0,0.0,0.9999999999999976,01,operational,844,0.4468085106382978
0.8278190482445389,0.1721809517554611,0.7592526967455715,0.2407473032544285,360.0,3050.0,False,6760.0,0.0,0.9999999999999976,10,operational,844,0.4468085106382978
0.7122048943643304,0.2877951056356695,0.7592526967455715,0.2407473032544285,360.0,,True,6760.0,1.0,0.8505201075624284,11,operational,844,0.4468085106382978
0.9232976951837578,0.0767023048162421,0.5253723362794918,0.4746276637205083,360.0,2130.0,False,6760.0,0.0,0.9999999999999976,00,operational,845,0.3617021276595745
0.9125913334946996,0.0874086665053005,0.5253723362794918,0.4746276637205083,360.0,2430.0,False,6760.0,0.0,0.9999999999999976,01,operational,845,0.3617021276595745
0.9232397001259514,0.0767602998740486,0.525386969590264,0.474613030409736,360.0,2130.0,False,6760.0,0.0,0.9999999999999976,10,operational,845,0.3617021276595745
0.912533338436893,0.087466661563107,0.525386969590264,0.474613030409736,360.0,2430.0,False,6760.0,0.0,0.9999999999999976,11,operational,845,0.3617021276595745
0.8929153464751011,0.1070846535248989,0.6097717897059933,0.3902282102940066,360.0,2420.0,False,6760.0,0.0,0.9999999999999976,00,operational,846,0.3120567375886525
0.8824278357607197,0.1175721642392803,0.6097717897059933,0.3902282102940066,360.0,2880.0,False,6760.0,0.0,0.9999999999999976,01,operational,846,0.3120567375886525
0.8847583888012313,0.1152416111987687,0.625907992769077,0.3740920072309229,360.0,2420.0,False,6760.0,0.0,0.9999999999999976,10,operational,846,0.3120567375886525
0.8661702854680976,0.1338297145319024,0.625907992769077,0.3740920072309229,360.0,2960.0,False,6760.0,0.0,0.9999999999999976,11,operational,846,0.3120567375886525
0.8865860542726252,0.1134139457273748,0.6192695250609134,0.3807304749390866,360.0,2470.0,False,6760.0,0.0,0.9999999999999976,00,operational,847,0.3404255319148936
0.8832224815836255,0.1167775184163745,0.6192695250609134,0.3807304749390866,360.0,2980.0,False,6760.0,0.0,0.9999999999999976,01,operational,847,0.3404255319148936
0.8791807709058147,0.1208192290941853,0.6662178483000365,0.3337821516999634,360.0,2470.0,False,6760.0,0.0,0.9999999999999976,10,operational,847,0.3404255319148936
0.8738159912322809,0.126184008767719,0.6662178483000365,0.3337821516999634,360.0,3010.0,False,6760.0,0.0,0.9999999999999976,11,operational,847,0.3404255319148936
0.7171716802539877,0.2828283197460123,0.7366590894267497,0.2633409105732502,360.0,4540.0,False,6760.0,0.0,0.9999999999999976,00,operational,848,0.4893617021276595
0.6640972678578476,0.3359027321421524,0.7366590894267497,0.2633409105732502,360.0,6130.0,False,6760.0,0.0,0.9999999999999976,01,operational,848,0.4893617021276595
0.7008907746534694,0.2991092253465306,0.7660480469092883,0.2339519530907116,360.0,4540.0,False,6760.0,0.0,0.9999999999999976,10,operational,848,0.4893617021276595
0.3654134423187752,0.6345865576812248,0.7660480469092883,0.2339519530907116,360.0,,True,6760.0,1.0,0.3933825371533908,11,operational,848,0.4893617021276595
0.9534096448424526,0.0465903551575473,0.3476313854226596,0.6523686145773404,360.0,1590.0,False,6760.0,0.0,0.9999999999999976,00,operational,849,0.2482269503546099
0.9493028649473372,0.0506971350526629,0.3476313854226596,0.6523686145773404,360.0,1760.0,False,6760.0,0.0,0.9999999999999976,01,operational,849,0.2482269503546099
0.9492576534237412,0.0507423465762588,0.3945279293731658,0.6054720706268342,360.0,1590.0,False,6760.0,0.0,0.9999999999999976,10,operational,849,0.2482269503546099
0.9446683734562192,0.0553316265437806,0.3945279293731658,0.6054720706268342,360.0,1780.0,False,6760.0,0.0,0.9999999999999976,11,operational,849,0.2482269503546099
0.9272123111870748,0.0727876888129251,0.3788387593163788,0.6211612406836212,360.0,2140.0,False,6760.0,0.0,0.9999999999999976,00,operational,850,0.3333333333333333
0.9179254114598993,0.0820745885401008,0.3788387593163788,0.6211612406836212,360.0,2510.0,False,6760.0,0.0,0.9999999999999976,01,operational,850,0.3333333333333333
0.9180470269626068,0.0819529730373932,0.4358015667234109,0.564198433276589,360.0,2140.0,False,6760.0,0.0,0.9999999999999976,10,operational,850,0.3333333333333333
0.8541089403183277,0.1458910596816722,0.4358015667234109,0.564198433276589,360.0,,True,6760.0,1.0,0.93592348784348,11,operational,850,0.3333333333333333
0.8085739080427303,0.1914260919572696,0.7487950092985141,0.251204990701486,360.0,3320.0,False,6760.0,0.0,0.9999999999999974,00,operational,851,0.4113475177304964
0.789293391649517,0.210706608350483,0.7487950092985141,0.251204990701486,360.0,3970.0,False,6760.0,0.0,0.9999999999999974,01,operational,851,0.4113475177304964
0.8044102262075634,0.1955897737924365,0.7493257591760609,0.2506742408239391,360.0,3320.0,False,6760.0,0.0,0.9999999999999974,10,operational,851,0.4113475177304964
0.773984531062796,0.226015468937204,0.7493257591760609,0.2506742408239391,360.0,3660.0,False,6760.0,0.0,0.9999999999999974,11,operational,851,0.4113475177304964
0.9616917948855054,0.0383082051144946,0.31436986494016,0.6856301350598399,360.0,1240.0,False,6760.0,0.0,0.9999999999999976,00,operational,852,0.1843971631205673
0.9537889509648052,0.0462110490351949,0.31436986494016,0.6856301350598399,360.0,1570.0,False,6760.0,0.0,0.9999999999999976,01,operational,852,0.1843971631205673
0.9574859137706366,0.0425140862293633,0.3650549343166174,0.6349450656833826,360.0,1240.0,False,6760.0,0.0,0.9999999999999976,10,operational,852,0.1843971631205673
0.9497754325359392,0.0502245674640606,0.3650549343166174,0.6349450656833826,360.0,1610.0,False,6760.0,0.0,0.9999999999999976,11,operational,852,0.1843971631205673
0.8890739059268391,0.1109260940731609,0.680695657788784,0.3193043422112159,360.0,2310.0,False,6760.0,0.0,0.9999999999999976,00,operational,853,0.375886524822695
0.8788423845232165,0.1211576154767835,0.680695657788784,0.3193043422112159,360.0,2730.0,False,6760.0,0.0,0.9999999999999976,01,operational,853,0.375886524822695
0.8868838487333518,0.1131161512666482,0.6983447327359438,0.3016552672640562,360.0,2310.0,False,6760.0,0.0,0.9999999999999976,10,operational,853,0.375886524822695
0.8767378527965897,0.1232621472034103,0.6983447327359438,0.3016552672640562,360.0,2730.0,False,6760.0,0.0,0.9999999999999976,11,operational,853,0.375886524822695
0.926521666717288,0.0734783332827119,0.3744869609462146,0.6255130390537854,360.0,2080.0,False,6760.0,0.0,0.9999999999999976,00,operational,854,0.2836879432624113
0.9092835583416016,0.0907164416583985,0.3744869609462146,0.6255130390537854,360.0,2720.0,False,6760.0,0.0,0.9999999999999976,01,operational,854,0.2836879432624113
0.9157035382792186,0.0842964617207814,0.4452792353512194,0.5547207646487806,360.0,2080.0,False,6760.0,0.0,0.9999999999999976,10,operational,854,0.2836879432624113
0.6966780185070818,0.3033219814929182,0.4452792353512194,0.5547207646487806,360.0,,True,6760.0,1.0,0.7111668073822022,11,operational,854,0.2836879432624113
0.8921353058053979,0.1078646941946021,0.458582929814703,0.541417070185297,360.0,2570.0,False,6760.0,0.0,0.9999999999999976,00,operational,855,0.3900709219858156
0.8643111746125716,0.1356888253874284,0.458582929814703,0.541417070185297,360.0,3310.0,False,6760.0,0.0,0.9999999999999976,01,operational,855,0.3900709219858156
0.8869864219686617,0.1130135780313382,0.4781679513453727,0.5218320486546273,360.0,2570.0,False,6760.0,0.0,0.9999999999999976,10,operational,855,0.3900709219858156
0.8247511623707183,0.1752488376292816,0.4781679513453727,0.5218320486546273,360.0,,True,6760.0,1.0,0.9317812656734458,11,operational,855,0.3900709219858156
0.9458313783772816,0.0541686216227185,0.3719628374542459,0.628037162545754,360.0,1750.0,False,6760.0,0.0,0.9999999999999976,00,operational,856,0.3120567375886525
0.9402684288490394,0.0597315711509606,0.3719628374542459,0.628037162545754,360.0,1970.0,False,6760.0,0.0,0.9999999999999976,01,operational,856,0.3120567375886525
0.9368110782874792,0.0631889217125207,0.468972507387237,0.5310274926127629,360.0,1750.0,False,6760.0,0.0,0.9999999999999976,10,operational,856,0.3120567375886525
0.8786976822671554,0.1213023177328446,0.468972507387237,0.5310274926127629,360.0,,True,6760.0,1.0,0.93178126576305,11,operational,856,0.3120567375886525
0.9052433506699492,0.0947566493300509,0.8227710718340265,0.1772289281659734,230.0,2200.0,False,6760.0,0.0,0.9999999999999976,00,operational,857,0.3900709219858156
0.8973341112145665,0.1026658887854334,0.8227710718340265,0.1772289281659734,230.0,2440.0,False,6760.0,0.0,0.9999999999999976,01,operational,857,0.3900709219858156
0.9011943834014708,0.0988056165985291,0.845707540414359,0.154292459585641,230.0,2200.0,False,6760.0,0.0,0.9999999999999976,10,operational,857,0.3900709219858156
0.8481041449284548,0.1518958550715452,0.845707540414359,0.154292459585641,230.0,,True,6760.0,1.0,0.9317812653019064,11,operational,857,0.3900709219858156
0.8511315840002416,0.1488684159997584,0.7056517764761686,0.2943482235238314,360.0,2720.0,False,6760.0,0.0,0.9999999999999976,00,operational,858,0.3546099290780142
0.8289165308166788,0.1710834691833211,0.7056517764761686,0.2943482235238314,360.0,3260.0,False,6760.0,0.0,0.9999999999999976,01,operational,858,0.3546099290780142
0.8424098947990585,0.1575901052009415,0.7260341366139035,0.2739658633860965,360.0,2720.0,False,6760.0,0.0,0.9999999999999976,10,operational,858,0.3546099290780142
0.8294156638366373,0.1705843361633626,0.7260341366139035,0.2739658633860965,360.0,3240.0,False,6760.0,0.0,0.9999999999999976,11,operational,858,0.3546099290780142
0.8614866665899774,0.1385133334100226,0.5822886972875756,0.4177113027124243,360.0,3060.0,False,6760.0,0.0,0.9999999999999976,00,operational,859,0.4468085106382978
0.8260208799970978,0.1739791200029021,0.5822886972875756,0.4177113027124243,360.0,4040.0,False,6760.0,0.0,0.9999999999999976,01,operational,859,0.4468085106382978
0.8490263804568564,0.1509736195431436,0.6429581931791291,0.357041806820871,360.0,3060.0,False,6760.0,0.0,0.9999999999999976,10,operational,859,0.4468085106382978
0.7270390356440023,0.2729609643559977,0.6429581931791291,0.357041806820871,360.0,,True,6760.0,1.0,0.8122470613902637,11,operational,859,0.4468085106382978
0.8646748956011777,0.1353251043988222,0.6069218162158746,0.3930781837841254,360.0,2710.0,False,6760.0,0.0,0.9999999999999976,00,operational,860,0.3262411347517731
0.8527474897503626,0.1472525102496373,0.6069218162158746,0.3930781837841254,360.0,3590.0,False,6760.0,0.0,0.9999999999999976,01,operational,860,0.3262411347517731
0.8526465488676939,0.1473534511323061,0.6423013488530604,0.3576986511469395,360.0,2710.0,False,6760.0,0.0,0.9999999999999976,10,operational,860,0.3262411347517731
0.7597863147973447,0.2402136852026553,0.6423013488530604,0.3576986511469395,360.0,,True,6760.0,1.0,0.8461534867332533,11,operational,860,0.3262411347517731
0.920425416180394,0.0795745838196061,0.4796258279587291,0.5203741720412709,360.0,1960.0,False,6760.0,0.0,0.9999999999999976,00,operational,861,0.2695035460992908
0.9110634245419308,0.0889365754580693,0.4796258279587291,0.5203741720412709,360.0,2260.0,False,6760.0,0.0,0.9999999999999976,01,operational,861,0.2695035460992908
0.9174755606695312,0.0825244393304687,0.5014327842787387,0.4985672157212613,360.0,1960.0,False,6760.0,0.0,0.9999999999999976,10,operational,861,0.2695035460992908
0.9091710100004842,0.0908289899995158,0.5014327842787387,0.4985672157212613,360.0,2260.0,False,6760.0,0.0,0.9999999999999976,11,operational,861,0.2695035460992908
0.8418646510744981,0.1581353489255018,0.690081991914741,0.3099180080852591,360.0,2940.0,False,6760.0,0.0,0.9999999999999976,00,operational,862,0.3971631205673759
0.827562654088144,0.172437345911856,0.690081991914741,0.3099180080852591,360.0,3740.0,False,6760.0,0.0,0.9999999999999976,01,operational,862,0.3971631205673759
0.8379665707667711,0.1620334292332289,0.7079756414488323,0.2920243585511677,360.0,2940.0,False,6760.0,0.0,0.9999999999999976,10,operational,862,0.3971631205673759
0.831552855546462,0.168447144453538,0.7079756414488323,0.2920243585511677,360.0,3700.0,False,6760.0,0.0,0.9999999999999976,11,operational,862,0.3971631205673759
0.908980053924614,0.091019946075386,0.5050812268401284,0.4949187731598716,360.0,2280.0,False,6760.0,0.0,0.9999999999999976,00,operational,863,0.3617021276595745
0.8991548276561991,0.1008451723438008,0.5050812268401284,0.4949187731598716,360.0,2710.0,False,6760.0,0.0,0.9999999999999976,01,operational,863,0.3617021276595745
0.9027091744702748,0.0972908255297253,0.5341563942805277,0.4658436057194722,360.0,2280.0,False,6760.0,0.0,0.9999999999999976,10,operational,863,0.3617021276595745
0.7870508312635957,0.2129491687364043,0.5341563942805277,0.4658436057194722,360.0,,True,6760.0,1.0,0.8506156213344934,11,operational,863,0.3617021276595745
0.9610923967396576,0.0389076032603423,0.3160889696840774,0.6839110303159226,360.0,1390.0,False,6760.0,0.0,0.9999999999999976,00,operational,864,0.2907801418439716
0.9569899165952774,0.0430100834047225,0.3160889696840774,0.6839110303159226,360.0,1570.0,False,6760.0,0.0,0.9999999999999976,01,operational,864,0.2907801418439716
0.95868620484058,0.0413137951594201,0.3471278884856672,0.6528721115143328,360.0,1390.0,False,6760.0,0.0,0.9999999999999976,10,operational,864,0.2907801418439716
0.9528295175375132,0.0471704824624868,0.3471278884856672,0.6528721115143328,360.0,1620.0,False,6760.0,0.0,0.9999999999999976,11,operational,864,0.2907801418439716
0.9269081360045986,0.0730918639954013,0.3857094801281269,0.6142905198718731,360.0,2530.0,False,6760.0,0.0,0.9999999999999976,00,operational,865,0.3404255319148936
0.9138292874307444,0.0861707125692555,0.3857094801281269,0.6142905198718731,360.0,2960.0,False,6760.0,0.0,0.9999999999999976,01,operational,865,0.3404255319148936
0.9151629416081788,0.0848370583918212,0.4675232590613821,0.5324767409386179,360.0,2530.0,False,6760.0,0.0,0.9999999999999976,10,operational,865,0.3404255319148936
0.9036341764430526,0.0963658235569474,0.4675232590613821,0.5324767409386179,360.0,2980.0,False,6760.0,0.0,0.9999999999999976,11,operational,865,0.3404255319148936
0.8745820188273543,0.1254179811726457,0.8983916192592295,0.1016083807407704,360.0,2530.0,False,6760.0,0.0,0.9999999999999976,00,operational,866,0.425531914893617
0.8688083313565431,0.1311916686434568,0.8983916192592295,0.1016083807407704,360.0,3000.0,False,6760.0,0.0,0.9999999999999976,01,operational,866,0.425531914893617
0.8637636699334923,0.1362363300665077,0.9742132702678828,0.0257867297321171,360.0,2530.0,False,6760.0,0.0,0.9999999999999976,10,operational,866,0.425531914893617
0.7885680711447561,0.2114319288552438,0.9742132702678828,0.0257867297321171,360.0,,True,6760.0,1.0,0.8874685113885106,11,operational,866,0.425531914893617
0.906663250380988,0.093336749619012,0.6916518666485948,0.3083481333514052,360.0,2220.0,False,6760.0,0.0,0.9999999999999976,00,operational,867,0.3687943262411347
0.8907611204376343,0.1092388795623656,0.6916518666485948,0.3083481333514052,360.0,2690.0,False,6760.0,0.0,0.9999999999999976,01,operational,867,0.3687943262411347
0.9038526169372816,0.0961473830627183,0.724460215271318,0.2755397847286819,360.0,2220.0,False,6760.0,0.0,0.9999999999999976,10,operational,867,0.3687943262411347
0.897182203533651,0.102817796466349,0.724460215271318,0.2755397847286819,360.0,2670.0,False,6760.0,0.0,0.9999999999999976,11,operational,867,0.3687943262411347
0.9783086940743,0.0216913059257001,0.2705737901950639,0.7294262098049361,360.0,950.0,False,6760.0,0.0,0.9999999999999976,00,operational,868,0.1985815602836879
0.9781740615240077,0.0218259384759923,0.2705737901950639,0.7294262098049361,360.0,970.0,False,6760.0,0.0,0.9999999999999976,01,operational,868,0.1985815602836879
0.9757604394111542,0.0242395605888458,0.3361550212232028,0.6638449787767972,360.0,950.0,False,6760.0,0.0,0.9999999999999976,10,operational,868,0.1985815602836879
0.9753485530054652,0.0246514469945349,0.3361550212232028,0.6638449787767972,360.0,980.0,False,6760.0,0.0,0.9999999999999976,11,operational,868,0.1985815602836879
0.6649053901523712,0.3350946098476288,0.8230678037158605,0.1769321962841394,360.0,5060.0,False,6760.0,0.0,0.9999999999999976,00,operational,869,0.5886524822695035
0.6221214090187854,0.3778785909812145,0.8230678037158605,0.1769321962841394,360.0,6550.0,False,6760.0,0.0,0.9999997894767586,01,operational,869,0.5886524822695035
0.6582984721162781,0.3417015278837219,0.8245627423086738,0.1754372576913262,360.0,5060.0,False,6760.0,0.0,0.9999999999999976,10,operational,869,0.5886524822695035
0.6156822280712339,0.3843177719287661,0.8245627423086738,0.1754372576913262,360.0,,True,6760.0,1.0,0.8505201075059082,11,operational,869,0.5886524822695035
0.7183993545385329,0.2816006454614671,0.7329969760131816,0.2670030239868183,360.0,4530.0,False,6760.0,0.0,0.9999999999999976,00,operational,870,0.5035460992907801
0.6210821341805807,0.3789178658194193,0.7329969760131816,0.2670030239868183,360.0,6240.0,False,6760.0,0.0,0.999999999999976,01,operational,870,0.5035460992907801
0.7007370529256872,0.2992629470743128,0.9079301596282562,0.0920698403717438,160.0,4530.0,False,6760.0,0.0,0.9999999999999976,10,operational,870,0.5035460992907801
0.5074887456093288,0.4925112543906712,0.9079301596282562,0.0920698403717438,160.0,,True,6760.0,1.0,0.6430575657833794,11,operational,870,0.5035460992907801
0.91094448324215,0.08905551675785,0.6538524034562783,0.3461475965437217,360.0,1950.0,False,6760.0,0.0,0.9999999999999976,00,operational,871,0.3120567375886525
0.9005667416060551,0.0994332583939449,0.6538524034562783,0.3461475965437217,360.0,2420.0,False,6760.0,0.0,0.9999999999999976,01,operational,871,0.3120567375886525
0.9094210523876476,0.0905789476123525,0.6630066471831879,0.3369933528168121,360.0,1950.0,False,6760.0,0.0,0.9999999999999976,10,operational,871,0.3120567375886525
0.8993601071527185,0.1006398928472814,0.6630066471831879,0.3369933528168121,360.0,2430.0,False,6760.0,0.0,0.9999999999999976,11,operational,871,0.3120567375886525
0.8898382327409435,0.1101617672590564,0.4724445668281992,0.5275554331718008,360.0,2800.0,False,6760.0,0.0,0.9999999999999976,00,operational,872,0.4397163120567376
0.8619007578030072,0.1380992421969927,0.4724445668281992,0.5275554331718008,360.0,3580.0,False,6760.0,0.0,0.9999999999999976,01,operational,872,0.4397163120567376
0.8859698716030973,0.1140301283969027,0.4876983814190729,0.512301618580927,360.0,2800.0,False,6760.0,0.0,0.9999999999999976,10,operational,872,0.4397163120567376
0.8502972838318491,0.1497027161681509,0.4876983814190729,0.512301618580927,360.0,3610.0,False,6760.0,0.0,0.9999999999999976,11,operational,872,0.4397163120567376
0.9229073077966669,0.0770926922033332,0.4183785158032655,0.5816214841967344,360.0,1950.0,False,6760.0,0.0,0.9999999999999976,00,operational,873,0.3191489361702128
0.9124825860396626,0.0875174139603374,0.4183785158032655,0.5816214841967344,360.0,2320.0,False,6760.0,0.0,0.9999999999999976,01,operational,873,0.3191489361702128
0.9206770480646744,0.0793229519353255,0.446300443460458,0.553699556539542,360.0,1950.0,False,6760.0,0.0,0.9999999999999976,10,operational,873,0.3191489361702128
0.9106080732604994,0.0893919267395005,0.446300443460458,0.553699556539542,360.0,2320.0,False,6760.0,0.0,0.9999999999999976,11,operational,873,0.3191489361702128
0.9484671896975392,0.0515328103024608,0.3794341120701319,0.6205658879298681,360.0,1640.0,False,6760.0,0.0,0.9999999999999976,00,operational,874,0.3049645390070922
0.9424742127863583,0.0575257872136416,0.3794341120701319,0.6205658879298681,360.0,1900.0,False,6760.0,0.0,0.9999999999999976,01,operational,874,0.3049645390070922
0.9454718089733866,0.0545281910266134,0.4096391025836388,0.5903608974163612,360.0,1640.0,False,6760.0,0.0,0.9999999999999976,10,operational,874,0.3049645390070922
0.936803164074576,0.063196835925424,0.4096391025836388,0.5903608974163612,360.0,1960.0,False,6760.0,0.0,0.9999999999999976,11,operational,874,0.3049645390070922
0.868944859540194,0.131055140459806,0.4469048771194456,0.5530951228805544,360.0,2970.0,False,6760.0,0.0,0.9999999999999976,00,operational,875,0.4042553191489361
0.8273397824253516,0.1726602175746484,0.4469048771194456,0.5530951228805544,360.0,4050.0,False,6760.0,0.0,0.9999999999999976,01,operational,875,0.4042553191489361
0.8643813910472166,0.1356186089527834,0.4606545143862367,0.5393454856137633,360.0,2970.0,False,6760.0,0.0,0.9999999999999976,10,operational,875,0.4042553191489361
0.6930578269416079,0.3069421730583921,0.4606545143862367,0.5393454856137633,360.0,,True,6760.0,1.0,0.7505515843940664,11,operational,875,0.4042553191489361
0.7270771517061244,0.2729228482938756,0.7160395564849437,0.2839604435150563,360.0,4510.0,False,6760.0,0.0,0.9999999999999976,00,operational,876,0.5106382978723404
0.6678349110852648,0.3321650889147352,0.7160395564849437,0.2839604435150563,360.0,6050.0,False,6760.0,0.0,0.9999999999999976,01,operational,876,0.5106382978723404
0.7178874984683852,0.2821125015316148,0.7212435801916348,0.2787564198083651,360.0,4510.0,False,6760.0,0.0,0.9999999999999976,10,operational,876,0.5106382978723404
0.6246040703729305,0.3753959296270694,0.7212435801916348,0.2787564198083651,360.0,5670.0,False,6760.0,0.0,0.9999999999999976,11,operational,876,0.5106382978723404
0.8739179833290123,0.1260820166709877,0.4274931699814278,0.5725068300185722,360.0,3140.0,False,6760.0,0.0,0.9999999999999976,00,operational,877,0.4113475177304964
0.8367744203498887,0.1632255796501113,0.4274931699814278,0.5725068300185722,360.0,4390.0,False,6760.0,0.0,0.9999999999999976,01,operational,877,0.4113475177304964
0.8616113852041923,0.1383886147958076,0.4822288976818027,0.5177711023181972,360.0,3140.0,False,6760.0,0.0,0.9999999999999976,10,operational,877,0.4113475177304964
0.8289869310700122,0.1710130689299878,0.4822288976818027,0.5177711023181972,360.0,4450.0,False,6760.0,0.0,0.9999999999999976,11,operational,877,0.4113475177304964
0.9126871472957414,0.0873128527042585,0.5983142079166572,0.4016857920833427,360.0,2050.0,False,6760.0,0.0,0.9999999999999976,00,operational,878,0.3546099290780142
0.8939041058309672,0.1060958941690327,0.5983142079166572,0.4016857920833427,360.0,2450.0,False,6760.0,0.0,0.9999999999999976,01,operational,878,0.3546099290780142
0.9106193668910464,0.0893806331089537,0.6292513016722924,0.3707486983277076,360.0,2050.0,False,6760.0,0.0,0.9999999999999976,10,operational,878,0.3546099290780142
0.8923732380048429,0.107626761995157,0.6292513016722924,0.3707486983277076,360.0,2450.0,False,6760.0,0.0,0.9999999999999976,11,operational,878,0.3546099290780142
0.784880822133366,0.215119177866634,0.7270751843021688,0.2729248156978313,360.0,3820.0,False,6760.0,0.0,0.9999999999999976,00,operational,879,0.4680851063829787
0.7286198753312091,0.2713801246687909,0.7270751843021688,0.2729248156978313,360.0,5320.0,False,6760.0,0.0,0.9999999999999976,01,operational,879,0.4680851063829787
0.771359834089818,0.228640165910182,0.7529486897348021,0.2470513102651979,360.0,3820.0,False,6760.0,0.0,0.9999999999999976,10,operational,879,0.4680851063829787
0.6831374114294727,0.3168625885705273,0.7529486897348021,0.2470513102651979,360.0,4660.0,False,6760.0,0.0,0.9999999999999976,11,operational,879,0.4680851063829787
0.9247727831520008,0.0752272168479991,0.3548525728117966,0.6451474271882034,360.0,2610.0,False,6760.0,0.0,0.9999999999999976,00,operational,880,0.3900709219858156
0.9160564474137296,0.0839435525862702,0.3548525728117966,0.6451474271882034,360.0,2930.0,False,6760.0,0.0,0.9999999999999976,01,operational,880,0.3900709219858156
0.915286663164999,0.084713336835001,0.4011317636047362,0.5988682363952638,360.0,2610.0,False,6760.0,0.0,0.9999999999999976,10,operational,880,0.3900709219858156
0.9037080914956872,0.0962919085043128,0.4011317636047362,0.5988682363952638,360.0,3040.0,False,6760.0,0.0,0.9999999999999976,11,operational,880,0.3900709219858156
0.8900512266137419,0.109948773386258,0.6491337539298623,0.3508662460701376,360.0,2420.0,False,6760.0,0.0,0.9999999999999976,00,operational,881,0.3546099290780142
0.876185295530776,0.123814704469224,0.6491337539298623,0.3508662460701376,360.0,2950.0,False,6760.0,0.0,0.9999999999999976,01,operational,881,0.3546099290780142
0.8863545262441652,0.1136454737558347,0.6704254890796673,0.3295745109203327,360.0,2420.0,False,6760.0,0.0,0.9999999999999976,10,operational,881,0.3546099290780142
0.8750251942944095,0.1249748057055905,0.6704254890796673,0.3295745109203327,360.0,2970.0,False,6760.0,0.0,0.9999999999999976,11,operational,881,0.3546099290780142
0.8904033106771032,0.1095966893228967,0.4972293280026584,0.5027706719973416,360.0,2770.0,False,6760.0,0.0,0.9999999999999976,00,operational,882,0.3900709219858156
0.8846961693038016,0.1153038306961984,0.4972293280026584,0.5027706719973416,360.0,3100.0,False,6760.0,0.0,0.9999999999999976,01,operational,882,0.3900709219858156
0.8816221824698129,0.118377817530187,0.5377846057255213,0.4622153942744786,360.0,2770.0,False,6760.0,0.0,0.9999999999999976,10,operational,882,0.3900709219858156
0.8772114263366155,0.1227885736633844,0.5377846057255213,0.4622153942744786,360.0,3100.0,False,6760.0,0.0,0.9999999999999976,11,operational,882,0.3900709219858156
0.8010601170673071,0.1989398829326929,0.6948751652046659,0.3051248347953341,360.0,3700.0,False,6760.0,0.0,0.9999999999999976,00,operational,883,0.4893617021276595
0.7740898085483534,0.2259101914516466,0.694875165204665,0.3051248347953351,360.0,4590.0,False,6760.0,0.0,0.9999999999999976,01,operational,883,0.4893617021276595
0.7994419144260897,0.2005580855739103,0.6985555235569473,0.3014444764430527,360.0,3700.0,False,6760.0,0.0,0.9999999999999976,10,operational,883,0.4893617021276595
0.7699552410912329,0.230044758908767,0.6985555235569447,0.3014444764430553,360.0,4480.0,False,6760.0,0.0,0.9999999999999976,11,operational,883,0.4893617021276595
0.6641107090468681,0.3358892909531319,0.7706998105597721,0.2293001894402279,360.0,5090.0,False,6760.0,0.0,0.9999999999999976,00,operational,884,0.5673758865248227
0.5632216740438717,0.4367783259561283,0.7706998105597721,0.2293001894402279,360.0,,True,6760.0,1.0,0.9694010340001123,01,operational,884,0.5673758865248227
0.6591564848827167,0.3408435151172833,0.7786625168202536,0.2213374831797464,360.0,5090.0,False,6760.0,0.0,0.9999999999999976,10,operational,884,0.5673758865248227
0.5004989053433478,0.4995010946566521,0.7786625168202536,0.2213374831797464,360.0,6420.0,False,6760.0,0.0,0.9999999997808878,11,operational,884,0.5673758865248227
0.9412219688729604,0.0587780311270395,0.5241369263193165,0.4758630736806835,360.0,1660.0,False,6760.0,0.0,0.9999999999999976,00,operational,885,0.2907801418439716
0.9330014319458908,0.066998568054109,0.5241369263193165,0.4758630736806835,360.0,2020.0,False,6760.0,0.0,0.9999999999999976,01,operational,885,0.2907801418439716
0.9411730678064546,0.0588269321935454,0.5243513929661994,0.4756486070338006,360.0,1660.0,False,6760.0,0.0,0.9999999999999976,10,operational,885,0.2907801418439716
0.9329232998838484,0.0670767001161517,0.5243513929661994,0.4756486070338006,360.0,2020.0,False,6760.0,0.0,0.9999999999999976,11,operational,885,0.2907801418439716
0.9027405872978252,0.0972594127021748,0.5708540817696137,0.4291459182303863,360.0,2120.0,False,6760.0,0.0,0.9999999999999976,00,operational,886,0.3191489361702128
0.8870385835593487,0.1129614164406512,0.5708540817696136,0.4291459182303864,360.0,2640.0,False,6760.0,0.0,0.9999999999999976,01,operational,886,0.3191489361702128
0.8969442619540571,0.1030557380459429,0.6284411424276353,0.3715588575723647,360.0,2120.0,False,6760.0,0.0,0.9999999999999976,10,operational,886,0.3191489361702128
0.8842845054023765,0.1157154945976235,0.6284411424276353,0.3715588575723647,360.0,2640.0,False,6760.0,0.0,0.9999999999999976,11,operational,886,0.3191489361702128
0.7497816656081768,0.2502183343918231,0.6703633210993885,0.3296366789006115,360.0,4600.0,False,6760.0,0.0,0.9999999999999974,00,operational,887,0.4539007092198581
0.7154363281984816,0.2845636718015184,0.6703633210993885,0.3296366789006115,360.0,5920.0,False,6760.0,0.0,0.9999999999999974,01,operational,887,0.4539007092198581
0.7398012248467835,0.2601987751532165,0.6765123186722443,0.3234876813277557,360.0,4600.0,False,6760.0,0.0,0.9999999999999974,10,operational,887,0.4539007092198581
0.6935511156086573,0.3064488843913426,0.6765123186722443,0.3234876813277557,360.0,,True,6760.0,1.0,0.9317812657630498,11,operational,887,0.4539007092198581
0.8689028691242838,0.1310971308757161,0.7119209159921003,0.2880790840078998,360.0,2460.0,False,6760.0,0.0,0.9999999999999976,00,operational,888,0.3475177304964539
0.8483572437203428,0.1516427562796571,0.7119209159921003,0.2880790840078998,360.0,3310.0,False,6760.0,0.0,0.9999999999999976,01,operational,888,0.3475177304964539
0.8672005072577491,0.1327994927422509,0.7197004604536903,0.2802995395463096,360.0,2460.0,False,6760.0,0.0,0.9999999999999976,10,operational,888,0.3475177304964539
0.8430011682540671,0.1569988317459328,0.7197004604536903,0.2802995395463096,360.0,3300.0,False,6760.0,0.0,0.9999999999999976,11,operational,888,0.3475177304964539
0.943211683377462,0.056788316622538,0.3978281894125538,0.6021718105874462,360.0,1710.0,False,6760.0,0.0,0.9999999999999976,00,operational,889,0.3049645390070922
0.9319855067634838,0.0680144932365162,0.3978281894125539,0.6021718105874461,360.0,2160.0,False,6760.0,0.0,0.9999999999999976,01,operational,889,0.3049645390070922
0.937681655439592,0.0623183445604078,0.4646463896175535,0.5353536103824464,360.0,1710.0,False,6760.0,0.0,0.9999999999999976,10,operational,889,0.3049645390070922
0.9226702802272556,0.0773297197727442,0.4646463896175535,0.5353536103824464,360.0,2250.0,False,6760.0,0.0,0.9999999999999976,11,operational,889,0.3049645390070922
0.7229618427828058,0.2770381572171941,0.898306364457587,0.1016936355424129,260.0,4490.0,False,6760.0,0.0,0.9999999999999976,00,operational,890,0.5177304964539007
0.6592297198853111,0.3407702801146889,0.898306364457587,0.1016936355424129,260.0,5960.0,False,6760.0,0.0,0.9999999999999976,01,operational,890,0.5177304964539007
0.7157011591074511,0.2842988408925488,0.9257895860307604,0.0742104139692395,260.0,4490.0,False,6760.0,0.0,0.9999999999999976,10,operational,890,0.5177304964539007
0.6292725499422088,0.3707274500577912,0.9257895860307604,0.0742104139692395,260.0,,True,6760.0,1.0,0.8462075581561571,11,operational,890,0.5177304964539007
0.9069754066817044,0.0930245933182956,0.5955316171478945,0.4044683828521055,360.0,1940.0,False,6760.0,0.0,0.9999999999999976,00,operational,891,0.2695035460992908
0.8945804442944651,0.1054195557055348,0.5955316185449424,0.4044683814550576,360.0,2190.0,False,6760.0,0.0,0.9999999999999976,01,operational,891,0.2695035460992908
0.9014235882972828,0.0985764117027171,0.6178039960653695,0.3821960039346305,360.0,1940.0,False,6760.0,0.0,0.9999999999999976,10,operational,891,0.2695035460992908
0.8476935057141451,0.1523064942858548,0.6178039940331616,0.3821960059668384,360.0,,True,6760.0,1.0,0.93178126576305,11,operational,891,0.2695035460992908
0.812509798090904,0.187490201909096,0.6559168742416566,0.3440831257583435,360.0,3370.0,False,6760.0,0.0,0.9999999999999976,00,operational,892,0.425531914893617
0.7972327571500174,0.2027672428499826,0.6559168742416566,0.3440831257583435,360.0,4010.0,False,6760.0,0.0,0.9999999999999976,01,operational,892,0.425531914893617
0.8072640122924547,0.1927359877075453,0.6656798001538868,0.3343201998461131,360.0,3370.0,False,6760.0,0.0,0.9999999999999976,10,operational,892,0.425531914893617
0.7234951640162888,0.2765048359837112,0.6656798001538868,0.3343201998461131,360.0,,True,6760.0,1.0,0.8505201075059082,11,operational,892,0.425531914893617
0.7620804891150038,0.2379195108849962,0.7290538524528172,0.2709461475471829,360.0,4050.0,False,6760.0,0.0,0.9999999999999974,00,operational,893,0.4964539007092198
0.7412734010997069,0.2587265989002931,0.7290538524528172,0.2709461475471829,360.0,5100.0,False,6760.0,0.0,0.9999999999999974,01,operational,893,0.4964539007092198
0.7495251161253456,0.2504748838746544,0.7587151312409859,0.2412848687590141,360.0,4050.0,False,6760.0,0.0,0.9999999999999974,10,operational,893,0.4964539007092198
0.6178698347789959,0.382130165221004,0.7587151312409859,0.2412848687590141,360.0,,True,6760.0,1.0,0.7505515843940664,11,operational,893,0.4964539007092198
0.9065263633003235,0.0934736366996764,0.4506237505742479,0.549376249425752,360.0,2410.0,False,6760.0,0.0,0.9999999999999976,00,operational,894,0.3687943262411347
0.8895918183491408,0.1104081816508592,0.4506237505742479,0.549376249425752,360.0,2890.0,False,6760.0,0.0,0.9999999999999976,01,operational,894,0.3687943262411347
0.8986322553775722,0.1013677446224278,0.5021134721661529,0.4978865278338472,360.0,2410.0,False,6760.0,0.0,0.9999999999999976,10,operational,894,0.3687943262411347
0.8826303349847532,0.1173696650152468,0.5021134721661529,0.4978865278338472,360.0,2910.0,False,6760.0,0.0,0.9999999999999976,11,operational,894,0.3687943262411347
0.92629744537451,0.07370255462549,0.5278019412832977,0.4721980587167023,360.0,1910.0,False,6760.0,0.0,0.9999999999999976,00,operational,895,0.3191489361702128
0.9194954374005968,0.0805045625994033,0.5278019412850454,0.4721980587149545,360.0,2140.0,False,6760.0,0.0,0.9999999999999976,01,operational,895,0.3191489361702128
0.9169588252966108,0.0830411747033893,0.6472854720502395,0.3527145279497606,360.0,1910.0,False,6760.0,0.0,0.9999999999999976,10,operational,895,0.3191489361702128
0.9091357924731492,0.0908642075268507,0.6472854720497252,0.3527145279502747,360.0,2160.0,False,6760.0,0.0,0.9999999999999976,11,operational,895,0.3191489361702128
0.8840231117112481,0.1159768882887518,0.6310646210927291,0.3689353789072708,360.0,2290.0,False,6760.0,0.0,0.9999999999999976,00,operational,896,0.2765957446808511
0.875098181805016,0.124901818194984,0.6310646210927291,0.3689353789072708,360.0,2770.0,False,6760.0,0.0,0.9999999999999976,01,operational,896,0.2765957446808511
0.8704025430193991,0.1295974569806008,0.6876996257662151,0.3123003742337848,360.0,2290.0,False,6760.0,0.0,0.9999999999999976,10,operational,896,0.2765957446808511
0.7601022108525451,0.2398977891474548,0.6876996257662151,0.3123003742337848,360.0,,True,6760.0,1.0,0.8505201076052785,11,operational,896,0.2765957446808511
0.8539449471907042,0.1460550528092957,0.5515775736945547,0.4484224263054452,360.0,3130.0,False,6760.0,0.0,0.9999999999999976,00,operational,897,0.4397163120567376
0.8224121342412773,0.1775878657587226,0.5515775736945547,0.4484224263054452,360.0,4000.0,False,6760.0,0.0,0.9999999999999976,01,operational,897,0.4397163120567376
0.8436903680304437,0.1563096319695562,0.6000359107622109,0.3999640892377891,360.0,3130.0,False,6760.0,0.0,0.9999999999999976,10,operational,897,0.4397163120567376
0.6973772953363299,0.3026227046636701,0.6000359107622109,0.3999640892377891,360.0,,True,6760.0,1.0,0.8087461958770292,11,operational,897,0.4397163120567376
0.9450569613000038,0.0549430386999961,0.3705533685308785,0.6294466314691215,360.0,1770.0,False,6760.0,0.0,0.9999999999999976,00,operational,898,0.2907801418439716
0.9273439739251716,0.0726560260748283,0.3705533685308785,0.6294466314691215,360.0,2280.0,False,6760.0,0.0,0.9999999999999976,01,operational,898,0.2907801418439716
0.941593087032797,0.058406912967203,0.4245485262048751,0.5754514737951248,360.0,1770.0,False,6760.0,0.0,0.9999999999999976,10,operational,898,0.2907801418439716
0.925975509813776,0.074024490186224,0.4245485262048751,0.5754514737951248,360.0,2280.0,False,6760.0,0.0,0.9999999999999976,11,operational,898,0.2907801418439716
0.8287576299336671,0.1712423700663329,0.6940808620925212,0.3059191379074789,360.0,3230.0,False,6760.0,0.0,0.9999999999999976,00,operational,899,0.4539007092198581
0.8113343175859058,0.1886656824140942,0.6940808620925212,0.3059191379074789,360.0,3960.0,False,6760.0,0.0,0.9999999999999976,01,operational,899,0.4539007092198581
0.825464689031782,0.1745353109682179,0.6941120952160962,0.3058879047839039,300.0,3230.0,False,6760.0,0.0,0.9999999999999976,10,operational,899,0.4539007092198581
0.7874825350123474,0.2125174649876525,0.6941120952160962,0.3058879047839039,300.0,3760.0,False,6760.0,0.0,0.9999999999999976,11,operational,899,0.4539007092198581
0.9579536957829894,0.0420463042170106,0.3589411263145494,0.6410588736854506,360.0,1350.0,False,6760.0,0.0,0.9999999999999976,00,operational,900,0.2127659574468085
0.957139688739172,0.0428603112608279,0.3589411263145494,0.6410588736854506,360.0,1400.0,False,6760.0,0.0,0.9999999999999976,01,operational,900,0.2127659574468085
0.9509638337420128,0.0490361662579871,0.4436346075876644,0.5563653924123356,360.0,1350.0,False,6760.0,0.0,0.9999999999999976,10,operational,900,0.2127659574468085
0.9488477512378288,0.0511522487621711,0.4436346075876644,0.5563653924123356,360.0,1400.0,False,6760.0,0.0,0.9999999999999976,11,operational,900,0.2127659574468085
0.8839716921108224,0.1160283078891776,0.6109466223570004,0.3890533776429997,360.0,2500.0,False,6760.0,0.0,0.9999999999999976,00,operational,901,0.3687943262411347
0.8404842404106366,0.1595157595893633,0.6109466223570004,0.3890533776429997,360.0,3440.0,False,6760.0,0.0,0.9999999999999976,01,operational,901,0.3687943262411347
0.8832426893411012,0.1167573106588988,0.6159718657281226,0.3840281342718774,360.0,2500.0,False,6760.0,0.0,0.9999999999999976,10,operational,901,0.3687943262411347
0.8517397233081969,0.148260276691803,0.6159718657281226,0.3840281342718774,360.0,3280.0,False,6760.0,0.0,0.9999999999999976,11,operational,901,0.3687943262411347
0.8647726418746872,0.1352273581253128,0.6330855735772303,0.3669144264227698,360.0,2730.0,False,6760.0,0.0,0.9999999999999974,00,operational,902,0.3617021276595745
0.8482087748726842,0.1517912251273158,0.6330855735772303,0.3669144264227698,360.0,3330.0,False,6760.0,0.0,0.9999999999999974,01,operational,902,0.3617021276595745
0.8596465188275677,0.1403534811724323,0.6501845082114739,0.3498154917885261,360.0,2730.0,False,6760.0,0.0,0.9999999999999974,10,operational,902,0.3617021276595745
0.8491881673681708,0.1508118326318291,0.6501845082114739,0.3498154917885261,360.0,3370.0,False,6760.0,0.0,0.9999999999999974,11,operational,902,0.3617021276595745
0.7352916318514253,0.2647083681485747,0.6941931131439003,0.3058068868560997,360.0,4470.0,False,6760.0,0.0,0.9999999999999974,00,operational,903,0.5531914893617021
0.6674754411703173,0.3325245588296827,0.6941931131439003,0.3058068868560997,360.0,5760.0,False,6760.0,0.0,0.9999999999999974,01,operational,903,0.5531914893617021
0.7287054713794666,0.2712945286205334,0.7058154996833315,0.2941845003166685,360.0,4470.0,False,6760.0,0.0,0.9999999999999974,10,operational,903,0.5531914893617021
0.6397323967412653,0.3602676032587347,0.7058154996833315,0.2941845003166685,360.0,,True,6760.0,1.0,0.8462075581561569,11,operational,903,0.5531914893617021
0.9281728925493344,0.0718271074506654,0.5683071088021003,0.4316928911978996,360.0,1590.0,False,6760.0,0.0,0.9999999999999976,00,operational,904,0.2340425531914893
0.9213901001736088,0.0786098998263912,0.5683071088021003,0.4316928911978996,360.0,1830.0,False,6760.0,0.0,0.9999999999999976,01,operational,904,0.2340425531914893
0.9268707757476186,0.0731292242523814,0.5762494123322472,0.4237505876677527,360.0,1590.0,False,6760.0,0.0,0.9999999999999976,10,operational,904,0.2340425531914893
0.9201705142942628,0.0798294857057372,0.5762494123322472,0.4237505876677527,360.0,1830.0,False,6760.0,0.0,0.9999999999999976,11,operational,904,0.2340425531914893
0.8595874254882504,0.1404125745117496,0.6072663596578363,0.3927336403421637,360.0,2800.0,False,6760.0,0.0,0.9999999999999976,00,operational,905,0.3617021276595745
0.8269060095346593,0.1730939904653406,0.6072663596578363,0.3927336403421637,360.0,3700.0,False,6760.0,0.0,0.9999999999999976,01,operational,905,0.3617021276595745
0.8452606323361389,0.1547393676638611,0.6740965511309407,0.3259034488690593,360.0,2800.0,False,6760.0,0.0,0.9999999999999976,10,operational,905,0.3617021276595745
0.7674692187525358,0.2325307812474641,0.6740965511309407,0.3259034488690593,360.0,,True,6760.0,1.0,0.93178126576305,11,operational,905,0.3617021276595745
0.8707563489773418,0.1292436510226582,0.579323076917156,0.420676923082844,360.0,2910.0,False,6760.0,0.0,0.9999999999999976,00,operational,906,0.4113475177304964
0.8444485564118612,0.1555514435881387,0.579323076917156,0.420676923082844,360.0,3720.0,False,6760.0,0.0,0.9999999999999976,01,operational,906,0.4113475177304964
0.861169169497222,0.138830830502778,0.6057797104954749,0.3942202895045251,360.0,2910.0,False,6760.0,0.0,0.9999999999999976,10,operational,906,0.4113475177304964
0.6149300924407988,0.3850699075592012,0.6057797104954749,0.3942202895045251,360.0,,True,6760.0,1.0,0.6554234930442423,11,operational,906,0.4113475177304964
0.9781660823247662,0.0218339176752337,0.2774250388336421,0.7225749611663579,360.0,820.0,False,6760.0,0.0,0.9999999999999976,00,operational,907,0.1347517730496454
0.9775142905996204,0.0224857094003795,0.2774250388336421,0.7225749611663579,360.0,860.0,False,6760.0,0.0,0.9999999999999976,01,operational,907,0.1347517730496454
0.9766939940869824,0.0233060059130176,0.3099329214212938,0.6900670785787062,360.0,820.0,False,6760.0,0.0,0.9999999999999976,10,operational,907,0.1347517730496454
0.9758249592980583,0.0241750407019415,0.3099329214212938,0.6900670785787062,360.0,860.0,False,6760.0,0.0,0.9999999999999976,11,operational,907,0.1347517730496454
0.9064223792370314,0.0935776207629686,0.3510343584415902,0.6489656415584097,360.0,2990.0,False,6760.0,0.0,0.9999999999999976,00,operational,908,0.4468085106382978
0.8871919846378403,0.1128080153621596,0.3510343584415902,0.6489656415584097,360.0,3580.0,False,6760.0,0.0,0.9999999999999976,01,operational,908,0.4468085106382978
0.8943877727867904,0.1056122272132096,0.4114957513545889,0.5885042486454111,360.0,2990.0,False,6760.0,0.0,0.9999999999999976,10,operational,908,0.4468085106382978
0.8649353025817412,0.1350646974182587,0.4114957513545889,0.5885042486454111,360.0,3720.0,False,6760.0,0.0,0.9999999999999976,11,operational,908,0.4468085106382978
0.8887722036289176,0.1112277963710823,0.6859068583345731,0.3140931416654269,360.0,2220.0,False,6760.0,0.0,0.9999999999999976,00,operational,909,0.2978723404255319
0.8780759480789635,0.1219240519210365,0.6859068583345731,0.3140931416654269,360.0,2880.0,False,6760.0,0.0,0.9999999999999976,01,operational,909,0.2978723404255319
0.8800779256170632,0.1199220743829367,0.7367618455591147,0.2632381544408852,360.0,2220.0,False,6760.0,0.0,0.9999999999999976,10,operational,909,0.2978723404255319
0.7741913763121604,0.2258086236878396,0.7367618455591147,0.2632381544408852,360.0,,True,6760.0,1.0,0.8505201076052785,11,operational,909,0.2978723404255319
0.9303082054566004,0.0696917945433996,0.4173997195964002,0.5826002804035998,360.0,2000.0,False,6760.0,0.0,0.9999999999999976,00,operational,910,0.3120567375886525
0.914625183392095,0.085374816607905,0.4173997195964002,0.5826002804035998,360.0,2370.0,False,6760.0,0.0,0.9999999999999976,01,operational,910,0.3120567375886525
0.924969469687476,0.075030530312524,0.4483477162067231,0.5516522837932769,360.0,2000.0,False,6760.0,0.0,0.9999999999999976,10,operational,910,0.3120567375886525
0.9063827482445508,0.0936172517554492,0.4483477162067231,0.5516522837932769,360.0,2430.0,False,6760.0,0.0,0.9999999999999976,11,operational,910,0.3120567375886525
0.904858056136054,0.0951419438639461,0.4308199163714352,0.5691800836285648,360.0,2440.0,False,6760.0,0.0,0.9999999999999976,00,operational,911,0.3900709219858156
0.8870179741087877,0.1129820258912123,0.4308199163714352,0.5691800836285648,360.0,3040.0,False,6760.0,0.0,0.9999999999999976,01,operational,911,0.3900709219858156
0.8994630152704899,0.1005369847295101,0.4587654057456586,0.5412345942543414,360.0,2440.0,False,6760.0,0.0,0.9999999999999976,10,operational,911,0.3900709219858156
0.8805383283979278,0.1194616716020722,0.4587654057456586,0.5412345942543414,360.0,3090.0,False,6760.0,0.0,0.9999999999999976,11,operational,911,0.3900709219858156
0.707211276023566,0.2927887239764339,0.7516709689180034,0.2483290310819965,360.0,4730.0,False,6760.0,0.0,0.9999999999999974,00,operational,912,0.5319148936170213
0.6275323280712392,0.3724676719287608,0.7516709689180034,0.2483290310819965,360.0,6470.0,False,6760.0,0.0,0.9999999964151306,01,operational,912,0.5319148936170213
0.6959608516897624,0.3040391483102376,0.7717025875060295,0.2282974124939705,360.0,4730.0,False,6760.0,0.0,0.9999999999999974,10,operational,912,0.5319148936170213
0.5762478757459368,0.4237521242540631,0.7717025875060295,0.2282974124939705,360.0,,True,6760.0,1.0,0.8461534867332533,11,operational,912,0.5319148936170213
0.9553149954685104,0.0446850045314894,0.4239900086919622,0.5760099913080378,360.0,1310.0,False,6760.0,0.0,0.9999999999999976,00,operational,913,0.226950354609929
0.953817435276204,0.0461825647237961,0.4239900086919622,0.5760099913080378,360.0,1420.0,False,6760.0,0.0,0.9999999999999976,01,operational,913,0.226950354609929
0.9553149954685104,0.0446850045314894,0.4239900086919622,0.5760099913080378,360.0,1310.0,False,6760.0,0.0,0.9999999999999976,10,operational,913,0.226950354609929
0.953817435276204,0.0461825647237961,0.4239900086919622,0.5760099913080378,360.0,1420.0,False,6760.0,0.0,0.9999999999999976,11,operational,913,0.226950354609929
0.889216931667304,0.110783068332696,0.4141200530523058,0.5858799469476942,360.0,2860.0,False,6760.0,0.0,0.9999999999999976,00,operational,914,0.3687943262411347
0.8556247069715165,0.1443752930284835,0.4141200530523058,0.5858799469476942,360.0,3720.0,False,6760.0,0.0,0.9999999999999976,01,operational,914,0.3687943262411347
0.8749204900457389,0.1250795099542611,0.4731925872916843,0.5268074127083157,360.0,2860.0,False,6760.0,0.0,0.9999999999999976,10,operational,914,0.3687943262411347
0.6975996158500031,0.3024003841499969,0.4731925872916843,0.5268074127083157,360.0,,True,6760.0,1.0,0.7717890050583598,11,operational,914,0.3687943262411347
0.9067231761955584,0.0932768238044416,0.6218676233136903,0.3781323766863097,360.0,2310.0,False,6760.0,0.0,0.9999999999999974,00,operational,915,0.4042553191489361
0.8931102810407991,0.1068897189592008,0.6218676233136903,0.3781323766863097,360.0,2730.0,False,6760.0,0.0,0.9999999999999974,01,operational,915,0.4042553191489361
0.9007593625113768,0.0992406374886232,0.6506230103852464,0.3493769896147536,360.0,2310.0,False,6760.0,0.0,0.9999999999999974,10,operational,915,0.4042553191489361
0.8871063824249759,0.1128936175750241,0.6506230103852464,0.3493769896147536,360.0,2760.0,False,6760.0,0.0,0.9999999999999976,11,operational,915,0.4042553191489361
0.8365570210979191,0.1634429789020809,0.6681756442102056,0.3318243557897943,360.0,3070.0,False,6760.0,0.0,0.9999999999999976,00,operational,916,0.3971631205673759
0.8173162040130661,0.1826837959869338,0.6681756442115265,0.3318243557884735,360.0,3740.0,False,6760.0,0.0,0.9999999999999976,01,operational,916,0.3971631205673759
0.8321553099485599,0.1678446900514401,0.6786385577922336,0.3213614422077663,360.0,3070.0,False,6760.0,0.0,0.9999999999999976,10,operational,916,0.3971631205673759
0.8108368132592786,0.1891631867407214,0.6786385577922511,0.3213614422077488,360.0,3760.0,False,6760.0,0.0,0.9999999999999976,11,operational,916,0.3971631205673759
0.8546109606094168,0.1453890393905832,0.5367391389623531,0.4632608610376468,360.0,3180.0,False,6760.0,0.0,0.9999999999999976,00,operational,917,0.3971631205673759
0.8263138768166157,0.1736861231833842,0.5367391389623531,0.4632608610376468,360.0,4220.0,False,6760.0,0.0,0.9999999999999976,01,operational,917,0.3971631205673759
0.8502259158488081,0.1497740841511918,0.5413548043807302,0.4586451956192697,360.0,3180.0,False,6760.0,0.0,0.9999999999999976,10,operational,917,0.3971631205673759
0.7466720054413802,0.2533279945586197,0.5413548043807302,0.4586451956192697,360.0,,True,6760.0,1.0,0.8505201076022931,11,operational,917,0.3971631205673759
0.8361938699215099,0.1638061300784901,0.59254150334252,0.40745849665748,360.0,3200.0,False,6760.0,0.0,0.9999999999999976,00,operational,918,0.4539007092198581
0.8132380142807506,0.1867619857192494,0.5925415033421061,0.4074584966578939,360.0,4040.0,False,6760.0,0.0,0.9999999999999976,01,operational,918,0.4539007092198581
0.8304236057377183,0.1695763942622816,0.597440998520151,0.4025590014798489,360.0,3200.0,False,6760.0,0.0,0.9999999999999976,10,operational,918,0.4539007092198581
0.6813442873539818,0.3186557126460182,0.5974409985189874,0.4025590014810126,360.0,,True,6760.0,1.0,0.7717890050583598,11,operational,918,0.4539007092198581
0.9070436583539642,0.0929563416460358,0.541181222880736,0.4588187771192639,360.0,2120.0,False,6760.0,0.0,0.9999999999999976,00,operational,919,0.3120567375886525
0.8887772909291156,0.1112227090708843,0.541181222880736,0.458818777119264,360.0,2780.0,False,6760.0,0.0,0.9999999999999976,01,operational,919,0.3120567375886525
0.9037703872523684,0.0962296127476316,0.565216406860509,0.4347835931394909,360.0,2120.0,False,6760.0,0.0,0.9999999999999976,10,operational,919,0.3120567375886525
0.8843404209481279,0.115659579051872,0.565216406860509,0.4347835931394909,360.0,2800.0,False,6760.0,0.0,0.9999999999999976,11,operational,919,0.3120567375886525
0.6359271605852256,0.3640728394147744,0.6972236374087277,0.3027763625912722,360.0,5590.0,False,6760.0,0.0,0.9999999999999976,00,operational,920,0.5460992907801419
0.5513881376079696,0.4486118623920304,0.6972236374087277,0.3027763625912722,360.0,,True,6760.0,1.0,0.8924957683083349,01,operational,920,0.5460992907801419
0.6313101514208689,0.3686898485791311,0.7006986009239529,0.2993013990760471,360.0,5590.0,False,6760.0,0.0,0.9999999999999976,10,operational,920,0.5460992907801419
0.5422991069408456,0.4577008930591544,0.7006986009239529,0.2993013990760471,360.0,,True,6760.0,1.0,0.8461534867332511,11,operational,920,0.5460992907801419
0.7913351202665974,0.2086648797334026,0.6957246205416578,0.3042753794583421,360.0,3690.0,False,6760.0,0.0,0.9999999999999976,00,operational,921,0.475177304964539
0.7768494853525518,0.2231505146474481,0.6957246205416578,0.3042753794583421,360.0,4360.0,False,6760.0,0.0,0.9999999999999976,01,operational,921,0.475177304964539
0.7845042321214883,0.2154957678785116,0.7008014517451959,0.299198548254804,360.0,3690.0,False,6760.0,0.0,0.9999999999999976,10,operational,921,0.475177304964539
0.7686206860114073,0.2313793139885926,0.7008014517451959,0.299198548254804,360.0,4420.0,False,6760.0,0.0,0.9999999999999976,11,operational,921,0.475177304964539
0.9269107458093978,0.0730892541906022,0.3611386886346008,0.6388613113653991,360.0,2000.0,False,6760.0,0.0,0.9999999999999976,00,operational,922,0.2765957446808511
0.904253964687452,0.095746035312548,0.3611386886346008,0.6388613113653991,360.0,2730.0,False,6760.0,0.0,0.9999999999999976,01,operational,922,0.2765957446808511
0.9206032072472692,0.0793967927527307,0.4103118868500259,0.589688113149974,360.0,2000.0,False,6760.0,0.0,0.9999999999999976,10,operational,922,0.2765957446808511
0.8928882220038489,0.1071117779961511,0.4103118868500259,0.589688113149974,360.0,2690.0,False,6760.0,0.0,0.9999999999999976,11,operational,922,0.2765957446808511
0.6652586020793954,0.3347413979206046,0.7779644837448377,0.2220355162551623,360.0,4960.0,False,6760.0,0.0,0.9999999999999976,00,operational,923,0.5035460992907801
0.562526259730632,0.437473740269368,0.7779644837448377,0.2220355162551623,360.0,,True,6760.0,1.0,0.9675918463229888,01,operational,923,0.5035460992907801
0.6546622485613053,0.3453377514386947,0.795483992034106,0.2045160079658939,360.0,4960.0,False,6760.0,0.0,0.9999999999999976,10,operational,923,0.5035460992907801
0.5980269270500818,0.4019730729499182,0.795483992034106,0.2045160079658939,360.0,6500.0,False,6760.0,0.0,0.9999999855291744,11,operational,923,0.5035460992907801
0.8622159003328471,0.1377840996671528,0.4233723065099112,0.5766276934900888,360.0,3380.0,False,6760.0,0.0,0.9999999999999976,00,operational,924,0.425531914893617
0.8313306630048306,0.1686693369951694,0.4233723065099112,0.5766276934900888,360.0,4350.0,False,6760.0,0.0,0.9999999999999976,01,operational,924,0.425531914893617
0.8524806284773112,0.1475193715226888,0.4521955550911197,0.5478044449088803,360.0,3380.0,False,6760.0,0.0,0.9999999999999976,10,operational,924,0.425531914893617
0.8268647858460164,0.1731352141539835,0.4521955550911197,0.5478044449088803,360.0,4380.0,False,6760.0,0.0,0.9999999999999976,11,operational,924,0.425531914893617
0.9103400426904764,0.0896599573095234,0.5700014598163641,0.4299985401836359,360.0,2230.0,False,6760.0,0.0,0.9999999999999976,00,operational,925,0.3333333333333333
0.8973652030451671,0.1026347969548329,0.5700014598163641,0.4299985401836359,360.0,2710.0,False,6760.0,0.0,0.9999999999999976,01,operational,925,0.3333333333333333
0.9101621559455634,0.0898378440544366,0.5700014598163641,0.4299985401836359,360.0,2230.0,False,6760.0,0.0,0.9999999999999976,10,operational,925,0.3333333333333333
0.8973828829056635,0.1026171170943365,0.5700014598163641,0.4299985401836359,360.0,2710.0,False,6760.0,0.0,0.9999999999999976,11,operational,925,0.3333333333333333
0.6850234504965651,0.3149765495034349,0.7674586177597686,0.2325413822402314,360.0,4830.0,False,6760.0,0.0,0.9999999999999974,00,operational,926,0.4822695035460992
0.6663887689336477,0.3336112310663522,0.7674586177597686,0.2325413822402314,360.0,6430.0,False,6760.0,0.0,0.9999999996307676,01,operational,926,0.4822695035460992
0.6748858724385809,0.3251141275614191,0.7752206744744509,0.2247793255255491,360.0,4830.0,False,6760.0,0.0,0.9999999999999974,10,operational,926,0.4822695035460992
0.5474157094783455,0.4525842905216545,0.7752206744744509,0.2247793255255491,360.0,,True,6760.0,1.0,0.6430575657833794,11,operational,926,0.4822695035460992
0.9737096711094464,0.0262903288905536,0.2139649601364326,0.7860350398635674,360.0,1190.0,False,6760.0,0.0,0.9999999999999976,00,operational,927,0.2695035460992908
0.9706250153653132,0.0293749846346867,0.2139649601364326,0.7860350398635674,360.0,1340.0,False,6760.0,0.0,0.9999999999999976,01,operational,927,0.2695035460992908
0.9714415302281716,0.0285584697718285,0.267611495447829,0.732388504552171,360.0,1190.0,False,6760.0,0.0,0.9999999999999976,10,operational,927,0.2695035460992908
0.9105464473669088,0.089453552633091,0.267611495447829,0.732388504552171,360.0,,True,6760.0,1.0,0.9333554732237432,11,operational,927,0.2695035460992908
0.8814843533551128,0.1185156466448872,0.6630892076624939,0.336910792337506,360.0,2310.0,False,6760.0,0.0,0.9999999999999976,00,operational,928,0.3049645390070922
0.8649953097109547,0.1350046902890452,0.6630892076624939,0.336910792337506,360.0,2840.0,False,6760.0,0.0,0.9999999999999976,01,operational,928,0.3049645390070922
0.875068299528408,0.1249317004715919,0.6961007411088698,0.3038992588911302,360.0,2310.0,False,6760.0,0.0,0.9999999999999976,10,operational,928,0.3049645390070922
0.8590798271080747,0.1409201728919252,0.6961007411088698,0.3038992588911302,360.0,2830.0,False,6760.0,0.0,0.9999999999999976,11,operational,928,0.3049645390070922
0.9692997552739844,0.0307002447260155,0.257351456838662,0.742648543161338,360.0,1550.0,False,6760.0,0.0,0.9999999999999976,00,operational,929,0.2836879432624113
0.9638763065528152,0.0361236934471848,0.257351456838662,0.742648543161338,360.0,1770.0,False,6760.0,0.0,0.9999999999999976,01,operational,929,0.2836879432624113
0.966682453334577,0.0333175466654229,0.3073971240274536,0.6926028759725463,360.0,1550.0,False,6760.0,0.0,0.9999999999999976,10,operational,929,0.2836879432624113
0.959651965399537,0.0403480346004629,0.3073971240274536,0.6926028759725463,360.0,1800.0,False,6760.0,0.0,0.9999999999999976,11,operational,929,0.2836879432624113
0.9737530505673636,0.0262469494326365,0.3639829034346389,0.6360170965653611,360.0,770.0,False,6760.0,0.0,0.9999999999999976,00,operational,930,0.1276595744680851
0.9736680067340272,0.0263319932659729,0.3639829034346389,0.6360170965653611,360.0,770.0,False,6760.0,0.0,0.9999999999999976,01,operational,930,0.1276595744680851
0.9731387439495351,0.0268612560504648,0.364608752211222,0.635391247788778,360.0,770.0,False,6760.0,0.0,0.9999999999999976,10,operational,930,0.1276595744680851
0.9730537001161988,0.0269462998838012,0.364608752211222,0.635391247788778,360.0,770.0,False,6760.0,0.0,0.9999999999999976,11,operational,930,0.1276595744680851
0.9277021044349404,0.0722978955650596,0.534910825983666,0.465089174016334,360.0,1630.0,False,6760.0,0.0,0.9999999999999976,00,operational,931,0.2411347517730496
0.925691842363188,0.0743081576368119,0.5349108259847066,0.4650891740152934,360.0,1790.0,False,6760.0,0.0,0.9999999999999976,01,operational,931,0.2411347517730496
0.9225082129506926,0.0774917870493073,0.580369069879253,0.4196309301207471,360.0,1630.0,False,6760.0,0.0,0.9999999999999976,10,operational,931,0.2411347517730496
0.9208911613367772,0.0791088386632227,0.5803690700249338,0.4196309299750662,360.0,1790.0,False,6760.0,0.0,0.9999999999999976,11,operational,931,0.2411347517730496
0.8873576358407689,0.1126423641592311,0.621379199899925,0.3786208001000751,360.0,2410.0,False,6760.0,0.0,0.9999999999999976,00,operational,932,0.3262411347517731
0.8539581967152859,0.146041803284714,0.621379199899925,0.3786208001000751,360.0,3170.0,False,6760.0,0.0,0.9999999999999976,01,operational,932,0.3262411347517731
0.8774893418830488,0.1225106581169511,0.6693634875387753,0.3306365124612247,300.0,2410.0,False,6760.0,0.0,0.9999999999999976,10,operational,932,0.3262411347517731
0.7001407980425847,0.2998592019574153,0.6693634875387753,0.3306365124612247,300.0,,True,6760.0,1.0,0.7717890050583598,11,operational,932,0.3262411347517731
0.9317795368372837,0.0682204631627163,0.3825937596900771,0.6174062403099229,360.0,1990.0,False,6760.0,0.0,0.9999999999999976,00,operational,933,0.3617021276595745
0.9180454543159202,0.0819545456840797,0.3825937596900771,0.6174062403099229,360.0,2460.0,False,6760.0,0.0,0.9999999999999976,01,operational,933,0.3617021276595745
0.9276608517195628,0.072339148280437,0.4324554354289378,0.5675445645710622,360.0,1990.0,False,6760.0,0.0,0.9999999999999976,10,operational,933,0.3617021276595745
0.9100405193435674,0.0899594806564325,0.4324554354289378,0.5675445645710622,360.0,2430.0,False,6760.0,0.0,0.9999999999999976,11,operational,933,0.3617021276595745
0.956611971960344,0.0433880280396559,0.4256007307487711,0.5743992692512289,360.0,1200.0,False,6760.0,0.0,0.9999999999999976,00,operational,934,0.2127659574468085
0.9445425781690522,0.0554574218309478,0.4256007307487711,0.5743992692512289,360.0,1450.0,False,6760.0,0.0,0.9999999999999976,01,operational,934,0.2127659574468085
0.956611971960344,0.0433880280396559,0.4256007307487711,0.5743992692512289,360.0,1200.0,False,6760.0,0.0,0.9999999999999976,10,operational,934,0.2127659574468085
0.9445425781690522,0.0554574218309478,0.4256007307487711,0.5743992692512289,360.0,1450.0,False,6760.0,0.0,0.9999999999999976,11,operational,934,0.2127659574468085
0.8314427525613698,0.1685572474386302,0.6768586988285799,0.3231413011714202,360.0,3250.0,False,6760.0,0.0,0.9999999999999976,00,operational,935,0.425531914893617
0.8061635603137258,0.1938364396862741,0.6768586988285799,0.3231413011714202,360.0,4140.0,False,6760.0,0.0,0.9999999999999976,01,operational,935,0.425531914893617
0.8193649834418641,0.1806350165581358,0.701842957809554,0.298157042190446,360.0,3250.0,False,6760.0,0.0,0.9999999999999976,10,operational,935,0.425531914893617
0.7947886776738252,0.2052113223261747,0.701842957809554,0.298157042190446,360.0,4190.0,False,6760.0,0.0,0.9999999999999974,11,operational,935,0.425531914893617
0.9077942190100662,0.0922057809899338,0.643121082376066,0.3568789176239339,360.0,1980.0,False,6760.0,0.0,0.9999999999999976,00,operational,936,0.3191489361702128
0.9000873625646275,0.0999126374353724,0.643121082376066,0.3568789176239339,360.0,2380.0,False,6760.0,0.0,0.9999999999999976,01,operational,936,0.3191489361702128
0.9051274462586298,0.0948725537413701,0.6559233616858502,0.3440766383141497,360.0,1980.0,False,6760.0,0.0,0.9999999999999976,10,operational,936,0.3191489361702128
0.8977690019712808,0.1022309980287191,0.6559233616858502,0.3440766383141497,360.0,2380.0,False,6760.0,0.0,0.9999999999999976,11,operational,936,0.3191489361702128
0.768588096614914,0.231411903385086,0.7109549991682427,0.2890450008317574,360.0,3980.0,False,6760.0,0.0,0.9999999999999974,00,operational,937,0.4822695035460992
0.7507480422233793,0.2492519577766206,0.7109549991682427,0.2890450008317574,360.0,4990.0,False,6760.0,0.0,0.9999999999999974,01,operational,937,0.4822695035460992
0.7586496730821526,0.2413503269178474,0.731385485260669,0.2686145147393309,360.0,3980.0,False,6760.0,0.0,0.9999999999999974,10,operational,937,0.4822695035460992
0.7462273190306449,0.2537726809693551,0.731385485260669,0.2686145147393309,360.0,5010.0,False,6760.0,0.0,0.9999999999999974,11,operational,937,0.4822695035460992
0.8912284470387871,0.1087715529612128,0.5649850939455429,0.4350149060544571,360.0,2500.0,False,6760.0,0.0,0.9999999999999976,00,operational,938,0.375886524822695
0.8842520541682573,0.1157479458317427,0.5649850939455429,0.4350149060544571,360.0,3150.0,False,6760.0,0.0,0.9999999999999976,01,operational,938,0.375886524822695
0.8842304357647663,0.1157695642352336,0.6010667517804257,0.3989332482195743,360.0,2500.0,False,6760.0,0.0,0.9999999999999976,10,operational,938,0.375886524822695
0.8708268618195205,0.1291731381804794,0.6010667517804257,0.3989332482195743,360.0,3260.0,False,6760.0,0.0,0.9999999999999976,11,operational,938,0.375886524822695
0.9603927956563864,0.0396072043436135,0.4527455340886352,0.5472544659113647,360.0,1260.0,False,6760.0,0.0,0.9999999999999976,00,operational,939,0.1985815602836879
0.955880529183722,0.044119470816278,0.4527455340886352,0.5472544659113647,360.0,1390.0,False,6760.0,0.0,0.9999999999999976,01,operational,939,0.1985815602836879
0.9565598712885214,0.0434401287114786,0.5113789499239552,0.4886210500760448,360.0,1260.0,False,6760.0,0.0,0.9999999999999976,10,operational,939,0.1985815602836879
0.956307694799318,0.043692305200682,0.5113789499239552,0.4886210500760448,360.0,1380.0,False,6760.0,0.0,0.9999999999999976,11,operational,939,0.1985815602836879
0.9287581793504652,0.0712418206495346,0.392236716422401,0.607763283577599,360.0,2240.0,False,6760.0,0.0,0.9999999999999976,00,operational,940,0.3262411347517731
0.9103816007970807,0.0896183992029191,0.392236716422401,0.607763283577599,360.0,2800.0,False,6760.0,0.0,0.9999999999999976,01,operational,940,0.3262411347517731
0.9227779918390148,0.0772220081609853,0.4419736768095607,0.5580263231904393,360.0,2240.0,False,6760.0,0.0,0.9999999999999976,10,operational,940,0.3262411347517731
0.9092493908322262,0.0907506091677737,0.4419736768095607,0.5580263231904393,360.0,2790.0,False,6760.0,0.0,0.9999999999999976,11,operational,940,0.3262411347517731
0.7958339636253174,0.2041660363746825,0.664387926153419,0.335612073846581,360.0,3550.0,False,6760.0,0.0,0.9999999999999976,00,operational,941,0.4184397163120567
0.772712163208964,0.227287836791036,0.664387926153419,0.335612073846581,360.0,4600.0,False,6760.0,0.0,0.9999999999999976,01,operational,941,0.4184397163120567
0.7889691876968837,0.2110308123031162,0.6773493611992298,0.3226506388007701,360.0,3550.0,False,6760.0,0.0,0.9999999999999976,10,operational,941,0.4184397163120567
0.7339981800945063,0.2660018199054936,0.6773493611992298,0.3226506388007701,360.0,,True,6760.0,1.0,0.931781265742762,11,operational,941,0.4184397163120567
0.9417416726699468,0.058258327330053,0.5063146115232129,0.493685388476787,360.0,1660.0,False,6760.0,0.0,0.9999999999999976,00,operational,942,0.2907801418439716
0.9349540735756596,0.0650459264243403,0.5063146115232129,0.493685388476787,360.0,1880.0,False,6760.0,0.0,0.9999999999999976,01,operational,942,0.2907801418439716
0.93756171397057,0.0624382860294299,0.5662675668525006,0.4337324331474994,360.0,1660.0,False,6760.0,0.0,0.9999999999999976,10,operational,942,0.2907801418439716
0.9333611377982728,0.0666388622017273,0.5662675668525006,0.4337324331474994,360.0,1880.0,False,6760.0,0.0,0.9999999999999976,11,operational,942,0.2907801418439716
0.9296324681276243,0.0703675318723755,0.5920413037819554,0.4079586962180446,360.0,1470.0,False,6760.0,0.0,0.9999999999999976,00,operational,943,0.2127659574468085
0.927188227013458,0.072811772986542,0.5920413037819554,0.4079586962180446,360.0,1670.0,False,6760.0,0.0,0.9999999999999976,01,operational,943,0.2127659574468085
0.9285572915877384,0.0714427084122617,0.60625654035802,0.3937434596419799,360.0,1470.0,False,6760.0,0.0,0.9999999999999976,10,operational,943,0.2127659574468085
0.9262896983284248,0.0737103016715752,0.60625654035802,0.3937434596419799,360.0,1670.0,False,6760.0,0.0,0.9999999999999976,11,operational,943,0.2127659574468085
0.9708400454150888,0.0291599545849112,0.3226048812434698,0.6773951187565301,360.0,1040.0,False,6760.0,0.0,0.9999999999999976,00,operational,944,0.2056737588652482
0.9694877767210844,0.0305122232789154,0.3226048812434698,0.6773951187565301,360.0,1120.0,False,6760.0,0.0,0.9999999999999976,01,operational,944,0.2056737588652482
0.9693975613875389,0.0306024386124612,0.3477884754952933,0.6522115245047067,360.0,1040.0,False,6760.0,0.0,0.9999999999999976,10,operational,944,0.2056737588652482
0.9669857967405384,0.0330142032594615,0.3477884754952933,0.6522115245047067,360.0,1140.0,False,6760.0,0.0,0.9999999999999976,11,operational,944,0.2056737588652482
0.920875291450722,0.079124708549278,0.416062484594729,0.583937515405271,360.0,2060.0,False,6760.0,0.0,0.9999999999999976,00,operational,945,0.2624113475177305
0.8990718009873971,0.1009281990126028,0.416062484594729,0.583937515405271,360.0,2720.0,False,6760.0,0.0,0.9999999999999976,01,operational,945,0.2624113475177305
0.9104118401892412,0.0895881598107587,0.4756362726935474,0.5243637273064525,360.0,2060.0,False,6760.0,0.0,0.9999999999999976,10,operational,945,0.2624113475177305
0.8124230902804565,0.1875769097195435,0.4756362726935474,0.5243637273064525,360.0,,True,6760.0,1.0,0.8893731202453783,11,operational,945,0.2624113475177305
0.9342003848772644,0.0657996151227354,0.496854680520025,0.503145319479975,360.0,1810.0,False,6760.0,0.0,0.9999999999999976,00,operational,946,0.3049645390070922
0.9216479546248766,0.0783520453751234,0.496854680520025,0.503145319479975,360.0,2270.0,False,6760.0,0.0,0.9999999999999976,01,operational,946,0.3049645390070922
0.930006424384126,0.0699935756158739,0.5249200301409218,0.4750799698590781,360.0,1810.0,False,6760.0,0.0,0.9999999999999976,10,operational,946,0.3049645390070922
0.9193168802013584,0.0806831197986415,0.5249200301409218,0.4750799698590781,360.0,2270.0,False,6760.0,0.0,0.9999999999999976,11,operational,946,0.3049645390070922
0.959123490931922,0.0408765090680779,0.3746829660914713,0.6253170339085287,360.0,1290.0,False,6760.0,0.0,0.9999999999999976,00,operational,947,0.2340425531914893
0.952496412201826,0.047503587798174,0.3746829660914713,0.6253170339085287,360.0,1470.0,False,6760.0,0.0,0.9999999999999976,01,operational,947,0.2340425531914893
0.9553750599225892,0.0446249400774109,0.4163126552138113,0.5836873447861887,360.0,1290.0,False,6760.0,0.0,0.9999999999999976,10,operational,947,0.2340425531914893
0.7578521214983055,0.2421478785016945,0.4163126552138113,0.5836873447861887,360.0,,True,6760.0,1.0,0.7717890050583598,11,operational,947,0.2340425531914893
0.8956353652475633,0.1043646347524367,0.554500995291914,0.445499004708086,360.0,2200.0,False,6760.0,0.0,0.9999999999999976,00,operational,948,0.2765957446808511
0.8891886418678062,0.1108113581321937,0.554500995291914,0.445499004708086,360.0,2760.0,False,6760.0,0.0,0.9999999999999976,01,operational,948,0.2765957446808511
0.8869474737637572,0.1130525262362428,0.6013065847363706,0.3986934152636294,360.0,2200.0,False,6760.0,0.0,0.9999999999999976,10,operational,948,0.2765957446808511
0.8787358812578475,0.1212641187421524,0.6013065847363706,0.3986934152636294,360.0,2880.0,False,6760.0,0.0,0.9999999999999976,11,operational,948,0.2765957446808511
0.9461554026832704,0.0538445973167295,0.3728262195123413,0.6271737804876587,360.0,1670.0,False,6760.0,0.0,0.9999999999999976,00,operational,949,0.3120567375886525
0.9450245285558432,0.0549754714441567,0.3728262195123413,0.6271737804876587,360.0,1740.0,False,6760.0,0.0,0.9999999999999976,01,operational,949,0.3120567375886525
0.9429470803650568,0.0570529196349433,0.4083686633217628,0.5916313366782372,360.0,1670.0,False,6760.0,0.0,0.9999999999999976,10,operational,949,0.3120567375886525
0.8695248495343463,0.1304751504656537,0.4083686633217628,0.5916313366782372,360.0,,True,6760.0,1.0,0.9133830890319292,11,operational,949,0.3120567375886525
0.9543765692795202,0.0456234307204798,0.3234045432440113,0.6765954567559886,360.0,1400.0,False,6760.0,0.0,0.9999999999999976,00,operational,950,0.2056737588652482
0.9360639932746992,0.0639360067253008,0.3234045432440113,0.6765954567559886,360.0,1980.0,False,6760.0,0.0,0.9999999999999976,01,operational,950,0.2056737588652482
0.9521620318429248,0.0478379681570753,0.3531268098131932,0.6468731901868068,360.0,1400.0,False,6760.0,0.0,0.9999999999999976,10,operational,950,0.2056737588652482
0.9334537529645874,0.0665462470354125,0.3531268098131932,0.6468731901868068,360.0,1960.0,False,6760.0,0.0,0.9999999999999976,11,operational,950,0.2056737588652482
0.9353646089164984,0.0646353910835015,0.3601780072696441,0.6398219927303559,360.0,1990.0,False,6760.0,0.0,0.9999999999999976,00,operational,951,0.2765957446808511
0.9326909462670891,0.0673090537329108,0.3601780072696441,0.6398219927303559,360.0,2140.0,False,6760.0,0.0,0.9999999999999976,01,operational,951,0.2765957446808511
0.9256923827715584,0.0743076172284415,0.4238967019253233,0.5761032980746766,360.0,1990.0,False,6760.0,0.0,0.9999999999999976,10,operational,951,0.2765957446808511
0.916835525825006,0.083164474174994,0.4238967019253233,0.5761032980746766,360.0,2200.0,False,6760.0,0.0,0.9999999999999976,11,operational,951,0.2765957446808511
0.8545544911878648,0.1454455088121352,0.8155959484093843,0.1844040515906156,240.0,3060.0,False,6760.0,0.0,0.9999999999999976,00,operational,952,0.4680851063829787
0.826550564114923,0.173449435885077,0.8155959484093843,0.1844040515906156,240.0,3640.0,False,6760.0,0.0,0.9999999999999976,01,operational,952,0.4680851063829787
0.8444964101598909,0.1555035898401091,0.8577574944506666,0.1422425055493333,240.0,3060.0,False,6760.0,0.0,0.9999999999999976,10,operational,952,0.4680851063829787
0.0884633275535166,0.9115366724464834,0.8577574944506666,0.1422425055493333,240.0,,True,6760.0,1.0,0.0461443494733212,11,operational,952,0.4680851063829787
0.8970293634973087,0.1029706365026913,0.4948042985958703,0.5051957014041297,360.0,2690.0,False,6760.0,0.0,0.9999999999999976,00,operational,953,0.4113475177304964
0.8824838597795476,0.1175161402204524,0.4948042985958701,0.5051957014041298,360.0,3130.0,False,6760.0,0.0,0.9999999999999976,01,operational,953,0.4113475177304964
0.8888262656347886,0.1111737343652113,0.5378481588837558,0.4621518411162441,360.0,2690.0,False,6760.0,0.0,0.9999999999999976,10,operational,953,0.4113475177304964
0.8086127092857411,0.1913872907142588,0.5378481588837558,0.4621518411162441,360.0,,True,6760.0,1.0,0.8893731202453783,11,operational,953,0.4113475177304964
0.8243146145827569,0.1756853854172431,0.5193611433443793,0.4806388566556206,360.0,3870.0,False,6760.0,0.0,0.9999999999999976,00,operational,954,0.4680851063829787
0.7640843021606244,0.2359156978393756,0.5193611433443793,0.4806388566556206,360.0,5510.0,False,6760.0,0.0,0.9999999999999976,01,operational,954,0.4680851063829787
0.8149284615778459,0.185071538422154,0.533634447812215,0.4663655521877849,360.0,3870.0,False,6760.0,0.0,0.9999999999999976,10,operational,954,0.4680851063829787
0.61831347011609,0.38168652988391,0.533634447812215,0.4663655521877849,360.0,,True,6760.0,1.0,0.6592499598907405,11,operational,954,0.4680851063829787
0.9636474984294244,0.0363525015705756,0.3265537501672984,0.6734462498327016,360.0,1330.0,False,6760.0,0.0,0.9999999999999976,00,operational,955,0.226950354609929
0.960175741685528,0.0398242583144721,0.3265537501672984,0.6734462498327016,360.0,1500.0,False,6760.0,0.0,0.9999999999999976,01,operational,955,0.226950354609929
0.961189366851557,0.038810633148443,0.3671442637063058,0.6328557362936942,360.0,1330.0,False,6760.0,0.0,0.9999999999999976,10,operational,955,0.226950354609929
0.9583766111668076,0.0416233888331922,0.3671442637063058,0.6328557362936942,360.0,1500.0,False,6760.0,0.0,0.9999999999999976,11,operational,955,0.226950354609929
0.9753806719905532,0.0246193280094466,0.3085747990416765,0.6914252009583235,360.0,870.0,False,6760.0,0.0,0.9999999999999976,00,operational,956,0.1560283687943262
0.9753265233840968,0.0246734766159032,0.3085747990416765,0.6914252009583235,360.0,880.0,False,6760.0,0.0,0.9999999999999976,01,operational,956,0.1560283687943262
0.9753806719905532,0.0246193280094466,0.3085747990416765,0.6914252009583235,360.0,870.0,False,6760.0,0.0,0.9999999999999976,10,operational,956,0.1560283687943262
0.9753265233840968,0.0246734766159032,0.3085747990416765,0.6914252009583235,360.0,880.0,False,6760.0,0.0,0.9999999999999976,11,operational,956,0.1560283687943262
0.826706234191476,0.1732937658085239,0.6485353837418849,0.3514646162581151,360.0,3220.0,False,6760.0,0.0,0.9999999999999976,00,operational,957,0.4042553191489361
0.8047557620583662,0.1952442379416338,0.6485353837418849,0.3514646162581151,360.0,4080.0,False,6760.0,0.0,0.9999999999999976,01,operational,957,0.4042553191489361
0.8164216588051753,0.1835783411948247,0.6869431245450421,0.3130568754549579,360.0,3220.0,False,6760.0,0.0,0.9999999999999976,10,operational,957,0.4042553191489361
0.7611242166416509,0.2388757833583491,0.6869431245450421,0.3130568754549579,360.0,,True,6760.0,1.0,0.9108150744121922,11,operational,957,0.4042553191489361
0.8794219496158647,0.1205780503841352,0.6637061626001199,0.33629383739988,360.0,2660.0,False,6760.0,0.0,0.9999999999999976,00,operational,958,0.4326241134751773
0.848837458175808,0.1511625418241919,0.6637061626001199,0.33629383739988,360.0,3500.0,False,6760.0,0.0,0.9999999999999976,01,operational,958,0.4326241134751773
0.8754811262080316,0.1245188737919683,0.6937097045869838,0.3062902954130162,360.0,2660.0,False,6760.0,0.0,0.9999999999999976,10,operational,958,0.4326241134751773
0.8543168266396673,0.1456831733603326,0.6937097045869838,0.3062902954130162,360.0,3390.0,False,6760.0,0.0,0.9999999999999976,11,operational,958,0.4326241134751773
0.8877533902213843,0.1122466097786156,0.5594390075318729,0.4405609924681271,360.0,2570.0,False,6760.0,0.0,0.9999999999999976,00,operational,959,0.3617021276595745
0.8623957307124723,0.1376042692875276,0.5594390075318729,0.4405609924681271,360.0,3350.0,False,6760.0,0.0,0.9999999999999976,01,operational,959,0.3617021276595745
0.8752988764361562,0.1247011235638437,0.6237269100173432,0.3762730899826568,360.0,2570.0,False,6760.0,0.0,0.9999999999999976,10,operational,959,0.3617021276595745
0.7947588429812812,0.2052411570187188,0.6237269100173432,0.3762730899826568,360.0,,True,6760.0,1.0,0.9133830890319292,11,operational,959,0.3617021276595745
0.8651612479756579,0.1348387520243421,0.6851525853374404,0.3148474146625596,190.0,2790.0,False,6760.0,0.0,0.9999999999999976,00,operational,960,0.3687943262411347
0.8419339236747234,0.1580660763252765,0.6851525853374404,0.3148474146625596,190.0,3420.0,False,6760.0,0.0,0.9999999999999976,01,operational,960,0.3687943262411347
0.855093999166251,0.144906000833749,0.706041452978088,0.293958547021912,190.0,2790.0,False,6760.0,0.0,0.9999999999999976,10,operational,960,0.3687943262411347
0.8420668676950243,0.1579331323049757,0.706041452978088,0.293958547021912,190.0,3450.0,False,6760.0,0.0,0.9999999999999976,11,operational,960,0.3687943262411347
0.9512131162973432,0.0487868837026568,0.3611671650734754,0.6388328349265245,360.0,1490.0,False,6760.0,0.0,0.9999999999999976,00,operational,961,0.2411347517730496
0.9430566171807552,0.0569433828192447,0.3611671650734754,0.6388328349265245,360.0,1820.0,False,6760.0,0.0,0.9999999999999976,01,operational,961,0.2411347517730496
0.9490875697151254,0.0509124302848745,0.3942536435262064,0.6057463564737936,360.0,1490.0,False,6760.0,0.0,0.9999999999999976,10,operational,961,0.2411347517730496
0.9418634773454794,0.0581365226545206,0.3942536435262064,0.6057463564737936,360.0,1810.0,False,6760.0,0.0,0.9999999999999976,11,operational,961,0.2411347517730496
0.5740135798149529,0.425986420185047,0.8045045394639926,0.1954954605360074,360.0,6030.0,False,6760.0,0.0,0.9999999999999976,00,operational,962,0.5815602836879432
0.5565496083954452,0.4434503916045548,0.8045045394639926,0.1954954605360074,360.0,,True,6760.0,1.0,0.866737481300598,01,operational,962,0.5815602836879432
0.5393519313835172,0.4606480686164828,0.8589177150443819,0.1410822849556181,360.0,6030.0,False,6760.0,0.0,0.9999999999999976,10,operational,962,0.5815602836879432
0.4809047377021558,0.5190952622978442,0.8589177150443819,0.1410822849556181,360.0,,True,6760.0,1.0,0.7093810980640168,11,operational,962,0.5815602836879432
0.8534673062070663,0.1465326937929336,0.9235263018585688,0.0764736981414313,290.0,3230.0,False,6760.0,0.0,0.9999999999999976,00,operational,963,0.4539007092198581
0.8343663386370078,0.1656336613629921,0.9235263018585688,0.0764736981414313,290.0,3880.0,False,6760.0,0.0,0.9999999999999976,01,operational,963,0.4539007092198581
0.847890564143316,0.152109435856684,0.94469724165898,0.0553027583410198,290.0,3230.0,False,6760.0,0.0,0.9999999999999976,10,operational,963,0.4539007092198581
0.7737655454885405,0.2262344545114595,0.94469724165898,0.0553027583410198,290.0,,True,6760.0,1.0,0.8893731201557741,11,operational,963,0.4539007092198581
0.942662790854351,0.0573372091456489,0.4828339357767914,0.5171660642232085,360.0,1600.0,False,6760.0,0.0,0.9999999999999976,00,operational,964,0.2836879432624113
0.9397153181939664,0.0602846818060336,0.4828339357767914,0.5171660642232085,360.0,1710.0,False,6760.0,0.0,0.9999999999999976,01,operational,964,0.2836879432624113
0.9410018845780254,0.0589981154219746,0.5054527995589142,0.4945472004410858,360.0,1600.0,False,6760.0,0.0,0.9999999999999976,10,operational,964,0.2836879432624113
0.9387689073996612,0.0612310926003387,0.5054527995589142,0.4945472004410858,360.0,1710.0,False,6760.0,0.0,0.9999999999999976,11,operational,964,0.2836879432624113
0.7786752165881514,0.2213247834118485,0.7100268129903278,0.2899731870096722,360.0,3860.0,False,6760.0,0.0,0.9999999999999976,00,operational,965,0.5035460992907801
0.7512390796130333,0.2487609203869667,0.7100268129903278,0.2899731870096722,360.0,4920.0,False,6760.0,0.0,0.9999999999999976,01,operational,965,0.5035460992907801
0.7650357875106443,0.2349642124893557,0.7418437817250445,0.2581562182749555,360.0,3860.0,False,6760.0,0.0,0.9999999999999976,10,operational,965,0.5035460992907801
0.6837359312940283,0.3162640687059717,0.7418437817250445,0.2581562182749555,360.0,,True,6760.0,1.0,0.8091121156512996,11,operational,965,0.5035460992907801
0.9799651133223912,0.0200348866776088,0.1863059802939746,0.8136940197060254,360.0,1370.0,False,6760.0,0.0,0.9999999999999976,00,operational,966,0.2482269503546099
0.97704029824007,0.0229597017599301,0.1863059802939746,0.8136940197060254,360.0,1540.0,False,6760.0,0.0,0.9999999999999976,01,operational,966,0.2482269503546099
0.9770543815011627,0.0229456184988371,0.2091019320069597,0.7908980679930403,360.0,1370.0,False,6760.0,0.0,0.9999999999999976,10,operational,966,0.2482269503546099
0.9727256140341528,0.0272743859658473,0.2091019320069597,0.7908980679930403,360.0,1570.0,False,6760.0,0.0,0.9999999999999976,11,operational,966,0.2482269503546099
0.7027870513825752,0.2972129486174247,0.707222904871196,0.2927770951288039,360.0,4790.0,False,6760.0,0.0,0.9999999999999974,00,operational,967,0.5319148936170213
0.6535385064595219,0.346461493540478,0.7072229048711961,0.2927770951288039,360.0,6120.0,False,6760.0,0.0,0.9999999999999974,01,operational,967,0.5319148936170213
0.6944386351335231,0.3055613648664769,0.7078659582195771,0.2921340417804229,360.0,4790.0,False,6760.0,0.0,0.9999999999999974,10,operational,967,0.5319148936170213
0.5265496501946998,0.4734503498053002,0.707865958219577,0.2921340417804229,360.0,,True,6760.0,1.0,0.6511109436944912,11,operational,967,0.5319148936170213
0.8925404444958243,0.1074595555041757,0.6315664565917212,0.3684335434082788,360.0,2520.0,False,6760.0,0.0,0.9999999999999976,00,operational,968,0.4042553191489361
0.8854199288177528,0.1145800711822472,0.6315664565917212,0.3684335434082788,360.0,3070.0,False,6760.0,0.0,0.9999999999999976,01,operational,968,0.4042553191489361
0.8887712656545446,0.1112287343454554,0.6528291306604266,0.3471708693395735,360.0,2520.0,False,6760.0,0.0,0.9999999999999976,10,operational,968,0.4042553191489361
0.6285411218390078,0.3714588781609922,0.6528291306604266,0.3471708693395735,360.0,,True,6760.0,1.0,0.6511109436944912,11,operational,968,0.4042553191489361
0.8380237876127742,0.1619762123872258,0.7882968643884408,0.2117031356115591,220.0,3320.0,False,6760.0,0.0,0.9999999999999976,00,operational,969,0.5106382978723404
0.8118758920490297,0.1881241079509703,0.7882968643884408,0.2117031356115591,220.0,4180.0,False,6760.0,0.0,0.9999999999999976,01,operational,969,0.5106382978723404
0.8289392264447819,0.1710607735552181,0.9488623182583278,0.0511376817416722,220.0,3320.0,False,6760.0,0.0,0.9999999999999976,10,operational,969,0.5106382978723404
0.7153823081134633,0.2846176918865367,0.9488623182583278,0.0511376817416722,220.0,,True,6760.0,1.0,0.8461534867332533,11,operational,969,0.5106382978723404
0.8731314849791109,0.1268685150208891,0.6223786287228097,0.3776213712771903,360.0,2720.0,False,6760.0,0.0,0.9999999999999976,00,operational,970,0.425531914893617
0.8342752085702567,0.1657247914297432,0.6223786287228097,0.3776213712771903,360.0,3740.0,False,6760.0,0.0,0.9999999999999976,01,operational,970,0.425531914893617
0.8666682951792556,0.1333317048207444,0.6682808446666718,0.3317191553333282,360.0,2720.0,False,6760.0,0.0,0.9999999999999976,10,operational,970,0.425531914893617
0.8327441875449053,0.1672558124550947,0.6682808446666718,0.3317191553333282,360.0,3480.0,False,6760.0,0.0,0.9999999999999976,11,operational,970,0.425531914893617
0.94691162258261,0.05308837741739,0.2752738276726558,0.7247261723273442,360.0,1900.0,False,6760.0,0.0,0.9999999999999976,00,operational,971,0.3546099290780142
0.9333847238572056,0.0666152761427945,0.2752738276726558,0.7247261723273442,360.0,2350.0,False,6760.0,0.0,0.9999999999999976,01,operational,971,0.3546099290780142
0.9404358110626372,0.0595641889373627,0.3621725266212965,0.6378274733787035,360.0,1900.0,False,6760.0,0.0,0.9999999999999976,10,operational,971,0.3546099290780142
0.9211817655147474,0.0788182344852526,0.3621725266212965,0.6378274733787035,360.0,2450.0,False,6760.0,0.0,0.9999999999999976,11,operational,971,0.3546099290780142
0.9218180193361432,0.0781819806638567,0.6261937055834976,0.3738062944165024,360.0,2060.0,False,6760.0,0.0,0.9999999999999976,00,operational,972,0.3404255319148936
0.8985952402542007,0.1014047597457993,0.6261937055834976,0.3738062944165024,360.0,2480.0,False,6760.0,0.0,0.9999999999999976,01,operational,972,0.3404255319148936
0.9120175775610664,0.0879824224389335,0.7274069278475512,0.2725930721524488,360.0,2060.0,False,6760.0,0.0,0.9999999999999976,10,operational,972,0.3404255319148936
0.8837646590199744,0.1162353409800256,0.7274069278475512,0.2725930721524488,360.0,2550.0,False,6760.0,0.0,0.9999999999999976,11,operational,972,0.3404255319148936
0.8747804774065233,0.1252195225934766,0.4833489114568675,0.5166510885431325,360.0,2840.0,False,6760.0,0.0,0.9999999999999976,00,operational,973,0.3617021276595745
0.8553276450809574,0.1446723549190426,0.4833489114568675,0.5166510885431325,360.0,3530.0,False,6760.0,0.0,0.9999999999999976,01,operational,973,0.3617021276595745
0.868082755352317,0.1319172446476829,0.5037344159663051,0.496265584033695,360.0,2840.0,False,6760.0,0.0,0.9999999999999976,10,operational,973,0.3617021276595745
0.7352418372445274,0.2647581627554726,0.5037344159663051,0.496265584033695,360.0,,True,6760.0,1.0,0.8087461958770292,11,operational,973,0.3617021276595745
0.9221418282111848,0.0778581717888152,0.3476063951990404,0.6523936048009595,360.0,2580.0,False,6760.0,0.0,0.9999999999999976,00,operational,974,0.4042553191489361
0.8984748074230772,0.1015251925769228,0.3476063951990404,0.6523936048009595,360.0,3280.0,False,6760.0,0.0,0.9999999999999976,01,operational,974,0.4042553191489361
0.91789341801585,0.0821065819841501,0.3551250011295148,0.6448749988704852,360.0,2580.0,False,6760.0,0.0,0.9999999999999976,10,operational,974,0.4042553191489361
0.8952050033215182,0.1047949966784818,0.3551250011295148,0.6448749988704852,360.0,3310.0,False,6760.0,0.0,0.9999999999999976,11,operational,974,0.4042553191489361
0.7854941496794231,0.2145058503205769,0.6750042458586003,0.3249957541413997,360.0,3840.0,False,6760.0,0.0,0.9999999999999976,00,operational,975,0.475177304964539
0.7633258565845624,0.2366741434154375,0.6750042458586003,0.3249957541413997,360.0,5120.0,False,6760.0,0.0,0.9999999999999976,01,operational,975,0.475177304964539
0.7655473468871011,0.2344526531128988,0.7298575513360996,0.2701424486639003,360.0,3840.0,False,6760.0,0.0,0.9999999999999976,10,operational,975,0.475177304964539
0.6573849545778864,0.3426150454221136,0.7298575513360996,0.2701424486639003,360.0,,True,6760.0,1.0,0.8176157377806169,11,operational,975,0.475177304964539
0.7696699131927401,0.2303300868072598,0.725194771976384,0.2748052280236159,360.0,3960.0,False,6760.0,0.0,0.9999999999999976,00,operational,976,0.4893617021276595
0.735986008118572,0.264013991881428,0.725194771976384,0.2748052280236159,360.0,5090.0,False,6760.0,0.0,0.9999999999999976,01,operational,976,0.4893617021276595
0.7557397944288672,0.2442602055711328,0.7630311984095653,0.2369688015904346,360.0,3960.0,False,6760.0,0.0,0.9999999999999976,10,operational,976,0.4893617021276595
0.7287643998347024,0.2712356001652976,0.7630311984095653,0.2369688015904346,360.0,4990.0,False,6760.0,0.0,0.9999999999999976,11,operational,976,0.4893617021276595
0.956946413420802,0.0430535865791978,0.3459780963457562,0.6540219036542437,360.0,1430.0,False,6760.0,0.0,0.9999999999999976,00,operational,977,0.2553191489361702
0.9491267188869,0.0508732811130998,0.3459780963457562,0.6540219036542437,360.0,1670.0,False,6760.0,0.0,0.9999999999999976,01,operational,977,0.2553191489361702
0.953116763310337,0.0468832366896629,0.3920125582549321,0.6079874417450679,360.0,1430.0,False,6760.0,0.0,0.9999999999999976,10,operational,977,0.2553191489361702
0.8905437506269507,0.1094562493730493,0.3920125582549321,0.6079874417450679,360.0,,True,6760.0,1.0,0.93178126576305,11,operational,977,0.2553191489361702
0.9504113126266092,0.0495886873733908,0.3410660095511384,0.6589339904488616,360.0,1540.0,False,6760.0,0.0,0.9999999999999976,00,operational,978,0.2978723404255319
0.9478372428756872,0.0521627571243127,0.3410660095511384,0.6589339904488616,360.0,1670.0,False,6760.0,0.0,0.9999999999999976,01,operational,978,0.2978723404255319
0.9489636002116544,0.0510363997883457,0.3462818600302193,0.6537181399697807,360.0,1540.0,False,6760.0,0.0,0.9999999999999976,10,operational,978,0.2978723404255319
0.9449632755454394,0.0550367244545606,0.3462818600302193,0.6537181399697807,360.0,1710.0,False,6760.0,0.0,0.9999999999999976,11,operational,978,0.2978723404255319
0.8086599666832472,0.1913400333167527,0.6825628413255397,0.3174371586744603,360.0,3480.0,False,6760.0,0.0,0.9999999999999974,00,operational,979,0.4893617021276595
0.7867832487675531,0.2132167512324468,0.6825628413255397,0.3174371586744603,360.0,4400.0,False,6760.0,0.0,0.9999999999999974,01,operational,979,0.4893617021276595
0.8005416801907069,0.199458319809293,0.6985276020512595,0.3014723979487405,360.0,3480.0,False,6760.0,0.0,0.9999999999999974,10,operational,979,0.4893617021276595
0.7654432277535242,0.2345567722464757,0.6985276020512595,0.3014723979487405,360.0,4500.0,False,6760.0,0.0,0.9999999999999974,11,operational,979,0.4893617021276595
0.7107806119464453,0.2892193880535547,0.7716868617188312,0.2283131382811688,360.0,4530.0,False,6760.0,0.0,0.9999999999999974,00,operational,980,0.475177304964539
0.6636874118513257,0.3363125881486742,0.7716868617188312,0.2283131382811688,360.0,5830.0,False,6760.0,0.0,0.9999999999999974,01,operational,980,0.475177304964539
0.701637890093954,0.2983621099060459,0.776171647664593,0.223828352335407,360.0,4530.0,False,6760.0,0.0,0.9999999999999974,10,operational,980,0.475177304964539
0.6447834802383474,0.3552165197616526,0.776171647664593,0.223828352335407,360.0,5370.0,False,6760.0,0.0,0.9999999999999974,11,operational,980,0.475177304964539
0.8310136005688548,0.1689863994311452,0.750347919350558,0.249652080649442,360.0,3030.0,False,6760.0,0.0,0.9999999999999976,00,operational,981,0.4184397163120567
0.7855830510754962,0.2144169489245038,0.750347919350558,0.249652080649442,360.0,3910.0,False,6760.0,0.0,0.9999999999999976,01,operational,981,0.4184397163120567
0.8217738033255202,0.1782261966744798,0.7696475845567766,0.2303524154432233,360.0,3030.0,False,6760.0,0.0,0.9999999999999976,10,operational,981,0.4184397163120567
0.7968975798437768,0.2031024201562231,0.7696475845567766,0.2303524154432233,360.0,3830.0,False,6760.0,0.0,0.9999999999999976,11,operational,981,0.4184397163120567
0.7232282394563034,0.2767717605436965,0.8050949004175842,0.1949050995824157,220.0,4350.0,False,6760.0,0.0,0.9999999999999976,00,operational,982,0.4539007092198581
0.6631761429824606,0.3368238570175393,0.8050949004175842,0.1949050995824157,220.0,5960.0,False,6760.0,0.0,0.9999999999999976,01,operational,982,0.4539007092198581
0.7117775826269387,0.2882224173730613,0.8177989128941009,0.182201087105899,220.0,4350.0,False,6760.0,0.0,0.9999999999999976,10,operational,982,0.4539007092198581
0.6661429939352626,0.3338570060647374,0.8177989128941009,0.182201087105899,220.0,5640.0,False,6760.0,0.0,0.9999999999999976,11,operational,982,0.4539007092198581
0.9755274083334816,0.0244725916665182,0.455477033543511,0.544522966456489,360.0,820.0,False,6760.0,0.0,0.9999999999999976,00,operational,983,0.1631205673758865
0.9752630395094232,0.0247369604905769,0.455477033543511,0.544522966456489,360.0,850.0,False,6760.0,0.0,0.9999999999999976,01,operational,983,0.1631205673758865
0.9740542298318476,0.0259457701681523,0.5072524415794675,0.4927475584205325,360.0,820.0,False,6760.0,0.0,0.9999999999999976,10,operational,983,0.1631205673758865
0.973789861007789,0.026210138992211,0.5072524415794675,0.4927475584205325,360.0,850.0,False,6760.0,0.0,0.9999999999999976,11,operational,983,0.1631205673758865
0.8770210123284398,0.1229789876715602,0.6288072270210351,0.3711927729789649,360.0,2520.0,False,6760.0,0.0,0.9999999999999976,00,operational,984,0.3829787234042553
0.8557247942937858,0.1442752057062142,0.6288072269792623,0.3711927730207377,360.0,3190.0,False,6760.0,0.0,0.9999999999999976,01,operational,984,0.3829787234042553
0.8746703460921971,0.1253296539078029,0.6310148109459655,0.3689851890540345,360.0,2520.0,False,6760.0,0.0,0.9999999999999976,10,operational,984,0.3829787234042553
0.8415813487458366,0.1584186512541634,0.6310148110585889,0.3689851889414111,360.0,2920.0,False,6760.0,0.0,0.9999999999999976,11,operational,984,0.3829787234042553
0.9430425420208892,0.0569574579791106,0.8454007211606559,0.1545992788393441,290.0,1390.0,False,6760.0,0.0,0.9999999999999976,00,operational,985,0.1843971631205673
0.9331698090771324,0.0668301909228676,0.8454007211606559,0.1545992788393441,290.0,1650.0,False,6760.0,0.0,0.9999999999999976,01,operational,985,0.1843971631205673
0.9365020939697656,0.0634979060302343,0.8942210383487059,0.105778961651294,290.0,1390.0,False,6760.0,0.0,0.9999999999999976,10,operational,985,0.1843971631205673
0.8789863147497488,0.1210136852502512,0.8942210383487059,0.105778961651294,290.0,,True,6760.0,1.0,0.93178126576305,11,operational,985,0.1843971631205673
0.7354417585883655,0.2645582414116345,0.7862121111888533,0.2137878888111467,360.0,4450.0,False,6760.0,0.0,0.9999999999999976,00,operational,986,0.6099290780141844
0.6828526962453764,0.3171473037546236,0.7862121111888533,0.2137878888111467,360.0,5550.0,False,6760.0,0.0,0.9999999999999976,01,operational,986,0.6099290780141844
0.7262715408515833,0.2737284591484167,0.7892460459987445,0.2107539540012555,360.0,4450.0,False,6760.0,0.0,0.9999999999999976,10,operational,986,0.6099290780141844
0.6294896395298731,0.3705103604701268,0.7892460459987445,0.2107539540012555,360.0,5070.0,False,6760.0,0.0,0.9999999999999976,11,operational,986,0.6099290780141844
0.936859821442962,0.0631401785570381,0.4493555045561491,0.5506444954438509,360.0,1670.0,False,6760.0,0.0,0.9999999999999976,00,operational,987,0.2340425531914893
0.926032294368241,0.073967705631759,0.4493555045561491,0.5506444954438509,360.0,1920.0,False,6760.0,0.0,0.9999999999999976,01,operational,987,0.2340425531914893
0.9312386928423628,0.0687613071576371,0.5022763251027913,0.4977236748972086,360.0,1670.0,False,6760.0,0.0,0.9999999999999976,10,operational,987,0.2340425531914893
0.9168213284495778,0.0831786715504222,0.5022763251027913,0.4977236748972086,360.0,1950.0,False,6760.0,0.0,0.9999999999999976,11,operational,987,0.2340425531914893
0.9130435397159912,0.0869564602840087,0.4292898120867814,0.5707101879132186,360.0,2270.0,False,6760.0,0.0,0.9999999999999976,00,operational,988,0.3546099290780142
0.908963153261342,0.0910368467386578,0.4292898120867814,0.5707101879132186,360.0,2470.0,False,6760.0,0.0,0.9999999999999976,01,operational,988,0.3546099290780142
0.906892988545304,0.0931070114546959,0.4534919077369527,0.5465080922630473,360.0,2270.0,False,6760.0,0.0,0.9999999999999976,10,operational,988,0.3546099290780142
0.8973494696353689,0.1026505303646311,0.4534919077369527,0.5465080922630473,360.0,2580.0,False,6760.0,0.0,0.9999999999999976,11,operational,988,0.3546099290780142
0.8382013335412435,0.1617986664587565,0.6100835758470855,0.3899164241529145,360.0,3340.0,False,6760.0,0.0,0.9999999999999976,00,operational,989,0.5106382978723404
0.8015528220429924,0.1984471779570076,0.6100835758470855,0.3899164241529145,360.0,4250.0,False,6760.0,0.0,0.9999999999999976,01,operational,989,0.5106382978723404
0.8313409980552762,0.1686590019447238,0.6380479383836835,0.3619520616163166,360.0,3340.0,False,6760.0,0.0,0.9999999999999976,10,operational,989,0.5106382978723404
0.7927509735148384,0.2072490264851616,0.6380479383836833,0.3619520616163166,360.0,3960.0,False,6760.0,0.0,0.9999999999999976,11,operational,989,0.5106382978723404
0.8047812041828938,0.1952187958171062,0.8712288185824694,0.1287711814175306,360.0,3310.0,False,6760.0,0.0,0.9999999999999974,00,operational,990,0.4468085106382978
0.7781452939062461,0.2218547060937539,0.8712288185824694,0.1287711814175306,360.0,4210.0,False,6760.0,0.0,0.9999999999999974,01,operational,990,0.4468085106382978
0.788283508121774,0.211716491878226,0.9341926373330324,0.0658073626669675,360.0,3310.0,False,6760.0,0.0,0.9999999999999974,10,operational,990,0.4468085106382978
0.7040765716125172,0.2959234283874827,0.9341926373330324,0.0658073626669675,360.0,,True,6760.0,1.0,0.8893731201557741,11,operational,990,0.4468085106382978
0.8273136327742169,0.1726863672257831,0.6262923311454895,0.3737076688545104,360.0,3320.0,False,6760.0,0.0,0.9999999999999976,00,operational,991,0.4397163120567376
0.768333733162461,0.231666266837539,0.6262923311454895,0.3737076688545104,360.0,4710.0,False,6760.0,0.0,0.9999999999999976,01,operational,991,0.4397163120567376
0.8150847143772256,0.1849152856227743,0.6633301385285213,0.3366698614714786,360.0,3320.0,False,6760.0,0.0,0.9999999999999976,10,operational,991,0.4397163120567376
0.7695282166420728,0.2304717833579271,0.6633301385285213,0.3366698614714786,360.0,4830.0,False,6760.0,0.0,0.9999999999999976,11,operational,991,0.4397163120567376
0.9224776054816126,0.0775223945183873,0.397637881511812,0.602362118488188,360.0,2230.0,False,6760.0,0.0,0.9999999999999974,00,operational,992,0.3617021276595745
0.9047508295391564,0.0952491704608434,0.397637881511812,0.602362118488188,360.0,2810.0,False,6760.0,0.0,0.9999999999999974,01,operational,992,0.3617021276595745
0.920593425753181,0.0794065742468189,0.4015357500184391,0.5984642499815609,360.0,2230.0,False,6760.0,0.0,0.9999999999999974,10,operational,992,0.3617021276595745
0.8057228899738872,0.1942771100261128,0.4015357500184391,0.5984642499815609,360.0,,True,6760.0,1.0,0.8505201076022934,11,operational,992,0.3617021276595745
0.7015922962036312,0.2984077037963688,0.7906920661770533,0.2093079338229466,360.0,4570.0,False,6760.0,0.0,0.9999999999999976,00,operational,993,0.5390070921985816
0.5965685576952773,0.4034314423047227,0.7906920661770533,0.2093079338229466,360.0,6350.0,False,6760.0,0.0,0.9999999999943142,01,operational,993,0.5390070921985816
0.6915567602056978,0.3084432397943022,0.8090075394526,0.1909924605474,360.0,4570.0,False,6760.0,0.0,0.9999999999999976,10,operational,993,0.5390070921985816
0.5286253904077288,0.4713746095922712,0.8090075394526,0.1909924605474,360.0,,True,6760.0,1.0,0.7717890050583598,11,operational,993,0.5390070921985816
0.8333671331113479,0.1666328668886521,0.6525553421192215,0.3474446578807785,360.0,3000.0,False,6760.0,0.0,0.9999999999999976,00,operational,994,0.375886524822695
0.8133442592073568,0.1866557407926432,0.6525553421192215,0.3474446578807785,360.0,3770.0,False,6760.0,0.0,0.9999999999999976,01,operational,994,0.375886524822695
0.8260125465409243,0.1739874534590757,0.6749034264160378,0.3250965735839622,360.0,3000.0,False,6760.0,0.0,0.9999999999999976,10,operational,994,0.375886524822695
0.7615560859002948,0.2384439140997052,0.6749034264160378,0.3250965735839622,360.0,,True,6760.0,1.0,0.8893731201557741,11,operational,994,0.375886524822695
0.8192407610650301,0.1807592389349699,0.661058194433191,0.338941805566809,190.0,3210.0,False,6760.0,0.0,0.9999999999999976,00,operational,995,0.4042553191489361
0.7717663606909234,0.2282336393090765,0.661058194433191,0.338941805566809,190.0,4450.0,False,6760.0,0.0,0.9999999999999976,01,operational,995,0.4042553191489361
0.8125770606881436,0.1874229393118563,0.8912812780809477,0.1087187219190523,190.0,3210.0,False,6760.0,0.0,0.9999999999999976,10,operational,995,0.4042553191489361
0.7769234190768527,0.2230765809231473,0.8912812780809477,0.1087187219190523,190.0,4210.0,False,6760.0,0.0,0.9999999999999976,11,operational,995,0.4042553191489361
0.8660298438076999,0.1339701561923001,0.6353740890466272,0.3646259109533728,360.0,2610.0,False,6760.0,0.0,0.9999999999999976,00,operational,996,0.3262411347517731
0.8467961557358935,0.1532038442641065,0.6353740890466272,0.3646259109533728,360.0,3070.0,False,6760.0,0.0,0.9999999999999976,01,operational,996,0.3262411347517731
0.8532330591562755,0.1467669408437245,0.6738067483912333,0.3261932516087666,360.0,2610.0,False,6760.0,0.0,0.9999999999999976,10,operational,996,0.3262411347517731
0.7975006945384311,0.2024993054615689,0.6738067483912333,0.3261932516087666,360.0,,True,6760.0,1.0,0.9317812656734458,11,operational,996,0.3262411347517731
0.9211641466515296,0.0788358533484705,0.6170874710916909,0.382912528908309,360.0,1810.0,False,6760.0,0.0,0.9999999999999976,00,operational,997,0.2907801418439716
0.9109895992892644,0.0890104007107355,0.6170874710916909,0.382912528908309,360.0,2270.0,False,6760.0,0.0,0.9999999999999976,01,operational,997,0.2907801418439716
0.9204020650456178,0.0795979349543821,0.6171006625562849,0.382899337443715,360.0,1810.0,False,6760.0,0.0,0.9999999999999976,10,operational,997,0.2907801418439716
0.909959446545742,0.0900405534542579,0.6171006625562849,0.382899337443715,360.0,2270.0,False,6760.0,0.0,0.9999999999999976,11,operational,997,0.2907801418439716
0.9310968726425728,0.0689031273574273,0.4945947787632178,0.5054052212367822,360.0,1930.0,False,6760.0,0.0,0.9999999999999976,00,operational,998,0.3262411347517731
0.9136928431390208,0.0863071568609791,0.4945947787632178,0.5054052212367822,360.0,2460.0,False,6760.0,0.0,0.9999999999999976,01,operational,998,0.3262411347517731
0.9254383635422216,0.0745616364577783,0.5319980264123716,0.4680019735876283,360.0,1930.0,False,6760.0,0.0,0.9999999999999976,10,operational,998,0.3262411347517731
0.8617508129441145,0.1382491870558855,0.5319980264123716,0.4680019735876283,360.0,,True,6760.0,1.0,0.9317812656734458,11,operational,998,0.3262411347517731
0.9191215860557994,0.0808784139442005,0.5481811505735517,0.4518188494264484,360.0,1980.0,False,6760.0,0.0,0.9999999999999976,00,operational,999,0.3191489361702128
0.9058015867592764,0.0941984132407235,0.5481811505735517,0.4518188494264484,360.0,2240.0,False,6760.0,0.0,0.9999999999999976,01,operational,999,0.3191489361702128
0.9160817851252562,0.0839182148747438,0.5681713182531472,0.4318286817468529,360.0,1980.0,False,6760.0,0.0,0.9999999999999976,10,operational,999,0.3191489361702128
0.9071980272978714,0.0928019727021286,0.5681713182531472,0.4318286817468529,360.0,2240.0,False,6760.0,0.0,0.9999999999999976,11,operational,999,0.3191489361702128
