replication,loss__delta_prop,loss__delta_rec,loss__total,loss__delta_int,Lambda__delta_prop,Lambda__delta_rec,Lambda__total,Lambda__delta_int,T_rec__delta_prop,T_rec__delta_rec,T_rec__total,T_rec__delta_int,T_rec_bounded__delta_prop,T_rec_bounded__delta_rec,T_rec_bounded__total,T_rec_bounded__delta_int,lock_in__delta_prop,lock_in__delta_rec,lock_in__total,lock_in__delta_int,any_censored
0,0.007445706191276394,0.004305894916182204,0.07755240289405299,0.06580080178659439,0.02027741623072815,0.0,0.02027741623072815,0.0,0.0,50.0,,,0.0,50.0,2640.0,2590.0,0.0,0.0,1.0,1.0,True
1,0.0124369486870691,0.0073321481659401055,0.019332054881487898,-0.00043704197152130697,0.11131383141769635,0.0,0.11131383141769635,0.0,0.0,110.0,120.0,10.0,0.0,110.0,120.0,10.0,0.0,0.0,0.0,0.0,False
2,0.008648007006050312,0.011072793967902811,0.02040404693792891,0.0006832459639757871,0.03733081047978859,0.0,0.03733081047978859,0.0,0.0,190.0,220.0,30.0,0.0,190.0,220.0,30.0,0.0,0.0,0.0,0.0,False
3,0.010206390971785606,0.0033627365922821034,0.017478436585610907,0.0039093090215431975,0.02688921344963685,0.0,0.02688921344963685,0.0,0.0,40.0,80.0,40.0,0.0,40.0,80.0,40.0,0.0,0.0,0.0,0.0,False
4,0.006592904472689898,0.0078597340752177,0.1250538091413758,0.11060117059346819,0.012778766536125308,0.0,0.012778766536125308,0.0,0.0,100.0,,,0.0,100.0,2750.0,2650.0,0.0,0.0,1.0,1.0,True
5,0.0024743356795441027,0.0006382018583344015,0.003382303617102199,0.0002697660792236947,0.004517899400030889,0.0,0.004517899400030889,0.0,0.0,10.0,20.0,10.0,0.0,10.0,20.0,10.0,0.0,0.0,0.0,0.0,False
6,0.004031701795112488,0.011806298978079888,0.08122312339968199,0.06538512262648961,0.0057254251252907284,0.0,0.0057254251252907284,0.0,0.0,120.0,,,0.0,120.0,2580.0,2460.0,0.0,0.0,1.0,1.0,True
7,0.001994913300239501,0.0003273925148985987,0.002983736969555499,0.0006614311544173995,0.013303193820030701,0.0,0.013303193820030701,0.0,0.0,0.0,20.0,20.0,0.0,0.0,20.0,20.0,0.0,0.0,0.0,0.0,False
8,0.002973965124678603,0.0018721128424415007,0.08062945064552329,0.0757833726784032,0.024920878219641007,0.0,0.024920878219641007,0.0,0.0,40.0,,,0.0,40.0,3160.0,3120.0,0.0,0.0,1.0,1.0,True
9,0.0067170580778568995,0.0039317280434354035,0.07775813794608571,0.06710935182479341,0.00946181410784297,0.0,0.00946181410784297,0.0,0.0,60.0,,,0.0,60.0,2760.0,2700.0,0.0,0.0,1.0,1.0,True
10,0.0059698596537784004,0.01328550972558,0.1294623255075788,0.1102069561282204,0.00604983212341631,0.0,0.00604983212341631,0.0,0.0,160.0,,,0.0,160.0,2810.0,2650.0,0.0,0.0,1.0,1.0,True
11,0.018240100611560103,0.012622442160307001,0.10639709811501041,0.07553455534314331,0.12400931119227543,0.0,0.12400931119227543,0.0,0.0,120.0,60.0,-60.0,0.0,120.0,60.0,-60.0,0.0,0.0,0.0,0.0,False
12,0.013548589792043791,0.013285591359091686,0.026987168375757792,0.00015298722462231407,0.06221951940735215,0.0,0.06221951940735215,0.0,0.0,170.0,200.0,30.0,0.0,170.0,200.0,30.0,0.0,0.0,0.0,0.0,False
13,0.011653319652212613,0.013002320593009709,0.08341410807946972,0.0587584678342474,0.01153607974401294,0.0,0.01153607974401294,0.0,0.0,150.0,,,0.0,150.0,2260.0,2110.0,0.0,0.0,1.0,1.0,True
14,0.0072987376201795046,0.005930543767594804,0.0772205636494358,0.0639912822616615,0.04421365044651537,0.0,0.04421365044651537,0.0,10.0,70.0,,,10.0,70.0,2640.0,2560.0,0.0,0.0,1.0,1.0,True
15,0.009205148371960209,0.010996653473942408,0.1238334951507637,0.10363169330486108,0.06411763334715381,0.0,0.06411763334715381,0.0,0.0,100.0,,,0.0,100.0,2640.0,2540.0,0.0,0.0,1.0,1.0,True
16,0.014720788881497415,0.013580896318979518,0.08791106206614052,0.05960937686566359,0.030686260889534855,0.0,0.030686260889534855,0.0,0.0,150.0,,,0.0,150.0,2410.0,2260.0,0.0,0.0,1.0,1.0,True
17,0.020964099514051798,0.001035400099722198,0.1536974832162436,0.13169798360246962,0.2616304528655582,0.0,0.2616304528655582,0.0,10.0,30.0,,,10.0,30.0,3200.0,3160.0,0.0,0.0,1.0,1.0,True
18,0.02175021241043551,0.0229351750042332,0.09713251776380499,0.052447130349136284,0.09677751268524215,0.0,0.09677751268524215,0.0,0.0,340.0,,,0.0,340.0,2350.0,2010.0,0.0,0.0,1.0,1.0,True
19,0.003944137066724099,0.0029139968512105,0.007951913973092403,0.0010937800551578045,0.018822022464515475,0.0,0.018822022464515475,0.0,0.0,40.0,70.0,30.0,0.0,40.0,70.0,30.0,0.0,0.0,0.0,0.0,False
20,0.007415596869087,0.007974541137470696,0.1337681495749316,0.11837801156837391,0.028572155968764723,0.0,0.028572155968764723,0.0,10.0,130.0,,,10.0,130.0,2950.0,2810.0,0.0,0.0,1.0,1.0,True
21,0.017329823624250812,0.015149203433934194,0.8021134575658939,0.7696344305077089,0.08744482929077668,0.0,0.08744482929077668,0.0,0.0,190.0,,,0.0,190.0,2430.0,2240.0,0.0,0.0,1.0,1.0,True
22,0.005611396317585601,0.0006302808623502021,0.007795451762822196,0.0015537745828863928,0.010672338382960278,0.0,0.010672338382960278,0.0,10.0,30.0,50.0,10.0,10.0,30.0,50.0,10.0,0.0,0.0,0.0,0.0,False
23,0.0017523517043335005,0.0023982066486197065,0.004747195629122,0.0005966372761687933,0.005851971402882572,0.0,0.005851971402882572,0.0,0.0,50.0,60.0,10.0,0.0,50.0,60.0,10.0,0.0,0.0,0.0,0.0,False
24,0.0117314487503907,0.00032554216542500514,0.012915526241446998,0.0008585353256312933,0.0783661790936303,0.0,0.0783661790936303,0.0,0.0,0.0,20.0,20.0,0.0,0.0,20.0,20.0,0.0,0.0,0.0,0.0,False
25,0.013223599823201898,0.0129995163750498,0.1326797762423168,0.10645666004406511,0.058651217854299276,0.0,0.058651217854299276,0.0,0.0,160.0,,,0.0,160.0,2710.0,2550.0,0.0,0.0,1.0,1.0,True
26,0.009898907301823301,0.021301334876135503,0.09331410533561268,0.06211386315765388,0.011080165076210013,0.0,0.011080165076210013,0.0,0.0,170.0,,,0.0,170.0,1990.0,1820.0,0.0,0.0,1.0,1.0,True
27,0.004328116951319801,0.003663511543680005,0.0806285559444659,0.0726369274494661,0.028393400150746373,0.0,0.028393400150746373,0.0,0.0,50.0,,,0.0,50.0,2960.0,2910.0,0.0,0.0,1.0,1.0,True
28,0.009207000301354906,0.0063415807027319,0.01619256293080601,0.0006439819267192032,0.015722101804361177,0.0,0.015722101804361177,0.0,0.0,100.0,130.0,30.0,0.0,100.0,130.0,30.0,0.0,0.0,0.0,0.0,False
29,0.012930160273667085,0.026869230040427294,0.13666967277520597,0.0968702824611116,0.06860213166853146,0.0,0.06860213166853146,0.0,10.0,220.0,,,10.0,220.0,2340.0,2110.0,0.0,0.0,1.0,1.0,True
30,0.007613789619560704,0.009154283118220703,0.015675591299383007,-0.0010924814383984002,0.03931205809808597,0.0,0.03931205809808597,0.0,0.0,120.0,150.0,30.0,0.0,120.0,150.0,30.0,0.0,0.0,0.0,0.0,False
31,0.001752496384173595,0.0001749623972147965,0.002352344434538897,0.00042488565315050575,0.01495702198135962,0.0,0.01495702198135962,0.0,0.0,0.0,10.0,10.0,0.0,0.0,10.0,10.0,0.0,0.0,0.0,0.0,False
32,0.011021654875446693,0.0010251247970465005,0.013987317083849704,0.0019405374113565105,0.014709074407275369,0.0,0.014709074407275369,0.0,0.0,20.0,50.0,30.0,0.0,20.0,50.0,30.0,0.0,0.0,0.0,0.0,False
33,0.0058561304833227995,0.012077966452045397,0.08416921388190549,0.06623511694653729,0.03742922821560368,0.0,0.03742922821560368,0.0,0.0,150.0,,,0.0,150.0,2710.0,2560.0,0.0,0.0,1.0,1.0,True
34,0.023520037186394477,0.005864994859352296,0.08770442883795287,0.0583193967922061,0.09896412850016534,0.0,0.09896412850016534,0.0,0.0,70.0,,,0.0,70.0,2300.0,2230.0,0.0,0.0,1.0,1.0,True
35,0.00837384361217311,0.005004909614106198,0.012164145240102606,-0.0012146079861767023,0.024131023106349014,0.0,0.024131023106349014,0.0,0.0,70.0,110.0,40.0,0.0,70.0,110.0,40.0,0.0,0.0,0.0,0.0,False
36,0.008611095200450308,0.0004364341386268039,0.009948037826250908,0.0009005084871737956,0.026320246915339796,0.0,0.026320246915339796,0.0,0.0,10.0,20.0,10.0,0.0,10.0,20.0,10.0,0.0,0.0,0.0,0.0,False
37,0.009583971545950296,0.003502430358751793,0.013964497876826298,0.0008780959721242099,0.041711305609915594,0.0,0.041711305609915594,0.0,10.0,60.0,80.0,10.0,10.0,60.0,80.0,10.0,0.0,0.0,0.0,0.0,False
38,0.02191157276008049,0.02071827166106449,0.11604986166302872,0.07342001724188374,0.062960565567595,0.0,0.062960565567595,0.0,0.0,290.0,,,0.0,290.0,2180.0,1890.0,0.0,0.0,1.0,1.0,True
39,0.014543823591527394,0.0007080471051831017,0.01651073517490989,0.0012588644781993952,0.06880984321663419,0.0,0.06880984321663419,0.0,10.0,20.0,40.0,10.0,10.0,20.0,40.0,10.0,0.0,0.0,0.0,0.0,False
40,0.005710710759068996,0.010575338453014393,0.07830564521492359,0.0620195960028402,0.0790730759203433,0.0,0.0790730759203433,0.0,10.0,150.0,,,10.0,150.0,2880.0,2720.0,0.0,0.0,1.0,1.0,True
41,0.013672811186599701,0.005080430213936102,0.08947597077394209,0.07072272937340629,0.054503071155068694,0.0,0.054503071155068694,0.0,0.0,80.0,,,0.0,80.0,2800.0,2720.0,0.0,0.0,1.0,1.0,True
42,0.013932028140650796,0.008163247115536995,0.08583987295580389,0.0637445976996161,0.037623700875114685,0.0,0.037623700875114685,0.0,0.0,100.0,,,0.0,100.0,2540.0,2440.0,0.0,0.0,1.0,1.0,True
43,0.0020032227590428015,1.3354609394401404e-05,0.0023042638627710013,0.0002876864943337984,0.03623896937731738,0.0,0.03623896937731738,0.0,0.0,0.0,10.0,10.0,0.0,0.0,10.0,10.0,0.0,0.0,0.0,0.0,False
44,0.011204456162619086,0.00017982476850478268,0.012730290235357794,0.001346009304233925,0.05877006639096383,0.0,0.05877006639096383,0.0,0.0,10.0,30.0,20.0,0.0,10.0,30.0,20.0,0.0,0.0,0.0,0.0,False
45,0.0037956045472209016,0.006296903161392302,0.08261804136472031,0.07252553365610712,0.00892561012933163,0.0,0.00892561012933163,0.0,0.0,80.0,,,0.0,80.0,3030.0,2950.0,0.0,0.0,1.0,1.0,True
46,0.006223808413216389,0.007039065376647405,0.07500841057441458,0.06174553678455079,0.002986570857064219,0.0,0.002986570857064219,0.0,10.0,90.0,,,10.0,90.0,2500.0,2400.0,0.0,0.0,1.0,1.0,True
47,0.007014384163806002,0.00021352303724599814,0.007848544203046696,0.0006206370019946963,0.03864665655213839,0.0,0.03864665655213839,0.0,10.0,10.0,20.0,0.0,10.0,10.0,20.0,0.0,0.0,0.0,0.0,0.0,False
48,0.013426335387994301,0.0032208436336862017,0.017008016520099103,0.0003608374984186008,0.05259941868189549,0.0,0.05259941868189549,0.0,0.0,50.0,150.0,100.0,0.0,50.0,150.0,100.0,0.0,0.0,0.0,0.0,False
49,0.014542032818388617,0.015614910438263407,0.0717898277486434,0.04163288449199137,0.04467422086879402,0.0,0.04467422086879402,0.0,10.0,160.0,,,10.0,160.0,1550.0,1380.0,0.0,0.0,1.0,1.0,True
50,0.0034856576416419996,0.0033500146432282954,0.0814107482272496,0.0745750759423793,0.0169671467492728,0.0,0.0169671467492728,0.0,0.0,60.0,,,0.0,60.0,3050.0,2990.0,0.0,0.0,1.0,1.0,True
51,0.007519358669454301,0.006030473995961308,0.0773757134830073,0.06382588081759169,0.006635065745694946,0.0,0.006635065745694946,0.0,0.0,80.0,,,0.0,80.0,2560.0,2480.0,0.0,0.0,1.0,1.0,True
52,0.006178879803623,0.0004920219525482994,0.00810763812175569,0.00143673636558439,0.007676087978566892,0.0,0.007676087978566892,0.0,0.0,0.0,20.0,20.0,0.0,0.0,20.0,20.0,0.0,0.0,0.0,0.0,False
53,0.007949834943131423,0.01582554486462312,0.024534169879787404,0.0007587900720328611,0.0048525346091691235,0.0,0.0048525346091691235,0.0,0.0,230.0,250.0,20.0,0.0,230.0,250.0,20.0,0.0,0.0,0.0,0.0,False
54,0.0141731820121892,0.014806592798128904,0.07383586244065937,0.04485608763034127,0.005133405134755908,0.0,0.005133405134755908,0.0,0.0,170.0,,,0.0,170.0,1790.0,1620.0,0.0,0.0,1.0,1.0,True
55,0.006264370400602098,0.0004347229993784049,0.0068006639292272075,0.00010157052924670423,0.026966626568417584,0.0,0.026966626568417584,0.0,0.0,10.0,10.0,0.0,0.0,10.0,10.0,0.0,0.0,0.0,0.0,0.0,False
56,0.0184763236064395,0.08606358297169989,0.6633171363736244,0.558777229795485,0.07207122316984893,0.0,0.07207122316984893,0.0,0.0,390.0,,,0.0,390.0,1810.0,1420.0,0.0,0.0,1.0,1.0,True
57,0.004905458292360498,0.012837842882615094,0.0130569494020841,-0.004686351772891492,0.0006736414657076972,0.0,0.0006736414657076972,0.0,0.0,210.0,220.0,10.0,0.0,210.0,220.0,10.0,0.0,0.0,0.0,0.0,False
58,0.006610379995151502,0.0,0.006610379995151502,0.0,0.0419330642555259,0.0,0.0419330642555259,0.0,0.0,0.0,0.0,0.0,0.0,0.0,0.0,0.0,0.0,0.0,0.0,0.0,False
59,0.019042374473664497,0.006618045791839694,0.029721038290906,0.004060618025401808,0.06747135558079753,0.0,0.06747135558079753,0.0,10.0,80.0,180.0,90.0,10.0,80.0,180.0,90.0,0.0,0.0,0.0,0.0,False
60,0.010969771311859194,0.007288774432152201,0.019753983912934092,0.001495438168922697,0.018938882618835973,0.0,0.018938882618835973,0.0,0.0,100.0,110.0,10.0,0.0,100.0,110.0,10.0,0.0,0.0,0.0,0.0,False
61,0.009759254573881604,0.0045984888567872015,0.08687134988567069,0.07251360645500188,0.04769217347849336,0.0,0.04769217347849336,0.0,0.0,80.0,,,0.0,80.0,3000.0,2920.0,0.0,0.0,1.0,1.0,True
62,0.0036682695815175026,0.00011306285631520335,0.0041433451892815,0.0003620127514487939,0.013471247734458791,0.0,0.013471247734458791,0.0,10.0,10.0,30.0,10.0,10.0,10.0,30.0,10.0,0.0,0.0,0.0,0.0,False
63,0.015427281796265097,0.0359941324591439,0.16443409292909558,0.11301267867368658,0.062480908990472095,0.0,0.062480908990472095,0.0,0.0,360.0,,,0.0,360.0,2130.0,1770.0,0.0,0.0,1.0,1.0,True
64,0.010792184442557307,0.0007498652496969044,0.013256991282561192,0.0017149415903069815,0.054102625912537006,0.0,0.054102625912537006,0.0,10.0,20.0,50.0,20.0,10.0,20.0,50.0,20.0,0.0,0.0,0.0,0.0,False
65,0.008914546127863701,0.007392429696949303,0.08818140449157269,0.0718744286667597,0.0683341886838521,0.0,0.0683341886838521,0.0,0.0,100.0,,,0.0,100.0,3060.0,2960.0,0.0,0.0,1.0,1.0,True
66,0.004731876274706101,0.0003398716318369979,0.005913314752412496,0.0008415668458693973,0.022772010022132305,0.0,0.022772010022132305,0.0,10.0,10.0,30.0,10.0,10.0,10.0,30.0,10.0,0.0,0.0,0.0,0.0,False
67,0.0234581695767863,0.009893425226079597,0.027963332237477295,-0.005388262565388602,0.08148973115925823,0.0,0.08148973115925823,0.0,0.0,110.0,170.0,60.0,0.0,110.0,170.0,60.0,0.0,0.0,0.0,0.0,False
68,0.017073744715433797,0.0728768807617517,0.7028051407979576,0.6128545153207722,0.0622216249136015,0.0,0.0622216249136015,0.0,0.0,310.0,,,0.0,310.0,2190.0,1880.0,0.0,0.0,1.0,1.0,True
69,0.015070780604956924,0.032117022174422805,0.1631819013710411,0.11599409859166138,0.044151938752018505,0.0,0.044151938752018505,0.0,10.0,340.0,,,10.0,340.0,2320.0,1970.0,0.0,0.0,1.0,1.0,True
70,0.010526288171886306,0.007769387941768305,0.08342992676513489,0.06513425065148028,0.055040060481140185,0.0,0.055040060481140185,0.0,10.0,110.0,,,10.0,110.0,2690.0,2570.0,0.0,0.0,1.0,1.0,True
71,0.0174928730870845,0.0206393910955886,0.2249838883927799,0.18685162421010681,0.07770002686608046,0.0,0.07770002686608046,0.0,0.0,250.0,,,0.0,250.0,2270.0,2020.0,0.0,0.0,1.0,1.0,True
72,0.0098802295563356,0.002953949662011103,0.013861769664574107,0.001027590446227404,0.13349532594149033,0.0,0.13349532594149033,0.0,10.0,50.0,70.0,10.0,10.0,50.0,70.0,10.0,0.0,0.0,0.0,0.0,False
73,0.006967054854663909,0.011946981980185609,0.13361079832862138,0.11469676149377185,0.036026601444873296,0.0,0.036026601444873296,0.0,0.0,130.0,,,0.0,130.0,2830.0,2700.0,0.0,0.0,1.0,1.0,True
74,0.009728925047442397,0.0013019558794162972,0.011570736872946907,0.0005398559460882135,0.06989235443030484,0.0,0.06989235443030484,0.0,0.0,20.0,30.0,10.0,0.0,20.0,30.0,10.0,0.0,0.0,0.0,0.0,False
75,0.012639956198430197,0.010597631492964305,0.11463872480181439,0.09140113711041989,0.003567804895091009,0.0,0.003567804895091009,0.0,0.0,110.0,,,0.0,110.0,2130.0,2020.0,0.0,0.0,1.0,1.0,True
76,0.02745487127994739,0.020922033777887095,0.13857442803361342,0.09019752297577893,0.0886573691275957,0.0,0.0886573691275957,0.0,0.0,230.0,,,0.0,230.0,2120.0,1890.0,0.0,0.0,1.0,1.0,True
77,0.0054945153709743955,0.003557725764088998,0.012097955939424893,0.003045714804361499,0.0165571315561005,0.0,0.0165571315561005,0.0,0.0,60.0,90.0,30.0,0.0,60.0,90.0,30.0,0.0,0.0,0.0,0.0,False
78,0.014183909773759523,0.02011394906877742,0.1253992465383513,0.09110138769581436,0.04013947039717847,0.0,0.04013947039717847,0.0,0.0,190.0,,,0.0,190.0,2070.0,1880.0,0.0,0.0,1.0,1.0,True
79,0.0074814397445363,0.008199841503303593,0.015628413630536298,-5.286761730359524e-05,0.010337655685000502,0.0,0.010337655685000502,0.0,0.0,120.0,160.0,40.0,0.0,120.0,160.0,40.0,0.0,0.0,0.0,0.0,False
80,0.014950264065194313,0.015869469068746006,0.1410661515731035,0.11024641843916319,0.013464042546383004,0.0,0.013464042546383004,0.0,0.0,150.0,,,0.0,150.0,1990.0,1840.0,0.0,0.0,1.0,1.0,True
81,0.019891544739315092,0.019860978244677197,0.162949999686848,0.12319747670285572,0.08005929442163995,0.0,0.08005929442163995,0.0,0.0,230.0,,,0.0,230.0,2280.0,2050.0,0.0,0.0,1.0,1.0,True
82,0.0185456058099345,0.007736532991379191,0.09082194177891381,0.06453980297760012,0.08334521035561648,0.0,0.08334521035561648,0.0,10.0,100.0,,,10.0,100.0,2450.0,2340.0,0.0,0.0,1.0,1.0,True
83,0.009120054029959593,0.00938391216569591,0.07728818949914039,0.05878422330348489,0.009676385311572333,0.0,0.009676385311572333,0.0,10.0,130.0,,,10.0,130.0,2460.0,2320.0,0.0,0.0,1.0,1.0,True
84,0.009029212842615604,0.005439501226563094,0.1321586276785523,0.11768991360937361,0.04815199914186813,0.0,0.04815199914186813,0.0,10.0,60.0,,,10.0,60.0,3030.0,2960.0,0.0,0.0,1.0,1.0,True
85,0.003855071977732598,0.0033414758585191065,0.07992685592948462,0.07273030809323291,0.008332971383560317,0.0,0.008332971383560317,0.0,0.0,40.0,,,0.0,40.0,3020.0,2980.0,0.0,0.0,1.0,1.0,True
86,0.0049428814039119,0.007896825580035904,0.079333609224503,0.0664939022405552,0.007486233415903876,0.0,0.007486233415903876,0.0,0.0,110.0,,,0.0,110.0,2700.0,2590.0,0.0,0.0,1.0,1.0,True
87,0.004567967950697693,0.003965286656276004,0.008122198507851994,-0.0004110560991217038,0.009005527890615705,0.0,0.009005527890615705,0.0,0.0,60.0,60.0,0.0,0.0,60.0,60.0,0.0,0.0,0.0,0.0,0.0,False
88,0.010496344242183403,0.004660700833865494,0.1323555469173079,0.11719850184125899,0.031343153008311475,0.0,0.031343153008311475,0.0,0.0,50.0,,,0.0,50.0,2680.0,2630.0,0.0,0.0,1.0,1.0,True
89,0.014615371237947303,0.024915046693556098,0.1527333395086541,0.11320292157715067,0.07636790402472693,0.0,0.07636790402472693,0.0,0.0,220.0,,,0.0,220.0,2700.0,2480.0,0.0,0.0,1.0,1.0,True
90,0.009299953604697694,0.009250979113782892,0.1219009674362912,0.10335003471781061,0.026339950631310893,0.0,0.026339950631310893,0.0,10.0,140.0,,,10.0,140.0,2800.0,2650.0,0.0,0.0,1.0,1.0,True
91,0.01947132085988529,0.010048641227343502,0.1277786162033653,0.09825865411613652,0.04925703858602837,0.0,0.04925703858602837,0.0,0.0,110.0,,,0.0,110.0,2260.0,2150.0,0.0,0.0,1.0,1.0,True
92,0.007046612924986803,0.0,0.007046612924986803,0.0,0.06083505713693671,0.0,0.06083505713693671,0.0,10.0,0.0,10.0,0.0,10.0,0.0,10.0,0.0,0.0,0.0,0.0,0.0,False
93,0.014372179647909808,0.03330397125103869,0.1646370491382113,0.1169608982392628,0.07752939386031588,0.0,0.07752939386031588,0.0,0.0,310.0,,,0.0,310.0,2440.0,2130.0,0.0,0.0,1.0,1.0,True
94,0.006700147583377697,0.005582625424703502,0.0424769230054407,0.030194149997359504,0.043018503282142295,0.0,0.043018503282142295,0.0,0.0,70.0,,,0.0,70.0,2700.0,2630.0,0.0,0.0,1.0,1.0,True
95,0.015043217538787207,0.029635436972494406,0.7544255018303779,0.7097468473190963,0.07739968231830496,0.0,0.07739968231830496,0.0,0.0,110.0,,,0.0,110.0,2410.0,2300.0,0.0,0.0,1.0,1.0,True
96,0.021076526272555893,0.0047026824741289025,0.028113615042726206,0.002334406296041411,0.06467268868932918,0.0,0.06467268868932918,0.0,0.0,60.0,90.0,30.0,0.0,60.0,90.0,30.0,0.0,0.0,0.0,0.0,False
97,0.014314650616392699,1.9836999054299864e-05,0.014504836923413998,0.00017034930796699932,0.2527888962133219,0.0,0.2527888962133219,0.0,0.0,0.0,10.0,10.0,0.0,0.0,10.0,10.0,0.0,0.0,0.0,0.0,False
98,0.024187729687382586,0.014618797648821291,0.10159412735809298,0.0627876000218891,0.06377528447907654,0.0,0.06377528447907654,0.0,0.0,190.0,,,0.0,190.0,1690.0,1500.0,0.0,0.0,1.0,1.0,True
99,0.005378880333591102,0.0096984391216349,0.016376760320252107,0.0012994408650261052,0.002257472608165889,0.0,0.002257472608165889,0.0,0.0,140.0,150.0,10.0,0.0,140.0,150.0,10.0,0.0,0.0,0.0,0.0,False
100,0.01843312194381569,0.007818503655282694,0.15965213143311077,0.1334005058340124,0.03394073124798347,0.0,0.03394073124798347,0.0,0.0,70.0,,,0.0,70.0,2410.0,2340.0,0.0,0.0,1.0,1.0,True
101,0.012110858788277806,0.009712575510015808,0.016114515519893013,-0.005708918778400601,0.018750563471858994,0.0,0.018750563471858994,0.0,0.0,100.0,140.0,40.0,0.0,100.0,140.0,40.0,0.0,0.0,0.0,0.0,False
102,0.010494466750063824,0.00943571496347051,0.07251883657229902,0.05258865485876468,0.011632777191093457,0.0,0.011632777191093457,0.0,0.0,100.0,,,0.0,100.0,2260.0,2160.0,0.0,0.0,1.0,1.0,True
103,0.00910695415285899,0.004497726267570501,0.015987348977022295,0.002382668556592804,0.03246336342166839,0.0,0.03246336342166839,0.0,0.0,60.0,90.0,30.0,0.0,60.0,90.0,30.0,0.0,0.0,0.0,0.0,False
104,0.011192662154043909,0.01724037845091092,0.08188019735270752,0.05344715674775269,0.009934698791575824,0.0,0.009934698791575824,0.0,10.0,200.0,,,10.0,200.0,2080.0,1870.0,0.0,0.0,1.0,1.0,True
105,0.007833045884582099,0.016560031188037297,0.121923633104132,0.0975305560315126,0.004457648510125756,0.0,0.004457648510125756,0.0,0.0,170.0,,,0.0,170.0,2420.0,2250.0,0.0,0.0,1.0,1.0,True
106,0.009267717207657511,0.006872451591857107,0.0178293266207174,0.001689157821202783,0.0151948663076516,0.0,0.0151948663076516,0.0,0.0,110.0,140.0,30.0,0.0,110.0,140.0,30.0,0.0,0.0,0.0,0.0,False
107,0.0088347289106845,0.006346785469174804,0.0167308185805434,0.0015493042006840957,0.05406894739455703,0.0,0.05406894739455703,0.0,0.0,110.0,130.0,20.0,0.0,110.0,130.0,20.0,0.0,0.0,0.0,0.0,False
108,0.019149476547406286,0.02962633087031938,0.1486660092667327,0.09989020184900704,0.01547355422866381,0.0,0.01547355422866381,0.0,0.0,320.0,,,0.0,320.0,1810.0,1490.0,0.0,0.0,1.0,1.0,True
109,0.020353024007807502,0.012850470745607995,0.037517079708946105,0.004313584955530608,0.0777054947920025,0.0,0.0777054947920025,0.0,0.0,160.0,230.0,70.0,0.0,160.0,230.0,70.0,0.0,0.0,0.0,0.0,False
110,0.013104937436054287,0.007371195081229798,0.018010041051162412,-0.0024660914661216726,0.0008082026037221635,0.0,0.0008082026037221635,0.0,0.0,110.0,110.0,0.0,0.0,110.0,110.0,0.0,0.0,0.0,0.0,0.0,False
111,0.017187033504978994,0.00841317015810078,0.05952030295752178,0.03392009929444201,0.05661548529264904,0.0,0.05661548529264904,0.0,0.0,130.0,,,0.0,130.0,2390.0,2260.0,0.0,0.0,1.0,1.0,True
112,0.008267650462751894,0.005888944864504503,0.013901465641184801,-0.00025512968607159514,0.03151280471039114,0.0,0.03151280471039114,0.0,10.0,90.0,110.0,10.0,10.0,90.0,110.0,10.0,0.0,0.0,0.0,0.0,False
113,0.01756567097398029,0.027510219204219977,0.0866460987435444,0.04157020856534413,0.037532346265479966,0.0,0.037532346265479966,0.0,0.0,260.0,,,0.0,260.0,1760.0,1500.0,0.0,0.0,1.0,1.0,True
114,0.0072462291120169026,0.006518776772757001,0.05233313262764561,0.0385681267428717,0.03071675764197318,0.0,0.03071675764197318,0.0,0.0,100.0,,,0.0,100.0,2800.0,2700.0,0.0,0.0,1.0,1.0,True
115,0.008023459452835488,0.0005468634640603959,0.009881224506650299,0.0013109015897544152,0.06440053620821373,0.0,0.06440053620821373,0.0,10.0,20.0,40.0,10.0,10.0,20.0,40.0,10.0,0.0,0.0,0.0,0.0,False
116,0.0101858902243879,0.0021408864648643985,0.011085582286035303,-0.0012411944032169955,0.14471836026089435,0.0,0.14471836026089435,0.0,0.0,40.0,70.0,30.0,0.0,40.0,70.0,30.0,0.0,0.0,0.0,0.0,False
117,0.009280300032818697,0.0006256195411245002,0.011352860392128697,0.0014469408181854992,0.03974034456754194,0.0,0.03974034456754194,0.0,0.0,20.0,50.0,30.0,0.0,20.0,50.0,30.0,0.0,0.0,0.0,0.0,False
118,0.004720484868141597,0.016361484439927992,0.020183188962512102,-0.0008987803455574872,0.02238461734298658,0.0,0.02238461734298658,0.0,0.0,230.0,260.0,30.0,0.0,230.0,260.0,30.0,0.0,0.0,0.0,0.0,False
119,0.0065353576945026,3.309846420390672e-05,0.006829249816832111,0.00026079365812560484,0.015651972909620337,0.0,0.015651972909620337,0.0,0.0,0.0,10.0,10.0,0.0,0.0,10.0,10.0,0.0,0.0,0.0,0.0,False
120,0.020644066291567592,0.018156947493638192,0.15544056471309012,0.11663955092788433,0.09124823424185913,0.0,0.09124823424185913,0.0,0.0,200.0,,,0.0,200.0,2320.0,2120.0,0.0,0.0,1.0,1.0,True
121,0.018012746948453104,0.003670859075035199,0.023537688195210696,0.0018540821717223932,0.08703624592174941,0.0,0.08703624592174941,0.0,0.0,50.0,90.0,40.0,0.0,50.0,90.0,40.0,0.0,0.0,0.0,0.0,False
122,0.0052229059233753,0.0007679187660865963,0.0075383504339393,0.0015475257444774043,0.015123564558106595,0.0,0.015123564558106595,0.0,0.0,20.0,40.0,20.0,0.0,20.0,40.0,20.0,0.0,0.0,0.0,0.0,False
123,0.02322064853620931,0.102173098389154,0.5923175628625712,0.4669238159372079,0.021007536701274532,0.0,0.021007536701274532,0.0,0.0,350.0,,,0.0,350.0,1480.0,1130.0,0.0,0.0,1.0,1.0,True
124,0.004510584610933101,0.0020882684947269997,0.0816416041827637,0.0750427510771036,0.019576993220584205,0.0,0.019576993220584205,0.0,0.0,30.0,,,0.0,30.0,3070.0,3040.0,0.0,0.0,1.0,1.0,True
125,0.0039300165446325,0.0010299926253609995,0.0870129084835083,0.08205289931351481,0.0770787603672346,0.0,0.0770787603672346,0.0,0.0,30.0,,,0.0,30.0,3390.0,3360.0,0.0,0.0,1.0,1.0,True
126,0.011413962428856408,0.010141738361505906,0.08478709441757011,0.0632313936272078,0.011584610703487375,0.0,0.011584610703487375,0.0,0.0,150.0,,,0.0,150.0,2550.0,2400.0,0.0,0.0,1.0,1.0,True
127,0.004052112842357201,0.004209209640359,0.007841792590283593,-0.0004195298924326088,0.016879648150986026,0.0,0.016879648150986026,0.0,0.0,60.0,70.0,10.0,0.0,60.0,70.0,10.0,0.0,0.0,0.0,0.0,False
128,0.010748375831979892,0.0194327062263409,0.1251282034914038,0.09494712143308301,0.023431073946665992,0.0,0.023431073946665992,0.0,0.0,240.0,,,0.0,240.0,2510.0,2270.0,0.0,0.0,1.0,1.0,True
129,0.009412020344943012,0.0074279023213343065,0.07714869541833169,0.060308772752054374,0.041944400683861516,0.0,0.041944400683861516,0.0,0.0,90.0,,,0.0,90.0,2420.0,2330.0,0.0,0.0,1.0,1.0,True
130,0.013386590525088893,0.0177470641610466,0.12729459999817017,0.09616094531203467,0.04284211036149843,0.0,0.04284211036149843,0.0,0.0,190.0,,,0.0,190.0,2360.0,2170.0,0.0,0.0,1.0,1.0,True
131,0.015969808357587184,0.0011095958443438914,0.019996557144429383,0.002917152942498308,0.07184598730298486,0.0,0.07184598730298486,0.0,0.0,10.0,50.0,40.0,0.0,10.0,50.0,40.0,0.0,0.0,0.0,0.0,False
132,0.0008606566966753992,0.0006743562688764013,0.0022416664864123997,0.0007066535208605992,0.0059271422871485235,0.0,0.0059271422871485235,0.0,0.0,20.0,40.0,20.0,0.0,20.0,40.0,20.0,0.0,0.0,0.0,0.0,False
133,0.0043915308589990015,0.016594723539851905,0.11988482618817449,0.09889857178932358,0.008234687844867583,0.0,0.008234687844867583,0.0,0.0,230.0,,,0.0,230.0,2610.0,2380.0,0.0,0.0,1.0,1.0,True
134,0.011180675306041998,0.005935096479964097,0.8313856488853097,0.8142698770993038,0.21000969921758472,0.0,0.21000969921758472,0.0,0.0,70.0,,,0.0,70.0,3090.0,3020.0,0.0,0.0,1.0,1.0,True
135,0.006655659985750809,0.00041008055383230657,0.010678635744207507,0.0036128952046243917,0.02329972063774388,0.0,0.02329972063774388,0.0,0.0,10.0,60.0,50.0,0.0,10.0,60.0,50.0,0.0,0.0,0.0,0.0,False
136,0.011639144674646995,0.004378546250606297,0.08008491869640369,0.0640672277711504,0.06365916826878248,0.0,0.06365916826878248,0.0,20.0,60.0,,,20.0,60.0,2600.0,2520.0,0.0,0.0,1.0,1.0,True
137,0.0009117524107246991,0.0006186504123941033,0.0021340909128187008,0.0006036880896998983,1.0050720872456509e-05,0.0,1.0050720872456509e-05,0.0,0.0,10.0,20.0,10.0,0.0,10.0,20.0,10.0,0.0,0.0,0.0,0.0,False
138,0.006140387908268902,0.0004209184003005975,0.007356720546072101,0.0007954142375026022,0.028423586612520924,0.0,0.028423586612520924,0.0,0.0,10.0,20.0,10.0,0.0,10.0,20.0,10.0,0.0,0.0,0.0,0.0,False
139,0.0032024606101991038,0.0002453367156892011,0.003908533994758802,0.00046073666887049697,0.014899862807637998,0.0,0.014899862807637998,0.0,0.0,10.0,10.0,0.0,0.0,10.0,10.0,0.0,0.0,0.0,0.0,0.0,False
140,0.014214290303261518,0.016229835484905225,0.06004932518795361,0.02960519939978687,0.02086344989315203,0.0,0.02086344989315203,0.0,10.0,230.0,,,10.0,230.0,2340.0,2100.0,0.0,0.0,1.0,1.0,True
141,0.007094336463021204,0.000307212344930502,0.008358214774787202,0.000956665966835496,0.030546261396292906,0.0,0.030546261396292906,0.0,10.0,10.0,40.0,20.0,10.0,10.0,40.0,20.0,0.0,0.0,0.0,0.0,False
142,0.007863216944546905,0.008513005892805306,0.084004877450399,0.06762865461304679,0.026953464449476994,0.0,0.026953464449476994,0.0,0.0,110.0,,,0.0,110.0,2730.0,2620.0,0.0,0.0,1.0,1.0,True
143,0.010768034150926004,0.04035512049109821,0.1515076836387895,0.10038452899676528,0.0668087528769542,0.0,0.0668087528769542,0.0,10.0,410.0,,,10.0,410.0,1920.0,1500.0,0.0,0.0,1.0,1.0,True
144,0.005549435987673199,0.003019908794397501,0.0062701069349873,-0.002299237847083399,0.02480216641546973,0.0,0.02480216641546973,0.0,0.0,50.0,60.0,10.0,0.0,50.0,60.0,10.0,0.0,0.0,0.0,0.0,False
145,0.0,0.0029692734561694023,0.0029692734561694023,0.0,0.0,0.0,0.0,0.0,0.0,40.0,40.0,0.0,0.0,40.0,40.0,0.0,0.0,0.0,0.0,0.0,False
146,0.005742774197744403,0.002305584810568098,0.0851141674708048,0.0770658084624923,0.07084426687696643,0.0,0.07084426687696643,0.0,0.0,40.0,,,0.0,40.0,3250.0,3210.0,0.0,0.0,1.0,1.0,True
147,0.004846492780667802,0.0040619034832719,0.0816121181896142,0.0727037219256745,0.028038130314261,0.0,0.028038130314261,0.0,0.0,60.0,,,0.0,60.0,3060.0,3000.0,0.0,0.0,1.0,1.0,True
148,0.015066892985321406,0.01837545940567112,0.10910012020048723,0.07565776780949471,0.006420154743134621,0.0,0.006420154743134621,0.0,0.0,170.0,,,0.0,170.0,1810.0,1640.0,0.0,0.0,1.0,1.0,True
149,0.012795125543887093,0.015477141719649201,0.7928423866713704,0.7645701194078341,0.11055178519059738,0.0,0.11055178519059738,0.0,10.0,160.0,,,10.0,160.0,2690.0,2520.0,0.0,0.0,1.0,1.0,True
150,0.0108210331980267,0.012414279652959603,0.1328942560101258,0.1096589431591395,0.08922979979191137,0.0,0.08922979979191137,0.0,10.0,130.0,,,10.0,130.0,2790.0,2650.0,0.0,0.0,1.0,1.0,True
151,0.007857225436857296,0.0009825093702728882,0.0808888885055849,0.07204915369845472,0.02020698333793608,0.0,0.02020698333793608,0.0,0.0,10.0,,,0.0,10.0,2880.0,2870.0,0.0,0.0,1.0,1.0,True
152,0.004795593955453703,0.0037064161771922996,0.015267606219221505,0.006765596086575502,0.03328552085578357,0.0,0.03328552085578357,0.0,0.0,40.0,120.0,80.0,0.0,40.0,120.0,80.0,0.0,0.0,0.0,0.0,False
153,0.0036011108832205013,0.0035907849444443,0.005159285817363399,-0.0020326100103014028,0.01770322883928349,0.0,0.01770322883928349,0.0,0.0,70.0,100.0,30.0,0.0,70.0,100.0,30.0,0.0,0.0,0.0,0.0,False
154,0.009827311847285101,0.0002041027554246025,0.0110760190621138,0.0010446044594040957,0.04986089806850058,0.0,0.04986089806850058,0.0,10.0,10.0,40.0,20.0,10.0,10.0,40.0,20.0,0.0,0.0,0.0,0.0,False
155,0.015357677494213198,2.8715527045697353e-05,0.0172766331165558,0.0018902400952969037,0.21402890806289787,0.0,0.21402890806289787,0.0,0.0,0.0,20.0,20.0,0.0,0.0,20.0,20.0,0.0,0.0,0.0,0.0,False
156,0.016626591298674415,0.012566449684466408,0.11622224872190579,0.08702920773876496,0.08173416862670757,0.0,0.08173416862670757,0.0,0.0,190.0,,,0.0,190.0,2300.0,2110.0,0.0,0.0,1.0,1.0,True
157,0.0057386142742658006,0.0014895862799948062,0.0831247694920162,0.0758965689377556,0.045880380665933806,0.0,0.045880380665933806,0.0,0.0,30.0,,,0.0,30.0,3080.0,3050.0,0.0,0.0,1.0,1.0,True
158,0.009647634002135697,0.0013710117581274966,0.0465280432927726,0.03550939753250941,0.15365637347452799,0.0,0.15365637347452799,0.0,0.0,30.0,,,0.0,30.0,2980.0,2950.0,0.0,0.0,1.0,1.0,True
159,0.009136080628773705,0.003654491478596006,0.014721351650793607,0.0019307795434238967,0.05410329486109583,0.0,0.05410329486109583,0.0,0.0,50.0,120.0,70.0,0.0,50.0,120.0,70.0,0.0,0.0,0.0,0.0,False
160,0.01933635467982589,0.0265469822500643,0.13877880353384878,0.09289546660395859,0.05679863367202853,0.0,0.05679863367202853,0.0,0.0,240.0,,,0.0,240.0,2010.0,1770.0,0.0,0.0,1.0,1.0,True
161,0.013495338280958308,0.025600477645305902,0.12719871766714028,0.08810290174087607,0.016470317800673984,0.0,0.016470317800673984,0.0,0.0,260.0,,,0.0,260.0,2120.0,1860.0,0.0,0.0,1.0,1.0,True
162,0.009570386360720592,0.0032028086585672993,0.013710799550413794,0.0009376045311259018,0.019807067211917717,0.0,0.019807067211917717,0.0,0.0,50.0,70.0,20.0,0.0,50.0,70.0,20.0,0.0,0.0,0.0,0.0,False
163,0.022571988793151088,0.036194615935912,0.09847792446426629,0.0397113197352032,0.054342607285050915,0.0,0.054342607285050915,0.0,0.0,290.0,,,0.0,290.0,1470.0,1180.0,0.0,0.0,1.0,1.0,True
164,0.008124614539664093,0.00874781959987389,0.0170891294943831,0.00021669535484511449,0.021961503783731795,0.0,0.021961503783731795,0.0,10.0,130.0,150.0,10.0,10.0,130.0,150.0,10.0,0.0,0.0,0.0,0.0,False
165,0.0100192940062587,0.0631124570144348,0.1422276693280266,0.06909591830733311,0.028626318082979108,0.0,0.028626318082979108,0.0,0.0,230.0,,,0.0,230.0,2600.0,2370.0,0.0,0.0,1.0,1.0,True
166,0.022536475525676614,0.11824045935839089,0.23888424065162134,0.09810730576755383,0.05985718584034416,0.0,0.05985718584034416,0.0,10.0,460.0,,,10.0,460.0,1830.0,1360.0,0.0,0.0,1.0,1.0,True
167,0.015650234400485588,0.03199204245291068,0.7968303733534148,0.7491880965000185,0.1124224975043413,0.0,0.1124224975043413,0.0,0.0,270.0,,,0.0,270.0,2670.0,2400.0,0.0,0.0,1.0,1.0,True
168,0.012839128133878497,0.033351918468252695,0.15620815499333437,0.11001710839120318,0.0803663497252437,0.0,0.0803663497252437,0.0,10.0,300.0,,,10.0,300.0,2570.0,2260.0,0.0,0.0,1.0,1.0,True
169,0.008617443338499203,0.01040180455659151,0.019644742330321596,0.0006254944352308833,0.01072065944368461,0.0,0.01072065944368461,0.0,0.0,120.0,140.0,20.0,0.0,120.0,140.0,20.0,0.0,0.0,0.0,0.0,False
170,0.014127761245129392,0.019058150502849383,0.089095401342194,0.055909489594215225,0.047315472732330055,0.0,0.047315472732330055,0.0,0.0,220.0,,,0.0,220.0,2540.0,2320.0,0.0,0.0,1.0,1.0,True
171,0.009418261734782496,0.000723429370602699,0.011588536377814304,0.0014468452724291092,0.007463154717129772,0.0,0.007463154717129772,0.0,0.0,10.0,30.0,20.0,0.0,10.0,30.0,20.0,0.0,0.0,0.0,0.0,False
172,0.0037839019982467,0.014645365462039504,0.0885854446007126,0.0701561771404264,0.0239180427963111,0.0,0.0239180427963111,0.0,0.0,190.0,,,0.0,190.0,2930.0,2740.0,0.0,0.0,1.0,1.0,True
173,0.00686910979066821,0.0011114385243728014,0.009842027100260803,0.0018614787852197917,0.016258405035074475,0.0,0.016258405035074475,0.0,0.0,20.0,40.0,20.0,0.0,20.0,40.0,20.0,0.0,0.0,0.0,0.0,False
174,0.011016439075632697,0.0010633167393227921,0.08350816234687129,0.0714284065319158,0.06174828065259047,0.0,0.06174828065259047,0.0,0.0,10.0,,,0.0,10.0,2860.0,2850.0,0.0,0.0,1.0,1.0,True
175,0.021318336108749114,0.017883262093890573,0.05593956479992768,0.01673796659728799,0.038884136031958394,0.0,0.038884136031958394,0.0,0.0,200.0,,,0.0,200.0,1640.0,1440.0,0.0,0.0,1.0,1.0,True
176,0.005414503443898801,0.0042665485394109,0.011563338725360396,0.0018822867420506956,0.03295982144904119,0.0,0.03295982144904119,0.0,10.0,100.0,140.0,30.0,10.0,100.0,140.0,30.0,0.0,0.0,0.0,0.0,False
177,0.007977868397658822,0.012407432622082909,0.022644497453553708,0.0022591964338119774,0.0014818469444811688,0.0,0.0014818469444811688,0.0,0.0,200.0,260.0,60.0,0.0,200.0,260.0,60.0,0.0,0.0,0.0,0.0,False
178,0.013882536485210803,0.003690416748958106,0.08614294905086681,0.0685699958166979,0.07225372717863388,0.0,0.07225372717863388,0.0,0.0,60.0,,,0.0,60.0,2840.0,2780.0,0.0,0.0,1.0,1.0,True
179,0.0029764609570851995,0.0004113924553582997,0.004109013325244198,0.0007211599128006986,0.020343198022352016,0.0,0.020343198022352016,0.0,0.0,10.0,30.0,20.0,0.0,10.0,30.0,20.0,0.0,0.0,0.0,0.0,False
180,0.01255597310015169,0.031900390060082384,0.1488450458611657,0.10438868270093163,0.06911651252784778,0.0,0.06911651252784778,0.0,10.0,310.0,,,10.0,310.0,2530.0,2210.0,0.0,0.0,1.0,1.0,True
181,0.010449591537294696,0.004943955306666498,0.08915921226561581,0.07376566542165461,0.13723628520279618,0.0,0.13723628520279618,0.0,0.0,70.0,,,0.0,70.0,3000.0,2930.0,0.0,0.0,1.0,1.0,True
182,0.011922010319392606,0.004584568057074995,0.018788933105973515,0.0022823547295059143,0.009233230339506904,0.0,0.009233230339506904,0.0,0.0,80.0,110.0,30.0,0.0,80.0,110.0,30.0,0.0,0.0,0.0,0.0,False
183,0.011782601671718906,0.005350767888454705,0.019567290109266305,0.002433920549092694,0.007970480381745526,0.0,0.007970480381745526,0.0,0.0,80.0,110.0,30.0,0.0,80.0,110.0,30.0,0.0,0.0,0.0,0.0,False
184,0.019152625822239894,0.031220949518415586,0.7278385443752089,0.6774649690345534,0.06887817084465053,0.0,0.06887817084465053,0.0,0.0,250.0,,,0.0,250.0,2170.0,1920.0,0.0,0.0,1.0,1.0,True
185,0.006404834009565805,0.017413607688934005,0.1192760522370328,0.095457610538533,0.002668761778068518,0.0,0.002668761778068518,0.0,0.0,200.0,,,0.0,200.0,2640.0,2440.0,0.0,0.0,1.0,1.0,True
186,0.008654516199135195,0.001156045454621002,0.01235013477386089,0.0025395731201046934,0.005620487559075293,0.0,0.005620487559075293,0.0,0.0,20.0,50.0,30.0,0.0,20.0,50.0,30.0,0.0,0.0,0.0,0.0,False
187,0.0073856444609635,0.0010633228828038077,0.010367517021648204,0.0019185496778808958,0.004863037959546013,0.0,0.004863037959546013,0.0,10.0,20.0,50.0,20.0,10.0,20.0,50.0,20.0,0.0,0.0,0.0,0.0,False
188,0.020441381467448005,0.0185879050461627,0.0514046887593958,0.012375402245785094,0.05986865158753174,0.0,0.05986865158753174,0.0,0.0,290.0,,,0.0,290.0,1730.0,1440.0,0.0,0.0,1.0,1.0,True
189,0.018738192749319676,0.013346333882620576,0.12472799448115526,0.09264346784921501,0.07759724430520964,0.0,0.07759724430520964,0.0,0.0,150.0,,,0.0,150.0,2270.0,2120.0,0.0,0.0,1.0,1.0,True
190,0.0025662893698185016,0.00029267036425519727,0.0031320889713064987,0.0002731292372327998,0.021524028715949384,0.0,0.021524028715949384,0.0,0.0,10.0,20.0,10.0,0.0,10.0,20.0,10.0,0.0,0.0,0.0,0.0,False
191,0.010703068087504902,0.0048813721038294955,0.019014228891887003,0.003429788700552605,0.029429624580699087,0.0,0.029429624580699087,0.0,0.0,70.0,100.0,30.0,0.0,70.0,100.0,30.0,0.0,0.0,0.0,0.0,False
192,0.013450814207144592,0.000910231531206597,0.017580371417616293,0.0032193256792651045,0.08045368675645043,0.0,0.08045368675645043,0.0,0.0,10.0,50.0,40.0,0.0,10.0,50.0,40.0,0.0,0.0,0.0,0.0,False
193,0.006985514851884089,0.0229220835172802,0.11964816366757719,0.0897405652984129,0.012649036318002072,0.0,0.012649036318002072,0.0,0.0,250.0,,,0.0,250.0,2500.0,2250.0,0.0,0.0,1.0,1.0,True
194,0.007325953773468397,0.004960391708595802,0.012978179684802804,0.000691834202738606,0.07300791993804634,0.0,0.07300791993804634,0.0,0.0,70.0,90.0,20.0,0.0,70.0,90.0,20.0,0.0,0.0,0.0,0.0,False
195,0.021449368069668018,0.021965290258888492,0.10305016184825921,0.059635503519702704,0.03114695363824671,0.0,0.03114695363824671,0.0,0.0,210.0,,,0.0,210.0,1740.0,1530.0,0.0,0.0,1.0,1.0,True
196,0.006643484143748088,0.014838826651072404,0.0796146436860596,0.058132332891239105,0.005857913732900566,0.0,0.005857913732900566,0.0,0.0,210.0,,,0.0,210.0,2490.0,2280.0,0.0,0.0,1.0,1.0,True
197,0.007902653690465201,0.0008810599986188994,0.008538593746344698,-0.0002451199427394024,0.03362710071229391,0.0,0.03362710071229391,0.0,10.0,20.0,20.0,-10.0,10.0,20.0,20.0,-10.0,0.0,0.0,0.0,0.0,False
198,0.010469885310596005,0.004615741993701905,0.081597486300237,0.06651185899593909,0.06343442704569979,0.0,0.06343442704569979,0.0,0.0,60.0,,,0.0,60.0,2630.0,2570.0,0.0,0.0,1.0,1.0,True
199,0.010231674527755294,0.0013854258130320957,0.083235189861913,0.07161808952112561,0.034056189850436624,0.0,0.034056189850436624,0.0,0.0,20.0,,,0.0,20.0,2770.0,2750.0,0.0,0.0,1.0,1.0,True
200,0.007928230881046897,0.00018665928865999049,0.00847863189005199,0.00036374172034510377,0.034749423858538186,0.0,0.034749423858538186,0.0,10.0,10.0,20.0,0.0,10.0,10.0,20.0,0.0,0.0,0.0,0.0,0.0,False
201,0.0054725426810237,0.0007812584170059991,0.0083148418126065,0.0020610407145768006,0.02649834854112204,0.0,0.02649834854112204,0.0,0.0,20.0,50.0,30.0,0.0,20.0,50.0,30.0,0.0,0.0,0.0,0.0,False
202,0.0099383438833546,0.005881826982897409,0.01926618151514141,0.0034460106488894,0.05142176350174876,0.0,0.05142176350174876,0.0,0.0,90.0,120.0,30.0,0.0,90.0,120.0,30.0,0.0,0.0,0.0,0.0,False
203,0.020439714361875694,0.07178567425863489,0.1784194379409084,0.08619404932039781,0.030546527955160885,0.0,0.030546527955160885,0.0,0.0,240.0,,,0.0,240.0,1900.0,1660.0,0.0,0.0,1.0,1.0,True
204,0.025134626769956897,0.0468200697977528,0.6749096234498362,0.6029549268821265,0.07114667523187934,0.0,0.07114667523187934,0.0,10.0,420.0,,,10.0,420.0,2010.0,1580.0,0.0,0.0,1.0,1.0,True
205,0.012781486118024099,0.015022642670448505,0.03271648476546171,0.004912355976989108,0.028976502819928696,0.0,0.028976502819928696,0.0,0.0,180.0,240.0,60.0,0.0,180.0,240.0,60.0,0.0,0.0,0.0,0.0,False
206,0.009503429843458477,0.0142124846209844,0.02885748007525968,0.005141565610816801,-0.0036593429607494343,0.0,-0.0036593429607494343,0.0,0.0,190.0,250.0,60.0,0.0,190.0,250.0,60.0,0.0,0.0,0.0,0.0,False
207,0.009912917999272991,0.0003795660750385843,0.011267338538465177,0.0009748544641536017,0.025442655781413026,0.0,0.025442655781413026,0.0,0.0,0.0,20.0,20.0,0.0,0.0,20.0,20.0,0.0,0.0,0.0,0.0,False
208,0.0171494896892882,0.0018915385744950053,0.1253224183473703,0.10628139008358709,0.06255651868039919,0.0,0.06255651868039919,0.0,0.0,140.0,,,0.0,140.0,2840.0,2700.0,0.0,0.0,1.0,1.0,True
209,0.0023691442992838027,0.003020888133384303,0.006174067871710799,0.0007840354390426935,0.009270565772330097,0.0,0.009270565772330097,0.0,0.0,50.0,70.0,20.0,0.0,50.0,70.0,20.0,0.0,0.0,0.0,0.0,False
210,0.004179373923556301,0.00044908972575290196,0.005449550182100797,0.0008210865327915942,0.02384757998876369,0.0,0.02384757998876369,0.0,0.0,20.0,30.0,10.0,0.0,20.0,30.0,10.0,0.0,0.0,0.0,0.0,False
211,0.00865809882513581,0.007611706674334112,0.0821106937510871,0.06584088825161717,0.018577067281072557,0.0,0.018577067281072557,0.0,10.0,110.0,,,10.0,110.0,2690.0,2570.0,0.0,0.0,1.0,1.0,True
212,0.01483076638487979,0.005224838427006898,0.0897991586704232,0.0697435538585365,0.06553662876271515,0.0,0.06553662876271515,0.0,0.0,60.0,,,0.0,60.0,2710.0,2650.0,0.0,0.0,1.0,1.0,True
213,0.014959316773400094,0.02604041098675519,0.7647642101271419,0.7237644823669867,0.07231619620073548,0.0,0.07231619620073548,0.0,0.0,150.0,,,0.0,150.0,2540.0,2390.0,0.0,0.0,1.0,1.0,True
214,0.011855333717752686,0.004865995882211094,0.017954482216209183,0.0012331526162454032,0.02809936245280198,0.0,0.02809936245280198,0.0,0.0,70.0,90.0,20.0,0.0,70.0,90.0,20.0,0.0,0.0,0.0,0.0,False
215,0.006555779579933904,0.0008280376136520079,0.009792855108745308,0.0024090379151593955,0.02424869510822103,0.0,0.02424869510822103,0.0,10.0,20.0,50.0,20.0,10.0,20.0,50.0,20.0,0.0,0.0,0.0,0.0,False
216,0.01100430400725011,0.010634375190332113,0.020261014939123412,-0.0013776642584588106,0.015018137546547683,0.0,0.015018137546547683,0.0,0.0,130.0,170.0,40.0,0.0,130.0,170.0,40.0,0.0,0.0,0.0,0.0,False
217,0.006397194734379302,0.0042388194801187,0.012531471177361503,0.001895456962863501,0.014008865438956686,0.0,0.014008865438956686,0.0,10.0,70.0,100.0,20.0,10.0,70.0,100.0,20.0,0.0,0.0,0.0,0.0,False
218,0.018637115111954802,0.0004065258314123049,0.02034732706405011,0.0013036861206830036,0.09907245932430964,0.0,0.09907245932430964,0.0,0.0,10.0,30.0,20.0,0.0,10.0,30.0,20.0,0.0,0.0,0.0,0.0,False
219,0.012882562752012702,0.007702676020533802,0.023193400589346408,0.0026081618167999032,0.08818914373557152,0.0,0.08818914373557152,0.0,0.0,100.0,130.0,30.0,0.0,100.0,130.0,30.0,0.0,0.0,0.0,0.0,False
220,0.0034428689629091014,0.01476167499133929,0.1664691573405168,0.1482646133862684,0.01604457310164792,0.0,0.01604457310164792,0.0,0.0,170.0,,,0.0,170.0,2820.0,2650.0,0.0,0.0,1.0,1.0,True
221,0.008608605329317495,0.005564643311932994,0.1394320384540238,0.1252587898127733,0.08553820717142757,0.0,0.08553820717142757,0.0,0.0,90.0,,,0.0,90.0,3140.0,3050.0,0.0,0.0,1.0,1.0,True
222,0.016315887628310904,0.0283830787773679,0.1528307288121165,0.10813176240643771,0.028627433404827984,0.0,0.028627433404827984,0.0,0.0,220.0,,,0.0,220.0,2130.0,1910.0,0.0,0.0,1.0,1.0,True
223,0.005669485348326397,0.0029410735946290983,0.07700956160065699,0.06839900265770149,0.01573959968604771,0.0,0.01573959968604771,0.0,0.0,40.0,,,0.0,40.0,2830.0,2790.0,0.0,0.0,1.0,1.0,True
224,0.010737571018354097,0.012435799901751393,0.019702029846246,-0.0034713410738594908,0.04014915126989593,0.0,0.04014915126989593,0.0,0.0,160.0,160.0,0.0,0.0,160.0,160.0,0.0,0.0,0.0,0.0,0.0,False
225,0.0118385734390846,0.006474016885492102,0.09438676780820279,0.0760741774836261,0.08751818420628182,0.0,0.08751818420628182,0.0,0.0,110.0,,,0.0,110.0,2940.0,2830.0,0.0,0.0,1.0,1.0,True
226,0.0138190488974093,0.01064070042095859,0.1296402075569208,0.1051804582385529,0.06302590036574429,0.0,0.06302590036574429,0.0,0.0,120.0,,,0.0,120.0,2500.0,2380.0,0.0,0.0,1.0,1.0,True
227,0.0107986482081147,0.012896072819429685,0.0835708237127215,0.05987610268517711,0.02365982243227438,0.0,0.02365982243227438,0.0,0.0,160.0,,,0.0,160.0,2460.0,2300.0,0.0,0.0,1.0,1.0,True
228,0.013337015305828481,0.03600007414483153,0.12346472647913381,0.0741276370284738,0.002585295331114179,0.0,0.002585295331114179,0.0,10.0,340.0,,,10.0,340.0,1590.0,1240.0,0.0,0.0,1.0,1.0,True
229,0.021776434664301625,0.025449737656517202,0.1088983732767646,0.06167220095594578,0.07475353844469368,0.0,0.07475353844469368,0.0,0.0,270.0,,,0.0,270.0,1790.0,1520.0,0.0,0.0,1.0,1.0,True
230,0.0056983643037571,0.004351387311350104,0.08157926888419409,0.07152951726908688,0.03455083365057282,0.0,0.03455083365057282,0.0,0.0,70.0,,,0.0,70.0,2970.0,2900.0,0.0,0.0,1.0,1.0,True
231,0.016879771308619007,0.04248008167160491,0.20094172562910692,0.141581872648883,0.06846041532443858,0.0,0.06846041532443858,0.0,0.0,300.0,,,0.0,300.0,2140.0,1840.0,0.0,0.0,1.0,1.0,True
232,0.008275988897700808,0.002762519158414703,0.0127713832033138,0.00173287514719829,0.026053573026455668,0.0,0.026053573026455668,0.0,0.0,60.0,100.0,40.0,0.0,60.0,100.0,40.0,0.0,0.0,0.0,0.0,False
233,0.022325565084801796,0.004962225401257403,0.0328839903955179,0.005596199909458699,0.05049204831240184,0.0,0.05049204831240184,0.0,20.0,80.0,150.0,50.0,20.0,80.0,150.0,50.0,0.0,0.0,0.0,0.0,False
234,0.008228387611968202,0.010283454306916504,0.022608968718280595,0.004097126799395889,0.027926328912868947,0.0,0.027926328912868947,0.0,0.0,170.0,190.0,20.0,0.0,170.0,190.0,20.0,0.0,0.0,0.0,0.0,False
235,0.0097616480221413,0.0008793591236610013,0.013050751935282198,0.0024097447894798965,0.04252225559059958,0.0,0.04252225559059958,0.0,10.0,30.0,80.0,40.0,10.0,30.0,80.0,40.0,0.0,0.0,0.0,0.0,False
236,0.014705494820693388,0.022322365538205574,0.039582099352823585,0.0025542389939246235,0.022067622524976738,0.0,0.022067622524976738,0.0,10.0,270.0,310.0,30.0,10.0,270.0,310.0,30.0,0.0,0.0,0.0,0.0,False
237,0.014743345982106304,0.006922742999471598,0.11112496013491233,0.08945887115333442,0.03126304959079684,0.0,0.03126304959079684,0.0,0.0,60.0,,,0.0,60.0,2060.0,2000.0,0.0,0.0,1.0,1.0,True
238,0.013508823224444202,0.0394354184097422,0.13228535472716157,0.07934111309297517,0.06774350625983822,0.0,0.06774350625983822,0.0,0.0,220.0,,,0.0,220.0,3020.0,2800.0,0.0,0.0,1.0,1.0,True
239,0.0094414396220944,0.010081864858650091,0.07606273830637589,0.0565394338256314,0.01115116356141388,0.0,0.01115116356141388,0.0,10.0,130.0,,,10.0,130.0,2330.0,2190.0,0.0,0.0,1.0,1.0,True
240,0.011072807839634893,0.0112338969713653,0.06278486796626141,0.04047816315526122,0.0725212328983239,0.0,0.0725212328983239,0.0,0.0,170.0,,,0.0,170.0,2660.0,2490.0,0.0,0.0,1.0,1.0,True
241,0.012240038741862774,0.005343728993095681,0.02061239370614118,0.0030286259711827246,0.01852163567359777,0.0,0.01852163567359777,0.0,0.0,80.0,120.0,40.0,0.0,80.0,120.0,40.0,0.0,0.0,0.0,0.0,False
242,0.017786473034928807,0.010048647550885692,0.08507004179005301,0.05723492120423851,0.03889340877465697,0.0,0.03889340877465697,0.0,0.0,110.0,,,0.0,110.0,2210.0,2100.0,0.0,0.0,1.0,1.0,True
243,0.005082930034604902,0.0013033566383160028,0.006649326711465203,0.0002630400385442988,0.04621060004326594,0.0,0.04621060004326594,0.0,0.0,30.0,30.0,0.0,0.0,30.0,30.0,0.0,0.0,0.0,0.0,0.0,False
244,0.011044186024311398,0.013483129695516696,0.12063217026387589,0.0961048545440478,0.022870923538560017,0.0,0.022870923538560017,0.0,0.0,160.0,,,0.0,160.0,2410.0,2250.0,0.0,0.0,1.0,1.0,True
245,0.006531587465916505,0.004703753183273596,0.008892467382181107,-0.0023428732670089936,0.08381192401425008,0.0,0.08381192401425008,0.0,0.0,60.0,80.0,20.0,0.0,60.0,80.0,20.0,0.0,0.0,0.0,0.0,False
246,0.0022305771632979976,0.006428317468126991,0.0111320103675017,0.0024731157360767114,0.018795986252653885,0.0,0.018795986252653885,0.0,0.0,90.0,120.0,30.0,0.0,90.0,120.0,30.0,0.0,0.0,0.0,0.0,False
247,0.014341149955412191,0.023464913561182993,0.7333727216725533,0.6955666581559582,0.06618849387940373,0.0,0.06618849387940373,0.0,0.0,240.0,,,0.0,240.0,2420.0,2180.0,0.0,0.0,1.0,1.0,True
248,0.018594365477546698,0.01213874081416419,0.09378733846000659,0.0630542321682957,0.04570263707693867,0.0,0.04570263707693867,0.0,0.0,160.0,,,0.0,160.0,2390.0,2230.0,0.0,0.0,1.0,1.0,True
249,0.008311778522853197,0.004349115402378589,0.0832556163218058,0.07059472239657401,0.023694823264294507,0.0,0.023694823264294507,0.0,0.0,60.0,,,0.0,60.0,2840.0,2780.0,0.0,0.0,1.0,1.0,True
250,0.005962056828444903,0.006175198412033497,0.0126014405009418,0.00046418526046339975,0.025821906484883417,0.0,0.025821906484883417,0.0,10.0,110.0,140.0,20.0,10.0,110.0,140.0,20.0,0.0,0.0,0.0,0.0,False
251,0.011568460358657398,0.0006437617768525056,0.0137520954189254,0.0015398732834154966,0.07184458291862561,0.0,0.07184458291862561,0.0,0.0,10.0,30.0,20.0,0.0,10.0,30.0,20.0,0.0,0.0,0.0,0.0,False
252,0.004303970765837398,0.010016289521356705,0.0803143088120899,0.0659940485248958,0.007817583592026,0.0,0.007817583592026,0.0,10.0,140.0,,,10.0,140.0,2730.0,2580.0,0.0,0.0,1.0,1.0,True
253,0.015826770502172904,0.038150365412927295,0.7566553853711934,0.7026782494560931,0.10475538299421439,0.0,0.10475538299421439,0.0,0.0,150.0,,,0.0,150.0,2470.0,2320.0,0.0,0.0,1.0,1.0,True
254,0.004278199505084498,5.0629121887000444e-05,0.0044252279852470995,9.639935827560064e-05,0.05848221405517218,0.0,0.05848221405517218,0.0,0.0,10.0,10.0,0.0,0.0,10.0,10.0,0.0,0.0,0.0,0.0,0.0,False
255,0.025245128094921993,0.04453682461352029,0.5951174626837809,0.5253355099753386,0.0716108463809334,0.0,0.0716108463809334,0.0,0.0,400.0,,,0.0,400.0,1910.0,1510.0,0.0,0.0,1.0,1.0,True
256,0.0036642820624939974,0.0004476071274957978,0.0048946666540004985,0.0007827774640107032,0.03458682094778093,0.0,0.03458682094778093,0.0,10.0,20.0,30.0,0.0,10.0,20.0,30.0,0.0,0.0,0.0,0.0,0.0,False
257,0.0175620819167287,0.012428444555788398,0.030599506775855906,0.0006089803033388075,0.05535930969960101,0.0,0.05535930969960101,0.0,10.0,160.0,200.0,30.0,10.0,160.0,200.0,30.0,0.0,0.0,0.0,0.0,False
258,0.014313062698587814,0.014287380163490793,0.031776963078621795,0.0031765202165431883,0.07320221587107023,0.0,0.07320221587107023,0.0,0.0,210.0,240.0,30.0,0.0,210.0,240.0,30.0,0.0,0.0,0.0,0.0,False
259,0.014327704911546585,0.009290028799559397,0.12256073253185429,0.0989429988207483,0.0561386696796462,0.0,0.0561386696796462,0.0,0.0,110.0,,,0.0,110.0,2360.0,2250.0,0.0,0.0,1.0,1.0,True
260,0.023438085560582717,0.01817297050168068,0.11794707574909982,0.07633601968683643,0.04159622847053124,0.0,0.04159622847053124,0.0,0.0,190.0,,,0.0,190.0,1780.0,1590.0,0.0,0.0,1.0,1.0,True
261,0.010756354547625295,0.0013921728669731986,0.015954301704708698,0.0038057742901102046,0.09558592981108799,0.0,0.09558592981108799,0.0,0.0,30.0,90.0,60.0,0.0,30.0,90.0,60.0,0.0,0.0,0.0,0.0,False
262,0.02297666541650681,0.015389323611656791,0.1254382526575938,0.08707226362943021,0.07802459625486347,0.0,0.07802459625486347,0.0,0.0,160.0,,,0.0,160.0,2000.0,1840.0,0.0,0.0,1.0,1.0,True
263,0.006666121698075803,0.008301917013259594,0.08252798102556219,0.0675599423142268,0.035502050498429916,0.0,0.035502050498429916,0.0,0.0,140.0,,,0.0,140.0,2610.0,2470.0,0.0,0.0,1.0,1.0,True
264,0.02914948144342419,0.027494717490428394,0.12998957692457488,0.0733453779907223,0.10610440056689596,0.0,0.10610440056689596,0.0,0.0,360.0,,,0.0,360.0,1950.0,1590.0,0.0,0.0,1.0,1.0,True
265,0.0047931534708863036,0.004603942948020107,0.0122493458002298,0.0028522493813233907,0.026803143515166383,0.0,0.026803143515166383,0.0,0.0,70.0,110.0,40.0,0.0,70.0,110.0,40.0,0.0,0.0,0.0,0.0,False
266,0.009189288613041295,5.323074827310453e-05,0.010111699154698998,0.0008691797933845988,0.04682521634660436,0.0,0.04682521634660436,0.0,0.0,0.0,20.0,20.0,0.0,0.0,20.0,20.0,0.0,0.0,0.0,0.0,False
267,0.008480932829191101,0.012638942947218096,0.019736539085572297,-0.0013833366908369005,0.01264323620058072,0.0,0.01264323620058072,0.0,0.0,160.0,200.0,40.0,0.0,160.0,200.0,40.0,0.0,0.0,0.0,0.0,False
268,0.01145531892595869,0.017017189097786906,0.027602655543344706,-0.00086985248040089,0.00847407868744171,0.0,0.00847407868744171,0.0,0.0,230.0,260.0,30.0,0.0,230.0,260.0,30.0,0.0,0.0,0.0,0.0,False
269,0.021376713074542808,0.03441569057035038,0.09770458393710929,0.041912180292216106,0.010993631217901978,0.0,0.010993631217901978,0.0,0.0,360.0,,,0.0,360.0,1550.0,1190.0,0.0,0.0,1.0,1.0,True
270,0.0037828244833188057,0.004442494233756006,0.0735211157061328,0.06529579698905799,-0.0009780273847388998,0.0,-0.0009780273847388998,0.0,10.0,50.0,,,10.0,50.0,2710.0,2650.0,0.0,0.0,1.0,1.0,True
271,0.009501930352312407,0.009442980792920705,0.1320679154462474,0.1131230043010143,0.07646411816346355,0.0,0.07646411816346355,0.0,0.0,110.0,,,0.0,110.0,2790.0,2680.0,0.0,0.0,1.0,1.0,True
272,0.009320355515181011,0.015046978049757298,0.0821406248627832,0.05777329129784489,0.008280915036709469,0.0,0.008280915036709469,0.0,10.0,200.0,,,10.0,200.0,2350.0,2140.0,0.0,0.0,1.0,1.0,True
273,0.011045442907868998,0.013945889353754203,0.8466974917140315,0.8217061594524083,0.2516105232706869,0.0,0.2516105232706869,0.0,0.0,90.0,,,0.0,90.0,3260.0,3170.0,0.0,0.0,1.0,1.0,True
274,0.010052712127263504,0.001532954997595308,0.014040517900228706,0.0024548507753698948,0.038665443111990216,0.0,0.038665443111990216,0.0,0.0,30.0,60.0,30.0,0.0,30.0,60.0,30.0,0.0,0.0,0.0,0.0,False
275,0.0056875485354878005,0.0004639554063089954,0.006949190108924301,0.0007976861671275051,0.01624989192711651,0.0,0.01624989192711651,0.0,0.0,10.0,30.0,20.0,0.0,10.0,30.0,20.0,0.0,0.0,0.0,0.0,False
276,0.0080464254576475,0.005764207516396905,0.0174525693050141,0.0036419363309696945,0.019939265928536065,0.0,0.019939265928536065,0.0,0.0,100.0,140.0,40.0,0.0,100.0,140.0,40.0,0.0,0.0,0.0,0.0,False
277,0.0016411800717748004,0.0002890556927890031,0.0024428418891773024,0.0005126061246134989,0.010093705375070983,0.0,0.010093705375070983,0.0,0.0,10.0,20.0,10.0,0.0,10.0,20.0,10.0,0.0,0.0,0.0,0.0,False
278,0.005905634649444401,0.000734052677376397,0.007741795443905498,0.0011021081170847005,0.022385448382287898,0.0,0.022385448382287898,0.0,0.0,20.0,40.0,20.0,0.0,20.0,40.0,20.0,0.0,0.0,0.0,0.0,False
279,0.0023707878672509022,0.010565521129979799,0.011714324716983006,-0.0012219842802476955,0.004810254051001439,0.0,0.004810254051001439,0.0,0.0,150.0,160.0,10.0,0.0,150.0,160.0,10.0,0.0,0.0,0.0,0.0,False
280,0.003816426800971509,0.004350581712350907,0.00791179387340861,-0.0002552146399138061,0.0040673369658646985,0.0,0.0040673369658646985,0.0,0.0,80.0,90.0,10.0,0.0,80.0,90.0,10.0,0.0,0.0,0.0,0.0,False
281,0.0066082294490381055,0.015763047195459595,0.1255881006987322,0.10321682405423449,0.012902580070717928,0.0,0.012902580070717928,0.0,0.0,210.0,,,0.0,210.0,2780.0,2570.0,0.0,0.0,1.0,1.0,True
282,0.0,0.0,0.0,0.0,0.0,0.0,0.0,0.0,0.0,0.0,0.0,0.0,0.0,0.0,0.0,0.0,0.0,0.0,0.0,0.0,False
283,0.015728423144654294,0.03161032410917851,0.19458178193619746,0.14724303468236466,0.05829855432256148,0.0,0.05829855432256148,0.0,0.0,190.0,,,0.0,190.0,2440.0,2250.0,0.0,0.0,1.0,1.0,True
284,0.016625039037871492,0.007766376980510692,0.02705516770392638,0.0026637516855441967,0.0164718804654731,0.0,0.0164718804654731,0.0,10.0,120.0,180.0,50.0,10.0,120.0,180.0,50.0,0.0,0.0,0.0,0.0,False
285,0.009267437646876306,0.0010020009357434023,0.0469287922071923,0.036659353624572594,0.1131545889781237,0.0,0.1131545889781237,0.0,10.0,20.0,,,10.0,20.0,3090.0,3060.0,0.0,0.0,1.0,1.0,True
286,0.012462233919942112,0.005193845559328586,0.0730002714353448,0.055344191956074096,0.0019781849512874317,0.0,0.0019781849512874317,0.0,10.0,70.0,,,10.0,70.0,2120.0,2040.0,0.0,0.0,1.0,1.0,True
287,0.009894366383614905,0.0138133248734153,0.082917375844481,0.059209684587450795,0.05546648425627465,0.0,0.05546648425627465,0.0,0.0,160.0,,,0.0,160.0,2400.0,2240.0,0.0,0.0,1.0,1.0,True
288,0.011811148148202416,0.013253420391216714,0.0776593425466274,0.05259477400720827,0.017545586812168557,0.0,0.017545586812168557,0.0,0.0,150.0,,,0.0,150.0,2230.0,2080.0,0.0,0.0,1.0,1.0,True
289,0.013574424924061385,0.028984423203790993,0.711258168693292,0.6686993205654396,0.09428403595370949,0.0,0.09428403595370949,0.0,0.0,200.0,,,0.0,200.0,2200.0,2000.0,0.0,0.0,1.0,1.0,True
290,0.009515305610065708,0.0002209659220736987,0.010228520165518604,0.000492248633379197,0.03546770157084661,0.0,0.03546770157084661,0.0,0.0,10.0,20.0,10.0,0.0,10.0,20.0,10.0,0.0,0.0,0.0,0.0,False
291,0.0038158967050614945,0.003074758797264994,0.009137640766020694,0.0022469852636942053,0.03153837484937383,0.0,0.03153837484937383,0.0,0.0,50.0,80.0,30.0,0.0,50.0,80.0,30.0,0.0,0.0,0.0,0.0,False
292,0.0006427217975703003,2.49533419796992e-05,0.0009134063462678012,0.00024573120671780163,0.012163734654143499,0.0,0.012163734654143499,0.0,0.0,0.0,10.0,10.0,0.0,0.0,10.0,10.0,0.0,0.0,0.0,0.0,False
293,0.010597760165363998,0.04162724444688681,0.7792191963154553,0.7269941917032046,0.10258790239905935,0.0,0.10258790239905935,0.0,0.0,130.0,,,0.0,130.0,2730.0,2600.0,0.0,0.0,1.0,1.0,True
294,0.0011459767299637977,0.002469768509126495,0.004197314735232396,0.0005815694961421036,0.009017864403404907,0.0,0.009017864403404907,0.0,0.0,50.0,50.0,0.0,0.0,50.0,50.0,0.0,0.0,0.0,0.0,0.0,False
295,0.016363668375548895,0.01167799405600961,0.0254528626845916,-0.0025887997469669077,0.034024795908444205,0.0,0.034024795908444205,0.0,0.0,170.0,180.0,10.0,0.0,170.0,180.0,10.0,0.0,0.0,0.0,0.0,False
296,0.007399139137313798,0.007092809627185795,0.0162610078332224,0.0017690590687228086,0.08020295776425823,0.0,0.08020295776425823,0.0,0.0,100.0,120.0,20.0,0.0,100.0,120.0,20.0,0.0,0.0,0.0,0.0,False
297,0.011467797396462392,0.004809737112876883,0.0788902998391601,0.06261276532982082,0.05139198865659855,0.0,0.05139198865659855,0.0,0.0,60.0,,,0.0,60.0,2470.0,2410.0,0.0,0.0,1.0,1.0,True
298,0.012398487111360795,0.002802115439442303,0.8365544489463416,0.8213538463955384,0.23341940583638576,0.0,0.23341940583638576,0.0,0.0,50.0,,,0.0,50.0,3070.0,3020.0,0.0,0.0,1.0,1.0,True
299,0.006295379297907001,0.0035803189313770994,0.010990250768009496,0.0011145525387253954,0.06158996593591459,0.0,0.06158996593591459,0.0,0.0,60.0,120.0,60.0,0.0,60.0,120.0,60.0,0.0,0.0,0.0,0.0,False
300,0.0133316053736885,0.010695462256752102,0.09408179375298059,0.07005472612253999,0.10595764191430229,0.0,0.10595764191430229,0.0,0.0,160.0,,,0.0,160.0,2950.0,2790.0,0.0,0.0,1.0,1.0,True
301,0.008831205556701104,0.00012852872132119997,0.009000061412091004,4.032713406870031e-05,0.19837635035459855,0.0,0.19837635035459855,0.0,0.0,0.0,0.0,0.0,0.0,0.0,0.0,0.0,0.0,0.0,0.0,0.0,False
302,0.017960242134426596,0.004624414037231503,0.09577253211110609,0.07318787593944799,0.17628523855779932,0.0,0.17628523855779932,0.0,0.0,60.0,,,0.0,60.0,2840.0,2780.0,0.0,0.0,1.0,1.0,True
303,0.003267101141285398,0.004488472781577903,0.13597420580682928,0.12821863188396598,0.0061443281911228165,0.0,0.0061443281911228165,0.0,0.0,100.0,,,0.0,100.0,3210.0,3110.0,0.0,0.0,1.0,1.0,True
304,0.011472484071844799,0.013212313528722291,0.1293502032935596,0.1046654056929925,0.03132562898382141,0.0,0.03132562898382141,0.0,10.0,200.0,,,10.0,200.0,2650.0,2440.0,0.0,0.0,1.0,1.0,True
305,0.005059767655973803,0.012265565531222801,0.138445484678405,0.12112015149120842,0.038529933403747996,0.0,0.038529933403747996,0.0,0.0,190.0,,,0.0,190.0,3010.0,2820.0,0.0,0.0,1.0,1.0,True
306,0.016334819453006078,0.013103310092230092,0.031232488144294884,0.0017943585990587152,0.04623164415779524,0.0,0.04623164415779524,0.0,10.0,170.0,210.0,30.0,10.0,170.0,210.0,30.0,0.0,0.0,0.0,0.0,False
307,0.011505132786974404,0.0047620051373419015,0.016991100761938188,0.0007239628376218832,0.07178064204902901,0.0,0.07178064204902901,0.0,0.0,60.0,90.0,30.0,0.0,60.0,90.0,30.0,0.0,0.0,0.0,0.0,False
308,0.007963686222887303,2.401117601229935e-05,0.008218448716291099,0.0002307513173914963,0.13905268750465893,0.0,0.13905268750465893,0.0,0.0,0.0,10.0,10.0,0.0,0.0,10.0,10.0,0.0,0.0,0.0,0.0,False
309,0.023499203745711905,0.005825843448549084,0.08541265913668561,0.05608761194242462,0.04850419744121193,0.0,0.04850419744121193,0.0,10.0,90.0,,,10.0,90.0,2180.0,2080.0,0.0,0.0,1.0,1.0,True
310,0.017927596139333285,0.022719859573690382,0.15832170020094938,0.11767424448792571,0.060666997021242564,0.0,0.060666997021242564,0.0,10.0,250.0,,,10.0,250.0,2330.0,2070.0,0.0,0.0,1.0,1.0,True
311,0.010161264716376697,0.001666924742101894,0.014663027848718299,0.002834838390239708,0.01696848669536688,0.0,0.01696848669536688,0.0,0.0,30.0,60.0,30.0,0.0,30.0,60.0,30.0,0.0,0.0,0.0,0.0,False
312,0.011611470495525494,0.005098586181373904,0.017670192906991594,0.0009601362300921956,0.07330806701341969,0.0,0.07330806701341969,0.0,0.0,80.0,90.0,10.0,0.0,80.0,90.0,10.0,0.0,0.0,0.0,0.0,False
313,0.02016387382226481,0.012215395453716388,0.1360991218658848,0.1037198525899036,0.06380143400625515,0.0,0.06380143400625515,0.0,0.0,130.0,,,0.0,130.0,2420.0,2290.0,0.0,0.0,1.0,1.0,True
314,0.024527251674738015,0.05445632885385332,0.5193228323795731,0.44033925185098177,0.059680884097403575,0.0,0.059680884097403575,0.0,10.0,460.0,,,10.0,460.0,1400.0,930.0,0.0,0.0,1.0,1.0,True
315,0.023308181336831102,0.024218969166300924,0.13614426456210674,0.08861711405897471,0.09510179262369656,0.0,0.09510179262369656,0.0,0.0,280.0,,,0.0,280.0,2270.0,1990.0,0.0,0.0,1.0,1.0,True
316,0.008853787200908708,0.0007473847409225076,0.011261677692502498,0.0016605057506712817,0.027996264241497704,0.0,0.027996264241497704,0.0,0.0,10.0,40.0,30.0,0.0,10.0,40.0,30.0,0.0,0.0,0.0,0.0,False
317,0.017722768611144774,0.035095452062579496,0.6401371287894627,0.5873189081157385,0.08459011459889931,0.0,0.08459011459889931,0.0,0.0,270.0,,,0.0,270.0,1830.0,1560.0,0.0,0.0,1.0,1.0,True
318,0.009265076325196603,0.0008294362840712,0.011577920714700693,0.0014834081054328901,0.07834990088062288,0.0,0.07834990088062288,0.0,0.0,10.0,40.0,30.0,0.0,10.0,40.0,30.0,0.0,0.0,0.0,0.0,False
319,0.016145612151916122,0.051400017732693426,0.15687304548354453,0.08932741559893498,0.051179318523159045,0.0,0.051179318523159045,0.0,10.0,380.0,,,10.0,380.0,2050.0,1660.0,0.0,0.0,1.0,1.0,True
320,0.0137628900491987,0.022290879341511305,0.11636474966519952,0.08031098027448952,0.007993382936251514,0.0,0.007993382936251514,0.0,0.0,250.0,,,0.0,250.0,2150.0,1900.0,0.0,0.0,1.0,1.0,True
321,0.0084444224987269,0.0007126904751895008,0.011474401154021,0.0023172881801045986,0.16467526516444864,0.0,0.16467526516444864,0.0,10.0,20.0,50.0,20.0,10.0,20.0,50.0,20.0,0.0,0.0,0.0,0.0,False
322,0.015851909508122,0.009126882166247102,0.13474089875674258,0.10976210708237348,0.13882574803811454,0.0,0.13882574803811454,0.0,0.0,110.0,,,0.0,110.0,2780.0,2670.0,0.0,0.0,1.0,1.0,True
323,0.017081062363245997,0.05701993493341409,0.6077393488367395,0.5336383515400794,0.05628967444585298,0.0,0.05628967444585298,0.0,0.0,370.0,,,0.0,370.0,1880.0,1510.0,0.0,0.0,1.0,1.0,True
324,0.019059352352837705,0.007308083158842613,0.1003301907235157,0.07396275521183539,0.09128153543947382,0.0,0.09128153543947382,0.0,0.0,100.0,,,0.0,100.0,2730.0,2630.0,0.0,0.0,1.0,1.0,True
325,0.0064750607295224055,0.003240616953066905,0.006974301008371098,-0.0027413766742182127,0.01879031134446013,0.0,0.01879031134446013,0.0,0.0,50.0,60.0,10.0,0.0,50.0,60.0,10.0,0.0,0.0,0.0,0.0,False
326,0.007398387980187507,0.010069819949482,0.1281235615387072,0.11065535360903768,0.030273905730667572,0.0,0.030273905730667572,0.0,10.0,120.0,,,10.0,120.0,2720.0,2590.0,0.0,0.0,1.0,1.0,True
327,0.019434795651678896,0.038206919075401816,0.1420230283980229,0.08438131367094218,0.13642734094680498,0.0,0.13642734094680498,0.0,0.0,140.0,,,0.0,140.0,2750.0,2610.0,0.0,0.0,1.0,1.0,True
328,0.0061591434234151005,0.004281331370862895,0.012337292400481092,0.0018968176062030967,0.025991487036979732,0.0,0.025991487036979732,0.0,0.0,80.0,100.0,20.0,0.0,80.0,100.0,20.0,0.0,0.0,0.0,0.0,False
329,0.017804568221546108,0.03542229419526241,0.1455202636914571,0.09229340127464858,0.05427226168858068,0.0,0.05427226168858068,0.0,0.0,350.0,,,0.0,350.0,2180.0,1830.0,0.0,0.0,1.0,1.0,True
330,0.011666226953867202,0.006115667839377205,0.019638602888440403,0.0018567080951959955,0.04855170886378318,0.0,0.04855170886378318,0.0,0.0,90.0,130.0,40.0,0.0,90.0,130.0,40.0,0.0,0.0,0.0,0.0,False
331,0.014953082269973897,0.008659229055918205,0.025323901257680095,0.0017115899317879935,0.05501344874217762,0.0,0.05501344874217762,0.0,0.0,150.0,170.0,20.0,0.0,150.0,170.0,20.0,0.0,0.0,0.0,0.0,False
332,0.0022757987972116048,0.0021099910186995058,0.005645703216748302,0.0012599134008371912,0.0071557694000838334,0.0,0.0071557694000838334,0.0,0.0,30.0,50.0,20.0,0.0,30.0,50.0,20.0,0.0,0.0,0.0,0.0,False
333,0.019052135722724794,0.05543450216349799,0.7574607023063662,0.6829740644201434,0.0973397794556693,0.0,0.0973397794556693,0.0,0.0,160.0,,,0.0,160.0,2370.0,2210.0,0.0,0.0,1.0,1.0,True
334,0.003687774192694001,1.278492318250099e-05,0.0038599648784768993,0.00015940576260039738,0.030179895728930484,0.0,0.030179895728930484,0.0,0.0,0.0,0.0,0.0,0.0,0.0,0.0,0.0,0.0,0.0,0.0,0.0,False
335,0.0095703734609721,0.0050007644534707935,0.08169722813141869,0.0671260902169758,0.032998114595696904,0.0,0.032998114595696904,0.0,0.0,60.0,,,0.0,60.0,2720.0,2660.0,0.0,0.0,1.0,1.0,True
336,0.013719196707833892,0.0067946131543034916,0.0884655322596872,0.06795172239754982,0.027886730481838984,0.0,0.027886730481838984,0.0,10.0,90.0,,,10.0,90.0,2630.0,2530.0,0.0,0.0,1.0,1.0,True
337,0.01370689973500619,0.019992465996226005,0.07919562127268559,0.045496255541453395,0.009524839347154423,0.0,0.009524839347154423,0.0,0.0,280.0,,,0.0,280.0,1980.0,1700.0,0.0,0.0,1.0,1.0,True
338,0.015361616648842502,0.004502050919393902,0.09246607545313201,0.07260240788489561,0.13800382518623378,0.0,0.13800382518623378,0.0,10.0,70.0,,,10.0,70.0,2990.0,2910.0,0.0,0.0,1.0,1.0,True
339,0.009469565628896504,0.0031741623979466976,0.013496051168266299,0.0008523231414230975,0.03529153339485269,0.0,0.03529153339485269,0.0,0.0,50.0,60.0,10.0,0.0,50.0,60.0,10.0,0.0,0.0,0.0,0.0,False
340,0.005022781570940001,0.002585119267987303,0.08213918602564371,0.07453128518671642,0.0363255166153752,0.0,0.0363255166153752,0.0,0.0,40.0,,,0.0,40.0,3120.0,3080.0,0.0,0.0,1.0,1.0,True
341,0.007705880069203197,0.0012247714444938024,0.01072035373985479,0.001789702226157791,0.013143709507100976,0.0,0.013143709507100976,0.0,0.0,30.0,50.0,20.0,0.0,30.0,50.0,20.0,0.0,0.0,0.0,0.0,False
342,0.013038497282386194,0.0199874406822758,0.1349649698739464,0.10193903190928441,0.04977083177298647,0.0,0.04977083177298647,0.0,0.0,230.0,,,0.0,230.0,2630.0,2400.0,0.0,0.0,1.0,1.0,True
343,0.011993854827745384,0.009677217441938793,0.025378268857928696,0.0037071965882445185,0.015761352919517746,0.0,0.015761352919517746,0.0,0.0,120.0,160.0,40.0,0.0,120.0,160.0,40.0,0.0,0.0,0.0,0.0,False
344,0.0074684194043102,0.008286800919220905,0.0758057266500392,0.0600505063265081,0.00853851931791394,0.0,0.00853851931791394,0.0,0.0,90.0,,,0.0,90.0,2470.0,2380.0,0.0,0.0,1.0,1.0,True
345,0.012371971401654719,0.05804199654919001,0.7065380624491908,0.6361240944983462,0.021921048249716413,0.0,0.021921048249716413,0.0,0.0,300.0,,,0.0,300.0,2250.0,1950.0,0.0,0.0,1.0,1.0,True
346,0.0021674345939753994,0.000774548923377201,0.0037849409141911053,0.0008429573968385048,0.008013053454701213,0.0,0.008013053454701213,0.0,0.0,10.0,30.0,20.0,0.0,10.0,30.0,20.0,0.0,0.0,0.0,0.0,False
347,0.007294297321002202,0.011417096916427102,0.13441746258179468,0.11570606834436538,0.06311441308718957,0.0,0.06311441308718957,0.0,0.0,170.0,,,0.0,170.0,3110.0,2940.0,0.0,0.0,1.0,1.0,True
348,0.012891098017821512,0.005293823169163603,0.019553083765285695,0.0013681625783005802,0.021587750078988943,0.0,0.021587750078988943,0.0,10.0,70.0,140.0,60.0,10.0,70.0,140.0,60.0,0.0,0.0,0.0,0.0,False
349,0.0050920320085018,0.0007574164121066027,0.0072183478619182034,0.001368899441309801,0.007215942790625596,0.0,0.007215942790625596,0.0,0.0,20.0,40.0,20.0,0.0,20.0,40.0,20.0,0.0,0.0,0.0,0.0,False
350,0.014827292464231784,0.008734387565931978,0.05032378768263668,0.026762107652472916,0.027230826337308223,0.0,0.027230826337308223,0.0,0.0,110.0,,,0.0,110.0,2250.0,2140.0,0.0,0.0,1.0,1.0,True
351,0.0156078085394349,0.011046058763247699,0.1349153580844702,0.1082614907817876,0.1113733961515111,0.0,0.1113733961515111,0.0,0.0,130.0,,,0.0,130.0,2670.0,2540.0,0.0,0.0,1.0,1.0,True
352,0.0104714472700035,0.007526182037693008,0.12460012512457092,0.1066024958168744,0.07719380632095652,0.0,0.07719380632095652,0.0,0.0,90.0,,,0.0,90.0,2660.0,2570.0,0.0,0.0,1.0,1.0,True
353,0.013012926534687691,0.0926025191751643,0.6969306177520213,0.5913151720421693,0.06882768251815075,0.0,0.06882768251815075,0.0,0.0,390.0,,,0.0,390.0,2370.0,1980.0,0.0,0.0,1.0,1.0,True
354,0.0028322155676251994,0.0024154945197627994,0.0059692489851586004,0.0007215388977706017,0.0409462570481105,0.0,0.0409462570481105,0.0,0.0,40.0,50.0,10.0,0.0,40.0,50.0,10.0,0.0,0.0,0.0,0.0,False
355,0.0177212991032005,0.007666199357757697,0.057658115607615495,0.0322706171466573,0.03252207185481204,0.0,0.03252207185481204,0.0,10.0,90.0,,,10.0,90.0,2190.0,2090.0,0.0,0.0,1.0,1.0,True
356,0.0035600862266425004,0.00045670609598959244,0.0048948184136101,0.0008780260909780069,0.0030867073047101123,0.0,0.0030867073047101123,0.0,0.0,10.0,30.0,20.0,0.0,10.0,30.0,20.0,0.0,0.0,0.0,0.0,False
357,0.017111072615796724,0.007681588630034125,0.029307119970269302,0.004514458724438453,0.018607030006433822,0.0,0.018607030006433822,0.0,0.0,140.0,190.0,50.0,0.0,140.0,190.0,50.0,0.0,0.0,0.0,0.0,False
358,0.01407383482888891,0.0396470509785905,0.15560161223924643,0.10188072643176702,0.03812387496053515,0.0,0.03812387496053515,0.0,0.0,310.0,,,0.0,310.0,2050.0,1740.0,0.0,0.0,1.0,1.0,True
359,0.016012676790425104,0.0006591350408535063,0.017857011428931716,0.0011851995976531055,0.03394932654257199,0.0,0.03394932654257199,0.0,0.0,20.0,30.0,10.0,0.0,20.0,30.0,10.0,0.0,0.0,0.0,0.0,False
360,0.0035322487877931,0.0014827016672072993,0.005068384041475998,5.343358647559929e-05,0.02770657179200009,0.0,0.02770657179200009,0.0,10.0,50.0,60.0,0.0,10.0,50.0,60.0,0.0,0.0,0.0,0.0,0.0,False
361,0.006007502706312,0.005911765035440497,0.0847000417708933,0.0727807740291408,0.04083410968345719,0.0,0.04083410968345719,0.0,0.0,90.0,,,0.0,90.0,3050.0,2960.0,0.0,0.0,1.0,1.0,True
362,0.012604836843399594,0.002971514240806092,0.01836556418426559,0.0027892131000599035,0.12402306191734869,0.0,0.12402306191734869,0.0,0.0,40.0,80.0,40.0,0.0,40.0,80.0,40.0,0.0,0.0,0.0,0.0,False
363,0.014328753551458906,0.004343066273420404,0.08755483546491269,0.06888301564003338,0.07833663266923008,0.0,0.07833663266923008,0.0,0.0,60.0,,,0.0,60.0,2760.0,2700.0,0.0,0.0,1.0,1.0,True
364,0.017475054938430712,0.019990892185821618,0.08552625993610602,0.04806031281185369,0.019015144817939533,0.0,0.019015144817939533,0.0,0.0,230.0,,,0.0,230.0,2010.0,1780.0,0.0,0.0,1.0,1.0,True
365,0.008618438554644975,0.008997190618722783,0.0724028275809038,0.05478719840753604,0.001709888163825224,0.0,0.001709888163825224,0.0,10.0,120.0,,,10.0,120.0,2160.0,2030.0,0.0,0.0,1.0,1.0,True
366,0.012170538556444302,0.008989962919653607,0.08346177490437699,0.06230127342827908,0.019566839970567962,0.0,0.019566839970567962,0.0,0.0,110.0,,,0.0,110.0,2460.0,2350.0,0.0,0.0,1.0,1.0,True
367,0.007973300552493096,0.02087882216283099,0.0316112718062862,0.0027591490909621152,0.00963961567227245,0.0,0.00963961567227245,0.0,10.0,260.0,330.0,60.0,10.0,260.0,330.0,60.0,0.0,0.0,0.0,0.0,False
368,0.012417133596134097,0.0010859440588227992,0.0140587796754022,0.0005557020204453034,0.06410828755189618,0.0,0.06410828755189618,0.0,0.0,20.0,30.0,10.0,0.0,20.0,30.0,10.0,0.0,0.0,0.0,0.0,False
369,0.013615886155606605,0.01266715768473839,0.13164237692250338,0.10535933308215839,0.09927994849424648,0.0,0.09927994849424648,0.0,0.0,210.0,,,0.0,210.0,2700.0,2490.0,0.0,0.0,1.0,1.0,True
370,0.009159214281539901,0.0189524513428386,0.029106834261176592,0.000995168636798091,0.031686787743973266,0.0,0.031686787743973266,0.0,10.0,270.0,300.0,20.0,10.0,270.0,300.0,20.0,0.0,0.0,0.0,0.0,False
371,0.0258953712128335,0.041479159266725796,0.741218195147576,0.6738436646680168,0.05782569365711965,0.0,0.05782569365711965,0.0,0.0,180.0,,,0.0,180.0,2280.0,2100.0,0.0,0.0,1.0,1.0,True
372,0.004419720246811497,0.004125960553113095,0.010633373187963896,0.002087692388039304,0.01663863731107712,0.0,0.01663863731107712,0.0,0.0,60.0,80.0,20.0,0.0,60.0,80.0,20.0,0.0,0.0,0.0,0.0,False
373,0.005698406669759105,0.0046284942163567,0.009262659352332003,-0.0010642415337838024,0.035479323373747595,0.0,0.035479323373747595,0.0,10.0,110.0,120.0,0.0,10.0,110.0,120.0,0.0,0.0,0.0,0.0,0.0,False
374,0.008787159781469295,0.011923627290129996,0.08199614278603659,0.0612853557144373,0.005726297880021547,0.0,0.005726297880021547,0.0,0.0,150.0,,,0.0,150.0,2570.0,2420.0,0.0,0.0,1.0,1.0,True
375,0.01419370211051188,0.02185245713724679,0.1269496349852391,0.09090347573748042,0.029735405021106054,0.0,0.029735405021106054,0.0,0.0,220.0,,,0.0,220.0,2200.0,1980.0,0.0,0.0,1.0,1.0,True
376,0.005122689109007997,0.0010640026215702064,0.0080465747394316,0.0018598830088533969,0.008435248043163368,0.0,0.008435248043163368,0.0,10.0,30.0,60.0,20.0,10.0,30.0,60.0,20.0,0.0,0.0,0.0,0.0,False
377,0.014560768845490096,0.0429184458601338,0.15970874325607332,0.10222952855044942,0.0260646503245735,0.0,0.0260646503245735,0.0,10.0,340.0,,,10.0,340.0,2290.0,1940.0,0.0,0.0,1.0,1.0,True
378,0.021305592111585114,0.012166837886809223,0.0899521550381677,0.05647972503977336,0.08952941131553538,0.0,0.08952941131553538,0.0,0.0,150.0,,,0.0,150.0,2330.0,2180.0,0.0,0.0,1.0,1.0,True
379,0.0143444023926627,0.0016621165773609003,0.01788647888878811,0.0018799599187645094,0.16048377018943294,0.0,0.16048377018943294,0.0,0.0,40.0,60.0,20.0,0.0,40.0,60.0,20.0,0.0,0.0,0.0,0.0,False
380,0.00983153159245051,0.039788442063988516,0.09560414386797764,0.04598417021153861,0.00341088089631425,0.0,0.00341088089631425,0.0,0.0,300.0,180.0,-120.0,0.0,300.0,180.0,-120.0,0.0,0.0,0.0,0.0,False
381,0.004557132965737301,0.004691275758087303,0.010922944801222002,0.0016745360773973983,0.025548569119645703,0.0,0.025548569119645703,0.0,0.0,70.0,90.0,20.0,0.0,70.0,90.0,20.0,0.0,0.0,0.0,0.0,False
382,0.02373924381326989,0.024824187801075176,0.1574908080728318,0.10892737645848674,0.043298856906359706,0.0,0.043298856906359706,0.0,0.0,220.0,,,0.0,220.0,1670.0,1450.0,0.0,0.0,1.0,1.0,True
383,0.008751013155497797,0.008476575292385297,0.020794692384925498,0.003567103937042404,0.01843408077618547,0.0,0.01843408077618547,0.0,0.0,120.0,160.0,40.0,0.0,120.0,160.0,40.0,0.0,0.0,0.0,0.0,False
384,0.010658469808182802,0.00747646244569769,0.07776566194042639,0.0596307296865459,0.005763697581833593,0.0,0.005763697581833593,0.0,0.0,80.0,,,0.0,80.0,2290.0,2210.0,0.0,0.0,1.0,1.0,True
385,0.011194820559038698,0.014013983520987677,0.0820551725651808,0.056846368485154425,0.006224361948274915,0.0,0.006224361948274915,0.0,10.0,160.0,,,10.0,160.0,2290.0,2120.0,0.0,0.0,1.0,1.0,True
386,0.0084579333740212,0.0019062902514551013,0.0905838858093,0.0802196621838237,0.11068298516690539,0.0,0.11068298516690539,0.0,10.0,50.0,,,10.0,50.0,3230.0,3170.0,0.0,0.0,1.0,1.0,True
387,0.011492516731591407,0.025110734318879585,0.1454400050758009,0.10883675402532991,0.0138448904237638,0.0,0.0138448904237638,0.0,0.0,230.0,,,0.0,230.0,2190.0,1960.0,0.0,0.0,1.0,1.0,True
388,0.014794213808646595,0.022326448715466296,0.052257411589659686,0.015136749065546795,0.008688409875982184,0.0,0.008688409875982184,0.0,0.0,270.0,370.0,100.0,0.0,270.0,370.0,100.0,0.0,0.0,0.0,0.0,False
389,0.009845094490525313,0.0354216371020776,0.1491521216211912,0.10388539002858829,0.066427025299989,0.0,0.066427025299989,0.0,0.0,290.0,,,0.0,290.0,2120.0,1830.0,0.0,0.0,1.0,1.0,True
390,0.014812567097378104,0.012523061560094695,0.144101659956821,0.1167660312993482,0.049380859241759834,0.0,0.049380859241759834,0.0,0.0,140.0,,,0.0,140.0,2430.0,2290.0,0.0,0.0,1.0,1.0,True
391,0.010572795056293993,0.004491903120544399,0.08488964815554079,0.0698249499787024,0.024383755097825532,0.0,0.024383755097825532,0.0,0.0,70.0,,,0.0,70.0,2810.0,2740.0,0.0,0.0,1.0,1.0,True
392,0.01687259293100149,0.012037602741305387,0.1223437248085808,0.09343352913627392,0.04775676096282633,0.0,0.04775676096282633,0.0,0.0,120.0,,,0.0,120.0,2300.0,2180.0,0.0,0.0,1.0,1.0,True
393,0.0063894152542367105,0.017373288341318197,0.0162666623395208,-0.0074960412560341055,0.004574150356588591,0.0,0.004574150356588591,0.0,0.0,240.0,230.0,-10.0,0.0,240.0,230.0,-10.0,0.0,0.0,0.0,0.0,False
394,0.0125346715537097,0.0003623289272486063,0.013394456268983501,0.0004974557880251945,0.09444015930527783,0.0,0.09444015930527783,0.0,0.0,0.0,10.0,10.0,0.0,0.0,10.0,10.0,0.0,0.0,0.0,0.0,False
395,0.0059922878544173,0.0007079437597933003,0.007766113432530301,0.0010658818183197014,0.028219924391484352,0.0,0.028219924391484352,0.0,0.0,10.0,30.0,20.0,0.0,10.0,30.0,20.0,0.0,0.0,0.0,0.0,False
396,0.005873094835194902,0.0001052875141368051,0.006322986878120503,0.00034460452878879583,0.05293833975424972,0.0,0.05293833975424972,0.0,10.0,0.0,20.0,10.0,10.0,0.0,20.0,10.0,0.0,0.0,0.0,0.0,False
397,0.0128432712296217,0.016459875683248304,0.1153589828137172,0.0860558359008472,0.016259558601486646,0.0,0.016259558601486646,0.0,10.0,200.0,,,10.0,200.0,2290.0,2080.0,0.0,0.0,1.0,1.0,True
398,0.0026769572188625017,0.000259155394527099,0.0034445189478584,0.0005084063344687993,0.024078757358525715,0.0,0.024078757358525715,0.0,0.0,10.0,30.0,20.0,0.0,10.0,30.0,20.0,0.0,0.0,0.0,0.0,False
399,0.009059089007454904,0.003863837296218399,0.012442762375668298,-0.0004801639280050049,0.044005147213170503,0.0,0.044005147213170503,0.0,0.0,70.0,120.0,50.0,0.0,70.0,120.0,50.0,0.0,0.0,0.0,0.0,False
400,0.016512710459876,0.011048095769760694,0.028619647745305885,0.0010588415156691927,0.10455698961726556,0.0,0.10455698961726556,0.0,0.0,160.0,180.0,20.0,0.0,160.0,180.0,20.0,0.0,0.0,0.0,0.0,False
401,0.0060136424110285025,0.015813887456027603,0.11189479524940671,0.0900672653823506,0.014876632749773355,0.0,0.014876632749773355,0.0,0.0,200.0,,,0.0,200.0,2340.0,2140.0,0.0,0.0,1.0,1.0,True
402,0.01864099759249581,0.017111516272070318,0.13383855892133179,0.09808604505676566,0.02978423553822296,0.0,0.02978423553822296,0.0,0.0,190.0,,,0.0,190.0,2400.0,2210.0,0.0,0.0,1.0,1.0,True
403,0.017271922790611016,0.05264908282120251,0.162432128227035,0.09251112261522149,0.0546370303465713,0.0,0.0546370303465713,0.0,10.0,360.0,,,10.0,360.0,2110.0,1740.0,0.0,0.0,1.0,1.0,True
404,0.0172191255064556,0.03437243863270931,0.14812697041136003,0.09653540627219512,0.06773982882722784,0.0,0.06773982882722784,0.0,0.0,380.0,,,0.0,380.0,2350.0,1970.0,0.0,0.0,1.0,1.0,True
405,0.007488709598296006,0.02522613101724741,0.1455643644153771,0.11284952379983368,0.08892879879891569,0.0,0.08892879879891569,0.0,0.0,260.0,,,0.0,260.0,2830.0,2570.0,0.0,0.0,1.0,1.0,True
406,0.002806367898025401,0.0031499012460410036,0.006137430795856602,0.00018116165179019733,0.02193853556279307,0.0,0.02193853556279307,0.0,0.0,40.0,50.0,10.0,0.0,40.0,50.0,10.0,0.0,0.0,0.0,0.0,False
407,0.009356019764015011,0.008346456852449502,0.1327271754820385,0.11502469886557398,0.03401097603358427,0.0,0.03401097603358427,0.0,10.0,110.0,,,10.0,110.0,2810.0,2690.0,0.0,0.0,1.0,1.0,True
408,0.008879976038934617,0.011825379801554597,0.1150436964507032,0.09433834061021398,0.010142367553329423,0.0,0.010142367553329423,0.0,10.0,120.0,,,10.0,120.0,2280.0,2150.0,0.0,0.0,1.0,1.0,True
409,0.013624237133538303,0.024445613457530407,0.7591321402133393,0.7210622896222706,0.09461034650733346,0.0,0.09461034650733346,0.0,0.0,340.0,,,0.0,340.0,2560.0,2220.0,0.0,0.0,1.0,1.0,True
410,0.005446081314521803,0.00010407938699340258,0.006003008181279704,0.00045284747976449824,0.02193712540213083,0.0,0.02193712540213083,0.0,0.0,0.0,10.0,10.0,0.0,0.0,10.0,10.0,0.0,0.0,0.0,0.0,False
411,0.009714406673860199,0.018496886531312595,0.1166329701356485,0.0884216769304757,0.0417424342143391,0.0,0.0417424342143391,0.0,0.0,220.0,,,0.0,220.0,2230.0,2010.0,0.0,0.0,1.0,1.0,True
412,0.0003760765954314016,2.3884317079300374e-05,0.0004293171798122001,2.9356267301498123e-05,0.005765275020759603,0.0,0.005765275020759603,0.0,0.0,0.0,0.0,0.0,0.0,0.0,0.0,0.0,0.0,0.0,0.0,0.0,False
413,0.00827616944464149,0.000716842868593498,0.010132748995200391,0.0011397366819654031,0.02737891409417942,0.0,0.02737891409417942,0.0,0.0,10.0,30.0,20.0,0.0,10.0,30.0,20.0,0.0,0.0,0.0,0.0,False
414,0.016685655440404998,0.010818558583636007,0.032283207492341995,0.0047789934683009905,0.09127365190192249,0.0,0.09127365190192249,0.0,0.0,140.0,230.0,90.0,0.0,140.0,230.0,90.0,0.0,0.0,0.0,0.0,False
415,0.009933214035856508,0.004119408500953103,0.08011002155975712,0.06605739902294751,0.035300590160446677,0.0,0.035300590160446677,0.0,0.0,40.0,,,0.0,40.0,2680.0,2640.0,0.0,0.0,1.0,1.0,True
416,0.016855537564789497,0.013342945021801791,0.13685718792688017,0.10665870534028889,0.09902197230412346,0.0,0.09902197230412346,0.0,0.0,130.0,,,0.0,130.0,2780.0,2650.0,0.0,0.0,1.0,1.0,True
417,0.016866043964664304,0.0010034680256953976,0.020606624088839592,0.002737112098479891,0.08912135311515545,0.0,0.08912135311515545,0.0,0.0,20.0,60.0,40.0,0.0,20.0,60.0,40.0,0.0,0.0,0.0,0.0,False
418,0.0065467118699784055,0.0026843843372087034,0.0786617925097125,0.0694306963025254,0.013339722801948506,0.0,0.013339722801948506,0.0,0.0,40.0,,,0.0,40.0,2870.0,2830.0,0.0,0.0,1.0,1.0,True
419,0.01638488578590891,0.034457573909850686,0.12774286102526927,0.07690040132950968,0.05645488115241892,0.0,0.05645488115241892,0.0,0.0,210.0,,,0.0,210.0,2360.0,2150.0,0.0,0.0,1.0,1.0,True
420,0.006012535224757601,0.000264254845018394,0.006917291128170799,0.0006405010583948045,0.007980739148071958,0.0,0.007980739148071958,0.0,0.0,0.0,10.0,10.0,0.0,0.0,10.0,10.0,0.0,0.0,0.0,0.0,False
421,0.01775347219635222,0.034323299052891706,0.16444623669974273,0.11236946545049882,0.07002872306293062,0.0,0.07002872306293062,0.0,0.0,300.0,,,0.0,300.0,2490.0,2190.0,0.0,0.0,1.0,1.0,True
422,0.012790020449038292,0.04851757109550578,0.753458366793732,0.6921507752491879,0.0977525125351244,0.0,0.0977525125351244,0.0,0.0,210.0,,,0.0,210.0,2330.0,2120.0,0.0,0.0,1.0,1.0,True
423,0.0,0.0002695664067089987,0.0002695664067089987,0.0,0.0,0.0,0.0,0.0,0.0,10.0,10.0,0.0,0.0,10.0,10.0,0.0,0.0,0.0,0.0,0.0,False
424,0.005510597873797901,0.007692158542274299,0.0816356042713369,0.0684328478552647,0.027602560704337087,0.0,0.027602560704337087,0.0,0.0,100.0,,,0.0,100.0,2890.0,2790.0,0.0,0.0,1.0,1.0,True
425,0.021301773716705608,0.02276516910503712,0.1369870770792831,0.09292013425754037,0.08130198860646265,0.0,0.08130198860646265,0.0,0.0,200.0,,,0.0,200.0,2330.0,2130.0,0.0,0.0,1.0,1.0,True
426,0.012596986871195398,0.018861643159062594,0.1332453608734709,0.10178673084321292,0.02671925161053501,0.0,0.02671925161053501,0.0,0.0,200.0,,,0.0,200.0,2600.0,2400.0,0.0,0.0,1.0,1.0,True
427,0.013242966380872703,0.017106203167398706,0.8050362900844499,0.7746871205361784,0.10276524189944813,0.0,0.10276524189944813,0.0,10.0,110.0,,,10.0,110.0,2870.0,2750.0,0.0,0.0,1.0,1.0,True
428,0.01260670537659371,0.011851702839814113,0.128898325731579,0.10443991751517118,0.0570554505984342,0.0,0.0570554505984342,0.0,0.0,140.0,,,0.0,140.0,2560.0,2420.0,0.0,0.0,1.0,1.0,True
429,0.008233893817864005,0.003993948045445311,0.013259797403933904,0.0010319555406245878,0.039216967660951896,0.0,0.039216967660951896,0.0,0.0,60.0,80.0,20.0,0.0,60.0,80.0,20.0,0.0,0.0,0.0,0.0,False
430,0.017859349626359683,0.008991938597745108,0.030515107395725383,0.0036638191716205915,0.0783217068129618,0.0,0.0783217068129618,0.0,10.0,120.0,170.0,40.0,10.0,120.0,170.0,40.0,0.0,0.0,0.0,0.0,False
431,0.0083977047149381,0.006169926639026005,0.013444887775701297,-0.0011227435782628081,0.019653421618093747,0.0,0.019653421618093747,0.0,0.0,90.0,140.0,50.0,0.0,90.0,140.0,50.0,0.0,0.0,0.0,0.0,False
432,0.007747433100175005,0.004260652605638307,0.01399163085890541,0.0019835451530920978,0.019099136511044,0.0,0.019099136511044,0.0,10.0,60.0,80.0,10.0,10.0,60.0,80.0,10.0,0.0,0.0,0.0,0.0,False
433,0.008442191105245703,0.0137151088558371,0.020391477929571702,-0.0017658220315110995,0.01703477140928844,0.0,0.01703477140928844,0.0,0.0,180.0,200.0,20.0,0.0,180.0,200.0,20.0,0.0,0.0,0.0,0.0,False
434,0.01269107091024041,0.013346858572814924,0.1248265308445825,0.09878860136152717,0.0602983561992656,0.0,0.0602983561992656,0.0,0.0,140.0,,,0.0,140.0,2400.0,2260.0,0.0,0.0,1.0,1.0,True
435,0.011858055426145098,0.008965899147724998,0.014877188103244093,-0.005946766470626003,0.008128669659238419,0.0,0.008128669659238419,0.0,0.0,100.0,120.0,20.0,0.0,100.0,120.0,20.0,0.0,0.0,0.0,0.0,False
436,0.0172970946216556,0.088066731868093,0.6296933291993239,0.5243295027095752,0.05252769755528497,0.0,0.05252769755528497,0.0,10.0,310.0,,,10.0,310.0,1980.0,1660.0,0.0,0.0,1.0,1.0,True
437,0.0066224145413951024,1.373428460829662e-05,0.006759755206896298,0.00012360638089289888,0.02918254592108499,0.0,0.02918254592108499,0.0,10.0,0.0,10.0,0.0,10.0,0.0,10.0,0.0,0.0,0.0,0.0,0.0,False
438,0.008421009841694596,0.007265554301882693,0.012468392602088194,-0.0032181715414890955,0.012840337649377198,0.0,0.012840337649377198,0.0,0.0,110.0,150.0,40.0,0.0,110.0,150.0,40.0,0.0,0.0,0.0,0.0,False
439,0.013437175541172797,0.04607716380185539,0.13915321417640447,0.07963887483337628,0.042979581223488106,0.0,0.042979581223488106,0.0,0.0,350.0,,,0.0,350.0,1880.0,1530.0,0.0,0.0,1.0,1.0,True
440,0.01342869704763669,0.006409772738993902,0.023030880680301208,0.0031924108936706164,0.05479798818182391,0.0,0.05479798818182391,0.0,10.0,90.0,140.0,40.0,10.0,90.0,140.0,40.0,0.0,0.0,0.0,0.0,False
441,0.010363483082999309,0.0081199823802795,0.08767647728657751,0.0691930118232987,0.052958533887409565,0.0,0.052958533887409565,0.0,10.0,100.0,,,10.0,100.0,2740.0,2630.0,0.0,0.0,1.0,1.0,True
442,0.01243869892516171,0.015036550824782405,0.0926947543378914,0.06521950458794729,0.03156655830998856,0.0,0.03156655830998856,0.0,0.0,200.0,,,0.0,200.0,2560.0,2360.0,0.0,0.0,1.0,1.0,True
443,0.017467296934634724,0.01429717442744391,0.12239037498490452,0.09062590362282588,0.04714600798872559,0.0,0.04714600798872559,0.0,0.0,160.0,,,0.0,160.0,2250.0,2090.0,0.0,0.0,1.0,1.0,True
444,0.0210541376030422,0.02724120409929809,0.6985731123370034,0.6502777706346631,0.052293575803023296,0.0,0.052293575803023296,0.0,0.0,270.0,,,0.0,270.0,2280.0,2010.0,0.0,0.0,1.0,1.0,True
445,0.02579474975692031,0.023623293121316308,0.6665323530166408,0.6171143101384042,0.0813151386992671,0.0,0.0813151386992671,0.0,0.0,190.0,,,0.0,190.0,1860.0,1670.0,0.0,0.0,1.0,1.0,True
446,0.006412692850814389,0.01146216169374889,0.0791111648746905,0.06123631033012722,0.006463962589067784,0.0,0.006463962589067784,0.0,10.0,170.0,,,10.0,170.0,2640.0,2460.0,0.0,0.0,1.0,1.0,True
447,0.01185578457904031,0.0020402935897265995,0.0157631343637767,0.001867056195009792,0.06636233081130638,0.0,0.06636233081130638,0.0,0.0,40.0,60.0,20.0,0.0,40.0,60.0,20.0,0.0,0.0,0.0,0.0,False
448,0.010684581647790493,0.004375130184610505,0.015185066255987097,0.00012535442358609789,0.05440645713768866,0.0,0.05440645713768866,0.0,0.0,60.0,90.0,30.0,0.0,60.0,90.0,30.0,0.0,0.0,0.0,0.0,False
449,0.01056494037144598,0.021741680574068584,0.11248855589354612,0.08018193494803155,0.01179545266643145,0.0,0.01179545266643145,0.0,0.0,260.0,,,0.0,260.0,2070.0,1810.0,0.0,0.0,1.0,1.0,True
450,0.02022885938377081,0.016937727361349603,0.1281336168614472,0.09096703011632679,0.09477045927827987,0.0,0.09477045927827987,0.0,0.0,200.0,,,0.0,200.0,2230.0,2030.0,0.0,0.0,1.0,1.0,True
451,0.004855480622177499,0.007034812916812308,0.012068524987075002,0.00017823144808519487,0.0063309424941858095,0.0,0.0063309424941858095,0.0,0.0,110.0,130.0,20.0,0.0,110.0,130.0,20.0,0.0,0.0,0.0,0.0,False
452,0.010737319017973299,0.0011920873889664924,0.014267526898291097,0.002338120491351306,0.09696740872353593,0.0,0.09696740872353593,0.0,10.0,20.0,50.0,20.0,10.0,20.0,50.0,20.0,0.0,0.0,0.0,0.0,False
453,0.006105158997072098,0.0001384876951162975,0.0066479218545955,0.0004042751624071042,0.03253392649478326,0.0,0.03253392649478326,0.0,0.0,10.0,20.0,10.0,0.0,10.0,20.0,10.0,0.0,0.0,0.0,0.0,False
454,0.009461524119335596,0.012915676850894106,0.1553505459290196,0.13297334495878987,0.025366821969093956,0.0,0.025366821969093956,0.0,0.0,130.0,,,0.0,130.0,2720.0,2590.0,0.0,0.0,1.0,1.0,True
455,0.0,0.005698563748217096,0.005698563748217096,0.0,0.0,0.0,0.0,0.0,0.0,90.0,90.0,0.0,0.0,90.0,90.0,0.0,0.0,0.0,0.0,0.0,False
456,0.005213041073700492,0.0012149854261597898,0.0075962716707072,0.0011682451708469183,0.013281219524185761,0.0,0.013281219524185761,0.0,0.0,30.0,40.0,10.0,0.0,30.0,40.0,10.0,0.0,0.0,0.0,0.0,False
457,0.007388968957308312,0.004254175908399507,0.013954325078281704,0.002311180212573885,0.031029688820148782,0.0,0.031029688820148782,0.0,0.0,70.0,100.0,30.0,0.0,70.0,100.0,30.0,0.0,0.0,0.0,0.0,False
458,0.019218074094979803,0.015635080473680785,0.08357906169066412,0.04872590712200353,0.00885336923055946,0.0,0.00885336923055946,0.0,0.0,170.0,,,0.0,170.0,1670.0,1500.0,0.0,0.0,1.0,1.0,True
459,0.004732665936310096,0.000746257075804696,0.006596198902831196,0.0011172758907164043,0.02698620937323165,0.0,0.02698620937323165,0.0,0.0,20.0,40.0,20.0,0.0,20.0,40.0,20.0,0.0,0.0,0.0,0.0,False
460,0.01361557474027461,0.04567317114269459,0.16363134408702062,0.10434259820405142,0.03014698140223393,0.0,0.03014698140223393,0.0,0.0,370.0,,,0.0,370.0,2170.0,1800.0,0.0,0.0,1.0,1.0,True
461,0.0058683511390921,0.0063541549953781,0.014363327365926805,0.002140821231456605,0.15069760845578284,0.0,0.15069760845578284,0.0,0.0,90.0,120.0,30.0,0.0,90.0,120.0,30.0,0.0,0.0,0.0,0.0,False
462,0.01499737156273348,0.012839673389259093,0.08261624042055288,0.054779195468560304,0.08195462652724095,0.0,0.08195462652724095,0.0,0.0,150.0,,,0.0,150.0,2330.0,2180.0,0.0,0.0,1.0,1.0,True
463,0.008174145083018891,0.0050125812055354935,0.12634873051752848,0.1131620042289741,0.0279045580153629,0.0,0.0279045580153629,0.0,0.0,80.0,,,0.0,80.0,2820.0,2740.0,0.0,0.0,1.0,1.0,True
464,0.010230856451761597,0.004760537290565997,0.01752967721959639,0.0025382834772687962,0.024137394752447028,0.0,0.024137394752447028,0.0,0.0,60.0,90.0,30.0,0.0,60.0,90.0,30.0,0.0,0.0,0.0,0.0,False
465,0.014301778692456912,0.008359867846211705,0.12356222877299192,0.1009005822343233,0.0899439986336682,0.0,0.0899439986336682,0.0,0.0,110.0,,,0.0,110.0,2450.0,2340.0,0.0,0.0,1.0,1.0,True
466,0.009215634247757107,0.008481690487049304,0.1327288606965041,0.1150315359616977,0.03474850956367509,0.0,0.03474850956367509,0.0,0.0,100.0,,,0.0,100.0,2900.0,2800.0,0.0,0.0,1.0,1.0,True
467,0.016188696366469607,0.06722363921569982,0.13445586293171913,0.0510435273495497,0.0666157870702968,0.0,0.0666157870702968,0.0,0.0,220.0,50.0,-170.0,0.0,220.0,50.0,-170.0,0.0,0.0,0.0,0.0,False
468,0.01582513085397999,0.01006244897998168,0.061763931429118596,0.035876351595156925,0.014630713112927962,0.0,0.014630713112927962,0.0,0.0,120.0,,,0.0,120.0,2210.0,2090.0,0.0,0.0,1.0,1.0,True
469,0.016432751683177302,0.0105548309841023,0.09492567777963451,0.06793809511235491,0.0708474260903022,0.0,0.0708474260903022,0.0,0.0,140.0,,,0.0,140.0,2750.0,2610.0,0.0,0.0,1.0,1.0,True
470,0.009575344370549188,0.010251008601419198,0.0232174790545025,0.0033911260825341127,0.002138584779195596,0.0,0.002138584779195596,0.0,0.0,150.0,190.0,40.0,0.0,150.0,190.0,40.0,0.0,0.0,0.0,0.0,False
471,0.010530274604267198,0.0042993299389468,0.0753004778767142,0.06047087333350021,0.0032278255026545466,0.0,0.0032278255026545466,0.0,0.0,60.0,,,0.0,60.0,2370.0,2310.0,0.0,0.0,1.0,1.0,True
472,0.012419575123809284,0.011043052932422692,0.076280812202116,0.05281818414588402,0.014093324316041489,0.0,0.014093324316041489,0.0,0.0,210.0,,,0.0,210.0,2290.0,2080.0,0.0,0.0,1.0,1.0,True
473,0.01463598249525129,0.010599626651657298,0.1271124590172904,0.10187684987038181,0.07335396515592463,0.0,0.07335396515592463,0.0,10.0,110.0,,,10.0,110.0,2560.0,2440.0,0.0,0.0,1.0,1.0,True
474,0.0079014634469175,0.00029413576426429167,0.008960573560909693,0.000764974349727901,0.017229867894765827,0.0,0.017229867894765827,0.0,0.0,10.0,20.0,10.0,0.0,10.0,20.0,10.0,0.0,0.0,0.0,0.0,False
475,0.02225374881299501,0.016662370484263403,0.14114890928739826,0.10223278999013985,0.13943487029037238,0.0,0.13943487029037238,0.0,10.0,200.0,,,10.0,200.0,2580.0,2370.0,0.0,0.0,1.0,1.0,True
476,0.013761349394951106,0.023320115366316313,0.09553717715717419,0.05845571239590677,0.027432867506518188,0.0,0.027432867506518188,0.0,0.0,220.0,,,0.0,220.0,2350.0,2130.0,0.0,0.0,1.0,1.0,True
477,0.0011604160843555998,0.0006838045179412,0.001987824883447502,0.00014360428115070198,0.01223805216466961,0.0,0.01223805216466961,0.0,0.0,10.0,10.0,0.0,0.0,10.0,10.0,0.0,0.0,0.0,0.0,0.0,False
478,0.016107401517292397,0.012457257122495,0.7786435291133379,0.7500788704735505,0.05316401772988011,0.0,0.05316401772988011,0.0,10.0,160.0,,,10.0,160.0,2590.0,2420.0,0.0,0.0,1.0,1.0,True
479,0.005757956660314298,0.000588394113096205,0.007370063706772109,0.0010237129333616063,0.02400127278836728,0.0,0.02400127278836728,0.0,0.0,10.0,20.0,10.0,0.0,10.0,20.0,10.0,0.0,0.0,0.0,0.0,False
480,0.012711730118825204,0.02830726074883491,0.14710985945139513,0.10609086858373501,0.020107399736795095,0.0,0.020107399736795095,0.0,10.0,220.0,,,10.0,220.0,2380.0,2150.0,0.0,0.0,1.0,1.0,True
481,0.010398099817456888,0.004575858067322289,0.012529640701277892,-0.002444317183501285,0.024574396343634675,0.0,0.024574396343634675,0.0,0.0,70.0,140.0,70.0,0.0,70.0,140.0,70.0,0.0,0.0,0.0,0.0,False
482,0.011628707272552302,0.006469302073906696,0.0191934921467862,0.0010954828003272021,0.1551096647740059,0.0,0.1551096647740059,0.0,0.0,90.0,100.0,10.0,0.0,90.0,100.0,10.0,0.0,0.0,0.0,0.0,False
483,0.0041558826466796955,0.0012710676972232937,0.005450606022415705,2.365567851271566e-05,0.007131719375271184,0.0,0.007131719375271184,0.0,0.0,20.0,20.0,0.0,0.0,20.0,20.0,0.0,0.0,0.0,0.0,0.0,False
484,0.00603866972756531,0.012682358614889103,0.1229041453634773,0.10418311702102288,0.005111003616391274,0.0,0.005111003616391274,0.0,0.0,130.0,,,0.0,130.0,2650.0,2520.0,0.0,0.0,1.0,1.0,True
485,0.014093726387335304,0.022175915661819395,0.15727779328750988,0.12100815123835518,0.061345367882738144,0.0,0.061345367882738144,0.0,10.0,210.0,,,10.0,210.0,2650.0,2430.0,0.0,0.0,1.0,1.0,True
486,0.010540238707665406,0.0035981693168724016,0.0142546647787581,0.00011625675422029247,0.060708132233400436,0.0,0.060708132233400436,0.0,10.0,70.0,90.0,10.0,10.0,70.0,90.0,10.0,0.0,0.0,0.0,0.0,False
487,0.013961970598850695,0.008813666815053398,0.1405669816034566,0.11779134418955252,0.1535217503615871,0.0,0.1535217503615871,0.0,10.0,110.0,,,10.0,110.0,3040.0,2920.0,0.0,0.0,1.0,1.0,True
488,0.01756066315901869,0.011869445937768897,0.08785342740849919,0.0584233183117116,0.025747788214809386,0.0,0.025747788214809386,0.0,0.0,140.0,,,0.0,140.0,2330.0,2190.0,0.0,0.0,1.0,1.0,True
489,0.007973777435360499,0.004397628093049888,0.015510935639588788,0.0031395301111784013,0.03839496311753321,0.0,0.03839496311753321,0.0,0.0,70.0,130.0,60.0,0.0,70.0,130.0,60.0,0.0,0.0,0.0,0.0,False
490,0.0083759086236639,0.021251575357573896,0.14302995511704297,0.11340247113580519,0.048884220120675725,0.0,0.048884220120675725,0.0,0.0,200.0,,,0.0,200.0,2620.0,2420.0,0.0,0.0,1.0,1.0,True
491,0.02129243267370229,0.044975154158802905,0.1601280996587304,0.0938605128262252,0.062321684248601406,0.0,0.062321684248601406,0.0,0.0,300.0,,,0.0,300.0,1930.0,1630.0,0.0,0.0,1.0,1.0,True
492,0.0150397729224781,0.04636669609617061,0.17451342688075622,0.1131069578621075,0.02857653855944764,0.0,0.02857653855944764,0.0,0.0,330.0,,,0.0,330.0,1790.0,1460.0,0.0,0.0,1.0,1.0,True
493,0.013045749210447405,0.004779743834998393,0.020494466542349904,0.0026689734969041062,0.04283216320456473,0.0,0.04283216320456473,0.0,10.0,90.0,110.0,10.0,10.0,90.0,110.0,10.0,0.0,0.0,0.0,0.0,False
494,0.012409822172616297,0.007598872919487701,0.1373369740322249,0.11732827894012089,0.07951589270370185,0.0,0.07951589270370185,0.0,0.0,100.0,,,0.0,100.0,2870.0,2770.0,0.0,0.0,1.0,1.0,True
495,0.015228838574033704,0.010898582255339906,0.023280099973132906,-0.0028473208562407037,0.11677264735304926,0.0,0.11677264735304926,0.0,0.0,140.0,190.0,50.0,0.0,140.0,190.0,50.0,0.0,0.0,0.0,0.0,False
496,0.004296019057418887,0.01616110426006301,0.0784291237772532,0.0579720004597713,0.007793917164026665,0.0,0.007793917164026665,0.0,0.0,180.0,,,0.0,180.0,2500.0,2320.0,0.0,0.0,1.0,1.0,True
497,0.015701095463329984,0.005997424664093198,0.02400070236171159,0.002302182234288408,0.09612461872266509,0.0,0.09612461872266509,0.0,0.0,90.0,120.0,30.0,0.0,90.0,120.0,30.0,0.0,0.0,0.0,0.0,False
498,0.013687156796928973,0.010480525111098982,0.06472693327140977,0.040559251363381815,0.03818114529899452,0.0,0.03818114529899452,0.0,10.0,160.0,,,10.0,160.0,2020.0,1850.0,0.0,0.0,1.0,1.0,True
499,0.011496636138901506,0.0003967000721852021,0.013021970384425291,0.001128634173338583,0.05046117309724951,0.0,0.05046117309724951,0.0,10.0,10.0,30.0,10.0,10.0,10.0,30.0,10.0,0.0,0.0,0.0,0.0,False
500,0.015067334241590888,0.004400301977658186,0.022361600748673396,0.0028939645294243227,0.043567982838687014,0.0,0.043567982838687014,0.0,0.0,70.0,100.0,30.0,0.0,70.0,100.0,30.0,0.0,0.0,0.0,0.0,False
501,0.0062451260027232,0.012778618969159598,0.1343382638212517,0.11531451884936889,0.04108434073997769,0.0,0.04108434073997769,0.0,0.0,220.0,,,0.0,220.0,3020.0,2800.0,0.0,0.0,1.0,1.0,True
502,0.0038840473976035003,0.0005110850890580991,0.0859725787305635,0.08157744624390191,0.05675309380198881,0.0,0.05675309380198881,0.0,10.0,10.0,,,10.0,10.0,3400.0,3380.0,0.0,0.0,1.0,1.0,True
503,0.0006844705248832995,0.00021304501333809997,0.0011530593556876995,0.00025554381746629995,0.005923098657660553,0.0,0.005923098657660553,0.0,0.0,10.0,10.0,0.0,0.0,10.0,10.0,0.0,0.0,0.0,0.0,0.0,False
504,0.012229331033817396,0.0009019243918562958,0.015944484145571994,0.0028132287198983016,0.07657777497626289,0.0,0.07657777497626289,0.0,0.0,10.0,50.0,40.0,0.0,10.0,50.0,40.0,0.0,0.0,0.0,0.0,False
505,0.013802804582261713,0.07696323706245692,0.7200485805314406,0.629282538886722,0.0246095617846821,0.0,0.0246095617846821,0.0,10.0,260.0,,,10.0,260.0,2100.0,1830.0,0.0,0.0,1.0,1.0,True
506,0.01240905368486489,0.04115720035490719,0.1298425741752241,0.07627632013545202,0.019534588032587008,0.0,0.019534588032587008,0.0,0.0,190.0,,,0.0,190.0,2380.0,2190.0,0.0,0.0,1.0,1.0,True
507,0.01596376745889,0.014015141086175603,0.034362817910074506,0.004383909365008903,0.009780906455686189,0.0,0.009780906455686189,0.0,0.0,180.0,220.0,40.0,0.0,180.0,220.0,40.0,0.0,0.0,0.0,0.0,False
508,0.01934013759317238,0.055813117295480774,0.14777555115324548,0.07262229626459232,0.0024930551680206747,0.0,0.0024930551680206747,0.0,0.0,360.0,,,0.0,360.0,1480.0,1120.0,0.0,0.0,1.0,1.0,True
509,0.011456277639634194,0.004777746752572989,0.01905213639176359,0.002818111999556408,0.1291434600636635,0.0,0.1291434600636635,0.0,10.0,100.0,140.0,30.0,10.0,100.0,140.0,30.0,0.0,0.0,0.0,0.0,False
510,0.004597149407131899,0.0033550334263846987,0.0822753323773305,0.0743231495438139,0.01573269198372501,0.0,0.01573269198372501,0.0,0.0,50.0,,,0.0,50.0,3070.0,3020.0,0.0,0.0,1.0,1.0,True
511,0.011443111450905,0.00584307792542231,0.08534786133286441,0.0680616719565371,0.0445872085931579,0.0,0.0445872085931579,0.0,0.0,80.0,,,0.0,80.0,2790.0,2710.0,0.0,0.0,1.0,1.0,True
512,0.0016580937622614964,0.0,0.0016580937622614964,0.0,0.00938100120472024,0.0,0.00938100120472024,0.0,10.0,0.0,10.0,0.0,10.0,0.0,10.0,0.0,0.0,0.0,0.0,0.0,False
513,0.006553970806819909,0.0031618640660924097,0.011277352817671407,0.0015615179447590888,0.008730195176982203,0.0,0.008730195176982203,0.0,0.0,50.0,70.0,20.0,0.0,50.0,70.0,20.0,0.0,0.0,0.0,0.0,False
514,0.008769466960543398,0.012840585897497397,0.0750281743304469,0.0534181214724061,0.0039916100726351544,0.0,0.0039916100726351544,0.0,10.0,160.0,,,10.0,160.0,2260.0,2090.0,0.0,0.0,1.0,1.0,True
515,0.000921727353072499,0.00014959756911570032,0.0011699034025740018,9.857848038580252e-05,0.01148594058075103,0.0,0.01148594058075103,0.0,0.0,10.0,10.0,0.0,0.0,10.0,10.0,0.0,0.0,0.0,0.0,0.0,False
516,0.010352728493274094,0.002687901404774984,0.015556513043786191,0.0025158831457371134,0.019314252484927352,0.0,0.019314252484927352,0.0,0.0,50.0,80.0,30.0,0.0,50.0,80.0,30.0,0.0,0.0,0.0,0.0,False
517,0.005712717348544796,0.016209445440831804,0.1256342183768402,0.10371205558746359,0.01959056955493793,0.0,0.01959056955493793,0.0,0.0,170.0,,,0.0,170.0,2920.0,2750.0,0.0,0.0,1.0,1.0,True
518,0.007876716318929292,0.004980615099267893,0.014137984172196694,0.0012806527539995088,0.01123721411494838,0.0,0.01123721411494838,0.0,0.0,70.0,90.0,20.0,0.0,70.0,90.0,20.0,0.0,0.0,0.0,0.0,False
519,0.009734382603969707,0.014413603956508605,0.12479539999588589,0.10064741343540758,0.0656582021291704,0.0,0.0656582021291704,0.0,0.0,150.0,,,0.0,150.0,2600.0,2450.0,0.0,0.0,1.0,1.0,True
520,0.014448138334995392,0.013106852777766992,0.11818137310234511,0.09062638198958273,0.04698621142391701,0.0,0.04698621142391701,0.0,0.0,140.0,,,0.0,140.0,2130.0,1990.0,0.0,0.0,1.0,1.0,True
521,0.006463045998291499,0.009007769178668308,0.1186192964740429,0.1031484812970831,0.03565777230078698,0.0,0.03565777230078698,0.0,10.0,150.0,,,10.0,150.0,2950.0,2790.0,0.0,0.0,1.0,1.0,True
522,0.0165053894606317,0.004088673437826401,0.1470168125094991,0.126422749611041,0.1271061544471046,0.0,0.1271061544471046,0.0,0.0,80.0,,,0.0,80.0,3050.0,2970.0,0.0,0.0,1.0,1.0,True
523,0.01173643624181879,0.0030162346976456006,0.08226543881632989,0.0675127678768655,0.07107541503180337,0.0,0.07107541503180337,0.0,0.0,50.0,,,0.0,50.0,2740.0,2690.0,0.0,0.0,1.0,1.0,True
524,0.0188800853526839,0.019996920260806295,0.16670662348545778,0.1278296178719676,0.12654073009022682,0.0,0.12654073009022682,0.0,0.0,270.0,,,0.0,270.0,2740.0,2470.0,0.0,0.0,1.0,1.0,True
525,0.007598127770037197,0.00986088346275349,0.0815758926138494,0.06411688138105871,0.010932377928733195,0.0,0.010932377928733195,0.0,0.0,150.0,,,0.0,150.0,2670.0,2520.0,0.0,0.0,1.0,1.0,True
526,0.006855226777626497,0.015550724241527009,0.08807426130148199,0.06566831028232849,0.02983983803537249,0.0,0.02983983803537249,0.0,0.0,250.0,,,0.0,250.0,2790.0,2540.0,0.0,0.0,1.0,1.0,True
527,0.009160293565840694,0.013549686256865395,0.08095920252096689,0.0582492226982608,0.005155103190268018,0.0,0.005155103190268018,0.0,0.0,150.0,,,0.0,150.0,2430.0,2280.0,0.0,0.0,1.0,1.0,True
528,0.006395974996459001,0.0007135229269400988,0.0083033309231372,0.0011938329997381002,0.056153603435874805,0.0,0.056153603435874805,0.0,10.0,30.0,70.0,30.0,10.0,30.0,70.0,30.0,0.0,0.0,0.0,0.0,False
529,0.01267235066917359,0.010257394232674591,0.08465325027279928,0.0617235053709511,0.024557841070635078,0.0,0.024557841070635078,0.0,0.0,130.0,,,0.0,130.0,2460.0,2330.0,0.0,0.0,1.0,1.0,True
530,0.0036534814273606053,0.0037194637274269027,0.007675644005745601,0.00030269885095809274,0.01932110168315676,0.0,0.01932110168315676,0.0,0.0,70.0,70.0,0.0,0.0,70.0,70.0,0.0,0.0,0.0,0.0,0.0,False
531,0.011876369002774195,0.004798371312695199,0.01845099623699159,0.0017762559215221962,0.019944814694286717,0.0,0.019944814694286717,0.0,0.0,70.0,110.0,40.0,0.0,70.0,110.0,40.0,0.0,0.0,0.0,0.0,False
532,0.010178531125592083,0.04096154450686679,0.15723554647319607,0.1060954708407372,0.04986609749038884,0.0,0.04986609749038884,0.0,0.0,280.0,,,0.0,280.0,2260.0,1980.0,0.0,0.0,1.0,1.0,True
533,0.003050874880802003,0.00017820579620059923,0.0033723279972822998,0.00014324732027969772,0.0049021989382380116,0.0,0.0049021989382380116,0.0,10.0,10.0,10.0,-10.0,10.0,10.0,10.0,-10.0,0.0,0.0,0.0,0.0,False
534,0.0102357475017711,0.011229866078761405,0.016834838342359396,-0.00463077523817311,0.019746347328923775,0.0,0.019746347328923775,0.0,0.0,150.0,200.0,50.0,0.0,150.0,200.0,50.0,0.0,0.0,0.0,0.0,False
535,0.014759711439696802,0.00915899699089219,0.12284222855137401,0.09892352012078502,0.03422928844414541,0.0,0.03422928844414541,0.0,0.0,90.0,,,0.0,90.0,2430.0,2340.0,0.0,0.0,1.0,1.0,True
536,0.007858264934759204,0.021049428895745903,0.12563833985920603,0.09673064602870092,0.02700492550003558,0.0,0.02700492550003558,0.0,0.0,210.0,,,0.0,210.0,2650.0,2440.0,0.0,0.0,1.0,1.0,True
537,0.011711150781677393,0.006278031894861896,0.048877629259792194,0.030888446583252904,0.015930113197267226,0.0,0.015930113197267226,0.0,10.0,80.0,,,10.0,80.0,2470.0,2380.0,0.0,0.0,1.0,1.0,True
538,0.012228924385004405,0.0027139239092313985,0.015927153078311995,0.0009843047840761912,0.11282002433169291,0.0,0.11282002433169291,0.0,0.0,50.0,60.0,10.0,0.0,50.0,60.0,10.0,0.0,0.0,0.0,0.0,False
539,0.003165246397102306,0.0003710497515527003,0.004722032597827906,0.0011857364491729,0.022938473813929605,0.0,0.022938473813929605,0.0,0.0,20.0,40.0,20.0,0.0,20.0,40.0,20.0,0.0,0.0,0.0,0.0,False
540,0.021310929545179214,0.0253311258762505,0.1227049753634522,0.0760629199420225,0.03795968739772504,0.0,0.03795968739772504,0.0,0.0,280.0,,,0.0,280.0,2050.0,1770.0,0.0,0.0,1.0,1.0,True
541,0.013244472385171097,0.0044163304097254025,0.016868123011377092,-0.0007926797835194066,0.04866024529981572,0.0,0.04866024529981572,0.0,0.0,60.0,80.0,20.0,0.0,60.0,80.0,20.0,0.0,0.0,0.0,0.0,False
542,0.007277950522857207,0.0045366538156852015,0.013707309554650701,0.0018927052161082925,0.04372861850812343,0.0,0.04372861850812343,0.0,0.0,50.0,70.0,20.0,0.0,50.0,70.0,20.0,0.0,0.0,0.0,0.0,False
543,0.004701128432668893,0.010411680080724094,0.016428608576065394,0.0013158000626724078,0.022045080169810494,0.0,0.022045080169810494,0.0,0.0,130.0,140.0,10.0,0.0,130.0,140.0,10.0,0.0,0.0,0.0,0.0,False
544,0.008775575817711212,0.0274181333940329,0.1361371083305692,0.09994339911882508,0.047079172249988366,0.0,0.047079172249988366,0.0,0.0,210.0,,,0.0,210.0,2280.0,2070.0,0.0,0.0,1.0,1.0,True
545,0.008152307187256402,0.007222793424428192,0.07522234878386139,0.05984724817217679,0.006995824084523816,0.0,0.006995824084523816,0.0,0.0,90.0,,,0.0,90.0,2410.0,2320.0,0.0,0.0,1.0,1.0,True
546,0.00039496926777389876,4.036241560098977e-06,0.0004887431813636999,8.973767202970218e-05,0.006017065690811896,0.0,0.006017065690811896,0.0,0.0,0.0,10.0,10.0,0.0,0.0,10.0,10.0,0.0,0.0,0.0,0.0,False
547,0.014209518786164499,0.013264719744710898,0.135213972706963,0.1077397341760876,0.056998809553437946,0.0,0.056998809553437946,0.0,0.0,150.0,,,0.0,150.0,2780.0,2630.0,0.0,0.0,1.0,1.0,True
548,0.0045377522728659025,0.004047626648139999,0.005384879417407,-0.003200499503598901,0.026472077976625485,0.0,0.026472077976625485,0.0,10.0,70.0,80.0,0.0,10.0,70.0,80.0,0.0,0.0,0.0,0.0,0.0,False
549,0.009651621995719804,0.004492795269298501,0.0519839398132056,0.037839522548187295,0.04146065816788841,0.0,0.04146065816788841,0.0,0.0,60.0,,,0.0,60.0,2930.0,2870.0,0.0,0.0,1.0,1.0,True
550,0.0080613699554853,0.005988484479810104,0.015274078579183899,0.0012242241438884943,0.0320220927547461,0.0,0.0320220927547461,0.0,10.0,120.0,140.0,10.0,10.0,120.0,140.0,10.0,0.0,0.0,0.0,0.0,False
551,0.011100108021412605,0.0031604979808061012,0.1364756188411168,0.12221501283889812,0.12175063482832205,0.0,0.12175063482832205,0.0,0.0,30.0,,,0.0,30.0,2940.0,2910.0,0.0,0.0,1.0,1.0,True
552,0.0008672310928612981,0.0005032535799929932,0.0018049273417696937,0.0004344426689154024,0.005014773468150269,0.0,0.005014773468150269,0.0,10.0,20.0,30.0,0.0,10.0,20.0,30.0,0.0,0.0,0.0,0.0,0.0,False
553,0.008675561579066196,0.02303438617424089,0.0956163906544373,0.06390644290113022,0.036811197885799674,0.0,0.036811197885799674,0.0,0.0,300.0,,,0.0,300.0,2580.0,2280.0,0.0,0.0,1.0,1.0,True
554,0.0029808962509356024,0.006767946496475302,0.007925131697268606,-0.0018237110501422987,0.0039709380048686405,0.0,0.0039709380048686405,0.0,0.0,110.0,130.0,20.0,0.0,110.0,130.0,20.0,0.0,0.0,0.0,0.0,False
555,0.011559492402069993,0.006628168870584802,0.0867524619286428,0.06856480065598801,0.037005318930435294,0.0,0.037005318930435294,0.0,10.0,100.0,,,10.0,100.0,2800.0,2690.0,0.0,0.0,1.0,1.0,True
556,0.007012956992928202,0.00011995231832200026,0.0086084933411908,0.0014755840299405971,0.103539498555769,0.0,0.103539498555769,0.0,0.0,0.0,30.0,30.0,0.0,0.0,30.0,30.0,0.0,0.0,0.0,0.0,False
557,0.014564152022248894,0.031158677665995616,0.12492540480111441,0.0792025751128699,0.05504675818075799,0.0,0.05504675818075799,0.0,0.0,230.0,,,0.0,230.0,2200.0,1970.0,0.0,0.0,1.0,1.0,True
558,0.019071864573323605,0.01971412154696439,0.12989357557876288,0.09110758945847489,0.03939953347613945,0.0,0.03939953347613945,0.0,0.0,190.0,,,0.0,190.0,2340.0,2150.0,0.0,0.0,1.0,1.0,True
559,0.008861089631198096,0.0032868333372984004,0.08498128053589749,0.07283335756740099,0.04947291470171822,0.0,0.04947291470171822,0.0,0.0,40.0,,,0.0,40.0,3060.0,3020.0,0.0,0.0,1.0,1.0,True
560,0.008538162922204495,0.009565819491838795,0.0862747191301813,0.068170736716138,0.02738163263599014,0.0,0.02738163263599014,0.0,0.0,110.0,,,0.0,110.0,2660.0,2550.0,0.0,0.0,1.0,1.0,True
561,0.016169970557668695,0.01886825763197192,0.07736597314358493,0.04232774495394431,0.06067729903544827,0.0,0.06067729903544827,0.0,0.0,220.0,,,0.0,220.0,2100.0,1880.0,0.0,0.0,1.0,1.0,True
562,0.008687441877481092,0.0016659375623025025,0.011840408782763004,0.0014870293429794096,0.07530121168573167,0.0,0.07530121168573167,0.0,0.0,30.0,50.0,20.0,0.0,30.0,50.0,20.0,0.0,0.0,0.0,0.0,False
563,0.014713877367273281,0.033852263065211,0.1349169019717466,0.08635076153926233,0.018949362912209833,0.0,0.018949362912209833,0.0,0.0,340.0,,,0.0,340.0,2320.0,1980.0,0.0,0.0,1.0,1.0,True
564,0.006596753113933887,0.004349259689606796,0.011990195691789593,0.0010441828882489096,0.0075159763548873215,0.0,0.0075159763548873215,0.0,10.0,70.0,90.0,10.0,10.0,70.0,90.0,10.0,0.0,0.0,0.0,0.0,False
565,0.015052650968929882,0.014617214220414176,0.087036860061491,0.05736699487214694,0.11943889058965484,0.0,0.11943889058965484,0.0,0.0,200.0,,,0.0,200.0,2390.0,2190.0,0.0,0.0,1.0,1.0,True
566,0.017852536000196796,0.0052318166460893975,0.032502967178624505,0.009418614532338311,0.12874415763033908,0.0,0.12874415763033908,0.0,0.0,70.0,210.0,140.0,0.0,70.0,210.0,140.0,0.0,0.0,0.0,0.0,False
567,0.0066771482347354055,0.0096833280294919,0.0794976721613584,0.0631371958971311,0.00873810216390647,0.0,0.00873810216390647,0.0,0.0,120.0,,,0.0,120.0,2730.0,2610.0,0.0,0.0,1.0,1.0,True
568,0.0033914018687220965,7.494946150309739e-05,0.003655192210703498,0.000188840880478304,0.03474189486076518,0.0,0.03474189486076518,0.0,10.0,10.0,20.0,0.0,10.0,10.0,20.0,0.0,0.0,0.0,0.0,0.0,False
569,0.009491846283536498,0.0067515469696425995,0.12724456911800058,0.11100117586482149,0.1374354881621873,0.0,0.1374354881621873,0.0,0.0,80.0,,,0.0,80.0,2580.0,2500.0,0.0,0.0,1.0,1.0,True
570,0.011770367959495709,0.0005672216457384,0.013851709920528296,0.0015141203152941873,0.07360732379254187,0.0,0.07360732379254187,0.0,0.0,10.0,40.0,30.0,0.0,10.0,40.0,30.0,0.0,0.0,0.0,0.0,False
571,0.0031150856116983067,0.006095927780985305,0.08027197415490371,0.0710609607622201,0.006251740878883916,0.0,0.006251740878883916,0.0,0.0,110.0,,,0.0,110.0,2960.0,2850.0,0.0,0.0,1.0,1.0,True
572,0.0182086796726674,0.014800852837337286,0.040495114510391284,0.007485582000386598,0.009444370785902878,0.0,0.009444370785902878,0.0,10.0,180.0,260.0,70.0,10.0,180.0,260.0,70.0,0.0,0.0,0.0,0.0,False
573,0.006805634900104093,0.006162807800959597,0.07779508317607489,0.0648266404750112,0.017212090048175144,0.0,0.017212090048175144,0.0,0.0,70.0,,,0.0,70.0,2600.0,2530.0,0.0,0.0,1.0,1.0,True
574,0.010003370149847604,0.009554867832953104,0.01658139409699129,-0.0029768438858094187,0.01332291135658048,0.0,0.01332291135658048,0.0,0.0,120.0,140.0,20.0,0.0,120.0,140.0,20.0,0.0,0.0,0.0,0.0,False
575,0.009922449847187598,0.0048470296221838904,0.016850487689826582,0.002081008220455094,0.070281577889593,0.0,0.070281577889593,0.0,0.0,70.0,110.0,40.0,0.0,70.0,110.0,40.0,0.0,0.0,0.0,0.0,False
576,0.0011868472845552036,0.006865262040960302,0.008672501467341498,0.0006203921418259928,0.0015719855737311716,0.0,0.0015719855737311716,0.0,0.0,100.0,100.0,0.0,0.0,100.0,100.0,0.0,0.0,0.0,0.0,0.0,False
577,0.0066471867066729,0.000695017758812394,0.008222489770122604,0.0008802853046373099,0.01154372608046933,0.0,0.01154372608046933,0.0,0.0,10.0,30.0,20.0,0.0,10.0,30.0,20.0,0.0,0.0,0.0,0.0,False
578,0.009136500071867906,0.004829242369461487,0.07499323909827078,0.06102749665694139,0.005204982896167165,0.0,0.005204982896167165,0.0,0.0,60.0,,,0.0,60.0,2430.0,2370.0,0.0,0.0,1.0,1.0,True
579,0.0087678183069781,0.003388449297630998,0.012739254469372303,0.0005829868647632061,0.0692032987513097,0.0,0.0692032987513097,0.0,0.0,50.0,70.0,20.0,0.0,50.0,70.0,20.0,0.0,0.0,0.0,0.0,False
580,0.019140102530813413,0.08940228724548863,0.20347192878694761,0.09492953901064557,0.09289596287704338,0.0,0.09289596287704338,0.0,0.0,360.0,,,0.0,360.0,2360.0,2000.0,0.0,0.0,1.0,1.0,True
581,0.011480837901065008,0.007281664144486,0.021217987117311196,0.0024554850717601884,0.09568226260643065,0.0,0.09568226260643065,0.0,10.0,110.0,150.0,30.0,10.0,110.0,150.0,30.0,0.0,0.0,0.0,0.0,False
582,0.004874507784983904,0.00019215118925810376,0.005745578336852901,0.0006789193626108928,0.012966468876946524,0.0,0.012966468876946524,0.0,0.0,0.0,20.0,20.0,0.0,0.0,20.0,20.0,0.0,0.0,0.0,0.0,False
583,0.003298614483464704,0.0075173485558471045,0.010879411241313704,6.344820200189505e-05,0.01741665653843677,0.0,0.01741665653843677,0.0,0.0,90.0,110.0,20.0,0.0,90.0,110.0,20.0,0.0,0.0,0.0,0.0,False
584,0.004291050549216198,0.000556759726971702,0.0050610377132914025,0.00021322743710350256,0.025778209023509302,0.0,0.025778209023509302,0.0,10.0,20.0,30.0,0.0,10.0,20.0,30.0,0.0,0.0,0.0,0.0,0.0,False
585,0.0056716588233756,0.0007738733658910965,0.044172135537964105,0.03772660334869741,0.03832797274441929,0.0,0.03832797274441929,0.0,0.0,10.0,,,0.0,10.0,3120.0,3110.0,0.0,0.0,1.0,1.0,True
586,0.017863291182988808,0.001394594833452903,0.022049051815995202,0.002791165799553491,0.09876395309066266,0.0,0.09876395309066266,0.0,0.0,30.0,100.0,70.0,0.0,30.0,100.0,70.0,0.0,0.0,0.0,0.0,False
587,0.006377454295409896,0.002235766082342397,0.042699686057554295,0.034086465679802,0.01886646304319345,0.0,0.01886646304319345,0.0,10.0,40.0,,,10.0,40.0,2800.0,2750.0,0.0,0.0,1.0,1.0,True
588,0.004589433993647404,0.005204024148827799,0.07964639679541029,0.06985293865293508,0.016302738505261205,0.0,0.016302738505261205,0.0,0.0,80.0,,,0.0,80.0,2870.0,2790.0,0.0,0.0,1.0,1.0,True
589,0.009073090390305502,0.024355809076282597,0.1229137726599833,0.0894848731933952,0.018054159456088348,0.0,0.018054159456088348,0.0,10.0,220.0,,,10.0,220.0,2680.0,2450.0,0.0,0.0,1.0,1.0,True
590,0.0118771140150392,0.04717360694305599,0.0633257106674905,0.004274989709395313,0.26269206458441563,0.0,0.26269206458441563,0.0,10.0,300.0,,,10.0,300.0,2680.0,2370.0,0.0,0.0,1.0,1.0,True
591,0.004651969918141097,0.0033988306324331946,0.009105879375093995,0.0010550788245197035,0.009548138161050379,0.0,0.009548138161050379,0.0,0.0,70.0,80.0,10.0,0.0,70.0,80.0,10.0,0.0,0.0,0.0,0.0,False
592,0.016334413282917598,0.0070969451221205015,0.0889886130347365,0.0655572546296984,0.034713343453797285,0.0,0.034713343453797285,0.0,0.0,90.0,,,0.0,90.0,2600.0,2510.0,0.0,0.0,1.0,1.0,True
593,0.01802309033997279,0.15598440461360524,0.5774466061824721,0.40343911122889414,0.07845213850867838,0.0,0.07845213850867838,0.0,0.0,690.0,,,0.0,690.0,1180.0,490.0,0.0,0.0,1.0,1.0,True
594,0.009700088565153309,0.025508843720786906,0.14564581982161262,0.1104368875356724,0.05637318028814464,0.0,0.05637318028814464,0.0,0.0,220.0,,,0.0,220.0,2490.0,2270.0,0.0,0.0,1.0,1.0,True
595,0.014571078514736296,0.008167352739955697,0.1780149443736609,0.1552765131189689,0.07043094555126689,0.0,0.07043094555126689,0.0,0.0,120.0,,,0.0,120.0,2860.0,2740.0,0.0,0.0,1.0,1.0,True
596,0.024071867729144825,0.0041317965329993045,0.0296560793514965,0.0014524150893523713,0.046727783219923325,0.0,0.046727783219923325,0.0,10.0,60.0,90.0,20.0,10.0,60.0,90.0,20.0,0.0,0.0,0.0,0.0,False
597,0.01333388533775362,0.005409493422218498,0.08159585193394991,0.0628524731739778,0.021544675648931477,0.0,0.021544675648931477,0.0,10.0,60.0,,,10.0,60.0,2340.0,2270.0,0.0,0.0,1.0,1.0,True
598,0.013065981274831995,0.010741740747168493,0.0841544463713946,0.060346724349394115,0.05686642094286887,0.0,0.05686642094286887,0.0,0.0,150.0,,,0.0,150.0,2370.0,2220.0,0.0,0.0,1.0,1.0,True
599,0.0105152904742052,0.02340098146947929,0.7011359194014288,0.6672196474577443,0.13222338218632002,0.0,0.13222338218632002,0.0,0.0,270.0,,,0.0,270.0,2750.0,2480.0,0.0,0.0,1.0,1.0,True
600,0.010511541098779692,0.08183205410544858,0.736348426490886,0.6440048312866578,0.0191620658204098,0.0,0.0191620658204098,0.0,10.0,280.0,,,10.0,280.0,2400.0,2110.0,0.0,0.0,1.0,1.0,True
601,0.002456484561576301,0.00016291406222190136,0.0031314945686309985,0.0005120959448327959,0.028829377253742072,0.0,0.028829377253742072,0.0,0.0,0.0,10.0,10.0,0.0,0.0,10.0,10.0,0.0,0.0,0.0,0.0,False
602,0.001002955472127899,0.000254103577742297,0.0013410337095181024,8.397465964790629e-05,0.0028080206407666286,0.0,0.0028080206407666286,0.0,0.0,10.0,10.0,0.0,0.0,10.0,10.0,0.0,0.0,0.0,0.0,0.0,False
603,0.014497400762470594,0.017404456773601806,0.1358281742633835,0.1039263167273111,0.11811385909917649,0.0,0.11811385909917649,0.0,0.0,250.0,,,0.0,250.0,2820.0,2570.0,0.0,0.0,1.0,1.0,True
604,0.017272636037405906,0.012708668838102899,0.12306794349296221,0.09308663861745341,0.034270121866535996,0.0,0.034270121866535996,0.0,0.0,300.0,,,0.0,300.0,2600.0,2300.0,0.0,0.0,1.0,1.0,True
605,0.006996919888674402,0.0005810738555449002,0.0088154172272931,0.0012374234830737976,0.05293078621976938,0.0,0.05293078621976938,0.0,0.0,10.0,30.0,20.0,0.0,10.0,30.0,20.0,0.0,0.0,0.0,0.0,False
606,0.011711769007286904,0.0348374369866785,0.8054297067025069,0.7588805007085415,0.12581485782225332,0.0,0.12581485782225332,0.0,0.0,180.0,,,0.0,180.0,2820.0,2640.0,0.0,0.0,1.0,1.0,True
607,0.017072171814400183,0.03696727160226679,0.1486870092443785,0.09464756582771153,0.02643435810740935,0.0,0.02643435810740935,0.0,0.0,210.0,,,0.0,210.0,2100.0,1890.0,0.0,0.0,1.0,1.0,True
608,0.006271165680163199,0.013655085853016197,0.09050853356407748,0.07058228203089809,0.0200893538488518,0.0,0.0200893538488518,0.0,0.0,160.0,,,0.0,160.0,2690.0,2530.0,0.0,0.0,1.0,1.0,True
609,0.010200032995261205,0.006638149182689304,0.0861009251156177,0.0692627429376672,0.021680796878573827,0.0,0.021680796878573827,0.0,10.0,100.0,,,10.0,100.0,2860.0,2750.0,0.0,0.0,1.0,1.0,True
610,0.0040241467163719125,0.007437901775361605,0.0738258842486505,0.06236383575691698,0.007591544945286799,0.0,0.007591544945286799,0.0,0.0,80.0,,,0.0,80.0,2460.0,2380.0,0.0,0.0,1.0,1.0,True
611,0.010184437816496,0.0851252832787405,0.657357373174337,0.5620476520791005,0.04390105615592432,0.0,0.04390105615592432,0.0,10.0,310.0,,,10.0,310.0,2260.0,1940.0,0.0,0.0,1.0,1.0,True
612,0.001522371232743,0.001552125967567302,0.08183542739230651,0.0787609301919962,0.023141492799416408,0.0,0.023141492799416408,0.0,0.0,20.0,,,0.0,20.0,3290.0,3270.0,0.0,0.0,1.0,1.0,True
613,0.002634718210304497,0.005107145501478998,0.008100479644652298,0.00035861593286880267,0.03869308313607367,0.0,0.03869308313607367,0.0,0.0,90.0,110.0,20.0,0.0,90.0,110.0,20.0,0.0,0.0,0.0,0.0,False
614,0.01123490949163472,0.0010671067045366078,0.014217884237147094,0.0019158680409757656,0.05188424205069053,0.0,0.05188424205069053,0.0,0.0,20.0,50.0,30.0,0.0,20.0,50.0,30.0,0.0,0.0,0.0,0.0,False
615,0.0155236867353305,0.005290080457225593,0.1304896389762476,0.10967587178369151,0.0446387049397845,0.0,0.0446387049397845,0.0,10.0,90.0,,,10.0,90.0,2680.0,2580.0,0.0,0.0,1.0,1.0,True
616,0.009480368717551618,0.010775375896340506,0.021086564035498717,0.0008308194216065934,0.007505883629283949,0.0,0.007505883629283949,0.0,0.0,170.0,200.0,30.0,0.0,170.0,200.0,30.0,0.0,0.0,0.0,0.0,False
617,0.004968829286162005,0.0005989020623656111,0.006299613405626098,0.0007318820570984819,0.00955604597918841,0.0,0.00955604597918841,0.0,0.0,10.0,20.0,10.0,0.0,10.0,20.0,10.0,0.0,0.0,0.0,0.0,False
618,0.005507865195620298,0.004023596402311404,0.08296302408574269,0.07343156248781099,0.021729407411240298,0.0,0.021729407411240298,0.0,0.0,60.0,,,0.0,60.0,3010.0,2950.0,0.0,0.0,1.0,1.0,True
619,0.015407557422693813,0.020116292326296914,0.12710514218359759,0.09158129243460686,0.04634635274519927,0.0,0.04634635274519927,0.0,0.0,210.0,,,0.0,210.0,2390.0,2180.0,0.0,0.0,1.0,1.0,True
620,0.013243824662681092,0.10116761169332988,0.1673698131119209,0.05295837675590992,0.014532175908699152,0.0,0.014532175908699152,0.0,0.0,640.0,,,0.0,640.0,1030.0,390.0,0.0,0.0,1.0,1.0,True
621,0.025141017251632786,0.0450859354399229,0.6611485124116432,0.5909215597200875,0.05232037711800219,0.0,0.05232037711800219,0.0,0.0,250.0,,,0.0,250.0,1880.0,1630.0,0.0,0.0,1.0,1.0,True
622,0.005240582388284704,0.007016920544380703,0.1298426272417374,0.11758512430907199,0.04120821909582961,0.0,0.04120821909582961,0.0,0.0,70.0,,,0.0,70.0,3010.0,2940.0,0.0,0.0,1.0,1.0,True
623,0.019517097345533307,0.008335740471823894,0.03372415708060289,0.005871319263245689,0.09644458745961704,0.0,0.09644458745961704,0.0,0.0,120.0,220.0,100.0,0.0,120.0,220.0,100.0,0.0,0.0,0.0,0.0,False
624,0.00613045156035541,0.001664083936689001,0.0768936182088685,0.06909908271182409,0.027929921189809526,0.0,0.027929921189809526,0.0,0.0,30.0,,,0.0,30.0,2620.0,2590.0,0.0,0.0,1.0,1.0,True
625,0.013278245322842594,0.007008062973982307,0.12368508376875549,0.10339877547193059,0.045400619505492346,0.0,0.045400619505492346,0.0,0.0,90.0,,,0.0,90.0,2470.0,2380.0,0.0,0.0,1.0,1.0,True
626,0.0101772132560599,0.038035900295484606,0.7746929693038314,0.7264798557522868,0.08129643391970953,0.0,0.08129643391970953,0.0,0.0,250.0,,,0.0,250.0,2620.0,2370.0,0.0,0.0,1.0,1.0,True
627,0.007755739477979001,0.010370331843659708,0.08647666434399351,0.0683505930223548,0.019414681705066494,0.0,0.019414681705066494,0.0,0.0,130.0,,,0.0,130.0,2750.0,2620.0,0.0,0.0,1.0,1.0,True
628,0.007402076287096396,0.002904689510182995,0.012155240389499597,0.0018484745922202062,0.029060643658953222,0.0,0.029060643658953222,0.0,0.0,50.0,80.0,30.0,0.0,50.0,80.0,30.0,0.0,0.0,0.0,0.0,False
629,0.021205752004276185,0.0398083886695752,0.15100741364708087,0.08999327297322948,0.05309110177910459,0.0,0.05309110177910459,0.0,0.0,310.0,,,0.0,310.0,2110.0,1800.0,0.0,0.0,1.0,1.0,True
630,0.0,0.0004692172035371048,0.0004692172035371048,0.0,0.0,0.0,0.0,0.0,0.0,0.0,0.0,0.0,0.0,0.0,0.0,0.0,0.0,0.0,0.0,0.0,False
631,0.012666260373096094,0.02852026779589381,0.10932832164649531,0.0681417934775054,0.021026195420681293,0.0,0.021026195420681293,0.0,0.0,260.0,,,0.0,260.0,2310.0,2050.0,0.0,0.0,1.0,1.0,True
632,0.018622351887569805,0.011685487711305287,0.089035873021124,0.058728033422248915,0.06510620948493773,0.0,0.06510620948493773,0.0,10.0,180.0,,,10.0,180.0,2360.0,2170.0,0.0,0.0,1.0,1.0,True
633,0.005144101707898495,0.002851648717039898,0.08478160573792859,0.07678585531299019,0.0564278821239535,0.0,0.0564278821239535,0.0,0.0,40.0,,,0.0,40.0,3240.0,3200.0,0.0,0.0,1.0,1.0,True
634,0.012452837647403306,0.0011487486410339115,0.015765961538595205,0.0021643752501579877,0.037719398461823705,0.0,0.037719398461823705,0.0,0.0,20.0,50.0,30.0,0.0,20.0,50.0,30.0,0.0,0.0,0.0,0.0,False
635,0.016839090238138704,0.002581131707207307,0.09060829077466481,0.0711880688293188,0.1310307300739878,0.0,0.1310307300739878,0.0,0.0,30.0,,,0.0,30.0,2870.0,2840.0,0.0,0.0,1.0,1.0,True
636,0.014826803854962184,0.033780277869278674,0.7525680527010946,0.7039609709768537,0.09575990960953629,0.0,0.09575990960953629,0.0,0.0,210.0,,,0.0,210.0,2480.0,2270.0,0.0,0.0,1.0,1.0,True
637,0.020592820102539294,0.0003995792680800969,0.0220020830423637,0.0010096836717443103,0.11639424974711232,0.0,0.11639424974711232,0.0,0.0,10.0,20.0,10.0,0.0,10.0,20.0,10.0,0.0,0.0,0.0,0.0,False
638,0.003934629434299397,0.0003811492526305943,0.005127837120597403,0.0008120584336674119,0.0,0.0,0.0,0.0,0.0,10.0,20.0,10.0,0.0,10.0,20.0,10.0,0.0,0.0,0.0,0.0,False
639,0.022632861252558617,0.016100773651236105,0.1313060771318179,0.09257244222802319,0.09955899819934333,0.0,0.09955899819934333,0.0,0.0,250.0,,,0.0,250.0,2310.0,2060.0,0.0,0.0,1.0,1.0,True
640,0.018217177591857786,0.040926294619589604,0.14559878702809673,0.08645531481664934,0.04526035094485459,0.0,0.04526035094485459,0.0,0.0,300.0,,,0.0,300.0,1690.0,1390.0,0.0,0.0,1.0,1.0,True
641,0.014175421595360602,0.005128864063849395,0.02064030818948799,0.0013360225302779943,0.03771824424233389,0.0,0.03771824424233389,0.0,30.0,100.0,170.0,40.0,30.0,100.0,170.0,40.0,0.0,0.0,0.0,0.0,False
642,0.016013385993453005,0.008817242797141495,0.06826523860060787,0.043434609810013375,0.018665462618232542,0.0,0.018665462618232542,0.0,0.0,140.0,,,0.0,140.0,1530.0,1390.0,0.0,0.0,1.0,1.0,True
643,0.011497190249472294,0.01215789748791729,0.022432101244058505,-0.0012229864933310797,0.05572857285227373,0.0,0.05572857285227373,0.0,0.0,160.0,150.0,-10.0,0.0,160.0,150.0,-10.0,0.0,0.0,0.0,0.0,False
644,0.002547502903515301,0.0,0.002589530486146699,4.2027582631398025e-05,0.0245600124967974,0.0,0.0245600124967974,0.0,0.0,0.0,10.0,10.0,0.0,0.0,10.0,10.0,0.0,0.0,0.0,0.0,False
645,0.010000093210019101,0.006081937643710206,0.087411696178534,0.0713296653248047,0.059243275829079234,0.0,0.059243275829079234,0.0,0.0,80.0,,,0.0,80.0,3000.0,2920.0,0.0,0.0,1.0,1.0,True
646,0.013630319304479596,0.005792427208204595,0.0843048799265987,0.06488213341391451,0.08777924449599206,0.0,0.08777924449599206,0.0,0.0,70.0,,,0.0,70.0,2650.0,2580.0,0.0,0.0,1.0,1.0,True
647,0.008928867417404299,0.0062751544645126,0.0175889015098267,0.0023848796279098,0.09098118659865662,0.0,0.09098118659865662,0.0,10.0,70.0,100.0,20.0,10.0,70.0,100.0,20.0,0.0,0.0,0.0,0.0,False
648,0.0051850289763200885,0.0036620106927198887,0.008022728918472,-0.0008243107505679775,0.00561155711094552,0.0,0.00561155711094552,0.0,0.0,60.0,60.0,0.0,0.0,60.0,60.0,0.0,0.0,0.0,0.0,0.0,False
649,0.013988597718381596,0.018525167840252904,0.08263832258774859,0.050124557029114086,0.04326436693973024,0.0,0.04326436693973024,0.0,0.0,250.0,,,0.0,250.0,1970.0,1720.0,0.0,0.0,1.0,1.0,True
650,0.017717621839040604,0.07027582177855848,0.717073074635402,0.629079631017803,0.04366953666920004,0.0,0.04366953666920004,0.0,0.0,250.0,,,0.0,250.0,2110.0,1860.0,0.0,0.0,1.0,1.0,True
651,0.008718297146462703,0.019309425743361197,0.1306309684545471,0.10260324556472321,0.04854026488403629,0.0,0.04854026488403629,0.0,0.0,200.0,,,0.0,200.0,2460.0,2260.0,0.0,0.0,1.0,1.0,True
652,0.015491566858576694,0.0007268956831367884,0.017096015403905096,0.0008775528621916134,0.13167090233353784,0.0,0.13167090233353784,0.0,10.0,20.0,40.0,10.0,10.0,20.0,40.0,10.0,0.0,0.0,0.0,0.0,False
653,0.029486419113154694,0.05769139244877369,0.15631580333913714,0.06913799177720875,0.05832636732102958,0.0,0.05832636732102958,0.0,0.0,400.0,,,0.0,400.0,1120.0,720.0,0.0,0.0,1.0,1.0,True
654,0.008171017968317103,0.0010055371152564024,0.010541229737449802,0.0013646746538762966,0.03736903158544291,0.0,0.03736903158544291,0.0,0.0,20.0,40.0,20.0,0.0,20.0,40.0,20.0,0.0,0.0,0.0,0.0,False
655,0.0012232258105954012,0.0,0.0012232258105954012,0.0,0.010929455533192911,0.0,0.010929455533192911,0.0,0.0,0.0,0.0,0.0,0.0,0.0,0.0,0.0,0.0,0.0,0.0,0.0,False
656,0.0033579086972276018,6.92193207531e-05,0.003833821915802501,0.0004066938978217992,0.029775026658236836,0.0,0.029775026658236836,0.0,0.0,0.0,10.0,10.0,0.0,0.0,10.0,10.0,0.0,0.0,0.0,0.0,False
657,0.014409701989084596,0.0002499323751301019,0.015105274429700201,0.00044564006548550306,0.1397027067680482,0.0,0.1397027067680482,0.0,0.0,10.0,20.0,10.0,0.0,10.0,20.0,10.0,0.0,0.0,0.0,0.0,False
658,0.012265736080843803,0.005396544419610003,0.08122422004401081,0.063561939543557,0.06316119514509855,0.0,0.06316119514509855,0.0,0.0,60.0,,,0.0,60.0,2560.0,2500.0,0.0,0.0,1.0,1.0,True
659,0.007217439355181002,0.0007774687479490949,0.009704337892511392,0.0017094297893812949,-0.00022477543385335252,0.0,-0.00022477543385335252,0.0,10.0,20.0,40.0,10.0,10.0,20.0,40.0,10.0,0.0,0.0,0.0,0.0,False
660,0.0017173222689063992,0.0002340346888623987,0.0024735003486978,0.0005221433909290019,0.0289009752717633,0.0,0.0289009752717633,0.0,0.0,0.0,20.0,20.0,0.0,0.0,20.0,20.0,0.0,0.0,0.0,0.0,False
661,0.0016279006396376083,0.0008688373493553059,0.002427804633134009,-6.893335585890503e-05,0.0001169780144800181,0.0,0.0001169780144800181,0.0,0.0,20.0,20.0,0.0,0.0,20.0,20.0,0.0,0.0,0.0,0.0,0.0,False
662,0.016860195692709995,0.00514145591180179,0.0244489846971169,0.002447333092605114,0.07197678431126575,0.0,0.07197678431126575,0.0,0.0,80.0,100.0,20.0,0.0,80.0,100.0,20.0,0.0,0.0,0.0,0.0,False
663,0.0055280998759695,0.00885722499349699,0.1233312482248676,0.10894592335540111,0.04149367024070161,0.0,0.04149367024070161,0.0,0.0,100.0,,,0.0,100.0,2740.0,2640.0,0.0,0.0,1.0,1.0,True
664,0.007017026704304499,0.0005635366826916011,0.0083103227727582,0.0007297593857620993,0.012632113992039118,0.0,0.012632113992039118,0.0,0.0,20.0,30.0,10.0,0.0,20.0,30.0,10.0,0.0,0.0,0.0,0.0,False
665,0.03146699795349189,0.01267317188273201,0.1690444878458324,0.1249043180096085,0.17023328023163098,0.0,0.17023328023163098,0.0,10.0,160.0,,,10.0,160.0,2490.0,2320.0,0.0,0.0,1.0,1.0,True
666,0.006633382820865993,0.004397103183716,0.06686350608305021,0.055833020078468215,0.04758420035578853,0.0,0.04758420035578853,0.0,0.0,70.0,,,0.0,70.0,2800.0,2730.0,0.0,0.0,1.0,1.0,True
667,0.006081381959895993,0.003634423746193091,0.012325633835143304,0.0026098281290542202,0.002527552817778278,0.0,0.002527552817778278,0.0,0.0,60.0,80.0,20.0,0.0,60.0,80.0,20.0,0.0,0.0,0.0,0.0,False
668,0.0068781330210180985,0.00019027082832750314,0.007160629238012195,9.22253886665933e-05,0.015972302545179617,0.0,0.015972302545179617,0.0,0.0,0.0,10.0,10.0,0.0,0.0,10.0,10.0,0.0,0.0,0.0,0.0,False
669,0.006800157729168699,0.0032000470805256948,0.010522852006491196,0.0005226471967968022,0.039998336029829606,0.0,0.039998336029829606,0.0,0.0,60.0,60.0,0.0,0.0,60.0,60.0,0.0,0.0,0.0,0.0,0.0,False
670,0.012787584735110297,0.009778543211138108,0.11243807723392521,0.0898719492876768,0.055251591683308066,0.0,0.055251591683308066,0.0,0.0,180.0,,,0.0,180.0,2370.0,2190.0,0.0,0.0,1.0,1.0,True
671,0.015333045333053325,0.005709788906084118,0.05218709980599792,0.03114426556686048,0.07395848532242222,0.0,0.07395848532242222,0.0,0.0,60.0,,,0.0,60.0,2390.0,2330.0,0.0,0.0,1.0,1.0,True
672,0.004990713902545907,0.0003766592980550959,0.005978050351033298,0.0006106771504322955,0.05672632922888998,0.0,0.05672632922888998,0.0,0.0,10.0,20.0,10.0,0.0,10.0,20.0,10.0,0.0,0.0,0.0,0.0,False
673,0.012209228718650988,0.010895282888518681,0.024842172734403783,0.0017376611272341136,0.010856039206734502,0.0,0.010856039206734502,0.0,0.0,170.0,190.0,20.0,0.0,170.0,190.0,20.0,0.0,0.0,0.0,0.0,False
674,0.008477406569466994,0.009709857872790092,0.018469973626459593,0.00028270918420250646,0.01639676524022643,0.0,0.01639676524022643,0.0,0.0,150.0,170.0,20.0,0.0,150.0,170.0,20.0,0.0,0.0,0.0,0.0,False
675,0.0091130328184581,0.0005801738767107004,0.011802879695511699,0.0021096730003428987,0.10190766468457624,0.0,0.10190766468457624,0.0,10.0,10.0,50.0,30.0,10.0,10.0,50.0,30.0,0.0,0.0,0.0,0.0,False
676,0.011362383381899627,0.00689899646140732,0.023103786915112917,0.004842407071805971,0.06453357806680726,0.0,0.06453357806680726,0.0,0.0,120.0,160.0,40.0,0.0,120.0,160.0,40.0,0.0,0.0,0.0,0.0,False
677,0.01221412537095709,0.006688221352947901,0.017749005567178594,-0.001153341156726398,0.08112325823441058,0.0,0.08112325823441058,0.0,10.0,180.0,220.0,30.0,10.0,180.0,220.0,30.0,0.0,0.0,0.0,0.0,False
678,0.016148284405846494,0.019670729004463497,0.16202919240723057,0.1262101789969206,0.08026299701494022,0.0,0.08026299701494022,0.0,0.0,280.0,,,0.0,280.0,2440.0,2160.0,0.0,0.0,1.0,1.0,True
679,0.01976414396862622,0.012719725748838312,0.07635431486490799,0.043870445147443454,0.08752244402189868,0.0,0.08752244402189868,0.0,10.0,160.0,,,10.0,160.0,2050.0,1880.0,0.0,0.0,1.0,1.0,True
680,0.011341378519484996,0.015148327486285904,0.0884472971765844,0.061957591170813495,0.15202530610300413,0.0,0.15202530610300413,0.0,0.0,160.0,,,0.0,160.0,2890.0,2730.0,0.0,0.0,1.0,1.0,True
681,0.011118900919717498,0.0005166189650416958,0.012311798808238406,0.0006762789234792121,0.08683652374341255,0.0,0.08683652374341255,0.0,0.0,10.0,20.0,10.0,0.0,10.0,20.0,10.0,0.0,0.0,0.0,0.0,False
682,0.022529947822994,0.006650732357288913,0.032799370490950996,0.0036186903106680823,0.05133537106748476,0.0,0.05133537106748476,0.0,10.0,90.0,140.0,40.0,10.0,90.0,140.0,40.0,0.0,0.0,0.0,0.0,False
683,0.0048234031970141,9.654306032800056e-05,0.005283331848678699,0.00036338559133659853,0.07622467913041059,0.0,0.07622467913041059,0.0,0.0,0.0,20.0,20.0,0.0,0.0,20.0,20.0,0.0,0.0,0.0,0.0,False
684,0.014128195798163906,0.009790692058961409,0.08343087976355781,0.0595119919064325,0.007513488231279064,0.0,0.007513488231279064,0.0,0.0,110.0,,,0.0,110.0,2180.0,2070.0,0.0,0.0,1.0,1.0,True
685,0.000904834024642101,0.0002593660190747006,0.0016533902596827,0.0004891902159658984,0.012121243840151286,0.0,0.012121243840151286,0.0,0.0,10.0,20.0,10.0,0.0,10.0,20.0,10.0,0.0,0.0,0.0,0.0,False
686,0.006491210875847302,0.0029560518715303005,0.011585675211185802,0.0021384124638081994,0.03636144979090661,0.0,0.03636144979090661,0.0,0.0,70.0,100.0,30.0,0.0,70.0,100.0,30.0,0.0,0.0,0.0,0.0,False
687,0.0071578334217028,0.0002804182516721043,0.007855810021856702,0.0004175583484817974,0.06293666458650915,0.0,0.06293666458650915,0.0,0.0,10.0,20.0,10.0,0.0,10.0,20.0,10.0,0.0,0.0,0.0,0.0,False
688,0.005174713830655403,0.0026179336715822996,0.008223544128596404,0.0004308966263587011,0.010527781416455884,0.0,0.010527781416455884,0.0,10.0,60.0,80.0,10.0,10.0,60.0,80.0,10.0,0.0,0.0,0.0,0.0,False
689,0.010146155278877605,0.013101685507515198,0.08991461082324861,0.06666677003685581,0.025473031090837983,0.0,0.025473031090837983,0.0,0.0,200.0,,,0.0,200.0,2700.0,2500.0,0.0,0.0,1.0,1.0,True
690,0.0025171134751065943,0.0032818736809901994,0.0061877575755942965,0.0003887704194975028,0.01831573776555878,0.0,0.01831573776555878,0.0,0.0,50.0,60.0,10.0,0.0,50.0,60.0,10.0,0.0,0.0,0.0,0.0,False
691,0.012260476541026993,0.008792252802823905,0.7740518104904651,0.7529990811466142,0.054814661134046205,0.0,0.054814661134046205,0.0,0.0,90.0,,,0.0,90.0,2560.0,2470.0,0.0,0.0,1.0,1.0,True
692,0.010487823513312997,0.004067587046379897,0.08307820153260899,0.0685227909729161,0.0225237249098712,0.0,0.0225237249098712,0.0,10.0,60.0,,,10.0,60.0,2790.0,2720.0,0.0,0.0,1.0,1.0,True
693,0.004805205682010094,0.013122717822442093,0.0623359366386194,0.044408013134167215,0.014127619976038341,0.0,0.014127619976038341,0.0,10.0,160.0,,,10.0,160.0,2850.0,2680.0,0.0,0.0,1.0,1.0,True
694,0.010383864627014905,0.014408296470373588,0.1240808698680155,0.09928870877062701,0.006714692620370055,0.0,0.006714692620370055,0.0,0.0,140.0,,,0.0,140.0,2410.0,2270.0,0.0,0.0,1.0,1.0,True
695,0.0074907677310533105,0.015715068562272394,0.056901896373545896,0.03369606008022019,0.013595968530086266,0.0,0.013595968530086266,0.0,0.0,190.0,,,0.0,190.0,2550.0,2360.0,0.0,0.0,1.0,1.0,True
696,0.0072673714512835885,0.0049313248085259,0.009904876546059399,-0.0022938197137500893,0.02011399538125319,0.0,0.02011399538125319,0.0,0.0,100.0,90.0,-10.0,0.0,100.0,90.0,-10.0,0.0,0.0,0.0,0.0,False
697,0.0045786820460624045,0.0009520315809983942,0.007336055775836001,0.001805342148775202,0.00699301588547202,0.0,0.00699301588547202,0.0,0.0,20.0,50.0,30.0,0.0,20.0,50.0,30.0,0.0,0.0,0.0,0.0,False
698,0.005141351822673099,0.004532603322521991,0.07425858661238088,0.0645846314671858,0.00607870289605017,0.0,0.00607870289605017,0.0,0.0,50.0,,,0.0,50.0,2640.0,2590.0,0.0,0.0,1.0,1.0,True
699,0.015450861940301805,0.008403817479877493,0.0865783269475325,0.0627236475273532,0.06452734637067681,0.0,0.06452734637067681,0.0,0.0,110.0,,,0.0,110.0,2520.0,2410.0,0.0,0.0,1.0,1.0,True
700,0.005334074564636498,0.004692582641479703,0.011776428554880203,0.001749771348764001,0.005806680315048163,0.0,0.005806680315048163,0.0,0.0,80.0,110.0,30.0,0.0,80.0,110.0,30.0,0.0,0.0,0.0,0.0,False
701,0.013544202411906597,0.013263232280260398,0.13514411346551158,0.10833667877334459,0.04954755249927145,0.0,0.04954755249927145,0.0,0.0,130.0,,,0.0,130.0,2690.0,2560.0,0.0,0.0,1.0,1.0,True
702,0.011250445131819498,2.325946620702901e-06,0.011254978709892907,2.207631452706693e-06,0.15498707223916885,0.0,0.15498707223916885,0.0,0.0,0.0,0.0,0.0,0.0,0.0,0.0,0.0,0.0,0.0,0.0,0.0,False
703,0.008657060111654902,0.0498951053323609,0.7722879672133391,0.7137358017693234,0.16885992148006634,0.0,0.16885992148006634,0.0,0.0,230.0,,,0.0,230.0,2450.0,2220.0,0.0,0.0,1.0,1.0,True
704,0.009829850244115493,0.0009115380831394987,0.011169025765131194,0.0004276374378762021,0.014519351744583908,0.0,0.014519351744583908,0.0,0.0,20.0,20.0,0.0,0.0,20.0,20.0,0.0,0.0,0.0,0.0,0.0,False
705,0.007730138499009609,0.004628798719016905,0.012298376762309202,-6.056045571731228e-05,0.030798197441500197,0.0,0.030798197441500197,0.0,10.0,60.0,110.0,40.0,10.0,60.0,110.0,40.0,0.0,0.0,0.0,0.0,False
706,0.024576606125661593,0.014947967473466994,0.11940443082464097,0.07987985722551239,0.057870542301922456,0.0,0.057870542301922456,0.0,0.0,160.0,,,0.0,160.0,1910.0,1750.0,0.0,0.0,1.0,1.0,True
707,0.01204781896660731,0.004578981151040412,0.01162248678801131,-0.005004313329636412,0.06725451343907118,0.0,0.06725451343907118,0.0,0.0,30.0,60.0,30.0,0.0,30.0,60.0,30.0,0.0,0.0,0.0,0.0,False
708,0.004609529799895401,0.003478576005618003,0.010522264057504796,0.002434158251991392,0.007702383459737783,0.0,0.007702383459737783,0.0,10.0,70.0,100.0,20.0,10.0,70.0,100.0,20.0,0.0,0.0,0.0,0.0,False
709,0.015808795160032495,0.0016122990024931977,0.020048758246494804,0.0026276640839691112,0.19025976028340663,0.0,0.19025976028340663,0.0,10.0,30.0,70.0,30.0,10.0,30.0,70.0,30.0,0.0,0.0,0.0,0.0,False
710,0.010014121255853305,0.004702921925581902,0.1400801222322153,0.1253630790507801,0.0691424197325945,0.0,0.0691424197325945,0.0,10.0,80.0,,,10.0,80.0,3070.0,2980.0,0.0,0.0,1.0,1.0,True
711,0.012544257021888189,0.010922213887459786,0.07946615283403108,0.0559996819246831,0.017229810958643954,0.0,0.017229810958643954,0.0,0.0,120.0,,,0.0,120.0,2270.0,2150.0,0.0,0.0,1.0,1.0,True
712,0.0070622279301117,0.005395765703823205,0.014536068460507104,0.0020780748265721988,0.022527501212365575,0.0,0.022527501212365575,0.0,0.0,60.0,90.0,30.0,0.0,60.0,90.0,30.0,0.0,0.0,0.0,0.0,False
713,0.007400478720959197,0.007954512217918597,0.01416743542962351,-0.0011875555092542844,0.00013902724082631712,0.0,0.00013902724082631712,0.0,10.0,130.0,130.0,-10.0,10.0,130.0,130.0,-10.0,0.0,0.0,0.0,0.0,False
714,0.015485554721831107,0.0576986246966541,0.1254040254329415,0.052219846014456284,0.07175142658494504,0.0,0.07175142658494504,0.0,0.0,150.0,210.0,60.0,0.0,150.0,210.0,60.0,0.0,0.0,0.0,0.0,False
715,0.004600536615994799,0.006035545460974699,0.010758552981314999,0.00012247090434550079,0.02344004572430297,0.0,0.02344004572430297,0.0,0.0,100.0,120.0,20.0,0.0,100.0,120.0,20.0,0.0,0.0,0.0,0.0,False
716,0.017858727947067388,0.061960610454763865,0.1756338193591203,0.09581448095728906,0.03070212438594233,0.0,0.03070212438594233,0.0,0.0,400.0,,,0.0,400.0,1920.0,1520.0,0.0,0.0,1.0,1.0,True
717,0.013705939419551394,0.023710590974687,0.11697666920428759,0.0795601388100492,0.04259551056446487,0.0,0.04259551056446487,0.0,0.0,240.0,,,0.0,240.0,2050.0,1810.0,0.0,0.0,1.0,1.0,True
718,0.017912098672540816,0.013744666136146416,0.0821155130567919,0.05045874824810467,0.014020612878197003,0.0,0.014020612878197003,0.0,0.0,180.0,,,0.0,180.0,1880.0,1700.0,0.0,0.0,1.0,1.0,True
719,0.009537103882942197,0.0091613049072308,0.0810119953494668,0.06231358655929381,0.014276254147196632,0.0,0.014276254147196632,0.0,0.0,120.0,,,0.0,120.0,2500.0,2380.0,0.0,0.0,1.0,1.0,True
720,0.004302720272611402,3.596955069360558e-05,0.004638592027898805,0.00029990220459379796,0.02480187254666477,0.0,0.02480187254666477,0.0,0.0,0.0,10.0,10.0,0.0,0.0,10.0,10.0,0.0,0.0,0.0,0.0,False
721,0.011846798574153203,0.00678696502859609,0.0810187393156908,0.06238497571294151,0.07566492912258149,0.0,0.07566492912258149,0.0,0.0,80.0,,,0.0,80.0,2510.0,2430.0,0.0,0.0,1.0,1.0,True
722,0.0029133663106762978,0.00012272168543450007,0.0031410635563303008,0.00010497556021950294,0.02740129956082099,0.0,0.02740129956082099,0.0,10.0,10.0,10.0,-10.0,10.0,10.0,10.0,-10.0,0.0,0.0,0.0,0.0,False
723,0.0103499193962895,0.0045684739571481,0.01649751839319051,0.00157912503975291,0.026173783598521294,0.0,0.026173783598521294,0.0,0.0,60.0,130.0,70.0,0.0,60.0,130.0,70.0,0.0,0.0,0.0,0.0,False
724,0.012319566525498399,0.012726689433828597,0.13329121373634328,0.10824495777701629,0.07583313150746762,0.0,0.07583313150746762,0.0,0.0,160.0,,,0.0,160.0,2630.0,2470.0,0.0,0.0,1.0,1.0,True
725,0.017752088303029406,0.014367789023847083,0.08149768600576879,0.0493778086788923,0.04418721944843451,0.0,0.04418721944843451,0.0,0.0,160.0,,,0.0,160.0,2280.0,2120.0,0.0,0.0,1.0,1.0,True
726,0.0034135486672147025,0.0035487314329136,0.0073576234994513975,0.0003953433993230948,0.016549914327922965,0.0,0.016549914327922965,0.0,0.0,60.0,60.0,0.0,0.0,60.0,60.0,0.0,0.0,0.0,0.0,0.0,False
727,0.019885455189343176,0.03659822249545969,0.19129408903124387,0.134810411346441,0.07738342051971658,0.0,0.07738342051971658,0.0,0.0,290.0,,,0.0,290.0,2110.0,1820.0,0.0,0.0,1.0,1.0,True
728,0.019983694427597398,0.04169866858471588,0.6966236795673482,0.6349413165550348,0.06074916007377995,0.0,0.06074916007377995,0.0,0.0,370.0,,,0.0,370.0,2060.0,1690.0,0.0,0.0,1.0,1.0,True
729,0.013795908664091,0.01721136603671619,0.08954905577368372,0.058541781072876525,0.01134450851317792,0.0,0.01134450851317792,0.0,0.0,200.0,,,0.0,200.0,2250.0,2050.0,0.0,0.0,1.0,1.0,True
730,0.011459537210960394,0.0052768279845975125,0.0787458307014887,0.0620094655059308,0.00348580075922289,0.0,0.00348580075922289,0.0,0.0,60.0,,,0.0,60.0,2470.0,2410.0,0.0,0.0,1.0,1.0,True
731,0.0017213998741134988,8.633552318550175e-05,0.0021501911619029,0.0003424557646038995,0.018418773329406918,0.0,0.018418773329406918,0.0,0.0,10.0,20.0,10.0,0.0,10.0,20.0,10.0,0.0,0.0,0.0,0.0,False
732,0.0138127486826249,0.024173399510613383,0.15638034376314758,0.11839419556990931,0.0643287781077504,0.0,0.0643287781077504,0.0,0.0,290.0,,,0.0,290.0,2610.0,2320.0,0.0,0.0,1.0,1.0,True
733,0.013142114993450096,0.026809501425511598,0.7959813453796055,0.7560297289606438,0.09421403065995271,0.0,0.09421403065995271,0.0,0.0,100.0,,,0.0,100.0,2800.0,2700.0,0.0,0.0,1.0,1.0,True
734,0.010763539984944392,0.010080426898049596,0.026205579934787088,0.005361613051793099,0.017205537811942895,0.0,0.017205537811942895,0.0,0.0,120.0,180.0,60.0,0.0,120.0,180.0,60.0,0.0,0.0,0.0,0.0,False
735,0.009950090264419106,0.008969792669186807,0.013837212368706206,-0.005082670564899708,0.050605067385610825,0.0,0.050605067385610825,0.0,0.0,110.0,120.0,10.0,0.0,110.0,120.0,10.0,0.0,0.0,0.0,0.0,False
736,0.020792384129184993,0.012170528285566307,0.032813466024465,-0.0001494463902863008,0.047994141460022566,0.0,0.047994141460022566,0.0,0.0,180.0,230.0,50.0,0.0,180.0,230.0,50.0,0.0,0.0,0.0,0.0,False
737,0.018966278830372163,0.022450720614189068,0.11653038069665367,0.07511338125209244,0.014751457839564996,0.0,0.014751457839564996,0.0,0.0,190.0,,,0.0,190.0,1480.0,1290.0,0.0,0.0,1.0,1.0,True
738,0.013353622354455683,0.05844253563930328,0.6798265807845921,0.6080304227908332,0.07692645143436105,0.0,0.07692645143436105,0.0,0.0,250.0,,,0.0,250.0,2460.0,2210.0,0.0,0.0,1.0,1.0,True
739,0.0162524547938845,0.020200165354959207,0.1254507551658271,0.08899813501698339,0.10178488925088491,0.0,0.10178488925088491,0.0,0.0,190.0,,,0.0,190.0,2590.0,2400.0,0.0,0.0,1.0,1.0,True
740,0.012272081564434004,0.012465790133630694,0.087046063368577,0.0623081916705123,0.02105447907028618,0.0,0.02105447907028618,0.0,0.0,190.0,,,0.0,190.0,2580.0,2390.0,0.0,0.0,1.0,1.0,True
741,0.0021040622009625004,3.484342260502704e-06,0.002108045393029001,4.988498059979585e-07,0.04394102317516091,0.0,0.04394102317516091,0.0,0.0,0.0,0.0,0.0,0.0,0.0,0.0,0.0,0.0,0.0,0.0,0.0,False
742,0.0083765743358101,0.005453315100600403,0.01617992619682851,0.002350036760418006,0.00839637752417216,0.0,0.00839637752417216,0.0,0.0,70.0,110.0,40.0,0.0,70.0,110.0,40.0,0.0,0.0,0.0,0.0,False
743,0.008815742187825507,0.0004967444139176019,0.010170201509806395,0.0008577149080632868,0.0444957601144248,0.0,0.0444957601144248,0.0,0.0,10.0,10.0,0.0,0.0,10.0,10.0,0.0,0.0,0.0,0.0,0.0,False
744,0.01284502082298819,0.013234375889608296,0.07422616017157418,0.0481467634589777,0.017132316275050963,0.0,0.017132316275050963,0.0,0.0,150.0,,,0.0,150.0,1740.0,1590.0,0.0,0.0,1.0,1.0,True
745,0.009529576647275197,0.003579764825966898,0.08540726034705429,0.0722979188738122,0.05366071470868328,0.0,0.05366071470868328,0.0,0.0,60.0,,,0.0,60.0,2940.0,2880.0,0.0,0.0,1.0,1.0,True
746,0.011463940964655195,0.004010570416716902,0.019793466159872597,0.0043189547785005,0.027774988033892,0.0,0.027774988033892,0.0,0.0,60.0,100.0,40.0,0.0,60.0,100.0,40.0,0.0,0.0,0.0,0.0,False
747,0.013627426433925505,0.028324885267659,0.8112345739413588,0.7692822622397744,0.12385173762333357,0.0,0.12385173762333357,0.0,0.0,140.0,,,0.0,140.0,2870.0,2730.0,0.0,0.0,1.0,1.0,True
748,0.005012865767106203,0.007147107808628594,0.011414943493210997,-0.000745030082523801,0.004760481265092542,0.0,0.004760481265092542,0.0,0.0,120.0,120.0,0.0,0.0,120.0,120.0,0.0,0.0,0.0,0.0,0.0,False
749,0.023360620310041005,0.014702727730640505,0.16215727120582407,0.12409392316514258,0.08560175505420364,0.0,0.08560175505420364,0.0,0.0,130.0,,,0.0,130.0,2450.0,2320.0,0.0,0.0,1.0,1.0,True
750,0.005719416619980697,0.003001697424254497,0.011538803963322096,0.002817689919086902,0.029604353796529315,0.0,0.029604353796529315,0.0,10.0,50.0,100.0,40.0,10.0,50.0,100.0,40.0,0.0,0.0,0.0,0.0,False
751,0.014276674629293495,0.0084917534361387,0.1375917092241032,0.11482328115867099,0.12461028705792798,0.0,0.12461028705792798,0.0,10.0,100.0,,,10.0,100.0,2900.0,2790.0,0.0,0.0,1.0,1.0,True
752,0.02145713544847161,0.03762327560563,0.7878110684940467,0.728730657439945,0.13045306454459327,0.0,0.13045306454459327,0.0,0.0,160.0,,,0.0,160.0,2690.0,2530.0,0.0,0.0,1.0,1.0,True
753,0.0156841457978298,0.005973046679858193,0.0225695895995925,0.0009123971219045096,0.07016306973676689,0.0,0.07016306973676689,0.0,0.0,90.0,120.0,30.0,0.0,90.0,120.0,30.0,0.0,0.0,0.0,0.0,False
754,0.0034771428566423013,0.0006277665736630009,0.005410561845461299,0.0013056524151559973,0.013197336858634723,0.0,0.013197336858634723,0.0,0.0,20.0,40.0,20.0,0.0,20.0,40.0,20.0,0.0,0.0,0.0,0.0,False
755,0.008967213436157195,0.00011694389340920208,0.009117535972022597,3.3378642456199925e-05,0.08834776393288413,0.0,0.08834776393288413,0.0,0.0,0.0,0.0,0.0,0.0,0.0,0.0,0.0,0.0,0.0,0.0,0.0,False
756,0.015592221620532393,0.03274689257308869,0.16933849983393828,0.1209993856403172,0.05293864275661897,0.0,0.05293864275661897,0.0,10.0,270.0,,,10.0,270.0,2080.0,1800.0,0.0,0.0,1.0,1.0,True
757,0.005269598533431202,0.024484280407576997,0.0936957225070073,0.0639418435659991,0.029136029814305686,0.0,0.029136029814305686,0.0,0.0,300.0,,,0.0,300.0,2840.0,2540.0,0.0,0.0,1.0,1.0,True
758,0.023766030968371016,0.0565801917072451,0.1241159916192702,0.043769768943654086,0.08337550944330474,0.0,0.08337550944330474,0.0,10.0,210.0,170.0,-50.0,10.0,210.0,170.0,-50.0,0.0,0.0,0.0,0.0,False
759,0.0015225607036481043,0.006550950591859991,0.07864208031973309,0.070568569024225,0.005739575338685521,0.0,0.005739575338685521,0.0,0.0,90.0,,,0.0,90.0,2950.0,2860.0,0.0,0.0,1.0,1.0,True
760,0.001465855633021193,0.003013619738193002,0.0044519333794870025,-2.7541991727192405e-05,0.0,0.0,0.0,0.0,0.0,50.0,50.0,0.0,0.0,50.0,50.0,0.0,0.0,0.0,0.0,0.0,False
761,0.016495158742810503,0.021003712946527503,0.0978465516368967,0.0603476799475587,0.09106397056493742,0.0,0.09106397056493742,0.0,0.0,190.0,,,0.0,190.0,2720.0,2530.0,0.0,0.0,1.0,1.0,True
762,0.014747090587657607,0.0225084673517265,0.1498031681200988,0.1125476101807147,0.12210876585856689,0.0,0.12210876585856689,0.0,0.0,220.0,,,0.0,220.0,2820.0,2600.0,0.0,0.0,1.0,1.0,True
763,0.006040356417229595,0.0014190195785048001,0.009852107230770103,0.0023927312350357083,0.028635356212364238,0.0,0.028635356212364238,0.0,0.0,30.0,50.0,20.0,0.0,30.0,50.0,20.0,0.0,0.0,0.0,0.0,False
764,0.007218656354774103,0.0011088818210110013,0.010368334810720095,0.002040796634934991,0.01108507059997843,0.0,0.01108507059997843,0.0,0.0,20.0,50.0,30.0,0.0,20.0,50.0,30.0,0.0,0.0,0.0,0.0,False
765,0.0141972021387341,0.034352040611297596,0.1486779205025867,0.10012867775255502,0.02491279769543875,0.0,0.02491279769543875,0.0,0.0,330.0,,,0.0,330.0,2180.0,1850.0,0.0,0.0,1.0,1.0,True
766,0.009189116347874199,0.011515121475312098,0.017499240935187704,-0.003204996887998593,0.020114691955468667,0.0,0.020114691955468667,0.0,10.0,190.0,200.0,0.0,10.0,190.0,200.0,0.0,0.0,0.0,0.0,0.0,False
767,0.005382849215765099,0.0007035275268178001,0.008181539132203302,0.002095162389620403,0.07197394039884253,0.0,0.07197394039884253,0.0,0.0,20.0,60.0,40.0,0.0,20.0,60.0,40.0,0.0,0.0,0.0,0.0,False
768,0.014552160011761309,0.036266697385948996,0.10436904336807719,0.053550185970366884,0.0435810380315258,0.0,0.0435810380315258,0.0,10.0,240.0,110.0,-140.0,10.0,240.0,110.0,-140.0,0.0,0.0,0.0,0.0,False
769,0.020119052364957618,0.015179024255640522,0.0764691457413508,0.04117106912075266,0.036228318863563924,0.0,0.036228318863563924,0.0,0.0,240.0,,,0.0,240.0,1940.0,1700.0,0.0,0.0,1.0,1.0,True
770,0.015540099686880693,0.004134590208029296,0.020285645783600398,0.0006109558886904093,0.02820095666221134,0.0,0.02820095666221134,0.0,0.0,60.0,120.0,60.0,0.0,60.0,120.0,60.0,0.0,0.0,0.0,0.0,False
771,0.0045662895262477965,0.013780504864479792,0.022418233258713297,0.004071438867985708,0.010274822240237513,0.0,0.010274822240237513,0.0,0.0,200.0,230.0,30.0,0.0,200.0,230.0,30.0,0.0,0.0,0.0,0.0,False
772,0.008787279501978704,0.0011078472387974075,0.013214868783242406,0.003319742042466295,0.021289606767310787,0.0,0.021289606767310787,0.0,0.0,30.0,80.0,50.0,0.0,30.0,80.0,50.0,0.0,0.0,0.0,0.0,False
773,0.006632070452599004,0.005899684212769513,0.0792581049842861,0.06672635031891759,0.027470694113607474,0.0,0.027470694113607474,0.0,0.0,80.0,,,0.0,80.0,2760.0,2680.0,0.0,0.0,1.0,1.0,True
774,0.012812181725842003,0.0037559689445814948,0.017729866183819193,0.0011617155133956947,0.01330238495614805,0.0,0.01330238495614805,0.0,10.0,70.0,90.0,10.0,10.0,70.0,90.0,10.0,0.0,0.0,0.0,0.0,False
775,0.0104011044027717,0.0,0.0104011044027717,0.0,0.20574341042656596,0.0,0.20574341042656596,0.0,10.0,0.0,10.0,0.0,10.0,0.0,10.0,0.0,0.0,0.0,0.0,0.0,False
776,0.0016055067535744004,0.00036390934981649775,0.002551842949926098,0.0005824268465352,0.012569754480698303,0.0,0.012569754480698303,0.0,10.0,20.0,30.0,0.0,10.0,20.0,30.0,0.0,0.0,0.0,0.0,0.0,False
777,0.012090836576276902,0.011099608588830003,0.8316027419060937,0.8084122967409869,0.19624143332434374,0.0,0.19624143332434374,0.0,0.0,120.0,,,0.0,120.0,3070.0,2950.0,0.0,0.0,1.0,1.0,True
778,0.010310393845988003,0.011327211225329592,0.0769693157255093,0.05533171065419171,0.011501415375915314,0.0,0.011501415375915314,0.0,0.0,140.0,,,0.0,140.0,2240.0,2100.0,0.0,0.0,1.0,1.0,True
779,0.011041256823990889,0.008667727100716602,0.08151955218171929,0.0618105682570118,0.07338735778678529,0.0,0.07338735778678529,0.0,0.0,100.0,,,0.0,100.0,2620.0,2520.0,0.0,0.0,1.0,1.0,True
780,0.010917400203878797,0.009590852429772007,0.019404106015940892,-0.0011041466177099113,0.020401882914603875,0.0,0.020401882914603875,0.0,0.0,140.0,170.0,30.0,0.0,140.0,170.0,30.0,0.0,0.0,0.0,0.0,False
781,0.006126023567579006,0.004123154772640206,0.07988921344634031,0.0696400351061211,0.020399723730903707,0.0,0.020399723730903707,0.0,0.0,40.0,,,0.0,40.0,2900.0,2860.0,0.0,0.0,1.0,1.0,True
782,0.013072344979637801,0.006945739288928887,0.0201086988790804,9.061461051371178e-05,0.06687972688343014,0.0,0.06687972688343014,0.0,10.0,110.0,170.0,50.0,10.0,110.0,170.0,50.0,0.0,0.0,0.0,0.0,False
783,0.020681151084046404,0.019075022106837092,0.09991988716190818,0.060163713971024685,0.08928286099419874,0.0,0.08928286099419874,0.0,0.0,210.0,,,0.0,210.0,2470.0,2260.0,0.0,0.0,1.0,1.0,True
784,0.010287565176662003,0.007755194535474297,0.0893074997112814,0.0712647399991451,0.047163797294965504,0.0,0.047163797294965504,0.0,0.0,110.0,,,0.0,110.0,2870.0,2760.0,0.0,0.0,1.0,1.0,True
785,0.012774476376681304,0.017110189082716887,0.08052703275377099,0.0506423672943728,0.0264935675205068,0.0,0.0264935675205068,0.0,0.0,180.0,,,0.0,180.0,2010.0,1830.0,0.0,0.0,1.0,1.0,True
786,0.005077550680174597,0.016362534207360696,0.013275865898879094,-0.0081642189886562,0.02461584200405026,0.0,0.02461584200405026,0.0,0.0,210.0,200.0,-10.0,0.0,210.0,200.0,-10.0,0.0,0.0,0.0,0.0,False
787,0.015124331992458898,0.012032217138466514,0.02984189381635942,0.0026853446854340074,0.09421033349459496,0.0,0.09421033349459496,0.0,0.0,190.0,230.0,40.0,0.0,190.0,230.0,40.0,0.0,0.0,0.0,0.0,False
788,0.004380713181025092,0.000868985749864104,0.006812402561939296,0.0015627036310500997,0.007428647944032307,0.0,0.007428647944032307,0.0,0.0,20.0,50.0,30.0,0.0,20.0,50.0,30.0,0.0,0.0,0.0,0.0,False
789,0.01531148082237771,0.0315418669289001,0.1625781262980146,0.1157247785467368,0.0799490179551754,0.0,0.0799490179551754,0.0,0.0,340.0,,,0.0,340.0,2350.0,2010.0,0.0,0.0,1.0,1.0,True
790,0.011081671303484301,0.003942422103914697,0.843126306308361,0.8281022129009621,0.2821746583770749,0.0,0.2821746583770749,0.0,10.0,60.0,,,10.0,60.0,3210.0,3140.0,0.0,0.0,1.0,1.0,True
791,0.007123860238600413,0.004927202461629102,0.012032593717717893,-1.8468982511621324e-05,0.003714935264992225,0.0,0.003714935264992225,0.0,0.0,60.0,80.0,20.0,0.0,60.0,80.0,20.0,0.0,0.0,0.0,0.0,False
792,0.004343607612678199,0.0036059663293296004,0.008927054078709598,0.0009774801367017985,0.024073361183041875,0.0,0.024073361183041875,0.0,0.0,70.0,80.0,10.0,0.0,70.0,80.0,10.0,0.0,0.0,0.0,0.0,False
793,0.01777818105547113,0.1197824315783732,0.24695367785288014,0.1093930652190358,0.042267308574146845,0.0,0.042267308574146845,0.0,0.0,380.0,,,0.0,380.0,1710.0,1330.0,0.0,0.0,1.0,1.0,True
794,0.0081127475916302,0.0004524844034540995,0.009679937676236101,0.0011147056811518022,0.055095800255180793,0.0,0.055095800255180793,0.0,10.0,20.0,40.0,10.0,10.0,20.0,40.0,10.0,0.0,0.0,0.0,0.0,False
795,0.009467672570548202,0.01242564081675751,0.0823175554490027,0.060424242061696984,0.015528285373101025,0.0,0.015528285373101025,0.0,0.0,150.0,,,0.0,150.0,2640.0,2490.0,0.0,0.0,1.0,1.0,True
796,0.008310026022915903,0.0008097171585220997,0.010465290594496607,0.0013455474130586037,0.019491867026679488,0.0,0.019491867026679488,0.0,10.0,30.0,60.0,20.0,10.0,30.0,60.0,20.0,0.0,0.0,0.0,0.0,False
797,0.010557919872323407,0.0003480907508423975,0.011823485537686307,0.0009174749145205024,0.014758671760246533,0.0,0.014758671760246533,0.0,10.0,10.0,40.0,20.0,10.0,10.0,40.0,20.0,0.0,0.0,0.0,0.0,False
798,0.021926812293121767,0.12071864572844626,0.21236431149246,0.06971885347089196,0.05726440531340038,0.0,0.05726440531340038,0.0,0.0,490.0,,,0.0,490.0,1690.0,1200.0,0.0,0.0,1.0,1.0,True
799,0.009266818262397197,0.00044962603738630397,0.012757214584965398,0.003040770285181897,0.047110541279613005,0.0,0.047110541279613005,0.0,0.0,10.0,40.0,30.0,0.0,10.0,40.0,30.0,0.0,0.0,0.0,0.0,False
800,0.017179889276008498,0.021648989573567284,0.7519691973664258,0.71314031851685,0.06990954682120176,0.0,0.06990954682120176,0.0,0.0,200.0,,,0.0,200.0,2360.0,2160.0,0.0,0.0,1.0,1.0,True
801,0.013832051613442392,0.023202413579858694,0.12683094330139422,0.08979647810809313,0.06216076827133399,0.0,0.06216076827133399,0.0,0.0,260.0,,,0.0,260.0,2290.0,2030.0,0.0,0.0,1.0,1.0,True
802,0.010247487480525688,0.016855156735137808,0.0748582346573181,0.0477555904416546,0.04934427505607608,0.0,0.04934427505607608,0.0,0.0,230.0,,,0.0,230.0,2530.0,2300.0,0.0,0.0,1.0,1.0,True
803,0.0024602376943464004,2.7179457293600995e-05,0.0024925947739031992,5.177622263197873e-06,0.0195388159563194,0.0,0.0195388159563194,0.0,0.0,0.0,0.0,0.0,0.0,0.0,0.0,0.0,0.0,0.0,0.0,0.0,False
804,0.021777578591302207,0.042479793359582005,0.77393976147271,0.7096823895218258,0.08605436893180085,0.0,0.08605436893180085,0.0,10.0,190.0,,,10.0,190.0,2490.0,2290.0,0.0,0.0,1.0,1.0,True
805,0.009517998874110298,0.004421889370701704,0.08277993469758299,0.06884004645277099,0.027159912892898097,0.0,0.027159912892898097,0.0,10.0,50.0,,,10.0,50.0,2860.0,2800.0,0.0,0.0,1.0,1.0,True
806,0.010718556686537484,0.0395736776448079,0.1521344086275852,0.10184217429623982,0.05825218419855249,0.0,0.05825218419855249,0.0,0.0,310.0,,,0.0,310.0,2410.0,2100.0,0.0,0.0,1.0,1.0,True
807,0.011708438738940313,0.021056823802972108,0.079398703853434,0.046633441311521584,0.04834193871141801,0.0,0.04834193871141801,0.0,10.0,270.0,,,10.0,270.0,2170.0,1890.0,0.0,0.0,1.0,1.0,True
808,0.014979622013947202,0.003510269041586994,0.0785461431115457,0.060056252056011505,0.022451963984623013,0.0,0.022451963984623013,0.0,0.0,30.0,,,0.0,30.0,2310.0,2280.0,0.0,0.0,1.0,1.0,True
809,0.006848411480474992,0.009995039477900397,0.019544775763895794,0.0027013248055204053,0.012250012863524729,0.0,0.012250012863524729,0.0,0.0,140.0,160.0,20.0,0.0,140.0,160.0,20.0,0.0,0.0,0.0,0.0,False
810,0.011547317851744704,0.02953495483372509,0.12003660253199769,0.0789543298465279,0.040984366185271126,0.0,0.040984366185271126,0.0,0.0,250.0,,,0.0,250.0,2280.0,2030.0,0.0,0.0,1.0,1.0,True
811,0.020292677109714705,0.0074696290583313035,0.0897149965190079,0.06195269035096189,0.10520850393297687,0.0,0.10520850393297687,0.0,0.0,100.0,,,0.0,100.0,2560.0,2460.0,0.0,0.0,1.0,1.0,True
812,0.011354202868720215,0.016722950518932217,0.11788030264509008,0.08980314925743765,0.01232495613202833,0.0,0.01232495613202833,0.0,0.0,150.0,,,0.0,150.0,2190.0,2040.0,0.0,0.0,1.0,1.0,True
813,0.004074149618608899,0.012093053222768907,0.0783076689033789,0.06214046606200109,0.004736220204110797,0.0,0.004736220204110797,0.0,0.0,150.0,,,0.0,150.0,2540.0,2390.0,0.0,0.0,1.0,1.0,True
814,0.012393519408420109,0.010898864227319505,0.08732962854811312,0.0640372449123735,0.020037058544182584,0.0,0.020037058544182584,0.0,0.0,170.0,,,0.0,170.0,2430.0,2260.0,0.0,0.0,1.0,1.0,True
815,0.012551910181995793,0.017660726935047902,0.024429985937348395,-0.0057826511796953,0.02648075285217294,0.0,0.02648075285217294,0.0,0.0,200.0,200.0,0.0,0.0,200.0,200.0,0.0,0.0,0.0,0.0,0.0,False
816,0.010938063281620294,0.0041380242351530955,0.016111305025286585,0.0010352175085131948,0.01384154253970482,0.0,0.01384154253970482,0.0,0.0,60.0,80.0,20.0,0.0,60.0,80.0,20.0,0.0,0.0,0.0,0.0,False
817,0.007014801809725302,0.004291786659513505,0.014199461236794608,0.0028928727675558014,0.007077578284083008,0.0,0.007077578284083008,0.0,0.0,60.0,90.0,30.0,0.0,60.0,90.0,30.0,0.0,0.0,0.0,0.0,False
818,0.0126355208520251,0.012604445263749015,0.7640562796904721,0.7388163135746979,0.05773798324111035,0.0,0.05773798324111035,0.0,0.0,110.0,,,0.0,110.0,2550.0,2440.0,0.0,0.0,1.0,1.0,True
819,0.011433263491948842,0.03612879501682642,0.14557704235867375,0.09801498384989848,0.03767292367281183,0.0,0.03767292367281183,0.0,0.0,320.0,,,0.0,320.0,1600.0,1280.0,0.0,0.0,1.0,1.0,True
820,0.004763423278242709,0.003391055963205311,0.01017061155771,0.0020161323162619788,0.009410899608474799,0.0,0.009410899608474799,0.0,0.0,60.0,80.0,20.0,0.0,60.0,80.0,20.0,0.0,0.0,0.0,0.0,False
821,0.0236890152579968,0.042362527959557694,0.150888944419451,0.0848374012018965,0.058615245297872764,0.0,0.058615245297872764,0.0,0.0,410.0,,,0.0,410.0,2030.0,1620.0,0.0,0.0,1.0,1.0,True
822,0.018216200820505,0.010940259110384196,0.0229517835747695,-0.0062046763561196955,0.12117708918315273,0.0,0.12117708918315273,0.0,0.0,160.0,260.0,100.0,0.0,160.0,260.0,100.0,0.0,0.0,0.0,0.0,False
823,0.013028299241252789,0.01876921811975399,0.12050922754085139,0.08871171017984461,0.034140131766488446,0.0,0.034140131766488446,0.0,10.0,210.0,,,10.0,210.0,2120.0,1900.0,0.0,0.0,1.0,1.0,True
824,0.006988109506731503,0.002622717754941599,0.010256372849577998,0.0006455455879048957,0.08636283492251201,0.0,0.08636283492251201,0.0,0.0,50.0,60.0,10.0,0.0,50.0,60.0,10.0,0.0,0.0,0.0,0.0,False
825,0.008568410715538294,0.0263452653700314,0.0513757695615482,0.016462093475978504,0.0349739848061853,0.0,0.0349739848061853,0.0,0.0,280.0,,,0.0,280.0,2610.0,2330.0,0.0,0.0,1.0,1.0,True
826,0.0191899556336996,0.013450168237954002,0.08219836191554108,0.04955823804388748,0.04127355463281146,0.0,0.04127355463281146,0.0,0.0,140.0,,,0.0,140.0,1680.0,1540.0,0.0,0.0,1.0,1.0,True
827,0.004707797332199601,0.0014589415119485999,0.08485777424255209,0.07869103539840389,0.046668126279337196,0.0,0.046668126279337196,0.0,10.0,30.0,,,10.0,30.0,3270.0,3230.0,0.0,0.0,1.0,1.0,True
828,0.008545937092298908,0.007724047294403499,0.018692130749670008,0.0024221463629676004,0.06417522086449212,0.0,0.06417522086449212,0.0,0.0,110.0,130.0,20.0,0.0,110.0,130.0,20.0,0.0,0.0,0.0,0.0,False
829,0.011572689313371604,0.004809161545345594,0.0845734457458185,0.0681915948871013,0.04512889288435451,0.0,0.04512889288435451,0.0,0.0,60.0,,,0.0,60.0,2710.0,2650.0,0.0,0.0,1.0,1.0,True
830,0.010433921032430987,0.032883761024001174,0.45363437507591065,0.4103166930194785,0.003545266576868933,0.0,0.003545266576868933,0.0,0.0,320.0,,,0.0,320.0,2070.0,1750.0,0.0,0.0,1.0,1.0,True
831,0.005033511624257303,0.004216015934238995,0.008842373989596697,-0.0004071535688996014,0.010595792607956178,0.0,0.010595792607956178,0.0,0.0,60.0,70.0,10.0,0.0,60.0,70.0,10.0,0.0,0.0,0.0,0.0,False
832,0.016885307258414695,0.02159241809074189,0.1488966514314343,0.11041892608227771,0.07594407292403438,0.0,0.07594407292403438,0.0,0.0,190.0,,,0.0,190.0,2220.0,2030.0,0.0,0.0,1.0,1.0,True
833,0.003461283166832998,0.0035370291045636985,0.085270215190568,0.0782719029191713,0.037265844662998926,0.0,0.037265844662998926,0.0,0.0,50.0,,,0.0,50.0,3230.0,3180.0,0.0,0.0,1.0,1.0,True
834,0.0119197677465889,0.016980367204190494,0.12105877054686898,0.09215863559608958,0.013022679782331403,0.0,0.013022679782331403,0.0,0.0,170.0,,,0.0,170.0,2250.0,2080.0,0.0,0.0,1.0,1.0,True
835,0.003544676519912398,0.002736404915512202,0.0832410077079924,0.0769599262725678,0.03206409751656841,0.0,0.03206409751656841,0.0,0.0,40.0,,,0.0,40.0,3260.0,3220.0,0.0,0.0,1.0,1.0,True
836,0.0069087420874408,0.019222015142314003,0.1247895477677495,0.0986587905379947,0.018811875066550743,0.0,0.018811875066550743,0.0,10.0,220.0,,,10.0,220.0,2850.0,2620.0,0.0,0.0,1.0,1.0,True
837,0.023747697154144598,0.0641545001824202,0.7180299615349702,0.6301277641984054,0.108189309065294,0.0,0.108189309065294,0.0,0.0,340.0,,,0.0,340.0,2200.0,1860.0,0.0,0.0,1.0,1.0,True
838,0.014403555408883502,0.00024961534168890104,0.015360239618151604,0.0007070688675792011,0.21858376849695993,0.0,0.21858376849695993,0.0,10.0,10.0,30.0,10.0,10.0,10.0,30.0,10.0,0.0,0.0,0.0,0.0,False
839,0.019088757987492933,0.052828360812090525,0.12164398624323403,0.04972686744365057,0.0205765452909199,0.0,0.0205765452909199,0.0,0.0,390.0,,,0.0,390.0,1470.0,1080.0,0.0,0.0,1.0,1.0,True
840,0.0131863526876329,0.010865288941869299,0.20815448122386151,0.1841028395943593,0.11796183508086572,0.0,0.11796183508086572,0.0,10.0,170.0,,,10.0,170.0,2990.0,2810.0,0.0,0.0,1.0,1.0,True
841,0.008454265863458793,0.004222800116824896,0.0788827654104794,0.0662056994301957,0.03027491984824149,0.0,0.03027491984824149,0.0,10.0,60.0,,,10.0,60.0,2730.0,2660.0,0.0,0.0,1.0,1.0,True
842,0.003745893213619296,0.002090843132657297,0.0635075377507975,0.057670801404520904,0.029423707580742586,0.0,0.029423707580742586,0.0,0.0,20.0,,,0.0,20.0,3020.0,3000.0,0.0,0.0,1.0,1.0,True
843,0.012634796836340598,0.002398987084430801,0.07465137042632189,0.05961758650555049,0.1802702367648913,0.0,0.1802702367648913,0.0,10.0,50.0,90.0,30.0,10.0,50.0,90.0,30.0,0.0,0.0,0.0,0.0,False
844,0.023584842148686197,0.036020116832645305,0.1343834759532376,0.0747785169719061,0.06907916742513154,0.0,0.06907916742513154,0.0,0.0,340.0,,,0.0,340.0,2120.0,1780.0,0.0,0.0,1.0,1.0,True
845,0.012840644548223104,0.014234754190124502,0.12501339136495243,0.09793799262660483,0.039540413815246866,0.0,0.039540413815246866,0.0,0.0,180.0,,,0.0,180.0,2550.0,2370.0,0.0,0.0,1.0,1.0,True
846,0.020164905396549693,0.060169290894781985,0.12122551976265511,0.04089132347132343,0.07722106261326012,0.0,0.07722106261326012,0.0,0.0,390.0,,,0.0,390.0,2380.0,1990.0,0.0,0.0,1.0,1.0,True
847,0.006630009238699802,0.004262364236955099,0.012010803129944098,0.0011184296542891964,0.021684279694082764,0.0,0.021684279694082764,0.0,0.0,70.0,110.0,40.0,0.0,70.0,110.0,40.0,0.0,0.0,0.0,0.0,False
848,0.01494718293998279,0.034391303993501904,0.12562235272204328,0.07628386578855859,0.07009059141283625,0.0,0.07009059141283625,0.0,0.0,300.0,,,0.0,300.0,2160.0,1860.0,0.0,0.0,1.0,1.0,True
849,0.009861107975086006,0.0147873265281456,0.0919283661074594,0.0672799316042278,0.03986757037889577,0.0,0.03986757037889577,0.0,0.0,170.0,,,0.0,170.0,2730.0,2560.0,0.0,0.0,1.0,1.0,True
850,0.020254256709390496,0.004299749175223695,0.1505142940766516,0.12596028819203742,0.3817336482988497,0.0,0.3817336482988497,0.0,0.0,60.0,,,0.0,60.0,3140.0,3080.0,0.0,0.0,1.0,1.0,True
851,0.014185878903212393,0.033805856444188806,0.15513205330095658,0.1071403179535554,0.08456581040437938,0.0,0.08456581040437938,0.0,20.0,290.0,,,20.0,290.0,2570.0,2260.0,0.0,0.0,1.0,1.0,True
852,0.01698480365230011,0.006142776595354005,0.0891063750181205,0.06597879477046639,0.1217961225001909,0.0,0.1217961225001909,0.0,10.0,100.0,,,10.0,100.0,2800.0,2690.0,0.0,0.0,1.0,1.0,True
853,0.010116670658844404,0.011110127576317907,0.1310697811286358,0.10984298289347348,0.02972248280755546,0.0,0.02972248280755546,0.0,0.0,120.0,,,0.0,120.0,2710.0,2590.0,0.0,0.0,1.0,1.0,True
854,0.0033002376587704003,0.0010430810698401002,0.005301841468318802,0.0009585227397083014,0.03402407424713949,0.0,0.03402407424713949,0.0,0.0,20.0,40.0,20.0,0.0,20.0,40.0,20.0,0.0,0.0,0.0,0.0,False
855,0.014935130896639698,0.023916710393060703,0.1550123336181295,0.1161604923284291,0.04987951394059609,0.0,0.04987951394059609,0.0,0.0,220.0,,,0.0,220.0,2430.0,2210.0,0.0,0.0,1.0,1.0,True
856,0.004084779999689911,0.0175950519380476,0.1273168318975179,0.1056369999597804,0.01612949200344116,0.0,0.01612949200344116,0.0,0.0,200.0,,,0.0,200.0,2760.0,2560.0,0.0,0.0,1.0,1.0,True
857,0.010626102536332727,0.0325392819614054,0.15485962773022782,0.11169424323248969,0.031235565521197217,0.0,0.031235565521197217,0.0,0.0,200.0,,,0.0,200.0,2260.0,2060.0,0.0,0.0,1.0,1.0,True
858,0.010055275274978098,0.004533072452767892,0.014896620527835497,0.00030827280008950686,0.017953825142663915,0.0,0.017953825142663915,0.0,0.0,70.0,90.0,20.0,0.0,70.0,90.0,20.0,0.0,0.0,0.0,0.0,False
859,0.03183145788509209,0.01632746974632901,0.12414486809651401,0.07598594046509291,0.08744208639705542,0.0,0.08744208639705542,0.0,0.0,170.0,,,0.0,170.0,1880.0,1710.0,0.0,0.0,1.0,1.0,True
860,0.004628579674187998,0.0067316879397796014,0.1336870231215516,0.12232675550758398,0.017901500707154294,0.0,0.017901500707154294,0.0,10.0,100.0,,,10.0,100.0,3060.0,2950.0,0.0,0.0,1.0,1.0,True
861,0.01719231559080789,0.004129217967463891,0.0874590992363974,0.06613756567812562,0.09375088221389949,0.0,0.09375088221389949,0.0,0.0,50.0,,,0.0,50.0,2660.0,2610.0,0.0,0.0,1.0,1.0,True
862,0.013626696376283803,0.010765094246617507,0.0835328996827279,0.059141109059826585,0.06144867918080854,0.0,0.06144867918080854,0.0,0.0,140.0,,,0.0,140.0,2370.0,2230.0,0.0,0.0,1.0,1.0,True
863,0.021984147298989676,0.012299928317983988,0.03565992456257719,0.001375848945603525,0.07931160051668684,0.0,0.07931160051668684,0.0,0.0,260.0,310.0,50.0,0.0,260.0,310.0,50.0,0.0,0.0,0.0,0.0,False
864,0.006332403300376002,0.0010126235651864018,0.008464392106844104,0.0011193652412817001,0.011829395721536018,0.0,0.011829395721536018,0.0,0.0,20.0,40.0,20.0,0.0,20.0,40.0,20.0,0.0,0.0,0.0,0.0,False
865,0.02084925766192522,0.014156861588668412,0.09280653377755571,0.05780041452696208,0.08636029215388052,0.0,0.08636029215388052,0.0,0.0,190.0,,,0.0,190.0,2260.0,2070.0,0.0,0.0,1.0,1.0,True
866,0.0098804843009625,0.008605713457360303,0.13461111191043632,0.11612491415211351,0.02737892145903026,0.0,0.02737892145903026,0.0,0.0,120.0,,,0.0,120.0,2750.0,2630.0,0.0,0.0,1.0,1.0,True
867,0.0071033826391654065,0.0032690203691702058,0.010629682230194504,0.0002572792218588915,0.01786885764496504,0.0,0.01786885764496504,0.0,0.0,50.0,80.0,30.0,0.0,50.0,80.0,30.0,0.0,0.0,0.0,0.0,False
868,0.005814878722905897,0.025892393530705896,0.1422098186216541,0.11050254636804231,0.029961898654474517,0.0,0.029961898654474517,0.0,0.0,200.0,,,0.0,200.0,2720.0,2520.0,0.0,0.0,1.0,1.0,True
869,0.01086994155656569,0.0155839440475352,0.12553881875562212,0.09908493315152123,0.02316939313478661,0.0,0.02316939313478661,0.0,0.0,160.0,,,0.0,160.0,2480.0,2320.0,0.0,0.0,1.0,1.0,True
870,0.010190525304829307,0.0506699184225539,0.1196597658320283,0.058799322104645085,0.01366039551513809,0.0,0.01366039551513809,0.0,0.0,210.0,,,0.0,210.0,2540.0,2330.0,0.0,0.0,1.0,1.0,True
871,0.024850298345177393,0.0078816312239718,0.13374345551260608,0.10101152594345689,0.15880561618150768,0.0,0.15880561618150768,0.0,0.0,70.0,,,0.0,70.0,2590.0,2520.0,0.0,0.0,1.0,1.0,True
872,0.009295568865165402,0.022271616425994498,0.12343744472692171,0.09187025943576181,0.011173741490137057,0.0,0.011173741490137057,0.0,0.0,250.0,,,0.0,250.0,2410.0,2160.0,0.0,0.0,1.0,1.0,True
873,0.009684325164071209,0.0292603433317013,0.1555806667364466,0.11663599824067411,0.07499214638896157,0.0,0.07499214638896157,0.0,0.0,270.0,,,0.0,270.0,2840.0,2570.0,0.0,0.0,1.0,1.0,True
874,0.0078014402329217025,0.003821031426315305,0.0863175867689038,0.0746951151096668,0.06523437463110648,0.0,0.06523437463110648,0.0,0.0,60.0,,,0.0,60.0,3070.0,3010.0,0.0,0.0,1.0,1.0,True
875,0.01854162516296999,0.019071867910345694,0.7005017987943708,0.6628883057210552,0.14054697290339113,0.0,0.14054697290339113,0.0,0.0,220.0,,,0.0,220.0,2690.0,2470.0,0.0,0.0,1.0,1.0,True
876,0.017572154365753212,0.017983416725802615,0.06172188496595901,0.026166313874403185,0.032516207217457294,0.0,0.032516207217457294,0.0,0.0,190.0,,,0.0,190.0,2240.0,2050.0,0.0,0.0,1.0,1.0,True
877,0.007646736726168703,0.0013260399387243008,0.0828168780405388,0.07384410137564582,0.03166963539947959,0.0,0.03166963539947959,0.0,0.0,20.0,,,0.0,20.0,2920.0,2900.0,0.0,0.0,1.0,1.0,True
878,0.0084947163124309,0.006606529204373303,0.08718232301879471,0.0720810775019905,0.03973385055807349,0.0,0.03973385055807349,0.0,0.0,100.0,,,0.0,100.0,2970.0,2870.0,0.0,0.0,1.0,1.0,True
879,0.008754195869460094,0.008186966796497594,0.07961089683404259,0.0626697341680849,0.020175865822849137,0.0,0.020175865822849137,0.0,0.0,100.0,,,0.0,100.0,2700.0,2600.0,0.0,0.0,1.0,1.0,True
880,0.008428659353438797,0.009906123787482998,0.08323406423842959,0.0648992810975078,0.0060876478088782715,0.0,0.0060876478088782715,0.0,0.0,110.0,,,0.0,110.0,2610.0,2500.0,0.0,0.0,1.0,1.0,True
881,0.009074741674128098,0.0033158319787739005,0.014100999413115295,0.0017104257602132966,0.04981430194610781,0.0,0.04981430194610781,0.0,0.0,50.0,60.0,10.0,0.0,50.0,60.0,10.0,0.0,0.0,0.0,0.0,False
882,0.02606068540906549,0.0008998921960345074,0.0967173772766113,0.0697567996715113,0.17734622839487857,0.0,0.17734622839487857,0.0,10.0,20.0,,,10.0,20.0,2760.0,2730.0,0.0,0.0,1.0,1.0,True
883,0.01983680772064958,0.017775176439031398,0.09706977013406648,0.0594577859743855,0.031897542187802275,0.0,0.031897542187802275,0.0,0.0,210.0,,,0.0,210.0,2120.0,1910.0,0.0,0.0,1.0,1.0,True
884,0.011146678985336111,0.10102572775636728,0.24287323002777592,0.13070082328607252,0.0466886979652098,0.0,0.0466886979652098,0.0,0.0,330.0,,,0.0,330.0,2160.0,1830.0,0.0,0.0,1.0,1.0,True
885,0.013616463543730598,0.004342543875699004,0.08314559392491591,0.06518658650548631,0.06693017276600965,0.0,0.06693017276600965,0.0,0.0,50.0,,,0.0,50.0,2670.0,2620.0,0.0,0.0,1.0,1.0,True
886,0.010457555113547193,0.014019446490501894,0.1307949328165594,0.10631793121251032,0.01633033575122722,0.0,0.01633033575122722,0.0,0.0,200.0,,,0.0,200.0,2610.0,2410.0,0.0,0.0,1.0,1.0,True
887,0.014920463836505818,0.013440635625883393,0.0874463660404566,0.05908526657806738,0.03355629028963647,0.0,0.03355629028963647,0.0,0.0,170.0,,,0.0,170.0,2440.0,2270.0,0.0,0.0,1.0,1.0,True
888,0.0044557242917307935,0.005936920859439594,0.009525601058855603,-0.0008670440923147851,0.018868879136041627,0.0,0.018868879136041627,0.0,0.0,100.0,140.0,40.0,0.0,100.0,140.0,40.0,0.0,0.0,0.0,0.0,False
889,0.0067569265291571035,0.002609285516192203,0.011234551257389501,0.0018683392120401945,0.032954264231627395,0.0,0.032954264231627395,0.0,0.0,40.0,80.0,40.0,0.0,40.0,80.0,40.0,0.0,0.0,0.0,0.0,False
890,0.012008153478036993,0.0013098569164202017,0.01453850299026499,0.0012204925958077956,0.029839540947572574,0.0,0.029839540947572574,0.0,0.0,30.0,50.0,20.0,0.0,30.0,50.0,20.0,0.0,0.0,0.0,0.0,False
891,0.004526077950474092,0.012244831850227803,0.009317729043751694,-0.007453180756950201,0.006952788921516406,0.0,0.006952788921516406,0.0,0.0,190.0,170.0,-20.0,0.0,190.0,170.0,-20.0,0.0,0.0,0.0,0.0,False
892,0.011540794215194106,0.009996985129434907,0.02472926363736269,0.003191484292733679,0.03036571841703306,0.0,0.03036571841703306,0.0,0.0,120.0,200.0,80.0,0.0,120.0,200.0,80.0,0.0,0.0,0.0,0.0,False
893,0.022520606927593695,0.052778070683868916,0.16603536256093282,0.09073668494947021,0.01847809171789272,0.0,0.01847809171789272,0.0,0.0,360.0,,,0.0,360.0,1770.0,1410.0,0.0,0.0,1.0,1.0,True
894,0.008798968117275194,0.005243101453633894,0.0834229185539295,0.06938084898302041,0.03714816303780161,0.0,0.03714816303780161,0.0,10.0,80.0,,,10.0,80.0,2880.0,2790.0,0.0,0.0,1.0,1.0,True
895,0.0026530639364695,0.0016697005619468984,0.005089379430841499,0.0007666149324251012,0.028298611850503086,0.0,0.028298611850503086,0.0,0.0,30.0,40.0,10.0,0.0,30.0,40.0,10.0,0.0,0.0,0.0,0.0,False
896,0.01592140054228472,0.019517718155049102,0.0369483499535834,0.0015092312562495769,0.06214648990670224,0.0,0.06214648990670224,0.0,0.0,270.0,300.0,30.0,0.0,270.0,300.0,30.0,0.0,0.0,0.0,0.0,False
897,0.015758266338650295,0.0243678317278459,0.11190404254649122,0.07177794447999503,0.05529679646188301,0.0,0.05529679646188301,0.0,0.0,200.0,,,0.0,200.0,2140.0,1940.0,0.0,0.0,1.0,1.0,True
898,0.013933703518957105,0.0018728359257026012,0.08605039772384081,0.0702438582791811,0.14118773541557028,0.0,0.14118773541557028,0.0,0.0,30.0,,,0.0,30.0,2840.0,2810.0,0.0,0.0,1.0,1.0,True
899,0.013709939934345994,0.0004972945657173988,0.016031282052914306,0.0018240475528509131,0.02360579408029312,0.0,0.02360579408029312,0.0,10.0,10.0,50.0,30.0,10.0,10.0,50.0,30.0,0.0,0.0,0.0,0.0,False
900,0.0210732343942001,0.008930542376059794,0.0320588467388777,0.0020550699686178037,0.08742734225749227,0.0,0.08742734225749227,0.0,0.0,120.0,200.0,80.0,0.0,120.0,200.0,80.0,0.0,0.0,0.0,0.0,False
901,0.011567727858504698,0.025146592689249195,0.1261257863350766,0.0894114657873227,0.02987765562594824,0.0,0.02987765562594824,0.0,0.0,240.0,,,0.0,240.0,2660.0,2420.0,0.0,0.0,1.0,1.0,True
902,0.015226096134407813,0.0282786534394594,0.1524563836483999,0.10895163407453268,0.065957312936469,0.0,0.065957312936469,0.0,0.0,200.0,,,0.0,200.0,2440.0,2240.0,0.0,0.0,1.0,1.0,True
903,0.01605487414280521,0.007805883458638002,0.0800058028648157,0.056145045263372495,0.055149887498707084,0.0,0.055149887498707084,0.0,0.0,100.0,,,0.0,100.0,2270.0,2170.0,0.0,0.0,1.0,1.0,True
904,0.0020126483261912013,0.00017698941471000137,0.0028394652455738002,0.0006498275046725975,0.02390346171067287,0.0,0.02390346171067287,0.0,0.0,0.0,20.0,20.0,0.0,0.0,20.0,20.0,0.0,0.0,0.0,0.0,False
905,0.00039942016531010344,0.00022978660829560404,0.0006425360665463994,1.3329292940691961e-05,0.00470073163655621,0.0,0.00470073163655621,0.0,0.0,10.0,10.0,0.0,0.0,10.0,10.0,0.0,0.0,0.0,0.0,0.0,False
906,0.013380729082915016,0.02186512819464731,0.08622058273471,0.05097472545714768,0.01748066060167508,0.0,0.01748066060167508,0.0,10.0,260.0,,,10.0,260.0,2360.0,2090.0,0.0,0.0,1.0,1.0,True
907,0.007093059233020796,0.0040729662784893955,0.0581330500511833,0.04696702453967311,0.0703124281731376,0.0,0.0703124281731376,0.0,0.0,70.0,,,0.0,70.0,3100.0,3030.0,0.0,0.0,1.0,1.0,True
908,0.017110810384322495,0.04576359633626009,0.1107521262418247,0.04787771952124212,0.10925840317034863,0.0,0.10925840317034863,0.0,0.0,170.0,70.0,-100.0,0.0,170.0,70.0,-100.0,0.0,0.0,0.0,0.0,False
909,0.012656039648106507,0.0159969029990554,0.1223800900057327,0.0937271473585708,0.06482451076468809,0.0,0.06482451076468809,0.0,0.0,220.0,,,0.0,220.0,2650.0,2430.0,0.0,0.0,1.0,1.0,True
910,0.005401035996593702,0.005656217713381297,0.1340701649699486,0.12301291125997363,0.0472865256554999,0.0,0.0472865256554999,0.0,0.0,70.0,,,0.0,70.0,3040.0,2970.0,0.0,0.0,1.0,1.0,True
911,0.00422563851213921,0.0022510992152699055,0.008120158034872704,0.001643420307463589,0.006963300785202409,0.0,0.006963300785202409,0.0,0.0,30.0,50.0,20.0,0.0,30.0,50.0,20.0,0.0,0.0,0.0,0.0,False
912,0.023455799671936783,0.0110486813597018,0.08070905861431418,0.0462045775826756,0.18945388347894843,0.0,0.18945388347894843,0.0,0.0,130.0,,,0.0,130.0,2680.0,2550.0,0.0,0.0,1.0,1.0,True
913,0.006049751331984196,0.00024126860582070198,0.006630252060923297,0.00033923212311839923,0.05312697819488171,0.0,0.05312697819488171,0.0,0.0,10.0,10.0,0.0,0.0,10.0,10.0,0.0,0.0,0.0,0.0,0.0,False
914,0.024135505300703686,0.04753290677751737,0.17668219213457798,0.10501378005635692,0.01574087910222266,0.0,0.01574087910222266,0.0,0.0,350.0,,,0.0,350.0,1700.0,1350.0,0.0,0.0,1.0,1.0,True
915,0.008249361608940908,0.0017263369173755039,0.011395289077935189,0.0014195905516187768,0.03447446194512549,0.0,0.03447446194512549,0.0,0.0,40.0,60.0,20.0,0.0,40.0,60.0,20.0,0.0,0.0,0.0,0.0,False
916,0.007248618846369612,0.004853069785594105,0.013438890831590111,0.0013372021996263944,0.025015631112410064,0.0,0.025015631112410064,0.0,0.0,60.0,100.0,40.0,0.0,60.0,100.0,40.0,0.0,0.0,0.0,0.0,False
917,0.005942051838114498,0.001751607809277994,0.010125648248859295,0.002431988601466803,0.016432214870611805,0.0,0.016432214870611805,0.0,10.0,50.0,80.0,20.0,10.0,50.0,80.0,20.0,0.0,0.0,0.0,0.0,False
918,0.009513863385355606,0.004848572873378407,0.08512460184331291,0.0707621655845789,0.10144405469090545,0.0,0.10144405469090545,0.0,0.0,60.0,,,0.0,60.0,2840.0,2780.0,0.0,0.0,1.0,1.0,True
919,0.005772691576267593,0.001519419131291104,0.009640808262359392,0.0023486975548006953,0.014065324443119087,0.0,0.014065324443119087,0.0,10.0,40.0,70.0,20.0,10.0,40.0,70.0,20.0,0.0,0.0,0.0,0.0,False
920,0.014761237755954504,0.06502933993331217,0.1634941890688727,0.08370361137960602,0.04565815180399402,0.0,0.04565815180399402,0.0,0.0,410.0,,,0.0,410.0,1620.0,1210.0,0.0,0.0,1.0,1.0,True
921,0.013605629029282695,0.025037219340552502,0.1298533850707437,0.0912105367009085,0.06433465913454928,0.0,0.06433465913454928,0.0,0.0,290.0,,,0.0,290.0,2130.0,1840.0,0.0,0.0,1.0,1.0,True
922,0.011083846639489796,0.003726900201631002,0.017209939674493697,0.0023991928333729,0.09722720800839091,0.0,0.09722720800839091,0.0,0.0,70.0,130.0,60.0,0.0,70.0,130.0,60.0,0.0,0.0,0.0,0.0,False
923,0.008423419379908398,0.03533386251004941,0.1404042908296749,0.09664700893971709,0.016657564940034786,0.0,0.016657564940034786,0.0,0.0,250.0,,,0.0,250.0,2190.0,1940.0,0.0,0.0,1.0,1.0,True
924,0.021783864031276606,0.020736266938852804,0.1620897412921831,0.11956961032205368,0.0741764754184504,0.0,0.0741764754184504,0.0,0.0,240.0,,,0.0,240.0,2070.0,1830.0,0.0,0.0,1.0,1.0,True
925,0.008006978124384001,0.006788875511259201,0.0826844121920767,0.0678885585564335,0.0327499646201771,0.0,0.0327499646201771,0.0,0.0,80.0,,,0.0,80.0,2750.0,2670.0,0.0,0.0,1.0,1.0,True
926,0.0111799674664841,0.008473034678619602,0.09406825144918401,0.0744152493040803,0.07023969691425724,0.0,0.07023969691425724,0.0,0.0,120.0,,,0.0,120.0,2910.0,2790.0,0.0,0.0,1.0,1.0,True
927,0.0033121663613156008,0.00022748537128619573,0.004141251190780598,0.0006015994581788017,0.012851261835011563,0.0,0.012851261835011563,0.0,0.0,0.0,20.0,20.0,0.0,0.0,20.0,20.0,0.0,0.0,0.0,0.0,False
928,0.009308538004682607,0.004144224632129295,0.0841446038832156,0.0706918412464037,0.04354594571424519,0.0,0.04354594571424519,0.0,0.0,50.0,,,0.0,50.0,2910.0,2860.0,0.0,0.0,1.0,1.0,True
929,0.019843497981336194,0.03273040329489321,0.15757940137023038,0.10500550009400098,0.04511574279811992,0.0,0.04511574279811992,0.0,0.0,300.0,,,0.0,300.0,2290.0,1990.0,0.0,0.0,1.0,1.0,True
930,0.0013534353626619006,0.008883107248230396,0.1229863493159082,0.1127498067050159,2.3324505263322415e-06,0.0,2.3324505263322415e-06,0.0,0.0,110.0,,,0.0,110.0,2800.0,2690.0,0.0,0.0,1.0,1.0,True
931,0.007722297225617902,0.004064760114865104,0.014922169952949704,0.003135112612466698,0.07783206140544441,0.0,0.07783206140544441,0.0,0.0,50.0,100.0,50.0,0.0,50.0,100.0,50.0,0.0,0.0,0.0,0.0,False
932,0.0082569200594068,0.0072048705740671015,0.013017554903758097,-0.0024442357297158046,0.014536075123585901,0.0,0.014536075123585901,0.0,0.0,100.0,100.0,0.0,0.0,100.0,100.0,0.0,0.0,0.0,0.0,0.0,False
933,0.008492391408830208,0.0034464455308301084,0.08226469967535831,0.07032586273569799,0.04205318647428408,0.0,0.04205318647428408,0.0,0.0,50.0,,,0.0,50.0,2840.0,2790.0,0.0,0.0,1.0,1.0,True
934,0.0057923459403632985,0.0012144063999259963,0.0093365633800028,0.0023298110397135044,0.011236814159609587,0.0,0.011236814159609587,0.0,0.0,30.0,60.0,30.0,0.0,30.0,60.0,30.0,0.0,0.0,0.0,0.0,False
935,0.011308473157823906,0.01630037309486909,0.05362544640498179,0.026016600152288794,0.022227023159580472,0.0,0.022227023159580472,0.0,0.0,190.0,,,0.0,190.0,2150.0,1960.0,0.0,0.0,1.0,1.0,True
936,0.01708107992849789,0.034259076263949084,0.12026210412491337,0.06892194793246639,0.0571476917355046,0.0,0.0571476917355046,0.0,10.0,250.0,,,10.0,250.0,1980.0,1720.0,0.0,0.0,1.0,1.0,True
937,0.008106874657868607,0.0084386058179447,0.07248588745587808,0.05594040698006478,0.002957262318947995,0.0,0.002957262318947995,0.0,0.0,90.0,,,0.0,90.0,2210.0,2120.0,0.0,0.0,1.0,1.0,True
938,0.009202766980067792,0.004636701936516288,0.0441310075036917,0.03029153858710762,0.04019555197955871,0.0,0.04019555197955871,0.0,0.0,60.0,,,0.0,60.0,2650.0,2590.0,0.0,0.0,1.0,1.0,True
939,0.006405655902597302,0.0004091526498765999,0.007715365395282798,0.0009005568428088959,0.08134604033143072,0.0,0.08134604033143072,0.0,0.0,10.0,20.0,10.0,0.0,10.0,20.0,10.0,0.0,0.0,0.0,0.0,False
940,0.016131621483249287,0.09581043437960099,0.1626231082195201,0.05068105235666984,0.0449981749834959,0.0,0.0449981749834959,0.0,10.0,490.0,,,10.0,490.0,2180.0,1680.0,0.0,0.0,1.0,1.0,True
941,0.0090767312959575,0.0100733084783909,0.08399423886797311,0.06484419909362471,0.018331580927699265,0.0,0.018331580927699265,0.0,0.0,130.0,,,0.0,130.0,2560.0,2430.0,0.0,0.0,1.0,1.0,True
942,0.009382135767094305,0.007483386332284195,0.0168734200727937,7.897973415202375e-06,0.029648702441905206,0.0,0.029648702441905206,0.0,0.0,110.0,130.0,20.0,0.0,110.0,130.0,20.0,0.0,0.0,0.0,0.0,False
943,0.0117820899283404,0.008752781051087899,0.019261174596403502,-0.0012736963830247972,0.08377661649498647,0.0,0.08377661649498647,0.0,0.0,120.0,140.0,20.0,0.0,120.0,140.0,20.0,0.0,0.0,0.0,0.0,False
944,0.007792693974091498,2.4429019781398165e-05,0.0081024041922865,0.00028528119841360333,0.04961095594078263,0.0,0.04961095594078263,0.0,10.0,0.0,10.0,0.0,10.0,0.0,10.0,0.0,0.0,0.0,0.0,0.0,False
945,0.001840536736759206,1.0516154451703508e-05,0.0018479446293349008,-3.1082618760086556e-06,0.011754389726141179,0.0,0.011754389726141179,0.0,0.0,0.0,0.0,0.0,0.0,0.0,0.0,0.0,0.0,0.0,0.0,0.0,False
946,0.002218904035723099,0.002767479057839403,0.005678443065494601,0.0006920599719320991,0.012497800530763992,0.0,0.012497800530763992,0.0,0.0,70.0,80.0,10.0,0.0,70.0,80.0,10.0,0.0,0.0,0.0,0.0,False
947,0.004589716953269193,0.010169839580933288,0.13239029650595208,0.11763073997174958,0.028712530657264812,0.0,0.028712530657264812,0.0,0.0,150.0,,,0.0,150.0,2940.0,2790.0,0.0,0.0,1.0,1.0,True
948,0.006415337722794796,0.007926734275133594,0.016419247966870894,0.002077175968942503,0.04815404265506967,0.0,0.04815404265506967,0.0,0.0,110.0,180.0,70.0,0.0,110.0,180.0,70.0,0.0,0.0,0.0,0.0,False
949,0.0043135671624024985,0.0006665592955647018,0.006643667576017198,0.0016635411180499979,0.02882936789000362,0.0,0.02882936789000362,0.0,10.0,20.0,50.0,20.0,10.0,20.0,50.0,20.0,0.0,0.0,0.0,0.0,False
950,0.011843994431441907,0.012448479995682202,0.089442730715674,0.0651502562885499,0.04630118111808562,0.0,0.04630118111808562,0.0,0.0,150.0,,,0.0,150.0,2800.0,2650.0,0.0,0.0,1.0,1.0,True
951,0.021150740616903002,0.0388515647751162,0.1663166017187651,0.10631429632674591,0.06587377371346448,0.0,0.06587377371346448,0.0,0.0,290.0,,,0.0,290.0,2310.0,2020.0,0.0,0.0,1.0,1.0,True
952,0.004877290970235412,0.0041492256573737035,0.042033470459588204,0.03300695383197909,0.019906340759513086,0.0,0.019906340759513086,0.0,0.0,60.0,,,0.0,60.0,2860.0,2800.0,0.0,0.0,1.0,1.0,True
953,0.012420079236248702,0.0011718077951441003,0.0157559312526923,0.0021640442212994965,0.06871919526726544,0.0,0.06871919526726544,0.0,0.0,30.0,60.0,30.0,0.0,30.0,60.0,30.0,0.0,0.0,0.0,0.0,False
954,0.008838336647971484,0.01682756978032829,0.0753817996050945,0.04971589317679473,0.002108175580914251,0.0,0.002108175580914251,0.0,0.0,180.0,,,0.0,180.0,2050.0,1870.0,0.0,0.0,1.0,1.0,True
955,0.011642953967474598,0.029048306504327603,0.1580761671567418,0.11738490668493962,0.044070750026341865,0.0,0.044070750026341865,0.0,0.0,290.0,,,0.0,290.0,2810.0,2520.0,0.0,0.0,1.0,1.0,True
956,0.003446151481627399,0.003506430830060289,0.007855509639354302,0.0009029273276666139,4.918633291361996e-05,0.0,4.918633291361996e-05,0.0,10.0,100.0,120.0,10.0,10.0,100.0,120.0,10.0,0.0,0.0,0.0,0.0,False
957,0.0164526562532262,0.053011083210289384,0.16230740968746138,0.0928436702239458,0.05529484099577431,0.0,0.05529484099577431,0.0,0.0,240.0,,,0.0,240.0,2270.0,2030.0,0.0,0.0,1.0,1.0,True
958,0.017603844959626497,0.05378141084198129,0.7310296323167197,0.6596443765151119,0.08833906363201183,0.0,0.08833906363201183,0.0,0.0,290.0,,,0.0,290.0,2290.0,2000.0,0.0,0.0,1.0,1.0,True
959,0.010286397906306699,0.004902355427731611,0.07979484725798809,0.06460609392394978,0.024490087282202866,0.0,0.024490087282202866,0.0,0.0,50.0,,,0.0,50.0,2600.0,2550.0,0.0,0.0,1.0,1.0,True
960,0.0038201961605031087,0.0029918672022238996,0.007321142508424999,0.000509079145697991,0.0008154376232635263,0.0,0.0008154376232635263,0.0,10.0,50.0,60.0,0.0,10.0,50.0,60.0,0.0,0.0,0.0,0.0,0.0,False
961,0.008937714419289797,0.004515859644612499,0.07541611814021872,0.06196254407631642,0.012303719758382847,0.0,0.012303719758382847,0.0,0.0,60.0,,,0.0,60.0,2550.0,2490.0,0.0,0.0,1.0,1.0,True
962,0.019577636177929694,0.0445311012839993,0.1389037033627306,0.07479496590080162,0.10304177161831407,0.0,0.10304177161831407,0.0,0.0,220.0,120.0,-100.0,0.0,220.0,120.0,-100.0,0.0,0.0,0.0,0.0,False
963,0.025816625712570818,0.0788741156063345,0.2023881036329926,0.09769736231408727,0.05853682844163588,0.0,0.05853682844163588,0.0,0.0,240.0,,,0.0,240.0,1520.0,1280.0,0.0,0.0,1.0,1.0,True
964,0.018769295433712918,0.006016924203300411,0.04869206615944238,0.023905846522429053,0.039187553184498736,0.0,0.039187553184498736,0.0,0.0,70.0,,,0.0,70.0,1930.0,1860.0,0.0,0.0,1.0,1.0,True
965,0.01575243324241629,0.005878898588535686,0.0732653482596839,0.051634016428731916,0.003306636709187183,0.0,0.003306636709187183,0.0,0.0,60.0,,,0.0,60.0,1920.0,1860.0,0.0,0.0,1.0,1.0,True
966,0.005978424405901503,0.0008040257262205974,0.0442267053117072,0.0374442551795851,0.040690909768293926,0.0,0.040690909768293926,0.0,0.0,20.0,,,0.0,20.0,3070.0,3050.0,0.0,0.0,1.0,1.0,True
967,0.014240577139650795,0.022664688317919707,0.17440069463069557,0.13749542917312507,0.0734099336458981,0.0,0.0734099336458981,0.0,0.0,190.0,,,0.0,190.0,2250.0,2060.0,0.0,0.0,1.0,1.0,True
968,0.008270346443987095,0.0013918767780873031,0.012678960798340605,0.003016737576266207,0.0038766628506907708,0.0,0.0038766628506907708,0.0,10.0,30.0,70.0,30.0,10.0,30.0,70.0,30.0,0.0,0.0,0.0,0.0,False
969,0.006696943420221299,0.0018397940226742016,0.011724094987217604,0.003187357544322103,0.013644170221678409,0.0,0.013644170221678409,0.0,0.0,30.0,110.0,80.0,0.0,30.0,110.0,80.0,0.0,0.0,0.0,0.0,False
970,0.009623183464417609,0.004654739576457109,0.014621187715180298,0.0003432646743055795,0.06291963072034268,0.0,0.06291963072034268,0.0,0.0,70.0,90.0,20.0,0.0,70.0,90.0,20.0,0.0,0.0,0.0,0.0,False
971,0.008533434865155495,0.0094261818623384,0.12813144410259858,0.11017182737510468,0.030734715516778144,0.0,0.030734715516778144,0.0,0.0,100.0,,,0.0,100.0,2770.0,2670.0,0.0,0.0,1.0,1.0,True
972,0.001476622355785398,6.940412426009734e-05,0.0019033776747831993,0.00035735119473770394,0.013733347173672583,0.0,0.013733347173672583,0.0,0.0,0.0,0.0,0.0,0.0,0.0,0.0,0.0,0.0,0.0,0.0,0.0,False
973,0.009855152976167708,0.01526869191802771,0.026918087055234907,0.0017942421610394887,0.0021846803127973935,0.0,0.0021846803127973935,0.0,0.0,180.0,220.0,40.0,0.0,180.0,220.0,40.0,0.0,0.0,0.0,0.0,False
974,0.007470796286300596,0.008750098441441603,0.018294966878281707,0.0020740721505395077,0.02218315119391262,0.0,0.02218315119391262,0.0,0.0,110.0,130.0,20.0,0.0,110.0,130.0,20.0,0.0,0.0,0.0,0.0,False
975,0.015730460806652413,0.06963914984613229,0.6105040387034799,0.5251344280506952,0.06794587663541862,0.0,0.06794587663541862,0.0,0.0,490.0,,,0.0,490.0,1480.0,990.0,0.0,0.0,1.0,1.0,True
976,0.016497021346012997,0.0256121953636734,0.1484824876138725,0.1063732709041861,0.047842576759097755,0.0,0.047842576759097755,0.0,0.0,200.0,,,0.0,200.0,1970.0,1770.0,0.0,0.0,1.0,1.0,True
977,0.015585337005159988,0.033920376649459294,0.16014907270146062,0.11064335904684133,0.04894773282535736,0.0,0.04894773282535736,0.0,0.0,260.0,,,0.0,260.0,2460.0,2200.0,0.0,0.0,1.0,1.0,True
978,0.0,0.001950493215427302,0.001950493215427302,0.0,0.0,0.0,0.0,0.0,0.0,60.0,60.0,0.0,0.0,60.0,60.0,0.0,0.0,0.0,0.0,0.0,False
979,0.008124196429881297,0.005630733560893705,0.0157898737553491,0.002034943764574096,0.007767968116561996,0.0,0.007767968116561996,0.0,10.0,100.0,130.0,20.0,10.0,100.0,130.0,20.0,0.0,0.0,0.0,0.0,False
980,0.01130174423248409,0.0011572933372220873,0.013898906261365584,0.0014398686916594072,0.038247188488304884,0.0,0.038247188488304884,0.0,0.0,20.0,30.0,10.0,0.0,20.0,30.0,10.0,0.0,0.0,0.0,0.0,False
981,0.023265778620474686,0.023912326614774188,0.14883653349474169,0.10165842825949281,0.05760018923149257,0.0,0.05760018923149257,0.0,0.0,280.0,,,0.0,280.0,2080.0,1800.0,0.0,0.0,1.0,1.0,True
982,0.004051193405686812,0.024153560139639707,0.09949965706421891,0.0712949035188924,0.09793367617175597,0.0,0.09793367617175597,0.0,0.0,110.0,50.0,-60.0,0.0,110.0,50.0,-60.0,0.0,0.0,0.0,0.0,False
983,0.00451060789948611,0.005921591616195002,0.008995616058573505,-0.001436583457107607,0.00532200164641361,0.0,0.00532200164641361,0.0,0.0,100.0,110.0,10.0,0.0,100.0,110.0,10.0,0.0,0.0,0.0,0.0,False
984,0.011033528830845803,0.003693348325383601,0.014160599971821099,-0.000566277184408305,0.11253585035091984,0.0,0.11253585035091984,0.0,0.0,50.0,70.0,20.0,0.0,50.0,70.0,20.0,0.0,0.0,0.0,0.0,False
985,0.015734913447150806,0.0474289154321077,0.16153075965065877,0.09836693077140027,0.045682737469564305,0.0,0.045682737469564305,0.0,0.0,300.0,,,0.0,300.0,2150.0,1850.0,0.0,0.0,1.0,1.0,True
986,0.015556586573103603,0.0401615033680415,0.15968602667875098,0.10396793673760588,0.039639916087618854,0.0,0.039639916087618854,0.0,10.0,300.0,,,10.0,300.0,1970.0,1660.0,0.0,0.0,1.0,1.0,True
987,0.007364692532643803,0.00040730268717710516,0.008166384853826904,0.00039438963400599547,0.045602988073704775,0.0,0.045602988073704775,0.0,0.0,10.0,20.0,10.0,0.0,10.0,20.0,10.0,0.0,0.0,0.0,0.0,False
988,0.00934971711124459,0.013511152218750197,0.024712805996637097,0.0018519366666423093,0.01980115768769708,0.0,0.01980115768769708,0.0,0.0,170.0,200.0,30.0,0.0,170.0,200.0,30.0,0.0,0.0,0.0,0.0,False
989,0.014547147652696102,0.014464461079417096,0.041945104223989504,0.012933495491876307,0.033628933069527855,0.0,0.033628933069527855,0.0,0.0,170.0,280.0,110.0,0.0,170.0,280.0,110.0,0.0,0.0,0.0,0.0,False
990,0.02262429492274079,0.031130169438523286,0.06821609476303367,0.014461630401769593,0.07217261573789957,0.0,0.07217261573789957,0.0,10.0,390.0,,,10.0,390.0,1640.0,1240.0,0.0,0.0,1.0,1.0,True
991,0.009690363700587803,0.011977469379333597,0.1200436724894,0.0983758394094786,0.037557470783055824,0.0,0.037557470783055824,0.0,0.0,140.0,,,0.0,140.0,2680.0,2540.0,0.0,0.0,1.0,1.0,True
992,0.013491202563928995,0.009912649709086813,0.052680254656297915,0.029276402383282107,0.055123230531830325,0.0,0.055123230531830325,0.0,0.0,150.0,,,0.0,150.0,2340.0,2190.0,0.0,0.0,1.0,1.0,True
993,0.01079081396558329,0.016391501195251512,0.05253837005490919,0.025356054894074387,0.014119177711763742,0.0,0.014119177711763742,0.0,0.0,170.0,,,0.0,170.0,2400.0,2230.0,0.0,0.0,1.0,1.0,True
994,0.012692364762418112,0.001200968726083801,0.08193269362290881,0.0680393601344069,0.093938844671547,0.0,0.093938844671547,0.0,0.0,10.0,,,0.0,10.0,2750.0,2740.0,0.0,0.0,1.0,1.0,True
995,0.008651715254239217,0.0161043068358786,0.0837862064065927,0.05903018431647489,0.013080528707406724,0.0,0.013080528707406724,0.0,10.0,210.0,,,10.0,210.0,2420.0,2200.0,0.0,0.0,1.0,1.0,True
996,0.013339235309953207,0.005167675659270288,0.02234882642912539,0.0038419154599018956,0.008759933445128598,0.0,0.008759933445128598,0.0,10.0,80.0,130.0,40.0,10.0,80.0,130.0,40.0,0.0,0.0,0.0,0.0,False
997,0.015611786755662091,0.002960149536340495,0.0894032811012587,0.07083134480925611,0.13690581291509918,0.0,0.13690581291509918,0.0,0.0,50.0,,,0.0,50.0,2900.0,2850.0,0.0,0.0,1.0,1.0,True
998,0.011755874613380402,0.01442993223986909,0.8098109493296136,0.7836251424763641,0.12516646002577902,0.0,0.12516646002577902,0.0,0.0,150.0,,,0.0,150.0,2900.0,2750.0,0.0,0.0,1.0,1.0,True
999,0.002784697000599204,0.00015498907448659865,0.003359698128593498,0.00042001205350769566,0.015039424723058914,0.0,0.015039424723058914,0.0,0.0,0.0,20.0,20.0,0.0,0.0,20.0,20.0,0.0,0.0,0.0,0.0,False
