R,loss,Lambda,F_min,t_min,T_rec,T_rec_censored,T_rec_bound,lock_in,F_end,arm,indicator,replication,frac_damaged
0.903528099808482,0.0964719001915178,0.4983869185095407,0.5016130814904592,360.0,1120.0,False,3760.0,0.0,0.9999999999999992,00,operational,0,0.4035087719298245
0.9022415895083276,0.0977584104916723,0.4983869185095407,0.5016130814904592,360.0,1130.0,False,3760.0,0.0,0.9999999999999992,01,operational,0,0.4035087719298245
0.8960823936172058,0.1039176063827942,0.5186643347402689,0.4813356652597311,360.0,1120.0,False,3760.0,0.0,0.9999999999999992,10,operational,0,0.4035087719298245
0.8945338415334332,0.1054661584665668,0.5186643347402689,0.4813356652597311,360.0,1130.0,False,3760.0,0.0,0.9999999999999992,11,operational,0,0.4035087719298245
0.9013436980657528,0.0986563019342472,0.6916793730337041,0.3083206269662958,360.0,1100.0,False,3760.0,0.0,0.9999999999999992,00,operational,1,0.3508771929824561
0.8997058157841747,0.1002941842158252,0.6916793730337041,0.3083206269662958,360.0,1120.0,False,3760.0,0.0,0.9999999999999992,01,operational,1,0.3508771929824561
0.8889067493786836,0.1110932506213163,0.8029932044514004,0.1970067955485995,360.0,1100.0,False,3760.0,0.0,0.9999999999999992,10,operational,1,0.3508771929824561
0.8869570277745206,0.1130429722254794,0.8029932044514004,0.1970067955485995,360.0,1130.0,False,3760.0,0.0,0.9999999999999992,11,operational,1,0.3508771929824561
0.850757915313436,0.1492420846865639,0.7750366746214051,0.2249633253785949,360.0,1380.0,False,3760.0,0.0,0.9999999999999992,00,operational,2,0.4385964912280701
0.8383161911045358,0.1616838088954642,0.7750366746214051,0.2249633253785949,360.0,1470.0,False,3760.0,0.0,0.9999999999999992,01,operational,2,0.4385964912280701
0.8421099083073857,0.1578900916926142,0.8123674851011937,0.1876325148988063,360.0,1380.0,False,3760.0,0.0,0.9999999999999992,10,operational,2,0.4385964912280701
0.8288180725921607,0.1711819274078393,0.8123674851011937,0.1876325148988063,360.0,1480.0,False,3760.0,0.0,0.9999999999999992,11,operational,2,0.4385964912280701
0.9096125374747408,0.0903874625252592,0.4831892132799141,0.5168107867200858,360.0,1090.0,False,3760.0,0.0,0.9999999999999992,00,operational,3,0.4210526315789473
0.9072151814985178,0.0927848185014822,0.4831892132799141,0.5168107867200858,360.0,1110.0,False,3760.0,0.0,0.9999999999999992,01,operational,3,0.4210526315789473
0.8994061465029551,0.1005938534970448,0.510078426729551,0.489921573270449,360.0,1090.0,False,3760.0,0.0,0.9999999999999992,10,operational,3,0.4210526315789473
0.8962867508252301,0.1037132491747698,0.510078426729551,0.489921573270449,360.0,1120.0,False,3760.0,0.0,0.9999999999999992,11,operational,3,0.4210526315789473
0.9111459901926048,0.0888540098073953,0.5260916565153928,0.4739083434846071,360.0,1010.0,False,3760.0,0.0,0.9999999999999992,00,operational,4,0.3508771929824561
0.9013095176027172,0.0986904823972827,0.5260916565153928,0.4739083434846071,360.0,1090.0,False,3760.0,0.0,0.9999999999999992,01,operational,4,0.3508771929824561
0.9045530857199148,0.0954469142800852,0.5388704230515181,0.4611295769484819,360.0,1010.0,False,3760.0,0.0,0.9999999999999992,10,operational,4,0.3508771929824561
0.8939222842239529,0.106077715776047,0.5388704230515181,0.4611295769484819,360.0,1100.0,False,3760.0,0.0,0.9999999999999992,11,operational,4,0.3508771929824561
0.9473650820202354,0.0526349179797646,0.4232827758911381,0.5767172241088618,360.0,720.0,False,3760.0,0.0,0.9999999999999992,00,operational,5,0.2807017543859649
0.94726884151431,0.0527311584856901,0.4232827758911381,0.5767172241088618,360.0,720.0,False,3760.0,0.0,0.9999999999999992,01,operational,5,0.2807017543859649
0.9448907463406911,0.0551092536593087,0.427800675291169,0.572199324708831,360.0,720.0,False,3760.0,0.0,0.9999999999999992,10,operational,5,0.2807017543859649
0.944683512536402,0.0553164874635979,0.427800675291169,0.572199324708831,360.0,720.0,False,3760.0,0.0,0.9999999999999992,11,operational,5,0.2807017543859649
0.8996173074617629,0.100382692538237,0.5502983567530346,0.4497016432469653,360.0,1180.0,False,3760.0,0.0,0.9999999999999992,00,operational,6,0.4561403508771929
0.8901759258415292,0.1098240741584708,0.5502983567530346,0.4497016432469653,360.0,1260.0,False,3760.0,0.0,0.9999999999999992,01,operational,6,0.4561403508771929
0.8955856056666505,0.1044143943333495,0.5560237818783254,0.4439762181216747,360.0,1180.0,False,3760.0,0.0,0.9999999999999992,10,operational,6,0.4561403508771929
0.88595288477771,0.11404711522229,0.5560237818783254,0.4439762181216747,360.0,1260.0,False,3760.0,0.0,0.9999999999999992,11,operational,6,0.4561403508771929
0.9742705067553444,0.0257294932446556,0.3347184799889621,0.6652815200110379,360.0,450.0,False,3760.0,0.0,0.9999999999999992,00,operational,7,0.1929824561403508
0.9741505976331412,0.0258494023668588,0.3347184799889621,0.6652815200110379,360.0,450.0,False,3760.0,0.0,0.9999999999999992,01,operational,7,0.1929824561403508
0.9722755934551048,0.0277244065448951,0.3480216738089928,0.6519783261910072,360.0,450.0,False,3760.0,0.0,0.9999999999999992,10,operational,7,0.1929824561403508
0.9719938843171396,0.0280061156828603,0.3480216738089928,0.6519783261910072,360.0,460.0,False,3760.0,0.0,0.9999999999999992,11,operational,7,0.1929824561403508
0.9633289310272168,0.0366710689727831,0.3155067966282663,0.6844932033717337,360.0,600.0,False,3760.0,0.0,0.9999999999999992,00,operational,8,0.1578947368421052
0.9627355483939524,0.0372644516060477,0.3155067966282663,0.6844932033717337,360.0,610.0,False,3760.0,0.0,0.9999999999999992,01,operational,8,0.1578947368421052
0.9603549659025382,0.0396450340974617,0.3404276748479073,0.6595723251520926,360.0,600.0,False,3760.0,0.0,0.9999999999999992,10,operational,8,0.1578947368421052
0.959502263261925,0.0404977367380749,0.3404276748479073,0.6595723251520926,360.0,620.0,False,3760.0,0.0,0.9999999999999992,11,operational,8,0.1578947368421052
0.912615971340304,0.087384028659696,0.4960847562086058,0.5039152437913942,360.0,1000.0,False,3760.0,0.0,0.9999999999999992,00,operational,9,0.3333333333333333
0.9100674781704896,0.0899325218295105,0.4960847562086058,0.5039152437913942,360.0,1020.0,False,3760.0,0.0,0.9999999999999992,01,operational,9,0.3333333333333333
0.9058989132624472,0.0941010867375529,0.5055465703164488,0.4944534296835512,360.0,1000.0,False,3760.0,0.0,0.9999999999999992,10,operational,9,0.3333333333333333
0.9030001786047168,0.0969998213952831,0.5055465703164488,0.4944534296835512,360.0,1030.0,False,3760.0,0.0,0.9999999999999992,11,operational,9,0.3333333333333333
0.9268501930459612,0.0731498069540389,0.4609316073774193,0.5390683926225807,360.0,950.0,False,3760.0,0.0,0.9999999999999992,00,operational,10,0.3333333333333333
0.9189466497929808,0.0810533502070193,0.4609316073774193,0.5390683926225807,360.0,1030.0,False,3760.0,0.0,0.9999999999999992,01,operational,10,0.3333333333333333
0.9208803333921828,0.0791196666078173,0.4669814395008356,0.5330185604991644,360.0,950.0,False,3760.0,0.0,0.9999999999999992,10,operational,10,0.3333333333333333
0.911882528510448,0.088117471489552,0.4669814395008356,0.5330185604991644,360.0,1030.0,False,3760.0,0.0,0.9999999999999992,11,operational,10,0.3333333333333333
0.895950916011368,0.104049083988632,0.7689836341543164,0.2310163658456836,360.0,1130.0,False,3760.0,0.0,0.9999999999999992,00,operational,11,0.3684210526315789
0.8950736784807306,0.1049263215192694,0.7689836341543164,0.2310163658456836,360.0,1140.0,False,3760.0,0.0,0.9999999999999992,01,operational,11,0.3684210526315789
0.8777108153998079,0.1222891846001921,0.8929929453465918,0.1070070546534081,360.0,1130.0,False,3760.0,0.0,0.9999999999999992,10,operational,11,0.3684210526315789
0.8764152890368121,0.1235847109631879,0.8929929453465918,0.1070070546534081,360.0,1140.0,False,3760.0,0.0,0.9999999999999992,11,operational,11,0.3684210526315789
0.8776760787065233,0.1223239212934766,0.759853628380748,0.240146371619252,360.0,1260.0,False,3760.0,0.0,0.9999999999999992,00,operational,12,0.4385964912280701
0.8690088775135937,0.1309911224864063,0.759853628380748,0.240146371619252,360.0,1350.0,False,3760.0,0.0,0.9999999999999992,01,operational,12,0.4385964912280701
0.8641274889144795,0.1358725110855204,0.8220731477881001,0.1779268522118998,360.0,1260.0,False,3760.0,0.0,0.9999999999999992,10,operational,12,0.4385964912280701
0.8537371989326425,0.1462628010673574,0.8220731477881001,0.1779268522118998,360.0,1350.0,False,3760.0,0.0,0.9999999999999992,11,operational,12,0.4385964912280701
0.8497142323670034,0.1502857676329966,0.5622736067077921,0.4377263932922078,360.0,1500.0,False,3760.0,0.0,0.9999999999999992,00,operational,13,0.4385964912280701
0.8410711433026838,0.1589288566973161,0.5622736067077921,0.4377263932922078,360.0,1580.0,False,3760.0,0.0,0.9999999999999992,01,operational,13,0.4385964912280701
0.8380609127147908,0.1619390872852092,0.5738096864518051,0.4261903135481949,360.0,1500.0,False,3760.0,0.0,0.9999999999999992,10,operational,13,0.4385964912280701
0.8275629368951102,0.1724370631048898,0.5738096864518051,0.4261903135481949,360.0,1580.0,False,3760.0,0.0,0.9999999999999992,11,operational,13,0.4385964912280701
0.8917897416953251,0.1082102583046749,0.7127089066730345,0.2872910933269655,360.0,1120.0,False,3760.0,0.0,0.9999999999999992,00,operational,14,0.3333333333333333
0.8893074795754151,0.1106925204245848,0.7127089066730345,0.2872910933269655,360.0,1150.0,False,3760.0,0.0,0.9999999999999992,01,operational,14,0.3333333333333333
0.8844910040751456,0.1155089959248544,0.7569225571195499,0.24307744288045,360.0,1130.0,False,3760.0,0.0,0.9999999999999992,10,operational,14,0.3333333333333333
0.8814409139752318,0.1185590860247681,0.7569225571195499,0.24307744288045,360.0,1160.0,False,3760.0,0.0,0.9999999999999992,11,operational,14,0.3333333333333333
0.8862075108475252,0.1137924891524747,0.7087940988866612,0.2912059011133387,360.0,1120.0,False,3760.0,0.0,0.9999999999999992,00,operational,15,0.3684210526315789
0.8832680660558732,0.1167319339441268,0.7087940988866612,0.2912059011133387,360.0,1150.0,False,3760.0,0.0,0.9999999999999992,01,operational,15,0.3684210526315789
0.8770023624755651,0.1229976375244349,0.772911732233815,0.2270882677661849,360.0,1120.0,False,3760.0,0.0,0.9999999999999992,10,operational,15,0.3684210526315789
0.8733920497943299,0.12660795020567,0.772911732233815,0.2270882677661849,360.0,1150.0,False,3760.0,0.0,0.9999999999999992,11,operational,15,0.3684210526315789
0.874480777793111,0.125519222206889,0.5492435938229951,0.4507564061770048,360.0,1350.0,False,3760.0,0.0,0.9999999999999992,00,operational,16,0.4912280701754385
0.8710867344759893,0.1289132655240107,0.5492435938229951,0.4507564061770048,360.0,1390.0,False,3760.0,0.0,0.9999999999999992,01,operational,16,0.4912280701754385
0.8597599889116135,0.1402400110883864,0.57992985471253,0.4200701452874699,360.0,1350.0,False,3760.0,0.0,0.9999999999999992,10,operational,16,0.4912280701754385
0.8553420931294051,0.1446579068705948,0.57992985471253,0.4200701452874699,360.0,1390.0,False,3760.0,0.0,0.9999999999999992,11,operational,16,0.4912280701754385
0.9712204321473212,0.0287795678526787,0.3553525592485848,0.6446474407514152,360.0,560.0,False,3760.0,0.0,0.9999999999999992,00,operational,17,0.175438596491228
0.9712204321473212,0.0287795678526787,0.3553525592485848,0.6446474407514152,360.0,560.0,False,3760.0,0.0,0.9999999999999992,01,operational,17,0.175438596491228
0.9502563326332696,0.0497436673667305,0.616983012114143,0.383016987885857,360.0,570.0,False,3760.0,0.0,0.9999999999999992,10,operational,17,0.175438596491228
0.9502563326332696,0.0497436673667305,0.616983012114143,0.383016987885857,360.0,570.0,False,3760.0,0.0,0.9999999999999992,11,operational,17,0.175438596491228
0.8770264466003886,0.1229735533996113,0.570717498884348,0.4292825011156521,290.0,1410.0,False,3760.0,0.0,0.9999999999999992,00,operational,18,0.4385964912280701
0.8567333649744449,0.1432666350255551,0.570717498884348,0.4292825011156521,290.0,1620.0,False,3760.0,0.0,0.9999999999999992,01,operational,18,0.4385964912280701
0.8552762341899531,0.1447237658100468,0.6674950115695901,0.3325049884304098,290.0,1410.0,False,3760.0,0.0,0.9999999999999992,10,operational,18,0.4385964912280701
0.8308455077919489,0.1691544922080511,0.6674950115695901,0.3325049884304098,290.0,1620.0,False,3760.0,0.0,0.9999999999999992,11,operational,18,0.4385964912280701
0.9422030402145508,0.0577969597854493,0.4342020767614682,0.5657979232385317,360.0,790.0,False,3760.0,0.0,0.9999999999999992,00,operational,19,0.2807017543859649
0.9420944741857296,0.0579055258142704,0.4342020767614682,0.5657979232385317,360.0,790.0,False,3760.0,0.0,0.9999999999999992,01,operational,19,0.2807017543859649
0.9382589031478266,0.0617410968521734,0.4530240992259837,0.5469759007740163,360.0,790.0,False,3760.0,0.0,0.9999999999999992,10,operational,19,0.2807017543859649
0.9380441912634436,0.0619558087365562,0.4530240992259837,0.5469759007740163,360.0,790.0,False,3760.0,0.0,0.9999999999999992,11,operational,19,0.2807017543859649
0.9425791063817948,0.0574208936182053,0.4108185998309868,0.5891814001690132,360.0,810.0,False,3760.0,0.0,0.9999999999999992,00,operational,20,0.3157894736842105
0.936401580452922,0.063598419547078,0.4108185998309868,0.5891814001690132,360.0,890.0,False,3760.0,0.0,0.9999999999999992,01,operational,20,0.3157894736842105
0.9351635095127075,0.0648364904872923,0.4393907557997515,0.5606092442002485,360.0,820.0,False,3760.0,0.0,0.9999999999999992,10,operational,20,0.3157894736842105
0.9275794183917146,0.0724205816082853,0.4393907557997515,0.5606092442002485,360.0,900.0,False,3760.0,0.0,0.9999999999999992,11,operational,20,0.3157894736842105
0.8728144525380914,0.1271855474619085,0.8997218509745127,0.1002781490254872,360.0,1330.0,False,3760.0,0.0,0.9999999999999992,00,operational,21,0.4912280701754385
0.8688985528491631,0.1311014471508369,0.8997218509745127,0.1002781490254872,360.0,1370.0,False,3760.0,0.0,0.9999999999999992,01,operational,21,0.4912280701754385
0.8554846289138407,0.1445153710861593,0.9871666802652894,0.0128333197347105,360.0,1330.0,False,3760.0,0.0,0.9999999999999992,10,operational,21,0.4912280701754385
0.8501428908720426,0.1498571091279573,0.9871666802652894,0.0128333197347105,360.0,1380.0,False,3760.0,0.0,0.9999999999999992,11,operational,21,0.4912280701754385
0.9436554194224148,0.0563445805775852,0.4361134079288097,0.5638865920711903,360.0,760.0,False,3760.0,0.0,0.9999999999999992,00,operational,22,0.2982456140350877
0.9434789110377648,0.056521088962235,0.4361134079288097,0.5638865920711903,360.0,770.0,False,3760.0,0.0,0.9999999999999992,01,operational,22,0.2982456140350877
0.9380440231048291,0.0619559768951708,0.44678574631177,0.55321425368823,360.0,770.0,False,3760.0,0.0,0.9999999999999992,10,operational,22,0.2982456140350877
0.9376548121834062,0.0623451878165938,0.44678574631177,0.55321425368823,360.0,780.0,False,3760.0,0.0,0.9999999999999992,11,operational,22,0.2982456140350877
0.951594045196618,0.0484059548033819,0.388958037465783,0.6110419625342169,360.0,720.0,False,3760.0,0.0,0.9999999999999992,00,operational,23,0.2631578947368421
0.9498590814365224,0.0501409185634776,0.388958037465783,0.6110419625342169,360.0,740.0,False,3760.0,0.0,0.9999999999999992,01,operational,23,0.2631578947368421
0.9498416934922844,0.0501583065077154,0.3948100088686656,0.6051899911313344,360.0,720.0,False,3760.0,0.0,0.9999999999999992,10,operational,23,0.2631578947368421
0.9479863538396748,0.0520136461603253,0.3948100088686656,0.6051899911313344,360.0,750.0,False,3760.0,0.0,0.9999999999999992,11,operational,23,0.2631578947368421
0.945443184188044,0.054556815811956,0.3740278710652681,0.6259721289347319,360.0,830.0,False,3760.0,0.0,0.9999999999999992,00,operational,24,0.2807017543859649
0.9452932027766842,0.0547067972233158,0.3740278710652681,0.6259721289347319,360.0,830.0,False,3760.0,0.0,0.9999999999999992,01,operational,24,0.2807017543859649
0.9337117354376532,0.0662882645623467,0.4523940501588984,0.5476059498411016,360.0,830.0,False,3760.0,0.0,0.9999999999999992,10,operational,24,0.2807017543859649
0.9334281583187184,0.0665718416812817,0.4523940501588984,0.5476059498411016,360.0,830.0,False,3760.0,0.0,0.9999999999999992,11,operational,24,0.2807017543859649
0.9103287497391253,0.0896712502608748,0.6730886215056311,0.3269113784943689,360.0,1050.0,False,3760.0,0.0,0.9999999999999992,00,operational,25,0.3859649122807017
0.9026593820002546,0.0973406179997453,0.6730886215056311,0.3269113784943689,360.0,1130.0,False,3760.0,0.0,0.9999999999999992,01,operational,25,0.3859649122807017
0.8971051499159233,0.1028948500840767,0.7317398393599304,0.2682601606400697,360.0,1050.0,False,3760.0,0.0,0.9999999999999992,10,operational,25,0.3859649122807017
0.8881169973447387,0.1118830026552613,0.7317398393599304,0.2682601606400697,360.0,1130.0,False,3760.0,0.0,0.9999999999999992,11,operational,25,0.3859649122807017
0.8194971482061318,0.1805028517938681,0.5430057542442857,0.4569942457557143,360.0,1770.0,False,3760.0,0.0,0.9999999999999992,00,operational,26,0.4561403508771929
0.8182361275080755,0.1817638724919245,0.5430057542442857,0.4569942457557143,360.0,1780.0,False,3760.0,0.0,0.9999999999999992,01,operational,26,0.4561403508771929
0.8095982409043085,0.1904017590956914,0.5540859193204957,0.4459140806795044,360.0,1770.0,False,3760.0,0.0,0.9999999999999992,10,operational,26,0.4561403508771929
0.8079590785205947,0.1920409214794053,0.5540859193204957,0.4459140806795044,360.0,1790.0,False,3760.0,0.0,0.9999999999999992,11,operational,26,0.4561403508771929
0.9440572878070772,0.0559427121929227,0.4217699396217549,0.5782300603782451,360.0,800.0,False,3760.0,0.0,0.9999999999999992,00,operational,27,0.3859649122807017
0.9428498221430884,0.0571501778569115,0.4217699396217549,0.5782300603782451,360.0,810.0,False,3760.0,0.0,0.9999999999999992,01,operational,27,0.3859649122807017
0.9397291708557576,0.0602708291442425,0.4501633397725013,0.5498366602274987,360.0,800.0,False,3760.0,0.0,0.9999999999999992,10,operational,27,0.3859649122807017
0.9381447990593974,0.0618552009406025,0.4501633397725013,0.5498366602274987,360.0,820.0,False,3760.0,0.0,0.9999999999999992,11,operational,27,0.3859649122807017
0.8938354910011442,0.1061645089988557,0.5098967567392618,0.4901032432607381,360.0,1170.0,False,3760.0,0.0,0.9999999999999992,00,operational,28,0.3508771929824561
0.885245405455619,0.1147545945443809,0.5098967567392618,0.4901032432607381,360.0,1240.0,False,3760.0,0.0,0.9999999999999992,01,operational,28,0.3508771929824561
0.8846284906997893,0.1153715093002106,0.525618858543623,0.474381141456377,360.0,1170.0,False,3760.0,0.0,0.9999999999999992,10,operational,28,0.3508771929824561
0.8754748520656969,0.1245251479343031,0.525618858543623,0.474381141456377,360.0,1250.0,False,3760.0,0.0,0.9999999999999992,11,operational,28,0.3508771929824561
0.8569180874138453,0.1430819125861546,0.6546513271105383,0.3453486728894617,360.0,1420.0,False,3760.0,0.0,0.9999999999999992,00,operational,29,0.4035087719298245
0.8458351232337677,0.1541648767662322,0.6546513271105383,0.3453486728894617,360.0,1510.0,False,3760.0,0.0,0.9999999999999992,01,operational,29,0.4035087719298245
0.8439879271401782,0.1560120728598217,0.7232534587790698,0.2767465412209302,360.0,1430.0,False,3760.0,0.0,0.9999999999999992,10,operational,29,0.4035087719298245
0.8314457835273747,0.1685542164726252,0.7232534587790698,0.2767465412209302,360.0,1520.0,False,3760.0,0.0,0.9999999999999992,11,operational,29,0.4035087719298245
0.9476492596735392,0.0523507403264607,0.3749385554972162,0.6250614445027838,360.0,780.0,False,3760.0,0.0,0.9999999999999992,00,operational,30,0.3684210526315789
0.9454022059422612,0.0545977940577386,0.3749385554972162,0.6250614445027838,360.0,820.0,False,3760.0,0.0,0.9999999999999992,01,operational,30,0.3684210526315789
0.9400354700539786,0.0599645299460214,0.4142506135953022,0.5857493864046978,360.0,780.0,False,3760.0,0.0,0.9999999999999992,10,operational,30,0.3684210526315789
0.9373232636640814,0.0626767363359186,0.4142506135953022,0.5857493864046978,360.0,820.0,False,3760.0,0.0,0.9999999999999992,11,operational,30,0.3684210526315789
0.9594567574535788,0.0405432425464211,0.3689314686936427,0.6310685313063573,360.0,640.0,False,3760.0,0.0,0.9999999999999992,00,operational,31,0.2982456140350877
0.9594122190714792,0.0405877809285208,0.3689314686936427,0.6310685313063573,360.0,640.0,False,3760.0,0.0,0.9999999999999992,01,operational,31,0.2982456140350877
0.9577042610694052,0.0422957389305947,0.3838884906750023,0.6161115093249977,360.0,640.0,False,3760.0,0.0,0.9999999999999992,10,operational,31,0.2982456140350877
0.957493342240477,0.042506657759523,0.3838884906750023,0.6161115093249977,360.0,640.0,False,3760.0,0.0,0.9999999999999992,11,operational,31,0.2982456140350877
0.9068118374479353,0.0931881625520648,0.4680845287760561,0.5319154712239439,360.0,1190.0,False,3760.0,0.0,0.9999999999999992,00,operational,32,0.4561403508771929
0.9065376511644484,0.0934623488355514,0.4680845287760561,0.5319154712239439,360.0,1190.0,False,3760.0,0.0,0.9999999999999992,01,operational,32,0.4561403508771929
0.8957901825724884,0.1042098174275115,0.4827936031833315,0.5172063968166685,360.0,1190.0,False,3760.0,0.0,0.9999999999999992,10,operational,32,0.4561403508771929
0.8952330085693873,0.1047669914306127,0.4827936031833315,0.5172063968166685,360.0,1200.0,False,3760.0,0.0,0.9999999999999992,11,operational,32,0.4561403508771929
0.9077641837402696,0.0922358162597304,0.6162043995203934,0.3837956004796065,360.0,1050.0,False,3760.0,0.0,0.9999999999999992,00,operational,33,0.3333333333333333
0.9023380799081332,0.0976619200918669,0.6162043995203934,0.3837956004796065,360.0,1120.0,False,3760.0,0.0,0.9999999999999992,01,operational,33,0.3333333333333333
0.9019080532569468,0.0980919467430532,0.6536336277359971,0.3463663722640028,360.0,1050.0,False,3760.0,0.0,0.9999999999999992,10,operational,33,0.3333333333333333
0.8958196841176332,0.1041803158823667,0.6536336277359971,0.3463663722640028,360.0,1120.0,False,3760.0,0.0,0.9999999999999992,11,operational,33,0.3333333333333333
0.8260728613813786,0.1739271386186214,0.8774848294642219,0.122515170535778,360.0,1460.0,False,3760.0,0.0,0.9999999999999992,00,operational,34,0.4035087719298245
0.8250487364169453,0.1749512635830546,0.8774848294642219,0.122515170535778,360.0,1470.0,False,3760.0,0.0,0.9999999999999992,01,operational,34,0.4035087719298245
0.8025528241949841,0.1974471758050159,0.9764489579643872,0.0235510420356127,360.0,1460.0,False,3760.0,0.0,0.9999999999999992,10,operational,34,0.4035087719298245
0.8010537739210886,0.1989462260789114,0.9764489579643872,0.0235510420356127,360.0,1470.0,False,3760.0,0.0,0.9999999999999992,11,operational,34,0.4035087719298245
0.9258759732773428,0.0741240267226571,0.4572201298651203,0.5427798701348797,360.0,990.0,False,3760.0,0.0,0.9999999999999992,00,operational,35,0.4210526315789473
0.9244983041828352,0.0755016958171647,0.4572201298651203,0.5427798701348797,360.0,1010.0,False,3760.0,0.0,0.9999999999999992,01,operational,35,0.4210526315789473
0.9175021296651698,0.0824978703348302,0.4813511529714693,0.5186488470285306,360.0,990.0,False,3760.0,0.0,0.9999999999999992,10,operational,35,0.4210526315789473
0.9152536267525506,0.0847463732474493,0.4813511529714693,0.5186488470285306,360.0,1020.0,False,3760.0,0.0,0.9999999999999992,11,operational,35,0.4210526315789473
0.915711380258608,0.084288619741392,0.4533987938018273,0.5466012061981727,360.0,1010.0,False,3760.0,0.0,0.9999999999999992,00,operational,36,0.3333333333333333
0.9154720742345116,0.0845279257654884,0.4533987938018273,0.5466012061981727,360.0,1010.0,False,3760.0,0.0,0.9999999999999992,01,operational,36,0.3333333333333333
0.9071002850581577,0.0928997149418423,0.4797190407171671,0.5202809592828329,360.0,1010.0,False,3760.0,0.0,0.9999999999999992,10,operational,36,0.3333333333333333
0.9066721055002116,0.0933278944997882,0.4797190407171671,0.5202809592828329,360.0,1010.0,False,3760.0,0.0,0.9999999999999992,11,operational,36,0.3333333333333333
0.9297819981761892,0.0702180018238107,0.4454126594309123,0.5545873405690877,360.0,900.0,False,3760.0,0.0,0.9999999999999992,00,operational,37,0.3157894736842105
0.9291051231144112,0.0708948768855887,0.4454126594309123,0.5545873405690877,360.0,910.0,False,3760.0,0.0,0.9999999999999992,01,operational,37,0.3157894736842105
0.920198026630239,0.079801973369761,0.4871239650408279,0.5128760349591721,360.0,910.0,False,3760.0,0.0,0.9999999999999992,10,operational,37,0.3157894736842105
0.9193166538691996,0.0806833461308004,0.4871239650408279,0.5128760349591721,360.0,920.0,False,3760.0,0.0,0.9999999999999992,11,operational,37,0.3157894736842105
0.8252369751125453,0.1747630248874546,0.7354347185175142,0.2645652814824858,360.0,1580.0,False,3760.0,0.0,0.9999999999999992,00,operational,38,0.4736842105263157
0.8164429106626055,0.1835570893373944,0.7354347185175142,0.2645652814824858,360.0,1650.0,False,3760.0,0.0,0.9999999999999992,01,operational,38,0.4736842105263157
0.8033254023524649,0.1966745976475351,0.7983952840851092,0.2016047159148907,360.0,1580.0,False,3760.0,0.0,0.9999999999999992,10,operational,38,0.4736842105263157
0.7934000495444199,0.2065999504555801,0.7983952840851092,0.2016047159148907,360.0,1660.0,False,3760.0,0.0,0.9999999999999992,11,operational,38,0.4736842105263157
0.849260413978887,0.150739586021113,0.9054645591105608,0.094535440889439,360.0,1350.0,False,3760.0,0.0,0.9999999999999992,00,operational,39,0.4210526315789473
0.8491266629748709,0.150873337025129,0.9054645591105608,0.094535440889439,360.0,1350.0,False,3760.0,0.0,0.9999999999999992,01,operational,39,0.4210526315789473
0.8347165903873596,0.1652834096126404,0.974274402327195,0.025725597672805,360.0,1360.0,False,3760.0,0.0,0.9999999999999992,10,operational,39,0.4210526315789473
0.8344235597204835,0.1655764402795164,0.974274402327195,0.025725597672805,360.0,1360.0,False,3760.0,0.0,0.9999999999999992,11,operational,39,0.4210526315789473
0.9205675644282456,0.0794324355717545,0.6760963111780314,0.3239036888219687,360.0,880.0,False,3760.0,0.0,0.9999999999999992,00,operational,40,0.2982456140350877
0.9178114421164768,0.0821885578835232,0.6760963111780314,0.3239036888219687,360.0,910.0,False,3760.0,0.0,0.9999999999999992,01,operational,40,0.2982456140350877
0.9148568536691764,0.0851431463308235,0.7551693870983747,0.2448306129016254,360.0,890.0,False,3760.0,0.0,0.9999999999999992,10,operational,40,0.2982456140350877
0.911764175604568,0.0882358243954319,0.7551693870983747,0.2448306129016254,360.0,910.0,False,3760.0,0.0,0.9999999999999992,11,operational,40,0.2982456140350877
0.9284770237504362,0.0715229762495638,0.4590439599278735,0.5409560400721265,360.0,960.0,False,3760.0,0.0,0.9999999999999992,00,operational,41,0.4210526315789473
0.926255121937104,0.0737448780628958,0.4590439599278735,0.5409560400721265,360.0,1000.0,False,3760.0,0.0,0.9999999999999992,01,operational,41,0.4210526315789473
0.9148042125638364,0.0851957874361635,0.5135470310829422,0.4864529689170578,360.0,960.0,False,3760.0,0.0,0.9999999999999992,10,operational,41,0.4210526315789473
0.9119734604204104,0.0880265395795895,0.5135470310829422,0.4864529689170578,360.0,1000.0,False,3760.0,0.0,0.9999999999999992,11,operational,41,0.4210526315789473
0.8953578566327733,0.1046421433672266,0.513135874902019,0.486864125097981,360.0,1220.0,False,3760.0,0.0,0.9999999999999992,00,operational,42,0.4035087719298245
0.8922404856183582,0.1077595143816417,0.513135874902019,0.486864125097981,360.0,1250.0,False,3760.0,0.0,0.9999999999999992,01,operational,42,0.4035087719298245
0.8814258284921226,0.1185741715078774,0.5507595757771336,0.4492404242228663,360.0,1220.0,False,3760.0,0.0,0.9999999999999992,10,operational,42,0.4035087719298245
0.877437565625156,0.122562434374844,0.5507595757771336,0.4492404242228663,360.0,1260.0,False,3760.0,0.0,0.9999999999999992,11,operational,42,0.4035087719298245
0.9873361706767972,0.0126638293232028,0.1900950986308501,0.8099049013691498,360.0,320.0,False,3760.0,0.0,0.9999999999999992,00,operational,43,0.175438596491228
0.9873361706767972,0.0126638293232028,0.1900950986308501,0.8099049013691498,360.0,320.0,False,3760.0,0.0,0.9999999999999992,01,operational,43,0.175438596491228
0.9853329479177544,0.0146670520822456,0.2263340680081675,0.7736659319918324,360.0,320.0,False,3760.0,0.0,0.9999999999999992,10,operational,43,0.175438596491228
0.9853329479177544,0.0146670520822456,0.2263340680081675,0.7736659319918324,360.0,320.0,False,3760.0,0.0,0.9999999999999992,11,operational,43,0.175438596491228
0.8668851358369419,0.133114864163058,0.7175812439064491,0.282418756093551,360.0,1310.0,False,3760.0,0.0,0.9999999999999992,00,operational,44,0.4210526315789473
0.8668851358369419,0.133114864163058,0.7175812439064491,0.282418756093551,360.0,1310.0,False,3760.0,0.0,0.9999999999999992,01,operational,44,0.4210526315789473
0.8556806796743228,0.1443193203256771,0.7763513102974129,0.2236486897025871,250.0,1310.0,False,3760.0,0.0,0.9999999999999992,10,operational,44,0.4210526315789473
0.8556806796743228,0.1443193203256771,0.7763513102974129,0.2236486897025871,250.0,1310.0,False,3760.0,0.0,0.9999999999999992,11,operational,44,0.4210526315789473
0.9462942600663417,0.0537057399336583,0.4148737966809087,0.5851262033190913,360.0,730.0,False,3760.0,0.0,0.9999999999999992,00,operational,45,0.2631578947368421
0.944522601590595,0.055477398409405,0.4148737966809087,0.5851262033190913,360.0,750.0,False,3760.0,0.0,0.9999999999999992,01,operational,45,0.2631578947368421
0.9424986555191208,0.0575013444808792,0.4237994068102403,0.5762005931897597,360.0,730.0,False,3760.0,0.0,0.9999999999999992,10,operational,45,0.2631578947368421
0.9402245056966252,0.0597754943033747,0.4237994068102403,0.5762005931897597,360.0,760.0,False,3760.0,0.0,0.9999999999999992,11,operational,45,0.2631578947368421
0.8755843179192039,0.1244156820807961,0.5620603739599803,0.4379396260400197,360.0,1260.0,False,3760.0,0.0,0.9999999999999992,00,operational,46,0.3508771929824561
0.8719007748815484,0.1280992251184516,0.5620603739599803,0.4379396260400197,360.0,1300.0,False,3760.0,0.0,0.9999999999999992,01,operational,46,0.3508771929824561
0.8693605095059874,0.1306394904940125,0.5650469448170445,0.4349530551829554,360.0,1270.0,False,3760.0,0.0,0.9999999999999992,10,operational,46,0.3508771929824561
0.8649623890258316,0.1350376109741684,0.5650469448170445,0.4349530551829554,360.0,1310.0,False,3760.0,0.0,0.9999999999999992,11,operational,46,0.3508771929824561
0.957200025250934,0.042799974749066,0.3585863293062109,0.6414136706937891,360.0,670.0,False,3760.0,0.0,0.9999999999999992,00,operational,47,0.2456140350877192
0.9571429891063556,0.0428570108936444,0.3585863293062109,0.6414136706937891,360.0,670.0,False,3760.0,0.0,0.9999999999999992,01,operational,47,0.2456140350877192
0.950185641087128,0.0498143589128721,0.3972329858583494,0.6027670141416506,360.0,680.0,False,3760.0,0.0,0.9999999999999992,10,operational,47,0.2456140350877192
0.9500090931931656,0.0499909068068343,0.3972329858583494,0.6027670141416506,360.0,680.0,False,3760.0,0.0,0.9999999999999992,11,operational,47,0.2456140350877192
0.9035449232996592,0.0964550767003408,0.4891493006004693,0.5108506993995306,360.0,1200.0,False,3760.0,0.0,0.9999999999999992,00,operational,48,0.4912280701754385
0.903341051753218,0.0966589482467821,0.4891493006004693,0.5108506993995306,360.0,1200.0,False,3760.0,0.0,0.9999999999999992,01,operational,48,0.4912280701754385
0.8901185879116649,0.1098814120883351,0.5417487192823648,0.4582512807176352,360.0,1200.0,False,3760.0,0.0,0.9999999999999992,10,operational,48,0.4912280701754385
0.8898975437326003,0.1101024562673996,0.5417487192823648,0.4582512807176352,360.0,1200.0,False,3760.0,0.0,0.9999999999999992,11,operational,48,0.4912280701754385
0.7531217864037505,0.2468782135962495,0.6555444844154621,0.3444555155845378,280.0,2210.0,False,3760.0,0.0,0.9999999999999992,00,operational,49,0.5087719298245614
0.7462307690571905,0.2537692309428094,0.6555444844154621,0.3444555155845378,280.0,2270.0,False,3760.0,0.0,0.9999999999999992,01,operational,49,0.5087719298245614
0.7385797535853619,0.2614202464146381,0.7002187052842561,0.2997812947157439,280.0,2220.0,False,3760.0,0.0,0.9999999999999992,10,operational,49,0.5087719298245614
0.7306635019686694,0.2693364980313306,0.7002187052842561,0.2997812947157439,280.0,2270.0,False,3760.0,0.0,0.9999999999999992,11,operational,49,0.5087719298245614
0.954791737067174,0.0452082629328258,0.3747455939900203,0.6252544060099797,360.0,710.0,False,3760.0,0.0,0.9999999999999992,00,operational,50,0.2982456140350877
0.9538303928342692,0.0461696071657309,0.3747455939900203,0.6252544060099797,360.0,730.0,False,3760.0,0.0,0.9999999999999992,01,operational,50,0.2982456140350877
0.951306079425532,0.0486939205744678,0.3917127407392931,0.6082872592607069,360.0,710.0,False,3760.0,0.0,0.9999999999999992,10,operational,50,0.2982456140350877
0.9500899463287764,0.0499100536712237,0.3917127407392931,0.6082872592607069,360.0,740.0,False,3760.0,0.0,0.9999999999999992,11,operational,50,0.2982456140350877
0.8958011384875992,0.1041988615124007,0.5020211007875758,0.4979788992124242,360.0,1200.0,False,3760.0,0.0,0.9999999999999992,00,operational,51,0.4385964912280701
0.893780561891942,0.106219438108058,0.5020211007875758,0.4979788992124242,360.0,1220.0,False,3760.0,0.0,0.9999999999999992,01,operational,51,0.4385964912280701
0.8882817798181449,0.111718220181855,0.5086561665332707,0.4913438334667293,360.0,1200.0,False,3760.0,0.0,0.9999999999999992,10,operational,51,0.4385964912280701
0.8856333517220207,0.1143666482779792,0.5086561665332707,0.4913438334667293,360.0,1230.0,False,3760.0,0.0,0.9999999999999992,11,operational,51,0.4385964912280701
0.9091999844171612,0.0908000155828387,0.507401762861728,0.492598237138272,360.0,1030.0,False,3760.0,0.0,0.9999999999999992,00,operational,52,0.3684210526315789
0.9090624261842296,0.0909375738157705,0.507401762861728,0.492598237138272,360.0,1030.0,False,3760.0,0.0,0.9999999999999992,01,operational,52,0.3684210526315789
0.9030211046135382,0.0969788953864617,0.5150778508402949,0.4849221491597051,360.0,1030.0,False,3760.0,0.0,0.9999999999999992,10,operational,52,0.3684210526315789
0.902632428120792,0.097367571879208,0.5150778508402949,0.4849221491597051,360.0,1030.0,False,3760.0,0.0,0.9999999999999992,11,operational,52,0.3684210526315789
0.8404095410898345,0.1595904589101655,0.5393447742601853,0.4606552257398147,360.0,1630.0,False,3760.0,0.0,0.9999999999999992,00,operational,53,0.4035087719298245
0.8201666642601321,0.1798333357398679,0.5393447742601853,0.4606552257398147,360.0,1790.0,False,3760.0,0.0,0.9999999999999992,01,operational,53,0.4035087719298245
0.8324597061467031,0.1675402938532969,0.5441973088693545,0.4558026911306455,360.0,1630.0,False,3760.0,0.0,0.9999999999999992,10,operational,53,0.4035087719298245
0.8114204783184232,0.1885795216815767,0.5441973088693545,0.4558026911306455,360.0,1790.0,False,3760.0,0.0,0.9999999999999992,11,operational,53,0.4035087719298245
0.787524013109779,0.2124759868902209,0.5962512453398054,0.4037487546601946,360.0,1970.0,False,3760.0,0.0,0.9999999999999992,00,operational,54,0.5087719298245614
0.7842844282964382,0.2157155717035618,0.5962512453398054,0.4037487546601946,360.0,2000.0,False,3760.0,0.0,0.9999999999999992,01,operational,54,0.5087719298245614
0.7733508310975898,0.2266491689024101,0.6013846504745614,0.3986153495254386,360.0,1970.0,False,3760.0,0.0,0.9999999999999992,10,operational,54,0.5087719298245614
0.7692655335606091,0.2307344664393908,0.6013846504745614,0.3986153495254386,360.0,2010.0,False,3760.0,0.0,0.9999999999999992,11,operational,54,0.5087719298245614
0.9380530620230888,0.0619469379769112,0.3951381125854909,0.6048618874145091,360.0,930.0,False,3760.0,0.0,0.9999999999999992,00,operational,55,0.3157894736842105
0.9379483089792972,0.0620516910207027,0.3951381125854909,0.6048618874145091,360.0,930.0,False,3760.0,0.0,0.9999999999999992,01,operational,55,0.3157894736842105
0.9317886916224868,0.0682113083775133,0.4221047391539085,0.5778952608460914,360.0,930.0,False,3760.0,0.0,0.9999999999999992,10,operational,55,0.3157894736842105
0.9316445499595007,0.0683554500404991,0.4221047391539085,0.5778952608460914,360.0,940.0,False,3760.0,0.0,0.9999999999999992,11,operational,55,0.3157894736842105
0.7629481640389381,0.2370518359610619,0.8562823335524294,0.1437176664475705,360.0,1950.0,False,3760.0,0.0,0.9999999999999992,00,operational,56,0.4912280701754385
0.7137850780268307,0.2862149219731693,0.8562823335524294,0.1437176664475705,360.0,2250.0,False,3760.0,0.0,0.9999999999999992,01,operational,56,0.4912280701754385
0.7444718404324986,0.2555281595675014,0.9283535567222784,0.0716464432777216,200.0,1950.0,False,3760.0,0.0,0.9999999999999992,10,operational,56,0.4912280701754385
0.6921443957458048,0.3078556042541952,0.9283535567222784,0.0716464432777216,200.0,2260.0,False,3760.0,0.0,0.9999999999999992,11,operational,56,0.4912280701754385
0.9005741442844508,0.0994258557155491,0.4436360729689381,0.5563639270310619,360.0,1190.0,False,3760.0,0.0,0.9999999999999992,00,operational,57,0.3508771929824561
0.8939741621833112,0.1060258378166888,0.4436360729689381,0.5563639270310619,360.0,1270.0,False,3760.0,0.0,0.9999999999999992,01,operational,57,0.3508771929824561
0.8956686859920904,0.1043313140079096,0.4443097144346458,0.5556902855653542,360.0,1190.0,False,3760.0,0.0,0.9999999999999992,10,operational,57,0.3508771929824561
0.8884503585073025,0.1115496414926975,0.4443097144346458,0.5556902855653542,360.0,1280.0,False,3760.0,0.0,0.9999999999999992,11,operational,57,0.3508771929824561
0.955662499243195,0.0443375007568049,0.3763439823098048,0.6236560176901952,360.0,670.0,False,3760.0,0.0,0.9999999999999992,00,operational,58,0.2456140350877192
0.955662499243195,0.0443375007568049,0.3763439823098048,0.6236560176901952,360.0,670.0,False,3760.0,0.0,0.9999999999999992,01,operational,58,0.2456140350877192
0.9490521192480436,0.0509478807519564,0.4182770465653307,0.5817229534346693,360.0,670.0,False,3760.0,0.0,0.9999999999999992,10,operational,58,0.2456140350877192
0.9490521192480436,0.0509478807519564,0.4182770465653307,0.5817229534346693,360.0,670.0,False,3760.0,0.0,0.9999999999999992,11,operational,58,0.2456140350877192
0.8995286175444855,0.1004713824555144,0.4836812207311234,0.5163187792688766,360.0,1260.0,False,3760.0,0.0,0.9999999999999992,00,operational,59,0.3508771929824561
0.8994983846127588,0.1005016153872412,0.4836812207311234,0.5163187792688766,360.0,1260.0,False,3760.0,0.0,0.9999999999999992,01,operational,59,0.3508771929824561
0.880486243070821,0.1195137569291789,0.5511525763119209,0.448847423688079,360.0,1270.0,False,3760.0,0.0,0.9999999999999992,10,operational,59,0.3508771929824561
0.8803642370875698,0.1196357629124301,0.5511525763119209,0.448847423688079,360.0,1270.0,False,3760.0,0.0,0.9999999999999992,11,operational,59,0.3508771929824561
0.8910243185468429,0.108975681453157,0.4914499321654529,0.508550067834547,360.0,1280.0,False,3760.0,0.0,0.9999999999999992,00,operational,60,0.4035087719298245
0.8878091591903589,0.1121908408096411,0.4914499321654529,0.508550067834547,360.0,1310.0,False,3760.0,0.0,0.9999999999999992,01,operational,60,0.4035087719298245
0.8800545472349838,0.1199454527650162,0.5103888147842889,0.4896111852157111,360.0,1280.0,False,3760.0,0.0,0.9999999999999992,10,operational,60,0.4035087719298245
0.8763309834012258,0.1236690165987741,0.5103888147842889,0.4896111852157111,360.0,1310.0,False,3760.0,0.0,0.9999999999999992,11,operational,60,0.4035087719298245
0.950326834663224,0.0496731653367761,0.405369341195413,0.594630658804587,360.0,760.0,False,3760.0,0.0,0.9999999999999992,00,operational,61,0.2631578947368421
0.9479149674871482,0.0520850325128517,0.405369341195413,0.594630658804587,360.0,790.0,False,3760.0,0.0,0.9999999999999992,01,operational,61,0.2631578947368421
0.9405675800893424,0.0594324199106577,0.4530615146739064,0.5469384853260936,360.0,760.0,False,3760.0,0.0,0.9999999999999992,10,operational,61,0.2631578947368421
0.9375547540705004,0.0624452459294995,0.4530615146739064,0.5469384853260936,360.0,800.0,False,3760.0,0.0,0.9999999999999992,11,operational,61,0.2631578947368421
0.9642088165965946,0.0357911834034053,0.3166608651635976,0.6833391348364024,360.0,630.0,False,3760.0,0.0,0.9999999999999992,00,operational,62,0.2105263157894736
0.9642088165965946,0.0357911834034053,0.3166608651635976,0.6833391348364024,360.0,630.0,False,3760.0,0.0,0.9999999999999992,01,operational,62,0.2105263157894736
0.9605405470150772,0.0394594529849228,0.3301321128980564,0.6698678871019436,360.0,640.0,False,3760.0,0.0,0.9999999999999992,10,operational,62,0.2105263157894736
0.9605405470150772,0.0394594529849228,0.3301321128980564,0.6698678871019436,360.0,640.0,False,3760.0,0.0,0.9999999999999992,11,operational,62,0.2105263157894736
0.8389674903755612,0.1610325096244388,0.6856846847841699,0.3143153152158301,360.0,1630.0,False,3760.0,0.0,0.9999999999999992,00,operational,63,0.5087719298245614
0.8363708718698335,0.1636291281301665,0.6856846847841699,0.3143153152158301,360.0,1670.0,False,3760.0,0.0,0.9999999999999992,01,operational,63,0.5087719298245614
0.8235402085792961,0.1764597914207039,0.748165593774642,0.251834406225358,360.0,1630.0,False,3760.0,0.0,0.9999999999999992,10,operational,63,0.5087719298245614
0.8204994824416172,0.1795005175583828,0.748165593774642,0.251834406225358,360.0,1670.0,False,3760.0,0.0,0.9999999999999992,11,operational,63,0.5087719298245614
0.8872889840179681,0.1127110159820319,0.6365236798322815,0.3634763201677185,360.0,1120.0,False,3760.0,0.0,0.9999999999999992,00,operational,64,0.3333333333333333
0.8870886757318026,0.1129113242681973,0.6365236798322815,0.3634763201677185,360.0,1130.0,False,3760.0,0.0,0.9999999999999992,01,operational,64,0.3333333333333333
0.8764967995754107,0.1235032004245892,0.6906263057448185,0.3093736942551815,360.0,1130.0,False,3760.0,0.0,0.9999999999999992,10,operational,64,0.3333333333333333
0.8761036198822915,0.1238963801177085,0.6906263057448185,0.3093736942551815,360.0,1130.0,False,3760.0,0.0,0.9999999999999992,11,operational,64,0.3333333333333333
0.9538948033118356,0.0461051966881642,0.3936961266706873,0.6063038733293127,360.0,700.0,False,3760.0,0.0,0.9999999999999992,00,operational,65,0.2982456140350877
0.9519440850381934,0.0480559149618066,0.3936961266706873,0.6063038733293127,360.0,720.0,False,3760.0,0.0,0.9999999999999992,01,operational,65,0.2982456140350877
0.944980257183972,0.0550197428160279,0.4620303153545394,0.5379696846454606,360.0,700.0,False,3760.0,0.0,0.9999999999999992,10,operational,65,0.2982456140350877
0.942284416760776,0.0577155832392238,0.4620303153545394,0.5379696846454606,360.0,730.0,False,3760.0,0.0,0.9999999999999992,11,operational,65,0.2982456140350877
0.955871877785011,0.0441281222149889,0.399502643192472,0.600497356807528,360.0,640.0,False,3760.0,0.0,0.9999999999999992,00,operational,66,0.2280701754385964
0.9557477029140988,0.044252297085901,0.399502643192472,0.600497356807528,360.0,640.0,False,3760.0,0.0,0.9999999999999992,01,operational,66,0.2280701754385964
0.951140001510305,0.048859998489695,0.4222746532146043,0.5777253467853957,360.0,650.0,False,3760.0,0.0,0.9999999999999992,10,operational,66,0.2280701754385964
0.9509111200685968,0.0490888799314032,0.4222746532146043,0.5777253467853957,360.0,650.0,False,3760.0,0.0,0.9999999999999992,11,operational,66,0.2280701754385964
0.908776036021162,0.0912239639788381,0.4460829839928033,0.5539170160071967,360.0,1200.0,False,3760.0,0.0,0.9999999999999992,00,operational,67,0.3684210526315789
0.906688623214984,0.0933113767850161,0.4460829839928033,0.5539170160071967,360.0,1220.0,False,3760.0,0.0,0.9999999999999992,01,operational,67,0.3684210526315789
0.8853178664443756,0.1146821335556244,0.5275727151520615,0.4724272848479384,360.0,1200.0,False,3760.0,0.0,0.9999999999999992,10,operational,67,0.3684210526315789
0.8826023730772952,0.1173976269227048,0.5275727151520615,0.4724272848479384,360.0,1230.0,False,3760.0,0.0,0.9999999999999992,11,operational,67,0.3684210526315789
0.8030738191404357,0.1969261808595642,0.8960744189294977,0.1039255810705022,360.0,1570.0,False,3760.0,0.0,0.9999999999999992,00,operational,68,0.4385964912280701
0.7608526608402376,0.2391473391597623,0.8960744189294977,0.1039255810705022,360.0,1840.0,False,3760.0,0.0,0.9999999999999992,01,operational,68,0.4385964912280701
0.786000074425002,0.213999925574998,0.9582960438430992,0.0417039561569009,360.0,1570.0,False,3760.0,0.0,0.9999999999999992,10,operational,68,0.4385964912280701
0.7403056651757499,0.2596943348242501,0.9582960438430992,0.0417039561569009,360.0,1840.0,False,3760.0,0.0,0.9999999999999992,11,operational,68,0.4385964912280701
0.852653133550813,0.147346866449187,0.7091144988418894,0.2908855011581107,360.0,1440.0,False,3760.0,0.0,0.9999999999999992,00,operational,69,0.4210526315789473
0.833338104344858,0.166661895655142,0.7091144988418894,0.2908855011581107,360.0,1570.0,False,3760.0,0.0,0.9999999999999992,01,operational,69,0.4210526315789473
0.837582352945856,0.1624176470541439,0.7532664375939079,0.2467335624060921,360.0,1450.0,False,3760.0,0.0,0.9999999999999992,10,operational,69,0.4210526315789473
0.8169952878024235,0.1830047121975765,0.7532664375939079,0.2467335624060921,360.0,1570.0,False,3760.0,0.0,0.9999999999999992,11,operational,69,0.4210526315789473
0.8932554188137793,0.1067445811862206,0.7435200389278338,0.2564799610721662,360.0,1070.0,False,3760.0,0.0,0.9999999999999992,00,operational,70,0.3859649122807017
0.8881960267919614,0.1118039732080385,0.7435200389278338,0.2564799610721662,360.0,1120.0,False,3760.0,0.0,0.9999999999999992,01,operational,70,0.3859649122807017
0.8827291306418931,0.1172708693581069,0.798560099408974,0.2014399005910259,360.0,1080.0,False,3760.0,0.0,0.9999999999999992,10,operational,70,0.3859649122807017
0.8768292615739149,0.123170738426085,0.798560099408974,0.2014399005910259,360.0,1130.0,False,3760.0,0.0,0.9999999999999992,11,operational,70,0.3859649122807017
0.830445574185422,0.169554425814578,0.8123323135174875,0.1876676864825125,360.0,1490.0,False,3760.0,0.0,0.9999999999999992,00,operational,71,0.4210526315789473
0.8185200059228814,0.1814799940771185,0.8123323135174875,0.1876676864825125,360.0,1580.0,False,3760.0,0.0,0.9999999999999992,01,operational,71,0.4210526315789473
0.8129527010983375,0.1870472989016625,0.8900323403835679,0.109967659616432,360.0,1490.0,False,3760.0,0.0,0.9999999999999992,10,operational,71,0.4210526315789473
0.79961272805225,0.2003872719477499,0.8900323403835679,0.109967659616432,360.0,1590.0,False,3760.0,0.0,0.9999999999999992,11,operational,71,0.4210526315789473
0.951051789769487,0.0489482102305129,0.4822389419758067,0.5177610580241933,360.0,750.0,False,3760.0,0.0,0.9999999999999992,00,operational,72,0.2807017543859649
0.9503595444882316,0.0496404555117685,0.4822389419758067,0.5177610580241933,360.0,760.0,False,3760.0,0.0,0.9999999999999992,01,operational,72,0.2807017543859649
0.9411715602131514,0.0588284397868485,0.615734267917297,0.384265732082703,360.0,760.0,False,3760.0,0.0,0.9999999999999992,10,operational,72,0.2807017543859649
0.9403069528526716,0.0596930471473284,0.615734267917297,0.384265732082703,360.0,770.0,False,3760.0,0.0,0.9999999999999992,11,operational,72,0.2807017543859649
0.929631053802138,0.0703689461978619,0.446103156693469,0.553896843306531,360.0,930.0,False,3760.0,0.0,0.9999999999999992,00,operational,73,0.4035087719298245
0.9261118638246792,0.0738881361753208,0.446103156693469,0.553896843306531,360.0,970.0,False,3760.0,0.0,0.9999999999999992,01,operational,73,0.4035087719298245
0.9226639989474742,0.0773360010525258,0.4821297581383423,0.5178702418616576,360.0,930.0,False,3760.0,0.0,0.9999999999999992,10,operational,73,0.4035087719298245
0.9184636408877908,0.0815363591122091,0.4821297581383423,0.5178702418616576,360.0,970.0,False,3760.0,0.0,0.9999999999999992,11,operational,73,0.4035087719298245
0.8916773560299753,0.1083226439700246,0.9036626804826288,0.0963373195173712,360.0,1160.0,False,3760.0,0.0,0.9999999999999992,00,operational,74,0.4561403508771929
0.8914813131312042,0.1085186868687958,0.9036626804826288,0.0963373195173712,360.0,1160.0,False,3760.0,0.0,0.9999999999999992,01,operational,74,0.4561403508771929
0.881948430982533,0.118051569017467,0.9735550349129336,0.0264449650870665,360.0,1160.0,False,3760.0,0.0,0.9999999999999992,10,operational,74,0.4561403508771929
0.8817090962144982,0.1182909037855017,0.9735550349129336,0.0264449650870665,360.0,1160.0,False,3760.0,0.0,0.9999999999999992,11,operational,74,0.4561403508771929
0.8351648513700811,0.1648351486299188,0.5756928015894545,0.4243071984105455,360.0,1630.0,False,3760.0,0.0,0.9999999999999992,00,operational,75,0.5087719298245614
0.8248204954510172,0.1751795045489828,0.5756928015894545,0.4243071984105455,360.0,1720.0,False,3760.0,0.0,0.9999999999999992,01,operational,75,0.5087719298245614
0.822524895171651,0.177475104828349,0.5792606064845455,0.4207393935154545,360.0,1630.0,False,3760.0,0.0,0.9999999999999992,10,operational,75,0.5087719298245614
0.8111072965412373,0.1888927034587627,0.5792606064845455,0.4207393935154545,360.0,1720.0,False,3760.0,0.0,0.9999999999999992,11,operational,75,0.5087719298245614
0.816757464193826,0.183242535806174,0.8930912865160883,0.1069087134839117,360.0,1640.0,False,3760.0,0.0,0.9999999999999992,00,operational,76,0.5263157894736842
0.8016622202929152,0.1983377797070847,0.8930912865160883,0.1069087134839117,360.0,1740.0,False,3760.0,0.0,0.9999999999999992,01,operational,76,0.5263157894736842
0.7893025929138786,0.2106974070861214,0.981748655643684,0.0182513443563161,360.0,1640.0,False,3760.0,0.0,0.9999999999999992,10,operational,76,0.5263157894736842
0.771498759547184,0.2285012404528159,0.981748655643684,0.0182513443563161,360.0,1750.0,False,3760.0,0.0,0.9999999999999992,11,operational,76,0.5263157894736842
0.9323155637736502,0.0676844362263497,0.4381509577637721,0.5618490422362279,360.0,880.0,False,3760.0,0.0,0.9999999999999992,00,operational,77,0.3684210526315789
0.9299392492919496,0.0700607507080504,0.4381509577637721,0.5618490422362279,360.0,910.0,False,3760.0,0.0,0.9999999999999992,01,operational,77,0.3684210526315789
0.926821048402676,0.0731789515973241,0.4547080893198726,0.5452919106801274,360.0,880.0,False,3760.0,0.0,0.9999999999999992,10,operational,77,0.3684210526315789
0.9237767051713456,0.0762232948286543,0.4547080893198726,0.5452919106801274,360.0,910.0,False,3760.0,0.0,0.9999999999999992,11,operational,77,0.3684210526315789
0.829413935036277,0.1705860649637229,0.7331190009210371,0.2668809990789628,360.0,1690.0,False,3760.0,0.0,0.9999999999999992,00,operational,78,0.5789473684210527
0.8225136709326915,0.1774863290673085,0.7331190009210371,0.2668809990789628,360.0,1750.0,False,3760.0,0.0,0.9999999999999992,01,operational,78,0.5789473684210527
0.8152300252625175,0.1847699747374824,0.7732584713182156,0.2267415286817844,360.0,1690.0,False,3760.0,0.0,0.9999999999999992,10,operational,78,0.5789473684210527
0.8068568681756908,0.1931431318243092,0.7732584713182156,0.2267415286817844,360.0,1760.0,False,3760.0,0.0,0.9999999999999992,11,operational,78,0.5789473684210527
0.9085626657635484,0.0914373342364515,0.4716751455029487,0.5283248544970512,360.0,1090.0,False,3760.0,0.0,0.9999999999999992,00,operational,79,0.3859649122807017
0.9051315119089034,0.0948684880910966,0.4716751455029487,0.5283248544970512,360.0,1140.0,False,3760.0,0.0,0.9999999999999992,01,operational,79,0.3859649122807017
0.9010812260190122,0.0989187739809878,0.4820128011879492,0.5179871988120508,360.0,1090.0,False,3760.0,0.0,0.9999999999999992,10,operational,79,0.3859649122807017
0.89687671670253,0.10312328329747,0.4820128011879492,0.5179871988120508,360.0,1140.0,False,3760.0,0.0,0.9999999999999992,11,operational,79,0.3859649122807017
0.8053447919148037,0.1946552080851963,0.7288298088817389,0.2711701911182611,250.0,1770.0,False,3760.0,0.0,0.9999999999999992,00,operational,80,0.4210526315789473
0.7982919280189037,0.2017080719810963,0.7288298088817389,0.2711701911182611,250.0,1820.0,False,3760.0,0.0,0.9999999999999992,01,operational,80,0.4210526315789473
0.7903945278496094,0.2096054721503906,0.7422938514281219,0.2577061485718781,250.0,1770.0,False,3760.0,0.0,0.9999999999999992,10,operational,80,0.4210526315789473
0.7822477791863435,0.2177522208136565,0.7422938514281219,0.2577061485718781,250.0,1830.0,False,3760.0,0.0,0.9999999999999992,11,operational,80,0.4210526315789473
0.8596768026503354,0.1403231973496645,0.6529814460976289,0.3470185539023711,360.0,1480.0,False,3760.0,0.0,0.9999999999999992,00,operational,81,0.5087719298245614
0.8496571198194424,0.1503428801805576,0.6529814460976289,0.3470185539023711,360.0,1570.0,False,3760.0,0.0,0.9999999999999992,01,operational,81,0.5087719298245614
0.8397852579110203,0.1602147420889796,0.7330407405192688,0.2669592594807312,360.0,1480.0,False,3760.0,0.0,0.9999999999999992,10,operational,81,0.5087719298245614
0.8283452202918647,0.1716547797081352,0.7330407405192688,0.2669592594807312,360.0,1570.0,False,3760.0,0.0,0.9999999999999992,11,operational,81,0.5087719298245614
0.8727229445812613,0.1272770554187386,0.7342319297488464,0.2657680702511535,360.0,1310.0,False,3760.0,0.0,0.9999999999999992,00,operational,82,0.4385964912280701
0.8712703964021784,0.1287296035978216,0.7342319297488464,0.2657680702511535,360.0,1330.0,False,3760.0,0.0,0.9999999999999992,01,operational,82,0.4385964912280701
0.8541773387713268,0.1458226612286731,0.8175771401044629,0.1824228598955371,360.0,1320.0,False,3760.0,0.0,0.9999999999999992,10,operational,82,0.4385964912280701
0.8520997156619727,0.1479002843380272,0.8175771401044629,0.1824228598955371,360.0,1340.0,False,3760.0,0.0,0.9999999999999992,11,operational,82,0.4385964912280701
0.879895707942199,0.120104292057801,0.5924121817450846,0.4075878182549154,270.0,1300.0,False,3760.0,0.0,0.9999999999999992,00,operational,83,0.4210526315789473
0.8768186767923815,0.1231813232076185,0.5924121817450846,0.4075878182549154,270.0,1340.0,False,3760.0,0.0,0.9999999999999992,01,operational,83,0.4210526315789473
0.8707756539122393,0.1292243460877606,0.6020885670566569,0.3979114329433431,270.0,1310.0,False,3760.0,0.0,0.9999999999999992,10,operational,83,0.4210526315789473
0.8674311879273823,0.1325688120726177,0.6020885670566569,0.3979114329433431,270.0,1340.0,False,3760.0,0.0,0.9999999999999992,11,operational,83,0.4210526315789473
0.9428494876532876,0.0571505123467124,0.4259380852737846,0.5740619147262154,360.0,730.0,False,3760.0,0.0,0.9999999999999992,00,operational,84,0.1929824561403508
0.9428366683761792,0.0571633316238208,0.4259380852737846,0.5740619147262154,360.0,730.0,False,3760.0,0.0,0.9999999999999992,01,operational,84,0.1929824561403508
0.933820274810672,0.066179725189328,0.4740900844156527,0.5259099155843473,360.0,740.0,False,3760.0,0.0,0.9999999999999992,10,operational,84,0.1929824561403508
0.9337249699162304,0.0662750300837695,0.4740900844156527,0.5259099155843473,360.0,740.0,False,3760.0,0.0,0.9999999999999992,11,operational,84,0.1929824561403508
0.9398632546993833,0.0601367453006167,0.4524583722399941,0.5475416277600059,360.0,740.0,False,3760.0,0.0,0.9999999999999992,00,operational,85,0.2631578947368421
0.9380253832731696,0.0619746167268304,0.4524583722399941,0.5475416277600059,360.0,760.0,False,3760.0,0.0,0.9999999999999992,01,operational,85,0.2631578947368421
0.9360081827216508,0.0639918172783493,0.4607913436235544,0.5392086563764455,360.0,740.0,False,3760.0,0.0,0.9999999999999992,10,operational,85,0.2631578947368421
0.9337998027412264,0.0662001972587736,0.4607913436235544,0.5392086563764455,360.0,760.0,False,3760.0,0.0,0.9999999999999992,11,operational,85,0.2631578947368421
0.9096800050565604,0.0903199949434394,0.4797790232247247,0.5202209767752752,360.0,1060.0,False,3760.0,0.0,0.9999999999999992,00,operational,86,0.3684210526315789
0.9059165103830014,0.0940834896169986,0.4797790232247247,0.5202209767752752,360.0,1100.0,False,3760.0,0.0,0.9999999999999992,01,operational,86,0.3684210526315789
0.9047371236526488,0.0952628763473513,0.4872652566406286,0.5127347433593714,360.0,1060.0,False,3760.0,0.0,0.9999999999999992,10,operational,86,0.3684210526315789
0.9004544860661166,0.0995455139338834,0.4872652566406286,0.5127347433593714,360.0,1110.0,False,3760.0,0.0,0.9999999999999992,11,operational,86,0.3684210526315789
0.9240821275168803,0.0759178724831195,0.4681359144149435,0.5318640855850565,360.0,930.0,False,3760.0,0.0,0.9999999999999992,00,operational,87,0.3684210526315789
0.923078415673176,0.0769215843268239,0.4681359144149435,0.5318640855850565,360.0,940.0,False,3760.0,0.0,0.9999999999999992,01,operational,87,0.3684210526315789
0.9195141595661828,0.0804858404338172,0.4771414423055592,0.5228585576944408,360.0,930.0,False,3760.0,0.0,0.9999999999999992,10,operational,87,0.3684210526315789
0.9184284448805916,0.0815715551194082,0.4771414423055592,0.5228585576944408,360.0,940.0,False,3760.0,0.0,0.9999999999999992,11,operational,87,0.3684210526315789
0.9140201748741478,0.0859798251258522,0.4612712705241802,0.5387287294758197,360.0,1080.0,False,3760.0,0.0,0.9999999999999992,00,operational,88,0.3508771929824561
0.9138048839874064,0.0861951160125935,0.4612712705241802,0.5387287294758197,360.0,1080.0,False,3760.0,0.0,0.9999999999999992,01,operational,88,0.3508771929824561
0.9035238306319644,0.0964761693680356,0.4926144235324917,0.5073855764675083,360.0,1080.0,False,3760.0,0.0,0.9999999999999992,10,operational,88,0.3508771929824561
0.9031396804950812,0.0968603195049186,0.4926144235324917,0.5073855764675083,360.0,1080.0,False,3760.0,0.0,0.9999999999999992,11,operational,88,0.3508771929824561
0.9073206100860748,0.0926793899139252,0.6292414510456595,0.3707585489543404,360.0,1060.0,False,3760.0,0.0,0.9999999999999992,00,operational,89,0.3859649122807017
0.8912035679529405,0.1087964320470594,0.6292414510456595,0.3707585489543404,360.0,1210.0,False,3760.0,0.0,0.9999999999999992,01,operational,89,0.3859649122807017
0.8927052388481275,0.1072947611518725,0.7056093550703865,0.2943906449296135,360.0,1060.0,False,3760.0,0.0,0.9999999999999992,10,operational,89,0.3859649122807017
0.8739553562986588,0.1260446437013411,0.7056093550703865,0.2943906449296135,360.0,1220.0,False,3760.0,0.0,0.9999999999999992,11,operational,89,0.3859649122807017
0.923705013632664,0.076294986367336,0.4967600881821702,0.5032399118178298,360.0,960.0,False,3760.0,0.0,0.9999999999999992,00,operational,90,0.3859649122807017
0.9218327110762248,0.0781672889237751,0.4967600881821702,0.5032399118178298,360.0,990.0,False,3760.0,0.0,0.9999999999999992,01,operational,90,0.3859649122807017
0.9144050600279664,0.0855949399720337,0.5231000388134811,0.4768999611865189,360.0,970.0,False,3760.0,0.0,0.9999999999999992,10,operational,90,0.3859649122807017
0.9117765322655388,0.0882234677344613,0.5231000388134811,0.4768999611865189,360.0,1000.0,False,3760.0,0.0,0.9999999999999992,11,operational,90,0.3859649122807017
0.8493955742881946,0.1506044257118054,0.6994798774918642,0.3005201225081357,360.0,1500.0,False,3760.0,0.0,0.9999999999999992,00,operational,91,0.3684210526315789
0.8493538572486077,0.1506461427513923,0.6994798774918642,0.3005201225081357,360.0,1500.0,False,3760.0,0.0,0.9999999999999992,01,operational,91,0.3684210526315789
0.8299242534283092,0.1700757465716907,0.7487369160778926,0.2512630839221074,360.0,1500.0,False,3760.0,0.0,0.9999999999999992,10,operational,91,0.3684210526315789
0.8298477497066828,0.1701522502933171,0.7487369160778926,0.2512630839221074,360.0,1500.0,False,3760.0,0.0,0.9999999999999992,11,operational,91,0.3684210526315789
0.9671625269541488,0.0328374730458512,0.2868902158741411,0.7131097841258589,360.0,580.0,False,3760.0,0.0,0.9999999999999992,00,operational,92,0.1929824561403508
0.9671625269541488,0.0328374730458512,0.2868902158741411,0.7131097841258589,360.0,580.0,False,3760.0,0.0,0.9999999999999992,01,operational,92,0.1929824561403508
0.960115914029162,0.039884085970838,0.3477252730110779,0.6522747269889221,360.0,590.0,False,3760.0,0.0,0.9999999999999992,10,operational,92,0.1929824561403508
0.960115914029162,0.039884085970838,0.3477252730110779,0.6522747269889221,360.0,590.0,False,3760.0,0.0,0.9999999999999992,11,operational,92,0.1929824561403508
0.884808393518329,0.115191606481671,0.639552690369781,0.3604473096302189,360.0,1320.0,False,3760.0,0.0,0.9999999999999992,00,operational,93,0.4912280701754385
0.869331315990883,0.130668684009117,0.639552690369781,0.3604473096302189,360.0,1450.0,False,3760.0,0.0,0.9999999999999992,01,operational,93,0.4912280701754385
0.8704362138704191,0.1295637861295808,0.7170820842300969,0.2829179157699031,360.0,1320.0,False,3760.0,0.0,0.9999999999999992,10,operational,93,0.4912280701754385
0.8527445674316767,0.1472554325683233,0.7170820842300969,0.2829179157699031,360.0,1450.0,False,3760.0,0.0,0.9999999999999992,11,operational,93,0.4912280701754385
0.908801365880906,0.0911986341190941,0.5675284253859657,0.4324715746140343,360.0,1060.0,False,3760.0,0.0,0.9999999999999992,00,operational,94,0.4210526315789473
0.9074531402252456,0.0925468597747545,0.5675284253859657,0.4324715746140343,360.0,1070.0,False,3760.0,0.0,0.9999999999999992,01,operational,94,0.4210526315789473
0.9021012182975282,0.0978987817024718,0.610546928668108,0.3894530713318919,360.0,1060.0,False,3760.0,0.0,0.9999999999999992,10,operational,94,0.4210526315789473
0.9003499758570013,0.0996500241429987,0.610546928668108,0.3894530713318919,360.0,1080.0,False,3760.0,0.0,0.9999999999999992,11,operational,94,0.4210526315789473
0.862468120834024,0.1375318791659759,0.784055869700762,0.2159441302992379,360.0,1350.0,False,3760.0,0.0,0.9999999999999992,00,operational,95,0.4561403508771929
0.8620207837759788,0.1379792162240212,0.784055869700762,0.2159441302992379,360.0,1360.0,False,3760.0,0.0,0.9999999999999992,01,operational,95,0.4561403508771929
0.8474249032952369,0.1525750967047631,0.861455552019067,0.138544447980933,360.0,1350.0,False,3760.0,0.0,0.9999999999999992,10,operational,95,0.4561403508771929
0.8466090706483878,0.1533909293516122,0.861455552019067,0.138544447980933,360.0,1360.0,False,3760.0,0.0,0.9999999999999992,11,operational,95,0.4561403508771929
0.8830023941902104,0.1169976058097895,0.5778928055774117,0.4221071944225882,360.0,1320.0,False,3760.0,0.0,0.9999999999999992,00,operational,96,0.4210526315789473
0.881773683378322,0.118226316621678,0.5778928055774117,0.4221071944225882,360.0,1330.0,False,3760.0,0.0,0.9999999999999992,01,operational,96,0.4210526315789473
0.8619258679176546,0.1380741320823454,0.6425654942667409,0.357434505733259,360.0,1320.0,False,3760.0,0.0,0.9999999999999992,10,operational,96,0.4210526315789473
0.8601817084047352,0.1398182915952648,0.6425654942667409,0.357434505733259,360.0,1340.0,False,3760.0,0.0,0.9999999999999992,11,operational,96,0.4210526315789473
0.9640438127337726,0.0359561872662274,0.5210134246829305,0.4789865753170694,360.0,490.0,False,3760.0,0.0,0.9999999999999992,00,operational,97,0.175438596491228
0.9640438127337726,0.0359561872662274,0.5210134246829305,0.4789865753170694,360.0,490.0,False,3760.0,0.0,0.9999999999999992,01,operational,97,0.175438596491228
0.94972916211738,0.0502708378826201,0.7738023208962524,0.2261976791037475,360.0,490.0,False,3760.0,0.0,0.9999999999999992,10,operational,97,0.175438596491228
0.94972916211738,0.0502708378826201,0.7738023208962524,0.2261976791037475,360.0,490.0,False,3760.0,0.0,0.9999999999999992,11,operational,97,0.175438596491228
0.7267039012350778,0.2732960987649222,0.8633657544703999,0.1366342455296001,360.0,2070.0,False,3760.0,0.0,0.9999999999999992,00,operational,98,0.4561403508771929
0.7218952067379071,0.2781047932620929,0.8633657544703999,0.1366342455296001,360.0,2120.0,False,3760.0,0.0,0.9999999999999992,01,operational,98,0.4561403508771929
0.7025161715476952,0.2974838284523048,0.9271410389494764,0.0728589610505236,360.0,2070.0,False,3760.0,0.0,0.9999999999999992,10,operational,98,0.4561403508771929
0.6963418911957638,0.3036581088042361,0.9271410389494764,0.0728589610505236,360.0,2120.0,False,3760.0,0.0,0.9999999999999992,11,operational,98,0.4561403508771929
0.9106204676071776,0.0893795323928224,0.5181080047447537,0.4818919952552463,360.0,1050.0,False,3760.0,0.0,0.9999999999999992,00,operational,99,0.4385964912280701
0.9067042850210328,0.0932957149789671,0.5181080047447537,0.4818919952552463,360.0,1090.0,False,3760.0,0.0,0.9999999999999992,01,operational,99,0.4385964912280701
0.9052415872735864,0.0947584127264135,0.5203654773529196,0.4796345226470804,360.0,1050.0,False,3760.0,0.0,0.9999999999999992,10,operational,99,0.4385964912280701
0.9006046445096132,0.0993953554903868,0.5203654773529196,0.4796345226470804,360.0,1090.0,False,3760.0,0.0,0.9999999999999992,11,operational,99,0.4385964912280701
0.8756562567124018,0.1243437432875982,0.5317255645809629,0.4682744354190372,360.0,1350.0,False,3760.0,0.0,0.9999999999999992,00,operational,100,0.3859649122807017
0.875636136230474,0.124363863769526,0.5317255645809629,0.4682744354190372,360.0,1350.0,False,3760.0,0.0,0.9999999999999992,01,operational,100,0.3859649122807017
0.857223134768586,0.1427768652314139,0.5656662958289463,0.4343337041710536,360.0,1350.0,False,3760.0,0.0,0.9999999999999992,10,operational,100,0.3859649122807017
0.8571206972924547,0.1428793027075453,0.5656662958289463,0.4343337041710536,360.0,1360.0,False,3760.0,0.0,0.9999999999999992,11,operational,100,0.3859649122807017
0.8649185848936538,0.1350814151063462,0.549417953193716,0.450582046806284,360.0,1430.0,False,3760.0,0.0,0.9999999999999992,00,operational,101,0.4912280701754385
0.8625060354376851,0.1374939645623148,0.549417953193716,0.450582046806284,360.0,1450.0,False,3760.0,0.0,0.9999999999999992,01,operational,101,0.4912280701754385
0.8528077261053759,0.147192273894624,0.568168516665575,0.431831483334425,360.0,1430.0,False,3760.0,0.0,0.9999999999999992,10,operational,101,0.4912280701754385
0.8494995600612253,0.1505004399387747,0.568168516665575,0.431831483334425,360.0,1460.0,False,3760.0,0.0,0.9999999999999992,11,operational,101,0.4912280701754385
0.848687475955463,0.151312524044537,0.5738163715989256,0.4261836284010744,360.0,1500.0,False,3760.0,0.0,0.9999999999999992,00,operational,102,0.4561403508771929
0.8446538158751369,0.1553461841248631,0.5738163715989256,0.4261836284010744,360.0,1540.0,False,3760.0,0.0,0.9999999999999992,01,operational,102,0.4561403508771929
0.8381930092053992,0.1618069907946008,0.5854491487900191,0.4145508512099809,360.0,1500.0,False,3760.0,0.0,0.9999999999999992,10,operational,102,0.4561403508771929
0.833202611383099,0.1667973886169009,0.5854491487900191,0.4145508512099809,360.0,1540.0,False,3760.0,0.0,0.9999999999999992,11,operational,102,0.4561403508771929
0.902822466753004,0.097177533246996,0.4962129041742985,0.5037870958257015,360.0,1140.0,False,3760.0,0.0,0.9999999999999992,00,operational,103,0.4210526315789473
0.90142259894722,0.0985774010527799,0.4962129041742985,0.5037870958257015,360.0,1160.0,False,3760.0,0.0,0.9999999999999992,01,operational,103,0.4210526315789473
0.8937155126001449,0.106284487399855,0.5286762675959669,0.4713237324040332,360.0,1140.0,False,3760.0,0.0,0.9999999999999992,10,operational,103,0.4210526315789473
0.8918083319275544,0.1081916680724456,0.5286762675959669,0.4713237324040332,360.0,1160.0,False,3760.0,0.0,0.9999999999999992,11,operational,103,0.4210526315789473
0.8337748861252223,0.1662251138747776,0.5601607891213138,0.4398392108786861,360.0,1680.0,False,3760.0,0.0,0.9999999999999992,00,operational,104,0.4912280701754385
0.8226158032902862,0.1773841967097138,0.5601607891213138,0.4398392108786861,360.0,1780.0,False,3760.0,0.0,0.9999999999999992,01,operational,104,0.4912280701754385
0.8225822239711784,0.1774177760288215,0.5700954879128897,0.4299045120871103,360.0,1690.0,False,3760.0,0.0,0.9999999999999992,10,operational,104,0.4912280701754385
0.8101295313011921,0.1898704686988078,0.5700954879128897,0.4299045120871103,360.0,1790.0,False,3760.0,0.0,0.9999999999999992,11,operational,104,0.4912280701754385
0.8751167578658267,0.1248832421341733,0.586112822587953,0.4138871774120469,360.0,1340.0,False,3760.0,0.0,0.9999999999999992,00,operational,105,0.4561403508771929
0.8634968201989099,0.13650317980109,0.586112822587953,0.4138871774120469,360.0,1440.0,False,3760.0,0.0,0.9999999999999992,01,operational,105,0.4561403508771929
0.8672837119812445,0.1327162880187554,0.5905704710980788,0.4094295289019212,360.0,1340.0,False,3760.0,0.0,0.9999999999999992,10,operational,105,0.4561403508771929
0.8545683695460935,0.1454316304539065,0.5905704710980788,0.4094295289019212,360.0,1440.0,False,3760.0,0.0,0.9999999999999992,11,operational,105,0.4561403508771929
0.918617114309624,0.081382885690376,0.4466424431005127,0.5533575568994873,360.0,1050.0,False,3760.0,0.0,0.9999999999999992,00,operational,106,0.3859649122807017
0.9141177497088516,0.0858822502911482,0.4466424431005127,0.5533575568994873,360.0,1100.0,False,3760.0,0.0,0.9999999999999992,01,operational,106,0.3859649122807017
0.9093493971019664,0.0906506028980335,0.4618373094081643,0.5381626905918356,360.0,1050.0,False,3760.0,0.0,0.9999999999999992,10,operational,106,0.3859649122807017
0.9040985253580176,0.0959014746419822,0.4618373094081643,0.5381626905918356,360.0,1100.0,False,3760.0,0.0,0.9999999999999992,11,operational,106,0.3859649122807017
0.894210024683549,0.1057899753164509,0.6127601152928295,0.3872398847071705,360.0,1110.0,False,3760.0,0.0,0.9999999999999992,00,operational,107,0.3508771929824561
0.8854083536682195,0.1145916463317805,0.6127601152928295,0.3872398847071705,360.0,1190.0,False,3760.0,0.0,0.9999999999999992,01,operational,107,0.3508771929824561
0.8853752957728646,0.1146247042271354,0.6668290626873865,0.3331709373126134,360.0,1110.0,False,3760.0,0.0,0.9999999999999992,10,operational,107,0.3508771929824561
0.8756635817018651,0.1243364182981349,0.6668290626873865,0.3331709373126134,360.0,1190.0,False,3760.0,0.0,0.9999999999999992,11,operational,107,0.3508771929824561
0.7961441436026017,0.2038558563973983,0.5865574821285834,0.4134425178714166,360.0,1950.0,False,3760.0,0.0,0.9999999999999992,00,operational,108,0.5087719298245614
0.7693829437055422,0.2306170562944578,0.5865574821285834,0.4134425178714166,360.0,2160.0,False,3760.0,0.0,0.9999999999999992,01,operational,108,0.5087719298245614
0.7769946670551954,0.2230053329448046,0.6020310363572472,0.3979689636427528,360.0,1950.0,False,3760.0,0.0,0.9999999999999992,10,operational,108,0.5087719298245614
0.7473799978760661,0.2526200021239339,0.6020310363572472,0.3979689636427528,360.0,2170.0,False,3760.0,0.0,0.9999999999999992,11,operational,108,0.5087719298245614
0.810519887205613,0.189480112794387,0.8693021148773403,0.1306978851226597,360.0,1600.0,False,3760.0,0.0,0.9999999999999992,00,operational,109,0.4210526315789473
0.8035877593831335,0.1964122406168664,0.8693021148773403,0.1306978851226597,360.0,1640.0,False,3760.0,0.0,0.9999999999999992,01,operational,109,0.4210526315789473
0.7901668631978055,0.2098331368021945,0.9470076096693428,0.0529923903306573,360.0,1600.0,False,3760.0,0.0,0.9999999999999992,10,operational,109,0.4210526315789473
0.7818629563252122,0.2181370436747878,0.9470076096693428,0.0529923903306573,360.0,1650.0,False,3760.0,0.0,0.9999999999999992,11,operational,109,0.4210526315789473
0.8150437823424872,0.1849562176575128,0.6179165420636967,0.3820834579363033,360.0,1750.0,False,3760.0,0.0,0.9999999999999992,00,operational,110,0.4210526315789473
0.8109982087734797,0.1890017912265202,0.6179165420636967,0.3820834579363033,360.0,1780.0,False,3760.0,0.0,0.9999999999999992,01,operational,110,0.4210526315789473
0.8019388449064329,0.1980611550935671,0.6187247446674189,0.3812752553325811,360.0,1750.0,False,3760.0,0.0,0.9999999999999992,10,operational,110,0.4210526315789473
0.7975048757206786,0.2024951242793213,0.6187247446674189,0.3812752553325811,360.0,1790.0,False,3760.0,0.0,0.9999999999999992,11,operational,110,0.4210526315789473
0.8715078033940833,0.1284921966059167,0.6217048806401262,0.3782951193598738,360.0,1370.0,False,3760.0,0.0,0.9999999999999992,00,operational,111,0.4561403508771929
0.864280907431443,0.1357190925685569,0.6217048806401262,0.3782951193598738,360.0,1450.0,False,3760.0,0.0,0.9999999999999992,01,operational,111,0.4561403508771929
0.8543207698891042,0.1456792301108957,0.6783203659327752,0.3216796340672247,360.0,1370.0,False,3760.0,0.0,0.9999999999999992,10,operational,111,0.4561403508771929
0.8461786920650333,0.1538213079349667,0.6783203659327752,0.3216796340672247,360.0,1450.0,False,3760.0,0.0,0.9999999999999992,11,operational,111,0.4561403508771929
0.9302236013837724,0.0697763986162276,0.4268289648881777,0.5731710351118223,360.0,920.0,False,3760.0,0.0,0.9999999999999992,00,operational,112,0.3157894736842105
0.9282766646348968,0.0717233353651031,0.4268289648881777,0.5731710351118223,360.0,950.0,False,3760.0,0.0,0.9999999999999992,01,operational,112,0.3157894736842105
0.9219559509210205,0.0780440490789795,0.4583417695985688,0.5416582304014311,360.0,930.0,False,3760.0,0.0,0.9999999999999992,10,operational,112,0.3157894736842105
0.9197219458830104,0.0802780541169897,0.4583417695985688,0.5416582304014311,360.0,950.0,False,3760.0,0.0,0.9999999999999992,11,operational,112,0.3157894736842105
0.7725694949174422,0.2274305050825578,0.7567917662528054,0.2432082337471945,360.0,2000.0,False,3760.0,0.0,0.9999999999999992,00,operational,113,0.5087719298245614
0.759150784587607,0.240849215412393,0.7567917662528054,0.2432082337471945,360.0,2120.0,False,3760.0,0.0,0.9999999999999992,01,operational,113,0.5087719298245614
0.7550038239434619,0.2449961760565381,0.7943241125182854,0.2056758874817146,360.0,2000.0,False,3760.0,0.0,0.9999999999999992,10,operational,113,0.5087719298245614
0.739330842886908,0.260669157113092,0.7943241125182854,0.2056758874817146,360.0,2120.0,False,3760.0,0.0,0.9999999999999992,11,operational,113,0.5087719298245614
0.9278838178865452,0.0721161821134549,0.4076047252990394,0.5923952747009605,360.0,960.0,False,3760.0,0.0,0.9999999999999992,00,operational,114,0.3333333333333333
0.925678519025412,0.074321480974588,0.4076047252990394,0.5923952747009605,360.0,990.0,False,3760.0,0.0,0.9999999999999992,01,operational,114,0.3333333333333333
0.9206375887745282,0.0793624112254718,0.4383214829410126,0.5616785170589874,360.0,960.0,False,3760.0,0.0,0.9999999999999992,10,operational,114,0.3333333333333333
0.9178534872648116,0.0821465127351884,0.4383214829410126,0.5616785170589874,360.0,1000.0,False,3760.0,0.0,0.9999999999999992,11,operational,114,0.3333333333333333
0.9322939065164162,0.0677060934835838,0.6071043457162156,0.3928956542837843,360.0,800.0,False,3760.0,0.0,0.9999999999999992,00,operational,115,0.3157894736842105
0.9321724286047696,0.0678275713952305,0.6071043457162156,0.3928956542837843,360.0,810.0,False,3760.0,0.0,0.9999999999999992,01,operational,115,0.3157894736842105
0.9242704470635806,0.0757295529364193,0.6715048819244294,0.3284951180755707,360.0,810.0,False,3760.0,0.0,0.9999999999999992,10,operational,115,0.3157894736842105
0.923978307446289,0.076021692553711,0.6715048819244294,0.3284951180755707,360.0,810.0,False,3760.0,0.0,0.9999999999999992,11,operational,115,0.3157894736842105
0.9432059258399436,0.0567940741600563,0.6202194626751689,0.379780537324831,360.0,650.0,False,3760.0,0.0,0.9999999999999992,00,operational,116,0.2105263157894736
0.9424502011109605,0.0575497988890396,0.6202194626751689,0.379780537324831,360.0,660.0,False,3760.0,0.0,0.9999999999999992,01,operational,116,0.2105263157894736
0.9330200356155558,0.0669799643844442,0.7649378229360633,0.2350621770639366,360.0,650.0,False,3760.0,0.0,0.9999999999999992,10,operational,116,0.2105263157894736
0.9319297959250572,0.0680702040749429,0.7649378229360633,0.2350621770639366,360.0,670.0,False,3760.0,0.0,0.9999999999999992,11,operational,116,0.2105263157894736
0.9313009986538212,0.0686990013461787,0.4319205273456608,0.5680794726543392,360.0,940.0,False,3760.0,0.0,0.9999999999999992,00,operational,117,0.3333333333333333
0.931200285436182,0.068799714563818,0.4319205273456608,0.5680794726543392,360.0,950.0,False,3760.0,0.0,0.9999999999999992,01,operational,117,0.3333333333333333
0.9220206986210026,0.0779793013789974,0.4716608719132027,0.5283391280867973,360.0,940.0,False,3760.0,0.0,0.9999999999999992,10,operational,117,0.3333333333333333
0.92171722845375,0.07828277154625,0.4716608719132027,0.5283391280867973,360.0,950.0,False,3760.0,0.0,0.9999999999999992,11,operational,117,0.3333333333333333
0.926320859594198,0.0736791404058021,0.423304677736108,0.576695322263892,360.0,970.0,False,3760.0,0.0,0.9999999999999992,00,operational,118,0.3859649122807017
0.9196317995284482,0.0803682004715518,0.423304677736108,0.576695322263892,360.0,1040.0,False,3760.0,0.0,0.9999999999999992,01,operational,118,0.3859649122807017
0.9216003747260564,0.0783996252739437,0.4456892950790946,0.5543107049209054,360.0,970.0,False,3760.0,0.0,0.9999999999999992,10,operational,118,0.3859649122807017
0.9143851291332706,0.0856148708667293,0.4456892950790946,0.5543107049209054,360.0,1040.0,False,3760.0,0.0,0.9999999999999992,11,operational,118,0.3859649122807017
0.9053588604639512,0.0946411395360486,0.4818172543402697,0.5181827456597303,360.0,1060.0,False,3760.0,0.0,0.9999999999999992,00,operational,119,0.3157894736842105
0.9053588604639512,0.0946411395360486,0.4818172543402697,0.5181827456597303,360.0,1060.0,False,3760.0,0.0,0.9999999999999992,01,operational,119,0.3157894736842105
0.8988235027694488,0.1011764972305512,0.49746922724989,0.5025307727501099,360.0,1060.0,False,3760.0,0.0,0.9999999999999992,10,operational,119,0.3157894736842105
0.8988235027694488,0.1011764972305512,0.49746922724989,0.5025307727501099,360.0,1060.0,False,3760.0,0.0,0.9999999999999992,11,operational,119,0.3157894736842105
0.8512407203608555,0.1487592796391444,0.7243442082804799,0.2756557917195201,280.0,1440.0,False,3760.0,0.0,0.9999999999999992,00,operational,120,0.4385964912280701
0.8419380001765183,0.1580619998234816,0.7243442082804799,0.2756557917195201,280.0,1530.0,False,3760.0,0.0,0.9999999999999992,01,operational,120,0.4385964912280701
0.830596654069288,0.169403345930712,0.815592442522339,0.184407557477661,280.0,1440.0,False,3760.0,0.0,0.9999999999999992,10,operational,120,0.4385964912280701
0.8196403729175477,0.1803596270824523,0.815592442522339,0.184407557477661,280.0,1530.0,False,3760.0,0.0,0.9999999999999992,11,operational,120,0.4385964912280701
0.8997624791479826,0.1002375208520174,0.7300626216492182,0.2699373783507818,360.0,1070.0,False,3760.0,0.0,0.9999999999999992,00,operational,121,0.3508771929824561
0.8987569764881144,0.1012430235118856,0.7300626216492182,0.2699373783507818,360.0,1080.0,False,3760.0,0.0,0.9999999999999992,01,operational,121,0.3508771929824561
0.8817497321995295,0.1182502678004705,0.8170988675709676,0.1829011324290324,360.0,1070.0,False,3760.0,0.0,0.9999999999999992,10,operational,121,0.3508771929824561
0.8803437955675404,0.1196562044324596,0.8170988675709676,0.1829011324290324,360.0,1090.0,False,3760.0,0.0,0.9999999999999992,11,operational,121,0.3508771929824561
0.9474646411608888,0.0525353588391112,0.4102530567132045,0.5897469432867954,360.0,770.0,False,3760.0,0.0,0.9999999999999992,00,operational,122,0.3157894736842105
0.9471792913822972,0.0528207086177028,0.4102530567132045,0.5897469432867954,360.0,770.0,False,3760.0,0.0,0.9999999999999992,01,operational,122,0.3157894736842105
0.9422417352375134,0.0577582647624865,0.4253766212713111,0.5746233787286888,360.0,770.0,False,3760.0,0.0,0.9999999999999992,10,operational,122,0.3157894736842105
0.9417783116812216,0.0582216883187782,0.4253766212713111,0.5746233787286888,360.0,780.0,False,3760.0,0.0,0.9999999999999992,11,operational,122,0.3157894736842105
0.6957590741367254,0.3042409258632745,0.8005117978387599,0.19948820216124,360.0,2280.0,False,3760.0,0.0,0.9999999999999992,00,operational,123,0.543859649122807
0.6548668760682324,0.3451331239317676,0.8005117978387599,0.19948820216124,360.0,2490.0,False,3760.0,0.0,0.9999999999999992,01,operational,123,0.543859649122807
0.6725384256005161,0.3274615743994838,0.8215193345400345,0.1784806654599655,360.0,2280.0,False,3760.0,0.0,0.9999999999999992,10,operational,123,0.543859649122807
0.6284026838727419,0.3715973161272581,0.8215193345400345,0.1784806654599655,360.0,2490.0,False,3760.0,0.0,0.9999999999999992,11,operational,123,0.543859649122807
0.9490149776495024,0.0509850223504976,0.4171608506840104,0.5828391493159896,360.0,690.0,False,3760.0,0.0,0.9999999999999992,00,operational,124,0.2807017543859649
0.948975941504924,0.0510240584950758,0.4171608506840104,0.5828391493159896,360.0,690.0,False,3760.0,0.0,0.9999999999999992,01,operational,124,0.2807017543859649
0.9445043930385691,0.0554956069614307,0.4367378439045946,0.5632621560954054,360.0,690.0,False,3760.0,0.0,0.9999999999999992,10,operational,124,0.2807017543859649
0.9444005621037744,0.0555994378962254,0.4367378439045946,0.5632621560954054,360.0,700.0,False,3760.0,0.0,0.9999999999999992,11,operational,124,0.2807017543859649
0.9887602152139404,0.0112397847860595,0.1571356170254542,0.8428643829745458,360.0,370.0,False,3760.0,0.0,0.9999999999999992,00,operational,125,0.1929824561403508
0.9882563449945448,0.0117436550054551,0.1571356170254542,0.8428643829745458,360.0,390.0,False,3760.0,0.0,0.9999999999999992,01,operational,125,0.1929824561403508
0.984830198669308,0.015169801330692,0.2342143773926888,0.7657856226073112,360.0,370.0,False,3760.0,0.0,0.9999999999999992,10,operational,125,0.1929824561403508
0.9840249944332012,0.0159750055667988,0.2342143773926888,0.7657856226073112,360.0,390.0,False,3760.0,0.0,0.9999999999999992,11,operational,125,0.1929824561403508
0.8855281059014657,0.1144718940985343,0.5278271909665061,0.4721728090334939,360.0,1210.0,False,3760.0,0.0,0.9999999999999992,00,operational,126,0.3684210526315789
0.8814519094779943,0.1185480905220056,0.5278271909665061,0.4721728090334939,360.0,1260.0,False,3760.0,0.0,0.9999999999999992,01,operational,126,0.3684210526315789
0.8741141434726093,0.1258858565273907,0.5394118016699935,0.4605881983300065,360.0,1210.0,False,3760.0,0.0,0.9999999999999992,10,operational,126,0.3684210526315789
0.8693581931576578,0.1306418068423421,0.5394118016699935,0.4605881983300065,360.0,1260.0,False,3760.0,0.0,0.9999999999999992,11,operational,126,0.3684210526315789
0.9420004087059168,0.0579995912940831,0.4211882032617817,0.5788117967382183,360.0,800.0,False,3760.0,0.0,0.9999999999999992,00,operational,127,0.3333333333333333
0.9411387405569652,0.0588612594430348,0.4211882032617817,0.5788117967382183,360.0,810.0,False,3760.0,0.0,0.9999999999999992,01,operational,127,0.3333333333333333
0.9379482958635595,0.0620517041364403,0.4380678514127677,0.5619321485872323,360.0,800.0,False,3760.0,0.0,0.9999999999999992,10,operational,127,0.3333333333333333
0.9369306890775037,0.0630693109224963,0.4380678514127677,0.5619321485872323,360.0,810.0,False,3760.0,0.0,0.9999999999999992,11,operational,127,0.3333333333333333
0.8964852652449874,0.1035147347550126,0.4943217539179453,0.5056782460820547,360.0,1250.0,False,3760.0,0.0,0.9999999999999992,00,operational,128,0.4912280701754385
0.877822278907221,0.122177721092779,0.4943217539179453,0.5056782460820547,360.0,1430.0,False,3760.0,0.0,0.9999999999999992,01,operational,128,0.4912280701754385
0.8857368894130074,0.1142631105869925,0.5177528278646113,0.4822471721353886,360.0,1250.0,False,3760.0,0.0,0.9999999999999992,10,operational,128,0.4912280701754385
0.8653658625227725,0.1346341374772275,0.5177528278646113,0.4822471721353886,360.0,1430.0,False,3760.0,0.0,0.9999999999999992,11,operational,128,0.4912280701754385
0.8602339228356841,0.1397660771643158,0.7342616333833365,0.2657383666166635,360.0,1340.0,False,3760.0,0.0,0.9999999999999992,00,operational,129,0.3684210526315789
0.8559738986012149,0.1440261013987851,0.7342616333833365,0.2657383666166635,360.0,1380.0,False,3760.0,0.0,0.9999999999999992,01,operational,129,0.3684210526315789
0.8508219024907412,0.1491780975092588,0.776206034067198,0.223793965932802,360.0,1340.0,False,3760.0,0.0,0.9999999999999992,10,operational,129,0.3684210526315789
0.8457805712982661,0.1542194287017338,0.776206034067198,0.223793965932802,360.0,1390.0,False,3760.0,0.0,0.9999999999999992,11,operational,129,0.3684210526315789
0.8579070286108221,0.1420929713891778,0.6537556782946037,0.3462443217053964,360.0,1400.0,False,3760.0,0.0,0.9999999999999992,00,operational,130,0.4035087719298245
0.8505271675330628,0.1494728324669372,0.6537556782946037,0.3462443217053964,360.0,1460.0,False,3760.0,0.0,0.9999999999999992,01,operational,130,0.4035087719298245
0.8445204380857333,0.1554795619142667,0.6965977886561021,0.3034022113438979,360.0,1400.0,False,3760.0,0.0,0.9999999999999992,10,operational,130,0.4035087719298245
0.8358332321722678,0.1641667678277322,0.6965977886561021,0.3034022113438979,360.0,1470.0,False,3760.0,0.0,0.9999999999999992,11,operational,130,0.4035087719298245
0.8564919434771412,0.1435080565228588,0.6326526403460961,0.3673473596539038,360.0,1520.0,False,3760.0,0.0,0.9999999999999992,00,operational,131,0.5263157894736842
0.8561407254603908,0.1438592745396092,0.6326526403460961,0.3673473596539038,360.0,1520.0,False,3760.0,0.0,0.9999999999999992,01,operational,131,0.5263157894736842
0.840522135119554,0.159477864880446,0.704498627649081,0.295501372350919,360.0,1520.0,False,3760.0,0.0,0.9999999999999992,10,operational,131,0.5263157894736842
0.839691845190199,0.1603081548098009,0.704498627649081,0.295501372350919,360.0,1530.0,False,3760.0,0.0,0.9999999999999992,11,operational,131,0.5263157894736842
0.9618349102782908,0.0381650897217091,0.4101732166992655,0.5898267833007345,360.0,580.0,False,3760.0,0.0,0.9999999999999992,00,operational,132,0.2631578947368421
0.961786662429754,0.038213337570246,0.4101732166992655,0.5898267833007345,360.0,580.0,False,3760.0,0.0,0.9999999999999992,01,operational,132,0.2631578947368421
0.9609742535816156,0.0390257464183845,0.416100358986414,0.5838996410135859,360.0,580.0,False,3760.0,0.0,0.9999999999999992,10,operational,132,0.2631578947368421
0.960889251848822,0.0391107481511779,0.416100358986414,0.5838996410135859,360.0,590.0,False,3760.0,0.0,0.9999999999999992,11,operational,132,0.2631578947368421
0.9003724079053184,0.0996275920946816,0.4885031439672006,0.5114968560327994,360.0,1150.0,False,3760.0,0.0,0.9999999999999992,00,operational,133,0.3333333333333333
0.8824158865183315,0.1175841134816685,0.4885031439672006,0.5114968560327994,360.0,1320.0,False,3760.0,0.0,0.9999999999999992,01,operational,133,0.3333333333333333
0.8959808770463193,0.1040191229536806,0.4967378318120682,0.5032621681879318,360.0,1150.0,False,3760.0,0.0,0.9999999999999992,10,operational,133,0.3333333333333333
0.877305865765032,0.122694134234968,0.4967378318120682,0.5032621681879318,360.0,1320.0,False,3760.0,0.0,0.9999999999999992,11,operational,133,0.3333333333333333
0.9488706394582362,0.0511293605417637,0.7409604010519977,0.2590395989480022,360.0,670.0,False,3760.0,0.0,0.9999999999999992,00,operational,134,0.2631578947368421
0.947246647886963,0.052753352113037,0.7409604010519977,0.2590395989480022,360.0,700.0,False,3760.0,0.0,0.9999999999999992,01,operational,134,0.2631578947368421
0.9376899641521944,0.0623100358478057,0.9509701002695824,0.0490298997304175,360.0,670.0,False,3760.0,0.0,0.9999999999999992,10,operational,134,0.2631578947368421
0.93554404124838,0.0644559587516201,0.9509701002695824,0.0490298997304175,360.0,700.0,False,3760.0,0.0,0.9999999999999992,11,operational,134,0.2631578947368421
0.9313425545991336,0.0686574454008664,0.426522936292766,0.573477063707234,360.0,920.0,False,3760.0,0.0,0.9999999999999992,00,operational,135,0.3508771929824561
0.931289973749419,0.0687100262505809,0.426522936292766,0.573477063707234,360.0,920.0,False,3760.0,0.0,0.9999999999999992,01,operational,135,0.3508771929824561
0.9246868946133828,0.0753131053866172,0.4498226569305099,0.5501773430694901,360.0,920.0,False,3760.0,0.0,0.9999999999999992,10,operational,135,0.3508771929824561
0.9245806609473938,0.0754193390526062,0.4498226569305099,0.5501773430694901,360.0,920.0,False,3760.0,0.0,0.9999999999999992,11,operational,135,0.3508771929824561
0.8792316780955225,0.1207683219044775,0.7413620307311475,0.2586379692688524,360.0,1160.0,False,3760.0,0.0,0.9999999999999992,00,operational,136,0.3333333333333333
0.8791869230754421,0.1208130769245579,0.7413620307311475,0.2586379692688524,360.0,1160.0,False,3760.0,0.0,0.9999999999999992,01,operational,136,0.3333333333333333
0.8675925334208755,0.1324074665791245,0.80502119899993,0.19497880100007,360.0,1180.0,False,3760.0,0.0,0.9999999999999992,10,operational,136,0.3333333333333333
0.8675385336119669,0.1324614663880331,0.80502119899993,0.19497880100007,360.0,1180.0,False,3760.0,0.0,0.9999999999999992,11,operational,136,0.3333333333333333
0.9385697846527952,0.0614302153472049,0.4516418198597588,0.5483581801402412,360.0,760.0,False,3760.0,0.0,0.9999999999999992,00,operational,137,0.2807017543859649
0.9384198722663788,0.061580127733621,0.4516418198597588,0.5483581801402412,360.0,760.0,False,3760.0,0.0,0.9999999999999992,01,operational,137,0.2807017543859649
0.9376580322420704,0.0623419677579296,0.4516518705806313,0.5483481294193687,360.0,760.0,False,3760.0,0.0,0.9999999999999992,10,operational,137,0.2807017543859649
0.9373407434846756,0.0626592565153244,0.4516518705806313,0.5483481294193687,360.0,760.0,False,3760.0,0.0,0.9999999999999992,11,operational,137,0.2807017543859649
0.9500690389688384,0.0499309610311615,0.3995651646328209,0.6004348353671791,360.0,710.0,False,3760.0,0.0,0.9999999999999992,00,operational,138,0.2982456140350877
0.9499024186590276,0.0500975813409723,0.3995651646328209,0.6004348353671791,360.0,710.0,False,3760.0,0.0,0.9999999999999992,01,operational,138,0.2982456140350877
0.9439286510605696,0.0560713489394304,0.4279887512453418,0.5720112487546581,360.0,710.0,False,3760.0,0.0,0.9999999999999992,10,operational,138,0.2982456140350877
0.943619848561234,0.0563801514387659,0.4279887512453418,0.5720112487546581,360.0,710.0,False,3760.0,0.0,0.9999999999999992,11,operational,138,0.2982456140350877
0.9655913147698822,0.0344086852301177,0.3524159467130293,0.6475840532869707,360.0,560.0,False,3760.0,0.0,0.9999999999999992,00,operational,139,0.2631578947368421
0.9655652760266742,0.0344347239733258,0.3524159467130293,0.6475840532869707,360.0,560.0,False,3760.0,0.0,0.9999999999999992,01,operational,139,0.2631578947368421
0.9623888541596832,0.0376111458403168,0.3673158095206673,0.6326841904793327,360.0,560.0,False,3760.0,0.0,0.9999999999999992,10,operational,139,0.2631578947368421
0.9622682593988288,0.0377317406011711,0.3673158095206673,0.6326841904793327,360.0,560.0,False,3760.0,0.0,0.9999999999999992,11,operational,139,0.2631578947368421
0.8730175905044643,0.1269824094955357,0.481792554907143,0.518207445092857,360.0,1420.0,False,3760.0,0.0,0.9999999999999992,00,operational,140,0.3333333333333333
0.857015916227841,0.142984083772159,0.481792554907143,0.518207445092857,360.0,1570.0,False,3760.0,0.0,0.9999999999999992,01,operational,140,0.3333333333333333
0.8588033002012028,0.1411966997987972,0.502656004800295,0.4973439951997049,360.0,1430.0,False,3760.0,0.0,0.9999999999999992,10,operational,140,0.3333333333333333
0.8412495767486691,0.1587504232513309,0.502656004800295,0.4973439951997049,360.0,1570.0,False,3760.0,0.0,0.9999999999999992,11,operational,140,0.3333333333333333
0.9489959095361108,0.051004090463889,0.3911782884424872,0.6088217115575127,360.0,700.0,False,3760.0,0.0,0.9999999999999992,00,operational,141,0.2280701754385964
0.9488997167650268,0.0511002832349732,0.3911782884424872,0.6088217115575127,360.0,700.0,False,3760.0,0.0,0.9999999999999992,01,operational,141,0.2280701754385964
0.9419015730730896,0.0580984269269102,0.4217245498387801,0.5782754501612198,360.0,710.0,False,3760.0,0.0,0.9999999999999992,10,operational,141,0.2280701754385964
0.9416895030873148,0.0583104969126853,0.4217245498387801,0.5782754501612198,360.0,710.0,False,3760.0,0.0,0.9999999999999992,11,operational,141,0.2280701754385964
0.917649124564186,0.0823508754358141,0.4691095029592167,0.5308904970407833,360.0,1030.0,False,3760.0,0.0,0.9999999999999992,00,operational,142,0.3508771929824561
0.914885410929638,0.0851145890703619,0.4691095029592167,0.5308904970407833,360.0,1060.0,False,3760.0,0.0,0.9999999999999992,01,operational,142,0.3508771929824561
0.909785907619639,0.090214092380361,0.4960629674086937,0.5039370325913063,360.0,1030.0,False,3760.0,0.0,0.9999999999999992,10,operational,142,0.3508771929824561
0.9064417125876733,0.0935582874123268,0.4960629674086937,0.5039370325913063,360.0,1060.0,False,3760.0,0.0,0.9999999999999992,11,operational,142,0.3508771929824561
0.8023919343212729,0.1976080656787271,0.6295189413427895,0.3704810586572105,260.0,1840.0,False,3760.0,0.0,0.9999999999999992,00,operational,143,0.4561403508771929
0.7749725422865386,0.2250274577134614,0.6295189413427895,0.3704810586572105,260.0,2050.0,False,3760.0,0.0,0.9999999999999992,01,operational,143,0.4561403508771929
0.7916239001703469,0.2083760998296531,0.6963276942197437,0.3036723057802563,260.0,1850.0,False,3760.0,0.0,0.9999999999999992,10,operational,143,0.4561403508771929
0.7634643177748833,0.2365356822251166,0.6963276942197437,0.3036723057802563,260.0,2050.0,False,3760.0,0.0,0.9999999999999992,11,operational,143,0.4561403508771929
0.9555057849843052,0.0444942150156947,0.3695245767964482,0.6304754232035518,360.0,710.0,False,3760.0,0.0,0.9999999999999992,00,operational,144,0.2982456140350877
0.953136113634778,0.046863886365222,0.3695245767964482,0.6304754232035518,360.0,740.0,False,3760.0,0.0,0.9999999999999992,01,operational,144,0.2982456140350877
0.949956348996632,0.0500436510033679,0.3943267432119179,0.605673256788082,360.0,710.0,False,3760.0,0.0,0.9999999999999992,10,operational,144,0.2982456140350877
0.9471042500703102,0.0528957499296898,0.3943267432119179,0.605673256788082,360.0,750.0,False,3760.0,0.0,0.9999999999999992,11,operational,144,0.2982456140350877
0.9624911806246732,0.0375088193753267,0.3805394105310286,0.6194605894689714,360.0,570.0,False,3760.0,0.0,0.9999999999999992,00,operational,145,0.2280701754385964
0.9618092162922968,0.0381907837077033,0.3805394105310286,0.6194605894689714,360.0,580.0,False,3760.0,0.0,0.9999999999999992,01,operational,145,0.2280701754385964
0.9624911806246732,0.0375088193753267,0.3805394105310286,0.6194605894689714,360.0,570.0,False,3760.0,0.0,0.9999999999999992,10,operational,145,0.2280701754385964
0.9618092162922968,0.0381907837077033,0.3805394105310286,0.6194605894689714,360.0,580.0,False,3760.0,0.0,0.9999999999999992,11,operational,145,0.2280701754385964
0.9709163721683934,0.0290836278316065,0.3147825015592022,0.6852174984407978,360.0,510.0,False,3760.0,0.0,0.9999999999999992,00,operational,146,0.2105263157894736
0.9701193263854404,0.0298806736145594,0.3147825015592022,0.6852174984407978,360.0,520.0,False,3760.0,0.0,0.9999999999999992,01,operational,146,0.2105263157894736
0.965173597970649,0.0348264020293509,0.3856267684361686,0.6143732315638314,360.0,510.0,False,3760.0,0.0,0.9999999999999992,10,operational,146,0.2105263157894736
0.9641112628355138,0.0358887371644861,0.3856267684361686,0.6143732315638314,360.0,530.0,False,3760.0,0.0,0.9999999999999992,11,operational,146,0.2105263157894736
0.9500408492040934,0.0499591507959066,0.427119032174642,0.572880967825358,360.0,700.0,False,3760.0,0.0,0.9999999999999992,00,operational,147,0.3157894736842105
0.948892860276791,0.051107139723209,0.427119032174642,0.572880967825358,360.0,710.0,False,3760.0,0.0,0.9999999999999992,01,operational,147,0.3157894736842105
0.9451943564234256,0.0548056435765744,0.455157162488903,0.544842837511097,360.0,700.0,False,3760.0,0.0,0.9999999999999992,10,operational,147,0.3157894736842105
0.9436849214892564,0.0563150785107434,0.455157162488903,0.544842837511097,360.0,720.0,False,3760.0,0.0,0.9999999999999992,11,operational,147,0.3157894736842105
0.7862073560962113,0.2137926439037887,0.6392986004105684,0.3607013995894316,360.0,1950.0,False,3760.0,0.0,0.9999999999999992,00,operational,148,0.5087719298245614
0.7803114230120073,0.2196885769879927,0.6392986004105684,0.3607013995894316,360.0,1990.0,False,3760.0,0.0,0.9999999999999992,01,operational,148,0.5087719298245614
0.7711404631108899,0.2288595368891101,0.645718755153703,0.3542812448462969,360.0,1950.0,False,3760.0,0.0,0.9999999999999992,10,operational,148,0.5087719298245614
0.7641829223759298,0.2358170776240702,0.645718755153703,0.3542812448462969,360.0,2000.0,False,3760.0,0.0,0.9999999999999992,11,operational,148,0.5087719298245614
0.9055604268772558,0.0944395731227442,0.8511906690830502,0.1488093309169498,360.0,1070.0,False,3760.0,0.0,0.9999999999999992,00,operational,149,0.4035087719298245
0.903218782421652,0.0967812175783479,0.8511906690830502,0.1488093309169498,360.0,1100.0,False,3760.0,0.0,0.9999999999999992,01,operational,149,0.4035087719298245
0.8927653013333686,0.1072346986666313,0.9617424542736476,0.0382575457263522,360.0,1080.0,False,3760.0,0.0,0.9999999999999992,10,operational,149,0.4035087719298245
0.8898254815179412,0.1101745184820588,0.9617424542736476,0.0382575457263522,360.0,1100.0,False,3760.0,0.0,0.9999999999999992,11,operational,149,0.4035087719298245
0.9148070509062364,0.0851929490937636,0.5914317143281351,0.4085682856718648,360.0,970.0,False,3760.0,0.0,0.9999999999999992,00,operational,150,0.3508771929824561
0.9122177437334724,0.0877822562665275,0.5914317143281351,0.4085682856718648,360.0,1000.0,False,3760.0,0.0,0.9999999999999992,01,operational,150,0.3508771929824561
0.9039860177082096,0.0960139822917903,0.6806615141200465,0.3193384858799535,360.0,980.0,False,3760.0,0.0,0.9999999999999992,10,operational,150,0.3508771929824561
0.9007781222300988,0.0992218777699011,0.6806615141200465,0.3193384858799535,360.0,1000.0,False,3760.0,0.0,0.9999999999999992,11,operational,150,0.3508771929824561
0.9323161428046772,0.0676838571953226,0.4263686587335414,0.5736313412664585,360.0,880.0,False,3760.0,0.0,0.9999999999999992,00,operational,151,0.2982456140350877
0.9323161428046772,0.0676838571953226,0.4263686587335414,0.5736313412664585,360.0,880.0,False,3760.0,0.0,0.9999999999999992,01,operational,151,0.2982456140350877
0.92445891736782,0.0755410826321799,0.4465756420714775,0.5534243579285225,360.0,880.0,False,3760.0,0.0,0.9999999999999992,10,operational,151,0.2982456140350877
0.92445891736782,0.0755410826321799,0.4465756420714775,0.5534243579285225,360.0,880.0,False,3760.0,0.0,0.9999999999999992,11,operational,151,0.2982456140350877
0.9514029297248744,0.0485970702751255,0.3859432746160139,0.614056725383986,360.0,690.0,False,3760.0,0.0,0.9999999999999992,00,operational,152,0.2807017543859649
0.9512293613944098,0.0487706386055901,0.3859432746160139,0.614056725383986,360.0,690.0,False,3760.0,0.0,0.9999999999999992,01,operational,152,0.2807017543859649
0.9466073357694208,0.0533926642305792,0.4192287954717975,0.5807712045282025,360.0,690.0,False,3760.0,0.0,0.9999999999999992,10,operational,152,0.2807017543859649
0.946227211286271,0.053772788713729,0.4192287954717975,0.5807712045282025,360.0,700.0,False,3760.0,0.0,0.9999999999999992,11,operational,152,0.2807017543859649
0.9553155678735687,0.0446844321264312,0.3860422983234782,0.6139577016765217,360.0,680.0,False,3760.0,0.0,0.9999999999999992,00,operational,153,0.2807017543859649
0.953317986413421,0.0466820135865789,0.3860422983234782,0.6139577016765217,360.0,710.0,False,3760.0,0.0,0.9999999999999992,01,operational,153,0.2807017543859649
0.9517144569903484,0.0482855430096517,0.4037455271627617,0.5962544728372383,360.0,680.0,False,3760.0,0.0,0.9999999999999992,10,operational,153,0.2807017543859649
0.9492880086160876,0.0507119913839123,0.4037455271627617,0.5962544728372383,360.0,720.0,False,3760.0,0.0,0.9999999999999992,11,operational,153,0.2807017543859649
0.9532758996142142,0.0467241003857857,0.3708983092521229,0.629101690747877,360.0,780.0,False,3760.0,0.0,0.9999999999999992,00,operational,154,0.3508771929824561
0.9532758996142142,0.0467241003857857,0.3708983092521229,0.629101690747877,360.0,780.0,False,3760.0,0.0,0.9999999999999992,01,operational,154,0.3508771929824561
0.9434485877669292,0.0565514122330708,0.4207592073206235,0.5792407926793764,360.0,790.0,False,3760.0,0.0,0.9999999999999992,10,operational,154,0.3508771929824561
0.9434485877669292,0.0565514122330708,0.4207592073206235,0.5792407926793764,360.0,790.0,False,3760.0,0.0,0.9999999999999992,11,operational,154,0.3508771929824561
0.968187658798078,0.031812341201922,0.4099218048886877,0.5900781951113123,360.0,560.0,False,3760.0,0.0,0.9999999999999992,00,operational,155,0.1578947368421052
0.968187658798078,0.031812341201922,0.4099218048886877,0.5900781951113123,360.0,560.0,False,3760.0,0.0,0.9999999999999992,01,operational,155,0.1578947368421052
0.9528299813038648,0.0471700186961352,0.6239507129515856,0.3760492870484145,360.0,560.0,False,3760.0,0.0,0.9999999999999992,10,operational,155,0.1578947368421052
0.9528299813038648,0.0471700186961352,0.6239507129515856,0.3760492870484145,360.0,560.0,False,3760.0,0.0,0.9999999999999992,11,operational,155,0.1578947368421052
0.8529374827201311,0.1470625172798688,0.6376369038261525,0.3623630961738475,360.0,1460.0,False,3760.0,0.0,0.9999999999999992,00,operational,156,0.2982456140350877
0.8339562694265491,0.1660437305734509,0.6376369038261525,0.3623630961738475,360.0,1620.0,False,3760.0,0.0,0.9999999999999992,01,operational,156,0.2982456140350877
0.8363108914214568,0.1636891085785432,0.71937107245286,0.28062892754714,360.0,1460.0,False,3760.0,0.0,0.9999999999999992,10,operational,156,0.2982456140350877
0.8156037222143178,0.1843962777856822,0.71937107245286,0.28062892754714,360.0,1630.0,False,3760.0,0.0,0.9999999999999992,11,operational,156,0.2982456140350877
0.95398791619512,0.0460120838048798,0.3644787052576018,0.6355212947423982,360.0,680.0,False,3760.0,0.0,0.9999999999999992,00,operational,157,0.2456140350877192
0.9538166226824396,0.0461833773175603,0.3644787052576018,0.6355212947423982,360.0,680.0,False,3760.0,0.0,0.9999999999999992,01,operational,157,0.2456140350877192
0.9482493019208544,0.0517506980791456,0.4103590859235356,0.5896409140764644,360.0,680.0,False,3760.0,0.0,0.9999999999999992,10,operational,157,0.2456140350877192
0.9479884682629848,0.0520115317370151,0.4103590859235356,0.5896409140764644,360.0,690.0,False,3760.0,0.0,0.9999999999999992,11,operational,157,0.2456140350877192
0.9357913914032802,0.0642086085967198,0.6356376451549239,0.364362354845076,360.0,780.0,False,3760.0,0.0,0.9999999999999992,00,operational,158,0.2807017543859649
0.9357683391944448,0.0642316608055553,0.6356376451549239,0.364362354845076,360.0,780.0,False,3760.0,0.0,0.9999999999999992,01,operational,158,0.2807017543859649
0.9261437574011444,0.0738562425988555,0.7892940186294519,0.2107059813705481,360.0,780.0,False,3760.0,0.0,0.9999999999999992,10,operational,158,0.2807017543859649
0.9260147206640238,0.0739852793359762,0.7892940186294519,0.2107059813705481,360.0,790.0,False,3760.0,0.0,0.9999999999999992,11,operational,158,0.2807017543859649
0.9351018061843572,0.0648981938156427,0.4287988405424828,0.5712011594575171,360.0,910.0,False,3760.0,0.0,0.9999999999999992,00,operational,159,0.4385964912280701
0.9345842906589226,0.0654157093410774,0.4287988405424828,0.5712011594575171,360.0,920.0,False,3760.0,0.0,0.9999999999999992,01,operational,159,0.4385964912280701
0.9259657255555837,0.0740342744444164,0.4829021354035786,0.5170978645964214,360.0,910.0,False,3760.0,0.0,0.9999999999999992,10,operational,159,0.4385964912280701
0.9249115979305604,0.0750884020694394,0.4829021354035786,0.5170978645964214,360.0,920.0,False,3760.0,0.0,0.9999999999999992,11,operational,159,0.4385964912280701
0.8053348392076952,0.1946651607923047,0.7006717638875042,0.2993282361124958,360.0,1750.0,False,3760.0,0.0,0.9999999999999992,00,operational,160,0.4385964912280701
0.7900109305467694,0.2099890694532306,0.7006717638875042,0.2993282361124958,360.0,1880.0,False,3760.0,0.0,0.9999999999999992,01,operational,160,0.4385964912280701
0.7859984845278694,0.2140015154721306,0.7574703975595327,0.2425296024404673,360.0,1750.0,False,3760.0,0.0,0.9999999999999992,10,operational,160,0.4385964912280701
0.7682477252981318,0.2317522747018682,0.7574703975595327,0.2425296024404673,360.0,1880.0,False,3760.0,0.0,0.9999999999999992,11,operational,160,0.4385964912280701
0.8319089254369865,0.1680910745630135,0.6179838513106659,0.382016148689334,360.0,1640.0,False,3760.0,0.0,0.9999999999999992,00,operational,161,0.5263157894736842
0.820320004653405,0.1796799953465949,0.6179838513106659,0.382016148689334,360.0,1730.0,False,3760.0,0.0,0.9999999999999992,01,operational,161,0.5263157894736842
0.8184135871560282,0.1815864128439718,0.6344541691113399,0.36554583088866,360.0,1640.0,False,3760.0,0.0,0.9999999999999992,10,operational,161,0.5263157894736842
0.805053102875077,0.1949468971249229,0.6344541691113399,0.36554583088866,360.0,1740.0,False,3760.0,0.0,0.9999999999999992,11,operational,161,0.5263157894736842
0.9231485558979352,0.0768514441020649,0.4479638052983584,0.5520361947016416,360.0,1030.0,False,3760.0,0.0,0.9999999999999992,00,operational,162,0.3508771929824561
0.9216604704479908,0.0783395295520091,0.4479638052983584,0.5520361947016416,360.0,1050.0,False,3760.0,0.0,0.9999999999999992,01,operational,162,0.3508771929824561
0.9135781695372144,0.0864218304627855,0.4677708725102761,0.5322291274897238,360.0,1030.0,False,3760.0,0.0,0.9999999999999992,10,operational,162,0.3508771929824561
0.91171641256597,0.0882835874340299,0.4677708725102761,0.5322291274897238,360.0,1060.0,False,3760.0,0.0,0.9999999999999992,11,operational,162,0.3508771929824561
0.7096211387782432,0.2903788612217568,0.8966307321852447,0.1033692678147552,360.0,2290.0,False,3760.0,0.0,0.9999999999999992,00,operational,163,0.543859649122807
0.6823538827851905,0.3176461172148095,0.8966307321852447,0.1033692678147552,360.0,2460.0,False,3760.0,0.0,0.9999999999999992,01,operational,163,0.543859649122807
0.687049149985092,0.3129508500149079,0.9509733394702956,0.0490266605297045,360.0,2290.0,False,3760.0,0.0,0.9999999999999992,10,operational,163,0.543859649122807
0.6572757813728727,0.3427242186271273,0.9509733394702956,0.0490266605297045,360.0,2460.0,False,3760.0,0.0,0.9999999999999992,11,operational,163,0.543859649122807
0.9176211683026526,0.0823788316973473,0.4283979217198267,0.5716020782801733,360.0,1060.0,False,3760.0,0.0,0.9999999999999992,00,operational,164,0.3333333333333333
0.9138608879624666,0.0861391120375334,0.4283979217198267,0.5716020782801733,360.0,1110.0,False,3760.0,0.0,0.9999999999999992,01,operational,164,0.3333333333333333
0.9094965537629884,0.0905034462370114,0.4503594255035585,0.5496405744964414,360.0,1070.0,False,3760.0,0.0,0.9999999999999992,10,operational,164,0.3333333333333333
0.9052641020934216,0.0947358979065783,0.4503594255035585,0.5496405744964414,360.0,1110.0,False,3760.0,0.0,0.9999999999999992,11,operational,164,0.3333333333333333
0.8953209442546642,0.1046790557453357,0.863496042193229,0.1365039578067711,290.0,1160.0,False,3760.0,0.0,0.9999999999999992,00,operational,165,0.4035087719298245
0.8819037942823674,0.1180962057176325,0.863496042193229,0.1365039578067711,290.0,1270.0,False,3760.0,0.0,0.9999999999999992,01,operational,165,0.4035087719298245
0.8853016502484056,0.1146983497515944,0.8921223602762081,0.1078776397237919,290.0,1160.0,False,3760.0,0.0,0.9999999999999992,10,operational,165,0.4035087719298245
0.8699228124447782,0.1300771875552218,0.8921223602762081,0.1078776397237919,290.0,1270.0,False,3760.0,0.0,0.9999999999999992,11,operational,165,0.4035087719298245
0.7458703950901923,0.2541296049098077,0.9063203925809574,0.0936796074190425,360.0,1930.0,False,3760.0,0.0,0.9999999999999992,00,operational,166,0.4210526315789473
0.7228837051230526,0.2771162948769474,0.9063203925809574,0.0936796074190425,360.0,2110.0,False,3760.0,0.0,0.9999999999999992,01,operational,166,0.4210526315789473
0.7233339195645156,0.2766660804354843,0.9661775784213016,0.0338224215786983,360.0,1940.0,False,3760.0,0.0,0.9999999999999992,10,operational,166,0.4210526315789473
0.6976890531208103,0.3023109468791897,0.9661775784213016,0.0338224215786983,360.0,2120.0,False,3760.0,0.0,0.9999999999999992,11,operational,166,0.4210526315789473
0.8944271736653799,0.10557282633462,0.8561637133468875,0.1438362866531125,360.0,1090.0,False,3760.0,0.0,0.9999999999999992,00,operational,167,0.4210526315789473
0.8867355768602975,0.1132644231397025,0.8561637133468875,0.1438362866531125,360.0,1160.0,False,3760.0,0.0,0.9999999999999992,01,operational,167,0.4210526315789473
0.8787769392648943,0.1212230607351056,0.9685862108512288,0.0314137891487712,360.0,1090.0,False,3760.0,0.0,0.9999999999999992,10,operational,167,0.4210526315789473
0.8699715483709263,0.1300284516290737,0.9685862108512288,0.0314137891487712,360.0,1160.0,False,3760.0,0.0,0.9999999999999992,11,operational,167,0.4210526315789473
0.8931362323401708,0.1068637676598291,0.63252372060409,0.36747627939591,360.0,1190.0,False,3760.0,0.0,0.9999999999999992,00,operational,168,0.3684210526315789
0.872820877383933,0.127179122616067,0.63252372060409,0.36747627939591,360.0,1370.0,False,3760.0,0.0,0.9999999999999992,01,operational,168,0.3684210526315789
0.8802971042062924,0.1197028957937076,0.7128900703293337,0.2871099296706663,360.0,1200.0,False,3760.0,0.0,0.9999999999999992,10,operational,168,0.3684210526315789
0.8570637117936782,0.1429362882063217,0.7128900703293337,0.2871099296706663,360.0,1370.0,False,3760.0,0.0,0.9999999999999992,11,operational,168,0.3684210526315789
0.8474332171440242,0.1525667828559758,0.5293254909580976,0.4706745090419024,360.0,1600.0,False,3760.0,0.0,0.9999999999999992,00,operational,169,0.543859649122807
0.8448994410230773,0.1551005589769226,0.5293254909580976,0.4706745090419024,360.0,1620.0,False,3760.0,0.0,0.9999999999999992,01,operational,169,0.543859649122807
0.838815773805525,0.161184226194475,0.5400461504017822,0.4599538495982179,360.0,1600.0,False,3760.0,0.0,0.9999999999999992,10,operational,169,0.543859649122807
0.8355934613937575,0.1644065386062425,0.5400461504017822,0.4599538495982179,360.0,1630.0,False,3760.0,0.0,0.9999999999999992,11,operational,169,0.543859649122807
0.8926902788920664,0.1073097211079335,0.531777596085327,0.4682224039146729,360.0,1220.0,False,3760.0,0.0,0.9999999999999992,00,operational,170,0.4035087719298245
0.8865846488179934,0.1134153511820066,0.531777596085327,0.4682224039146729,360.0,1290.0,False,3760.0,0.0,0.9999999999999992,01,operational,170,0.4035087719298245
0.878562517646937,0.1214374823530629,0.5790930688176571,0.4209069311823429,360.0,1220.0,False,3760.0,0.0,0.9999999999999992,10,operational,170,0.4035087719298245
0.8703719741447117,0.1296280258552883,0.5790930688176571,0.4209069311823429,360.0,1300.0,False,3760.0,0.0,0.9999999999999992,11,operational,170,0.4035087719298245
0.8878023434470724,0.1121976565529275,0.5140688623737275,0.4859311376262725,360.0,1290.0,False,3760.0,0.0,0.9999999999999992,00,operational,171,0.5087719298245614
0.8876230252112717,0.1123769747887283,0.5140688623737275,0.4859311376262725,360.0,1300.0,False,3760.0,0.0,0.9999999999999992,01,operational,171,0.5087719298245614
0.87838408171229,0.12161591828771,0.5215320170908573,0.4784679829091426,360.0,1290.0,False,3760.0,0.0,0.9999999999999992,10,operational,171,0.5087719298245614
0.8779908448123049,0.122009155187695,0.5215320170908573,0.4784679829091426,360.0,1300.0,False,3760.0,0.0,0.9999999999999992,11,operational,171,0.5087719298245614
0.9456816125844504,0.0543183874155496,0.3559340519196038,0.6440659480803962,360.0,830.0,False,3760.0,0.0,0.9999999999999992,00,operational,172,0.2631578947368421
0.9411100308543784,0.0588899691456217,0.3559340519196038,0.6440659480803962,360.0,890.0,False,3760.0,0.0,0.9999999999999992,01,operational,172,0.2631578947368421
0.9418977105862036,0.0581022894137963,0.3798520947159149,0.620147905284085,360.0,830.0,False,3760.0,0.0,0.9999999999999992,10,operational,172,0.2631578947368421
0.936764089291151,0.063235910708849,0.3798520947159149,0.620147905284085,360.0,900.0,False,3760.0,0.0,0.9999999999999992,11,operational,172,0.2631578947368421
0.9321820914760812,0.0678179085239188,0.4618108950874195,0.5381891049125804,360.0,920.0,False,3760.0,0.0,0.9999999999999992,00,operational,173,0.4210526315789473
0.931912218683702,0.0680877813162978,0.4618108950874195,0.5381891049125804,360.0,930.0,False,3760.0,0.0,0.9999999999999992,01,operational,173,0.4210526315789473
0.925312981685413,0.074687018314587,0.478069300122494,0.521930699877506,360.0,920.0,False,3760.0,0.0,0.9999999999999992,10,operational,173,0.4210526315789473
0.924733022586765,0.0752669774132349,0.478069300122494,0.521930699877506,360.0,930.0,False,3760.0,0.0,0.9999999999999992,11,operational,173,0.4210526315789473
0.9312120320462404,0.0687879679537597,0.432454012130957,0.567545987869043,360.0,900.0,False,3760.0,0.0,0.9999999999999992,00,operational,174,0.2807017543859649
0.9311633132854829,0.0688366867145171,0.432454012130957,0.567545987869043,360.0,900.0,False,3760.0,0.0,0.9999999999999992,01,operational,174,0.2807017543859649
0.9201955929706076,0.0798044070293924,0.4942022927835475,0.5057977072164525,360.0,900.0,False,3760.0,0.0,0.9999999999999992,10,operational,174,0.2807017543859649
0.9201236631966888,0.079876336803311,0.4942022927835475,0.5057977072164525,360.0,900.0,False,3760.0,0.0,0.9999999999999992,11,operational,174,0.2807017543859649
0.7511611530613181,0.2488388469386818,0.9023971510853096,0.0976028489146904,360.0,2120.0,False,3760.0,0.0,0.9999999999999992,00,operational,175,0.5614035087719298
0.7423317529643929,0.2576682470356071,0.9023971510853096,0.0976028489146904,360.0,2200.0,False,3760.0,0.0,0.9999999999999992,01,operational,175,0.5614035087719298
0.729842816952569,0.2701571830474309,0.941281287117268,0.0587187128827321,360.0,2120.0,False,3760.0,0.0,0.9999999999999992,10,operational,175,0.5614035087719298
0.7195315465585483,0.2804684534414516,0.941281287117268,0.0587187128827321,360.0,2210.0,False,3760.0,0.0,0.9999999999999992,11,operational,175,0.5614035087719298
0.9590229468365636,0.0409770531634362,0.3559770025599794,0.6440229974400206,360.0,650.0,False,3760.0,0.0,0.9999999999999992,00,operational,176,0.2631578947368421
0.952785192993532,0.0472148070064678,0.3559770025599794,0.6440229974400206,360.0,730.0,False,3760.0,0.0,0.9999999999999992,01,operational,176,0.2631578947368421
0.9536084433926648,0.046391556607335,0.3889368240090206,0.6110631759909794,360.0,660.0,False,3760.0,0.0,0.9999999999999992,10,operational,176,0.2631578947368421
0.946574593365768,0.053425406634232,0.3889368240090206,0.6110631759909794,360.0,740.0,False,3760.0,0.0,0.9999999999999992,11,operational,176,0.2631578947368421
0.8372757626493936,0.1627242373506063,0.5741344242424242,0.4258655757575758,360.0,1620.0,False,3760.0,0.0,0.9999999999999992,00,operational,177,0.4210526315789473
0.8205649642684705,0.1794350357315295,0.5741344242424242,0.4258655757575758,360.0,1770.0,False,3760.0,0.0,0.9999999999999992,01,operational,177,0.4210526315789473
0.8292978942517348,0.1707021057482651,0.5756162711869054,0.4243837288130946,360.0,1620.0,False,3760.0,0.0,0.9999999999999992,10,operational,177,0.4210526315789473
0.8116799385771019,0.1883200614228981,0.5756162711869054,0.4243837288130946,360.0,1770.0,False,3760.0,0.0,0.9999999999999992,11,operational,177,0.4210526315789473
0.9329346077406838,0.0670653922593161,0.4202686451174352,0.5797313548825648,360.0,920.0,False,3760.0,0.0,0.9999999999999992,00,operational,178,0.3157894736842105
0.9303187465608316,0.0696812534391685,0.4202686451174352,0.5797313548825648,360.0,950.0,False,3760.0,0.0,0.9999999999999992,01,operational,178,0.3157894736842105
0.9190520712554732,0.0809479287445269,0.4925223722960691,0.5074776277039309,360.0,920.0,False,3760.0,0.0,0.9999999999999992,10,operational,178,0.3157894736842105
0.9156258562012688,0.0843741437987313,0.4925223722960691,0.5074776277039309,360.0,960.0,False,3760.0,0.0,0.9999999999999992,11,operational,178,0.3157894736842105
0.9708253681738532,0.0291746318261468,0.271415643524014,0.728584356475986,360.0,620.0,False,3760.0,0.0,0.9999999999999992,00,operational,179,0.2631578947368421
0.9706808311686896,0.0293191688313104,0.271415643524014,0.728584356475986,360.0,620.0,False,3760.0,0.0,0.9999999999999992,01,operational,179,0.2631578947368421
0.967848907216768,0.032151092783232,0.291758841546366,0.708241158453634,360.0,620.0,False,3760.0,0.0,0.9999999999999992,10,operational,179,0.2631578947368421
0.9675803134121468,0.0324196865878533,0.291758841546366,0.708241158453634,360.0,620.0,False,3760.0,0.0,0.9999999999999992,11,operational,179,0.2631578947368421
0.8944706692686093,0.1055293307313907,0.5850051570326827,0.4149948429673172,360.0,1230.0,False,3760.0,0.0,0.9999999999999992,00,operational,180,0.4210526315789473
0.8682476480845502,0.1317523519154497,0.5850051570326827,0.4149948429673172,360.0,1460.0,False,3760.0,0.0,0.9999999999999992,01,operational,180,0.4210526315789473
0.8819146961684575,0.1180853038315424,0.6541216695605305,0.3458783304394695,360.0,1240.0,False,3760.0,0.0,0.9999999999999992,10,operational,180,0.4210526315789473
0.8531056970565546,0.1468943029434454,0.6541216695605305,0.3458783304394695,360.0,1470.0,False,3760.0,0.0,0.9999999999999992,11,operational,180,0.4210526315789473
0.9489089424201724,0.0510910575798275,0.4750092472414219,0.5249907527585781,360.0,760.0,False,3760.0,0.0,0.9999999999999992,00,operational,181,0.3333333333333333
0.9480607010186431,0.0519392989813568,0.4750092472414219,0.5249907527585781,360.0,770.0,False,3760.0,0.0,0.9999999999999992,01,operational,181,0.3333333333333333
0.9384593508828778,0.0615406491171222,0.6122455324442181,0.3877544675557819,360.0,760.0,False,3760.0,0.0,0.9999999999999992,10,operational,181,0.3333333333333333
0.9373583947441866,0.0626416052558134,0.6122455324442181,0.3877544675557819,360.0,770.0,False,3760.0,0.0,0.9999999999999992,11,operational,181,0.3333333333333333
0.8296148158435902,0.1703851841564098,0.4855518145705498,0.5144481854294501,360.0,1810.0,False,3760.0,0.0,0.9999999999999992,00,operational,182,0.4736842105263157
0.8278766887743685,0.1721233112256315,0.4855518145705498,0.5144481854294501,360.0,1840.0,False,3760.0,0.0,0.9999999999999992,01,operational,182,0.4736842105263157
0.8176928055241975,0.1823071944758024,0.4947850449100567,0.5052149550899433,360.0,1810.0,False,3760.0,0.0,0.9999999999999992,10,operational,182,0.4736842105263157
0.8155033713987911,0.1844966286012088,0.4947850449100567,0.5052149550899433,360.0,1840.0,False,3760.0,0.0,0.9999999999999992,11,operational,182,0.4736842105263157
0.863632343650045,0.1363676563499549,0.5519663056526083,0.4480336943473917,360.0,1470.0,False,3760.0,0.0,0.9999999999999992,00,operational,183,0.5087719298245614
0.862275086707604,0.137724913292396,0.5519663056526083,0.4480336943473917,360.0,1490.0,False,3760.0,0.0,0.9999999999999992,01,operational,183,0.5087719298245614
0.8518497419783262,0.1481502580216738,0.5599367860343538,0.4400632139656462,360.0,1470.0,False,3760.0,0.0,0.9999999999999992,10,operational,183,0.5087719298245614
0.8498874065475361,0.1501125934524638,0.5599367860343538,0.4400632139656462,360.0,1490.0,False,3760.0,0.0,0.9999999999999992,11,operational,183,0.5087719298245614
0.8291608028020413,0.1708391971979587,0.8854288478226945,0.1145711521773055,360.0,1590.0,False,3760.0,0.0,0.9999999999999992,00,operational,184,0.543859649122807
0.8221683680083622,0.1778316319916377,0.8854288478226945,0.1145711521773055,360.0,1660.0,False,3760.0,0.0,0.9999999999999992,01,operational,184,0.543859649122807
0.8100081769798013,0.1899918230201986,0.954307018667345,0.0456929813326549,360.0,1590.0,False,3760.0,0.0,0.9999999999999992,10,operational,184,0.543859649122807
0.8012024818706054,0.1987975181293946,0.954307018667345,0.0456929813326549,360.0,1660.0,False,3760.0,0.0,0.9999999999999992,11,operational,184,0.543859649122807
0.8996661384085864,0.1003338615914135,0.5308537438945096,0.4691462561054904,360.0,1120.0,False,3760.0,0.0,0.9999999999999992,00,operational,185,0.3859649122807017
0.8812607880608666,0.1187392119391334,0.5308537438945096,0.4691462561054904,360.0,1270.0,False,3760.0,0.0,0.9999999999999992,01,operational,185,0.3859649122807017
0.8932613043990206,0.1067386956009793,0.5335225056725781,0.4664774943274219,360.0,1120.0,False,3760.0,0.0,0.9999999999999992,10,operational,185,0.3859649122807017
0.8742773084721546,0.1257226915278454,0.5335225056725781,0.4664774943274219,360.0,1270.0,False,3760.0,0.0,0.9999999999999992,11,operational,185,0.3859649122807017
0.891014835439341,0.1089851645606589,0.5097246802738447,0.4902753197261554,360.0,1210.0,False,3760.0,0.0,0.9999999999999992,00,operational,186,0.4210526315789473
0.8907279751428648,0.1092720248571351,0.5097246802738447,0.4902753197261554,360.0,1210.0,False,3760.0,0.0,0.9999999999999992,01,operational,186,0.4210526315789473
0.8823603192402059,0.1176396807597941,0.51534516783292,0.4846548321670801,360.0,1210.0,False,3760.0,0.0,0.9999999999999992,10,operational,186,0.4210526315789473
0.8816063004550223,0.1183936995449776,0.51534516783292,0.4846548321670801,360.0,1220.0,False,3760.0,0.0,0.9999999999999992,11,operational,186,0.4210526315789473
0.889586669594652,0.1104133304053479,0.4929768122451864,0.5070231877548136,360.0,1220.0,False,3760.0,0.0,0.9999999999999992,00,operational,187,0.3684210526315789
0.8892995078400774,0.1107004921599226,0.4929768122451864,0.5070231877548136,360.0,1230.0,False,3760.0,0.0,0.9999999999999992,01,operational,187,0.3684210526315789
0.8822010251336886,0.1177989748663114,0.4978398502047324,0.5021601497952676,360.0,1230.0,False,3760.0,0.0,0.9999999999999992,10,operational,187,0.3684210526315789
0.8815702246870741,0.1184297753129258,0.4978398502047324,0.5021601497952676,360.0,1240.0,False,3760.0,0.0,0.9999999999999992,11,operational,187,0.3684210526315789
0.7505870415983678,0.2494129584016322,0.7947288078469834,0.2052711921530166,360.0,2030.0,False,3760.0,0.0,0.9999999999999992,00,operational,188,0.4736842105263157
0.721771691338591,0.278228308661409,0.7947288078469834,0.2052711921530166,360.0,2210.0,False,3760.0,0.0,0.9999999999999992,01,operational,188,0.4736842105263157
0.7301456601309197,0.2698543398690802,0.8545974594345151,0.1454025405654849,360.0,2030.0,False,3760.0,0.0,0.9999999999999992,10,operational,188,0.4736842105263157
0.698529350579643,0.3014706494203569,0.8545974594345151,0.1454025405654849,360.0,2220.0,False,3760.0,0.0,0.9999999999999992,11,operational,188,0.4736842105263157
0.8375916166778065,0.1624083833221935,0.7137999894520997,0.2862000105479003,360.0,1490.0,False,3760.0,0.0,0.9999999999999992,00,operational,189,0.3508771929824561
0.8276886238449733,0.1723113761550266,0.7137999894520997,0.2862000105479003,360.0,1580.0,False,3760.0,0.0,0.9999999999999992,01,operational,189,0.3508771929824561
0.8188534239284868,0.1811465760715132,0.7913972337573093,0.2086027662426907,360.0,1490.0,False,3760.0,0.0,0.9999999999999992,10,operational,189,0.3508771929824561
0.8077581902277172,0.1922418097722827,0.7913972337573093,0.2086027662426907,360.0,1580.0,False,3760.0,0.0,0.9999999999999992,11,operational,189,0.3508771929824561
0.9673198772517216,0.0326801227482783,0.3371442932351878,0.6628557067648122,360.0,520.0,False,3760.0,0.0,0.9999999999999992,00,operational,190,0.2105263157894736
0.9672970524668678,0.0327029475331321,0.3371442932351878,0.6628557067648122,360.0,520.0,False,3760.0,0.0,0.9999999999999992,01,operational,190,0.2105263157894736
0.9647535878819032,0.0352464121180968,0.358668321951137,0.6413316780488629,360.0,520.0,False,3760.0,0.0,0.9999999999999992,10,operational,190,0.2105263157894736
0.9647307630970496,0.0352692369029504,0.358668321951137,0.6413316780488629,360.0,520.0,False,3760.0,0.0,0.9999999999999992,11,operational,190,0.2105263157894736
0.9092051895512068,0.0907948104487933,0.5055469935070156,0.4944530064929843,360.0,1080.0,False,3760.0,0.0,0.9999999999999992,00,operational,191,0.4035087719298245
0.9078723599809267,0.0921276400190732,0.5055469935070156,0.4944530064929843,360.0,1100.0,False,3760.0,0.0,0.9999999999999992,01,operational,191,0.4035087719298245
0.8985021214637018,0.1014978785362982,0.5349766180877148,0.4650233819122852,360.0,1080.0,False,3760.0,0.0,0.9999999999999992,10,operational,191,0.4035087719298245
0.8966887766160901,0.1033112233839098,0.5349766180877148,0.4650233819122852,360.0,1100.0,False,3760.0,0.0,0.9999999999999992,11,operational,191,0.4035087719298245
0.9468689475309,0.0531310524690999,0.3348726442005597,0.6651273557994403,360.0,860.0,False,3760.0,0.0,0.9999999999999992,00,operational,192,0.2807017543859649
0.9468689475309,0.0531310524690999,0.3348726442005597,0.6651273557994403,360.0,860.0,False,3760.0,0.0,0.9999999999999992,01,operational,192,0.2807017543859649
0.9334181333237556,0.0665818666762445,0.4153263309570101,0.5846736690429899,360.0,860.0,False,3760.0,0.0,0.9999999999999992,10,operational,192,0.2807017543859649
0.9334181333237556,0.0665818666762445,0.4153263309570101,0.5846736690429899,360.0,860.0,False,3760.0,0.0,0.9999999999999992,11,operational,192,0.2807017543859649
0.8776450387851797,0.1223549612148202,0.5558166231594361,0.4441833768405639,360.0,1260.0,False,3760.0,0.0,0.9999999999999992,00,operational,193,0.4210526315789473
0.8570788630264176,0.1429211369735824,0.5558166231594361,0.4441833768405639,360.0,1430.0,False,3760.0,0.0,0.9999999999999992,01,operational,193,0.4210526315789473
0.8706595239332957,0.1293404760667043,0.5684656594774382,0.4315343405225618,360.0,1260.0,False,3760.0,0.0,0.9999999999999992,10,operational,193,0.4210526315789473
0.848771777162496,0.151228222837504,0.5684656594774382,0.4315343405225618,360.0,1440.0,False,3760.0,0.0,0.9999999999999992,11,operational,193,0.4210526315789473
0.9138496627765158,0.0861503372234842,0.7666005797663201,0.2333994202336798,360.0,950.0,False,3760.0,0.0,0.9999999999999992,00,operational,194,0.3859649122807017
0.9113869297625474,0.0886130702374525,0.7666005797663201,0.2333994202336798,360.0,970.0,False,3760.0,0.0,0.9999999999999992,01,operational,194,0.3859649122807017
0.9065237090030474,0.0934762909969526,0.8396084997043665,0.1603915002956336,360.0,950.0,False,3760.0,0.0,0.9999999999999992,10,operational,194,0.3859649122807017
0.9036391526672654,0.0963608473327346,0.8396084997043665,0.1603915002956336,360.0,980.0,False,3760.0,0.0,0.9999999999999992,11,operational,194,0.3859649122807017
0.7874364102925479,0.2125635897074521,0.5797245437350138,0.4202754562649862,360.0,2020.0,False,3760.0,0.0,0.9999999999999992,00,operational,195,0.543859649122807
0.7827003657680903,0.2172996342319096,0.5797245437350138,0.4202754562649862,360.0,2060.0,False,3760.0,0.0,0.9999999999999992,01,operational,195,0.543859649122807
0.7659870422228798,0.2340129577771201,0.6108714973732605,0.3891285026267395,360.0,2020.0,False,3760.0,0.0,0.9999999999999992,10,operational,195,0.543859649122807
0.7603567637941989,0.239643236205801,0.6108714973732605,0.3891285026267395,360.0,2060.0,False,3760.0,0.0,0.9999999999999992,11,operational,195,0.543859649122807
0.8825318416659075,0.1174681583340925,0.4970110317850357,0.5029889682149643,360.0,1270.0,False,3760.0,0.0,0.9999999999999992,00,operational,196,0.3508771929824561
0.873912122101919,0.1260878778980809,0.4970110317850357,0.5029889682149643,360.0,1360.0,False,3760.0,0.0,0.9999999999999992,01,operational,196,0.3508771929824561
0.8758883575221593,0.1241116424778406,0.5028689455179363,0.4971310544820638,360.0,1270.0,False,3760.0,0.0,0.9999999999999992,10,operational,196,0.3508771929824561
0.8661361500247136,0.1338638499752864,0.5028689455179363,0.4971310544820638,360.0,1360.0,False,3760.0,0.0,0.9999999999999992,11,operational,196,0.3508771929824561
0.9505651795202926,0.0494348204797073,0.3819816032064639,0.6180183967935361,360.0,730.0,False,3760.0,0.0,0.9999999999999992,00,operational,197,0.2456140350877192
0.9505381915684854,0.0494618084315146,0.3819816032064639,0.6180183967935361,360.0,730.0,False,3760.0,0.0,0.9999999999999992,01,operational,197,0.2456140350877192
0.9426625258298276,0.0573374741701725,0.4156087039187578,0.5843912960812422,360.0,740.0,False,3760.0,0.0,0.9999999999999992,10,operational,197,0.2456140350877192
0.9425876403848904,0.0574123596151096,0.4156087039187578,0.5843912960812422,360.0,740.0,False,3760.0,0.0,0.9999999999999992,11,operational,197,0.2456140350877192
0.8930391640796262,0.1069608359203737,0.7329406183606615,0.2670593816393384,360.0,1130.0,False,3760.0,0.0,0.9999999999999992,00,operational,198,0.4385964912280701
0.8900000366643536,0.1099999633356464,0.7329406183606615,0.2670593816393384,360.0,1160.0,False,3760.0,0.0,0.9999999999999992,01,operational,198,0.4385964912280701
0.8825692787690302,0.1174307212309697,0.7963750454063613,0.2036249545936387,360.0,1130.0,False,3760.0,0.0,0.9999999999999992,10,operational,198,0.4385964912280701
0.8789641729337165,0.1210358270662834,0.7963750454063613,0.2036249545936387,360.0,1160.0,False,3760.0,0.0,0.9999999999999992,11,operational,198,0.4385964912280701
0.9233756345906288,0.0766243654093712,0.4496106878268889,0.550389312173111,360.0,990.0,False,3760.0,0.0,0.9999999999999992,00,operational,199,0.3684210526315789
0.92322343107992,0.0767765689200801,0.4496106878268889,0.550389312173111,360.0,990.0,False,3760.0,0.0,0.9999999999999992,01,operational,199,0.3684210526315789
0.9131439600628736,0.0868560399371265,0.4836668776773255,0.5163331223226745,360.0,990.0,False,3760.0,0.0,0.9999999999999992,10,operational,199,0.3684210526315789
0.912835941768216,0.087164058231784,0.4836668776773255,0.5163331223226745,360.0,990.0,False,3760.0,0.0,0.9999999999999992,11,operational,199,0.3684210526315789
0.9342845467952324,0.0657154532047674,0.4160105094338714,0.5839894905661286,360.0,870.0,False,3760.0,0.0,0.9999999999999992,00,operational,200,0.2807017543859649
0.934245896192823,0.0657541038071769,0.4160105094338714,0.5839894905661286,360.0,870.0,False,3760.0,0.0,0.9999999999999992,01,operational,200,0.2807017543859649
0.9263563159141855,0.0736436840858143,0.4507599332924096,0.5492400667075904,360.0,880.0,False,3760.0,0.0,0.9999999999999992,10,operational,200,0.2807017543859649
0.926317665311776,0.0736823346882239,0.4507599332924096,0.5492400667075904,360.0,880.0,False,3760.0,0.0,0.9999999999999992,11,operational,200,0.2807017543859649
0.9470298545271968,0.0529701454728031,0.4048607131359537,0.5951392868640463,360.0,750.0,False,3760.0,0.0,0.9999999999999992,00,operational,201,0.3508771929824561
0.9466710856896146,0.0533289143103854,0.4048607131359537,0.5951392868640463,360.0,760.0,False,3760.0,0.0,0.9999999999999992,01,operational,201,0.3508771929824561
0.9415573118461732,0.0584426881538268,0.4313590616770757,0.5686409383229243,360.0,750.0,False,3760.0,0.0,0.9999999999999992,10,operational,201,0.3508771929824561
0.9409005985029104,0.0590994014970897,0.4313590616770757,0.5686409383229243,360.0,760.0,False,3760.0,0.0,0.9999999999999992,11,operational,201,0.3508771929824561
0.92786427849536,0.0721357215046401,0.4489504929038509,0.5510495070961491,360.0,940.0,False,3760.0,0.0,0.9999999999999992,00,operational,202,0.3508771929824561
0.9233557817386608,0.0766442182613391,0.4489504929038509,0.5510495070961491,360.0,990.0,False,3760.0,0.0,0.9999999999999992,01,operational,202,0.3508771929824561
0.9179259346120052,0.0820740653879947,0.5003722564055997,0.4996277435944002,360.0,940.0,False,3760.0,0.0,0.9999999999999992,10,operational,202,0.3508771929824561
0.912527979293013,0.087472020706987,0.5003722564055997,0.4996277435944002,360.0,990.0,False,3760.0,0.0,0.9999999999999992,11,operational,202,0.3508771929824561
0.7877305742526706,0.2122694257473294,0.8589014791870248,0.1410985208129752,360.0,1860.0,False,3760.0,0.0,0.9999999999999992,00,operational,203,0.5964912280701754
0.7696003921711876,0.2303996078288124,0.8589014791870248,0.1410985208129752,360.0,2000.0,False,3760.0,0.0,0.9999999999999992,01,operational,203,0.5964912280701754
0.7672908598907948,0.2327091401092051,0.8894480071421856,0.1105519928578143,360.0,1860.0,False,3760.0,0.0,0.9999999999999992,10,operational,203,0.5964912280701754
0.7467537115822972,0.2532462884177028,0.8894480071421856,0.1105519928578143,360.0,2000.0,False,3760.0,0.0,0.9999999999999992,11,operational,203,0.5964912280701754
0.7660177588876498,0.2339822411123502,0.8962837803915559,0.1037162196084441,360.0,1750.0,False,3760.0,0.0,0.9999999999999992,00,operational,204,0.4035087719298245
0.7260070521751845,0.2739929478248155,0.8962837803915559,0.1037162196084441,360.0,2040.0,False,3760.0,0.0,0.9999999999999992,01,operational,204,0.4035087719298245
0.7408831321176929,0.2591168678823071,0.9674304556234352,0.0325695443765647,360.0,1760.0,False,3760.0,0.0,0.9999999999999992,10,operational,204,0.4035087719298245
0.6967879720750894,0.3032120279249106,0.9674304556234352,0.0325695443765647,360.0,2050.0,False,3760.0,0.0,0.9999999999999992,11,operational,204,0.4035087719298245
0.8404815371454486,0.1595184628545514,0.684713622506731,0.315286377493269,360.0,1590.0,False,3760.0,0.0,0.9999999999999992,00,operational,205,0.5614035087719298
0.8340750387086288,0.1659249612913712,0.684713622506731,0.315286377493269,360.0,1660.0,False,3760.0,0.0,0.9999999999999992,01,operational,205,0.5614035087719298
0.8277000510274245,0.1722999489725755,0.7136901253266597,0.2863098746733404,360.0,1590.0,False,3760.0,0.0,0.9999999999999992,10,operational,205,0.5614035087719298
0.8199415170888351,0.1800584829111648,0.7136901253266597,0.2863098746733404,360.0,1660.0,False,3760.0,0.0,0.9999999999999992,11,operational,205,0.5614035087719298
0.8557105685353252,0.1442894314646747,0.6344884363105616,0.3655115636894384,360.0,1470.0,False,3760.0,0.0,0.9999999999999992,00,operational,206,0.4736842105263157
0.8419017405113146,0.1580982594886854,0.6344884363105616,0.3655115636894384,360.0,1590.0,False,3760.0,0.0,0.9999999999999992,01,operational,206,0.4736842105263157
0.8462071386918668,0.1537928613081332,0.6308290933498122,0.3691709066501878,360.0,1470.0,False,3760.0,0.0,0.9999999999999992,10,operational,206,0.4736842105263157
0.8312748007988393,0.1687251992011607,0.6308290933498122,0.3691709066501878,360.0,1590.0,False,3760.0,0.0,0.9999999999999992,11,operational,206,0.4736842105263157
0.8564582547856661,0.1435417452143339,0.7551501771569197,0.2448498228430803,360.0,1280.0,False,3760.0,0.0,0.9999999999999992,00,operational,207,0.3333333333333333
0.8563277487615696,0.1436722512384304,0.7551501771569197,0.2448498228430803,360.0,1280.0,False,3760.0,0.0,0.9999999999999992,01,operational,207,0.3333333333333333
0.8465453367863931,0.1534546632136069,0.7805928329383327,0.2194071670616672,360.0,1280.0,False,3760.0,0.0,0.9999999999999992,10,operational,207,0.3333333333333333
0.8461763078815658,0.1538236921184341,0.7805928329383327,0.2194071670616672,360.0,1280.0,False,3760.0,0.0,0.9999999999999992,11,operational,207,0.3333333333333333
0.9312963732264992,0.0687036267735007,0.4008214025075313,0.5991785974924687,360.0,920.0,False,3760.0,0.0,0.9999999999999992,00,operational,208,0.2807017543859649
0.9151113587797394,0.0848886412202606,0.4008214025075313,0.5991785974924687,360.0,1070.0,False,3760.0,0.0,0.9999999999999992,01,operational,208,0.2807017543859649
0.9141468835372112,0.0858531164627889,0.4633779211879305,0.5366220788120695,360.0,920.0,False,3760.0,0.0,0.9999999999999992,10,operational,208,0.2807017543859649
0.8931320967289497,0.1068679032710503,0.4633779211879305,0.5366220788120695,360.0,1080.0,False,3760.0,0.0,0.9999999999999992,11,operational,208,0.2807017543859649
0.9614731023871882,0.0385268976128118,0.3275077479935742,0.6724922520064258,360.0,630.0,False,3760.0,0.0,0.9999999999999992,00,operational,209,0.2105263157894736
0.9606454187897732,0.0393545812102267,0.3275077479935742,0.6724922520064258,360.0,640.0,False,3760.0,0.0,0.9999999999999992,01,operational,209,0.2105263157894736
0.9591039580879044,0.0408960419120956,0.3367783137659043,0.6632216862340957,360.0,630.0,False,3760.0,0.0,0.9999999999999992,10,operational,209,0.2105263157894736
0.9581003044292516,0.0418996955707484,0.3367783137659043,0.6632216862340957,360.0,640.0,False,3760.0,0.0,0.9999999999999992,11,operational,209,0.2105263157894736
0.9599437288773774,0.0400562711226225,0.358606156364713,0.641393843635287,360.0,660.0,False,3760.0,0.0,0.9999999999999992,00,operational,210,0.3157894736842105
0.9598381186841884,0.0401618813158115,0.358606156364713,0.641393843635287,360.0,670.0,False,3760.0,0.0,0.9999999999999992,01,operational,210,0.3157894736842105
0.9557643549538212,0.0442356450461788,0.3824537363534767,0.6175462636465233,360.0,660.0,False,3760.0,0.0,0.9999999999999992,10,operational,210,0.3157894736842105
0.9555827465956798,0.0444172534043202,0.3824537363534767,0.6175462636465233,360.0,670.0,False,3760.0,0.0,0.9999999999999992,11,operational,210,0.3157894736842105
0.9071252475273888,0.0928747524726111,0.4921208762789826,0.5078791237210174,360.0,1070.0,False,3760.0,0.0,0.9999999999999992,00,operational,211,0.3508771929824561
0.9026151442134596,0.0973848557865405,0.4921208762789826,0.5078791237210174,360.0,1120.0,False,3760.0,0.0,0.9999999999999992,01,operational,211,0.3508771929824561
0.8984671487022531,0.1015328512977469,0.5106979435600552,0.4893020564399448,360.0,1080.0,False,3760.0,0.0,0.9999999999999992,10,operational,211,0.3508771929824561
0.8930113184864199,0.1069886815135801,0.5106979435600552,0.4893020564399448,360.0,1130.0,False,3760.0,0.0,0.9999999999999992,11,operational,211,0.3508771929824561
0.9163651308707093,0.0836348691292907,0.4674308880923904,0.5325691119076096,360.0,1050.0,False,3760.0,0.0,0.9999999999999992,00,operational,212,0.3508771929824561
0.9163651308707093,0.0836348691292907,0.4674308880923904,0.5325691119076096,360.0,1050.0,False,3760.0,0.0,0.9999999999999992,01,operational,212,0.3508771929824561
0.9015343644858296,0.0984656355141705,0.5329675168551056,0.4670324831448945,360.0,1050.0,False,3760.0,0.0,0.9999999999999992,10,operational,212,0.3508771929824561
0.9015343644858296,0.0984656355141705,0.5329675168551056,0.4670324831448945,360.0,1050.0,False,3760.0,0.0,0.9999999999999992,11,operational,212,0.3508771929824561
0.872286829332081,0.1277131706679189,0.8539927311978586,0.1460072688021415,290.0,1220.0,False,3760.0,0.0,0.9999999999999992,00,operational,213,0.4561403508771929
0.8650365377220081,0.1349634622779919,0.8539927311978586,0.1460072688021415,290.0,1270.0,False,3760.0,0.0,0.9999999999999992,01,operational,213,0.4561403508771929
0.857327512558681,0.142672487441319,0.926308927398594,0.0736910726014059,360.0,1220.0,False,3760.0,0.0,0.9999999999999992,10,operational,213,0.4561403508771929
0.84876415052012,0.15123584947988,0.926308927398594,0.0736910726014059,360.0,1280.0,False,3760.0,0.0,0.9999999999999992,11,operational,213,0.4561403508771929
0.8416593318872014,0.1583406681127985,0.636876653249854,0.363123346750146,360.0,1610.0,False,3760.0,0.0,0.9999999999999992,00,operational,214,0.4736842105263157
0.8404971095585255,0.1595028904414744,0.636876653249854,0.363123346750146,360.0,1620.0,False,3760.0,0.0,0.9999999999999992,01,operational,214,0.4736842105263157
0.8298039981694487,0.1701960018305512,0.664976015702656,0.335023984297344,360.0,1610.0,False,3760.0,0.0,0.9999999999999992,10,operational,214,0.4736842105263157
0.8284124709994218,0.1715875290005781,0.664976015702656,0.335023984297344,360.0,1620.0,False,3760.0,0.0,0.9999999999999992,11,operational,214,0.4736842105263157
0.931889575204076,0.068110424795924,0.4741729864189765,0.5258270135810235,360.0,820.0,False,3760.0,0.0,0.9999999999999992,00,operational,215,0.2807017543859649
0.9317117970750044,0.0682882029249954,0.4741729864189765,0.5258270135810235,360.0,830.0,False,3760.0,0.0,0.9999999999999992,01,operational,215,0.2807017543859649
0.925333795624142,0.0746662043758579,0.4984216815271975,0.5015783184728024,360.0,830.0,False,3760.0,0.0,0.9999999999999992,10,operational,215,0.2807017543859649
0.9249513437272232,0.0750486562727766,0.4984216815271975,0.5015783184728024,360.0,830.0,False,3760.0,0.0,0.9999999999999992,11,operational,215,0.2807017543859649
0.8713888769162782,0.1286111230837218,0.5379948283728617,0.4620051716271382,360.0,1410.0,False,3760.0,0.0,0.9999999999999992,00,operational,216,0.4561403508771929
0.8692127489498426,0.1307872510501574,0.5379948283728617,0.4620051716271382,360.0,1430.0,False,3760.0,0.0,0.9999999999999992,01,operational,216,0.4561403508771929
0.860384572909028,0.1396154270909719,0.5530129659194094,0.4469870340805906,360.0,1410.0,False,3760.0,0.0,0.9999999999999992,10,operational,216,0.4561403508771929
0.8577965891458144,0.1422034108541856,0.5530129659194094,0.4469870340805906,360.0,1440.0,False,3760.0,0.0,0.9999999999999992,11,operational,216,0.4561403508771929
0.9362449072093236,0.0637550927906764,0.4628327370739435,0.5371672629260564,360.0,830.0,False,3760.0,0.0,0.9999999999999992,00,operational,217,0.3859649122807017
0.9350579321104338,0.0649420678895662,0.4628327370739435,0.5371672629260564,360.0,850.0,False,3760.0,0.0,0.9999999999999992,01,operational,217,0.3859649122807017
0.9298477124749442,0.0701522875250557,0.4768416025129002,0.5231583974870998,360.0,840.0,False,3760.0,0.0,0.9999999999999992,10,operational,217,0.3859649122807017
0.9282462438011456,0.0717537561988542,0.4768416025129002,0.5231583974870998,360.0,850.0,False,3760.0,0.0,0.9999999999999992,11,operational,217,0.3859649122807017
0.8763111634217191,0.1236888365782808,0.7394070483517985,0.2605929516482014,360.0,1270.0,False,3760.0,0.0,0.9999999999999992,00,operational,218,0.3859649122807017
0.8762565208514379,0.1237434791485621,0.7394070483517985,0.2605929516482014,360.0,1270.0,False,3760.0,0.0,0.9999999999999992,01,operational,218,0.3859649122807017
0.8576740483097643,0.1423259516902356,0.8384795076761081,0.1615204923238918,360.0,1270.0,False,3760.0,0.0,0.9999999999999992,10,operational,218,0.3859649122807017
0.8574555648235493,0.1425444351764506,0.8384795076761081,0.1615204923238918,360.0,1270.0,False,3760.0,0.0,0.9999999999999992,11,operational,218,0.3859649122807017
0.9117677452564183,0.0882322547435816,0.5601263223901141,0.439873677609886,360.0,1110.0,False,3760.0,0.0,0.9999999999999992,00,operational,219,0.4035087719298245
0.911639032402684,0.0883609675973159,0.5601263223901141,0.439873677609886,360.0,1120.0,False,3760.0,0.0,0.9999999999999992,01,operational,219,0.4035087719298245
0.8988851825044056,0.1011148174955943,0.6483154661256856,0.3516845338743145,360.0,1110.0,False,3760.0,0.0,0.9999999999999992,10,operational,219,0.4035087719298245
0.8984850949272213,0.1015149050727787,0.6483154661256856,0.3516845338743145,360.0,1120.0,False,3760.0,0.0,0.9999999999999992,11,operational,219,0.4035087719298245
0.9233663755885522,0.0766336244114478,0.4878091504777455,0.5121908495222545,360.0,940.0,False,3760.0,0.0,0.9999999999999992,00,operational,220,0.3859649122807017
0.916772677891453,0.083227322108547,0.4878091504777455,0.5121908495222545,360.0,1010.0,False,3760.0,0.0,0.9999999999999992,01,operational,220,0.3859649122807017
0.919923506625643,0.0800764933743569,0.5038537235793934,0.4961462764206066,360.0,940.0,False,3760.0,0.0,0.9999999999999992,10,operational,220,0.3859649122807017
0.9127779144315514,0.0872220855684485,0.5038537235793934,0.4961462764206066,360.0,1010.0,False,3760.0,0.0,0.9999999999999992,11,operational,220,0.3859649122807017
0.967501387265336,0.0324986127346639,0.3146328081496451,0.6853671918503549,360.0,620.0,False,3760.0,0.0,0.9999999999999992,00,operational,221,0.2631578947368421
0.9657515851075636,0.0342484148924364,0.3146328081496451,0.6853671918503549,360.0,650.0,False,3760.0,0.0,0.9999999999999992,01,operational,221,0.2631578947368421
0.9588927819360186,0.0411072180639814,0.4001710153210727,0.5998289846789273,360.0,620.0,False,3760.0,0.0,0.9999999999999992,10,operational,221,0.2631578947368421
0.9565442072099948,0.0434557927900052,0.4001710153210727,0.5998289846789273,360.0,660.0,False,3760.0,0.0,0.9999999999999992,11,operational,221,0.2631578947368421
0.8241948957698949,0.1758051042301051,0.6307580275891662,0.3692419724108338,360.0,1630.0,False,3760.0,0.0,0.9999999999999992,00,operational,222,0.4035087719298245
0.8103390209045149,0.189660979095485,0.6307580275891662,0.3692419724108338,360.0,1750.0,False,3760.0,0.0,0.9999999999999992,01,operational,222,0.4035087719298245
0.807879008141584,0.192120991858416,0.6593854609939942,0.3406145390060058,360.0,1630.0,False,3760.0,0.0,0.9999999999999992,10,operational,222,0.4035087719298245
0.7924390581495754,0.2075609418504246,0.6593854609939942,0.3406145390060058,360.0,1750.0,False,3760.0,0.0,0.9999999999999992,11,operational,222,0.4035087719298245
0.9264800501539704,0.0735199498460297,0.4226169099569921,0.5773830900430079,360.0,930.0,False,3760.0,0.0,0.9999999999999992,00,operational,223,0.2631578947368421
0.92547244700887,0.07452755299113,0.4226169099569921,0.5773830900430079,360.0,940.0,False,3760.0,0.0,0.9999999999999992,01,operational,223,0.2631578947368421
0.9208105648056438,0.0791894351943561,0.4383565096430398,0.5616434903569602,360.0,930.0,False,3760.0,0.0,0.9999999999999992,10,operational,223,0.2631578947368421
0.919437140711702,0.0805628592882978,0.4383565096430398,0.5616434903569602,360.0,950.0,False,3760.0,0.0,0.9999999999999992,11,operational,223,0.2631578947368421
0.927986593457706,0.0720134065422939,0.3835389411345911,0.6164610588654089,360.0,1060.0,False,3760.0,0.0,0.9999999999999992,00,operational,224,0.3859649122807017
0.9244055245616256,0.0755944754383743,0.3835389411345911,0.6164610588654089,360.0,1110.0,False,3760.0,0.0,0.9999999999999992,01,operational,224,0.3859649122807017
0.917249022439352,0.082750977560648,0.423688092404487,0.576311907595513,360.0,1060.0,False,3760.0,0.0,0.9999999999999992,10,operational,224,0.3859649122807017
0.9129213411687136,0.0870786588312865,0.423688092404487,0.576311907595513,360.0,1110.0,False,3760.0,0.0,0.9999999999999992,11,operational,224,0.3859649122807017
0.9530692529772132,0.0469307470227866,0.3676403497151764,0.6323596502848235,360.0,820.0,False,3760.0,0.0,0.9999999999999992,00,operational,225,0.3333333333333333
0.950279850942151,0.049720149057849,0.3676403497151764,0.6323596502848235,360.0,860.0,False,3760.0,0.0,0.9999999999999992,01,operational,225,0.3333333333333333
0.9412306795381288,0.0587693204618712,0.4551585339214582,0.5448414660785418,360.0,820.0,False,3760.0,0.0,0.9999999999999992,10,operational,225,0.3333333333333333
0.9372570083241758,0.0627429916758242,0.4551585339214582,0.5448414660785418,360.0,870.0,False,3760.0,0.0,0.9999999999999992,11,operational,225,0.3333333333333333
0.8826422541886719,0.117357745811328,0.6051594409607044,0.3948405590392956,360.0,1260.0,False,3760.0,0.0,0.9999999999999992,00,operational,226,0.3508771929824561
0.8816511808826951,0.1183488191173048,0.6051594409607044,0.3948405590392956,360.0,1270.0,False,3760.0,0.0,0.9999999999999992,01,operational,226,0.3508771929824561
0.8688232052912627,0.1311767947087373,0.6681853413264487,0.3318146586735513,360.0,1260.0,False,3760.0,0.0,0.9999999999999992,10,operational,226,0.3508771929824561
0.8675822565005974,0.1324177434994026,0.6681853413264487,0.3318146586735513,360.0,1270.0,False,3760.0,0.0,0.9999999999999992,11,operational,226,0.3508771929824561
0.8807416802585424,0.1192583197414576,0.5404180436149731,0.4595819563850268,360.0,1300.0,False,3760.0,0.0,0.9999999999999992,00,operational,227,0.4561403508771929
0.8780510071335912,0.1219489928664088,0.5404180436149731,0.4595819563850268,360.0,1330.0,False,3760.0,0.0,0.9999999999999992,01,operational,227,0.4561403508771929
0.8699430320504277,0.1300569679495723,0.5640778660472475,0.4359221339527525,360.0,1300.0,False,3760.0,0.0,0.9999999999999992,10,operational,227,0.4561403508771929
0.866791516904473,0.133208483095527,0.5640778660472475,0.4359221339527525,360.0,1330.0,False,3760.0,0.0,0.9999999999999992,11,operational,227,0.4561403508771929
0.7425511294047401,0.2574488705952599,0.7595948127414858,0.2404051872585142,360.0,2170.0,False,3760.0,0.0,0.9999999999999992,00,operational,228,0.5087719298245614
0.7130181474143004,0.2869818525856996,0.7595948127414858,0.2404051872585142,360.0,2400.0,False,3760.0,0.0,0.9999999999999992,01,operational,228,0.5087719298245614
0.7292141140989116,0.2707858859010884,0.7621801080726,0.2378198919274,360.0,2180.0,False,3760.0,0.0,0.9999999999999992,10,operational,228,0.5087719298245614
0.698138021203638,0.301861978796362,0.7621801080726,0.2378198919274,360.0,2400.0,False,3760.0,0.0,0.9999999999999992,11,operational,228,0.5087719298245614
0.7810565863364045,0.2189434136635955,0.8224349307487627,0.1775650692512372,360.0,1970.0,False,3760.0,0.0,0.9999999999999992,00,operational,229,0.5263157894736842
0.7693258549902688,0.2306741450097311,0.8224349307487627,0.1775650692512372,360.0,2070.0,False,3760.0,0.0,0.9999999999999992,01,operational,229,0.5263157894736842
0.7592801516721028,0.2407198483278971,0.8971884691934564,0.1028115308065435,360.0,1970.0,False,3760.0,0.0,0.9999999999999992,10,operational,229,0.5263157894736842
0.7455536342651117,0.2544463657348883,0.8971884691934564,0.1028115308065435,360.0,2070.0,False,3760.0,0.0,0.9999999999999992,11,operational,229,0.5263157894736842
0.944445848649058,0.0555541513509421,0.4322905618643212,0.5677094381356788,360.0,790.0,False,3760.0,0.0,0.9999999999999992,00,operational,230,0.3333333333333333
0.9432087678122368,0.0567912321877632,0.4322905618643212,0.5677094381356788,360.0,810.0,False,3760.0,0.0,0.9999999999999992,01,operational,230,0.3333333333333333
0.9387474843453008,0.0612525156546992,0.466841395514894,0.533158604485106,360.0,790.0,False,3760.0,0.0,0.9999999999999992,10,operational,230,0.3333333333333333
0.9370218981884466,0.0629781018115533,0.466841395514894,0.533158604485106,360.0,810.0,False,3760.0,0.0,0.9999999999999992,11,operational,230,0.3333333333333333
0.8085983578400854,0.1914016421599146,0.9229751814492498,0.0770248185507501,360.0,1620.0,False,3760.0,0.0,0.9999999999999992,00,operational,231,0.4561403508771929
0.7915019029273747,0.2084980970726253,0.9229751814492498,0.0770248185507501,360.0,1730.0,False,3760.0,0.0,0.9999999999999992,01,operational,231,0.4561403508771929
0.7917185865314663,0.2082814134685336,0.9914355967736884,0.0085644032263115,360.0,1620.0,False,3760.0,0.0,0.9999999999999992,10,operational,231,0.4561403508771929
0.7730017279932336,0.2269982720067663,0.9914355967736884,0.0085644032263115,360.0,1730.0,False,3760.0,0.0,0.9999999999999992,11,operational,231,0.4561403508771929
0.9406201848138328,0.0593798151861673,0.3745584452606696,0.6254415547393304,360.0,920.0,False,3760.0,0.0,0.9999999999999992,00,operational,232,0.3508771929824561
0.938766646501486,0.0612333534985138,0.3745584452606696,0.6254415547393304,360.0,950.0,False,3760.0,0.0,0.9999999999999992,01,operational,232,0.3508771929824561
0.9323441959161318,0.0676558040838681,0.4006120182871253,0.5993879817128747,360.0,920.0,False,3760.0,0.0,0.9999999999999992,10,operational,232,0.3508771929824561
0.9299868137682132,0.0700131862317868,0.4006120182871253,0.5993879817128747,360.0,960.0,False,3760.0,0.0,0.9999999999999992,11,operational,232,0.3508771929824561
0.8140654567663582,0.1859345432336417,0.9243113613433666,0.0756886386566334,360.0,1620.0,False,3760.0,0.0,0.9999999999999992,00,operational,233,0.5087719298245614
0.8124324865698057,0.1875675134301943,0.9243113613433666,0.0756886386566334,360.0,1660.0,False,3760.0,0.0,0.9999999999999992,01,operational,233,0.5087719298245614
0.7917398916815565,0.2082601083184435,0.9748034096557684,0.0251965903442315,360.0,1640.0,False,3760.0,0.0,0.9999999999999992,10,operational,233,0.5087719298245614
0.7890251209531468,0.2109748790468532,0.9748034096557684,0.0251965903442315,360.0,1670.0,False,3760.0,0.0,0.9999999999999992,11,operational,233,0.5087719298245614
0.9217135448788284,0.0782864551211717,0.4503720527982287,0.5496279472017713,360.0,1060.0,False,3760.0,0.0,0.9999999999999992,00,operational,234,0.4210526315789473
0.9050915612162794,0.0949084387837205,0.4503720527982287,0.5496279472017713,360.0,1210.0,False,3760.0,0.0,0.9999999999999992,01,operational,234,0.4210526315789473
0.91348515726686,0.0865148427331399,0.4782983817110976,0.5217016182889024,360.0,1060.0,False,3760.0,0.0,0.9999999999999992,10,operational,234,0.4210526315789473
0.8957860062043259,0.104213993795674,0.4782983817110976,0.5217016182889024,360.0,1210.0,False,3760.0,0.0,0.9999999999999992,11,operational,234,0.4210526315789473
0.9607572028264112,0.0392427971735888,0.3609903500528203,0.6390096499471797,360.0,720.0,False,3760.0,0.0,0.9999999999999992,00,operational,235,0.3333333333333333
0.9605049145416896,0.0394950854583104,0.3609903500528203,0.6390096499471797,360.0,740.0,False,3760.0,0.0,0.9999999999999992,01,operational,235,0.3333333333333333
0.95099555480427,0.0490044451957301,0.4035126056434199,0.59648739435658,360.0,730.0,False,3760.0,0.0,0.9999999999999992,10,operational,235,0.3333333333333333
0.9505051164218258,0.0494948835781742,0.4035126056434199,0.59648739435658,360.0,740.0,False,3760.0,0.0,0.9999999999999992,11,operational,235,0.3333333333333333
0.8411927730727797,0.1588072269272202,0.6315477116799069,0.3684522883200931,360.0,1540.0,False,3760.0,0.0,0.9999999999999992,00,operational,236,0.4736842105263157
0.8208940801339226,0.1791059198660773,0.6315477116799069,0.3684522883200931,360.0,1690.0,False,3760.0,0.0,0.9999999999999992,01,operational,236,0.4736842105263157
0.8264872782520863,0.1735127217479136,0.6536153342048836,0.3463846657951164,360.0,1550.0,False,3760.0,0.0,0.9999999999999992,10,operational,236,0.4736842105263157
0.8047457431409252,0.1952542568590748,0.6536153342048836,0.3463846657951164,360.0,1700.0,False,3760.0,0.0,0.9999999999999992,11,operational,236,0.4736842105263157
0.8288562119474818,0.1711437880525181,0.5450730563706208,0.4549269436293793,290.0,1700.0,False,3760.0,0.0,0.9999999999999992,00,operational,237,0.3684210526315789
0.8288078222745041,0.1711921777254959,0.5450730563706208,0.4549269436293793,290.0,1700.0,False,3760.0,0.0,0.9999999999999992,01,operational,237,0.3684210526315789
0.8141128659653756,0.1858871340346244,0.5763361059614176,0.4236638940385824,360.0,1700.0,False,3760.0,0.0,0.9999999999999992,10,operational,237,0.3684210526315789
0.8139260707475955,0.1860739292524045,0.5763361059614176,0.4236638940385824,360.0,1700.0,False,3760.0,0.0,0.9999999999999992,11,operational,237,0.3684210526315789
0.9430825877993594,0.0569174122006406,0.401795507657011,0.598204492342989,360.0,740.0,False,3760.0,0.0,0.9999999999999992,00,operational,238,0.2456140350877192
0.9299001281722516,0.0700998718277483,0.401795507657011,0.598204492342989,360.0,860.0,False,3760.0,0.0,0.9999999999999992,01,operational,238,0.2456140350877192
0.9295737645749153,0.0704262354250848,0.4695390139168492,0.5304609860831507,360.0,740.0,False,3760.0,0.0,0.9999999999999992,10,operational,238,0.2456140350877192
0.912986783074433,0.0870132169255669,0.4695390139168492,0.5304609860831507,360.0,870.0,False,3760.0,0.0,0.9999999999999992,11,operational,238,0.2456140350877192
0.8564747392538823,0.1435252607461177,0.5866218226835023,0.4133781773164978,360.0,1430.0,False,3760.0,0.0,0.9999999999999992,00,operational,239,0.4035087719298245
0.8516463934735514,0.1483536065264485,0.5866218226835023,0.4133781773164978,360.0,1480.0,False,3760.0,0.0,0.9999999999999992,01,operational,239,0.4035087719298245
0.8470332996317879,0.1529667003682121,0.5977729862449161,0.4022270137550838,360.0,1440.0,False,3760.0,0.0,0.9999999999999992,10,operational,239,0.4035087719298245
0.8414987148532457,0.1585012851467543,0.5977729862449161,0.4022270137550838,360.0,1490.0,False,3760.0,0.0,0.9999999999999992,11,operational,239,0.4035087719298245
0.9089068150824314,0.0910931849175685,0.5539609307642175,0.4460390692357825,360.0,1100.0,False,3760.0,0.0,0.9999999999999992,00,operational,240,0.3684210526315789
0.899966245441116,0.1000337545588839,0.5539609307642175,0.4460390692357825,360.0,1200.0,False,3760.0,0.0,0.9999999999999992,01,operational,240,0.3684210526315789
0.8978340072427966,0.1021659927572034,0.6264821636625414,0.3735178363374586,360.0,1100.0,False,3760.0,0.0,0.9999999999999992,10,operational,240,0.3684210526315789
0.8876338800208573,0.1123661199791427,0.6264821636625414,0.3735178363374586,360.0,1210.0,False,3760.0,0.0,0.9999999999999992,11,operational,240,0.3684210526315789
0.870813372798157,0.129186627201843,0.531473082218175,0.468526917781825,360.0,1420.0,False,3760.0,0.0,0.9999999999999992,00,operational,241,0.4561403508771929
0.8694016546920165,0.1305983453079835,0.531473082218175,0.468526917781825,360.0,1430.0,False,3760.0,0.0,0.9999999999999992,01,operational,241,0.4561403508771929
0.8585733340562942,0.1414266659437058,0.5499947178917728,0.4500052821082272,360.0,1420.0,False,3760.0,0.0,0.9999999999999992,10,operational,241,0.4561403508771929
0.8566821999603814,0.1433178000396185,0.5499947178917728,0.4500052821082272,360.0,1440.0,False,3760.0,0.0,0.9999999999999992,11,operational,241,0.4561403508771929
0.8376090492738326,0.1623909507261673,0.6652112984060817,0.3347887015939182,360.0,1550.0,False,3760.0,0.0,0.9999999999999992,00,operational,242,0.4035087719298245
0.835368083838367,0.1646319161616329,0.6652112984060817,0.3347887015939182,360.0,1570.0,False,3760.0,0.0,0.9999999999999992,01,operational,242,0.4035087719298245
0.8198225762389039,0.1801774237610961,0.7041047071807387,0.2958952928192612,360.0,1550.0,False,3760.0,0.0,0.9999999999999992,10,operational,242,0.4035087719298245
0.8169829808490714,0.1830170191509286,0.7041047071807387,0.2958952928192612,360.0,1570.0,False,3760.0,0.0,0.9999999999999992,11,operational,242,0.4035087719298245
0.9061232077690248,0.0938767922309753,0.5941991322649285,0.4058008677350715,360.0,1060.0,False,3760.0,0.0,0.9999999999999992,00,operational,243,0.3859649122807017
0.9058552785515984,0.0941447214484016,0.5941991322649285,0.4058008677350715,360.0,1070.0,False,3760.0,0.0,0.9999999999999992,01,operational,243,0.3859649122807017
0.9010402777344196,0.0989597222655802,0.6404097323081944,0.3595902676918056,360.0,1060.0,False,3760.0,0.0,0.9999999999999992,10,operational,243,0.3859649122807017
0.90060534128471,0.0993946587152899,0.6404097323081944,0.3595902676918056,360.0,1070.0,False,3760.0,0.0,0.9999999999999992,11,operational,243,0.3859649122807017
0.8888129161493645,0.1111870838506354,0.5300089545105561,0.4699910454894439,360.0,1350.0,False,3760.0,0.0,0.9999999999999992,00,operational,244,0.4736842105263157
0.8699756730436485,0.1300243269563514,0.5300089545105561,0.4699910454894439,360.0,1500.0,False,3760.0,0.0,0.9999999999999992,01,operational,244,0.4736842105263157
0.8777687301250532,0.1222312698749468,0.5528798780491161,0.4471201219508839,360.0,1350.0,False,3760.0,0.0,0.9999999999999992,10,operational,244,0.4736842105263157
0.857851748342626,0.142148251657374,0.5528798780491161,0.4471201219508839,360.0,1500.0,False,3760.0,0.0,0.9999999999999992,11,operational,244,0.4736842105263157
0.9012976023285294,0.0987023976714706,0.7250512784598635,0.2749487215401365,360.0,1040.0,False,3760.0,0.0,0.9999999999999992,00,operational,245,0.3859649122807017
0.8988434054111629,0.101156594588837,0.7250512784598635,0.2749487215401365,360.0,1070.0,False,3760.0,0.0,0.9999999999999992,01,operational,245,0.3859649122807017
0.8947660148626129,0.1052339851373871,0.8088632024741136,0.1911367975258864,360.0,1040.0,False,3760.0,0.0,0.9999999999999992,10,operational,245,0.3859649122807017
0.8920362742198588,0.1079637257801412,0.8088632024741136,0.1911367975258864,360.0,1070.0,False,3760.0,0.0,0.9999999999999992,11,operational,245,0.3859649122807017
0.9427114719367408,0.0572885280632592,0.415162188863978,0.584837811136022,360.0,810.0,False,3760.0,0.0,0.9999999999999992,00,operational,246,0.3684210526315789
0.9399067728730138,0.0600932271269861,0.415162188863978,0.584837811136022,360.0,840.0,False,3760.0,0.0,0.9999999999999992,01,operational,246,0.3684210526315789
0.9404808947734428,0.0595191052265572,0.4339581751166319,0.5660418248833681,360.0,810.0,False,3760.0,0.0,0.9999999999999992,10,operational,246,0.3684210526315789
0.937371904025339,0.062628095974661,0.4339581751166319,0.5660418248833681,360.0,840.0,False,3760.0,0.0,0.9999999999999992,11,operational,246,0.3684210526315789
0.8537634160302876,0.1462365839697124,0.8813724106517433,0.1186275893482566,360.0,1340.0,False,3760.0,0.0,0.9999999999999992,00,operational,247,0.4035087719298245
0.8371440007998109,0.1628559992001891,0.8813724106517433,0.1186275893482566,360.0,1430.0,False,3760.0,0.0,0.9999999999999992,01,operational,247,0.4035087719298245
0.8394222660748754,0.1605777339251246,0.947560904531147,0.0524390954688529,360.0,1340.0,False,3760.0,0.0,0.9999999999999992,10,operational,247,0.4035087719298245
0.8201812638739695,0.1798187361260305,0.947560904531147,0.0524390954688529,360.0,1430.0,False,3760.0,0.0,0.9999999999999992,11,operational,247,0.4035087719298245
0.8758859918984296,0.1241140081015703,0.5583571559376936,0.4416428440623063,360.0,1370.0,False,3760.0,0.0,0.9999999999999992,00,operational,248,0.4736842105263157
0.8692606134334164,0.1307393865665835,0.5583571559376936,0.4416428440623063,360.0,1440.0,False,3760.0,0.0,0.9999999999999992,01,operational,248,0.4736842105263157
0.857291626420883,0.142708373579117,0.6040597930146323,0.3959402069853676,360.0,1370.0,False,3760.0,0.0,0.9999999999999992,10,operational,248,0.4736842105263157
0.8488061355022769,0.1511938644977231,0.6040597930146323,0.3959402069853676,360.0,1450.0,False,3760.0,0.0,0.9999999999999992,11,operational,248,0.4736842105263157
0.9316462720951976,0.0683537279048023,0.446373069706103,0.553626930293897,360.0,920.0,False,3760.0,0.0,0.9999999999999992,00,operational,249,0.3684210526315789
0.9305188707778792,0.0694811292221209,0.446373069706103,0.553626930293897,360.0,930.0,False,3760.0,0.0,0.9999999999999992,01,operational,249,0.3684210526315789
0.9233344935723444,0.0766655064276555,0.4700678929703975,0.5299321070296025,360.0,920.0,False,3760.0,0.0,0.9999999999999992,10,operational,249,0.3684210526315789
0.9217781849737416,0.0782218150262583,0.4700678929703975,0.5299321070296025,360.0,940.0,False,3760.0,0.0,0.9999999999999992,11,operational,249,0.3684210526315789
0.9569741496799242,0.0430258503200757,0.3631473069172714,0.6368526930827286,360.0,650.0,False,3760.0,0.0,0.9999999999999992,00,operational,250,0.2280701754385964
0.9526935098557228,0.0473064901442771,0.3631473069172714,0.6368526930827286,360.0,710.0,False,3760.0,0.0,0.9999999999999992,01,operational,250,0.2280701754385964
0.9510120928514794,0.0489879071485206,0.3889692134021548,0.6110307865978452,360.0,660.0,False,3760.0,0.0,0.9999999999999992,10,operational,250,0.2280701754385964
0.9459296948207256,0.0540703051792743,0.3889692134021548,0.6110307865978452,360.0,710.0,False,3760.0,0.0,0.9999999999999992,11,operational,250,0.2280701754385964
0.8973876940627581,0.1026123059372419,0.7276972187881413,0.2723027812118587,360.0,1050.0,False,3760.0,0.0,0.9999999999999992,00,operational,251,0.3859649122807017
0.8972425951442226,0.1027574048557774,0.7276972187881413,0.2723027812118587,360.0,1050.0,False,3760.0,0.0,0.9999999999999992,01,operational,251,0.3859649122807017
0.8858192337041007,0.1141807662958993,0.7995418017067669,0.200458198293233,360.0,1050.0,False,3760.0,0.0,0.9999999999999992,10,operational,251,0.3859649122807017
0.8854613262658193,0.1145386737341807,0.7995418017067669,0.200458198293233,360.0,1060.0,False,3760.0,0.0,0.9999999999999992,11,operational,251,0.3859649122807017
0.9119877020084508,0.088012297991549,0.4699941779386762,0.5300058220613237,360.0,1030.0,False,3760.0,0.0,0.9999999999999992,00,operational,252,0.3333333333333333
0.9095997247553382,0.0904002752446617,0.4699941779386762,0.5300058220613237,360.0,1060.0,False,3760.0,0.0,0.9999999999999992,01,operational,252,0.3333333333333333
0.9076837312426136,0.0923162687573864,0.4778117615307022,0.5221882384692977,360.0,1040.0,False,3760.0,0.0,0.9999999999999992,10,operational,252,0.3333333333333333
0.9049204208977164,0.0950795791022834,0.4778117615307022,0.5221882384692977,360.0,1060.0,False,3760.0,0.0,0.9999999999999992,11,operational,252,0.3333333333333333
0.8675378408133265,0.1324621591866734,0.8508298087237196,0.1491701912762804,290.0,1290.0,False,3760.0,0.0,0.9999999999999992,00,operational,253,0.4035087719298245
0.8536549190014585,0.1463450809985415,0.8508298087237196,0.1491701912762804,290.0,1370.0,False,3760.0,0.0,0.9999999999999992,01,operational,253,0.4035087719298245
0.8517110703111537,0.1482889296888463,0.955585191717934,0.0444148082820658,290.0,1290.0,False,3760.0,0.0,0.9999999999999992,10,operational,253,0.4035087719298245
0.8348997943189291,0.1651002056810708,0.955585191717934,0.0444148082820658,290.0,1380.0,False,3760.0,0.0,0.9999999999999992,11,operational,253,0.4035087719298245
0.9784903558328958,0.0215096441671042,0.2558685268334929,0.7441314731665071,360.0,450.0,False,3760.0,0.0,0.9999999999999992,00,operational,254,0.1929824561403508
0.9784903558328958,0.0215096441671042,0.2558685268334929,0.7441314731665071,360.0,450.0,False,3760.0,0.0,0.9999999999999992,01,operational,254,0.1929824561403508
0.9742121563278112,0.0257878436721887,0.3143507408886651,0.6856492591113349,360.0,450.0,False,3760.0,0.0,0.9999999999999992,10,operational,254,0.1929824561403508
0.9742121563278112,0.0257878436721887,0.3143507408886651,0.6856492591113349,360.0,450.0,False,3760.0,0.0,0.9999999999999992,11,operational,254,0.1929824561403508
0.7551652068549267,0.2448347931450732,0.8744208876122418,0.1255791123877582,360.0,1850.0,False,3760.0,0.0,0.9999999999999992,00,operational,255,0.4210526315789473
0.7065467872281496,0.2934532127718504,0.8744208876122418,0.1255791123877582,360.0,2140.0,False,3760.0,0.0,0.9999999999999992,01,operational,255,0.4210526315789473
0.7299200787600048,0.2700799212399952,0.9460317339931752,0.0539682660068247,360.0,1850.0,False,3760.0,0.0,0.9999999999999992,10,operational,255,0.4210526315789473
0.6757993016948922,0.3242006983051078,0.9460317339931752,0.0539682660068247,360.0,2150.0,False,3760.0,0.0,0.9999999999999992,11,operational,255,0.4210526315789473
0.978220646360641,0.021779353639359,0.2707524622642405,0.7292475377357595,360.0,460.0,False,3760.0,0.0,0.9999999999999992,00,operational,256,0.2280701754385964
0.9780800594654588,0.0219199405345412,0.2707524622642405,0.7292475377357595,360.0,470.0,False,3760.0,0.0,0.9999999999999992,01,operational,256,0.2280701754385964
0.974556364298147,0.025443635701853,0.3053392832120214,0.6946607167879786,360.0,470.0,False,3760.0,0.0,0.9999999999999992,10,operational,256,0.2280701754385964
0.9743044511528408,0.025695548847159,0.3053392832120214,0.6946607167879786,360.0,470.0,False,3760.0,0.0,0.9999999999999992,11,operational,256,0.2280701754385964
0.8077771631184084,0.1922228368815915,0.8260619975382777,0.1739380024617223,360.0,1630.0,False,3760.0,0.0,0.9999999999999992,00,operational,257,0.4736842105263157
0.7987761149592879,0.2012238850407121,0.8260619975382777,0.1739380024617223,360.0,1710.0,False,3760.0,0.0,0.9999999999999992,01,operational,257,0.4736842105263157
0.7902150812016797,0.2097849187983202,0.8814213072378787,0.1185786927621212,360.0,1640.0,False,3760.0,0.0,0.9999999999999992,10,operational,257,0.4736842105263157
0.7798817942521575,0.2201182057478424,0.8814213072378787,0.1185786927621212,360.0,1710.0,False,3760.0,0.0,0.9999999999999992,11,operational,257,0.4736842105263157
0.8817381071997183,0.1182618928002816,0.7352919659215917,0.2647080340784082,360.0,1220.0,False,3760.0,0.0,0.9999999999999992,00,operational,258,0.4210526315789473
0.867582002884949,0.1324179971150509,0.7352919659215917,0.2647080340784082,360.0,1330.0,False,3760.0,0.0,0.9999999999999992,01,operational,258,0.4210526315789473
0.8674250445011306,0.1325749554988694,0.808494181792662,0.191505818207338,360.0,1220.0,False,3760.0,0.0,0.9999999999999992,10,operational,258,0.4210526315789473
0.8516063289852354,0.1483936710147646,0.808494181792662,0.191505818207338,360.0,1330.0,False,3760.0,0.0,0.9999999999999992,11,operational,258,0.4210526315789473
0.8580340530415156,0.1419659469584844,0.7349379115829133,0.2650620884170867,360.0,1400.0,False,3760.0,0.0,0.9999999999999992,00,operational,259,0.4736842105263157
0.8469699637917866,0.1530300362082134,0.7349379115829133,0.2650620884170867,360.0,1480.0,False,3760.0,0.0,0.9999999999999992,01,operational,259,0.4736842105263157
0.8437063481299689,0.156293651870031,0.7910765812625595,0.2089234187374405,360.0,1400.0,False,3760.0,0.0,0.9999999999999992,10,operational,259,0.4736842105263157
0.8312469092042067,0.1687530907957932,0.7910765812625595,0.2089234187374405,360.0,1480.0,False,3760.0,0.0,0.9999999999999992,11,operational,259,0.4736842105263157
0.7654311301331698,0.2345688698668302,0.753862337785753,0.246137662214247,360.0,1980.0,False,3760.0,0.0,0.9999999999999992,00,operational,260,0.4912280701754385
0.759156464643851,0.240843535356149,0.753862337785753,0.246137662214247,360.0,2030.0,False,3760.0,0.0,0.9999999999999992,01,operational,260,0.4912280701754385
0.7419930445725871,0.2580069554274129,0.7954585662562842,0.2045414337437157,220.0,1980.0,False,3760.0,0.0,0.9999999999999992,10,operational,260,0.4912280701754385
0.7342618252364268,0.2657381747635732,0.7954585662562842,0.2045414337437157,220.0,2040.0,False,3760.0,0.0,0.9999999999999992,11,operational,260,0.4912280701754385
0.9574543589487736,0.0425456410512263,0.3056595227289659,0.6943404772710341,360.0,750.0,False,3760.0,0.0,0.9999999999999992,00,operational,261,0.2982456140350877
0.9572686338209372,0.0427313661790627,0.3056595227289659,0.6943404772710341,360.0,750.0,False,3760.0,0.0,0.9999999999999992,01,operational,261,0.2982456140350877
0.9466980044011484,0.0533019955988516,0.4012454525400539,0.598754547459946,360.0,750.0,False,3760.0,0.0,0.9999999999999992,10,operational,261,0.2982456140350877
0.9462547764692196,0.0537452235307802,0.4012454525400539,0.598754547459946,360.0,760.0,False,3760.0,0.0,0.9999999999999992,11,operational,261,0.2982456140350877
0.8197265315574017,0.1802734684425982,0.6733123596760892,0.3266876403239108,360.0,1760.0,False,3760.0,0.0,0.9999999999999992,00,operational,262,0.5263157894736842
0.811147043256701,0.188852956743299,0.6733123596760892,0.3266876403239108,360.0,1840.0,False,3760.0,0.0,0.9999999999999992,01,operational,262,0.5263157894736842
0.7967498661408949,0.203250133859105,0.7513369559309526,0.2486630440690473,360.0,1760.0,False,3760.0,0.0,0.9999999999999992,10,operational,262,0.5263157894736842
0.7864992301944993,0.2135007698055007,0.7513369559309526,0.2486630440690473,360.0,1840.0,False,3760.0,0.0,0.9999999999999992,11,operational,262,0.5263157894736842
0.9011035182486208,0.0988964817513793,0.5824164254374334,0.4175835745625665,360.0,1150.0,False,3760.0,0.0,0.9999999999999992,00,operational,263,0.4035087719298245
0.8941137685829803,0.1058862314170197,0.5824164254374334,0.4175835745625665,360.0,1220.0,False,3760.0,0.0,0.9999999999999992,01,operational,263,0.4035087719298245
0.8944373965505449,0.1055626034494551,0.6179184759358634,0.3820815240641366,360.0,1150.0,False,3760.0,0.0,0.9999999999999992,10,operational,263,0.4035087719298245
0.8870859837515488,0.1129140162484512,0.6179184759358634,0.3820815240641366,360.0,1220.0,False,3760.0,0.0,0.9999999999999992,11,operational,263,0.4035087719298245
0.8004183537126384,0.1995816462873616,0.8508127863414571,0.1491872136585429,360.0,1810.0,False,3760.0,0.0,0.9999999999999992,00,operational,264,0.4385964912280701
0.7840535380324202,0.2159464619675798,0.8508127863414571,0.1491872136585429,360.0,1960.0,False,3760.0,0.0,0.9999999999999992,01,operational,264,0.4385964912280701
0.7712688722692141,0.2287311277307858,0.956917186908353,0.0430828130916469,360.0,1810.0,False,3760.0,0.0,0.9999999999999992,10,operational,264,0.4385964912280701
0.7532523350260362,0.2467476649739638,0.956917186908353,0.0430828130916469,360.0,1970.0,False,3760.0,0.0,0.9999999999999992,11,operational,264,0.4385964912280701
0.9479291254293758,0.0520708745706242,0.3526234584064649,0.6473765415935351,360.0,860.0,False,3760.0,0.0,0.9999999999999992,00,operational,265,0.4035087719298245
0.9447637042240196,0.0552362957759803,0.3526234584064649,0.6473765415935351,360.0,900.0,False,3760.0,0.0,0.9999999999999992,01,operational,265,0.4035087719298245
0.9431359719584894,0.0568640280415105,0.3794266019216313,0.6205733980783686,360.0,860.0,False,3760.0,0.0,0.9999999999999992,10,operational,265,0.4035087719298245
0.939514885699842,0.0604851143001579,0.3794266019216313,0.6205733980783686,360.0,900.0,False,3760.0,0.0,0.9999999999999992,11,operational,265,0.4035087719298245
0.9464582818975698,0.0535417181024302,0.3919292190741118,0.6080707809258882,360.0,820.0,False,3760.0,0.0,0.9999999999999992,00,operational,266,0.3508771929824561
0.9464582818975698,0.0535417181024302,0.3919292190741118,0.6080707809258882,360.0,820.0,False,3760.0,0.0,0.9999999999999992,01,operational,266,0.3508771929824561
0.9372689932845284,0.0627310067154715,0.4387544354207162,0.5612455645792838,360.0,820.0,False,3760.0,0.0,0.9999999999999992,10,operational,266,0.3508771929824561
0.9372689932845284,0.0627310067154715,0.4387544354207162,0.5612455645792838,360.0,820.0,False,3760.0,0.0,0.9999999999999992,11,operational,266,0.3508771929824561
0.8573247092229694,0.1426752907770305,0.5216799042422318,0.4783200957577682,360.0,1550.0,False,3760.0,0.0,0.9999999999999992,00,operational,267,0.4210526315789473
0.8541703369438307,0.1458296630561693,0.5216799042422318,0.4783200957577682,360.0,1580.0,False,3760.0,0.0,0.9999999999999992,01,operational,267,0.4210526315789473
0.8488437763937784,0.1511562236062216,0.5343231404428125,0.4656768595571875,360.0,1550.0,False,3760.0,0.0,0.9999999999999992,10,operational,267,0.4210526315789473
0.8451572157873566,0.1548427842126434,0.5343231404428125,0.4656768595571875,360.0,1590.0,False,3760.0,0.0,0.9999999999999992,11,operational,267,0.4210526315789473
0.8706878022140806,0.1293121977859194,0.495282264083365,0.5047177359166349,360.0,1430.0,False,3760.0,0.0,0.9999999999999992,00,operational,268,0.4210526315789473
0.8513203057326324,0.1486796942673676,0.495282264083365,0.5047177359166349,360.0,1600.0,False,3760.0,0.0,0.9999999999999992,01,operational,268,0.4210526315789473
0.8592324832881219,0.1407675167118781,0.5037563427708067,0.4962436572291933,360.0,1430.0,False,3760.0,0.0,0.9999999999999992,10,operational,268,0.4210526315789473
0.8387546253289584,0.1612453746710416,0.5037563427708067,0.4962436572291933,360.0,1600.0,False,3760.0,0.0,0.9999999999999992,11,operational,268,0.4210526315789473
0.7380877722071036,0.2619122277928963,0.8187339186010028,0.1812660813989973,270.0,2210.0,False,3760.0,0.0,0.9999999999999992,00,operational,269,0.6140350877192983
0.722262166197125,0.277737833802875,0.8187339186010028,0.1812660813989973,270.0,2320.0,False,3760.0,0.0,0.9999999999999992,01,operational,269,0.6140350877192983
0.7167110591325608,0.2832889408674391,0.8297275498189047,0.1702724501810953,270.0,2210.0,False,3760.0,0.0,0.9999999999999992,10,operational,269,0.6140350877192983
0.6991934501830501,0.3008065498169499,0.8297275498189047,0.1702724501810953,270.0,2320.0,False,3760.0,0.0,0.9999999999999992,11,operational,269,0.6140350877192983
0.9102534635680992,0.0897465364319006,0.463460211708903,0.5365397882910969,360.0,1050.0,False,3760.0,0.0,0.9999999999999992,00,operational,270,0.3157894736842105
0.9086188507848912,0.0913811492151088,0.463460211708903,0.5365397882910969,360.0,1070.0,False,3760.0,0.0,0.9999999999999992,01,operational,270,0.3157894736842105
0.9064706390847804,0.0935293609152194,0.4624821843241641,0.5375178156758359,360.0,1060.0,False,3760.0,0.0,0.9999999999999992,10,operational,270,0.3157894736842105
0.904605500847608,0.095394499152392,0.4624821843241641,0.5375178156758359,360.0,1070.0,False,3760.0,0.0,0.9999999999999992,11,operational,270,0.3157894736842105
0.9141798181045572,0.0858201818954429,0.628271974678617,0.3717280253213831,360.0,970.0,False,3760.0,0.0,0.9999999999999992,00,operational,271,0.2982456140350877
0.9115433882839022,0.0884566117160977,0.628271974678617,0.3717280253213831,360.0,1000.0,False,3760.0,0.0,0.9999999999999992,01,operational,271,0.2982456140350877
0.9046778877522448,0.0953221122477553,0.7047360928420805,0.2952639071579195,360.0,970.0,False,3760.0,0.0,0.9999999999999992,10,operational,271,0.2982456140350877
0.9016838797379394,0.0983161202620606,0.7047360928420805,0.2952639071579195,360.0,1000.0,False,3760.0,0.0,0.9999999999999992,11,operational,271,0.2982456140350877
0.8605967108792246,0.1394032891207753,0.5395856052130463,0.4604143947869536,360.0,1410.0,False,3760.0,0.0,0.9999999999999992,00,operational,272,0.4035087719298245
0.8525124409819363,0.1474875590180636,0.5395856052130463,0.4604143947869536,360.0,1490.0,False,3760.0,0.0,0.9999999999999992,01,operational,272,0.4035087719298245
0.8512763553640437,0.1487236446359563,0.5478665202497558,0.4521334797502442,360.0,1420.0,False,3760.0,0.0,0.9999999999999992,10,operational,272,0.4035087719298245
0.8422248294731368,0.1577751705268631,0.5478665202497558,0.4521334797502442,360.0,1490.0,False,3760.0,0.0,0.9999999999999992,11,operational,272,0.4035087719298245
0.9617197913006575,0.0382802086993424,0.6949313164143093,0.3050686835856907,360.0,500.0,False,3760.0,0.0,0.9999999999999992,00,operational,273,0.175438596491228
0.9549292575824196,0.0450707424175804,0.6949313164143093,0.3050686835856907,360.0,580.0,False,3760.0,0.0,0.9999999999999992,01,operational,273,0.175438596491228
0.9506743483927884,0.0493256516072114,0.9465418396849962,0.0534581603150038,360.0,500.0,False,3760.0,0.0,0.9999999999999992,10,operational,273,0.175438596491228
0.9421646256778576,0.0578353743221422,0.9465418396849962,0.0534581603150038,360.0,580.0,False,3760.0,0.0,0.9999999999999992,11,operational,273,0.175438596491228
0.9387311930385472,0.0612688069614527,0.4504856709884504,0.5495143290115496,360.0,800.0,False,3760.0,0.0,0.9999999999999992,00,operational,274,0.3333333333333333
0.9383277913368288,0.0616722086631712,0.4504856709884504,0.5495143290115496,360.0,810.0,False,3760.0,0.0,0.9999999999999992,01,operational,274,0.3333333333333333
0.9286784809112838,0.0713215190887162,0.4891511141004406,0.5108488858995593,360.0,800.0,False,3760.0,0.0,0.9999999999999992,10,operational,274,0.3333333333333333
0.9280003712180231,0.0719996287819768,0.4891511141004406,0.5108488858995593,360.0,810.0,False,3760.0,0.0,0.9999999999999992,11,operational,274,0.3333333333333333
0.93788645253754,0.06211354746246,0.4125480071355399,0.58745199286446,360.0,810.0,False,3760.0,0.0,0.9999999999999992,00,operational,275,0.2982456140350877
0.9376372718387096,0.0623627281612905,0.4125480071355399,0.58745199286446,360.0,820.0,False,3760.0,0.0,0.9999999999999992,01,operational,275,0.2982456140350877
0.9321989040020522,0.0678010959979478,0.4287978990626564,0.5712021009373436,360.0,810.0,False,3760.0,0.0,0.9999999999999992,10,operational,275,0.2982456140350877
0.9317980040434302,0.0682019959565698,0.4287978990626564,0.5712021009373436,360.0,820.0,False,3760.0,0.0,0.9999999999999992,11,operational,275,0.2982456140350877
0.9349187352145172,0.0650812647854829,0.4083029715462727,0.5916970284537273,360.0,940.0,False,3760.0,0.0,0.9999999999999992,00,operational,276,0.3684210526315789
0.9327365915775068,0.0672634084224931,0.4083029715462727,0.5916970284537273,360.0,980.0,False,3760.0,0.0,0.9999999999999992,01,operational,276,0.3684210526315789
0.9268723097568696,0.0731276902431304,0.4282422374748088,0.5717577625251912,360.0,940.0,False,3760.0,0.0,0.9999999999999992,10,operational,276,0.3684210526315789
0.9242163875350218,0.0757836124649782,0.4282422374748088,0.5717577625251912,360.0,980.0,False,3760.0,0.0,0.9999999999999992,11,operational,276,0.3684210526315789
0.953395276043046,0.0466047239569541,0.4003476873120917,0.5996523126879083,360.0,630.0,False,3760.0,0.0,0.9999999999999992,00,operational,277,0.2105263157894736
0.9532873958365056,0.0467126041634945,0.4003476873120917,0.5996523126879083,360.0,630.0,False,3760.0,0.0,0.9999999999999992,01,operational,277,0.2105263157894736
0.951754095971271,0.0482459040287289,0.4104413926871627,0.5895586073128373,360.0,630.0,False,3760.0,0.0,0.9999999999999992,10,operational,277,0.2105263157894736
0.951545358117181,0.048454641882819,0.4104413926871627,0.5895586073128373,360.0,640.0,False,3760.0,0.0,0.9999999999999992,11,operational,277,0.2105263157894736
0.9438879783770624,0.0561120216229374,0.422692706067034,0.577307293932966,360.0,760.0,False,3760.0,0.0,0.9999999999999992,00,operational,278,0.2807017543859649
0.943763552025737,0.0562364479742629,0.422692706067034,0.577307293932966,360.0,760.0,False,3760.0,0.0,0.9999999999999992,01,operational,278,0.2807017543859649
0.937982343727618,0.0620176562723818,0.4450781544493219,0.554921845550678,360.0,760.0,False,3760.0,0.0,0.9999999999999992,10,operational,278,0.2807017543859649
0.9376744073075344,0.0623255926924657,0.4450781544493219,0.554921845550678,360.0,770.0,False,3760.0,0.0,0.9999999999999992,11,operational,278,0.2807017543859649
0.9486358308631144,0.0513641691368854,0.3917904118195137,0.6082095881804863,360.0,680.0,False,3760.0,0.0,0.9999999999999992,00,operational,279,0.2280701754385964
0.9486358308631144,0.0513641691368854,0.3917904118195137,0.6082095881804863,360.0,680.0,False,3760.0,0.0,0.9999999999999992,01,operational,279,0.2280701754385964
0.9462650429958636,0.0537349570041363,0.3966006658705151,0.6033993341294849,360.0,680.0,False,3760.0,0.0,0.9999999999999992,10,operational,279,0.2280701754385964
0.9462650429958636,0.0537349570041363,0.3966006658705151,0.6033993341294849,360.0,680.0,False,3760.0,0.0,0.9999999999999992,11,operational,279,0.2280701754385964
0.9164398962803496,0.0835601037196503,0.4277466822320012,0.5722533177679988,360.0,1020.0,False,3760.0,0.0,0.9999999999999992,00,operational,280,0.3508771929824561
0.9142353654550588,0.0857646345449413,0.4277466822320012,0.5722533177679988,360.0,1050.0,False,3760.0,0.0,0.9999999999999992,01,operational,280,0.3508771929824561
0.912623469479378,0.0873765305206218,0.4318140191978659,0.5681859808021341,290.0,1020.0,False,3760.0,0.0,0.9999999999999992,10,operational,280,0.3508771929824561
0.9102118560178492,0.0897881439821508,0.4318140191978659,0.5681859808021341,290.0,1050.0,False,3760.0,0.0,0.9999999999999992,11,operational,280,0.3508771929824561
0.9258193007591272,0.0741806992408727,0.4222026641424725,0.5777973358575275,360.0,980.0,False,3760.0,0.0,0.9999999999999992,00,operational,281,0.3157894736842105
0.9120956976526388,0.0879043023473611,0.4222026641424725,0.5777973358575275,360.0,1130.0,False,3760.0,0.0,0.9999999999999992,01,operational,281,0.3157894736842105
0.9192110713100892,0.0807889286899108,0.4351052442131904,0.5648947557868096,360.0,980.0,False,3760.0,0.0,0.9999999999999992,10,operational,281,0.3157894736842105
0.9036848849903394,0.0963151150096606,0.4351052442131904,0.5648947557868096,360.0,1130.0,False,3760.0,0.0,0.9999999999999992,11,operational,281,0.3157894736842105
0.9912210254421884,0.0087789745578117,0.1597434907390997,0.8402565092609002,360.0,310.0,False,3760.0,0.0,0.9999999999999992,00,operational,282,0.1228070175438596
0.9912210254421884,0.0087789745578117,0.1597434907390997,0.8402565092609002,360.0,310.0,False,3760.0,0.0,0.9999999999999992,01,operational,282,0.1228070175438596
0.9912210254421884,0.0087789745578117,0.1597434907390997,0.8402565092609002,360.0,310.0,False,3760.0,0.0,0.9999999999999992,10,operational,282,0.1228070175438596
0.9912210254421884,0.0087789745578117,0.1597434907390997,0.8402565092609002,360.0,310.0,False,3760.0,0.0,0.9999999999999992,11,operational,282,0.1228070175438596
0.8769945036862067,0.1230054963137933,0.7642719140639587,0.2357280859360413,290.0,1320.0,False,3760.0,0.0,0.9999999999999992,00,operational,283,0.4035087719298245
0.8731385542218247,0.1268614457781752,0.7642719140639587,0.2357280859360413,290.0,1360.0,False,3760.0,0.0,0.9999999999999992,01,operational,283,0.4035087719298245
0.8612660805415524,0.1387339194584476,0.8225704683865201,0.1774295316134798,290.0,1320.0,False,3760.0,0.0,0.9999999999999992,10,operational,283,0.4035087719298245
0.8563608083521913,0.1436391916478087,0.8225704683865201,0.1774295316134798,290.0,1360.0,False,3760.0,0.0,0.9999999999999992,11,operational,283,0.4035087719298245
0.848510225212336,0.151489774787664,0.5721170022847268,0.4278829977152732,360.0,1520.0,False,3760.0,0.0,0.9999999999999992,00,operational,284,0.4736842105263157
0.8429180933498666,0.1570819066501334,0.5721170022847268,0.4278829977152732,360.0,1580.0,False,3760.0,0.0,0.9999999999999992,01,operational,284,0.4736842105263157
0.8318851861744645,0.1681148138255355,0.5885888827501999,0.4114111172498001,360.0,1530.0,False,3760.0,0.0,0.9999999999999992,10,operational,284,0.4736842105263157
0.8244333566245685,0.1755666433754314,0.5885888827501999,0.4114111172498001,360.0,1590.0,False,3760.0,0.0,0.9999999999999992,11,operational,284,0.4736842105263157
0.9412931559418598,0.0587068440581401,0.6564726883089429,0.3435273116910571,360.0,670.0,False,3760.0,0.0,0.9999999999999992,00,operational,285,0.2456140350877192
0.9412752764237876,0.0587247235762125,0.6564726883089429,0.3435273116910571,360.0,680.0,False,3760.0,0.0,0.9999999999999992,01,operational,285,0.2456140350877192
0.9320257182949836,0.0679742817050164,0.7696272772870666,0.2303727227129333,360.0,680.0,False,3760.0,0.0,0.9999999999999992,10,operational,285,0.2456140350877192
0.9319306405028828,0.0680693594971173,0.7696272772870666,0.2303727227129333,360.0,680.0,False,3760.0,0.0,0.9999999999999992,11,operational,285,0.2456140350877192
0.8362258443759729,0.163774155624027,0.5492190691805308,0.4507809308194693,360.0,1640.0,False,3760.0,0.0,0.9999999999999992,00,operational,286,0.4561403508771929
0.8331896508875941,0.1668103491124059,0.5492190691805308,0.4507809308194693,360.0,1680.0,False,3760.0,0.0,0.9999999999999992,01,operational,286,0.4561403508771929
0.8237636104560309,0.1762363895439691,0.5511972541318182,0.4488027458681818,360.0,1650.0,False,3760.0,0.0,0.9999999999999992,10,operational,286,0.4561403508771929
0.8202883400829021,0.1797116599170979,0.5511972541318182,0.4488027458681818,360.0,1680.0,False,3760.0,0.0,0.9999999999999992,11,operational,286,0.4561403508771929
0.8710496429617137,0.1289503570382862,0.6097705386776386,0.3902294613223613,360.0,1360.0,False,3760.0,0.0,0.9999999999999992,00,operational,287,0.4385964912280701
0.8672058594726416,0.1327941405273583,0.6097705386776386,0.3902294613223613,360.0,1400.0,False,3760.0,0.0,0.9999999999999992,01,operational,287,0.4385964912280701
0.8611552765780989,0.1388447234219011,0.6652370229339133,0.3347629770660867,360.0,1360.0,False,3760.0,0.0,0.9999999999999992,10,operational,287,0.4385964912280701
0.8568093407148057,0.1431906592851942,0.6652370229339133,0.3347629770660867,360.0,1400.0,False,3760.0,0.0,0.9999999999999992,11,operational,287,0.4385964912280701
0.8498841935558185,0.1501158064441815,0.5783078408481912,0.4216921591518088,360.0,1530.0,False,3760.0,0.0,0.9999999999999992,00,operational,288,0.5087719298245614
0.8444847352666902,0.1555152647333098,0.5783078408481912,0.4216921591518088,360.0,1580.0,False,3760.0,0.0,0.9999999999999992,01,operational,288,0.5087719298245614
0.8380730454076161,0.1619269545923839,0.5958534276603598,0.4041465723396402,360.0,1530.0,False,3760.0,0.0,0.9999999999999992,10,operational,288,0.5087719298245614
0.8313407474613075,0.1686592525386925,0.5958534276603598,0.4041465723396402,360.0,1590.0,False,3760.0,0.0,0.9999999999999992,11,operational,288,0.5087719298245614
0.8390088742578378,0.1609911257421622,0.8036243506500267,0.1963756493499732,280.0,1560.0,False,3760.0,0.0,0.9999999999999992,00,operational,289,0.4035087719298245
0.8332278734954569,0.1667721265045431,0.8036243506500267,0.1963756493499732,280.0,1620.0,False,3760.0,0.0,0.9999999999999992,01,operational,289,0.4035087719298245
0.8254344493337764,0.1745655506662236,0.8979083866037362,0.1020916133962638,280.0,1560.0,False,3760.0,0.0,0.9999999999999992,10,operational,289,0.4035087719298245
0.8184494577938155,0.1815505422061845,0.8979083866037362,0.1020916133962638,280.0,1620.0,False,3760.0,0.0,0.9999999999999992,11,operational,289,0.4035087719298245
0.9079223837355012,0.0920776162644988,0.4843363046913804,0.5156636953086196,360.0,1050.0,False,3760.0,0.0,0.9999999999999992,00,operational,290,0.3157894736842105
0.9079223837355012,0.0920776162644988,0.4843363046913804,0.5156636953086196,360.0,1050.0,False,3760.0,0.0,0.9999999999999992,01,operational,290,0.3157894736842105
0.8984070781254354,0.1015929218745645,0.519804006262227,0.480195993737773,360.0,1050.0,False,3760.0,0.0,0.9999999999999992,10,operational,290,0.3157894736842105
0.8984070781254354,0.1015929218745645,0.519804006262227,0.480195993737773,360.0,1050.0,False,3760.0,0.0,0.9999999999999992,11,operational,290,0.3157894736842105
0.9661936588624832,0.0338063411375167,0.3251369470570074,0.6748630529429925,360.0,590.0,False,3760.0,0.0,0.9999999999999992,00,operational,291,0.2631578947368421
0.963847553065771,0.036152446934229,0.3251369470570074,0.6748630529429925,360.0,620.0,False,3760.0,0.0,0.9999999999999992,01,operational,291,0.2631578947368421
0.9623777621574218,0.0376222378425782,0.3566753219063814,0.6433246780936186,360.0,590.0,False,3760.0,0.0,0.9999999999999992,10,operational,291,0.2631578947368421
0.9596028547017048,0.040397145298295,0.3566753219063814,0.6433246780936186,360.0,620.0,False,3760.0,0.0,0.9999999999999992,11,operational,291,0.2631578947368421
0.9832115315232324,0.0167884684767677,0.2350391755348292,0.7649608244651708,360.0,330.0,False,3760.0,0.0,0.9999999999999992,00,operational,292,0.1228070175438596
0.9832115315232324,0.0167884684767677,0.2350391755348292,0.7649608244651708,360.0,330.0,False,3760.0,0.0,0.9999999999999992,01,operational,292,0.1228070175438596
0.982568809725662,0.017431190274338,0.2472029101889727,0.7527970898110272,360.0,330.0,False,3760.0,0.0,0.9999999999999992,10,operational,292,0.1228070175438596
0.982568809725662,0.017431190274338,0.2472029101889727,0.7527970898110272,360.0,330.0,False,3760.0,0.0,0.9999999999999992,11,operational,292,0.1228070175438596
0.8879552300989489,0.112044769901051,0.8573528135523703,0.1426471864476297,360.0,1030.0,False,3760.0,0.0,0.9999999999999992,00,operational,293,0.2807017543859649
0.8779606867842166,0.1220393132157834,0.8573528135523703,0.1426471864476297,360.0,1110.0,False,3760.0,0.0,0.9999999999999992,01,operational,293,0.2807017543859649
0.877357469933585,0.122642530066415,0.9599407159514296,0.0400592840485703,360.0,1030.0,False,3760.0,0.0,0.9999999999999992,10,operational,293,0.2807017543859649
0.8661209885370043,0.1338790114629957,0.9599407159514296,0.0400592840485703,360.0,1110.0,False,3760.0,0.0,0.9999999999999992,11,operational,293,0.2807017543859649
0.9649766461895498,0.0350233538104501,0.3516091922387935,0.6483908077612065,360.0,580.0,False,3760.0,0.0,0.9999999999999992,00,operational,294,0.2807017543859649
0.9626910119840336,0.0373089880159663,0.3516091922387935,0.6483908077612065,360.0,610.0,False,3760.0,0.0,0.9999999999999992,01,operational,294,0.2807017543859649
0.963830669459586,0.0361693305404139,0.3606270566421984,0.6393729433578016,360.0,580.0,False,3760.0,0.0,0.9999999999999992,10,operational,294,0.2807017543859649
0.9614478023843256,0.0385521976156744,0.3606270566421984,0.6393729433578016,360.0,610.0,False,3760.0,0.0,0.9999999999999992,11,operational,294,0.2807017543859649
0.8754792288206092,0.1245207711793907,0.52618405412345,0.4738159458765499,360.0,1350.0,False,3760.0,0.0,0.9999999999999992,00,operational,295,0.4210526315789473
0.8655364482911522,0.1344635517088478,0.52618405412345,0.4738159458765499,360.0,1440.0,False,3760.0,0.0,0.9999999999999992,01,operational,295,0.4210526315789473
0.8591155604450603,0.1408844395549396,0.5602088500318942,0.4397911499681058,360.0,1350.0,False,3760.0,0.0,0.9999999999999992,10,operational,295,0.4210526315789473
0.8478205845176985,0.1521794154823015,0.5602088500318942,0.4397911499681058,360.0,1440.0,False,3760.0,0.0,0.9999999999999992,11,operational,295,0.4210526315789473
0.910670815822947,0.089329184177053,0.716705777245171,0.2832942227548289,360.0,930.0,False,3760.0,0.0,0.9999999999999992,00,operational,296,0.2982456140350877
0.9072680887034148,0.0927319112965853,0.716705777245171,0.2832942227548289,360.0,970.0,False,3760.0,0.0,0.9999999999999992,01,operational,296,0.2982456140350877
0.9032716766856332,0.0967283233143668,0.7969087350094293,0.2030912649905707,360.0,930.0,False,3760.0,0.0,0.9999999999999992,10,operational,296,0.2982456140350877
0.8993553814724885,0.1006446185275115,0.7969087350094293,0.2030912649905707,360.0,970.0,False,3760.0,0.0,0.9999999999999992,11,operational,296,0.2982456140350877
0.87146956004993,0.1285304399500699,0.7436573444453722,0.2563426555546278,360.0,1290.0,False,3760.0,0.0,0.9999999999999992,00,operational,297,0.4210526315789473
0.8691875504437868,0.1308124495562131,0.7436573444453722,0.2563426555546278,360.0,1320.0,False,3760.0,0.0,0.9999999999999992,01,operational,297,0.4210526315789473
0.8600017626534676,0.1399982373465323,0.7950493331019708,0.2049506668980291,360.0,1290.0,False,3760.0,0.0,0.9999999999999992,10,operational,297,0.4210526315789473
0.857212665293438,0.142787334706562,0.7950493331019708,0.2049506668980291,360.0,1320.0,False,3760.0,0.0,0.9999999999999992,11,operational,297,0.4210526315789473
0.947820115444188,0.0521798845558121,0.7267389736850695,0.2732610263149305,360.0,690.0,False,3760.0,0.0,0.9999999999999992,00,operational,298,0.2807017543859649
0.9471913482814598,0.0528086517185402,0.7267389736850695,0.2732610263149305,360.0,700.0,False,3760.0,0.0,0.9999999999999992,01,operational,298,0.2807017543859649
0.935421628332827,0.0645783716671729,0.9601583795214552,0.0398416204785447,360.0,690.0,False,3760.0,0.0,0.9999999999999992,10,operational,298,0.2807017543859649
0.9345026619353972,0.0654973380646027,0.9601583795214552,0.0398416204785447,360.0,700.0,False,3760.0,0.0,0.9999999999999992,11,operational,298,0.2807017543859649
0.9681183397244164,0.0318816602755837,0.2998148933602849,0.7001851066397151,360.0,610.0,False,3760.0,0.0,0.9999999999999992,00,operational,299,0.2807017543859649
0.9668164905568196,0.0331835094431804,0.2998148933602849,0.7001851066397151,360.0,630.0,False,3760.0,0.0,0.9999999999999992,01,operational,299,0.2807017543859649
0.9618229604265092,0.0381770395734907,0.3614048592961995,0.6385951407038005,360.0,610.0,False,3760.0,0.0,0.9999999999999992,10,operational,299,0.2807017543859649
0.9600060622429282,0.0399939377570718,0.3614048592961995,0.6385951407038005,360.0,640.0,False,3760.0,0.0,0.9999999999999992,11,operational,299,0.2807017543859649
0.9557608498811088,0.0442391501188912,0.302436855277826,0.697563144722174,360.0,810.0,False,3760.0,0.0,0.9999999999999992,00,operational,300,0.3508771929824561
0.952562554191876,0.0474374458081239,0.302436855277826,0.697563144722174,360.0,850.0,False,3760.0,0.0,0.9999999999999992,01,operational,300,0.3508771929824561
0.9424292445074204,0.0575707554925797,0.4083944971921283,0.5916055028078717,360.0,810.0,False,3760.0,0.0,0.9999999999999992,10,operational,300,0.3508771929824561
0.9379886352494634,0.0620113647505365,0.4083944971921283,0.5916055028078717,360.0,850.0,False,3760.0,0.0,0.9999999999999992,11,operational,300,0.3508771929824561
0.960097588300557,0.0399024116994429,0.5546762729045853,0.4453237270954146,360.0,650.0,False,3760.0,0.0,0.9999999999999992,00,operational,301,0.2807017543859649
0.9600666836533972,0.0399333163466029,0.5546762729045853,0.4453237270954146,360.0,650.0,False,3760.0,0.0,0.9999999999999992,01,operational,301,0.2807017543859649
0.951266382743856,0.048733617256144,0.7530526232591839,0.2469473767408161,360.0,650.0,False,3760.0,0.0,0.9999999999999992,10,operational,301,0.2807017543859649
0.9512044036309862,0.0487955963690137,0.7530526232591839,0.2469473767408161,360.0,650.0,False,3760.0,0.0,0.9999999999999992,11,operational,301,0.2807017543859649
0.9339983639110246,0.0660016360889753,0.5997187214205213,0.4002812785794786,360.0,920.0,False,3760.0,0.0,0.9999999999999992,00,operational,302,0.3684210526315789
0.9338034695085962,0.0661965304914038,0.5997187214205213,0.4002812785794786,360.0,920.0,False,3760.0,0.0,0.9999999999999992,01,operational,302,0.3684210526315789
0.916038121776598,0.0839618782234019,0.7760039599783206,0.2239960400216793,360.0,920.0,False,3760.0,0.0,0.9999999999999992,10,operational,302,0.3684210526315789
0.9156426649820328,0.0843573350179671,0.7760039599783206,0.2239960400216793,360.0,930.0,False,3760.0,0.0,0.9999999999999992,11,operational,302,0.3684210526315789
0.9693479937724272,0.0306520062275726,0.3082577031134916,0.6917422968865083,360.0,550.0,False,3760.0,0.0,0.9999999999999992,00,operational,303,0.2105263157894736
0.963828470774056,0.0361715292259439,0.3082577031134916,0.6917422968865083,360.0,640.0,False,3760.0,0.0,0.9999999999999992,01,operational,303,0.2105263157894736
0.966080892631142,0.033919107368858,0.3144020313046144,0.6855979686953856,360.0,550.0,False,3760.0,0.0,0.9999999999999992,10,operational,303,0.2105263157894736
0.9600201944287372,0.0399798055712626,0.3144020313046144,0.6855979686953856,360.0,640.0,False,3760.0,0.0,0.9999999999999992,11,operational,303,0.2105263157894736
0.9144053765198916,0.0855946234801084,0.4570289381851805,0.5429710618148195,360.0,1110.0,False,3760.0,0.0,0.9999999999999992,00,operational,304,0.3157894736842105
0.8969154694265887,0.1030845305734112,0.4570289381851805,0.5429710618148195,360.0,1290.0,False,3760.0,0.0,0.9999999999999992,01,operational,304,0.3157894736842105
0.9029328924480468,0.0970671075519532,0.4883545671690019,0.5116454328309981,360.0,1120.0,False,3760.0,0.0,0.9999999999999992,10,operational,304,0.3157894736842105
0.8837641160337865,0.1162358839662135,0.4883545671690019,0.5116454328309981,360.0,1300.0,False,3760.0,0.0,0.9999999999999992,11,operational,304,0.3157894736842105
0.9486879335759496,0.0513120664240505,0.4016511359650868,0.5983488640349132,360.0,750.0,False,3760.0,0.0,0.9999999999999992,00,operational,305,0.2982456140350877
0.9455491002094158,0.0544508997905841,0.4016511359650868,0.5983488640349132,360.0,790.0,False,3760.0,0.0,0.9999999999999992,01,operational,305,0.2982456140350877
0.9436281659199756,0.0563718340800243,0.4401810693688348,0.5598189306311652,360.0,750.0,False,3760.0,0.0,0.9999999999999992,10,operational,305,0.2982456140350877
0.9400074641327116,0.0599925358672882,0.4401810693688348,0.5598189306311652,360.0,790.0,False,3760.0,0.0,0.9999999999999992,11,operational,305,0.2982456140350877
0.8630384753540055,0.1369615246459945,0.5032997926244327,0.4967002073755673,360.0,1530.0,False,3760.0,0.0,0.9999999999999992,00,operational,306,0.5087719298245614
0.8594442708807365,0.1405557291192635,0.5032997926244327,0.4967002073755673,360.0,1570.0,False,3760.0,0.0,0.9999999999999992,01,operational,306,0.5087719298245614
0.8467036559009994,0.1532963440990006,0.5495314367822279,0.4504685632177721,360.0,1540.0,False,3760.0,0.0,0.9999999999999992,10,operational,306,0.5087719298245614
0.8424689696426658,0.1575310303573341,0.5495314367822279,0.4504685632177721,360.0,1580.0,False,3760.0,0.0,0.9999999999999992,11,operational,306,0.5087719298245614
0.8695349280887581,0.1304650719112419,0.7303630109052086,0.2696369890947914,360.0,1310.0,False,3760.0,0.0,0.9999999999999992,00,operational,307,0.4035087719298245
0.867648484818408,0.132351515181592,0.7303630109052086,0.2696369890947914,360.0,1330.0,False,3760.0,0.0,0.9999999999999992,01,operational,307,0.4035087719298245
0.8580297953017837,0.1419702046982163,0.8021436529542376,0.1978563470457623,360.0,1310.0,False,3760.0,0.0,0.9999999999999992,10,operational,307,0.4035087719298245
0.8557431815607586,0.1442568184392414,0.8021436529542376,0.1978563470457623,360.0,1330.0,False,3760.0,0.0,0.9999999999999992,11,operational,307,0.4035087719298245
0.9691729533301756,0.0308270466698242,0.3854873071514481,0.6145126928485519,360.0,520.0,False,3760.0,0.0,0.9999999999999992,00,operational,308,0.2105263157894736
0.9691729533301756,0.0308270466698242,0.3854873071514481,0.6145126928485519,360.0,520.0,False,3760.0,0.0,0.9999999999999992,01,operational,308,0.2105263157894736
0.9612092671072884,0.0387907328927115,0.524539994656107,0.475460005343893,360.0,520.0,False,3760.0,0.0,0.9999999999999992,10,operational,308,0.2105263157894736
0.9612092671072884,0.0387907328927115,0.524539994656107,0.475460005343893,360.0,520.0,False,3760.0,0.0,0.9999999999999992,11,operational,308,0.2105263157894736
0.8632704447388901,0.1367295552611098,0.4830300130895222,0.5169699869104778,360.0,1580.0,False,3760.0,0.0,0.9999999999999992,00,operational,309,0.3684210526315789
0.8595699764106148,0.1404300235893851,0.4830300130895222,0.5169699869104778,360.0,1630.0,False,3760.0,0.0,0.9999999999999992,01,operational,309,0.3684210526315789
0.8397712409931782,0.1602287590068217,0.5315342105307341,0.4684657894692658,360.0,1590.0,False,3760.0,0.0,0.9999999999999992,10,operational,309,0.3684210526315789
0.8348054206175787,0.1651945793824213,0.5315342105307341,0.4684657894692658,360.0,1640.0,False,3760.0,0.0,0.9999999999999992,11,operational,309,0.3684210526315789
0.8524604724533087,0.1475395275466913,0.6808470087846304,0.3191529912153695,360.0,1430.0,False,3760.0,0.0,0.9999999999999992,00,operational,310,0.4385964912280701
0.8390875875830748,0.1609124124169252,0.6808470087846304,0.3191529912153695,360.0,1540.0,False,3760.0,0.0,0.9999999999999992,01,operational,310,0.4385964912280701
0.8345328763139753,0.1654671236860246,0.741514005805873,0.258485994194127,360.0,1440.0,False,3760.0,0.0,0.9999999999999992,10,operational,310,0.4385964912280701
0.8189250456988751,0.1810749543011248,0.741514005805873,0.258485994194127,360.0,1550.0,False,3760.0,0.0,0.9999999999999992,11,operational,310,0.4385964912280701
0.9062512092591374,0.0937487907408626,0.4789271746623261,0.5210728253376739,360.0,1110.0,False,3760.0,0.0,0.9999999999999992,00,operational,311,0.4210526315789473
0.9057748683960352,0.0942251316039647,0.4789271746623261,0.5210728253376739,360.0,1120.0,False,3760.0,0.0,0.9999999999999992,01,operational,311,0.4210526315789473
0.8960899445427607,0.1039100554572393,0.495895661357693,0.504104338642307,360.0,1110.0,False,3760.0,0.0,0.9999999999999992,10,operational,311,0.4210526315789473
0.8952869022401305,0.1047130977598694,0.495895661357693,0.504104338642307,360.0,1120.0,False,3760.0,0.0,0.9999999999999992,11,operational,311,0.4210526315789473
0.9193425120712158,0.0806574879287842,0.4583732268595528,0.5416267731404472,360.0,1060.0,False,3760.0,0.0,0.9999999999999992,00,operational,312,0.4385964912280701
0.9182109377541248,0.0817890622458751,0.4583732268595528,0.5416267731404472,360.0,1070.0,False,3760.0,0.0,0.9999999999999992,01,operational,312,0.4385964912280701
0.9077310415756904,0.0922689584243097,0.5316812938729725,0.4683187061270276,360.0,1060.0,False,3760.0,0.0,0.9999999999999992,10,operational,312,0.4385964912280701
0.9062266106408712,0.0937733893591287,0.5316812938729725,0.4683187061270276,360.0,1080.0,False,3760.0,0.0,0.9999999999999992,11,operational,312,0.4385964912280701
0.8726527091008891,0.1273472908991109,0.657568204396769,0.3424317956032309,360.0,1340.0,False,3760.0,0.0,0.9999999999999992,00,operational,313,0.4210526315789473
0.8650980156923957,0.1349019843076042,0.657568204396769,0.3424317956032309,360.0,1400.0,False,3760.0,0.0,0.9999999999999992,01,operational,313,0.4210526315789473
0.8524888352786243,0.1475111647213757,0.7213696384030241,0.2786303615969759,360.0,1340.0,False,3760.0,0.0,0.9999999999999992,10,operational,313,0.4210526315789473
0.8435691841039997,0.1564308158960002,0.7213696384030241,0.2786303615969759,360.0,1410.0,False,3760.0,0.0,0.9999999999999992,11,operational,313,0.4210526315789473
0.6873836815665832,0.3126163184334167,0.886831186476032,0.113168813523968,360.0,2360.0,False,3760.0,0.0,0.9999999999999992,00,operational,314,0.5789473684210527
0.6411315385697174,0.3588684614302826,0.886831186476032,0.113168813523968,360.0,2630.0,False,3760.0,0.0,0.9999999999999992,01,operational,314,0.5789473684210527
0.6628564298918452,0.3371435701081547,0.9465120705734356,0.0534879294265644,360.0,2370.0,False,3760.0,0.0,0.9999999999999992,10,operational,314,0.5789473684210527
0.6126849508420046,0.3873150491579954,0.9465120705734356,0.0534879294265644,360.0,2630.0,False,3760.0,0.0,0.9999999999999992,11,operational,314,0.5789473684210527
0.8464034937210312,0.1535965062789688,0.6793731730331669,0.3206268269668331,360.0,1490.0,False,3760.0,0.0,0.9999999999999992,00,operational,315,0.4210526315789473
0.8200567644460958,0.1799432355539042,0.6793731730331669,0.3206268269668331,360.0,1670.0,False,3760.0,0.0,0.9999999999999992,01,operational,315,0.4210526315789473
0.8230953123842001,0.1769046876157999,0.7744749656568635,0.2255250343431365,360.0,1490.0,False,3760.0,0.0,0.9999999999999992,10,operational,315,0.4210526315789473
0.7925373018988465,0.2074626981011534,0.7744749656568635,0.2255250343431365,360.0,1680.0,False,3760.0,0.0,0.9999999999999992,11,operational,315,0.4210526315789473
0.8554095111186109,0.1445904888813891,0.62828190656814,0.37171809343186,360.0,1450.0,False,3760.0,0.0,0.9999999999999992,00,operational,316,0.4210526315789473
0.8551501974820354,0.1448498025179646,0.62828190656814,0.37171809343186,360.0,1450.0,False,3760.0,0.0,0.9999999999999992,01,operational,316,0.4210526315789473
0.8465557239177022,0.1534442760822978,0.6562781708096377,0.3437218291903623,360.0,1450.0,False,3760.0,0.0,0.9999999999999992,10,operational,316,0.4210526315789473
0.8459950808518795,0.1540049191481205,0.6562781708096377,0.3437218291903623,360.0,1460.0,False,3760.0,0.0,0.9999999999999992,11,operational,316,0.4210526315789473
0.7654235208952315,0.2345764791047685,0.8355359502703561,0.1644640497296438,260.0,1930.0,False,3760.0,0.0,0.9999999999999992,00,operational,317,0.4210526315789473
0.7534985711665142,0.2465014288334858,0.8355359502703561,0.1644640497296438,260.0,2010.0,False,3760.0,0.0,0.9999999999999992,01,operational,317,0.4210526315789473
0.7477007522840867,0.2522992477159133,0.9201260648692554,0.0798739351307446,260.0,1930.0,False,3760.0,0.0,0.9999999999999992,10,operational,317,0.4210526315789473
0.7350540791068506,0.2649459208931494,0.9201260648692554,0.0798739351307446,260.0,2010.0,False,3760.0,0.0,0.9999999999999992,11,operational,317,0.4210526315789473
0.9162927961018352,0.0837072038981647,0.7056673404162235,0.2943326595837766,360.0,910.0,False,3760.0,0.0,0.9999999999999992,00,operational,318,0.3859649122807017
0.9159695509808234,0.0840304490191765,0.7056673404162235,0.2943326595837766,360.0,910.0,False,3760.0,0.0,0.9999999999999992,01,operational,318,0.3859649122807017
0.9070277197766388,0.0929722802233613,0.7840172412968464,0.2159827587031536,360.0,910.0,False,3760.0,0.0,0.9999999999999992,10,operational,318,0.3859649122807017
0.9064816496935094,0.0935183503064905,0.7840172412968464,0.2159827587031536,360.0,910.0,False,3760.0,0.0,0.9999999999999992,11,operational,318,0.3859649122807017
0.8224835818852657,0.1775164181147343,0.6729081781695764,0.3270918218304236,360.0,1710.0,False,3760.0,0.0,0.9999999999999992,00,operational,319,0.4385964912280701
0.7782834421780833,0.2217165578219166,0.6729081781695764,0.3270918218304236,360.0,1980.0,False,3760.0,0.0,0.9999999999999992,01,operational,319,0.4385964912280701
0.8063379697333496,0.1936620302666504,0.7240874966927354,0.2759125033072646,360.0,1720.0,False,3760.0,0.0,0.9999999999999992,10,operational,319,0.4385964912280701
0.7575587160547202,0.2424412839452797,0.7240874966927354,0.2759125033072646,360.0,1980.0,False,3760.0,0.0,0.9999999999999992,11,operational,319,0.4385964912280701
0.8318681524267856,0.1681318475732144,0.5849414645503759,0.4150585354496241,360.0,1610.0,False,3760.0,0.0,0.9999999999999992,00,operational,320,0.4385964912280701
0.8079723192262215,0.1920276807737785,0.5849414645503759,0.4150585354496241,360.0,1790.0,False,3760.0,0.0,0.9999999999999992,01,operational,320,0.4385964912280701
0.8181052623775869,0.1818947376224131,0.5929348474866274,0.4070651525133725,360.0,1610.0,False,3760.0,0.0,0.9999999999999992,10,operational,320,0.4385964912280701
0.7926472038687031,0.2073527961312968,0.5929348474866274,0.4070651525133725,360.0,1800.0,False,3760.0,0.0,0.9999999999999992,11,operational,320,0.4385964912280701
0.961048194314318,0.0389518056856821,0.6203090098854662,0.3796909901145338,360.0,540.0,False,3760.0,0.0,0.9999999999999992,00,operational,321,0.2105263157894736
0.961048194314318,0.0389518056856821,0.6203090098854662,0.3796909901145338,360.0,540.0,False,3760.0,0.0,0.9999999999999992,01,operational,321,0.2105263157894736
0.952603771815591,0.047396228184409,0.7849842750499149,0.2150157249500851,360.0,550.0,False,3760.0,0.0,0.9999999999999992,10,operational,321,0.2105263157894736
0.952603771815591,0.047396228184409,0.7849842750499149,0.2150157249500851,360.0,550.0,False,3760.0,0.0,0.9999999999999992,11,operational,321,0.2105263157894736
0.919493364321833,0.0805066356781669,0.6092221919043646,0.3907778080956354,360.0,980.0,False,3760.0,0.0,0.9999999999999992,00,operational,322,0.3859649122807017
0.9129210084634728,0.0870789915365272,0.6092221919043646,0.3907778080956354,360.0,1050.0,False,3760.0,0.0,0.9999999999999992,01,operational,322,0.3859649122807017
0.903641454813711,0.0963585451862889,0.7480479399424791,0.2519520600575209,360.0,980.0,False,3760.0,0.0,0.9999999999999992,10,operational,322,0.3859649122807017
0.8961766759454762,0.1038233240545237,0.7480479399424791,0.2519520600575209,360.0,1060.0,False,3760.0,0.0,0.9999999999999992,11,operational,322,0.3859649122807017
0.7788589524920366,0.2211410475079633,0.8659481320828902,0.1340518679171097,360.0,1880.0,False,3760.0,0.0,0.9999999999999992,00,operational,323,0.5789473684210527
0.759653771624314,0.2403462283756859,0.8659481320828902,0.1340518679171097,360.0,2020.0,False,3760.0,0.0,0.9999999999999992,01,operational,323,0.5789473684210527
0.7617778901287907,0.2382221098712093,0.9222378065287432,0.0777621934712566,360.0,1880.0,False,3760.0,0.0,0.9999999999999992,10,operational,323,0.5789473684210527
0.740599200633696,0.259400799366304,0.9222378065287432,0.0777621934712566,360.0,2020.0,False,3760.0,0.0,0.9999999999999992,11,operational,323,0.5789473684210527
0.9291989049914536,0.0708010950085464,0.4425046269916528,0.5574953730083472,360.0,1030.0,False,3760.0,0.0,0.9999999999999992,00,operational,324,0.4210526315789473
0.9269928011980736,0.0730071988019264,0.4425046269916528,0.5574953730083472,360.0,1050.0,False,3760.0,0.0,0.9999999999999992,01,operational,324,0.4210526315789473
0.910139552638616,0.0898604473613841,0.5337861624311266,0.4662138375688734,360.0,1030.0,False,3760.0,0.0,0.9999999999999992,10,operational,324,0.4210526315789473
0.906949754362434,0.0930502456375659,0.5337861624311266,0.4662138375688734,360.0,1060.0,False,3760.0,0.0,0.9999999999999992,11,operational,324,0.4210526315789473
0.9386703570365528,0.0613296429634472,0.4133888373940014,0.5866111626059985,360.0,840.0,False,3760.0,0.0,0.9999999999999992,00,operational,325,0.3333333333333333
0.9376820292142412,0.0623179707857587,0.4133888373940014,0.5866111626059985,360.0,850.0,False,3760.0,0.0,0.9999999999999992,01,operational,325,0.3333333333333333
0.9321952963070304,0.0678047036929696,0.4321791487384615,0.5678208512615385,360.0,840.0,False,3760.0,0.0,0.9999999999999992,10,operational,325,0.3333333333333333
0.930923793107037,0.069076206892963,0.4321791487384615,0.5678208512615385,360.0,860.0,False,3760.0,0.0,0.9999999999999992,11,operational,325,0.3333333333333333
0.9039243703126632,0.0960756296873367,0.5175343162319017,0.4824656837680982,360.0,1040.0,False,3760.0,0.0,0.9999999999999992,00,operational,326,0.3157894736842105
0.901751295475607,0.098248704524393,0.5175343162319017,0.4824656837680982,360.0,1070.0,False,3760.0,0.0,0.9999999999999992,01,operational,326,0.3157894736842105
0.8965259823324757,0.1034740176675242,0.5478082219625693,0.4521917780374306,360.0,1050.0,False,3760.0,0.0,0.9999999999999992,10,operational,326,0.3157894736842105
0.8940445172420379,0.105955482757962,0.5478082219625693,0.4521917780374306,360.0,1070.0,False,3760.0,0.0,0.9999999999999992,11,operational,326,0.3157894736842105
0.8938905267602122,0.1061094732397878,0.8069032755713572,0.1930967244286428,270.0,1010.0,False,3760.0,0.0,0.9999999999999992,00,operational,327,0.2807017543859649
0.8855593619930289,0.1144406380069711,0.8069032755713572,0.1930967244286428,270.0,1090.0,False,3760.0,0.0,0.9999999999999992,01,operational,327,0.2807017543859649
0.8744557311085333,0.1255442688914667,0.9433306165181622,0.0566693834818378,270.0,1010.0,False,3760.0,0.0,0.9999999999999992,10,operational,327,0.2807017543859649
0.8642904731718648,0.1357095268281352,0.9433306165181622,0.0566693834818378,270.0,1100.0,False,3760.0,0.0,0.9999999999999992,11,operational,327,0.2807017543859649
0.9264513054792068,0.0735486945207931,0.4822894586067705,0.5177105413932295,360.0,950.0,False,3760.0,0.0,0.9999999999999992,00,operational,328,0.4035087719298245
0.9239069531699816,0.0760930468300185,0.4822894586067705,0.5177105413932295,360.0,990.0,False,3760.0,0.0,0.9999999999999992,01,operational,328,0.4035087719298245
0.9202921620557918,0.0797078379442082,0.5082809456437503,0.4917190543562497,360.0,950.0,False,3760.0,0.0,0.9999999999999992,10,operational,328,0.4035087719298245
0.9173399408740784,0.0826600591259215,0.5082809456437503,0.4917190543562497,360.0,990.0,False,3760.0,0.0,0.9999999999999992,11,operational,328,0.4035087719298245
0.8256664184364536,0.1743335815635464,0.6245288496030021,0.3754711503969979,360.0,1580.0,False,3760.0,0.0,0.9999999999999992,00,operational,329,0.3157894736842105
0.7916348546258329,0.208365145374167,0.6245288496030021,0.3754711503969979,360.0,1810.0,False,3760.0,0.0,0.9999999999999992,01,operational,329,0.3157894736842105
0.8078618502149074,0.1921381497850925,0.6788011112915828,0.3211988887084171,360.0,1580.0,False,3760.0,0.0,0.9999999999999992,10,operational,329,0.3157894736842105
0.770151301840264,0.2298486981597359,0.6788011112915828,0.3211988887084171,360.0,1820.0,False,3760.0,0.0,0.9999999999999992,11,operational,329,0.3157894736842105
0.9410714503881298,0.0589285496118702,0.3874203478203767,0.6125796521796233,360.0,930.0,False,3760.0,0.0,0.9999999999999992,00,operational,330,0.4035087719298245
0.9400635679180552,0.0599364320819448,0.3874203478203767,0.6125796521796233,360.0,940.0,False,3760.0,0.0,0.9999999999999992,01,operational,330,0.4035087719298245
0.9294052234342626,0.0705947765657374,0.4359720566841599,0.56402794331584,360.0,930.0,False,3760.0,0.0,0.9999999999999992,10,operational,330,0.4035087719298245
0.9279857056909934,0.0720142943090066,0.4359720566841599,0.56402794331584,360.0,950.0,False,3760.0,0.0,0.9999999999999992,11,operational,330,0.4035087719298245
0.9234052422658172,0.0765947577341827,0.4259956948863767,0.5740043051136233,360.0,1010.0,False,3760.0,0.0,0.9999999999999992,00,operational,331,0.2807017543859649
0.9181770072859414,0.0818229927140585,0.4259956948863767,0.5740043051136233,360.0,1080.0,False,3760.0,0.0,0.9999999999999992,01,operational,331,0.2807017543859649
0.9084521599958434,0.0915478400041566,0.4810091436285543,0.5189908563714457,360.0,1010.0,False,3760.0,0.0,0.9999999999999992,10,operational,331,0.2807017543859649
0.9015917326288064,0.0984082673711935,0.4810091436285543,0.5189908563714457,360.0,1080.0,False,3760.0,0.0,0.9999999999999992,11,operational,331,0.2807017543859649
0.955664761975448,0.0443352380245518,0.3781422270858831,0.6218577729141169,360.0,660.0,False,3760.0,0.0,0.9999999999999992,00,operational,332,0.2631578947368421
0.9554747860718336,0.0445252139281663,0.3781422270858831,0.6218577729141169,360.0,660.0,False,3760.0,0.0,0.9999999999999992,01,operational,332,0.2631578947368421
0.9533889631782364,0.0466110368217634,0.3852979964859669,0.614702003514033,360.0,660.0,False,3760.0,0.0,0.9999999999999992,10,operational,332,0.2631578947368421
0.9530814979880532,0.0469185020119469,0.3852979964859669,0.614702003514033,360.0,660.0,False,3760.0,0.0,0.9999999999999992,11,operational,332,0.2631578947368421
0.8463231500053406,0.1536768499946593,0.8365339843972115,0.1634660156027885,360.0,1390.0,False,3760.0,0.0,0.9999999999999992,00,operational,333,0.4210526315789473
0.8218891145623429,0.178110885437657,0.8365339843972115,0.1634660156027885,360.0,1540.0,False,3760.0,0.0,0.9999999999999992,01,operational,333,0.4210526315789473
0.8272710142826158,0.1727289857173841,0.9338737638528808,0.0661262361471193,360.0,1390.0,False,3760.0,0.0,0.9999999999999992,10,operational,333,0.4210526315789473
0.8002617907937261,0.1997382092062739,0.9338737638528808,0.0661262361471193,360.0,1550.0,False,3760.0,0.0,0.9999999999999992,11,operational,333,0.4210526315789473
0.9794188139060876,0.0205811860939124,0.2799898154270039,0.720010184572996,360.0,410.0,False,3760.0,0.0,0.9999999999999992,00,operational,334,0.1578947368421052
0.9794188139060876,0.0205811860939124,0.2799898154270039,0.720010184572996,360.0,410.0,False,3760.0,0.0,0.9999999999999992,01,operational,334,0.1578947368421052
0.9757310397133936,0.0242689602866064,0.3101697111559344,0.6898302888440656,360.0,410.0,False,3760.0,0.0,0.9999999999999992,10,operational,334,0.1578947368421052
0.9757310397133936,0.0242689602866064,0.3101697111559344,0.6898302888440656,360.0,410.0,False,3760.0,0.0,0.9999999999999992,11,operational,334,0.1578947368421052
0.9160103052699692,0.0839896947300309,0.4921502936689468,0.5078497063310532,360.0,1040.0,False,3760.0,0.0,0.9999999999999992,00,operational,335,0.3859649122807017
0.9148358829795348,0.0851641170204652,0.4921502936689468,0.5078497063310532,360.0,1050.0,False,3760.0,0.0,0.9999999999999992,01,operational,335,0.3859649122807017
0.906439931808997,0.093560068191003,0.5251484082646437,0.4748515917353563,360.0,1040.0,False,3760.0,0.0,0.9999999999999992,10,operational,335,0.3859649122807017
0.9047867711054988,0.0952132288945011,0.5251484082646437,0.4748515917353563,360.0,1060.0,False,3760.0,0.0,0.9999999999999992,11,operational,335,0.3859649122807017
0.902076619238916,0.097923380761084,0.4779910656434535,0.5220089343565465,360.0,1130.0,False,3760.0,0.0,0.9999999999999992,00,operational,336,0.3333333333333333
0.9011352868499762,0.0988647131500237,0.4779910656434535,0.5220089343565465,360.0,1140.0,False,3760.0,0.0,0.9999999999999992,01,operational,336,0.3333333333333333
0.8883574225310821,0.1116425774689179,0.5058777961252925,0.4941222038747075,360.0,1140.0,False,3760.0,0.0,0.9999999999999992,10,operational,336,0.3333333333333333
0.8870697337908137,0.1129302662091863,0.5058777961252925,0.4941222038747075,360.0,1150.0,False,3760.0,0.0,0.9999999999999992,11,operational,336,0.3333333333333333
0.8185778356577268,0.1814221643422732,0.5567546692037495,0.4432453307962505,360.0,1780.0,False,3760.0,0.0,0.9999999999999992,00,operational,337,0.4385964912280701
0.7947585589181494,0.2052414410818506,0.5567546692037495,0.4432453307962505,360.0,1970.0,False,3760.0,0.0,0.9999999999999992,01,operational,337,0.4385964912280701
0.8048709359227205,0.1951290640772794,0.5662795085509039,0.4337204914490961,360.0,1780.0,False,3760.0,0.0,0.9999999999999992,10,operational,337,0.4385964912280701
0.7791809697825309,0.220819030217469,0.5662795085509039,0.4337204914490961,360.0,1970.0,False,3760.0,0.0,0.9999999999999992,11,operational,337,0.4385964912280701
0.9437032740364836,0.0562967259635164,0.5082592651530452,0.4917407348469548,360.0,770.0,False,3760.0,0.0,0.9999999999999992,00,operational,338,0.2631578947368421
0.9419040991393064,0.0580959008606936,0.5082592651530452,0.4917407348469548,360.0,790.0,False,3760.0,0.0,0.9999999999999992,01,operational,338,0.2631578947368421
0.9283416573876412,0.0716583426123589,0.646263090339279,0.3537369096607211,360.0,780.0,False,3760.0,0.0,0.9999999999999992,10,operational,338,0.2631578947368421
0.9259301458991844,0.0740698541008156,0.646263090339279,0.3537369096607211,360.0,800.0,False,3760.0,0.0,0.9999999999999992,11,operational,338,0.2631578947368421
0.9364409950910908,0.0635590049089092,0.4276405952878996,0.5723594047121003,360.0,920.0,False,3760.0,0.0,0.9999999999999992,00,operational,339,0.4035087719298245
0.9342964773528604,0.0657035226471396,0.4276405952878996,0.5723594047121003,360.0,950.0,False,3760.0,0.0,0.9999999999999992,01,operational,339,0.4035087719298245
0.9269714294621942,0.0730285705378057,0.4629321286827523,0.5370678713172476,360.0,920.0,False,3760.0,0.0,0.9999999999999992,10,operational,339,0.4035087719298245
0.92438381819102,0.07561618180898,0.4629321286827523,0.5370678713172476,360.0,950.0,False,3760.0,0.0,0.9999999999999992,11,operational,339,0.4035087719298245
0.9594631047765756,0.0405368952234245,0.3650428477921452,0.6349571522078548,360.0,640.0,False,3760.0,0.0,0.9999999999999992,00,operational,340,0.2456140350877192
0.9594631047765756,0.0405368952234245,0.3650428477921452,0.6349571522078548,360.0,640.0,False,3760.0,0.0,0.9999999999999992,01,operational,340,0.2456140350877192
0.9544403232056354,0.0455596767943645,0.4013683644075204,0.5986316355924796,360.0,640.0,False,3760.0,0.0,0.9999999999999992,10,operational,340,0.2456140350877192
0.9544403232056354,0.0455596767943645,0.4013683644075204,0.5986316355924796,360.0,640.0,False,3760.0,0.0,0.9999999999999992,11,operational,340,0.2456140350877192
0.8891659997288314,0.1108340002711686,0.5338774393984813,0.4661225606015187,360.0,1290.0,False,3760.0,0.0,0.9999999999999992,00,operational,341,0.5087719298245614
0.8889961889791107,0.1110038110208893,0.5338774393984813,0.4661225606015187,360.0,1300.0,False,3760.0,0.0,0.9999999999999992,01,operational,341,0.5087719298245614
0.8814601196596281,0.1185398803403718,0.5470211489055823,0.4529788510944176,360.0,1290.0,False,3760.0,0.0,0.9999999999999992,10,operational,341,0.5087719298245614
0.8810801784636123,0.1189198215363877,0.5470211489055823,0.4529788510944176,360.0,1300.0,False,3760.0,0.0,0.9999999999999992,11,operational,341,0.5087719298245614
0.9052985271192204,0.0947014728807794,0.4929393471287883,0.5070606528712117,360.0,1130.0,False,3760.0,0.0,0.9999999999999992,00,operational,342,0.3684210526315789
0.8997542007697227,0.1002457992302773,0.4929393471287883,0.5070606528712117,360.0,1180.0,False,3760.0,0.0,0.9999999999999992,01,operational,342,0.3684210526315789
0.8922600298368344,0.1077399701631656,0.5427101789017748,0.4572898210982253,360.0,1130.0,False,3760.0,0.0,0.9999999999999992,10,operational,342,0.3684210526315789
0.8851276241306799,0.11487237586932,0.5427101789017748,0.4572898210982253,360.0,1190.0,False,3760.0,0.0,0.9999999999999992,11,operational,342,0.3684210526315789
0.8817225693110948,0.1182774306889051,0.532010348382567,0.467989651617433,360.0,1370.0,False,3760.0,0.0,0.9999999999999992,00,operational,343,0.5087719298245614
0.8795849903031215,0.1204150096968784,0.532010348382567,0.467989651617433,360.0,1400.0,False,3760.0,0.0,0.9999999999999992,01,operational,343,0.5087719298245614
0.8697287144833494,0.1302712855166505,0.5477717013020847,0.4522282986979152,360.0,1370.0,False,3760.0,0.0,0.9999999999999992,10,operational,343,0.5087719298245614
0.8669232727794132,0.1330767272205868,0.5477717013020847,0.4522282986979152,360.0,1400.0,False,3760.0,0.0,0.9999999999999992,11,operational,343,0.5087719298245614
0.8777594020091938,0.1222405979908062,0.5258050872578703,0.4741949127421297,360.0,1290.0,False,3760.0,0.0,0.9999999999999992,00,operational,344,0.3859649122807017
0.875004650330254,0.124995349669746,0.5258050872578703,0.4741949127421297,360.0,1310.0,False,3760.0,0.0,0.9999999999999992,01,operational,344,0.3859649122807017
0.8702909826048836,0.1297090173951164,0.5343436065757843,0.4656563934242157,360.0,1290.0,False,3760.0,0.0,0.9999999999999992,10,operational,344,0.3859649122807017
0.8671085200399189,0.1328914799600811,0.5343436065757843,0.4656563934242157,360.0,1320.0,False,3760.0,0.0,0.9999999999999992,11,operational,344,0.3859649122807017
0.8497552707004427,0.1502447292995573,0.7973891297297582,0.2026108702702417,280.0,1510.0,False,3760.0,0.0,0.9999999999999992,00,operational,345,0.4210526315789473
0.8292137834579719,0.170786216542028,0.7973891297297582,0.2026108702702417,280.0,1650.0,False,3760.0,0.0,0.9999999999999992,01,operational,345,0.4210526315789473
0.837383299298788,0.162616700701212,0.8193101779794746,0.1806898220205254,280.0,1510.0,False,3760.0,0.0,0.9999999999999992,10,operational,345,0.4210526315789473
0.8131435776302265,0.1868564223697735,0.8193101779794746,0.1806898220205254,280.0,1660.0,False,3760.0,0.0,0.9999999999999992,11,operational,345,0.4210526315789473
0.9532354395555246,0.0467645604444754,0.4415594012629562,0.5584405987370438,360.0,630.0,False,3760.0,0.0,0.9999999999999992,00,operational,346,0.2982456140350877
0.9530311281924252,0.0469688718075749,0.4415594012629562,0.5584405987370438,360.0,630.0,False,3760.0,0.0,0.9999999999999992,01,operational,346,0.2982456140350877
0.9510680049615492,0.0489319950384508,0.4495724547176574,0.5504275452823426,360.0,630.0,False,3760.0,0.0,0.9999999999999992,10,operational,346,0.2982456140350877
0.950732390730129,0.0492676092698709,0.4495724547176574,0.5504275452823426,360.0,630.0,False,3760.0,0.0,0.9999999999999992,11,operational,346,0.2982456140350877
0.9591820581051386,0.0408179418948614,0.3331755857434031,0.6668244142565969,360.0,650.0,False,3760.0,0.0,0.9999999999999992,00,operational,347,0.2105263157894736
0.9560364697745934,0.0439635302254065,0.3331755857434031,0.6668244142565969,360.0,690.0,False,3760.0,0.0,0.9999999999999992,01,operational,347,0.2105263157894736
0.9518877607841364,0.0481122392158636,0.3962899988305927,0.6037100011694073,360.0,650.0,False,3760.0,0.0,0.9999999999999992,10,operational,347,0.2105263157894736
0.9482227069089564,0.0517772930910437,0.3962899988305927,0.6037100011694073,360.0,700.0,False,3760.0,0.0,0.9999999999999992,11,operational,347,0.2105263157894736
0.8664828707595073,0.1335171292404927,0.5345564416054652,0.4654435583945348,360.0,1480.0,False,3760.0,0.0,0.9999999999999992,00,operational,348,0.4736842105263157
0.8656853216487091,0.1343146783512908,0.5345564416054652,0.4654435583945348,360.0,1490.0,False,3760.0,0.0,0.9999999999999992,01,operational,348,0.4736842105263157
0.8535917727416857,0.1464082272583142,0.5561441916844542,0.4438558083155458,360.0,1490.0,False,3760.0,0.0,0.9999999999999992,10,operational,348,0.4736842105263157
0.8525901191480756,0.1474098808519244,0.5561441916844542,0.4438558083155458,360.0,1500.0,False,3760.0,0.0,0.9999999999999992,11,operational,348,0.4736842105263157
0.946554819215548,0.053445180784452,0.4452149651281897,0.5547850348718103,360.0,700.0,False,3760.0,0.0,0.9999999999999992,00,operational,349,0.2631578947368421
0.9462987163106434,0.0537012836893565,0.4452149651281897,0.5547850348718103,360.0,710.0,False,3760.0,0.0,0.9999999999999992,01,operational,349,0.2631578947368421
0.941462787207046,0.0585372127929538,0.4524309079188153,0.5475690920811846,360.0,700.0,False,3760.0,0.0,0.9999999999999992,10,operational,349,0.2631578947368421
0.9408796948229576,0.0591203051770423,0.4524309079188153,0.5475690920811846,360.0,710.0,False,3760.0,0.0,0.9999999999999992,11,operational,349,0.2631578947368421
0.8650075884406503,0.1349924115593497,0.5479979704313052,0.4520020295686948,360.0,1510.0,False,3760.0,0.0,0.9999999999999992,00,operational,350,0.4736842105263157
0.8613861026239442,0.1386138973760557,0.5479979704313052,0.4520020295686948,360.0,1550.0,False,3760.0,0.0,0.9999999999999992,01,operational,350,0.4736842105263157
0.8501802959764184,0.1498197040235815,0.5752287967686134,0.4247712032313866,360.0,1510.0,False,3760.0,0.0,0.9999999999999992,10,operational,350,0.4736842105263157
0.8457377130982017,0.1542622869017983,0.5752287967686134,0.4247712032313866,360.0,1550.0,False,3760.0,0.0,0.9999999999999992,11,operational,350,0.4736842105263157
0.9015921612401624,0.0984078387598377,0.6100124003565198,0.3899875996434802,360.0,1090.0,False,3760.0,0.0,0.9999999999999992,00,operational,351,0.3684210526315789
0.8964459082979814,0.1035540917020185,0.6100124003565198,0.3899875996434802,360.0,1130.0,False,3760.0,0.0,0.9999999999999992,01,operational,351,0.3684210526315789
0.8859843527007274,0.1140156472992726,0.7213857965080309,0.2786142034919691,360.0,1090.0,False,3760.0,0.0,0.9999999999999992,10,operational,351,0.3684210526315789
0.8797021201940896,0.1202978798059104,0.7213857965080309,0.2786142034919691,360.0,1140.0,False,3760.0,0.0,0.9999999999999992,11,operational,351,0.3684210526315789
0.8910057115055575,0.1089942884944424,0.7018954217265028,0.2981045782734972,360.0,1100.0,False,3760.0,0.0,0.9999999999999992,00,operational,352,0.3333333333333333
0.8839579971944409,0.1160420028055591,0.7018954217265028,0.2981045782734972,360.0,1170.0,False,3760.0,0.0,0.9999999999999992,01,operational,352,0.3333333333333333
0.880534264235554,0.1194657357644459,0.7790892280474593,0.2209107719525407,360.0,1100.0,False,3760.0,0.0,0.9999999999999992,10,operational,352,0.3333333333333333
0.8729968259916956,0.1270031740083044,0.7790892280474593,0.2209107719525407,360.0,1170.0,False,3760.0,0.0,0.9999999999999992,11,operational,352,0.3333333333333333
0.8530000152364926,0.1469999847635074,0.851054563382714,0.148945436617286,360.0,1390.0,False,3760.0,0.0,0.9999999999999992,00,operational,353,0.4035087719298245
0.8197018077801713,0.1802981922198286,0.851054563382714,0.148945436617286,360.0,1630.0,False,3760.0,0.0,0.9999999999999992,01,operational,353,0.4035087719298245
0.8399870887018048,0.1600129112981951,0.9198822459008648,0.0801177540991352,360.0,1390.0,False,3760.0,0.0,0.9999999999999992,10,operational,353,0.4035087719298245
0.8037147829770067,0.1962852170229932,0.9198822459008648,0.0801177540991352,360.0,1630.0,False,3760.0,0.0,0.9999999999999992,11,operational,353,0.4035087719298245
0.9721737261906306,0.0278262738093694,0.3131310790309394,0.6868689209690606,360.0,510.0,False,3760.0,0.0,0.9999999999999992,00,operational,354,0.2280701754385964
0.971486683473838,0.028513316526162,0.3131310790309394,0.6868689209690606,360.0,520.0,False,3760.0,0.0,0.9999999999999992,01,operational,354,0.2280701754385964
0.9693415106230052,0.0306584893769946,0.3540773360790499,0.6459226639209501,360.0,510.0,False,3760.0,0.0,0.9999999999999992,10,operational,354,0.2280701754385964
0.968413496989034,0.0315865030109658,0.3540773360790499,0.6459226639209501,360.0,530.0,False,3760.0,0.0,0.9999999999999992,11,operational,354,0.2280701754385964
0.8264053581098737,0.1735946418901263,0.7794981298936228,0.2205018701063772,360.0,1570.0,False,3760.0,0.0,0.9999999999999992,00,operational,355,0.4035087719298245
0.8261424547304157,0.1738575452695843,0.7794981298936228,0.2205018701063772,360.0,1580.0,False,3760.0,0.0,0.9999999999999992,01,operational,355,0.4035087719298245
0.8086840590066732,0.1913159409933268,0.8120202017484348,0.1879797982515652,360.0,1580.0,False,3760.0,0.0,0.9999999999999992,10,operational,355,0.4035087719298245
0.8081965878526873,0.1918034121473126,0.8120202017484348,0.1879797982515652,360.0,1590.0,False,3760.0,0.0,0.9999999999999992,11,operational,355,0.4035087719298245
0.936380629475958,0.0636193705240419,0.4515346750545611,0.5484653249454389,360.0,810.0,False,3760.0,0.0,0.9999999999999992,00,operational,356,0.3157894736842105
0.936304002969934,0.063695997030066,0.4515346750545611,0.5484653249454389,360.0,810.0,False,3760.0,0.0,0.9999999999999992,01,operational,356,0.3157894736842105
0.9328205432493156,0.0671794567506844,0.4546213823592712,0.5453786176407288,360.0,810.0,False,3760.0,0.0,0.9999999999999992,10,operational,356,0.3157894736842105
0.9327100359612636,0.0672899640387365,0.4546213823592712,0.5453786176407288,360.0,810.0,False,3760.0,0.0,0.9999999999999992,11,operational,356,0.3157894736842105
0.8405623321102402,0.1594376678897597,0.6858390988611988,0.3141609011388012,360.0,1510.0,False,3760.0,0.0,0.9999999999999992,00,operational,357,0.4561403508771929
0.8345010333768739,0.1654989666231261,0.6858390988611988,0.3141609011388012,360.0,1560.0,False,3760.0,0.0,0.9999999999999992,01,operational,357,0.4561403508771929
0.8234512594944435,0.1765487405055564,0.7044461288676326,0.2955538711323674,360.0,1510.0,False,3760.0,0.0,0.9999999999999992,10,operational,357,0.4561403508771929
0.8164024534863318,0.1835975465136682,0.7044461288676326,0.2955538711323674,360.0,1570.0,False,3760.0,0.0,0.9999999999999992,11,operational,357,0.4561403508771929
0.8219732488528452,0.1780267511471548,0.7088596752400665,0.2911403247599334,360.0,1710.0,False,3760.0,0.0,0.9999999999999992,00,operational,358,0.5614035087719298
0.7996765620266584,0.2003234379733416,0.7088596752400665,0.2911403247599334,360.0,1860.0,False,3760.0,0.0,0.9999999999999992,01,operational,358,0.5614035087719298
0.8078994140239563,0.1921005859760437,0.7469835502006017,0.2530164497993983,360.0,1710.0,False,3760.0,0.0,0.9999999999999992,10,operational,358,0.5614035087719298
0.7834780504447844,0.2165219495552156,0.7469835502006017,0.2530164497993983,360.0,1860.0,False,3760.0,0.0,0.9999999999999992,11,operational,358,0.5614035087719298
0.8822248757709641,0.1177751242290359,0.4890694964740657,0.5109305035259343,360.0,1350.0,False,3760.0,0.0,0.9999999999999992,00,operational,359,0.4210526315789473
0.8821630566086004,0.1178369433913996,0.4890694964740657,0.5109305035259343,360.0,1350.0,False,3760.0,0.0,0.9999999999999992,01,operational,359,0.4210526315789473
0.8662121989805389,0.133787801019461,0.5230188230166377,0.4769811769833623,360.0,1350.0,False,3760.0,0.0,0.9999999999999992,10,operational,359,0.4210526315789473
0.8660218728775819,0.133978127122418,0.5230188230166377,0.4769811769833623,360.0,1350.0,False,3760.0,0.0,0.9999999999999992,11,operational,359,0.4210526315789473
0.9738457310786212,0.0261542689213788,0.3217855820554375,0.6782144179445625,360.0,450.0,False,3760.0,0.0,0.9999999999999992,00,operational,360,0.175438596491228
0.9725179082623376,0.0274820917376623,0.3217855820554375,0.6782144179445625,360.0,480.0,False,3760.0,0.0,0.9999999999999992,01,operational,360,0.175438596491228
0.970313482290828,0.0296865177091719,0.3494921538474376,0.6505078461525624,360.0,460.0,False,3760.0,0.0,0.9999999999999992,10,operational,360,0.175438596491228
0.9687283921052516,0.0312716078947482,0.3494921538474376,0.6505078461525624,360.0,480.0,False,3760.0,0.0,0.9999999999999992,11,operational,360,0.175438596491228
0.9526448310297124,0.0473551689702876,0.3940300590142407,0.6059699409857593,360.0,710.0,False,3760.0,0.0,0.9999999999999992,00,operational,361,0.2982456140350877
0.950858641807366,0.0491413581926341,0.3940300590142407,0.6059699409857593,360.0,730.0,False,3760.0,0.0,0.9999999999999992,01,operational,361,0.2982456140350877
0.9466373283234004,0.0533626716765996,0.4348641686976979,0.565135831302302,360.0,710.0,False,3760.0,0.0,0.9999999999999992,10,operational,361,0.2982456140350877
0.9442308582360844,0.0557691417639155,0.4348641686976979,0.565135831302302,360.0,740.0,False,3760.0,0.0,0.9999999999999992,11,operational,361,0.2982456140350877
0.9012377474289592,0.0987622525710408,0.6842487049368882,0.3157512950631118,360.0,1110.0,False,3760.0,0.0,0.9999999999999992,00,operational,362,0.3859649122807017
0.9002549064207158,0.0997450935792841,0.6842487049368882,0.3157512950631118,360.0,1120.0,False,3760.0,0.0,0.9999999999999992,01,operational,362,0.3859649122807017
0.8886329105855596,0.1113670894144404,0.8082717668542369,0.1917282331457631,360.0,1110.0,False,3760.0,0.0,0.9999999999999992,10,operational,362,0.3859649122807017
0.8871438452748269,0.112856154725173,0.8082717668542369,0.1917282331457631,360.0,1120.0,False,3760.0,0.0,0.9999999999999992,11,operational,362,0.3859649122807017
0.9227872935052972,0.0772127064947028,0.581286477179918,0.4187135228200819,360.0,1000.0,False,3760.0,0.0,0.9999999999999992,00,operational,363,0.4035087719298245
0.9199891748782578,0.0800108251217421,0.581286477179918,0.4187135228200819,360.0,1030.0,False,3760.0,0.0,0.9999999999999992,01,operational,363,0.4035087719298245
0.9084585399538384,0.0915414600461617,0.6596231098491481,0.3403768901508519,360.0,1000.0,False,3760.0,0.0,0.9999999999999992,10,operational,363,0.4035087719298245
0.9047382147199312,0.0952617852800687,0.6596231098491481,0.3403768901508519,360.0,1040.0,False,3760.0,0.0,0.9999999999999992,11,operational,363,0.4035087719298245
0.7989876759672334,0.2010123240327666,0.764554283673001,0.235445716326999,280.0,1750.0,False,3760.0,0.0,0.9999999999999992,00,operational,364,0.4385964912280701
0.793381322119396,0.2066186778806039,0.764554283673001,0.235445716326999,280.0,1800.0,False,3760.0,0.0,0.9999999999999992,01,operational,364,0.4385964912280701
0.7815126210288027,0.2184873789711973,0.7835694284909406,0.2164305715090594,360.0,1750.0,False,3760.0,0.0,0.9999999999999992,10,operational,364,0.4385964912280701
0.7745832812166684,0.2254167187833315,0.7835694284909406,0.2164305715090594,360.0,1810.0,False,3760.0,0.0,0.9999999999999992,11,operational,364,0.4385964912280701
0.8402757453203635,0.1597242546796364,0.5230284376696523,0.4769715623303476,360.0,1600.0,False,3760.0,0.0,0.9999999999999992,00,operational,365,0.4210526315789473
0.8390212529030483,0.1609787470969517,0.5230284376696523,0.4769715623303476,360.0,1630.0,False,3760.0,0.0,0.9999999999999992,01,operational,365,0.4210526315789473
0.8316573067657186,0.1683426932342814,0.5247383258334776,0.4752616741665224,360.0,1610.0,False,3760.0,0.0,0.9999999999999992,10,operational,365,0.4210526315789473
0.830175418217547,0.1698245817824529,0.5247383258334776,0.4752616741665224,360.0,1630.0,False,3760.0,0.0,0.9999999999999992,11,operational,365,0.4210526315789473
0.8795419861315429,0.1204580138684571,0.5603311073759547,0.4396688926240452,360.0,1300.0,False,3760.0,0.0,0.9999999999999992,00,operational,366,0.4561403508771929
0.8761529677894364,0.1238470322105635,0.5603311073759547,0.4396688926240452,360.0,1330.0,False,3760.0,0.0,0.9999999999999992,01,operational,366,0.4561403508771929
0.8673714475750985,0.1326285524249014,0.5798979473465227,0.4201020526534774,360.0,1300.0,False,3760.0,0.0,0.9999999999999992,10,operational,366,0.4561403508771929
0.8633703866810393,0.1366296133189607,0.5798979473465227,0.4201020526534774,360.0,1340.0,False,3760.0,0.0,0.9999999999999992,11,operational,366,0.4561403508771929
0.8726365809173007,0.1273634190826993,0.5229732246656214,0.4770267753343787,360.0,1390.0,False,3760.0,0.0,0.9999999999999992,00,operational,367,0.4561403508771929
0.8655331977333143,0.1344668022666857,0.5229732246656214,0.4770267753343787,360.0,1480.0,False,3760.0,0.0,0.9999999999999992,01,operational,367,0.4561403508771929
0.8646632803648076,0.1353367196351924,0.5326128403378938,0.4673871596621062,360.0,1400.0,False,3760.0,0.0,0.9999999999999992,10,operational,367,0.4561403508771929
0.8562185091265898,0.1437814908734102,0.5326128403378938,0.4673871596621062,360.0,1480.0,False,3760.0,0.0,0.9999999999999992,11,operational,367,0.4561403508771929
0.935652790508379,0.0643472094916209,0.4104205406532983,0.5895794593467016,360.0,930.0,False,3760.0,0.0,0.9999999999999992,00,operational,368,0.3508771929824561
0.935599585689102,0.0644004143108979,0.4104205406532983,0.5895794593467016,360.0,930.0,False,3760.0,0.0,0.9999999999999992,01,operational,368,0.3508771929824561
0.923235656912245,0.076764343087755,0.4745288282051945,0.5254711717948055,360.0,930.0,False,3760.0,0.0,0.9999999999999992,10,operational,368,0.3508771929824561
0.9231658688804856,0.0768341311195144,0.4745288282051945,0.5254711717948055,360.0,940.0,False,3760.0,0.0,0.9999999999999992,11,operational,368,0.3508771929824561
0.8872561405761525,0.1127438594238474,0.8202810192345247,0.1797189807654753,360.0,1060.0,False,3760.0,0.0,0.9999999999999992,00,operational,369,0.3508771929824561
0.8732846185227086,0.1267153814772914,0.8202810192345247,0.1797189807654753,360.0,1180.0,False,3760.0,0.0,0.9999999999999992,01,operational,369,0.3508771929824561
0.8736402544205459,0.126359745579454,0.9195609677287712,0.0804390322712287,360.0,1060.0,False,3760.0,0.0,0.9999999999999992,10,operational,369,0.3508771929824561
0.8577692354083931,0.1422307645916068,0.9195609677287712,0.0804390322712287,360.0,1190.0,False,3760.0,0.0,0.9999999999999992,11,operational,369,0.3508771929824561
0.9055216359029044,0.0944783640970956,0.5077204899102306,0.4922795100897695,360.0,1120.0,False,3760.0,0.0,0.9999999999999992,00,operational,370,0.4210526315789473
0.8864522202338739,0.113547779766126,0.5077204899102306,0.4922795100897695,360.0,1280.0,False,3760.0,0.0,0.9999999999999992,01,operational,370,0.4210526315789473
0.8963624216213645,0.1036375783786355,0.5394072776542038,0.4605927223457962,360.0,1130.0,False,3760.0,0.0,0.9999999999999992,10,operational,370,0.4210526315789473
0.8757879410643881,0.1242120589356119,0.5394072776542038,0.4605927223457962,360.0,1280.0,False,3760.0,0.0,0.9999999999999992,11,operational,370,0.4210526315789473
0.8505434128577865,0.1494565871422135,0.7611916877092963,0.2388083122907036,360.0,1480.0,False,3760.0,0.0,0.9999999999999992,00,operational,371,0.4912280701754385
0.8452418461274929,0.1547581538725071,0.7611916877092963,0.2388083122907036,360.0,1540.0,False,3760.0,0.0,0.9999999999999992,01,operational,371,0.4912280701754385
0.824648041644953,0.175351958355047,0.819017381366416,0.180982618633584,360.0,1480.0,False,3760.0,0.0,0.9999999999999992,10,operational,371,0.4912280701754385
0.8177273247891012,0.1822726752108988,0.819017381366416,0.180982618633584,360.0,1540.0,False,3760.0,0.0,0.9999999999999992,11,operational,371,0.4912280701754385
0.9456831739241396,0.0543168260758603,0.3874924662230091,0.6125075337769909,360.0,810.0,False,3760.0,0.0,0.9999999999999992,00,operational,372,0.3684210526315789
0.9446403439868332,0.0553596560131667,0.3874924662230091,0.6125075337769909,360.0,820.0,False,3760.0,0.0,0.9999999999999992,01,operational,372,0.3684210526315789
0.941263453677328,0.0587365463226718,0.4041311035340862,0.5958688964659138,360.0,810.0,False,3760.0,0.0,0.9999999999999992,10,operational,372,0.3684210526315789
0.939938276982836,0.0600617230171639,0.4041311035340862,0.5958688964659138,360.0,820.0,False,3760.0,0.0,0.9999999999999992,11,operational,372,0.3684210526315789
0.965455858313073,0.0345441416869269,0.2942228202508018,0.7057771797491982,360.0,650.0,False,3760.0,0.0,0.9999999999999992,00,operational,373,0.2280701754385964
0.9640443664273938,0.0359556335726062,0.2942228202508018,0.7057771797491982,360.0,680.0,False,3760.0,0.0,0.9999999999999992,01,operational,373,0.2280701754385964
0.959757451643314,0.040242548356686,0.3297021436245494,0.6702978563754506,360.0,660.0,False,3760.0,0.0,0.9999999999999992,10,operational,373,0.2280701754385964
0.9579735452004952,0.0420264547995048,0.3297021436245494,0.6702978563754506,360.0,690.0,False,3760.0,0.0,0.9999999999999992,11,operational,373,0.2280701754385964
0.8910688409310821,0.1089311590689179,0.5358327603882398,0.4641672396117601,360.0,1190.0,False,3760.0,0.0,0.9999999999999992,00,operational,374,0.3859649122807017
0.8872861806406849,0.1127138193593151,0.5358327603882398,0.4641672396117601,360.0,1230.0,False,3760.0,0.0,0.9999999999999992,01,operational,374,0.3859649122807017
0.8822816811496128,0.1177183188503872,0.5415590582682613,0.4584409417317386,360.0,1190.0,False,3760.0,0.0,0.9999999999999992,10,operational,374,0.3859649122807017
0.8772887750790203,0.1227112249209797,0.5415590582682613,0.4584409417317386,360.0,1240.0,False,3760.0,0.0,0.9999999999999992,11,operational,374,0.3859649122807017
0.8534924983691737,0.1465075016308262,0.5677109514774406,0.4322890485225594,360.0,1560.0,False,3760.0,0.0,0.9999999999999992,00,operational,375,0.5263157894736842
0.8447662392371008,0.1552337607628992,0.5677109514774406,0.4322890485225594,360.0,1630.0,False,3760.0,0.0,0.9999999999999992,01,operational,375,0.5263157894736842
0.8392987962586619,0.1607012037413381,0.5974463564985466,0.4025536435014534,360.0,1560.0,False,3760.0,0.0,0.9999999999999992,10,operational,375,0.5263157894736842
0.8288339458246812,0.1711660541753188,0.5974463564985466,0.4025536435014534,360.0,1630.0,False,3760.0,0.0,0.9999999999999992,11,operational,375,0.5263157894736842
0.911534692230764,0.0884653077692361,0.4500818581451339,0.5499181418548661,360.0,1050.0,False,3760.0,0.0,0.9999999999999992,00,operational,376,0.3684210526315789
0.9111040432878276,0.0888959567121723,0.4500818581451339,0.5499181418548661,360.0,1070.0,False,3760.0,0.0,0.9999999999999992,01,operational,376,0.3684210526315789
0.9064120031217558,0.0935879968782441,0.4585171061882973,0.5414828938117027,360.0,1060.0,False,3760.0,0.0,0.9999999999999992,10,operational,376,0.3684210526315789
0.905573439996982,0.094426560003018,0.4585171061882973,0.5414828938117027,360.0,1070.0,False,3760.0,0.0,0.9999999999999992,11,operational,376,0.3684210526315789
0.8538931991528832,0.1461068008471168,0.6504297242433156,0.3495702757566844,360.0,1470.0,False,3760.0,0.0,0.9999999999999992,00,operational,377,0.4035087719298245
0.8385794128568776,0.1614205871431223,0.6504297242433156,0.3495702757566844,360.0,1600.0,False,3760.0,0.0,0.9999999999999992,01,operational,377,0.4035087719298245
0.839332430307393,0.1606675696926069,0.6764943745678891,0.3235056254321109,360.0,1480.0,False,3760.0,0.0,0.9999999999999992,10,operational,377,0.4035087719298245
0.8224632946530431,0.1775367053469568,0.6764943745678891,0.3235056254321109,360.0,1610.0,False,3760.0,0.0,0.9999999999999992,11,operational,377,0.4035087719298245
0.8564081946549728,0.1435918053450272,0.7085783846637149,0.2914216153362851,360.0,1430.0,False,3760.0,0.0,0.9999999999999992,00,operational,378,0.3859649122807017
0.8511747716159287,0.1488252283840713,0.7085783846637149,0.2914216153362851,360.0,1480.0,False,3760.0,0.0,0.9999999999999992,01,operational,378,0.3859649122807017
0.8351026025433876,0.1648973974566123,0.7981077959792503,0.2018922040207497,360.0,1430.0,False,3760.0,0.0,0.9999999999999992,10,operational,378,0.3859649122807017
0.8285549015017372,0.1714450984982628,0.7981077959792503,0.2018922040207497,360.0,1480.0,False,3760.0,0.0,0.9999999999999992,11,operational,378,0.3859649122807017
0.9295354134710564,0.0704645865289435,0.8034549269482298,0.1965450730517702,360.0,830.0,False,3760.0,0.0,0.9999999999999992,00,operational,379,0.3508771929824561
0.92898583927626,0.0710141607237399,0.8034549269482298,0.1965450730517702,360.0,850.0,False,3760.0,0.0,0.9999999999999992,01,operational,379,0.3508771929824561
0.9151910110783936,0.0848089889216062,0.9639386971376628,0.0360613028623373,360.0,830.0,False,3760.0,0.0,0.9999999999999992,10,operational,379,0.3508771929824561
0.9143587053609232,0.0856412946390766,0.9639386971376628,0.0360613028623373,360.0,850.0,False,3760.0,0.0,0.9999999999999992,11,operational,379,0.3508771929824561
0.8374500913849697,0.1625499086150302,0.5499754234386816,0.4500245765613185,360.0,1620.0,False,3760.0,0.0,0.9999999999999992,00,operational,380,0.4912280701754385
0.8245202188217862,0.1754797811782138,0.5499754234386816,0.4500245765613185,360.0,1740.0,False,3760.0,0.0,0.9999999999999992,01,operational,380,0.4912280701754385
0.8276185597925193,0.1723814402074807,0.5533863043349958,0.4466136956650041,360.0,1620.0,False,3760.0,0.0,0.9999999999999992,10,operational,380,0.4912280701754385
0.813594945700387,0.1864050542996129,0.5533863043349958,0.4466136956650041,360.0,1740.0,False,3760.0,0.0,0.9999999999999992,11,operational,380,0.4912280701754385
0.9474758612352968,0.0525241387647031,0.4134697450826191,0.5865302549173809,360.0,750.0,False,3760.0,0.0,0.9999999999999992,00,operational,381,0.3508771929824561
0.9445444979283084,0.0554555020716915,0.4134697450826191,0.5865302549173809,360.0,780.0,False,3760.0,0.0,0.9999999999999992,01,operational,381,0.3508771929824561
0.9429187282695596,0.0570812717304404,0.4390183142022648,0.5609816857977352,360.0,750.0,False,3760.0,0.0,0.9999999999999992,10,operational,381,0.3508771929824561
0.9394362711638892,0.0605637288361108,0.4390183142022648,0.5609816857977352,360.0,780.0,False,3760.0,0.0,0.9999999999999992,11,operational,381,0.3508771929824561
0.7550701587194427,0.2449298412805572,0.7078236810176872,0.2921763189823127,360.0,2090.0,False,3760.0,0.0,0.9999999999999992,00,operational,382,0.5263157894736842
0.7405254673605025,0.2594745326394975,0.7078236810176872,0.2921763189823127,360.0,2200.0,False,3760.0,0.0,0.9999999999999992,01,operational,382,0.5263157894736842
0.7313309149061729,0.2686690850938271,0.7511225379240469,0.248877462075953,360.0,2090.0,False,3760.0,0.0,0.9999999999999992,10,operational,382,0.5263157894736842
0.7150759694355807,0.2849240305644193,0.7511225379240469,0.248877462075953,360.0,2200.0,False,3760.0,0.0,0.9999999999999992,11,operational,382,0.5263157894736842
0.9025995528673072,0.0974004471326929,0.4948643437767878,0.5051356562232122,360.0,1140.0,False,3760.0,0.0,0.9999999999999992,00,operational,383,0.4035087719298245
0.901422450158144,0.098577549841856,0.4948643437767878,0.5051356562232122,360.0,1150.0,False,3760.0,0.0,0.9999999999999992,01,operational,383,0.4035087719298245
0.8938485397118092,0.1061514602881907,0.5132984245529733,0.4867015754470268,360.0,1140.0,False,3760.0,0.0,0.9999999999999992,10,operational,383,0.4035087719298245
0.8922549209051557,0.1077450790948443,0.5132984245529733,0.4867015754470268,360.0,1160.0,False,3760.0,0.0,0.9999999999999992,11,operational,383,0.4035087719298245
0.845882584970301,0.154117415029699,0.6869544860020118,0.3130455139979881,360.0,1470.0,False,3760.0,0.0,0.9999999999999992,00,operational,384,0.4385964912280701
0.8444667869593927,0.1555332130406073,0.6869544860020118,0.3130455139979881,360.0,1480.0,False,3760.0,0.0,0.9999999999999992,01,operational,384,0.4385964912280701
0.8352241151621181,0.1647758848378818,0.6927181835838454,0.3072818164161546,360.0,1470.0,False,3760.0,0.0,0.9999999999999992,10,operational,384,0.4385964912280701
0.8333353705420428,0.1666646294579572,0.6927181835838454,0.3072818164161546,360.0,1490.0,False,3760.0,0.0,0.9999999999999992,11,operational,384,0.4385964912280701
0.852237971273079,0.147762028726921,0.5528132490649795,0.4471867509350204,360.0,1470.0,False,3760.0,0.0,0.9999999999999992,00,operational,385,0.4385964912280701
0.84913572421474,0.1508642757852599,0.5528132490649795,0.4471867509350204,360.0,1510.0,False,3760.0,0.0,0.9999999999999992,01,operational,385,0.4385964912280701
0.8410431507140402,0.1589568492859597,0.5590376110132544,0.4409623889867455,360.0,1480.0,False,3760.0,0.0,0.9999999999999992,10,operational,385,0.4385964912280701
0.8370512950596636,0.1629487049403364,0.5590376110132544,0.4409623889867455,360.0,1520.0,False,3760.0,0.0,0.9999999999999992,11,operational,385,0.4385964912280701
0.9784751356632608,0.0215248643367392,0.216250415260395,0.783749584739605,360.0,530.0,False,3760.0,0.0,0.9999999999999992,00,operational,386,0.2280701754385964
0.9778640921682836,0.0221359078317164,0.216250415260395,0.783749584739605,360.0,540.0,False,3760.0,0.0,0.9999999999999992,01,operational,386,0.2280701754385964
0.9700172022892396,0.0299827977107604,0.3269334004273004,0.6730665995726995,360.0,540.0,False,3760.0,0.0,0.9999999999999992,10,operational,386,0.2280701754385964
0.9690483705835644,0.0309516294164354,0.3269334004273004,0.6730665995726995,360.0,550.0,False,3760.0,0.0,0.9999999999999992,11,operational,386,0.2280701754385964
0.8447708507257542,0.1552291492742458,0.5777404092437245,0.4222595907562755,360.0,1570.0,False,3760.0,0.0,0.9999999999999992,00,operational,387,0.4912280701754385
0.8432606131950424,0.1567393868049575,0.5777404092437245,0.4222595907562755,360.0,1590.0,False,3760.0,0.0,0.9999999999999992,01,operational,387,0.4912280701754385
0.8332783339941627,0.1667216660058372,0.5915852996674883,0.4084147003325117,360.0,1570.0,False,3760.0,0.0,0.9999999999999992,10,operational,387,0.4912280701754385
0.8313026474771287,0.1686973525228713,0.5915852996674883,0.4084147003325117,360.0,1590.0,False,3760.0,0.0,0.9999999999999992,11,operational,387,0.4912280701754385
0.774827607395803,0.2251723926041969,0.6073219564222293,0.3926780435777707,360.0,2100.0,False,3760.0,0.0,0.9999999999999992,00,operational,388,0.543859649122807
0.75091030681846,0.2490896931815399,0.6073219564222293,0.3926780435777707,360.0,2270.0,False,3760.0,0.0,0.9999999999999992,01,operational,388,0.543859649122807
0.7600333935871565,0.2399666064128435,0.6160103662982115,0.3839896337017885,360.0,2100.0,False,3760.0,0.0,0.9999999999999992,10,operational,388,0.543859649122807
0.7345492069877587,0.2654507930122413,0.6160103662982115,0.3839896337017885,360.0,2280.0,False,3760.0,0.0,0.9999999999999992,11,operational,388,0.543859649122807
0.8416195595623134,0.1583804404376866,0.5865279319975742,0.4134720680024258,260.0,1640.0,False,3760.0,0.0,0.9999999999999992,00,operational,389,0.4736842105263157
0.8136643915275809,0.1863356084724191,0.5865279319975742,0.4134720680024258,260.0,1860.0,False,3760.0,0.0,0.9999999999999992,01,operational,389,0.4736842105263157
0.8317744650717882,0.1682255349282118,0.6529549572975633,0.3470450427024367,260.0,1640.0,False,3760.0,0.0,0.9999999999999992,10,operational,389,0.4736842105263157
0.8020737477809708,0.1979262522190291,0.6529549572975633,0.3470450427024367,260.0,1860.0,False,3760.0,0.0,0.9999999999999992,11,operational,389,0.4736842105263157
0.8756863150871836,0.1243136849128163,0.5675648187206088,0.4324351812793912,360.0,1330.0,False,3760.0,0.0,0.9999999999999992,00,operational,390,0.4561403508771929
0.8737719309998434,0.1262280690001566,0.5675648187206088,0.4324351812793912,360.0,1350.0,False,3760.0,0.0,0.9999999999999992,01,operational,390,0.4561403508771929
0.8608737479898055,0.1391262520101944,0.6169456779623687,0.3830543220376313,360.0,1330.0,False,3760.0,0.0,0.9999999999999992,10,operational,390,0.4561403508771929
0.8586070986337888,0.1413929013662112,0.6169456779623687,0.3830543220376313,360.0,1350.0,False,3760.0,0.0,0.9999999999999992,11,operational,390,0.4561403508771929
0.925188443201173,0.074811556798827,0.4668014872941745,0.5331985127058255,360.0,950.0,False,3760.0,0.0,0.9999999999999992,00,operational,391,0.3684210526315789
0.922533840179165,0.077466159820835,0.4668014872941745,0.5331985127058255,360.0,980.0,False,3760.0,0.0,0.9999999999999992,01,operational,391,0.3684210526315789
0.914615648144879,0.085384351855121,0.491185242392,0.508814757608,360.0,950.0,False,3760.0,0.0,0.9999999999999992,10,operational,391,0.3684210526315789
0.911084718210155,0.0889152817898449,0.491185242392,0.508814757608,360.0,990.0,False,3760.0,0.0,0.9999999999999992,11,operational,391,0.3684210526315789
0.8498215032072735,0.1501784967927265,0.718043393860619,0.2819566061393809,360.0,1460.0,False,3760.0,0.0,0.9999999999999992,00,operational,392,0.4035087719298245
0.8415082979947129,0.158491702005287,0.718043393860619,0.2819566061393809,360.0,1530.0,False,3760.0,0.0,0.9999999999999992,01,operational,392,0.4035087719298245
0.8329489102762718,0.1670510897237281,0.7658001548234453,0.2341998451765546,360.0,1460.0,False,3760.0,0.0,0.9999999999999992,10,operational,392,0.4035087719298245
0.8233481943929187,0.1766518056070812,0.7658001548234453,0.2341998451765546,360.0,1530.0,False,3760.0,0.0,0.9999999999999992,11,operational,392,0.4035087719298245
0.888503232441326,0.1114967675586739,0.5164176674320138,0.4835823325679862,360.0,1180.0,False,3760.0,0.0,0.9999999999999992,00,operational,393,0.3333333333333333
0.8810828808422424,0.1189171191577576,0.5164176674320138,0.4835823325679862,360.0,1240.0,False,3760.0,0.0,0.9999999999999992,01,operational,393,0.3333333333333333
0.8821138171870894,0.1178861828129106,0.5209918177886024,0.4790081822113976,360.0,1180.0,False,3760.0,0.0,0.9999999999999992,10,operational,393,0.3333333333333333
0.8740841462914892,0.1259158537085107,0.5209918177886024,0.4790081822113976,360.0,1240.0,False,3760.0,0.0,0.9999999999999992,11,operational,393,0.3333333333333333
0.9017095662490692,0.0982904337509309,0.8210827963381712,0.1789172036618288,360.0,950.0,False,3760.0,0.0,0.9999999999999992,00,operational,394,0.2807017543859649
0.9017095662490692,0.0982904337509309,0.8210827963381712,0.1789172036618288,360.0,950.0,False,3760.0,0.0,0.9999999999999992,01,operational,394,0.2807017543859649
0.8891748946953594,0.1108251053046406,0.915522955643449,0.084477044356551,360.0,950.0,False,3760.0,0.0,0.9999999999999992,10,operational,394,0.2807017543859649
0.8891748946953594,0.1108251053046406,0.915522955643449,0.084477044356551,360.0,950.0,False,3760.0,0.0,0.9999999999999992,11,operational,394,0.2807017543859649
0.9449824189932828,0.0550175810067171,0.4092307187113041,0.5907692812886959,360.0,760.0,False,3760.0,0.0,0.9999999999999992,00,operational,395,0.2807017543859649
0.944738742631144,0.055261257368856,0.4092307187113041,0.5907692812886959,360.0,760.0,False,3760.0,0.0,0.9999999999999992,01,operational,395,0.2807017543859649
0.9389901311388656,0.0610098688611344,0.4374506431027885,0.5625493568972115,360.0,760.0,False,3760.0,0.0,0.9999999999999992,10,operational,395,0.2807017543859649
0.9385812073376588,0.061418792662341,0.4374506431027885,0.5625493568972115,360.0,770.0,False,3760.0,0.0,0.9999999999999992,11,operational,395,0.2807017543859649
0.9671257670525492,0.0328742329474507,0.3363724337382677,0.6636275662617322,360.0,540.0,False,3760.0,0.0,0.9999999999999992,00,operational,396,0.2105263157894736
0.9671257670525492,0.0328742329474507,0.3363724337382677,0.6636275662617322,360.0,540.0,False,3760.0,0.0,0.9999999999999992,01,operational,396,0.2105263157894736
0.9612526722173544,0.0387473277826456,0.3893107734925174,0.6106892265074826,360.0,550.0,False,3760.0,0.0,0.9999999999999992,10,operational,396,0.2105263157894736
0.9612526722173544,0.0387473277826456,0.3893107734925174,0.6106892265074826,360.0,550.0,False,3760.0,0.0,0.9999999999999992,11,operational,396,0.2105263157894736
0.8608353306548598,0.1391646693451401,0.5307493665966005,0.4692506334033995,360.0,1470.0,False,3760.0,0.0,0.9999999999999992,00,operational,397,0.3859649122807017
0.8411348538421305,0.1588651461578695,0.5307493665966005,0.4692506334033995,360.0,1640.0,False,3760.0,0.0,0.9999999999999992,01,operational,397,0.3859649122807017
0.8479920594252381,0.1520079405747618,0.5470089251980872,0.4529910748019128,360.0,1480.0,False,3760.0,0.0,0.9999999999999992,10,operational,397,0.3859649122807017
0.8272403707869901,0.1727596292130099,0.5470089251980872,0.4529910748019128,360.0,1650.0,False,3760.0,0.0,0.9999999999999992,11,operational,397,0.3859649122807017
0.9723849788753758,0.0276150211246242,0.2697155193721217,0.7302844806278783,360.0,520.0,False,3760.0,0.0,0.9999999999999992,00,operational,398,0.175438596491228
0.9722735296499024,0.0277264703500975,0.2697155193721217,0.7302844806278783,360.0,520.0,False,3760.0,0.0,0.9999999999999992,01,operational,398,0.175438596491228
0.9697080216565132,0.0302919783434867,0.2937942767306474,0.7062057232693526,360.0,520.0,False,3760.0,0.0,0.9999999999999992,10,operational,398,0.175438596491228
0.9694483197137872,0.0305516802862128,0.2937942767306474,0.7062057232693526,360.0,530.0,False,3760.0,0.0,0.9999999999999992,11,operational,398,0.175438596491228
0.94849249792463,0.05150750207537,0.3940629747081189,0.6059370252918811,360.0,800.0,False,3760.0,0.0,0.9999999999999992,00,operational,399,0.3157894736842105
0.9461632505111548,0.053836749488845,0.3940629747081189,0.6059370252918811,360.0,830.0,False,3760.0,0.0,0.9999999999999992,01,operational,399,0.3157894736842105
0.9394334089171752,0.0605665910828249,0.4380681219212894,0.5619318780787106,360.0,800.0,False,3760.0,0.0,0.9999999999999992,10,operational,399,0.3157894736842105
0.9366199398458244,0.0633800601541755,0.4380681219212894,0.5619318780787106,360.0,830.0,False,3760.0,0.0,0.9999999999999992,11,operational,399,0.3157894736842105
0.9016580763228856,0.0983419236771144,0.6551874980910514,0.3448125019089486,360.0,1070.0,False,3760.0,0.0,0.9999999999999992,00,operational,400,0.3684210526315789
0.895908287462645,0.104091712537355,0.6551874980910514,0.3448125019089486,360.0,1120.0,False,3760.0,0.0,0.9999999999999992,01,operational,400,0.3684210526315789
0.8851453658630095,0.1148546341369904,0.7597444877083169,0.240255512291683,360.0,1070.0,False,3760.0,0.0,0.9999999999999992,10,operational,400,0.3684210526315789
0.8781370981100799,0.1218629018899201,0.7597444877083169,0.240255512291683,360.0,1120.0,False,3760.0,0.0,0.9999999999999992,11,operational,400,0.3684210526315789
0.863231927363234,0.136768072636766,0.5360692990242019,0.4639307009757981,360.0,1420.0,False,3760.0,0.0,0.9999999999999992,00,operational,401,0.3684210526315789
0.8435227926583773,0.1564772073416227,0.5360692990242019,0.4639307009757981,360.0,1590.0,False,3760.0,0.0,0.9999999999999992,01,operational,401,0.3684210526315789
0.8572182849522054,0.1427817150477945,0.5509459317739752,0.4490540682260248,360.0,1420.0,False,3760.0,0.0,0.9999999999999992,10,operational,401,0.3684210526315789
0.8367375115011894,0.1632624884988106,0.5509459317739752,0.4490540682260248,360.0,1590.0,False,3760.0,0.0,0.9999999999999992,11,operational,401,0.3684210526315789
0.8765958521340902,0.1234041478659098,0.6576371900742497,0.3423628099257503,260.0,1360.0,False,3760.0,0.0,0.9999999999999992,00,operational,402,0.4210526315789473
0.8657423535700101,0.1342576464299899,0.6576371900742497,0.3423628099257503,260.0,1460.0,False,3760.0,0.0,0.9999999999999992,01,operational,402,0.4210526315789473
0.8579548545415944,0.1420451454584056,0.6874214256124727,0.3125785743875273,260.0,1360.0,False,3760.0,0.0,0.9999999999999992,10,operational,402,0.4210526315789473
0.8448799511579275,0.1551200488420725,0.6874214256124727,0.3125785743875273,260.0,1460.0,False,3760.0,0.0,0.9999999999999992,11,operational,402,0.4210526315789473
0.8250945882456826,0.1749054117543174,0.6960394839226685,0.3039605160773315,360.0,1650.0,False,3760.0,0.0,0.9999999999999992,00,operational,403,0.4035087719298245
0.7882736711017432,0.2117263288982568,0.6960394839226685,0.3039605160773315,360.0,1920.0,False,3760.0,0.0,0.9999999999999992,01,operational,403,0.4035087719298245
0.8078226654550715,0.1921773345449284,0.7506765142692398,0.2493234857307602,360.0,1660.0,False,3760.0,0.0,0.9999999999999992,10,operational,403,0.4035087719298245
0.7690539388645005,0.2309460611354995,0.7506765142692398,0.2493234857307602,360.0,1930.0,False,3760.0,0.0,0.9999999999999992,11,operational,403,0.4035087719298245
0.8476305348949683,0.1523694651050317,0.6867625207391327,0.3132374792608673,360.0,1410.0,False,3760.0,0.0,0.9999999999999992,00,operational,404,0.4035087719298245
0.7976777964560349,0.2023222035439651,0.6867625207391327,0.3132374792608673,360.0,1730.0,False,3760.0,0.0,0.9999999999999992,01,operational,404,0.4035087719298245
0.8304114093885127,0.1695885906114873,0.7545023495663605,0.2454976504336395,360.0,1410.0,False,3760.0,0.0,0.9999999999999992,10,operational,404,0.4035087719298245
0.7757376770384149,0.2242623229615851,0.7545023495663605,0.2454976504336395,360.0,1730.0,False,3760.0,0.0,0.9999999999999992,11,operational,404,0.4035087719298245
0.9294305329493868,0.0705694670506131,0.5743041405991453,0.4256958594008547,360.0,930.0,False,3760.0,0.0,0.9999999999999992,00,operational,405,0.3333333333333333
0.916993096002316,0.0830069039976839,0.5743041405991453,0.4256958594008547,360.0,1060.0,False,3760.0,0.0,0.9999999999999992,01,operational,405,0.3333333333333333
0.9219418233510908,0.0780581766489091,0.6632329393980609,0.336767060601939,360.0,930.0,False,3760.0,0.0,0.9999999999999992,10,operational,405,0.3333333333333333
0.908248749382188,0.0917512506178119,0.6632329393980609,0.336767060601939,360.0,1060.0,False,3760.0,0.0,0.9999999999999992,11,operational,405,0.3333333333333333
0.9542309027476288,0.0457690972523713,0.3871408154785802,0.6128591845214197,360.0,700.0,False,3760.0,0.0,0.9999999999999992,00,operational,406,0.3157894736842105
0.95344393689106,0.0465560631089398,0.3871408154785802,0.6128591845214197,360.0,710.0,False,3760.0,0.0,0.9999999999999992,01,operational,406,0.3157894736842105
0.9514245348496032,0.0485754651503967,0.4090793510413733,0.5909206489586267,360.0,700.0,False,3760.0,0.0,0.9999999999999992,10,operational,406,0.3157894736842105
0.9503382412178154,0.0496617587821845,0.4090793510413733,0.5909206489586267,360.0,710.0,False,3760.0,0.0,0.9999999999999992,11,operational,406,0.3157894736842105
0.9336042519292496,0.0663957480707505,0.4206758531248449,0.5793241468751551,360.0,950.0,False,3760.0,0.0,0.9999999999999992,00,operational,407,0.3157894736842105
0.9262449897081508,0.0737550102918491,0.4206758531248449,0.5793241468751551,360.0,1030.0,False,3760.0,0.0,0.9999999999999992,01,operational,407,0.3157894736842105
0.9242482321652344,0.0757517678347655,0.4546868291584292,0.5453131708415708,360.0,960.0,False,3760.0,0.0,0.9999999999999992,10,operational,407,0.3157894736842105
0.9156155366611548,0.0843844633388452,0.4546868291584292,0.5453131708415708,360.0,1040.0,False,3760.0,0.0,0.9999999999999992,11,operational,407,0.3157894736842105
0.8576055071612261,0.1423944928387739,0.5360199957356806,0.4639800042643193,360.0,1480.0,False,3760.0,0.0,0.9999999999999992,00,operational,408,0.4210526315789473
0.8543319103514554,0.1456680896485446,0.5360199957356806,0.4639800042643193,360.0,1510.0,False,3760.0,0.0,0.9999999999999992,01,operational,408,0.4210526315789473
0.8487255311222914,0.1512744688777085,0.54616236328901,0.45383763671099,360.0,1490.0,False,3760.0,0.0,0.9999999999999992,10,operational,408,0.4210526315789473
0.8446463422250893,0.1553536577749107,0.54616236328901,0.45383763671099,360.0,1520.0,False,3760.0,0.0,0.9999999999999992,11,operational,408,0.4210526315789473
0.8811351503111212,0.1188648496888787,0.7062912317530056,0.2937087682469944,360.0,1200.0,False,3760.0,0.0,0.9999999999999992,00,operational,409,0.4210526315789473
0.871437250773323,0.128562749226677,0.7062912317530056,0.2937087682469944,360.0,1270.0,False,3760.0,0.0,0.9999999999999992,01,operational,409,0.4210526315789473
0.867510913177583,0.132489086822417,0.800901578260339,0.199098421739661,360.0,1200.0,False,3760.0,0.0,0.9999999999999992,10,operational,409,0.4210526315789473
0.8562755814808377,0.1437244185191623,0.800901578260339,0.199098421739661,360.0,1280.0,False,3760.0,0.0,0.9999999999999992,11,operational,409,0.4210526315789473
0.9568954167348676,0.0431045832651324,0.3886381979853509,0.6113618020146491,360.0,610.0,False,3760.0,0.0,0.9999999999999992,00,operational,410,0.2280701754385964
0.9568954167348676,0.0431045832651324,0.3886381979853509,0.6113618020146491,360.0,610.0,False,3760.0,0.0,0.9999999999999992,01,operational,410,0.2280701754385964
0.9514493354203456,0.0485506645796542,0.4105753233874817,0.5894246766125183,360.0,610.0,False,3760.0,0.0,0.9999999999999992,10,operational,410,0.2280701754385964
0.9514493354203456,0.0485506645796542,0.4105753233874817,0.5894246766125183,360.0,610.0,False,3760.0,0.0,0.9999999999999992,11,operational,410,0.2280701754385964
0.8340250589316649,0.1659749410683351,0.7005182627762665,0.2994817372237334,360.0,1530.0,False,3760.0,0.0,0.9999999999999992,00,operational,411,0.4385964912280701
0.823072259868512,0.176927740131488,0.7005182627762665,0.2994817372237334,360.0,1630.0,False,3760.0,0.0,0.9999999999999992,01,operational,411,0.4385964912280701
0.8243106522578046,0.1756893477421953,0.7422606969906056,0.2577393030093944,360.0,1530.0,False,3760.0,0.0,0.9999999999999992,10,operational,411,0.4385964912280701
0.8124393870163292,0.1875606129836707,0.7422606969906056,0.2577393030093944,360.0,1630.0,False,3760.0,0.0,0.9999999999999992,11,operational,411,0.4385964912280701
0.988372953250138,0.011627046749862,0.1895028752389136,0.8104971247610864,360.0,350.0,False,3760.0,0.0,0.9999999999999992,00,operational,412,0.175438596491228
0.988372953250138,0.011627046749862,0.1895028752389136,0.8104971247610864,360.0,350.0,False,3760.0,0.0,0.9999999999999992,01,operational,412,0.175438596491228
0.9879968766547066,0.0120031233452934,0.1952681502596732,0.8047318497403267,360.0,350.0,False,3760.0,0.0,0.9999999999999992,10,operational,412,0.175438596491228
0.9879968766547066,0.0120031233452934,0.1952681502596732,0.8047318497403267,360.0,350.0,False,3760.0,0.0,0.9999999999999992,11,operational,412,0.175438596491228
0.9160398951409509,0.0839601048590491,0.4625346905122741,0.5374653094877259,360.0,1070.0,False,3760.0,0.0,0.9999999999999992,00,operational,413,0.4035087719298245
0.9159168288293688,0.0840831711706312,0.4625346905122741,0.5374653094877259,360.0,1070.0,False,3760.0,0.0,0.9999999999999992,01,operational,413,0.4035087719298245
0.9077637256963094,0.0922362743036906,0.4899136046064535,0.5100863953935465,360.0,1070.0,False,3760.0,0.0,0.9999999999999992,10,operational,413,0.4035087719298245
0.9074521279757514,0.0925478720242486,0.4899136046064535,0.5100863953935465,360.0,1080.0,False,3760.0,0.0,0.9999999999999992,11,operational,413,0.4035087719298245
0.8906060990874063,0.1093939009125937,0.6147720858136883,0.3852279141863118,360.0,1220.0,False,3760.0,0.0,0.9999999999999992,00,operational,414,0.4912280701754385
0.8883472575133378,0.1116527424866622,0.6147720858136883,0.3852279141863118,360.0,1250.0,False,3760.0,0.0,0.9999999999999992,01,operational,414,0.4912280701754385
0.8739204436470013,0.1260795563529987,0.7060457377156107,0.2939542622843892,360.0,1220.0,False,3760.0,0.0,0.9999999999999992,10,operational,414,0.4912280701754385
0.8709370214005696,0.1290629785994304,0.7060457377156107,0.2939542622843892,360.0,1250.0,False,3760.0,0.0,0.9999999999999992,11,operational,414,0.4912280701754385
0.909197226937986,0.090802773062014,0.485235859929322,0.514764140070678,360.0,1080.0,False,3760.0,0.0,0.9999999999999992,00,operational,415,0.3859649122807017
0.9078065180972736,0.0921934819027264,0.485235859929322,0.514764140070678,360.0,1090.0,False,3760.0,0.0,0.9999999999999992,01,operational,415,0.3859649122807017
0.8992640129021294,0.1007359870978705,0.5205364500897687,0.4794635499102312,360.0,1080.0,False,3760.0,0.0,0.9999999999999992,10,operational,415,0.3859649122807017
0.897400859530469,0.102599140469531,0.5205364500897687,0.4794635499102312,360.0,1100.0,False,3760.0,0.0,0.9999999999999992,11,operational,415,0.3859649122807017
0.918889937329662,0.081110062670338,0.6265165752239996,0.3734834247760004,360.0,980.0,False,3760.0,0.0,0.9999999999999992,00,operational,416,0.3157894736842105
0.918093161523454,0.0819068384765461,0.6265165752239996,0.3734834247760004,360.0,990.0,False,3760.0,0.0,0.9999999999999992,01,operational,416,0.3157894736842105
0.9020343997648724,0.0979656002351275,0.7255385475281231,0.274461452471877,360.0,980.0,False,3760.0,0.0,0.9999999999999992,10,operational,416,0.3157894736842105
0.9008515275351516,0.0991484724648484,0.7255385475281231,0.274461452471877,360.0,990.0,False,3760.0,0.0,0.9999999999999992,11,operational,416,0.3157894736842105
0.9133465556633156,0.0866534443366843,0.5361035488103111,0.4638964511896889,360.0,1060.0,False,3760.0,0.0,0.9999999999999992,00,operational,417,0.4035087719298245
0.9131168359403742,0.0868831640596258,0.5361035488103111,0.4638964511896889,360.0,1060.0,False,3760.0,0.0,0.9999999999999992,01,operational,417,0.4035087719298245
0.8964805116986514,0.1035194883013486,0.6252249019254665,0.3747750980745334,360.0,1060.0,False,3760.0,0.0,0.9999999999999992,10,operational,417,0.4035087719298245
0.8959254228675291,0.1040745771324709,0.6252249019254665,0.3747750980745334,360.0,1070.0,False,3760.0,0.0,0.9999999999999992,11,operational,417,0.4035087719298245
0.9254072201493172,0.0745927798506828,0.4498314976764748,0.5501685023235252,360.0,890.0,False,3760.0,0.0,0.9999999999999992,00,operational,418,0.2631578947368421
0.924353310583331,0.0756466894166689,0.4498314976764748,0.5501685023235252,360.0,910.0,False,3760.0,0.0,0.9999999999999992,01,operational,418,0.2631578947368421
0.9188605082793389,0.0811394917206612,0.4631712204784233,0.5368287795215767,360.0,890.0,False,3760.0,0.0,0.9999999999999992,10,operational,418,0.2631578947368421
0.917447123082648,0.082552876917352,0.4631712204784233,0.5368287795215767,360.0,910.0,False,3760.0,0.0,0.9999999999999992,11,operational,418,0.2631578947368421
0.8420054693181992,0.1579945306818008,0.7461216348976929,0.253878365102307,360.0,1400.0,False,3760.0,0.0,0.9999999999999992,00,operational,419,0.3508771929824561
0.8290590324001228,0.1709409675998772,0.7461216348976929,0.253878365102307,360.0,1500.0,False,3760.0,0.0,0.9999999999999992,01,operational,419,0.3508771929824561
0.8256205835322903,0.1743794164677097,0.8025765160501118,0.1974234839498881,360.0,1400.0,False,3760.0,0.0,0.9999999999999992,10,operational,419,0.3508771929824561
0.8107211668383818,0.1892788331616182,0.8025765160501118,0.1974234839498881,360.0,1510.0,False,3760.0,0.0,0.9999999999999992,11,operational,419,0.3508771929824561
0.9096470734367124,0.0903529265632875,0.4839543340793002,0.5160456659206998,360.0,1070.0,False,3760.0,0.0,0.9999999999999992,00,operational,420,0.3684210526315789
0.909589349512444,0.090410650487556,0.4839543340793002,0.5160456659206998,360.0,1070.0,False,3760.0,0.0,0.9999999999999992,01,operational,420,0.3684210526315789
0.9036345382119548,0.0963654617880451,0.4919350732273722,0.5080649267726278,360.0,1070.0,False,3760.0,0.0,0.9999999999999992,10,operational,420,0.3684210526315789
0.9035282363851016,0.0964717636148984,0.4919350732273722,0.5080649267726278,360.0,1070.0,False,3760.0,0.0,0.9999999999999992,11,operational,420,0.3684210526315789
0.8861496640761669,0.113850335923833,0.5443022110643949,0.455697788935605,360.0,1270.0,False,3760.0,0.0,0.9999999999999992,00,operational,421,0.4736842105263157
0.8759440636787115,0.1240559363212885,0.5443022110643949,0.455697788935605,360.0,1360.0,False,3760.0,0.0,0.9999999999999992,01,operational,421,0.4736842105263157
0.8683961918798148,0.1316038081201852,0.6143309341273255,0.3856690658726745,360.0,1270.0,False,3760.0,0.0,0.9999999999999992,10,operational,421,0.4736842105263157
0.8562009625302202,0.1437990374697798,0.6143309341273255,0.3856690658726745,360.0,1360.0,False,3760.0,0.0,0.9999999999999992,11,operational,421,0.4736842105263157
0.8550350910344486,0.1449649089655513,0.8475894643666436,0.1524105356333563,260.0,1430.0,False,3760.0,0.0,0.9999999999999992,00,operational,422,0.5263157894736842
0.8481693115485057,0.1518306884514942,0.8475894643666436,0.1524105356333563,260.0,1480.0,False,3760.0,0.0,0.9999999999999992,01,operational,422,0.5263157894736842
0.8422450705854103,0.1577549294145896,0.945341976901768,0.0546580230982318,260.0,1430.0,False,3760.0,0.0,0.9999999999999992,10,operational,422,0.5263157894736842
0.8348259461948001,0.1651740538051999,0.945341976901768,0.0546580230982318,260.0,1480.0,False,3760.0,0.0,0.9999999999999992,11,operational,422,0.5263157894736842
0.9331072041979914,0.0668927958020085,0.4149569660998973,0.5850430339001027,360.0,890.0,False,3760.0,0.0,0.9999999999999992,00,operational,423,0.2807017543859649
0.9330774064186388,0.0669225935813612,0.4149569660998973,0.5850430339001027,360.0,900.0,False,3760.0,0.0,0.9999999999999992,01,operational,423,0.2807017543859649
0.9331072041979914,0.0668927958020085,0.4149569660998973,0.5850430339001027,360.0,890.0,False,3760.0,0.0,0.9999999999999992,10,operational,423,0.2807017543859649
0.9330774064186388,0.0669225935813612,0.4149569660998973,0.5850430339001027,360.0,900.0,False,3760.0,0.0,0.9999999999999992,11,operational,423,0.2807017543859649
0.9381313671875252,0.0618686328124749,0.4154575135258738,0.5845424864741262,360.0,870.0,False,3760.0,0.0,0.9999999999999992,00,operational,424,0.3859649122807017
0.9360014824729936,0.0639985175270064,0.4154575135258738,0.5845424864741262,360.0,890.0,False,3760.0,0.0,0.9999999999999992,01,operational,424,0.3859649122807017
0.9326207693137272,0.0673792306862728,0.4430600742302109,0.5569399257697891,360.0,870.0,False,3760.0,0.0,0.9999999999999992,10,operational,424,0.3859649122807017
0.9299603619293249,0.0700396380706752,0.4430600742302109,0.5569399257697891,360.0,900.0,False,3760.0,0.0,0.9999999999999992,11,operational,424,0.3859649122807017
0.8715628247105358,0.1284371752894642,0.6331200534688487,0.3668799465311513,360.0,1430.0,False,3760.0,0.0,0.9999999999999992,00,operational,425,0.4210526315789473
0.8549454051206177,0.1450545948793823,0.6331200534688487,0.3668799465311513,360.0,1560.0,False,3760.0,0.0,0.9999999999999992,01,operational,425,0.4210526315789473
0.8502610509938302,0.1497389490061698,0.7144220420753113,0.2855779579246886,360.0,1430.0,False,3760.0,0.0,0.9999999999999992,10,operational,425,0.4210526315789473
0.8305244250327096,0.1694755749672903,0.7144220420753113,0.2855779579246886,360.0,1560.0,False,3760.0,0.0,0.9999999999999992,11,operational,425,0.4210526315789473
0.9072584636643162,0.0927415363356838,0.4937658645833112,0.5062341354166888,360.0,1160.0,False,3760.0,0.0,0.9999999999999992,00,operational,426,0.4385964912280701
0.8974562990267093,0.1025437009732906,0.4937658645833112,0.5062341354166888,360.0,1260.0,False,3760.0,0.0,0.9999999999999992,01,operational,426,0.4385964912280701
0.8946614767931208,0.1053385232068792,0.5204851161938462,0.4795148838061538,360.0,1160.0,False,3760.0,0.0,0.9999999999999992,10,operational,426,0.4385964912280701
0.8832703590108254,0.1167296409891746,0.5204851161938462,0.4795148838061538,360.0,1260.0,False,3760.0,0.0,0.9999999999999992,11,operational,426,0.4385964912280701
0.9140089002835236,0.0859910997164763,0.8563376500466947,0.1436623499533053,360.0,890.0,False,3760.0,0.0,0.9999999999999992,00,operational,427,0.3508771929824561
0.911424399044024,0.088575600955976,0.8563376500466947,0.1436623499533053,360.0,930.0,False,3760.0,0.0,0.9999999999999992,01,operational,427,0.3508771929824561
0.9007659339026508,0.099234066097349,0.9591028919461428,0.0408971080538573,360.0,900.0,False,3760.0,0.0,0.9999999999999992,10,operational,427,0.3508771929824561
0.8973773279291886,0.1026226720708114,0.9591028919461428,0.0408971080538573,360.0,940.0,False,3760.0,0.0,0.9999999999999992,11,operational,427,0.3508771929824561
0.8851879003418018,0.1148120996581981,0.6970873731515268,0.3029126268484732,360.0,1200.0,False,3760.0,0.0,0.9999999999999992,00,operational,428,0.3859649122807017
0.8723252768282352,0.1276747231717647,0.6970873731515268,0.3029126268484732,360.0,1310.0,False,3760.0,0.0,0.9999999999999992,01,operational,428,0.3859649122807017
0.8725811949652081,0.1274188050347918,0.754142823749961,0.245857176250039,360.0,1200.0,False,3760.0,0.0,0.9999999999999992,10,operational,428,0.3859649122807017
0.8582563315729185,0.1417436684270815,0.754142823749961,0.245857176250039,360.0,1310.0,False,3760.0,0.0,0.9999999999999992,11,operational,428,0.3859649122807017
0.9317973119586768,0.0682026880413231,0.4461588128195358,0.5538411871804642,360.0,830.0,False,3760.0,0.0,0.9999999999999992,00,operational,429,0.2631578947368421
0.9308094968518064,0.0691905031481937,0.4461588128195358,0.5538411871804642,360.0,840.0,False,3760.0,0.0,0.9999999999999992,01,operational,429,0.2631578947368421
0.9235634181408128,0.0764365818591871,0.4853757804804877,0.5146242195195123,360.0,830.0,False,3760.0,0.0,0.9999999999999992,10,operational,429,0.2631578947368421
0.9223939885219252,0.0776060114780748,0.4853757804804877,0.5146242195195123,360.0,840.0,False,3760.0,0.0,0.9999999999999992,11,operational,429,0.2631578947368421
0.8138622188879205,0.1861377811120794,0.9024211723971836,0.0975788276028164,360.0,1600.0,False,3760.0,0.0,0.9999999999999992,00,operational,430,0.4385964912280701
0.8120825814598117,0.1879174185401882,0.9024211723971836,0.0975788276028164,360.0,1630.0,False,3760.0,0.0,0.9999999999999992,01,operational,430,0.4385964912280701
0.7960028692615608,0.2039971307384391,0.9807428792101454,0.0192571207898546,360.0,1610.0,False,3760.0,0.0,0.9999999999999992,10,operational,430,0.4385964912280701
0.7936765577555238,0.2063234422444761,0.9807428792101454,0.0192571207898546,360.0,1630.0,False,3760.0,0.0,0.9999999999999992,11,operational,430,0.4385964912280701
0.9130850678807644,0.0869149321192355,0.4838485480223897,0.5161514519776103,360.0,1030.0,False,3760.0,0.0,0.9999999999999992,00,operational,431,0.3684210526315789
0.91047396697481,0.0895260330251901,0.4838485480223897,0.5161514519776103,360.0,1060.0,False,3760.0,0.0,0.9999999999999992,01,operational,431,0.3684210526315789
0.9046873631658264,0.0953126368341736,0.5035019696404834,0.4964980303595166,360.0,1030.0,False,3760.0,0.0,0.9999999999999992,10,operational,431,0.3684210526315789
0.9014918867661889,0.0985081132338111,0.5035019696404834,0.4964980303595166,360.0,1060.0,False,3760.0,0.0,0.9999999999999992,11,operational,431,0.3684210526315789
0.9115081929471204,0.0884918070528796,0.5035549990870143,0.4964450009129857,360.0,1010.0,False,3760.0,0.0,0.9999999999999992,00,operational,432,0.3684210526315789
0.911397686923024,0.0886023130769759,0.5035549990870143,0.4964450009129857,360.0,1010.0,False,3760.0,0.0,0.9999999999999992,01,operational,432,0.3684210526315789
0.9037607598469454,0.0962392401530546,0.5226541355980583,0.4773458644019417,360.0,1020.0,False,3760.0,0.0,0.9999999999999992,10,operational,432,0.3684210526315789
0.9034634168514684,0.0965365831485315,0.5226541355980583,0.4773458644019417,360.0,1020.0,False,3760.0,0.0,0.9999999999999992,11,operational,432,0.3684210526315789
0.9172173618519264,0.0827826381480736,0.4425682161143136,0.5574317838856864,360.0,1090.0,False,3760.0,0.0,0.9999999999999992,00,operational,433,0.3684210526315789
0.9054395138476904,0.0945604861523095,0.4425682161143136,0.5574317838856864,360.0,1210.0,False,3760.0,0.0,0.9999999999999992,01,operational,433,0.3684210526315789
0.9087751707466808,0.0912248292533193,0.459602987523602,0.5403970124763979,360.0,1090.0,False,3760.0,0.0,0.9999999999999992,10,operational,433,0.3684210526315789
0.8953937091373116,0.1046062908626883,0.459602987523602,0.5403970124763979,360.0,1210.0,False,3760.0,0.0,0.9999999999999992,11,operational,433,0.3684210526315789
0.8669507424934914,0.1330492575065086,0.6968132944730807,0.3031867055269192,360.0,1360.0,False,3760.0,0.0,0.9999999999999992,00,operational,434,0.4035087719298245
0.8565679671915559,0.143432032808444,0.6968132944730807,0.3031867055269192,360.0,1450.0,False,3760.0,0.0,0.9999999999999992,01,operational,434,0.4035087719298245
0.854259671583251,0.145740328416749,0.7571116506723463,0.2428883493276537,360.0,1360.0,False,3760.0,0.0,0.9999999999999992,10,operational,434,0.4035087719298245
0.8426762977799299,0.15732370222007,0.7571116506723463,0.2428883493276537,360.0,1460.0,False,3760.0,0.0,0.9999999999999992,11,operational,434,0.4035087719298245
0.8686941119065734,0.1313058880934265,0.5308237586976132,0.4691762413023868,360.0,1440.0,False,3760.0,0.0,0.9999999999999992,00,operational,435,0.4561403508771929
0.8656227579983963,0.1343772420016037,0.5308237586976132,0.4691762413023868,360.0,1470.0,False,3760.0,0.0,0.9999999999999992,01,operational,435,0.4561403508771929
0.8568360564804284,0.1431639435195716,0.5389524283568516,0.4610475716431483,360.0,1440.0,False,3760.0,0.0,0.9999999999999992,10,operational,435,0.4561403508771929
0.8530169536804624,0.1469830463195376,0.5389524283568516,0.4610475716431483,360.0,1480.0,False,3760.0,0.0,0.9999999999999992,11,operational,435,0.4561403508771929
0.7805769371846772,0.2194230628153227,0.8962431148735527,0.1037568851264472,360.0,1780.0,False,3760.0,0.0,0.9999999999999992,00,operational,436,0.5087719298245614
0.7603207194424771,0.2396792805575228,0.8962431148735527,0.1037568851264472,360.0,1930.0,False,3760.0,0.0,0.9999999999999992,01,operational,436,0.5087719298245614
0.7632798425630216,0.2367201574369783,0.9487708124288377,0.0512291875711624,360.0,1790.0,False,3760.0,0.0,0.9999999999999992,10,operational,436,0.5087719298245614
0.7407001140488386,0.2592998859511614,0.9487708124288377,0.0512291875711624,360.0,1940.0,False,3760.0,0.0,0.9999999999999992,11,operational,436,0.5087719298245614
0.9500936424662726,0.0499063575337274,0.4056910837010461,0.5943089162989539,360.0,740.0,False,3760.0,0.0,0.9999999999999992,00,operational,437,0.2982456140350877
0.9500936424662726,0.0499063575337274,0.4056910837010461,0.5943089162989539,360.0,740.0,False,3760.0,0.0,0.9999999999999992,01,operational,437,0.2982456140350877
0.9434712279248776,0.0565287720751225,0.4348736296221311,0.5651263703778688,360.0,750.0,False,3760.0,0.0,0.9999999999999992,10,operational,437,0.2982456140350877
0.9434712279248776,0.0565287720751225,0.4348736296221311,0.5651263703778688,360.0,750.0,False,3760.0,0.0,0.9999999999999992,11,operational,437,0.2982456140350877
0.8953058662959513,0.1046941337040486,0.4759262213755619,0.524073778624438,360.0,1170.0,False,3760.0,0.0,0.9999999999999992,00,operational,438,0.3333333333333333
0.8924136427461221,0.1075863572538778,0.4759262213755619,0.524073778624438,360.0,1200.0,False,3760.0,0.0,0.9999999999999992,01,operational,438,0.3333333333333333
0.8868848564542567,0.1131151435457432,0.4887665590249391,0.5112334409750608,360.0,1170.0,False,3760.0,0.0,0.9999999999999992,10,operational,438,0.3333333333333333
0.8832754245761207,0.1167245754238792,0.4887665590249391,0.5112334409750608,360.0,1210.0,False,3760.0,0.0,0.9999999999999992,11,operational,438,0.3333333333333333
0.804044687425248,0.1959553125747519,0.6689684677419863,0.3310315322580138,280.0,1880.0,False,3760.0,0.0,0.9999999999999992,00,operational,439,0.4210526315789473
0.7882591250635621,0.2117408749364379,0.6689684677419863,0.3310315322580138,280.0,2000.0,False,3760.0,0.0,0.9999999999999992,01,operational,439,0.4210526315789473
0.7906075118840753,0.2093924881159247,0.7119480489654744,0.2880519510345256,280.0,1880.0,False,3760.0,0.0,0.9999999999999992,10,operational,439,0.4210526315789473
0.7741134665337812,0.2258865334662188,0.7119480489654744,0.2880519510345256,280.0,2010.0,False,3760.0,0.0,0.9999999999999992,11,operational,439,0.4210526315789473
0.8544737754877626,0.1455262245122374,0.6291920652307987,0.3708079347692012,360.0,1490.0,False,3760.0,0.0,0.9999999999999992,00,operational,440,0.4210526315789473
0.852792534189997,0.147207465810003,0.6291920652307987,0.3708079347692012,360.0,1510.0,False,3760.0,0.0,0.9999999999999992,01,operational,440,0.4210526315789473
0.8410450784401259,0.1589549215598741,0.6839900534126226,0.3160099465873773,360.0,1500.0,False,3760.0,0.0,0.9999999999999992,10,operational,440,0.4210526315789473
0.8388835923578732,0.1611164076421267,0.6839900534126226,0.3160099465873773,360.0,1520.0,False,3760.0,0.0,0.9999999999999992,11,operational,440,0.4210526315789473
0.9113445476838758,0.0886554523161241,0.48877174029936,0.51122825970064,360.0,1020.0,False,3760.0,0.0,0.9999999999999992,00,operational,441,0.3333333333333333
0.9087712332263308,0.0912287667736692,0.48877174029936,0.51122825970064,360.0,1050.0,False,3760.0,0.0,0.9999999999999992,01,operational,441,0.3333333333333333
0.9009810646008766,0.0990189353991234,0.5417302741867696,0.4582697258132305,360.0,1030.0,False,3760.0,0.0,0.9999999999999992,10,operational,441,0.3333333333333333
0.8980237872155464,0.1019762127844535,0.5417302741867696,0.4582697258132305,360.0,1050.0,False,3760.0,0.0,0.9999999999999992,11,operational,441,0.3333333333333333
0.894052199822133,0.1059478001778669,0.5377513978640663,0.4622486021359336,360.0,1200.0,False,3760.0,0.0,0.9999999999999992,00,operational,442,0.4385964912280701
0.8794197072725346,0.1205802927274654,0.5377513978640663,0.4622486021359336,360.0,1330.0,False,3760.0,0.0,0.9999999999999992,01,operational,442,0.4385964912280701
0.8816135008969713,0.1183864991030286,0.5693179561740549,0.430682043825945,360.0,1200.0,False,3760.0,0.0,0.9999999999999992,10,operational,442,0.4385964912280701
0.8653335594400922,0.1346664405599078,0.5693179561740549,0.430682043825945,360.0,1330.0,False,3760.0,0.0,0.9999999999999992,11,operational,442,0.4385964912280701
0.8400013520308378,0.1599986479691622,0.7086217703495596,0.2913782296504403,360.0,1510.0,False,3760.0,0.0,0.9999999999999992,00,operational,443,0.4385964912280701
0.83160824325363,0.1683917567463699,0.7086217703495596,0.2913782296504403,360.0,1580.0,False,3760.0,0.0,0.9999999999999992,01,operational,443,0.4385964912280701
0.822534055096203,0.1774659449037969,0.7557677783382852,0.2442322216617147,360.0,1510.0,False,3760.0,0.0,0.9999999999999992,10,operational,443,0.4385964912280701
0.8125050574973018,0.1874949425026981,0.7557677783382852,0.2442322216617147,360.0,1590.0,False,3760.0,0.0,0.9999999999999992,11,operational,443,0.4385964912280701
0.8530840848822402,0.1469159151177598,0.6160816261380291,0.3839183738619708,360.0,1480.0,False,3760.0,0.0,0.9999999999999992,00,operational,444,0.4035087719298245
0.8456796499373728,0.1543203500626272,0.6160816261380291,0.3839183738619708,360.0,1550.0,False,3760.0,0.0,0.9999999999999992,01,operational,444,0.4035087719298245
0.832029947279198,0.167970052720802,0.6683752019410524,0.3316247980589476,360.0,1480.0,False,3760.0,0.0,0.9999999999999992,10,operational,444,0.4035087719298245
0.8226129566918502,0.1773870433081498,0.6683752019410524,0.3316247980589476,360.0,1560.0,False,3760.0,0.0,0.9999999999999992,11,operational,444,0.4035087719298245
0.7906404951899161,0.2093595048100839,0.8044742405574294,0.1955257594425705,250.0,1900.0,False,3760.0,0.0,0.9999999999999992,00,operational,445,0.5263157894736842
0.7815262666520926,0.2184737333479074,0.8044742405574294,0.1955257594425705,250.0,1990.0,False,3760.0,0.0,0.9999999999999992,01,operational,445,0.5263157894736842
0.7648457454329958,0.2351542545670042,0.8857893792566965,0.1142106207433034,250.0,1900.0,False,3760.0,0.0,0.9999999999999992,10,operational,445,0.5263157894736842
0.7537462784876109,0.2462537215123891,0.8857893792566965,0.1142106207433034,250.0,2000.0,False,3760.0,0.0,0.9999999999999992,11,operational,445,0.5263157894736842
0.8978952191711771,0.1021047808288229,0.5128733187977635,0.4871266812022364,360.0,1120.0,False,3760.0,0.0,0.9999999999999992,00,operational,446,0.3684210526315789
0.888034233640772,0.1119657663592279,0.5128733187977635,0.4871266812022364,360.0,1210.0,False,3760.0,0.0,0.9999999999999992,01,operational,446,0.3684210526315789
0.8914825263203626,0.1085174736796373,0.5193372813868313,0.4806627186131686,360.0,1130.0,False,3760.0,0.0,0.9999999999999992,10,operational,446,0.3684210526315789
0.8808492885118512,0.1191507114881488,0.5193372813868313,0.4806627186131686,360.0,1220.0,False,3760.0,0.0,0.9999999999999992,11,operational,446,0.3684210526315789
0.8884114364276318,0.1115885635723682,0.5888604326874429,0.411139567312557,360.0,1250.0,False,3760.0,0.0,0.9999999999999992,00,operational,447,0.4210526315789473
0.8878765375527564,0.1121234624472435,0.5888604326874429,0.411139567312557,360.0,1260.0,False,3760.0,0.0,0.9999999999999992,01,operational,447,0.4210526315789473
0.8765556518485914,0.1234443481514085,0.6552227634987493,0.3447772365012506,360.0,1250.0,False,3760.0,0.0,0.9999999999999992,10,operational,447,0.4210526315789473
0.8756342650340141,0.1243657349659859,0.6552227634987493,0.3447772365012506,360.0,1270.0,False,3760.0,0.0,0.9999999999999992,11,operational,447,0.4210526315789473
0.938274163277132,0.061725836722868,0.4178301820230683,0.5821698179769317,360.0,860.0,False,3760.0,0.0,0.9999999999999992,00,operational,448,0.3508771929824561
0.9369984710028894,0.0630015289971106,0.4178301820230683,0.5821698179769317,360.0,880.0,False,3760.0,0.0,0.9999999999999992,01,operational,448,0.3508771929824561
0.9275895816293416,0.0724104183706585,0.472236639160757,0.527763360839243,360.0,860.0,False,3760.0,0.0,0.9999999999999992,10,operational,448,0.3508771929824561
0.9257766191049742,0.0742233808950257,0.472236639160757,0.527763360839243,360.0,880.0,False,3760.0,0.0,0.9999999999999992,11,operational,448,0.3508771929824561
0.8278568086819419,0.1721431913180581,0.5790867071190451,0.4209132928809549,360.0,1690.0,False,3760.0,0.0,0.9999999999999992,00,operational,449,0.4385964912280701
0.8049398193895417,0.1950601806104582,0.5790867071190451,0.4209132928809549,360.0,1880.0,False,3760.0,0.0,0.9999999999999992,01,operational,449,0.4385964912280701
0.8172918683104958,0.1827081316895041,0.5908821597854765,0.4091178402145234,360.0,1690.0,False,3760.0,0.0,0.9999999999999992,10,operational,449,0.4385964912280701
0.7930932631868552,0.2069067368131447,0.5908821597854765,0.4091178402145234,360.0,1880.0,False,3760.0,0.0,0.9999999999999992,11,operational,449,0.4385964912280701
0.8305228901102859,0.1694771098897141,0.7138271761702768,0.2861728238297231,360.0,1530.0,False,3760.0,0.0,0.9999999999999992,00,operational,450,0.4385964912280701
0.8220034764954932,0.1779965235045068,0.7138271761702768,0.2861728238297231,360.0,1620.0,False,3760.0,0.0,0.9999999999999992,01,operational,450,0.4385964912280701
0.8102940307265151,0.1897059692734849,0.8085976354485567,0.1914023645514433,240.0,1530.0,False,3760.0,0.0,0.9999999999999992,10,operational,450,0.4385964912280701
0.8005020913817255,0.1994979086182745,0.8085976354485567,0.1914023645514433,240.0,1620.0,False,3760.0,0.0,0.9999999999999992,11,operational,450,0.4385964912280701
0.928291862258224,0.0717081377417758,0.4678009233030527,0.5321990766969473,360.0,850.0,False,3760.0,0.0,0.9999999999999992,00,operational,451,0.3157894736842105
0.921458597328022,0.078541402671978,0.4678009233030527,0.5321990766969473,360.0,920.0,False,3760.0,0.0,0.9999999999999992,01,operational,451,0.3157894736842105
0.9234363816360468,0.0765636183639533,0.4741318657972385,0.5258681342027615,360.0,850.0,False,3760.0,0.0,0.9999999999999992,10,operational,451,0.3157894736842105
0.9158371291665772,0.0841628708334227,0.4741318657972385,0.5258681342027615,360.0,920.0,False,3760.0,0.0,0.9999999999999992,11,operational,451,0.3157894736842105
0.9232456408010412,0.0767543591989587,0.698830153683643,0.3011698463163569,360.0,890.0,False,3760.0,0.0,0.9999999999999992,00,operational,452,0.4035087719298245
0.9228802764260432,0.0771197235739568,0.698830153683643,0.3011698463163569,360.0,900.0,False,3760.0,0.0,0.9999999999999992,01,operational,452,0.4035087719298245
0.912508321783068,0.087491678216932,0.7957975624071789,0.204202437592821,360.0,900.0,False,3760.0,0.0,0.9999999999999992,10,operational,452,0.4035087719298245
0.9117964717435434,0.0882035282564566,0.7957975624071789,0.204202437592821,360.0,900.0,False,3760.0,0.0,0.9999999999999992,11,operational,452,0.4035087719298245
0.9601740857447802,0.0398259142552197,0.323731484977042,0.6762685150229579,360.0,670.0,False,3760.0,0.0,0.9999999999999992,00,operational,453,0.2280701754385964
0.9601509862611312,0.0398490137388687,0.323731484977042,0.6762685150229579,360.0,670.0,False,3760.0,0.0,0.9999999999999992,01,operational,453,0.2280701754385964
0.9540689267477082,0.0459310732522918,0.3562654114718253,0.6437345885281747,360.0,670.0,False,3760.0,0.0,0.9999999999999992,10,operational,453,0.2280701754385964
0.9539784097537528,0.046021590246247,0.3562654114718253,0.6437345885281747,360.0,680.0,False,3760.0,0.0,0.9999999999999992,11,operational,453,0.2280701754385964
0.91568930528367,0.0843106947163301,0.4792264705978336,0.5207735294021664,360.0,1040.0,False,3760.0,0.0,0.9999999999999992,00,operational,454,0.3508771929824561
0.9121149423308028,0.0878850576691973,0.4792264705978336,0.5207735294021664,360.0,1070.0,False,3760.0,0.0,0.9999999999999992,01,operational,454,0.3508771929824561
0.9062277811643342,0.0937722188356657,0.5045932925669275,0.4954067074330724,360.0,1040.0,False,3760.0,0.0,0.9999999999999992,10,operational,454,0.3508771929824561
0.9017169263614108,0.0982830736385893,0.5045932925669275,0.4954067074330724,360.0,1080.0,False,3760.0,0.0,0.9999999999999992,11,operational,454,0.3508771929824561
0.9721678811392525,0.0278321188607476,0.2765729924457003,0.7234270075542997,360.0,540.0,False,3760.0,0.0,0.9999999999999992,00,operational,455,0.2280701754385964
0.9704764290722568,0.0295235709277432,0.2765729924457003,0.7234270075542997,360.0,570.0,False,3760.0,0.0,0.9999999999999992,01,operational,455,0.2280701754385964
0.9721678811392525,0.0278321188607476,0.2765729924457003,0.7234270075542997,360.0,540.0,False,3760.0,0.0,0.9999999999999992,10,operational,455,0.2280701754385964
0.9704764290722568,0.0295235709277432,0.2765729924457003,0.7234270075542997,360.0,570.0,False,3760.0,0.0,0.9999999999999992,11,operational,455,0.2280701754385964
0.923981043567562,0.0760189564324379,0.4665979719034367,0.5334020280965632,360.0,940.0,False,3760.0,0.0,0.9999999999999992,00,operational,456,0.3684210526315789
0.9236114930231046,0.0763885069768953,0.4665979719034367,0.5334020280965632,360.0,950.0,False,3760.0,0.0,0.9999999999999992,01,operational,456,0.3684210526315789
0.9187680024938616,0.0812319975061384,0.4798791914276225,0.5201208085723775,360.0,940.0,False,3760.0,0.0,0.9999999999999992,10,operational,456,0.3684210526315789
0.9181510768230712,0.0818489231769288,0.4798791914276225,0.5201208085723775,360.0,950.0,False,3760.0,0.0,0.9999999999999992,11,operational,456,0.3684210526315789
0.9372200106694129,0.0627799893305871,0.4480383329288855,0.5519616670711145,360.0,830.0,False,3760.0,0.0,0.9999999999999992,00,operational,457,0.3333333333333333
0.9345989012573732,0.0654010987426269,0.4480383329288855,0.5519616670711145,360.0,870.0,False,3760.0,0.0,0.9999999999999992,01,operational,457,0.3333333333333333
0.9298310417121044,0.0701689582878954,0.4790680217490343,0.5209319782509657,360.0,830.0,False,3760.0,0.0,0.9999999999999992,10,operational,457,0.3333333333333333
0.9264188228527254,0.0735811771472746,0.4790680217490343,0.5209319782509657,360.0,870.0,False,3760.0,0.0,0.9999999999999992,11,operational,457,0.3333333333333333
0.7750274381859518,0.2249725618140482,0.5955114162770436,0.4044885837229563,360.0,2090.0,False,3760.0,0.0,0.9999999999999992,00,operational,458,0.6140350877192983
0.7683154857132877,0.2316845142867123,0.5955114162770436,0.4044885837229563,360.0,2160.0,False,3760.0,0.0,0.9999999999999992,01,operational,458,0.6140350877192983
0.755809364090972,0.244190635909028,0.6043647855076031,0.3956352144923969,360.0,2090.0,False,3760.0,0.0,0.9999999999999992,10,operational,458,0.6140350877192983
0.747122785713761,0.252877214286239,0.6043647855076031,0.3956352144923969,360.0,2160.0,False,3760.0,0.0,0.9999999999999992,11,operational,458,0.6140350877192983
0.9546174330520036,0.0453825669479964,0.3979959870993571,0.6020040129006429,360.0,660.0,False,3760.0,0.0,0.9999999999999992,00,operational,459,0.2631578947368421
0.9544235079487744,0.0455764920512256,0.3979959870993571,0.6020040129006429,360.0,670.0,False,3760.0,0.0,0.9999999999999992,01,operational,459,0.2631578947368421
0.9498847671156936,0.0501152328843065,0.4249821964725887,0.5750178035274113,360.0,660.0,False,3760.0,0.0,0.9999999999999992,10,operational,459,0.2631578947368421
0.9495633049077048,0.0504366950922953,0.4249821964725887,0.5750178035274113,360.0,670.0,False,3760.0,0.0,0.9999999999999992,11,operational,459,0.2631578947368421
0.8288716266161853,0.1711283733838147,0.7655349662016431,0.2344650337983569,360.0,1590.0,False,3760.0,0.0,0.9999999999999992,00,operational,460,0.4736842105263157
0.7974995732399032,0.2025004267600968,0.7655349662016431,0.2344650337983569,360.0,1790.0,False,3760.0,0.0,0.9999999999999992,01,operational,460,0.4736842105263157
0.8152560518759107,0.1847439481240893,0.795681947603877,0.2043180523961229,360.0,1590.0,False,3760.0,0.0,0.9999999999999992,10,operational,460,0.4736842105263157
0.7807430936175835,0.2192569063824164,0.795681947603877,0.2043180523961229,360.0,1800.0,False,3760.0,0.0,0.9999999999999992,11,operational,460,0.4736842105263157
0.9476019311146564,0.0523980688853437,0.6353621094250347,0.3646378905749653,360.0,660.0,False,3760.0,0.0,0.9999999999999992,00,operational,461,0.2631578947368421
0.9458259638331532,0.0541740361668469,0.6353621094250347,0.3646378905749653,360.0,680.0,False,3760.0,0.0,0.9999999999999992,01,operational,461,0.2631578947368421
0.9417335799755642,0.0582664200244358,0.7860597178808175,0.2139402821191824,360.0,660.0,False,3760.0,0.0,0.9999999999999992,10,operational,461,0.2631578947368421
0.939638471143686,0.0603615288563139,0.7860597178808175,0.2139402821191824,360.0,680.0,False,3760.0,0.0,0.9999999999999992,11,operational,461,0.2631578947368421
0.8282800180569951,0.1717199819430048,0.8810896487023474,0.1189103512976526,360.0,1430.0,False,3760.0,0.0,0.9999999999999992,00,operational,462,0.3859649122807017
0.8222255263580233,0.1777744736419767,0.8810896487023474,0.1189103512976526,360.0,1480.0,False,3760.0,0.0,0.9999999999999992,01,operational,462,0.3859649122807017
0.8132826464942616,0.1867173535057383,0.9630442752295884,0.0369557247704115,360.0,1430.0,False,3760.0,0.0,0.9999999999999992,10,operational,462,0.3859649122807017
0.8062855991744022,0.1937144008255977,0.9630442752295884,0.0369557247704115,360.0,1480.0,False,3760.0,0.0,0.9999999999999992,11,operational,462,0.3859649122807017
0.9207798486062012,0.0792201513937987,0.4749537517986337,0.5250462482013663,360.0,940.0,False,3760.0,0.0,0.9999999999999992,00,operational,463,0.2456140350877192
0.9150230990411278,0.0849769009588722,0.4749537517986337,0.5250462482013663,360.0,1000.0,False,3760.0,0.0,0.9999999999999992,01,operational,463,0.2456140350877192
0.9126057035231824,0.0873942964768176,0.5028583098139966,0.4971416901860034,360.0,940.0,False,3760.0,0.0,0.9999999999999992,10,operational,463,0.2456140350877192
0.9057148991051412,0.0942851008948587,0.5028583098139966,0.4971416901860034,360.0,1000.0,False,3760.0,0.0,0.9999999999999992,11,operational,463,0.2456140350877192
0.8996517958771023,0.1003482041228976,0.4735689472071929,0.5264310527928071,360.0,1190.0,False,3760.0,0.0,0.9999999999999992,00,operational,464,0.4385964912280701
0.8981898065793334,0.1018101934206665,0.4735689472071929,0.5264310527928071,360.0,1210.0,False,3760.0,0.0,0.9999999999999992,01,operational,464,0.4385964912280701
0.8894209394253407,0.1105790605746592,0.4977063419596399,0.5022936580403601,360.0,1190.0,False,3760.0,0.0,0.9999999999999992,10,operational,464,0.4385964912280701
0.8874755364223789,0.1125244635776211,0.4977063419596399,0.5022936580403601,360.0,1220.0,False,3760.0,0.0,0.9999999999999992,11,operational,464,0.4385964912280701
0.8510394162161158,0.1489605837838842,0.8875923131089802,0.1124076868910198,360.0,1310.0,False,3760.0,0.0,0.9999999999999992,00,operational,465,0.4210526315789473
0.8386817887607394,0.1613182112392606,0.8875923131089802,0.1124076868910198,360.0,1390.0,False,3760.0,0.0,0.9999999999999992,01,operational,465,0.4210526315789473
0.8367376375236588,0.1632623624763411,0.9775363117426484,0.0224636882573515,360.0,1310.0,False,3760.0,0.0,0.9999999999999992,10,operational,465,0.4210526315789473
0.8227561305822039,0.1772438694177961,0.9775363117426484,0.0224636882573515,360.0,1390.0,False,3760.0,0.0,0.9999999999999992,11,operational,465,0.4210526315789473
0.9325966681682348,0.0674033318317652,0.4498337418213486,0.5501662581786514,360.0,860.0,False,3760.0,0.0,0.9999999999999992,00,operational,466,0.2982456140350877
0.9299581992348948,0.0700418007651051,0.4498337418213486,0.5501662581786514,360.0,900.0,False,3760.0,0.0,0.9999999999999992,01,operational,466,0.2982456140350877
0.9233810339204775,0.0766189660795223,0.4845822513850237,0.5154177486149762,360.0,860.0,False,3760.0,0.0,0.9999999999999992,10,operational,466,0.2982456140350877
0.9200283587631382,0.0799716412368618,0.4845822513850237,0.5154177486149762,360.0,900.0,False,3760.0,0.0,0.9999999999999992,11,operational,466,0.2982456140350877
0.837105165995903,0.162894834004097,0.8435806935434768,0.1564193064565232,360.0,1570.0,False,3760.0,0.0,0.9999999999999992,00,operational,467,0.5263157894736842
0.8243564291040615,0.1756435708959385,0.8435806935434768,0.1564193064565232,360.0,1660.0,False,3760.0,0.0,0.9999999999999992,01,operational,467,0.5263157894736842
0.8209164696294333,0.1790835303705666,0.9101964806137736,0.0898035193862265,360.0,1570.0,False,3760.0,0.0,0.9999999999999992,10,operational,467,0.5263157894736842
0.8068060804977656,0.1931939195022344,0.9101964806137736,0.0898035193862265,360.0,1670.0,False,3760.0,0.0,0.9999999999999992,11,operational,467,0.5263157894736842
0.8298053615432898,0.1701946384567102,0.5518498062058219,0.4481501937941781,360.0,1550.0,False,3760.0,0.0,0.9999999999999992,00,operational,468,0.4035087719298245
0.8268034633177908,0.1731965366822092,0.5518498062058219,0.4481501937941781,360.0,1590.0,False,3760.0,0.0,0.9999999999999992,01,operational,468,0.4035087719298245
0.8139802306893098,0.1860197693106902,0.5664805193187499,0.43351948068125,360.0,1550.0,False,3760.0,0.0,0.9999999999999992,10,operational,468,0.4035087719298245
0.8099566857407722,0.1900433142592278,0.5664805193187499,0.43351948068125,360.0,1590.0,False,3760.0,0.0,0.9999999999999992,11,operational,468,0.4035087719298245
0.932930495444616,0.0670695045553838,0.4191558693377225,0.5808441306622775,360.0,1010.0,False,3760.0,0.0,0.9999999999999992,00,operational,469,0.4035087719298245
0.9311035292862604,0.0688964707137395,0.4191558693377225,0.5808441306622775,360.0,1030.0,False,3760.0,0.0,0.9999999999999992,01,operational,469,0.4035087719298245
0.9164977437614388,0.0835022562385611,0.4900032954280247,0.5099967045719753,360.0,1010.0,False,3760.0,0.0,0.9999999999999992,10,operational,469,0.4035087719298245
0.9137829759658972,0.0862170240341027,0.4900032954280247,0.5099967045719753,360.0,1050.0,False,3760.0,0.0,0.9999999999999992,11,operational,469,0.4035087719298245
0.8513446160851286,0.1486553839148714,0.5541409793281209,0.445859020671879,360.0,1490.0,False,3760.0,0.0,0.9999999999999992,00,operational,470,0.4210526315789473
0.8412071891230583,0.1587928108769417,0.5541409793281209,0.445859020671879,360.0,1580.0,False,3760.0,0.0,0.9999999999999992,01,operational,470,0.4210526315789473
0.8417692717145794,0.1582307282854206,0.5562795641073165,0.4437204358926835,360.0,1490.0,False,3760.0,0.0,0.9999999999999992,10,operational,470,0.4210526315789473
0.8305493555978598,0.1694506444021402,0.5562795641073165,0.4437204358926835,360.0,1590.0,False,3760.0,0.0,0.9999999999999992,11,operational,470,0.4210526315789473
0.8730624979035349,0.1269375020964651,0.5039930787305045,0.4960069212694955,360.0,1390.0,False,3760.0,0.0,0.9999999999999992,00,operational,471,0.3859649122807017
0.8719075532454892,0.1280924467545108,0.5039930787305045,0.4960069212694955,360.0,1410.0,False,3760.0,0.0,0.9999999999999992,01,operational,471,0.3859649122807017
0.8625322232992677,0.1374677767007323,0.507220904233159,0.4927790957668409,360.0,1390.0,False,3760.0,0.0,0.9999999999999992,10,operational,471,0.3859649122807017
0.8609702616634249,0.139029738336575,0.507220904233159,0.4927790957668409,360.0,1410.0,False,3760.0,0.0,0.9999999999999992,11,operational,471,0.3859649122807017
0.8324425533866601,0.1675574466133399,0.7809031929997916,0.2190968070002084,360.0,1470.0,False,3760.0,0.0,0.9999999999999992,00,operational,472,0.4385964912280701
0.8170859053206705,0.1829140946793295,0.7809031929997916,0.2190968070002084,360.0,1610.0,False,3760.0,0.0,0.9999999999999992,01,operational,472,0.4385964912280701
0.8200229782628508,0.1799770217371492,0.7949965173158331,0.2050034826841669,360.0,1470.0,False,3760.0,0.0,0.9999999999999992,10,operational,472,0.4385964912280701
0.8038243238687877,0.1961756761312123,0.7949965173158331,0.2050034826841669,360.0,1620.0,False,3760.0,0.0,0.9999999999999992,11,operational,472,0.4385964912280701
0.8875554437418708,0.1124445562581292,0.6590685182626087,0.3409314817373913,360.0,1200.0,False,3760.0,0.0,0.9999999999999992,00,operational,473,0.3684210526315789
0.8847869647036066,0.1152130352963933,0.6590685182626087,0.3409314817373913,360.0,1230.0,False,3760.0,0.0,0.9999999999999992,01,operational,473,0.3684210526315789
0.8729194612466195,0.1270805387533805,0.7324224834185333,0.2675775165814667,360.0,1210.0,False,3760.0,0.0,0.9999999999999992,10,operational,473,0.3684210526315789
0.8693837762157975,0.1306162237842024,0.7324224834185333,0.2675775165814667,360.0,1240.0,False,3760.0,0.0,0.9999999999999992,11,operational,473,0.3684210526315789
0.9321319249235244,0.0678680750764756,0.4364098878822599,0.5635901121177401,360.0,880.0,False,3760.0,0.0,0.9999999999999992,00,operational,474,0.2631578947368421
0.9321079008271388,0.0678920991728612,0.4364098878822599,0.5635901121177401,360.0,880.0,False,3760.0,0.0,0.9999999999999992,01,operational,474,0.2631578947368421
0.9242304614766068,0.0757695385233931,0.4536397557770257,0.5463602442229742,360.0,880.0,False,3760.0,0.0,0.9999999999999992,10,operational,474,0.2631578947368421
0.9241270510392916,0.0758729489607082,0.4536397557770257,0.5463602442229742,360.0,880.0,False,3760.0,0.0,0.9999999999999992,11,operational,474,0.2631578947368421
0.8802656164272288,0.1197343835727712,0.8133266050825284,0.1866733949174716,360.0,1180.0,False,3760.0,0.0,0.9999999999999992,00,operational,475,0.4035087719298245
0.870098738574114,0.1299012614258859,0.8133266050825284,0.1866733949174716,360.0,1280.0,False,3760.0,0.0,0.9999999999999992,01,operational,475,0.4035087719298245
0.8580118676142338,0.1419881323857662,0.9527614753729008,0.0472385246270992,360.0,1190.0,False,3760.0,0.0,0.9999999999999992,10,operational,475,0.4035087719298245
0.8463086502220658,0.1536913497779342,0.9527614753729008,0.0472385246270992,360.0,1280.0,False,3760.0,0.0,0.9999999999999992,11,operational,475,0.4035087719298245
0.8648555142856649,0.1351444857143351,0.6634682379352779,0.3365317620647222,360.0,1410.0,False,3760.0,0.0,0.9999999999999992,00,operational,476,0.5087719298245614
0.8578624275284158,0.1421375724715842,0.6634682379352779,0.3365317620647222,360.0,1470.0,False,3760.0,0.0,0.9999999999999992,01,operational,476,0.5087719298245614
0.8510941648907138,0.1489058351092862,0.6909011054417961,0.3090988945582039,360.0,1410.0,False,3760.0,0.0,0.9999999999999992,10,operational,476,0.5087719298245614
0.8425230748224958,0.1574769251775042,0.6909011054417961,0.3090988945582039,360.0,1480.0,False,3760.0,0.0,0.9999999999999992,11,operational,476,0.5087719298245614
0.9732711195252592,0.0267288804747408,0.2924361950347263,0.7075638049652737,360.0,490.0,False,3760.0,0.0,0.9999999999999992,00,operational,477,0.1929824561403508
0.9732711195252592,0.0267288804747408,0.2924361950347263,0.7075638049652737,360.0,490.0,False,3760.0,0.0,0.9999999999999992,01,operational,477,0.1929824561403508
0.9721107034409036,0.0278892965590964,0.3046742471993959,0.695325752800604,360.0,490.0,False,3760.0,0.0,0.9999999999999992,10,operational,477,0.1929824561403508
0.9721107034409036,0.0278892965590964,0.3046742471993959,0.695325752800604,360.0,490.0,False,3760.0,0.0,0.9999999999999992,11,operational,477,0.1929824561403508
0.9038303831176864,0.0961696168823135,0.4803969216542069,0.5196030783457931,360.0,1170.0,False,3760.0,0.0,0.9999999999999992,00,operational,478,0.3859649122807017
0.9005672026083256,0.0994327973916744,0.4803969216542069,0.5196030783457931,360.0,1210.0,False,3760.0,0.0,0.9999999999999992,01,operational,478,0.3859649122807017
0.8877229816003941,0.1122770183996059,0.533560939384087,0.4664390606159129,360.0,1180.0,False,3760.0,0.0,0.9999999999999992,10,operational,478,0.3859649122807017
0.8834686086793504,0.1165313913206496,0.533560939384087,0.4664390606159129,360.0,1220.0,False,3760.0,0.0,0.9999999999999992,11,operational,478,0.3859649122807017
0.9302898935268012,0.0697101064731987,0.4437368510468752,0.5562631489531248,360.0,950.0,False,3760.0,0.0,0.9999999999999992,00,operational,479,0.3859649122807017
0.9300192717171832,0.0699807282828168,0.4437368510468752,0.5562631489531248,360.0,950.0,False,3760.0,0.0,0.9999999999999992,01,operational,479,0.3859649122807017
0.9245319368664868,0.075468063133513,0.4677381238352425,0.5322618761647575,360.0,950.0,False,3760.0,0.0,0.9999999999999992,10,operational,479,0.3859649122807017
0.9240540829498296,0.0759459170501704,0.4677381238352425,0.5322618761647575,360.0,950.0,False,3760.0,0.0,0.9999999999999992,11,operational,479,0.3859649122807017
0.8673437281177471,0.1326562718822529,0.570881134579454,0.4291188654205459,360.0,1380.0,False,3760.0,0.0,0.9999999999999992,00,operational,480,0.4561403508771929
0.8622074488809159,0.137792551119084,0.570881134579454,0.4291188654205459,360.0,1430.0,False,3760.0,0.0,0.9999999999999992,01,operational,480,0.4561403508771929
0.8546319979989219,0.1453680020010781,0.5909885343162491,0.4090114656837509,360.0,1390.0,False,3760.0,0.0,0.9999999999999992,10,operational,480,0.4561403508771929
0.8486424335604172,0.1513575664395827,0.5909885343162491,0.4090114656837509,360.0,1430.0,False,3760.0,0.0,0.9999999999999992,11,operational,480,0.4561403508771929
0.9013047363313058,0.0986952636686941,0.5299342576579607,0.4700657423420394,360.0,1110.0,False,3760.0,0.0,0.9999999999999992,00,operational,481,0.4035087719298245
0.9001766477122337,0.0998233522877662,0.5299342576579607,0.4700657423420394,360.0,1130.0,False,3760.0,0.0,0.9999999999999992,01,operational,481,0.4035087719298245
0.8909066365138489,0.109093363486151,0.5545086540015953,0.4454913459984047,360.0,1110.0,False,3760.0,0.0,0.9999999999999992,10,operational,481,0.4035087719298245
0.889252234364593,0.110747765635407,0.5545086540015953,0.4454913459984047,360.0,1130.0,False,3760.0,0.0,0.9999999999999992,11,operational,481,0.4035087719298245
0.9262431839273196,0.0737568160726802,0.6542265584580634,0.3457734415419365,360.0,800.0,False,3760.0,0.0,0.9999999999999992,00,operational,482,0.2631578947368421
0.924607939189664,0.0753920608103361,0.6542265584580634,0.3457734415419365,360.0,820.0,False,3760.0,0.0,0.9999999999999992,01,operational,482,0.2631578947368421
0.9146144766547676,0.0853855233452325,0.8093362232320693,0.1906637767679307,360.0,800.0,False,3760.0,0.0,0.9999999999999992,10,operational,482,0.2631578947368421
0.9128364207176785,0.0871635792823216,0.8093362232320693,0.1906637767679307,360.0,820.0,False,3760.0,0.0,0.9999999999999992,11,operational,482,0.2631578947368421
0.8963834474894804,0.1036165525105196,0.4763219571176145,0.5236780428823855,360.0,1210.0,False,3760.0,0.0,0.9999999999999992,00,operational,483,0.4035087719298245
0.8963371984934965,0.1036628015065035,0.4763219571176145,0.5236780428823855,360.0,1210.0,False,3760.0,0.0,0.9999999999999992,01,operational,483,0.4035087719298245
0.8922275648428006,0.1077724351571993,0.4834536764928857,0.5165463235071143,360.0,1210.0,False,3760.0,0.0,0.9999999999999992,10,operational,483,0.4035087719298245
0.8921138902955247,0.1078861097044753,0.4834536764928857,0.5165463235071143,360.0,1220.0,False,3760.0,0.0,0.9999999999999992,11,operational,483,0.4035087719298245
0.8938174887089251,0.1061825112910749,0.5204990013738646,0.4795009986261353,360.0,1110.0,False,3760.0,0.0,0.9999999999999992,00,operational,484,0.3333333333333333
0.8881757849254613,0.1118242150745386,0.5204990013738646,0.4795009986261353,360.0,1160.0,False,3760.0,0.0,0.9999999999999992,01,operational,484,0.3333333333333333
0.8877788189813598,0.1122211810186402,0.5256100049902559,0.4743899950097441,360.0,1110.0,False,3760.0,0.0,0.9999999999999992,10,operational,484,0.3333333333333333
0.8814384282808373,0.1185615717191627,0.5256100049902559,0.4743899950097441,360.0,1160.0,False,3760.0,0.0,0.9999999999999992,11,operational,484,0.3333333333333333
0.897285030011283,0.1027149699887169,0.6383876156594495,0.3616123843405505,360.0,1110.0,False,3760.0,0.0,0.9999999999999992,00,operational,485,0.3684210526315789
0.8817899862354109,0.118210013764589,0.6383876156594495,0.3616123843405505,360.0,1260.0,False,3760.0,0.0,0.9999999999999992,01,operational,485,0.3684210526315789
0.8831913036239477,0.1168086963760522,0.6997329835421876,0.3002670164578124,360.0,1120.0,False,3760.0,0.0,0.9999999999999992,10,operational,485,0.3684210526315789
0.8657605437653192,0.1342394562346808,0.6997329835421876,0.3002670164578124,360.0,1270.0,False,3760.0,0.0,0.9999999999999992,11,operational,485,0.3684210526315789
0.9062835052602,0.0937164947398,0.6092890890715309,0.3907109109284691,360.0,1010.0,False,3760.0,0.0,0.9999999999999992,00,operational,486,0.3157894736842105
0.9040779985553082,0.0959220014446917,0.6092890890715309,0.3907109109284691,360.0,1040.0,False,3760.0,0.0,0.9999999999999992,01,operational,486,0.3157894736842105
0.8957432665525346,0.1042567334474654,0.6699972213049313,0.3300027786950686,360.0,1020.0,False,3760.0,0.0,0.9999999999999992,10,operational,486,0.3157894736842105
0.8931753463889318,0.1068246536110681,0.6699972213049313,0.3300027786950686,360.0,1050.0,False,3760.0,0.0,0.9999999999999992,11,operational,486,0.3157894736842105
0.9480717941287672,0.0519282058712329,0.5774381282337654,0.4225618717662346,360.0,720.0,False,3760.0,0.0,0.9999999999999992,00,operational,487,0.2631578947368421
0.9460644311203988,0.0539355688796012,0.5774381282337654,0.4225618717662346,360.0,750.0,False,3760.0,0.0,0.9999999999999992,01,operational,487,0.2631578947368421
0.9341098235299164,0.0658901764700835,0.7309598785953525,0.2690401214046475,360.0,730.0,False,3760.0,0.0,0.9999999999999992,10,operational,487,0.2631578947368421
0.9313404647449716,0.0686595352550285,0.7309598785953525,0.2690401214046475,360.0,760.0,False,3760.0,0.0,0.9999999999999992,11,operational,487,0.2631578947368421
0.8733551667823303,0.1266448332176697,0.537028284336641,0.462971715663359,360.0,1430.0,False,3760.0,0.0,0.9999999999999992,00,operational,488,0.4561403508771929
0.8675182187361927,0.1324817812638072,0.537028284336641,0.462971715663359,360.0,1480.0,False,3760.0,0.0,0.9999999999999992,01,operational,488,0.4561403508771929
0.8557945036233116,0.1442054963766884,0.5627760725514503,0.4372239274485496,360.0,1430.0,False,3760.0,0.0,0.9999999999999992,10,operational,488,0.4561403508771929
0.8489008387505375,0.1510991612494625,0.5627760725514503,0.4372239274485496,360.0,1490.0,False,3760.0,0.0,0.9999999999999992,11,operational,488,0.4561403508771929
0.9368816272498116,0.0631183727501883,0.4200808391904931,0.5799191608095069,360.0,870.0,False,3760.0,0.0,0.9999999999999992,00,operational,489,0.3333333333333333
0.9358920052495078,0.0641079947504922,0.4200808391904931,0.5799191608095069,360.0,880.0,False,3760.0,0.0,0.9999999999999992,01,operational,489,0.3333333333333333
0.9289078498144512,0.0710921501855488,0.4584758023080263,0.5415241976919737,360.0,870.0,False,3760.0,0.0,0.9999999999999992,10,operational,489,0.3333333333333333
0.9276409932423184,0.0723590067576814,0.4584758023080263,0.5415241976919737,360.0,890.0,False,3760.0,0.0,0.9999999999999992,11,operational,489,0.3333333333333333
0.8864508338916275,0.1135491661083725,0.6794338845446701,0.3205661154553299,360.0,1140.0,False,3760.0,0.0,0.9999999999999992,00,operational,490,0.3508771929824561
0.8742169016156222,0.1257830983843778,0.6794338845446701,0.3205661154553299,360.0,1240.0,False,3760.0,0.0,0.9999999999999992,01,operational,490,0.3508771929824561
0.8780749252679636,0.1219250747320364,0.7283181046653459,0.2716818953346541,360.0,1140.0,False,3760.0,0.0,0.9999999999999992,10,operational,490,0.3508771929824561
0.8646426006079017,0.1353573993920983,0.7283181046653459,0.2716818953346541,360.0,1250.0,False,3760.0,0.0,0.9999999999999992,11,operational,490,0.3508771929824561
0.8072809686331173,0.1927190313668827,0.6734863803751988,0.3265136196248012,360.0,1830.0,False,3760.0,0.0,0.9999999999999992,00,operational,491,0.5087719298245614
0.7787086897454717,0.2212913102545283,0.6734863803751988,0.3265136196248012,360.0,2040.0,False,3760.0,0.0,0.9999999999999992,01,operational,491,0.5087719298245614
0.785988535959415,0.214011464040585,0.7358080646238001,0.2641919353761998,360.0,1830.0,False,3760.0,0.0,0.9999999999999992,10,operational,491,0.5087719298245614
0.7542389940803106,0.2457610059196894,0.7358080646238001,0.2641919353761998,360.0,2050.0,False,3760.0,0.0,0.9999999999999992,11,operational,491,0.5087719298245614
0.7771709829441062,0.2228290170558937,0.6971214068318607,0.3028785931681393,360.0,1970.0,False,3760.0,0.0,0.9999999999999992,00,operational,492,0.4561403508771929
0.7424452169124353,0.2575547830875647,0.6971214068318607,0.3028785931681393,360.0,2180.0,False,3760.0,0.0,0.9999999999999992,01,operational,492,0.4561403508771929
0.7621312100216282,0.2378687899783718,0.7256979453913084,0.2743020546086915,360.0,1970.0,False,3760.0,0.0,0.9999999999999992,10,operational,492,0.4561403508771929
0.723891161623596,0.276108838376404,0.7256979453913084,0.2743020546086915,360.0,2190.0,False,3760.0,0.0,0.9999999999999992,11,operational,492,0.4561403508771929
0.9329088883521104,0.0670911116478895,0.4325579125704685,0.5674420874295315,360.0,960.0,False,3760.0,0.0,0.9999999999999992,00,operational,493,0.4035087719298245
0.9315909032112952,0.0684090967887046,0.4325579125704685,0.5674420874295315,360.0,990.0,False,3760.0,0.0,0.9999999999999992,01,operational,493,0.4035087719298245
0.9198631391416632,0.0801368608583369,0.4753900757750332,0.5246099242249668,360.0,970.0,False,3760.0,0.0,0.9999999999999992,10,operational,493,0.4035087719298245
0.9178702762130124,0.0821297237869875,0.4753900757750332,0.5246099242249668,360.0,990.0,False,3760.0,0.0,0.9999999999999992,11,operational,493,0.4035087719298245
0.9340863202791864,0.0659136797208136,0.4360920607482762,0.5639079392517238,360.0,890.0,False,3760.0,0.0,0.9999999999999992,00,operational,494,0.2982456140350877
0.9331979156048404,0.0668020843951596,0.4360920607482762,0.5639079392517238,360.0,900.0,False,3760.0,0.0,0.9999999999999992,01,operational,494,0.2982456140350877
0.92167649810657,0.0783235018934299,0.5156079534519781,0.4843920465480219,360.0,890.0,False,3760.0,0.0,0.9999999999999992,10,operational,494,0.2982456140350877
0.9204819331649498,0.0795180668350502,0.5156079534519781,0.4843920465480219,360.0,910.0,False,3760.0,0.0,0.9999999999999992,11,operational,494,0.2982456140350877
0.9151194078609788,0.0848805921390213,0.6660179729770557,0.3339820270229443,360.0,1050.0,False,3760.0,0.0,0.9999999999999992,00,operational,495,0.4035087719298245
0.9119525324418692,0.0880474675581308,0.6660179729770557,0.3339820270229443,360.0,1080.0,False,3760.0,0.0,0.9999999999999992,01,operational,495,0.4035087719298245
0.899890569286945,0.100109430713055,0.7827906203301049,0.217209379669895,360.0,1050.0,False,3760.0,0.0,0.9999999999999992,10,operational,495,0.4035087719298245
0.8959405065491883,0.1040594934508116,0.7827906203301049,0.217209379669895,360.0,1080.0,False,3760.0,0.0,0.9999999999999992,11,operational,495,0.4035087719298245
0.8766203399915864,0.1233796600084136,0.5248358203948483,0.4751641796051516,360.0,1260.0,False,3760.0,0.0,0.9999999999999992,00,operational,496,0.3508771929824561
0.8722980770501719,0.127701922949828,0.5248358203948483,0.4751641796051516,360.0,1310.0,False,3760.0,0.0,0.9999999999999992,01,operational,496,0.3508771929824561
0.8723243209341675,0.1276756790658325,0.532629737558875,0.467370262441125,360.0,1260.0,False,3760.0,0.0,0.9999999999999992,10,operational,496,0.3508771929824561
0.8677248074663346,0.1322751925336653,0.532629737558875,0.467370262441125,360.0,1310.0,False,3760.0,0.0,0.9999999999999992,11,operational,496,0.3508771929824561
0.8879739280869728,0.1120260719130271,0.7031897605218513,0.2968102394781486,360.0,1210.0,False,3760.0,0.0,0.9999999999999992,00,operational,497,0.4385964912280701
0.8861278714717171,0.1138721285282828,0.7031897605218513,0.2968102394781486,360.0,1240.0,False,3760.0,0.0,0.9999999999999992,01,operational,497,0.4385964912280701
0.8722728326236429,0.1277271673763571,0.7993143792445164,0.2006856207554835,360.0,1210.0,False,3760.0,0.0,0.9999999999999992,10,operational,497,0.4385964912280701
0.869905238165675,0.130094761834325,0.7993143792445164,0.2006856207554835,360.0,1240.0,False,3760.0,0.0,0.9999999999999992,11,operational,497,0.4385964912280701
0.8090904904574617,0.1909095095425382,0.7450914820274268,0.2549085179725732,360.0,1740.0,False,3760.0,0.0,0.9999999999999992,00,operational,498,0.5263157894736842
0.8037851572491971,0.1962148427508029,0.7450914820274268,0.2549085179725732,360.0,1800.0,False,3760.0,0.0,0.9999999999999992,01,operational,498,0.5263157894736842
0.7954033336605327,0.2045966663394672,0.7832726273264213,0.2167273726735786,360.0,1750.0,False,3760.0,0.0,0.9999999999999992,10,operational,498,0.5263157894736842
0.789278406826596,0.210721593173404,0.7832726273264213,0.2167273726735786,360.0,1800.0,False,3760.0,0.0,0.9999999999999992,11,operational,498,0.5263157894736842
0.8566970196931325,0.1433029803068675,0.7475556249579596,0.2524443750420405,360.0,1310.0,False,3760.0,0.0,0.9999999999999992,00,operational,499,0.3684210526315789
0.8565890678859034,0.1434109321140966,0.7475556249579596,0.2524443750420405,360.0,1310.0,False,3760.0,0.0,0.9999999999999992,01,operational,499,0.3684210526315789
0.845200383554231,0.154799616445769,0.7980167980552091,0.2019832019447909,360.0,1320.0,False,3760.0,0.0,0.9999999999999992,10,operational,499,0.3684210526315789
0.8449066165028333,0.1550933834971667,0.7980167980552091,0.2019832019447909,360.0,1320.0,False,3760.0,0.0,0.9999999999999992,11,operational,499,0.3684210526315789
0.879243901023278,0.120756098976722,0.7452577037767185,0.2547422962232815,290.0,1260.0,False,3760.0,0.0,0.9999999999999992,00,operational,500,0.4210526315789473
0.8772559515141204,0.1227440484858796,0.7452577037767185,0.2547422962232815,290.0,1280.0,False,3760.0,0.0,0.9999999999999992,01,operational,500,0.4210526315789473
0.8641765667816871,0.1358234332183129,0.7888256866154055,0.2111743133845944,290.0,1260.0,False,3760.0,0.0,0.9999999999999992,10,operational,500,0.4210526315789473
0.861591501924538,0.1384084980754619,0.7888256866154055,0.2111743133845944,290.0,1290.0,False,3760.0,0.0,0.9999999999999992,11,operational,500,0.4210526315789473
0.9562185150348692,0.0437814849651309,0.3536988075069431,0.6463011924930568,360.0,740.0,False,3760.0,0.0,0.9999999999999992,00,operational,501,0.2807017543859649
0.9434479322315216,0.0565520677684785,0.3536988075069431,0.6463011924930568,360.0,900.0,False,3760.0,0.0,0.9999999999999992,01,operational,501,0.2807017543859649
0.949973389032146,0.0500266109678541,0.3947831482469208,0.6052168517530792,360.0,740.0,False,3760.0,0.0,0.9999999999999992,10,operational,501,0.2807017543859649
0.9356114989113082,0.0643885010886917,0.3947831482469208,0.6052168517530792,360.0,900.0,False,3760.0,0.0,0.9999999999999992,11,operational,501,0.2807017543859649
0.9854935560367682,0.0145064439632317,0.206718720153552,0.7932812798464479,360.0,360.0,False,3760.0,0.0,0.9999999999999992,00,operational,502,0.1578947368421052
0.9854935560367682,0.0145064439632317,0.206718720153552,0.7932812798464479,360.0,360.0,False,3760.0,0.0,0.9999999999999992,01,operational,502,0.1578947368421052
0.9816095086391649,0.0183904913608352,0.2634718139555408,0.7365281860444591,360.0,370.0,False,3760.0,0.0,0.9999999999999992,10,operational,502,0.1578947368421052
0.9816095086391649,0.0183904913608352,0.2634718139555408,0.7365281860444591,360.0,370.0,False,3760.0,0.0,0.9999999999999992,11,operational,502,0.1578947368421052
0.9749155822798294,0.0250844177201705,0.2629180881109294,0.7370819118890706,360.0,530.0,False,3760.0,0.0,0.9999999999999992,00,operational,503,0.1929824561403508
0.974833434625799,0.025166565374201,0.2629180881109294,0.7370819118890706,360.0,530.0,False,3760.0,0.0,0.9999999999999992,01,operational,503,0.1929824561403508
0.974231111754946,0.0257688882450538,0.26884118676859,0.73115881323141,360.0,530.0,False,3760.0,0.0,0.9999999999999992,10,operational,503,0.1929824561403508
0.9740861811185408,0.0259138188814592,0.26884118676859,0.73115881323141,360.0,530.0,False,3760.0,0.0,0.9999999999999992,11,operational,503,0.1929824561403508
0.9609285147056922,0.0390714852943078,0.327498531746238,0.672501468253762,360.0,720.0,False,3760.0,0.0,0.9999999999999992,00,operational,504,0.2807017543859649
0.9608851412117164,0.0391148587882836,0.327498531746238,0.672501468253762,360.0,720.0,False,3760.0,0.0,0.9999999999999992,01,operational,504,0.2807017543859649
0.9486991836718748,0.0513008163281252,0.4040763067225009,0.5959236932774991,360.0,720.0,False,3760.0,0.0,0.9999999999999992,10,operational,504,0.2807017543859649
0.9486205913955712,0.0513794086044289,0.4040763067225009,0.5959236932774991,360.0,720.0,False,3760.0,0.0,0.9999999999999992,11,operational,504,0.2807017543859649
0.8328757286152493,0.1671242713847507,0.562388006559363,0.4376119934406369,360.0,1660.0,False,3760.0,0.0,0.9999999999999992,00,operational,505,0.4385964912280701
0.8070800149146165,0.1929199850853835,0.562388006559363,0.4376119934406369,360.0,1860.0,False,3760.0,0.0,0.9999999999999992,01,operational,505,0.4385964912280701
0.8190729240329876,0.1809270759670124,0.5869975683440452,0.4130024316559548,360.0,1670.0,False,3760.0,0.0,0.9999999999999992,10,operational,505,0.4385964912280701
0.791092475580401,0.208907524419599,0.5869975683440452,0.4130024316559548,360.0,1870.0,False,3760.0,0.0,0.9999999999999992,11,operational,505,0.4385964912280701
0.8580689811299026,0.1419310188700974,0.6191745158452715,0.3808254841547285,360.0,1380.0,False,3760.0,0.0,0.9999999999999992,00,operational,506,0.4210526315789473
0.8398743219754193,0.1601256780245806,0.6191745158452715,0.3808254841547285,360.0,1530.0,False,3760.0,0.0,0.9999999999999992,01,operational,506,0.4210526315789473
0.8456599274450377,0.1543400725549623,0.6387091038778585,0.3612908961221415,360.0,1380.0,False,3760.0,0.0,0.9999999999999992,10,operational,506,0.4210526315789473
0.8256894824243984,0.1743105175756015,0.6387091038778585,0.3612908961221415,360.0,1540.0,False,3760.0,0.0,0.9999999999999992,11,operational,506,0.4210526315789473
0.7887179782273963,0.2112820217726037,0.5616099802304224,0.4383900197695776,360.0,2000.0,False,3760.0,0.0,0.9999999999999992,00,operational,507,0.5087719298245614
0.7831156759845678,0.2168843240154322,0.5616099802304224,0.4383900197695776,360.0,2060.0,False,3760.0,0.0,0.9999999999999992,01,operational,507,0.5087719298245614
0.7727542107685063,0.2272457892314937,0.5713908866861086,0.4286091133138913,360.0,2000.0,False,3760.0,0.0,0.9999999999999992,10,operational,507,0.5087719298245614
0.7657301411464608,0.2342698588535392,0.5713908866861086,0.4286091133138913,360.0,2060.0,False,3760.0,0.0,0.9999999999999992,11,operational,507,0.5087719298245614
0.7254761290043096,0.2745238709956904,0.7696926149013151,0.2303073850986849,360.0,2280.0,False,3760.0,0.0,0.9999999999999992,00,operational,508,0.5964912280701754
0.6902725195774491,0.3097274804225509,0.7696926149013151,0.2303073850986849,360.0,2490.0,False,3760.0,0.0,0.9999999999999992,01,operational,508,0.5964912280701754
0.7061359914111371,0.2938640085888628,0.7721856700693358,0.2278143299306642,360.0,2280.0,False,3760.0,0.0,0.9999999999999992,10,operational,508,0.5964912280701754
0.6689446013951039,0.3310553986048961,0.7721856700693358,0.2278143299306642,360.0,2490.0,False,3760.0,0.0,0.9999999999999992,11,operational,508,0.5964912280701754
0.930236442546348,0.0697635574536521,0.6572509659312014,0.3427490340687986,360.0,760.0,False,3760.0,0.0,0.9999999999999992,00,operational,509,0.2456140350877192
0.9277472437920834,0.0722527562079166,0.6572509659312014,0.3427490340687986,360.0,800.0,False,3760.0,0.0,0.9999999999999992,01,operational,509,0.2456140350877192
0.9187801649067135,0.0812198350932863,0.7863944259948649,0.2136055740051351,360.0,770.0,False,3760.0,0.0,0.9999999999999992,10,operational,509,0.2456140350877192
0.915739095896164,0.0842609041038359,0.7863944259948649,0.2136055740051351,360.0,810.0,False,3760.0,0.0,0.9999999999999992,11,operational,509,0.2456140350877192
0.9515800568711654,0.0484199431288345,0.4013987497754334,0.5986012502245666,360.0,690.0,False,3760.0,0.0,0.9999999999999992,00,operational,510,0.2807017543859649
0.9499590579635632,0.0500409420364367,0.4013987497754334,0.5986012502245666,360.0,710.0,False,3760.0,0.0,0.9999999999999992,01,operational,510,0.2807017543859649
0.9469829074640336,0.0530170925359664,0.4171314417591584,0.5828685582408416,360.0,690.0,False,3760.0,0.0,0.9999999999999992,10,operational,510,0.2807017543859649
0.9449128326420032,0.0550871673579969,0.4171314417591584,0.5828685582408416,360.0,710.0,False,3760.0,0.0,0.9999999999999992,11,operational,510,0.2807017543859649
0.9237458597957696,0.0762541402042304,0.4850150765090113,0.5149849234909887,360.0,970.0,False,3760.0,0.0,0.9999999999999992,00,operational,511,0.3859649122807017
0.9201409961176806,0.0798590038823193,0.4850150765090113,0.5149849234909887,360.0,1010.0,False,3760.0,0.0,0.9999999999999992,01,operational,511,0.3859649122807017
0.9123027483448646,0.0876972516551354,0.5296022851021692,0.4703977148978308,360.0,970.0,False,3760.0,0.0,0.9999999999999992,10,operational,511,0.3859649122807017
0.9076989437373144,0.0923010562626855,0.5296022851021692,0.4703977148978308,360.0,1010.0,False,3760.0,0.0,0.9999999999999992,11,operational,511,0.3859649122807017
0.9671401015322098,0.0328598984677902,0.3627645071683149,0.6372354928316851,360.0,480.0,False,3760.0,0.0,0.9999999999999992,00,operational,512,0.1403508771929824
0.9671401015322098,0.0328598984677902,0.3627645071683149,0.6372354928316851,360.0,480.0,False,3760.0,0.0,0.9999999999999992,01,operational,512,0.1403508771929824
0.9654820077699484,0.0345179922300517,0.3721455083730351,0.6278544916269648,360.0,490.0,False,3760.0,0.0,0.9999999999999992,10,operational,512,0.1403508771929824
0.9654820077699484,0.0345179922300517,0.3721455083730351,0.6278544916269648,360.0,490.0,False,3760.0,0.0,0.9999999999999992,11,operational,512,0.1403508771929824
0.9042648511172376,0.0957351488827624,0.4737500075621171,0.5262499924378828,360.0,1090.0,False,3760.0,0.0,0.9999999999999992,00,operational,513,0.2982456140350877
0.9028711395202142,0.0971288604797857,0.4737500075621171,0.5262499924378828,360.0,1100.0,False,3760.0,0.0,0.9999999999999992,01,operational,513,0.2982456140350877
0.8977108803104177,0.1022891196895823,0.4824802027390993,0.5175197972609007,360.0,1090.0,False,3760.0,0.0,0.9999999999999992,10,operational,513,0.2982456140350877
0.8960077971896888,0.1039922028103111,0.4824802027390993,0.5175197972609007,360.0,1110.0,False,3760.0,0.0,0.9999999999999992,11,operational,513,0.2982456140350877
0.8476743285582945,0.1523256714417055,0.5591991909197631,0.4408008090802368,360.0,1500.0,False,3760.0,0.0,0.9999999999999992,00,operational,514,0.3859649122807017
0.8401183859699813,0.1598816140300186,0.5591991909197631,0.4408008090802368,360.0,1570.0,False,3760.0,0.0,0.9999999999999992,01,operational,514,0.3859649122807017
0.838904861597751,0.1610951384022489,0.5631908009923983,0.4368091990076018,360.0,1510.0,False,3760.0,0.0,0.9999999999999992,10,operational,514,0.3859649122807017
0.8307487267357426,0.1692512732642573,0.5631908009923983,0.4368091990076018,360.0,1580.0,False,3760.0,0.0,0.9999999999999992,11,operational,514,0.3859649122807017
0.9713408915803792,0.0286591084196209,0.2897243947667887,0.7102756052332113,360.0,550.0,False,3760.0,0.0,0.9999999999999992,00,operational,515,0.2105263157894736
0.97127093486449,0.0287290651355101,0.2897243947667887,0.7102756052332113,360.0,560.0,False,3760.0,0.0,0.9999999999999992,01,operational,515,0.2105263157894736
0.9704191642273066,0.0295808357726934,0.3012103353475397,0.6987896646524603,360.0,550.0,False,3760.0,0.0,0.9999999999999992,10,operational,515,0.2105263157894736
0.970332544513547,0.0296674554864529,0.3012103353475397,0.6987896646524603,360.0,560.0,False,3760.0,0.0,0.9999999999999992,11,operational,515,0.2105263157894736
0.8628379491071182,0.1371620508928818,0.5264495762770086,0.4735504237229914,360.0,1450.0,False,3760.0,0.0,0.9999999999999992,00,operational,516,0.4912280701754385
0.8622247273531941,0.1377752726468059,0.5264495762770086,0.4735504237229914,360.0,1470.0,False,3760.0,0.0,0.9999999999999992,01,operational,516,0.4912280701754385
0.852485220613844,0.1475147793861559,0.545763828761936,0.454236171238064,360.0,1450.0,False,3760.0,0.0,0.9999999999999992,10,operational,516,0.4912280701754385
0.851454955099119,0.148545044900881,0.545763828761936,0.454236171238064,360.0,1470.0,False,3760.0,0.0,0.9999999999999992,11,operational,516,0.4912280701754385
0.9350659829205116,0.0649340170794883,0.4321150151417837,0.5678849848582163,360.0,840.0,False,3760.0,0.0,0.9999999999999992,00,operational,517,0.2631578947368421
0.9307112677313032,0.0692887322686968,0.4321150151417837,0.5678849848582163,360.0,880.0,False,3760.0,0.0,0.9999999999999992,01,operational,517,0.2631578947368421
0.9293532655719668,0.0706467344280331,0.4517055846967216,0.5482944153032784,360.0,840.0,False,3760.0,0.0,0.9999999999999992,10,operational,517,0.2631578947368421
0.924732125369157,0.0752678746308429,0.4517055846967216,0.5482944153032784,360.0,890.0,False,3760.0,0.0,0.9999999999999992,11,operational,517,0.2631578947368421
0.8921122273994435,0.1078877726005564,0.5154211842261445,0.4845788157738555,360.0,1200.0,False,3760.0,0.0,0.9999999999999992,00,operational,518,0.3859649122807017
0.8900737284301258,0.1099262715698742,0.5154211842261445,0.4845788157738555,360.0,1230.0,False,3760.0,0.0,0.9999999999999992,01,operational,518,0.3859649122807017
0.8842355110805142,0.1157644889194857,0.5266583983410928,0.4733416016589072,360.0,1200.0,False,3760.0,0.0,0.9999999999999992,10,operational,518,0.3859649122807017
0.8816924413159893,0.1183075586840106,0.5266583983410928,0.4733416016589072,360.0,1230.0,False,3760.0,0.0,0.9999999999999992,11,operational,518,0.3859649122807017
0.8887326468776663,0.1112673531223337,0.6679338078230688,0.3320661921769313,360.0,1160.0,False,3760.0,0.0,0.9999999999999992,00,operational,519,0.3333333333333333
0.8843300765880624,0.1156699234119376,0.6679338078230688,0.3320661921769313,360.0,1200.0,False,3760.0,0.0,0.9999999999999992,01,operational,519,0.3333333333333333
0.8789982642736965,0.1210017357263034,0.7335920099522392,0.2664079900477608,360.0,1160.0,False,3760.0,0.0,0.9999999999999992,10,operational,519,0.3333333333333333
0.8738422382443112,0.1261577617556888,0.7335920099522392,0.2664079900477608,360.0,1200.0,False,3760.0,0.0,0.9999999999999992,11,operational,519,0.3333333333333333
0.8226301879929322,0.1773698120070678,0.7057449373121087,0.2942550626878912,360.0,1630.0,False,3760.0,0.0,0.9999999999999992,00,operational,520,0.4385964912280701
0.8113049278491914,0.1886950721508086,0.7057449373121087,0.2942550626878912,360.0,1730.0,False,3760.0,0.0,0.9999999999999992,01,operational,520,0.4385964912280701
0.8081820496579367,0.1918179503420632,0.7527311487360258,0.2472688512639742,360.0,1630.0,False,3760.0,0.0,0.9999999999999992,10,operational,520,0.4385964912280701
0.7951660098923203,0.2048339901076796,0.7527311487360258,0.2472688512639742,360.0,1730.0,False,3760.0,0.0,0.9999999999999992,11,operational,520,0.4385964912280701
0.9442842561402466,0.0557157438597534,0.4288482243939103,0.5711517756060897,360.0,810.0,False,3760.0,0.0,0.9999999999999992,00,operational,521,0.2982456140350877
0.9390568607618518,0.0609431392381482,0.4288482243939103,0.5711517756060897,360.0,890.0,False,3760.0,0.0,0.9999999999999992,01,operational,521,0.2982456140350877
0.9378212101419552,0.0621787898580449,0.4645059966946973,0.5354940033053027,360.0,820.0,False,3760.0,0.0,0.9999999999999992,10,operational,521,0.2982456140350877
0.9315231638507648,0.0684768361492351,0.4645059966946973,0.5354940033053027,360.0,900.0,False,3760.0,0.0,0.9999999999999992,11,operational,521,0.2982456140350877
0.9621664764170338,0.0378335235829662,0.3420797418491326,0.6579202581508674,360.0,710.0,False,3760.0,0.0,0.9999999999999992,00,operational,522,0.2280701754385964
0.9608593555531276,0.0391406444468723,0.3420797418491326,0.6579202581508674,360.0,730.0,False,3760.0,0.0,0.9999999999999992,01,operational,522,0.2280701754385964
0.945661086956402,0.0543389130435979,0.4691858962962372,0.5308141037037628,360.0,710.0,False,3760.0,0.0,0.9999999999999992,10,operational,522,0.2280701754385964
0.943536678105592,0.056463321894408,0.4691858962962372,0.5308141037037628,360.0,730.0,False,3760.0,0.0,0.9999999999999992,11,operational,522,0.2280701754385964
0.9120519437575398,0.0879480562424601,0.547243202825106,0.452756797174894,360.0,1020.0,False,3760.0,0.0,0.9999999999999992,00,operational,523,0.2807017543859649
0.9110052329707986,0.0889947670292014,0.547243202825106,0.452756797174894,360.0,1040.0,False,3760.0,0.0,0.9999999999999992,01,operational,523,0.2807017543859649
0.9003155075157211,0.0996844924842789,0.6183186178569093,0.3816813821430906,360.0,1020.0,False,3760.0,0.0,0.9999999999999992,10,operational,523,0.2807017543859649
0.8988592625805764,0.1011407374194236,0.6183186178569093,0.3816813821430906,360.0,1040.0,False,3760.0,0.0,0.9999999999999992,11,operational,523,0.2807017543859649
0.9157405020235492,0.0842594979764507,0.6038245599398395,0.3961754400601605,360.0,1020.0,False,3760.0,0.0,0.9999999999999992,00,operational,524,0.3684210526315789
0.8937649432398667,0.1062350567601333,0.6038245599398395,0.3961754400601605,360.0,1200.0,False,3760.0,0.0,0.9999999999999992,01,operational,524,0.3684210526315789
0.8968604166708654,0.1031395833291346,0.7303652900300663,0.2696347099699336,360.0,1020.0,False,3760.0,0.0,0.9999999999999992,10,operational,524,0.3684210526315789
0.8705798174343561,0.1294201825656439,0.7303652900300663,0.2696347099699336,360.0,1210.0,False,3760.0,0.0,0.9999999999999992,11,operational,524,0.3684210526315789
0.9064651033883054,0.0935348966116945,0.4738040787651452,0.5261959212348548,360.0,1090.0,False,3760.0,0.0,0.9999999999999992,00,operational,525,0.3333333333333333
0.898835134301058,0.101164865698942,0.4738040787651452,0.5261959212348548,360.0,1170.0,False,3760.0,0.0,0.9999999999999992,01,operational,525,0.3333333333333333
0.8988669756182682,0.1011330243817317,0.4847364566938784,0.5152635433061216,360.0,1090.0,False,3760.0,0.0,0.9999999999999992,10,operational,525,0.3333333333333333
0.8902094839370609,0.1097905160629391,0.4847364566938784,0.5152635433061216,360.0,1180.0,False,3760.0,0.0,0.9999999999999992,11,operational,525,0.3333333333333333
0.9215176195184926,0.0784823804815073,0.4604384371831911,0.5395615628168089,360.0,970.0,False,3760.0,0.0,0.9999999999999992,00,operational,526,0.3333333333333333
0.9030578983273868,0.0969421016726131,0.4604384371831911,0.5395615628168089,360.0,1140.0,False,3760.0,0.0,0.9999999999999992,01,operational,526,0.3333333333333333
0.914662392740866,0.0853376072591338,0.4902782752185636,0.5097217247814364,360.0,970.0,False,3760.0,0.0,0.9999999999999992,10,operational,526,0.3333333333333333
0.894606414502286,0.105393585497714,0.4902782752185636,0.5097217247814364,360.0,1150.0,False,3760.0,0.0,0.9999999999999992,11,operational,526,0.3333333333333333
0.8730499555031905,0.1269500444968094,0.5280540921849752,0.4719459078150248,360.0,1330.0,False,3760.0,0.0,0.9999999999999992,00,operational,527,0.4210526315789473
0.8689956922912684,0.1310043077087316,0.5280540921849752,0.4719459078150248,360.0,1370.0,False,3760.0,0.0,0.9999999999999992,01,operational,527,0.4210526315789473
0.8638896619373498,0.1361103380626501,0.5332091953752433,0.4667908046247567,360.0,1330.0,False,3760.0,0.0,0.9999999999999992,10,operational,527,0.4210526315789473
0.8589907531477871,0.1410092468522129,0.5332091953752433,0.4667908046247567,360.0,1380.0,False,3760.0,0.0,0.9999999999999992,11,operational,527,0.4210526315789473
0.9838722648222248,0.0161277351777751,0.1924323711758733,0.8075676288241267,360.0,450.0,False,3760.0,0.0,0.9999999999999992,00,operational,528,0.175438596491228
0.9828264689235334,0.0171735310764665,0.1924323711758733,0.8075676288241267,360.0,480.0,False,3760.0,0.0,0.9999999999999992,01,operational,528,0.175438596491228
0.9774762898257658,0.0225237101742341,0.2485859746117481,0.7514140253882519,360.0,460.0,False,3760.0,0.0,0.9999999999999992,10,operational,528,0.175438596491228
0.9758421411534028,0.0241578588465971,0.2485859746117481,0.7514140253882519,360.0,490.0,False,3760.0,0.0,0.9999999999999992,11,operational,528,0.175438596491228
0.8806421270253773,0.1193578729746227,0.5257766694418442,0.4742233305581557,360.0,1300.0,False,3760.0,0.0,0.9999999999999992,00,operational,529,0.4561403508771929
0.8767837359882761,0.1232162640117239,0.5257766694418442,0.4742233305581557,360.0,1340.0,False,3760.0,0.0,0.9999999999999992,01,operational,529,0.4561403508771929
0.8679697763562036,0.1320302236437963,0.5503345105124793,0.4496654894875208,360.0,1300.0,False,3760.0,0.0,0.9999999999999992,10,operational,529,0.4561403508771929
0.8631841003234872,0.1368158996765127,0.5503345105124793,0.4496654894875208,360.0,1350.0,False,3760.0,0.0,0.9999999999999992,11,operational,529,0.4561403508771929
0.963578854108217,0.036421145891783,0.3335956669975013,0.6664043330024987,360.0,640.0,False,3760.0,0.0,0.9999999999999992,00,operational,530,0.2982456140350877
0.96284256499878,0.0371574350012199,0.3335956669975013,0.6664043330024987,360.0,650.0,False,3760.0,0.0,0.9999999999999992,01,operational,530,0.2982456140350877
0.9599253726808564,0.0400746273191436,0.3529167686806581,0.6470832313193419,360.0,640.0,False,3760.0,0.0,0.9999999999999992,10,operational,530,0.2982456140350877
0.9590952842081096,0.0409047157918902,0.3529167686806581,0.6470832313193419,360.0,650.0,False,3760.0,0.0,0.9999999999999992,11,operational,530,0.2982456140350877
0.8847835584039365,0.1152164415960634,0.4809238771788225,0.5190761228211774,360.0,1320.0,False,3760.0,0.0,0.9999999999999992,00,operational,531,0.4561403508771929
0.8827527291744433,0.1172472708255567,0.4809238771788225,0.5190761228211774,360.0,1350.0,False,3760.0,0.0,0.9999999999999992,01,operational,531,0.4561403508771929
0.8729071894011624,0.1270928105988376,0.5008686918731092,0.4991313081268907,360.0,1320.0,False,3760.0,0.0,0.9999999999999992,10,operational,531,0.4561403508771929
0.87018995273564,0.1298100472643599,0.5008686918731092,0.4991313081268907,360.0,1360.0,False,3760.0,0.0,0.9999999999999992,11,operational,531,0.4561403508771929
0.851881129674028,0.148118870325972,0.6857461621109746,0.3142538378890254,360.0,1500.0,False,3760.0,0.0,0.9999999999999992,00,operational,532,0.4912280701754385
0.8244878916123468,0.1755121083876532,0.6857461621109746,0.3142538378890254,360.0,1700.0,False,3760.0,0.0,0.9999999999999992,01,operational,532,0.4912280701754385
0.8417025985484359,0.1582974014515641,0.7356122596013634,0.2643877403986365,360.0,1500.0,False,3760.0,0.0,0.9999999999999992,10,operational,532,0.4912280701754385
0.8123251391438657,0.1876748608561342,0.7356122596013634,0.2643877403986365,360.0,1700.0,False,3760.0,0.0,0.9999999999999992,11,operational,532,0.4912280701754385
0.9426262710483576,0.0573737289516425,0.4424663992478758,0.5575336007521242,360.0,720.0,False,3760.0,0.0,0.9999999999999992,00,operational,533,0.2280701754385964
0.942604873457996,0.0573951265420039,0.4424663992478758,0.5575336007521242,360.0,720.0,False,3760.0,0.0,0.9999999999999992,01,operational,533,0.2280701754385964
0.9395753961675556,0.0604246038324445,0.4473685981861138,0.5526314018138861,360.0,730.0,False,3760.0,0.0,0.9999999999999992,10,operational,533,0.2280701754385964
0.9394986711465476,0.0605013288534523,0.4473685981861138,0.5526314018138861,360.0,730.0,False,3760.0,0.0,0.9999999999999992,11,operational,533,0.2280701754385964
0.9053594332616156,0.0946405667383845,0.4731504757854532,0.5268495242145468,360.0,1190.0,False,3760.0,0.0,0.9999999999999992,00,operational,534,0.4561403508771929
0.9002371191567519,0.0997628808432481,0.4731504757854532,0.5268495242145468,360.0,1240.0,False,3760.0,0.0,0.9999999999999992,01,operational,534,0.4561403508771929
0.8951236857598444,0.1048763142401556,0.492896823114377,0.507103176885623,360.0,1190.0,False,3760.0,0.0,0.9999999999999992,10,operational,534,0.4561403508771929
0.8890700812824941,0.1109299187175059,0.492896823114377,0.507103176885623,360.0,1250.0,False,3760.0,0.0,0.9999999999999992,11,operational,534,0.4561403508771929
0.8751004968930043,0.1248995031069957,0.5236196944554182,0.4763803055445818,360.0,1330.0,False,3760.0,0.0,0.9999999999999992,00,operational,535,0.3684210526315789
0.8659330552532545,0.1340669447467455,0.5236196944554182,0.4763803055445818,360.0,1410.0,False,3760.0,0.0,0.9999999999999992,01,operational,535,0.3684210526315789
0.8603407854533075,0.1396592145466925,0.5578489828995636,0.4421510171004363,360.0,1330.0,False,3760.0,0.0,0.9999999999999992,10,operational,535,0.3684210526315789
0.8496485526334159,0.1503514473665841,0.5578489828995636,0.4421510171004363,360.0,1410.0,False,3760.0,0.0,0.9999999999999992,11,operational,535,0.3684210526315789
0.9122453074387972,0.0877546925612029,0.4666894265471922,0.5333105734528077,360.0,1110.0,False,3760.0,0.0,0.9999999999999992,00,operational,536,0.3859649122807017
0.9074492290079486,0.0925507709920514,0.4666894265471922,0.5333105734528077,360.0,1160.0,False,3760.0,0.0,0.9999999999999992,01,operational,536,0.3859649122807017
0.904387042504038,0.0956129574959621,0.4936943520472278,0.5063056479527722,360.0,1110.0,False,3760.0,0.0,0.9999999999999992,10,operational,536,0.3859649122807017
0.8993954551596889,0.1006045448403111,0.4936943520472278,0.5063056479527722,360.0,1160.0,False,3760.0,0.0,0.9999999999999992,11,operational,536,0.3859649122807017
0.883524544728643,0.116475455271357,0.5048602793686211,0.4951397206313789,360.0,1290.0,False,3760.0,0.0,0.9999999999999992,00,operational,537,0.4210526315789473
0.8823102981471518,0.1176897018528482,0.5048602793686211,0.4951397206313789,360.0,1310.0,False,3760.0,0.0,0.9999999999999992,01,operational,537,0.4210526315789473
0.8718133939469656,0.1281866060530344,0.5207903925658883,0.4792096074341117,360.0,1300.0,False,3760.0,0.0,0.9999999999999992,10,operational,537,0.4210526315789473
0.8701271662936335,0.1298728337063665,0.5207903925658883,0.4792096074341117,360.0,1310.0,False,3760.0,0.0,0.9999999999999992,11,operational,537,0.4210526315789473
0.9402782200715728,0.0597217799284272,0.5326104954840293,0.4673895045159707,360.0,820.0,False,3760.0,0.0,0.9999999999999992,00,operational,538,0.2982456140350877
0.9395526616144616,0.0604473383855382,0.5326104954840293,0.4673895045159707,360.0,830.0,False,3760.0,0.0,0.9999999999999992,01,operational,538,0.2982456140350877
0.9280492956865684,0.0719507043134316,0.6454305198157222,0.3545694801842778,360.0,820.0,False,3760.0,0.0,0.9999999999999992,10,operational,538,0.2982456140350877
0.9269658649319208,0.0730341350680792,0.6454305198157222,0.3545694801842778,360.0,830.0,False,3760.0,0.0,0.9999999999999992,11,operational,538,0.2982456140350877
0.9622988647601404,0.0377011352398595,0.3352336369792839,0.6647663630207161,360.0,650.0,False,3760.0,0.0,0.9999999999999992,00,operational,539,0.2807017543859649
0.962274926263296,0.0377250737367039,0.3352336369792839,0.6647663630207161,360.0,650.0,False,3760.0,0.0,0.9999999999999992,01,operational,539,0.2807017543859649
0.959133618363038,0.0408663816369618,0.3581721107932135,0.6418278892067865,360.0,650.0,False,3760.0,0.0,0.9999999999999992,10,operational,539,0.2807017543859649
0.9590048530594636,0.0409951469405364,0.3581721107932135,0.6418278892067865,360.0,660.0,False,3760.0,0.0,0.9999999999999992,11,operational,539,0.2807017543859649
0.8260942092450358,0.1739057907549641,0.6696379245120511,0.3303620754879489,360.0,1710.0,False,3760.0,0.0,0.9999999999999992,00,operational,540,0.4912280701754385
0.8056159948906434,0.1943840051093566,0.6696379245120511,0.3303620754879489,360.0,1890.0,False,3760.0,0.0,0.9999999999999992,01,operational,540,0.4912280701754385
0.8047832796998566,0.1952167203001433,0.7075976119097761,0.2924023880902239,360.0,1710.0,False,3760.0,0.0,0.9999999999999992,10,operational,540,0.4912280701754385
0.7819710189217712,0.2180289810782287,0.7075976119097761,0.2924023880902239,360.0,1890.0,False,3760.0,0.0,0.9999999999999992,11,operational,540,0.4912280701754385
0.8932955649040568,0.1067044350959431,0.595750719885924,0.404249280114076,360.0,1180.0,False,3760.0,0.0,0.9999999999999992,00,operational,541,0.3508771929824561
0.8920722627781086,0.1079277372218914,0.595750719885924,0.404249280114076,360.0,1200.0,False,3760.0,0.0,0.9999999999999992,01,operational,541,0.3508771929824561
0.8800510925188858,0.1199489074811142,0.6444109651857397,0.3555890348142603,360.0,1180.0,False,3760.0,0.0,0.9999999999999992,10,operational,541,0.3508771929824561
0.8783895613741599,0.12161043862584,0.6444109651857397,0.3555890348142603,360.0,1210.0,False,3760.0,0.0,0.9999999999999992,11,operational,541,0.3508771929824561
0.9302117626600678,0.0697882373399322,0.4623951455737429,0.537604854426257,360.0,930.0,False,3760.0,0.0,0.9999999999999992,00,operational,542,0.4035087719298245
0.9299037515922952,0.0700962484077046,0.4623951455737429,0.537604854426257,360.0,930.0,False,3760.0,0.0,0.9999999999999992,01,operational,542,0.4035087719298245
0.9229338121372106,0.0770661878627894,0.5061237640818663,0.4938762359181337,360.0,930.0,False,3760.0,0.0,0.9999999999999992,10,operational,542,0.4035087719298245
0.9223233961938084,0.0776766038061916,0.5061237640818663,0.4938762359181337,360.0,930.0,False,3760.0,0.0,0.9999999999999992,11,operational,542,0.4035087719298245
0.9388661298302576,0.0611338701697424,0.4438879924983802,0.5561120075016198,360.0,840.0,False,3760.0,0.0,0.9999999999999992,00,operational,543,0.3333333333333333
0.93668397477298,0.06331602522702,0.4438879924983802,0.5561120075016198,360.0,860.0,False,3760.0,0.0,0.9999999999999992,01,operational,543,0.3333333333333333
0.9341650013975886,0.0658349986024113,0.4659330726681907,0.5340669273318093,360.0,840.0,False,3760.0,0.0,0.9999999999999992,10,operational,543,0.3333333333333333
0.9317793923992342,0.0682206076007657,0.4659330726681907,0.5340669273318093,360.0,860.0,False,3760.0,0.0,0.9999999999999992,11,operational,543,0.3333333333333333
0.8430926248016155,0.1569073751983845,0.6509858282680845,0.3490141717319155,360.0,1480.0,False,3760.0,0.0,0.9999999999999992,00,operational,544,0.3859649122807017
0.8313554930746594,0.1686445069253406,0.6509858282680845,0.3490141717319155,360.0,1580.0,False,3760.0,0.0,0.9999999999999992,01,operational,544,0.3859649122807017
0.8343170489839042,0.1656829510160957,0.6980650005180729,0.3019349994819271,360.0,1480.0,False,3760.0,0.0,0.9999999999999992,10,operational,544,0.3859649122807017
0.8218775743883437,0.1781224256116562,0.6980650005180729,0.3019349994819271,360.0,1580.0,False,3760.0,0.0,0.9999999999999992,11,operational,544,0.3859649122807017
0.875546884220457,0.1244531157795429,0.5113972615341285,0.4886027384658715,360.0,1350.0,False,3760.0,0.0,0.9999999999999992,00,operational,545,0.3859649122807017
0.873540477184118,0.126459522815882,0.5113972615341285,0.4886027384658715,360.0,1370.0,False,3760.0,0.0,0.9999999999999992,01,operational,545,0.3859649122807017
0.8673945770332007,0.1326054229667993,0.5183930856186523,0.4816069143813478,360.0,1350.0,False,3760.0,0.0,0.9999999999999992,10,operational,545,0.3859649122807017
0.8647155397164787,0.1352844602835212,0.5183930856186523,0.4816069143813478,360.0,1380.0,False,3760.0,0.0,0.9999999999999992,11,operational,545,0.3859649122807017
0.9892588820147604,0.0107411179852395,0.1661058667263705,0.8338941332736295,360.0,290.0,False,3760.0,0.0,0.9999999999999992,00,operational,546,0.1052631578947368
0.9892588820147604,0.0107411179852395,0.1661058667263705,0.8338941332736295,360.0,290.0,False,3760.0,0.0,0.9999999999999992,01,operational,546,0.1052631578947368
0.9888639127469866,0.0111360872530134,0.1721229324171824,0.8278770675828175,360.0,290.0,False,3760.0,0.0,0.9999999999999992,10,operational,546,0.1052631578947368
0.9888639127469866,0.0111360872530134,0.1721229324171824,0.8278770675828175,360.0,290.0,False,3760.0,0.0,0.9999999999999992,11,operational,546,0.1052631578947368
0.921744173524119,0.078255826475881,0.4956972488086574,0.5043027511913426,360.0,980.0,False,3760.0,0.0,0.9999999999999992,00,operational,547,0.3333333333333333
0.9167109065445148,0.0832890934554851,0.4956972488086574,0.5043027511913426,360.0,1030.0,False,3760.0,0.0,0.9999999999999992,01,operational,547,0.3333333333333333
0.9075346547379544,0.0924653452620455,0.5526960583620953,0.4473039416379046,360.0,980.0,False,3760.0,0.0,0.9999999999999992,10,operational,547,0.3333333333333333
0.9009788345680306,0.0990211654319693,0.5526960583620953,0.4473039416379046,360.0,1040.0,False,3760.0,0.0,0.9999999999999992,11,operational,547,0.3333333333333333
0.9485609442863328,0.0514390557136672,0.405681281491983,0.594318718508017,360.0,750.0,False,3760.0,0.0,0.9999999999999992,00,operational,548,0.3333333333333333
0.9477546740446352,0.0522453259553649,0.405681281491983,0.594318718508017,360.0,770.0,False,3760.0,0.0,0.9999999999999992,01,operational,548,0.3333333333333333
0.9440231920134668,0.0559768079865331,0.4321533594686085,0.5678466405313914,360.0,760.0,False,3760.0,0.0,0.9999999999999992,10,operational,548,0.3333333333333333
0.9428877784153532,0.0571122215846466,0.4321533594686085,0.5678466405313914,360.0,770.0,False,3760.0,0.0,0.9999999999999992,11,operational,548,0.3333333333333333
0.9393964724477056,0.0606035275522944,0.4126835294605461,0.5873164705394539,360.0,830.0,False,3760.0,0.0,0.9999999999999992,00,operational,549,0.2631578947368421
0.9386537981089654,0.0613462018910345,0.4126835294605461,0.5873164705394539,360.0,840.0,False,3760.0,0.0,0.9999999999999992,01,operational,549,0.2631578947368421
0.9297448504519856,0.0702551495480142,0.4541441876284345,0.5458558123715654,360.0,830.0,False,3760.0,0.0,0.9999999999999992,10,operational,549,0.2631578947368421
0.9286609912931862,0.0713390087068137,0.4541441876284345,0.5458558123715654,360.0,840.0,False,3760.0,0.0,0.9999999999999992,11,operational,549,0.2631578947368421
0.949519258219898,0.050480741780102,0.3741949646753476,0.6258050353246524,360.0,800.0,False,3760.0,0.0,0.9999999999999992,00,operational,550,0.3157894736842105
0.9477653324049242,0.0522346675950757,0.3741949646753476,0.6258050353246524,360.0,830.0,False,3760.0,0.0,0.9999999999999992,01,operational,550,0.3157894736842105
0.9414578882644128,0.0585421117355873,0.4062170574300937,0.5937829425699063,360.0,810.0,False,3760.0,0.0,0.9999999999999992,10,operational,550,0.3157894736842105
0.9393220013771548,0.0606779986228452,0.4062170574300937,0.5937829425699063,360.0,830.0,False,3760.0,0.0,0.9999999999999992,11,operational,550,0.3157894736842105
0.9328511980499714,0.0671488019500285,0.5654581455744864,0.4345418544255136,360.0,820.0,False,3760.0,0.0,0.9999999999999992,00,operational,551,0.3157894736842105
0.9327668799776824,0.0672331200223177,0.5654581455744864,0.4345418544255136,360.0,820.0,False,3760.0,0.0,0.9999999999999992,01,operational,551,0.3157894736842105
0.9217510900285588,0.0782489099714411,0.6872087804028084,0.3127912195971916,360.0,820.0,False,3760.0,0.0,0.9999999999999992,10,operational,551,0.3157894736842105
0.9216667719562696,0.0783332280437303,0.6872087804028084,0.3127912195971916,360.0,820.0,False,3760.0,0.0,0.9999999999999992,11,operational,551,0.3157894736842105
0.9485985406724936,0.0514014593275063,0.3854504370968038,0.6145495629031962,360.0,740.0,False,3760.0,0.0,0.9999999999999992,00,operational,552,0.2982456140350877
0.9485601415904512,0.0514398584095487,0.3854504370968038,0.6145495629031962,360.0,740.0,False,3760.0,0.0,0.9999999999999992,01,operational,552,0.2982456140350877
0.9477313095796324,0.0522686904203676,0.3904652105649541,0.6095347894350459,360.0,750.0,False,3760.0,0.0,0.9999999999999992,10,operational,552,0.2982456140350877
0.9476461337308164,0.0523538662691835,0.3904652105649541,0.6095347894350459,360.0,750.0,False,3760.0,0.0,0.9999999999999992,11,operational,552,0.2982456140350877
0.8955732506256011,0.1044267493743988,0.5034120135522766,0.4965879864477234,360.0,1180.0,False,3760.0,0.0,0.9999999999999992,00,operational,553,0.3859649122807017
0.886403075399679,0.113596924600321,0.5034120135522766,0.4965879864477234,360.0,1270.0,False,3760.0,0.0,0.9999999999999992,01,operational,553,0.3859649122807017
0.886897689046535,0.113102310953465,0.5402232114380763,0.4597767885619237,360.0,1180.0,False,3760.0,0.0,0.9999999999999992,10,operational,553,0.3859649122807017
0.876549562065536,0.1234504379344639,0.5402232114380763,0.4597767885619237,360.0,1270.0,False,3760.0,0.0,0.9999999999999992,11,operational,553,0.3859649122807017
0.9218499157629908,0.0781500842370092,0.4222258591900446,0.5777741408099554,360.0,1000.0,False,3760.0,0.0,0.9999999999999992,00,operational,554,0.3333333333333333
0.9203834491031938,0.0796165508968061,0.4222258591900446,0.5777741408099554,360.0,1020.0,False,3760.0,0.0,0.9999999999999992,01,operational,554,0.3333333333333333
0.9188690195120552,0.0811309804879448,0.4261967971949132,0.5738032028050868,360.0,1000.0,False,3760.0,0.0,0.9999999999999992,10,operational,554,0.3333333333333333
0.9171491383850492,0.0828508616149507,0.4261967971949132,0.5738032028050868,360.0,1030.0,False,3760.0,0.0,0.9999999999999992,11,operational,554,0.3333333333333333
0.9265769852511392,0.0734230147488607,0.4652486989622638,0.5347513010377362,360.0,960.0,False,3760.0,0.0,0.9999999999999992,00,operational,555,0.3333333333333333
0.9227754628891524,0.0772245371108475,0.4652486989622638,0.5347513010377362,360.0,1020.0,False,3760.0,0.0,0.9999999999999992,01,operational,555,0.3333333333333333
0.9150174928490692,0.0849825071509307,0.5022540178926991,0.4977459821073009,360.0,970.0,False,3760.0,0.0,0.9999999999999992,10,operational,555,0.3333333333333333
0.9100219480083592,0.0899780519916408,0.5022540178926991,0.4977459821073009,360.0,1030.0,False,3760.0,0.0,0.9999999999999992,11,operational,555,0.3333333333333333
0.9802046600933596,0.0197953399066402,0.1929966501826974,0.8070033498173026,360.0,540.0,False,3760.0,0.0,0.9999999999999992,00,operational,556,0.2280701754385964
0.9802046600933596,0.0197953399066402,0.1929966501826974,0.8070033498173026,360.0,540.0,False,3760.0,0.0,0.9999999999999992,01,operational,556,0.2280701754385964
0.9731917031004316,0.0268082968995684,0.2965361487384664,0.7034638512615335,360.0,540.0,False,3760.0,0.0,0.9999999999999992,10,operational,556,0.2280701754385964
0.9731917031004316,0.0268082968995684,0.2965361487384664,0.7034638512615335,360.0,540.0,False,3760.0,0.0,0.9999999999999992,11,operational,556,0.2280701754385964
0.834201158216198,0.165798841783802,0.7397316840806895,0.2602683159193105,360.0,1560.0,False,3760.0,0.0,0.9999999999999992,00,operational,557,0.4385964912280701
0.8331998886733939,0.1668001113266061,0.7397316840806895,0.2602683159193105,360.0,1580.0,False,3760.0,0.0,0.9999999999999992,01,operational,557,0.4385964912280701
0.8196370061939491,0.1803629938060509,0.7947784422614474,0.2052215577385525,360.0,1560.0,False,3760.0,0.0,0.9999999999999992,10,operational,557,0.4385964912280701
0.8182897386076473,0.1817102613923527,0.7947784422614474,0.2052215577385525,360.0,1580.0,False,3760.0,0.0,0.9999999999999992,11,operational,557,0.4385964912280701
0.8663447655265014,0.1336552344734985,0.5621272407470794,0.4378727592529205,360.0,1420.0,False,3760.0,0.0,0.9999999999999992,00,operational,558,0.4385964912280701
0.8637311203980202,0.1362688796019797,0.5621272407470794,0.4378727592529205,360.0,1450.0,False,3760.0,0.0,0.9999999999999992,01,operational,558,0.4385964912280701
0.8472729009531779,0.1527270990468221,0.6015267742232189,0.398473225776781,360.0,1420.0,False,3760.0,0.0,0.9999999999999992,10,operational,558,0.4385964912280701
0.8440689090009041,0.1559310909990958,0.6015267742232189,0.398473225776781,360.0,1460.0,False,3760.0,0.0,0.9999999999999992,11,operational,558,0.4385964912280701
0.9529479689072732,0.0470520310927267,0.3996894015949501,0.6003105984050499,360.0,700.0,False,3760.0,0.0,0.9999999999999992,00,operational,559,0.2631578947368421
0.9518604690983156,0.0481395309016843,0.3996894015949501,0.6003105984050499,360.0,710.0,False,3760.0,0.0,0.9999999999999992,01,operational,559,0.2631578947368421
0.9440868792760752,0.0559131207239248,0.4491623162966683,0.5508376837033316,360.0,700.0,False,3760.0,0.0,0.9999999999999992,10,operational,559,0.2631578947368421
0.9425471374817008,0.0574528625182992,0.4491623162966683,0.5508376837033316,360.0,720.0,False,3760.0,0.0,0.9999999999999992,11,operational,559,0.2631578947368421
0.9143940855440544,0.0856059144559456,0.4963564184877399,0.5036435815122601,360.0,1100.0,False,3760.0,0.0,0.9999999999999992,00,operational,560,0.4736842105263157
0.9104625857244704,0.0895374142755295,0.4963564184877399,0.5036435815122601,360.0,1130.0,False,3760.0,0.0,0.9999999999999992,01,operational,560,0.4736842105263157
0.90585592262185,0.0941440773781501,0.5237380511237301,0.4762619488762699,360.0,1100.0,False,3760.0,0.0,0.9999999999999992,10,operational,560,0.4736842105263157
0.9011496152479928,0.0988503847520071,0.5237380511237301,0.4762619488762699,360.0,1140.0,False,3760.0,0.0,0.9999999999999992,11,operational,560,0.4736842105263157
0.8051210040614317,0.1948789959385682,0.7466937107377678,0.2533062892622322,360.0,1660.0,False,3760.0,0.0,0.9999999999999992,00,operational,561,0.4385964912280701
0.798329329713928,0.201670670286072,0.7466937107377678,0.2533062892622322,360.0,1720.0,False,3760.0,0.0,0.9999999999999992,01,operational,561,0.4385964912280701
0.788951033503763,0.2110489664962369,0.8073710097732161,0.1926289902267838,360.0,1660.0,False,3760.0,0.0,0.9999999999999992,10,operational,561,0.4385964912280701
0.7815423826792006,0.2184576173207993,0.8073710097732161,0.1926289902267838,360.0,1720.0,False,3760.0,0.0,0.9999999999999992,11,operational,561,0.4385964912280701
0.9016965782150336,0.0983034217849663,0.5726749287238362,0.4273250712761638,360.0,1110.0,False,3760.0,0.0,0.9999999999999992,00,operational,562,0.3508771929824561
0.9012534376889916,0.0987465623110085,0.5726749287238362,0.4273250712761638,360.0,1120.0,False,3760.0,0.0,0.9999999999999992,01,operational,562,0.3508771929824561
0.8930091363375525,0.1069908636624474,0.6479761404095679,0.3520238595904321,360.0,1110.0,False,3760.0,0.0,0.9999999999999992,10,operational,562,0.3508771929824561
0.8922444283059466,0.1077555716940533,0.6479761404095679,0.3520238595904321,360.0,1120.0,False,3760.0,0.0,0.9999999999999992,11,operational,562,0.3508771929824561
0.8632296961808393,0.1367703038191606,0.570856250022155,0.4291437499778449,360.0,1440.0,False,3760.0,0.0,0.9999999999999992,00,operational,563,0.3859649122807017
0.841979250016011,0.1580207499839889,0.570856250022155,0.4291437499778449,360.0,1620.0,False,3760.0,0.0,0.9999999999999992,01,operational,563,0.3859649122807017
0.8485158188135661,0.1514841811864339,0.5898056129343648,0.4101943870656351,360.0,1440.0,False,3760.0,0.0,0.9999999999999992,10,operational,563,0.3859649122807017
0.8239513172656497,0.1760486827343502,0.5898056129343648,0.4101943870656351,360.0,1630.0,False,3760.0,0.0,0.9999999999999992,11,operational,563,0.3859649122807017
0.8767628456617986,0.1232371543382013,0.5066906985586466,0.4933093014413534,360.0,1310.0,False,3760.0,0.0,0.9999999999999992,00,operational,564,0.3859649122807017
0.8742268623134444,0.1257731376865556,0.5066906985586466,0.4933093014413534,360.0,1340.0,False,3760.0,0.0,0.9999999999999992,01,operational,564,0.3859649122807017
0.8701660925478648,0.1298339074521352,0.5142066749135339,0.4857933250864661,360.0,1320.0,False,3760.0,0.0,0.9999999999999992,10,operational,564,0.3859649122807017
0.8671624771266252,0.1328375228733748,0.5142066749135339,0.4857933250864661,360.0,1350.0,False,3760.0,0.0,0.9999999999999992,11,operational,564,0.3859649122807017
0.8595306295778108,0.1404693704221892,0.8131670042001383,0.1868329957998616,290.0,1370.0,False,3760.0,0.0,0.9999999999999992,00,operational,565,0.4736842105263157
0.8477613599752005,0.1522386400247994,0.8131670042001383,0.1868329957998616,290.0,1470.0,False,3760.0,0.0,0.9999999999999992,01,operational,565,0.4736842105263157
0.8444779786088809,0.1555220213911191,0.9326058947897932,0.0673941052102067,290.0,1370.0,False,3760.0,0.0,0.9999999999999992,10,operational,565,0.4736842105263157
0.83128904871456,0.16871095128544,0.9326058947897932,0.0673941052102067,290.0,1470.0,False,3760.0,0.0,0.9999999999999992,11,operational,565,0.4736842105263157
0.9483208977660028,0.051679102233997,0.3215022745022662,0.6784977254977338,360.0,890.0,False,3760.0,0.0,0.9999999999999992,00,operational,566,0.3333333333333333
0.9483208977660028,0.051679102233997,0.3215022745022662,0.6784977254977338,360.0,890.0,False,3760.0,0.0,0.9999999999999992,01,operational,566,0.3333333333333333
0.9304683617658062,0.0695316382341938,0.4502464321326053,0.5497535678673947,360.0,890.0,False,3760.0,0.0,0.9999999999999992,10,operational,566,0.3333333333333333
0.9304683617658062,0.0695316382341938,0.4502464321326053,0.5497535678673947,360.0,890.0,False,3760.0,0.0,0.9999999999999992,11,operational,566,0.3333333333333333
0.9069028547641126,0.0930971452358874,0.5332115939220724,0.4667884060779276,360.0,1030.0,False,3760.0,0.0,0.9999999999999992,00,operational,567,0.3684210526315789
0.9043499186489788,0.0956500813510211,0.5332115939220724,0.4667884060779276,360.0,1050.0,False,3760.0,0.0,0.9999999999999992,01,operational,567,0.3684210526315789
0.9002257065293772,0.0997742934706228,0.5419496960859789,0.4580503039140211,360.0,1030.0,False,3760.0,0.0,0.9999999999999992,10,operational,567,0.3684210526315789
0.8972969545726781,0.1027030454273218,0.5419496960859789,0.4580503039140211,360.0,1070.0,False,3760.0,0.0,0.9999999999999992,11,operational,567,0.3684210526315789
0.9674714522115098,0.0325285477884902,0.3500162370918225,0.6499837629081775,360.0,540.0,False,3760.0,0.0,0.9999999999999992,00,operational,568,0.2105263157894736
0.9674402563423188,0.0325597436576811,0.3500162370918225,0.6499837629081775,360.0,540.0,False,3760.0,0.0,0.9999999999999992,01,operational,568,0.2105263157894736
0.9640800503427877,0.0359199496572123,0.3847581319525877,0.6152418680474123,360.0,550.0,False,3760.0,0.0,0.9999999999999992,10,operational,568,0.2105263157894736
0.9640488544735968,0.0359511455264033,0.3847581319525877,0.6152418680474123,360.0,550.0,False,3760.0,0.0,0.9999999999999992,11,operational,568,0.2105263157894736
0.8922016054697826,0.1077983945302174,0.5968049285735688,0.4031950714264312,230.0,1180.0,False,3760.0,0.0,0.9999999999999992,00,operational,569,0.3333333333333333
0.8912237353467183,0.1087762646532817,0.5968049285735688,0.4031950714264312,230.0,1190.0,False,3760.0,0.0,0.9999999999999992,01,operational,569,0.3333333333333333
0.8827097591862461,0.1172902408137539,0.7342404167357561,0.2657595832642438,230.0,1180.0,False,3760.0,0.0,0.9999999999999992,10,operational,569,0.3333333333333333
0.8815637875576745,0.1184362124423255,0.7342404167357561,0.2657595832642438,230.0,1190.0,False,3760.0,0.0,0.9999999999999992,11,operational,569,0.3333333333333333
0.9066865649656356,0.0933134350343645,0.5977820334003561,0.4022179665996439,360.0,1010.0,False,3760.0,0.0,0.9999999999999992,00,operational,570,0.3333333333333333
0.9065486003070008,0.0934513996929991,0.5977820334003561,0.4022179665996439,360.0,1010.0,False,3760.0,0.0,0.9999999999999992,01,operational,570,0.3333333333333333
0.8949161970061398,0.1050838029938602,0.6713893571928979,0.328610642807102,360.0,1010.0,False,3760.0,0.0,0.9999999999999992,10,operational,570,0.3333333333333333
0.8946478505893254,0.1053521494106746,0.6713893571928979,0.328610642807102,360.0,1020.0,False,3760.0,0.0,0.9999999999999992,11,operational,570,0.3333333333333333
0.9395449833520984,0.0604550166479015,0.4407803303141148,0.5592196696858852,360.0,800.0,False,3760.0,0.0,0.9999999999999992,00,operational,571,0.2982456140350877
0.9367605410972312,0.0632394589027689,0.4407803303141148,0.5592196696858852,360.0,840.0,False,3760.0,0.0,0.9999999999999992,01,operational,571,0.2982456140350877
0.9364298977404002,0.0635701022595998,0.4470320711929987,0.5529679288070013,360.0,800.0,False,3760.0,0.0,0.9999999999999992,10,operational,571,0.2982456140350877
0.9331097334211402,0.0668902665788597,0.4470320711929987,0.5529679288070013,360.0,840.0,False,3760.0,0.0,0.9999999999999992,11,operational,571,0.2982456140350877
0.8338734560147479,0.166126543985252,0.5399127929680418,0.4600872070319581,360.0,1750.0,False,3760.0,0.0,0.9999999999999992,00,operational,572,0.4736842105263157
0.8280369389992388,0.1719630610007612,0.5399127929680418,0.4600872070319581,360.0,1810.0,False,3760.0,0.0,0.9999999999999992,01,operational,572,0.4736842105263157
0.8156647763420806,0.1843352236579194,0.5493571637539447,0.4506428362460553,360.0,1760.0,False,3760.0,0.0,0.9999999999999992,10,operational,572,0.4736842105263157
0.808735875898123,0.191264124101877,0.5493571637539447,0.4506428362460553,360.0,1820.0,False,3760.0,0.0,0.9999999999999992,11,operational,572,0.4736842105263157
0.8939692639694237,0.1060307360305763,0.5085710947609916,0.4914289052390084,360.0,1160.0,False,3760.0,0.0,0.9999999999999992,00,operational,573,0.3508771929824561
0.8932751977117964,0.1067248022882035,0.5085710947609916,0.4914289052390084,360.0,1170.0,False,3760.0,0.0,0.9999999999999992,01,operational,573,0.3508771929824561
0.8871636290693196,0.1128363709306804,0.5257831848091667,0.4742168151908332,360.0,1160.0,False,3760.0,0.0,0.9999999999999992,10,operational,573,0.3508771929824561
0.8862986059959874,0.1137013940040125,0.5257831848091667,0.4742168151908332,360.0,1170.0,False,3760.0,0.0,0.9999999999999992,11,operational,573,0.3508771929824561
0.8822544160739111,0.1177455839260889,0.5125788659976884,0.4874211340023116,360.0,1330.0,False,3760.0,0.0,0.9999999999999992,00,operational,574,0.4912280701754385
0.8784111979466658,0.1215888020533342,0.5125788659976884,0.4874211340023116,360.0,1370.0,False,3760.0,0.0,0.9999999999999992,01,operational,574,0.4912280701754385
0.8722510459240634,0.1277489540759365,0.5259017773542689,0.4740982226457311,360.0,1330.0,False,3760.0,0.0,0.9999999999999992,10,operational,574,0.4912280701754385
0.8676486829693693,0.1323513170306307,0.5259017773542689,0.4740982226457311,360.0,1380.0,False,3760.0,0.0,0.9999999999999992,11,operational,574,0.4912280701754385
0.8843195682447544,0.1156804317552455,0.6856069997335611,0.3143930002664389,270.0,1200.0,False,3760.0,0.0,0.9999999999999992,00,operational,575,0.3859649122807017
0.8829636996719368,0.1170363003280632,0.6856069997335611,0.3143930002664389,270.0,1220.0,False,3760.0,0.0,0.9999999999999992,01,operational,575,0.3859649122807017
0.8743971183975668,0.1256028816024331,0.7558885776231541,0.2441114223768458,270.0,1200.0,False,3760.0,0.0,0.9999999999999992,10,operational,575,0.3859649122807017
0.8724812406283832,0.1275187593716168,0.7558885776231541,0.2441114223768458,270.0,1230.0,False,3760.0,0.0,0.9999999999999992,11,operational,575,0.3859649122807017
0.9299699106150958,0.0700300893849041,0.4351475374546878,0.5648524625453122,360.0,910.0,False,3760.0,0.0,0.9999999999999992,00,operational,576,0.3157894736842105
0.9298396223406162,0.0701603776593837,0.4351475374546878,0.5648524625453122,360.0,910.0,False,3760.0,0.0,0.9999999999999992,01,operational,576,0.3157894736842105
0.9287830633305406,0.0712169366694593,0.436719523028419,0.563280476971581,360.0,910.0,False,3760.0,0.0,0.9999999999999992,10,operational,576,0.3157894736842105
0.9285773618218646,0.0714226381781354,0.436719523028419,0.563280476971581,360.0,910.0,False,3760.0,0.0,0.9999999999999992,11,operational,576,0.3157894736842105
0.9289550619478876,0.0710449380521123,0.4619053257293241,0.5380946742706759,360.0,870.0,False,3760.0,0.0,0.9999999999999992,00,operational,577,0.3333333333333333
0.9288373752008996,0.0711626247991003,0.4619053257293241,0.5380946742706759,360.0,870.0,False,3760.0,0.0,0.9999999999999992,01,operational,577,0.3333333333333333
0.9223078752412148,0.0776921247587852,0.4734490518097934,0.5265509481902065,360.0,870.0,False,3760.0,0.0,0.9999999999999992,10,operational,577,0.3333333333333333
0.922061214048398,0.0779387859516018,0.4734490518097934,0.5265509481902065,360.0,870.0,False,3760.0,0.0,0.9999999999999992,11,operational,577,0.3333333333333333
0.8766415715496477,0.1233584284503522,0.4960516102059724,0.5039483897940276,360.0,1330.0,False,3760.0,0.0,0.9999999999999992,00,operational,578,0.3859649122807017
0.8738338357032055,0.1261661642967945,0.4960516102059724,0.5039483897940276,360.0,1360.0,False,3760.0,0.0,0.9999999999999992,01,operational,578,0.3859649122807017
0.8675050714777799,0.1324949285222201,0.5012565931021395,0.4987434068978605,360.0,1330.0,False,3760.0,0.0,0.9999999999999992,10,operational,578,0.3859649122807017
0.8642010160533519,0.1357989839466481,0.5012565931021395,0.4987434068978605,360.0,1360.0,False,3760.0,0.0,0.9999999999999992,11,operational,578,0.3859649122807017
0.958179626217199,0.041820373782801,0.3292065184022216,0.6707934815977784,360.0,730.0,False,3760.0,0.0,0.9999999999999992,00,operational,579,0.3333333333333333
0.9571844454875136,0.0428155545124864,0.3292065184022216,0.6707934815977784,360.0,740.0,False,3760.0,0.0,0.9999999999999992,01,operational,579,0.3333333333333333
0.9494118079102208,0.0505881920897791,0.3984098171535313,0.6015901828464687,360.0,730.0,False,3760.0,0.0,0.9999999999999992,10,operational,579,0.3333333333333333
0.947980868466157,0.0520191315338429,0.3984098171535313,0.6015901828464687,360.0,740.0,False,3760.0,0.0,0.9999999999999992,11,operational,579,0.3333333333333333
0.842525731062678,0.1574742689373219,0.8686864501284848,0.1313135498715152,360.0,1400.0,False,3760.0,0.0,0.9999999999999992,00,operational,580,0.4035087719298245
0.8266281830148329,0.1733718169851671,0.8686864501284848,0.1313135498715152,360.0,1520.0,False,3760.0,0.0,0.9999999999999992,01,operational,580,0.4035087719298245
0.8233856285318647,0.1766143714681353,0.9615824130055282,0.0384175869944718,360.0,1400.0,False,3760.0,0.0,0.9999999999999992,10,operational,580,0.4035087719298245
0.8048298893047583,0.1951701106952417,0.9615824130055282,0.0384175869944718,360.0,1520.0,False,3760.0,0.0,0.9999999999999992,11,operational,580,0.4035087719298245
0.8891719856005346,0.1108280143994654,0.7019075063792877,0.2980924936207124,290.0,1180.0,False,3760.0,0.0,0.9999999999999992,00,operational,581,0.4385964912280701
0.8825646269895658,0.1174353730104341,0.7019075063792877,0.2980924936207124,290.0,1250.0,False,3760.0,0.0,0.9999999999999992,01,operational,581,0.4385964912280701
0.8776911476994695,0.1223088523005304,0.7975897689857183,0.2024102310142817,290.0,1190.0,False,3760.0,0.0,0.9999999999999992,10,operational,581,0.4385964912280701
0.8706477271629675,0.1293522728370325,0.7975897689857183,0.2024102310142817,290.0,1250.0,False,3760.0,0.0,0.9999999999999992,11,operational,581,0.4385964912280701
0.9384621879340768,0.0615378120659233,0.4463044019105421,0.5536955980894579,360.0,810.0,False,3760.0,0.0,0.9999999999999992,00,operational,582,0.2982456140350877
0.9384262994659184,0.0615737005340817,0.4463044019105421,0.5536955980894579,360.0,810.0,False,3760.0,0.0,0.9999999999999992,01,operational,582,0.2982456140350877
0.9335876801490928,0.0664123198509072,0.4592708707874886,0.5407291292125114,360.0,810.0,False,3760.0,0.0,0.9999999999999992,10,operational,582,0.2982456140350877
0.9334389675699392,0.0665610324300607,0.4592708707874886,0.5407291292125114,360.0,810.0,False,3760.0,0.0,0.9999999999999992,11,operational,582,0.2982456140350877
0.9575010529108212,0.0424989470891786,0.3676883017693062,0.6323116982306938,360.0,700.0,False,3760.0,0.0,0.9999999999999992,00,operational,583,0.3157894736842105
0.9575010529108212,0.0424989470891786,0.3676883017693062,0.6323116982306938,360.0,700.0,False,3760.0,0.0,0.9999999999999992,01,operational,583,0.3157894736842105
0.9542024384273566,0.0457975615726433,0.385104958307743,0.614895041692257,360.0,700.0,False,3760.0,0.0,0.9999999999999992,10,operational,583,0.3157894736842105
0.9542024384273566,0.0457975615726433,0.385104958307743,0.614895041692257,360.0,700.0,False,3760.0,0.0,0.9999999999999992,11,operational,583,0.3157894736842105
0.9541244317777988,0.045875568222201,0.3840159438871985,0.6159840561128015,360.0,680.0,False,3760.0,0.0,0.9999999999999992,00,operational,584,0.2807017543859649
0.9540141419700878,0.0459858580299121,0.3840159438871985,0.6159840561128015,360.0,690.0,False,3760.0,0.0,0.9999999999999992,01,operational,584,0.2807017543859649
0.9498333812285829,0.0501666187714172,0.4097941529107078,0.5902058470892921,360.0,690.0,False,3760.0,0.0,0.9999999999999992,10,operational,584,0.2807017543859649
0.9496731716616316,0.0503268283383684,0.4097941529107078,0.5902058470892921,360.0,690.0,False,3760.0,0.0,0.9999999999999992,11,operational,584,0.2807017543859649
0.960819844919628,0.0391801550803718,0.3261770707409955,0.6738229292590044,360.0,640.0,False,3760.0,0.0,0.9999999999999992,00,operational,585,0.2280701754385964
0.9606214584976012,0.0393785415023987,0.3261770707409955,0.6738229292590044,360.0,640.0,False,3760.0,0.0,0.9999999999999992,01,operational,585,0.2280701754385964
0.9551481860962524,0.0448518139037474,0.3645050434854148,0.6354949565145852,360.0,640.0,False,3760.0,0.0,0.9999999999999992,10,operational,585,0.2280701754385964
0.95480525750054,0.04519474249946,0.3645050434854148,0.6354949565145852,360.0,640.0,False,3760.0,0.0,0.9999999999999992,11,operational,585,0.2280701754385964
0.89626692805952,0.1037330719404799,0.7012081049200445,0.2987918950799555,360.0,1130.0,False,3760.0,0.0,0.9999999999999992,00,operational,586,0.3859649122807017
0.8960948128062369,0.103905187193763,0.7012081049200445,0.2987918950799555,360.0,1130.0,False,3760.0,0.0,0.9999999999999992,01,operational,586,0.3859649122807017
0.8784036368765312,0.1215963631234687,0.7999720580107071,0.2000279419892928,360.0,1130.0,False,3760.0,0.0,0.9999999999999992,10,operational,586,0.3859649122807017
0.878062800955294,0.121937199044706,0.7999720580107071,0.2000279419892928,360.0,1140.0,False,3760.0,0.0,0.9999999999999992,11,operational,586,0.3859649122807017
0.9224061386351736,0.0775938613648264,0.4917263882708201,0.5082736117291798,360.0,960.0,False,3760.0,0.0,0.9999999999999992,00,operational,587,0.4035087719298245
0.9220925082134408,0.0779074917865592,0.4917263882708201,0.5082736117291798,360.0,970.0,False,3760.0,0.0,0.9999999999999992,01,operational,587,0.4035087719298245
0.9160286843397636,0.0839713156602363,0.5105928513140136,0.4894071486859864,360.0,970.0,False,3760.0,0.0,0.9999999999999992,10,operational,587,0.4035087719298245
0.9155035009326749,0.0844964990673251,0.5105928513140136,0.4894071486859864,360.0,980.0,False,3760.0,0.0,0.9999999999999992,11,operational,587,0.4035087719298245
0.9332683487315238,0.0667316512684762,0.4551902057420822,0.5448097942579178,360.0,890.0,False,3760.0,0.0,0.9999999999999992,00,operational,588,0.3508771929824561
0.9318223875331918,0.0681776124668082,0.4551902057420822,0.5448097942579178,360.0,910.0,False,3760.0,0.0,0.9999999999999992,01,operational,588,0.3508771929824561
0.9286789147378764,0.0713210852621236,0.4714929442473434,0.5285070557526566,360.0,890.0,False,3760.0,0.0,0.9999999999999992,10,operational,588,0.3508771929824561
0.9267082134765732,0.0732917865234268,0.4714929442473434,0.5285070557526566,360.0,920.0,False,3760.0,0.0,0.9999999999999992,11,operational,588,0.3508771929824561
0.900745247757866,0.0992547522421339,0.534950257065732,0.465049742934268,360.0,1080.0,False,3760.0,0.0,0.9999999999999992,00,operational,589,0.3684210526315789
0.8950449938103568,0.1049550061896431,0.534950257065732,0.465049742934268,360.0,1130.0,False,3760.0,0.0,0.9999999999999992,01,operational,589,0.3684210526315789
0.8916721573675606,0.1083278426324394,0.5530044165218203,0.4469955834781797,360.0,1090.0,False,3760.0,0.0,0.9999999999999992,10,operational,589,0.3684210526315789
0.8855174516760833,0.1144825483239166,0.5530044165218203,0.4469955834781797,360.0,1140.0,False,3760.0,0.0,0.9999999999999992,11,operational,589,0.3684210526315789
0.9024754660012094,0.0975245339987905,0.518547431039787,0.481452568960213,230.0,1080.0,False,3760.0,0.0,0.9999999999999992,00,operational,590,0.3684210526315789
0.9001351541504975,0.0998648458495025,0.518547431039787,0.481452568960213,230.0,1110.0,False,3760.0,0.0,0.9999999999999992,01,operational,590,0.3684210526315789
0.8905983519861702,0.1094016480138297,0.7812394956242026,0.2187605043757974,230.0,1090.0,False,3760.0,0.0,0.9999999999999992,10,operational,590,0.3684210526315789
0.8880132066517853,0.1119867933482147,0.7812394956242026,0.2187605043757974,230.0,1120.0,False,3760.0,0.0,0.9999999999999992,11,operational,590,0.3684210526315789
0.9369345439337676,0.0630654560662323,0.4303451964141523,0.5696548035858476,360.0,840.0,False,3760.0,0.0,0.9999999999999992,00,operational,591,0.3157894736842105
0.934809202450095,0.0651907975499049,0.4303451964141523,0.5696548035858476,360.0,870.0,False,3760.0,0.0,0.9999999999999992,01,operational,591,0.3157894736842105
0.9322825740156264,0.0677174259843734,0.4398933345752027,0.5601066654247973,360.0,840.0,False,3760.0,0.0,0.9999999999999992,10,operational,591,0.3157894736842105
0.929801872594624,0.070198127405376,0.4398933345752027,0.5601066654247973,360.0,870.0,False,3760.0,0.0,0.9999999999999992,11,operational,591,0.3157894736842105
0.9104750818319004,0.0895249181680997,0.4919560888805743,0.5080439111194257,360.0,1160.0,False,3760.0,0.0,0.9999999999999992,00,operational,592,0.4210526315789473
0.9070596216062758,0.0929403783937241,0.4919560888805743,0.5080439111194257,360.0,1200.0,False,3760.0,0.0,0.9999999999999992,01,operational,592,0.4210526315789473
0.8941406685489827,0.1058593314510173,0.5266694323343716,0.4733305676656284,360.0,1160.0,False,3760.0,0.0,0.9999999999999992,10,operational,592,0.4210526315789473
0.8895841596955338,0.1104158403044661,0.5266694323343716,0.4733305676656284,360.0,1210.0,False,3760.0,0.0,0.9999999999999992,11,operational,592,0.4210526315789473
0.6917943931618951,0.3082056068381049,0.8928240797940772,0.1071759202059227,280.0,2580.0,False,3760.0,0.0,0.9999999999999992,00,operational,593,0.5263157894736842
0.6501451331956165,0.3498548668043835,0.8928240797940772,0.1071759202059227,280.0,2860.0,False,3760.0,0.0,0.9999999999999992,01,operational,593,0.5263157894736842
0.6737713028219223,0.3262286971780777,0.9712762183027556,0.0287237816972443,280.0,2580.0,False,3760.0,0.0,0.9999999999999992,10,operational,593,0.5263157894736842
0.6309636653553528,0.3690363346446472,0.9712762183027556,0.0287237816972443,280.0,2860.0,False,3760.0,0.0,0.9999999999999992,11,operational,593,0.5263157894736842
0.8633729692312868,0.1366270307687132,0.7008387639169458,0.2991612360830542,360.0,1270.0,False,3760.0,0.0,0.9999999999999992,00,operational,594,0.3859649122807017
0.8547109887671712,0.1452890112328287,0.7008387639169458,0.2991612360830542,360.0,1340.0,False,3760.0,0.0,0.9999999999999992,01,operational,594,0.3859649122807017
0.8536728806661334,0.1463271193338665,0.7572119442050904,0.2427880557949095,360.0,1270.0,False,3760.0,0.0,0.9999999999999992,10,operational,594,0.3859649122807017
0.8438055983443878,0.1561944016556121,0.7572119442050904,0.2427880557949095,360.0,1350.0,False,3760.0,0.0,0.9999999999999992,11,operational,594,0.3859649122807017
0.943410934738202,0.0565890652617979,0.3853342672740449,0.614665732725955,360.0,900.0,False,3760.0,0.0,0.9999999999999992,00,operational,595,0.3157894736842105
0.9390862806969256,0.0609137193030744,0.3853342672740449,0.614665732725955,360.0,960.0,False,3760.0,0.0,0.9999999999999992,01,operational,595,0.3157894736842105
0.9288398562234658,0.0711601437765342,0.4557652128253118,0.5442347871746882,360.0,900.0,False,3760.0,0.0,0.9999999999999992,10,operational,595,0.3157894736842105
0.9227253234580288,0.077274676541971,0.4557652128253118,0.5442347871746882,360.0,970.0,False,3760.0,0.0,0.9999999999999992,11,operational,595,0.3157894736842105
0.7594338791737587,0.2405661208262413,0.8148733853295248,0.1851266146704752,360.0,1940.0,False,3760.0,0.0,0.9999999999999992,00,operational,596,0.4385964912280701
0.7585885776397558,0.2414114223602441,0.8148733853295248,0.1851266146704752,360.0,1950.0,False,3760.0,0.0,0.9999999999999992,01,operational,596,0.4385964912280701
0.7353620114446139,0.2646379885553861,0.8616011685494481,0.1383988314505518,360.0,1950.0,False,3760.0,0.0,0.9999999999999992,10,operational,596,0.4385964912280701
0.7341415769935763,0.2658584230064237,0.8616011685494481,0.1383988314505518,360.0,1960.0,False,3760.0,0.0,0.9999999999999992,11,operational,596,0.4385964912280701
0.863354580038527,0.1366454199614729,0.6281380126072553,0.3718619873927447,360.0,1420.0,False,3760.0,0.0,0.9999999999999992,00,operational,597,0.4385964912280701
0.8620448970950313,0.1379551029049687,0.6281380126072553,0.3718619873927447,360.0,1430.0,False,3760.0,0.0,0.9999999999999992,01,operational,597,0.4385964912280701
0.8500206947007735,0.1499793052992265,0.6496826882561868,0.3503173117438132,360.0,1430.0,False,3760.0,0.0,0.9999999999999992,10,operational,597,0.4385964912280701
0.8483996240458598,0.1516003759541402,0.6496826882561868,0.3503173117438132,360.0,1440.0,False,3760.0,0.0,0.9999999999999992,11,operational,597,0.4385964912280701
0.8596162903626983,0.1403837096373017,0.6551799400027771,0.3448200599972228,360.0,1390.0,False,3760.0,0.0,0.9999999999999992,00,operational,598,0.4035087719298245
0.8510988275215201,0.1489011724784799,0.6551799400027771,0.3448200599972228,360.0,1470.0,False,3760.0,0.0,0.9999999999999992,01,operational,598,0.4035087719298245
0.8465503090878662,0.1534496909121337,0.712046360945646,0.2879536390543539,360.0,1390.0,False,3760.0,0.0,0.9999999999999992,10,operational,598,0.4035087719298245
0.8373146875049253,0.1626853124950746,0.712046360945646,0.2879536390543539,360.0,1470.0,False,3760.0,0.0,0.9999999999999992,11,operational,598,0.4035087719298245
0.912279448531667,0.087720551468333,0.7654362115590628,0.2345637884409372,360.0,1010.0,False,3760.0,0.0,0.9999999999999992,00,operational,599,0.4035087719298245
0.9035612691523622,0.0964387308476377,0.7654362115590628,0.2345637884409372,360.0,1120.0,False,3760.0,0.0,0.9999999999999992,01,operational,599,0.4035087719298245
0.9017641580574618,0.0982358419425382,0.8976595937453828,0.1023404062546171,360.0,1010.0,False,3760.0,0.0,0.9999999999999992,10,operational,599,0.4035087719298245
0.8921162800070593,0.1078837199929406,0.8976595937453828,0.1023404062546171,360.0,1120.0,False,3760.0,0.0,0.9999999999999992,11,operational,599,0.4035087719298245
0.8589560170933093,0.1410439829066907,0.6219302210275927,0.3780697789724073,360.0,1360.0,False,3760.0,0.0,0.9999999999999992,00,operational,600,0.3859649122807017
0.8492661530162209,0.1507338469837791,0.6219302210275927,0.3780697789724073,360.0,1440.0,False,3760.0,0.0,0.9999999999999992,01,operational,600,0.3859649122807017
0.8484444759945295,0.1515555240054704,0.6410922868480025,0.3589077131519976,360.0,1370.0,False,3760.0,0.0,0.9999999999999992,10,operational,600,0.3859649122807017
0.8375726638054227,0.1624273361945772,0.6410922868480025,0.3589077131519976,360.0,1450.0,False,3760.0,0.0,0.9999999999999992,11,operational,600,0.3859649122807017
0.9784075176412248,0.0215924823587752,0.2699615218207345,0.7300384781792655,360.0,460.0,False,3760.0,0.0,0.9999999999999992,00,operational,601,0.2456140350877192
0.9784075176412248,0.0215924823587752,0.2699615218207345,0.7300384781792655,360.0,460.0,False,3760.0,0.0,0.9999999999999992,01,operational,601,0.2456140350877192
0.9759510330796484,0.0240489669203515,0.2987908990744766,0.7012091009255234,360.0,460.0,False,3760.0,0.0,0.9999999999999992,10,operational,601,0.2456140350877192
0.9759510330796484,0.0240489669203515,0.2987908990744766,0.7012091009255234,360.0,460.0,False,3760.0,0.0,0.9999999999999992,11,operational,601,0.2456140350877192
0.9611498633879348,0.0388501366120651,0.3729176017389076,0.6270823982610924,360.0,640.0,False,3760.0,0.0,0.9999999999999992,00,operational,602,0.2982456140350877
0.9610428697868548,0.0389571302131452,0.3729176017389076,0.6270823982610924,360.0,640.0,False,3760.0,0.0,0.9999999999999992,01,operational,602,0.2982456140350877
0.9601469079158068,0.039853092084193,0.3757256223796742,0.6242743776203258,360.0,640.0,False,3760.0,0.0,0.9999999999999992,10,operational,602,0.2982456140350877
0.9600089890934048,0.0399910109065951,0.3757256223796742,0.6242743776203258,360.0,640.0,False,3760.0,0.0,0.9999999999999992,11,operational,602,0.2982456140350877
0.9222623758044236,0.0777376241955762,0.603553659007948,0.396446340992052,360.0,940.0,False,3760.0,0.0,0.9999999999999992,00,operational,603,0.3157894736842105
0.90239256125797,0.0976074387420299,0.603553659007948,0.396446340992052,360.0,1130.0,False,3760.0,0.0,0.9999999999999992,01,operational,603,0.3157894736842105
0.9077649750419532,0.0922350249580468,0.7216675181071245,0.2783324818928755,360.0,940.0,False,3760.0,0.0,0.9999999999999992,10,operational,603,0.3157894736842105
0.884518332179405,0.1154816678205949,0.7216675181071245,0.2783324818928755,360.0,1140.0,False,3760.0,0.0,0.9999999999999992,11,operational,603,0.3157894736842105
0.8949175934574273,0.1050824065425727,0.5096867431372862,0.4903132568627138,360.0,1160.0,False,3760.0,0.0,0.9999999999999992,00,operational,604,0.3684210526315789
0.8894473503638477,0.1105526496361523,0.5096867431372862,0.4903132568627138,360.0,1340.0,False,3760.0,0.0,0.9999999999999992,01,operational,604,0.3684210526315789
0.8776449574200214,0.1223550425799786,0.5439568650038222,0.4560431349961778,360.0,1160.0,False,3760.0,0.0,0.9999999999999992,10,operational,604,0.3684210526315789
0.8731245698688374,0.1268754301311626,0.5439568650038222,0.4560431349961778,360.0,1340.0,False,3760.0,0.0,0.9999999999999992,11,operational,604,0.3684210526315789
0.965953223131639,0.0340467768683609,0.3370923893041261,0.6629076106958739,360.0,640.0,False,3760.0,0.0,0.9999999999999992,00,operational,605,0.3508771929824561
0.9656670532942624,0.0343329467057376,0.3370923893041261,0.6629076106958739,360.0,640.0,False,3760.0,0.0,0.9999999999999992,01,operational,605,0.3508771929824561
0.9589563032429648,0.0410436967570353,0.3900231755238955,0.6099768244761045,360.0,640.0,False,3760.0,0.0,0.9999999999999992,10,operational,605,0.3508771929824561
0.9584335476386832,0.0415664523613168,0.3900231755238955,0.6099768244761045,360.0,650.0,False,3760.0,0.0,0.9999999999999992,11,operational,605,0.3508771929824561
0.9108132111445832,0.0891867888554167,0.8356507624435354,0.1643492375564646,360.0,940.0,False,3760.0,0.0,0.9999999999999992,00,operational,606,0.3684210526315789
0.8908933469335036,0.1091066530664963,0.8356507624435354,0.1643492375564646,360.0,1090.0,False,3760.0,0.0,0.9999999999999992,01,operational,606,0.3684210526315789
0.8991014421372964,0.1008985578627036,0.9614656202657887,0.0385343797342112,360.0,940.0,False,3760.0,0.0,0.9999999999999992,10,operational,606,0.3684210526315789
0.8769327365872887,0.1230672634127113,0.9614656202657887,0.0385343797342112,360.0,1090.0,False,3760.0,0.0,0.9999999999999992,11,operational,606,0.3684210526315789
0.8095451327551152,0.1904548672448848,0.7448118243558184,0.2551881756441816,360.0,1660.0,False,3760.0,0.0,0.9999999999999992,00,operational,607,0.4385964912280701
0.7907454981796487,0.2092545018203513,0.7448118243558184,0.2551881756441816,360.0,1810.0,False,3760.0,0.0,0.9999999999999992,01,operational,607,0.4385964912280701
0.792472960940715,0.207527039059285,0.7712461824632277,0.2287538175367722,360.0,1660.0,False,3760.0,0.0,0.9999999999999992,10,operational,607,0.4385964912280701
0.7715819615383639,0.2284180384616361,0.7712461824632277,0.2287538175367722,360.0,1810.0,False,3760.0,0.0,0.9999999999999992,11,operational,607,0.4385964912280701
0.9238208086473778,0.0761791913526221,0.4117557191639506,0.5882442808360494,360.0,1070.0,False,3760.0,0.0,0.9999999999999992,00,operational,608,0.4035087719298245
0.921294970248928,0.0787050297510719,0.4117557191639506,0.5882442808360494,360.0,1100.0,False,3760.0,0.0,0.9999999999999992,01,operational,608,0.4035087719298245
0.9175496429672146,0.0824503570327853,0.4318450730128024,0.5681549269871976,360.0,1070.0,False,3760.0,0.0,0.9999999999999992,10,operational,608,0.4035087719298245
0.9145332739504144,0.0854667260495855,0.4318450730128024,0.5681549269871976,360.0,1110.0,False,3760.0,0.0,0.9999999999999992,11,operational,608,0.4035087719298245
0.9344641898944688,0.0655358101055312,0.4403032192007258,0.5596967807992742,360.0,900.0,False,3760.0,0.0,0.9999999999999992,00,operational,609,0.3333333333333333
0.9304788939029908,0.0695211060970092,0.4403032192007258,0.5596967807992742,360.0,950.0,False,3760.0,0.0,0.9999999999999992,01,operational,609,0.3333333333333333
0.9242641568992076,0.0757358431007924,0.4619840160792996,0.5380159839207004,360.0,910.0,False,3760.0,0.0,0.9999999999999992,10,operational,609,0.3333333333333333
0.9194755793870992,0.0805244206129007,0.4619840160792996,0.5380159839207004,360.0,960.0,False,3760.0,0.0,0.9999999999999992,11,operational,609,0.3333333333333333
0.8775660739355655,0.1224339260644344,0.5304809312139851,0.4695190687860149,360.0,1300.0,False,3760.0,0.0,0.9999999999999992,00,operational,610,0.4385964912280701
0.874895505345507,0.125104494654493,0.5304809312139851,0.4695190687860149,360.0,1320.0,False,3760.0,0.0,0.9999999999999992,01,operational,610,0.4385964912280701
0.8735419272191937,0.1264580727808063,0.5380724761592719,0.461927523840728,360.0,1300.0,False,3760.0,0.0,0.9999999999999992,10,operational,610,0.4385964912280701
0.8701962788057592,0.1298037211942407,0.5380724761592719,0.461927523840728,360.0,1330.0,False,3760.0,0.0,0.9999999999999992,11,operational,610,0.4385964912280701
0.8425097591363021,0.1574902408636979,0.8464049721578271,0.1535950278421728,360.0,1500.0,False,3760.0,0.0,0.9999999999999992,00,operational,611,0.4561403508771929
0.8353353591869975,0.1646646408130024,0.8464049721578271,0.1535950278421728,360.0,1550.0,False,3760.0,0.0,0.9999999999999992,01,operational,611,0.4561403508771929
0.8323253213198061,0.1676746786801939,0.8903060283137514,0.1096939716862486,360.0,1510.0,False,3760.0,0.0,0.9999999999999992,10,operational,611,0.4561403508771929
0.8246776403694162,0.1753223596305838,0.8903060283137514,0.1096939716862486,360.0,1560.0,False,3760.0,0.0,0.9999999999999992,11,operational,611,0.4561403508771929
0.971289398574006,0.028710601425994,0.3282671288473199,0.6717328711526801,360.0,470.0,False,3760.0,0.0,0.9999999999999992,00,operational,612,0.2280701754385964
0.971289398574006,0.028710601425994,0.3282671288473199,0.6717328711526801,360.0,470.0,False,3760.0,0.0,0.9999999999999992,01,operational,612,0.2280701754385964
0.969767027341263,0.030232972658737,0.3514086216467363,0.6485913783532636,360.0,470.0,False,3760.0,0.0,0.9999999999999992,10,operational,612,0.2280701754385964
0.969767027341263,0.030232972658737,0.3514086216467363,0.6485913783532636,360.0,470.0,False,3760.0,0.0,0.9999999999999992,11,operational,612,0.2280701754385964
0.970870898706592,0.0291291012934079,0.3317431759491779,0.6682568240508221,360.0,480.0,False,3760.0,0.0,0.9999999999999992,00,operational,613,0.2105263157894736
0.9696498678599026,0.0303501321400974,0.3317431759491779,0.6682568240508221,360.0,500.0,False,3760.0,0.0,0.9999999999999992,01,operational,613,0.2105263157894736
0.9682361804962876,0.0317638195037124,0.3704362590852516,0.6295637409147484,360.0,480.0,False,3760.0,0.0,0.9999999999999992,10,operational,613,0.2105263157894736
0.9667437541611128,0.033256245838887,0.3704362590852516,0.6295637409147484,360.0,500.0,False,3760.0,0.0,0.9999999999999992,11,operational,613,0.2105263157894736
0.8787906966184642,0.1212093033815358,0.6117576880183084,0.3882423119816916,360.0,1280.0,False,3760.0,0.0,0.9999999999999992,00,operational,614,0.4035087719298245
0.8784301402884408,0.1215698597115592,0.6117576880183084,0.3882423119816916,360.0,1290.0,False,3760.0,0.0,0.9999999999999992,01,operational,614,0.4035087719298245
0.8675557871268295,0.1324442128731705,0.663641930068999,0.336358069931001,360.0,1280.0,False,3760.0,0.0,0.9999999999999992,10,operational,614,0.4035087719298245
0.8669102765233883,0.1330897234766117,0.663641930068999,0.336358069931001,360.0,1290.0,False,3760.0,0.0,0.9999999999999992,11,operational,614,0.4035087719298245
0.9022770953734144,0.0977229046265855,0.6054425371555376,0.3945574628444623,360.0,1080.0,False,3760.0,0.0,0.9999999999999992,00,operational,615,0.3157894736842105
0.896329809884666,0.1036701901153339,0.6054425371555376,0.3945574628444623,360.0,1140.0,False,3760.0,0.0,0.9999999999999992,01,operational,615,0.3157894736842105
0.8867534086380839,0.113246591361916,0.6500812420953221,0.3499187579046779,360.0,1090.0,False,3760.0,0.0,0.9999999999999992,10,operational,615,0.3157894736842105
0.8795584883716827,0.1204415116283172,0.6500812420953221,0.3499187579046779,360.0,1160.0,False,3760.0,0.0,0.9999999999999992,11,operational,615,0.3157894736842105
0.8723675574240425,0.1276324425759575,0.5082317257936443,0.4917682742063557,360.0,1360.0,False,3760.0,0.0,0.9999999999999992,00,operational,616,0.4035087719298245
0.8535423105142349,0.1464576894857651,0.5082317257936443,0.4917682742063557,360.0,1510.0,False,3760.0,0.0,0.9999999999999992,01,operational,616,0.4035087719298245
0.8628871887064908,0.1371128112935091,0.5157376094229282,0.4842623905770718,360.0,1360.0,False,3760.0,0.0,0.9999999999999992,10,operational,616,0.4035087719298245
0.843228210746056,0.1567717892539439,0.5157376094229282,0.4842623905770718,360.0,1510.0,False,3760.0,0.0,0.9999999999999992,11,operational,616,0.4035087719298245
0.9207832310150366,0.0792167689849634,0.4556285647099921,0.5443714352900079,360.0,950.0,False,3760.0,0.0,0.9999999999999992,00,operational,617,0.3333333333333333
0.9205439249909402,0.0794560750090598,0.4556285647099921,0.5443714352900079,360.0,950.0,False,3760.0,0.0,0.9999999999999992,01,operational,617,0.3333333333333333
0.9158144017288744,0.0841855982711254,0.4651846106891805,0.5348153893108195,360.0,950.0,False,3760.0,0.0,0.9999999999999992,10,operational,617,0.3333333333333333
0.9153641176379144,0.0846358823620855,0.4651846106891805,0.5348153893108195,360.0,950.0,False,3760.0,0.0,0.9999999999999992,11,operational,617,0.3333333333333333
0.9486218029114096,0.0513781970885902,0.4373361451665358,0.5626638548334641,360.0,750.0,False,3760.0,0.0,0.9999999999999992,00,operational,618,0.3508771929824561
0.9473304621238854,0.0526695378761146,0.4373361451665358,0.5626638548334641,360.0,760.0,False,3760.0,0.0,0.9999999999999992,01,operational,618,0.3508771929824561
0.9431139377157894,0.0568860622842105,0.4590655525777761,0.5409344474222239,360.0,750.0,False,3760.0,0.0,0.9999999999999992,10,operational,618,0.3508771929824561
0.9412988308778404,0.0587011691221596,0.4590655525777761,0.5409344474222239,360.0,770.0,False,3760.0,0.0,0.9999999999999992,11,operational,618,0.3508771929824561
0.8608401392866396,0.1391598607133604,0.7239887788463826,0.2760112211536173,360.0,1370.0,False,3760.0,0.0,0.9999999999999992,00,operational,619,0.4035087719298245
0.8364182148782028,0.1635817851217972,0.7239887788463826,0.2760112211536173,360.0,1550.0,False,3760.0,0.0,0.9999999999999992,01,operational,619,0.4035087719298245
0.8454325818639458,0.1545674181360542,0.7703351315915818,0.2296648684084181,360.0,1370.0,False,3760.0,0.0,0.9999999999999992,10,operational,619,0.4035087719298245
0.8182298950987604,0.1817701049012395,0.7703351315915818,0.2296648684084181,360.0,1560.0,False,3760.0,0.0,0.9999999999999992,11,operational,619,0.4035087719298245
0.6591115012017844,0.3408884987982156,0.7800451560445776,0.2199548439554223,360.0,2730.0,False,3760.0,0.0,0.9999999999999992,00,operational,620,0.5789473684210527
0.5522504234801526,0.4477495765198473,0.7800451560445776,0.2199548439554223,360.0,3180.0,False,3760.0,0.0,0.9999999999999988,01,operational,620,0.5789473684210527
0.6458676765391033,0.3541323234608967,0.7945773319532767,0.2054226680467232,360.0,2730.0,False,3760.0,0.0,0.9999999999999992,10,operational,620,0.5789473684210527
0.5332819072845751,0.4667180927154248,0.7945773319532767,0.2054226680467232,360.0,3180.0,False,3760.0,0.0,0.9999999999999988,11,operational,620,0.5789473684210527
0.7983929249594485,0.2016070750405515,0.6438836518535964,0.3561163481464036,360.0,1880.0,False,3760.0,0.0,0.9999999999999992,00,operational,621,0.5263157894736842
0.7753299016790359,0.224670098320964,0.6438836518535964,0.3561163481464036,360.0,2030.0,False,3760.0,0.0,0.9999999999999992,01,operational,621,0.5263157894736842
0.7732519077078157,0.2267480922921843,0.6962040289715986,0.3037959710284014,360.0,1880.0,False,3760.0,0.0,0.9999999999999992,10,operational,621,0.5263157894736842
0.7465548163411131,0.2534451836588869,0.6962040289715986,0.3037959710284014,360.0,2030.0,False,3760.0,0.0,0.9999999999999992,11,operational,621,0.5263157894736842
0.9449797046751536,0.0550202953248463,0.4338270394513849,0.5661729605486151,360.0,750.0,False,3760.0,0.0,0.9999999999999992,00,operational,622,0.2807017543859649
0.9448719360081786,0.0551280639918213,0.4338270394513849,0.5661729605486151,360.0,750.0,False,3760.0,0.0,0.9999999999999992,01,operational,622,0.2807017543859649
0.939739122286869,0.060260877713131,0.4750352585472145,0.5249647414527855,360.0,750.0,False,3760.0,0.0,0.9999999999999992,10,operational,622,0.2807017543859649
0.9394775835887506,0.0605224164112494,0.4750352585472145,0.5249647414527855,360.0,750.0,False,3760.0,0.0,0.9999999999999992,11,operational,622,0.2807017543859649
0.8838626875170289,0.1161373124829711,0.7481757610560762,0.2518242389439237,360.0,1310.0,False,3760.0,0.0,0.9999999999999992,00,operational,623,0.4736842105263157
0.8814168267087467,0.1185831732912533,0.7481757610560762,0.2518242389439237,360.0,1340.0,False,3760.0,0.0,0.9999999999999992,01,operational,623,0.4736842105263157
0.8643455901714956,0.1356544098285044,0.8446203485156932,0.1553796514843068,360.0,1310.0,False,3760.0,0.0,0.9999999999999992,10,operational,623,0.4736842105263157
0.8612519645482528,0.1387480354517472,0.8446203485156932,0.1553796514843068,360.0,1340.0,False,3760.0,0.0,0.9999999999999992,11,operational,623,0.4736842105263157
0.9070795027804982,0.0929204972195018,0.4572271796309604,0.5427728203690396,360.0,1140.0,False,3760.0,0.0,0.9999999999999992,00,operational,624,0.3859649122807017
0.9070303108126266,0.0929696891873733,0.4572271796309604,0.5427728203690396,360.0,1140.0,False,3760.0,0.0,0.9999999999999992,01,operational,624,0.3859649122807017
0.9009490512201428,0.0990509487798572,0.4851571008207699,0.5148428991792301,360.0,1140.0,False,3760.0,0.0,0.9999999999999992,10,operational,624,0.3859649122807017
0.9007869518115884,0.0992130481884117,0.4851571008207699,0.5148428991792301,360.0,1140.0,False,3760.0,0.0,0.9999999999999992,11,operational,624,0.3859649122807017
0.8756564129280912,0.1243435870719088,0.6590539007778677,0.3409460992221323,360.0,1290.0,False,3760.0,0.0,0.9999999999999992,00,operational,625,0.4210526315789473
0.8657512217323908,0.1342487782676091,0.6590539007778677,0.3409460992221323,360.0,1360.0,False,3760.0,0.0,0.9999999999999992,01,operational,625,0.4210526315789473
0.8623781676052485,0.1376218323947514,0.7044545202833601,0.2955454797166398,360.0,1290.0,False,3760.0,0.0,0.9999999999999992,10,operational,625,0.4210526315789473
0.8512451780481849,0.1487548219518151,0.7044545202833601,0.2955454797166398,360.0,1370.0,False,3760.0,0.0,0.9999999999999992,11,operational,625,0.4210526315789473
0.8938112076389332,0.1061887923610668,0.8152705434089955,0.1847294565910045,280.0,1140.0,False,3760.0,0.0,0.9999999999999992,00,operational,626,0.4210526315789473
0.8721729843732697,0.1278270156267302,0.8152705434089955,0.1847294565910045,280.0,1310.0,False,3760.0,0.0,0.9999999999999992,01,operational,626,0.4210526315789473
0.8836339943828733,0.1163660056171267,0.896566977328705,0.1034330226712949,360.0,1140.0,False,3760.0,0.0,0.9999999999999992,10,operational,626,0.4210526315789473
0.859574342201274,0.1404256577987259,0.896566977328705,0.1034330226712949,360.0,1310.0,False,3760.0,0.0,0.9999999999999992,11,operational,626,0.4210526315789473
0.9202268330635855,0.0797731669364144,0.481507086479352,0.518492913520648,360.0,1010.0,False,3760.0,0.0,0.9999999999999992,00,operational,627,0.4561403508771929
0.9169035266273274,0.0830964733726725,0.481507086479352,0.518492913520648,360.0,1050.0,False,3760.0,0.0,0.9999999999999992,01,operational,627,0.4561403508771929
0.9124710935856064,0.0875289064143934,0.5009217681844185,0.4990782318155816,360.0,1010.0,False,3760.0,0.0,0.9999999999999992,10,operational,627,0.4561403508771929
0.9084660115362384,0.0915339884637617,0.5009217681844185,0.4990782318155816,360.0,1050.0,False,3760.0,0.0,0.9999999999999992,11,operational,627,0.4561403508771929
0.9559151371753568,0.044084862824643,0.383042485353003,0.616957514646997,360.0,700.0,False,3760.0,0.0,0.9999999999999992,00,operational,628,0.2631578947368421
0.9544734663050608,0.0455265336949392,0.383042485353003,0.616957514646997,360.0,710.0,False,3760.0,0.0,0.9999999999999992,01,operational,628,0.2631578947368421
0.9485130608882606,0.0514869391117394,0.4121031290119562,0.5878968709880438,360.0,700.0,False,3760.0,0.0,0.9999999999999992,10,operational,628,0.2631578947368421
0.9464967754299646,0.0535032245700354,0.4121031290119562,0.5878968709880438,360.0,730.0,False,3760.0,0.0,0.9999999999999992,11,operational,628,0.2631578947368421
0.8228501897352687,0.1771498102647313,0.7035868208145722,0.2964131791854277,360.0,1650.0,False,3760.0,0.0,0.9999999999999992,00,operational,629,0.4561403508771929
0.8032785854956102,0.1967214145043898,0.7035868208145722,0.2964131791854277,360.0,1820.0,False,3760.0,0.0,0.9999999999999992,01,operational,629,0.4561403508771929
0.8016444377309925,0.1983555622690075,0.7566779225936768,0.2433220774063231,360.0,1650.0,False,3760.0,0.0,0.9999999999999992,10,operational,629,0.4561403508771929
0.7805901691476331,0.2194098308523668,0.7566779225936768,0.2433220774063231,360.0,1830.0,False,3760.0,0.0,0.9999999999999992,11,operational,629,0.4561403508771929
0.96419668722285,0.0358033127771499,0.3471311582555545,0.6528688417444455,360.0,600.0,False,3760.0,0.0,0.9999999999999992,00,operational,630,0.2456140350877192
0.96419668722285,0.0358033127771499,0.3471311582555545,0.6528688417444455,360.0,600.0,False,3760.0,0.0,0.9999999999999992,01,operational,630,0.2456140350877192
0.96419668722285,0.0358033127771499,0.3471311582555545,0.6528688417444455,360.0,600.0,False,3760.0,0.0,0.9999999999999992,10,operational,630,0.2456140350877192
0.96419668722285,0.0358033127771499,0.3471311582555545,0.6528688417444455,360.0,600.0,False,3760.0,0.0,0.9999999999999992,11,operational,630,0.2456140350877192
0.8555986688423904,0.1444013311576095,0.5373322691455509,0.4626677308544491,360.0,1450.0,False,3760.0,0.0,0.9999999999999992,00,operational,631,0.3859649122807017
0.8519083533843593,0.1480916466156406,0.5373322691455509,0.4626677308544491,360.0,1490.0,False,3760.0,0.0,0.9999999999999992,01,operational,631,0.3859649122807017
0.8429324084692944,0.1570675915307056,0.5583584645662322,0.4416415354337678,360.0,1450.0,False,3760.0,0.0,0.9999999999999992,10,operational,631,0.3859649122807017
0.8380662020050214,0.1619337979949786,0.5583584645662322,0.4416415354337678,360.0,1500.0,False,3760.0,0.0,0.9999999999999992,11,operational,631,0.3859649122807017
0.8438480306672205,0.1561519693327795,0.7385004162051771,0.2614995837948228,360.0,1400.0,False,3760.0,0.0,0.9999999999999992,00,operational,632,0.3508771929824561
0.8302146895093834,0.1697853104906166,0.7385004162051771,0.2614995837948228,360.0,1510.0,False,3760.0,0.0,0.9999999999999992,01,operational,632,0.3508771929824561
0.8252256787796507,0.1747743212203493,0.8036066256901149,0.1963933743098851,360.0,1410.0,False,3760.0,0.0,0.9999999999999992,10,operational,632,0.3508771929824561
0.8094465586622467,0.1905534413377533,0.8036066256901149,0.1963933743098851,360.0,1520.0,False,3760.0,0.0,0.9999999999999992,11,operational,632,0.3508771929824561
0.9672853139001036,0.0327146860998962,0.3624852842690936,0.6375147157309063,360.0,520.0,False,3760.0,0.0,0.9999999999999992,00,operational,633,0.2456140350877192
0.9663630556365914,0.0336369443634085,0.3624852842690936,0.6375147157309063,360.0,530.0,False,3760.0,0.0,0.9999999999999992,01,operational,633,0.2456140350877192
0.9621412121922052,0.0378587878077947,0.4189131663930471,0.5810868336069529,360.0,520.0,False,3760.0,0.0,0.9999999999999992,10,operational,633,0.2456140350877192
0.9607806009754796,0.0392193990245203,0.4189131663930471,0.5810868336069529,360.0,540.0,False,3760.0,0.0,0.9999999999999992,11,operational,633,0.2456140350877192
0.9149135717928114,0.0850864282071885,0.464442787996333,0.535557212003667,360.0,1110.0,False,3760.0,0.0,0.9999999999999992,00,operational,634,0.4736842105263157
0.9144608121762536,0.0855391878237463,0.464442787996333,0.535557212003667,360.0,1120.0,False,3760.0,0.0,0.9999999999999992,01,operational,634,0.4736842105263157
0.9024607341454082,0.0975392658545918,0.5021621864581567,0.4978378135418433,360.0,1110.0,False,3760.0,0.0,0.9999999999999992,10,operational,634,0.4736842105263157
0.9016291287237824,0.0983708712762176,0.5021621864581567,0.4978378135418433,360.0,1120.0,False,3760.0,0.0,0.9999999999999992,11,operational,634,0.4736842105263157
0.9266144186172623,0.0733855813827376,0.6553699180250869,0.3446300819749131,360.0,890.0,False,3760.0,0.0,0.9999999999999992,00,operational,635,0.3333333333333333
0.9265862178140496,0.0734137821859505,0.6553699180250869,0.3446300819749131,360.0,890.0,False,3760.0,0.0,0.9999999999999992,01,operational,635,0.3333333333333333
0.9097753283791236,0.0902246716208763,0.7864006480990747,0.2135993519009253,360.0,890.0,False,3760.0,0.0,0.9999999999999992,10,operational,635,0.3333333333333333
0.9096299284130508,0.0903700715869492,0.7864006480990747,0.2135993519009253,360.0,890.0,False,3760.0,0.0,0.9999999999999992,11,operational,635,0.3333333333333333
0.8740158787341218,0.1259841212658782,0.8156462395781269,0.1843537604218731,360.0,1280.0,False,3760.0,0.0,0.9999999999999992,00,operational,636,0.4385964912280701
0.8591968255599861,0.1408031744400139,0.8156462395781269,0.1843537604218731,360.0,1370.0,False,3760.0,0.0,0.9999999999999992,01,operational,636,0.4385964912280701
0.8591890748791595,0.1408109251208404,0.9114061491876632,0.0885938508123368,360.0,1280.0,False,3760.0,0.0,0.9999999999999992,10,operational,636,0.4385964912280701
0.841572764978107,0.158427235021893,0.9114061491876632,0.0885938508123368,360.0,1380.0,False,3760.0,0.0,0.9999999999999992,11,operational,636,0.4385964912280701
0.8726548097381495,0.1273451902618505,0.6877061138459772,0.3122938861540227,280.0,1290.0,False,3760.0,0.0,0.9999999999999992,00,operational,637,0.3859649122807017
0.8725319984931695,0.1274680015068304,0.6877061138459772,0.3122938861540227,280.0,1290.0,False,3760.0,0.0,0.9999999999999992,01,operational,637,0.3859649122807017
0.8520619896356102,0.1479380103643898,0.8041003635930896,0.1958996364069104,280.0,1290.0,False,3760.0,0.0,0.9999999999999992,10,operational,637,0.3859649122807017
0.8517076734200844,0.1482923265799156,0.8041003635930896,0.1958996364069104,280.0,1300.0,False,3760.0,0.0,0.9999999999999992,11,operational,637,0.3859649122807017
0.928525012512484,0.071474987487516,0.4344991901148675,0.5655008098851325,360.0,860.0,False,3760.0,0.0,0.9999999999999992,00,operational,638,0.2631578947368421
0.9284248197413996,0.0715751802586005,0.4344991901148675,0.5655008098851325,360.0,860.0,False,3760.0,0.0,0.9999999999999992,01,operational,638,0.2631578947368421
0.9245903830781844,0.0754096169218154,0.4344991901148675,0.5655008098851325,360.0,860.0,False,3760.0,0.0,0.9999999999999992,10,operational,638,0.2631578947368421
0.9243513389963356,0.0756486610036645,0.4344991901148675,0.5655008098851325,360.0,860.0,False,3760.0,0.0,0.9999999999999992,11,operational,638,0.2631578947368421
0.8839485403164997,0.1160514596835002,0.5552095317200034,0.4447904682799965,360.0,1450.0,False,3760.0,0.0,0.9999999999999992,00,operational,639,0.3684210526315789
0.8707579610633386,0.1292420389366614,0.5552095317200034,0.4447904682799965,360.0,1610.0,False,3760.0,0.0,0.9999999999999992,01,operational,639,0.3684210526315789
0.8613156790639411,0.1386843209360588,0.6547685299193468,0.3452314700806532,360.0,1450.0,False,3760.0,0.0,0.9999999999999992,10,operational,639,0.3684210526315789
0.8471680458426115,0.1528319541573884,0.6547685299193468,0.3452314700806532,360.0,1610.0,False,3760.0,0.0,0.9999999999999992,11,operational,639,0.3684210526315789
0.7662904717554406,0.2337095282445593,0.6815792010772628,0.3184207989227372,270.0,2070.0,False,3760.0,0.0,0.9999999999999992,00,operational,640,0.5087719298245614
0.7436093754642877,0.2563906245357122,0.6815792010772628,0.3184207989227372,270.0,2230.0,False,3760.0,0.0,0.9999999999999992,01,operational,640,0.5087719298245614
0.7480732941635829,0.2519267058364171,0.7268395520221174,0.2731604479778826,270.0,2070.0,False,3760.0,0.0,0.9999999999999992,10,operational,640,0.5087719298245614
0.7235245974903518,0.2764754025096482,0.7268395520221174,0.2731604479778826,270.0,2230.0,False,3760.0,0.0,0.9999999999999992,11,operational,640,0.5087719298245614
0.9205200613603408,0.0794799386396591,0.4854964336311432,0.5145035663688567,360.0,980.0,False,3760.0,0.0,0.9999999999999992,00,operational,641,0.3333333333333333
0.9164920237061486,0.0835079762938514,0.4854964336311432,0.5145035663688567,360.0,1030.0,False,3760.0,0.0,0.9999999999999992,01,operational,641,0.3333333333333333
0.9063446397649804,0.0936553602350197,0.5232146778734771,0.4767853221265229,360.0,1010.0,False,3760.0,0.0,0.9999999999999992,10,operational,641,0.3333333333333333
0.9008959655615434,0.0991040344384566,0.5232146778734771,0.4767853221265229,360.0,1070.0,False,3760.0,0.0,0.9999999999999992,11,operational,641,0.3333333333333333
0.7519612510345555,0.2480387489654445,0.6178854476654767,0.3821145523345233,300.0,2230.0,False,3760.0,0.0,0.9999999999999992,00,operational,642,0.4912280701754385
0.7441577894381175,0.2558422105618825,0.6178854476654767,0.3821145523345233,300.0,2300.0,False,3760.0,0.0,0.9999999999999992,01,operational,642,0.4912280701754385
0.7359478650411024,0.2640521349588975,0.6365509102837092,0.3634490897162907,300.0,2230.0,False,3760.0,0.0,0.9999999999999992,10,operational,642,0.4912280701754385
0.7275628931193617,0.2724371068806382,0.6365509102837092,0.3634490897162907,300.0,2300.0,False,3760.0,0.0,0.9999999999999992,11,operational,642,0.4912280701754385
0.8062912190186761,0.1937087809813239,0.7440488647319367,0.2559511352680633,240.0,1700.0,False,3760.0,0.0,0.9999999999999992,00,operational,643,0.4210526315789473
0.7962559012979343,0.2037440987020656,0.7440488647319367,0.2559511352680633,240.0,1780.0,False,3760.0,0.0,0.9999999999999992,01,operational,643,0.4210526315789473
0.7947940287692038,0.2052059712307962,0.7997774375842104,0.2002225624157896,240.0,1700.0,False,3760.0,0.0,0.9999999999999992,10,operational,643,0.4210526315789473
0.783801904891636,0.2161980951083639,0.7997774375842104,0.2002225624157896,240.0,1790.0,False,3760.0,0.0,0.9999999999999992,11,operational,643,0.4210526315789473
0.974990271698548,0.025009728301452,0.2822337537010619,0.717766246298938,360.0,490.0,False,3760.0,0.0,0.9999999999999992,00,operational,644,0.1929824561403508
0.974990271698548,0.025009728301452,0.2822337537010619,0.717766246298938,360.0,490.0,False,3760.0,0.0,0.9999999999999992,01,operational,644,0.1929824561403508
0.9724427687950328,0.0275572312049673,0.3067937661978593,0.6932062338021406,360.0,490.0,False,3760.0,0.0,0.9999999999999992,10,operational,644,0.1929824561403508
0.9724427687950328,0.0275572312049673,0.3067937661978593,0.6932062338021406,360.0,490.0,False,3760.0,0.0,0.9999999999999992,11,operational,644,0.1929824561403508
0.944251031464283,0.0557489685357169,0.434024076068483,0.565975923931517,360.0,760.0,False,3760.0,0.0,0.9999999999999992,00,operational,645,0.2807017543859649
0.9407884341333628,0.0592115658666371,0.434024076068483,0.565975923931517,360.0,800.0,False,3760.0,0.0,0.9999999999999992,01,operational,645,0.2807017543859649
0.934250938254264,0.065749061745736,0.4932673518975622,0.5067326481024378,360.0,760.0,False,3760.0,0.0,0.9999999999999992,10,operational,645,0.2807017543859649
0.9300945933474212,0.0699054066525787,0.4932673518975622,0.5067326481024378,360.0,800.0,False,3760.0,0.0,0.9999999999999992,11,operational,645,0.2807017543859649
0.9011001723540256,0.0988998276459742,0.5870693303666948,0.4129306696333051,360.0,1110.0,False,3760.0,0.0,0.9999999999999992,00,operational,646,0.2982456140350877
0.8987582539620598,0.1012417460379402,0.5870693303666948,0.4129306696333051,360.0,1130.0,False,3760.0,0.0,0.9999999999999992,01,operational,646,0.2982456140350877
0.8874698530495462,0.1125301469504538,0.6748485748626869,0.325151425137313,360.0,1110.0,False,3760.0,0.0,0.9999999999999992,10,operational,646,0.2982456140350877
0.8844821403622123,0.1155178596377877,0.6748485748626869,0.325151425137313,360.0,1140.0,False,3760.0,0.0,0.9999999999999992,11,operational,646,0.2982456140350877
0.9378529648785696,0.0621470351214303,0.5833100602433587,0.4166899397566413,360.0,800.0,False,3760.0,0.0,0.9999999999999992,00,operational,647,0.2456140350877192
0.9377841054408186,0.0622158945591814,0.5833100602433587,0.4166899397566413,360.0,800.0,False,3760.0,0.0,0.9999999999999992,01,operational,647,0.2456140350877192
0.9289240974611654,0.0710759025388345,0.6742912468420154,0.3257087531579846,360.0,810.0,False,3760.0,0.0,0.9999999999999992,10,operational,647,0.2456140350877192
0.9287232921415456,0.0712767078584544,0.6742912468420154,0.3257087531579846,360.0,810.0,False,3760.0,0.0,0.9999999999999992,11,operational,647,0.2456140350877192
0.9208917631543684,0.0791082368456316,0.4261130018995487,0.5738869981004513,360.0,1040.0,False,3760.0,0.0,0.9999999999999992,00,operational,648,0.3508771929824561
0.9188770452523078,0.0811229547476921,0.4261130018995487,0.5738869981004513,360.0,1060.0,False,3760.0,0.0,0.9999999999999992,01,operational,648,0.3508771929824561
0.9157067341780484,0.0842932658219517,0.4317245590104942,0.5682754409895058,360.0,1040.0,False,3760.0,0.0,0.9999999999999992,10,operational,648,0.3508771929824561
0.9134878883317546,0.0865121116682453,0.4317245590104942,0.5682754409895058,360.0,1060.0,False,3760.0,0.0,0.9999999999999992,11,operational,648,0.3508771929824561
0.8024795138852793,0.1975204861147207,0.6965984200490951,0.3034015799509048,230.0,1790.0,False,3760.0,0.0,0.9999999999999992,00,operational,649,0.4561403508771929
0.7831838554150845,0.2168161445849155,0.6965984200490951,0.3034015799509048,230.0,1950.0,False,3760.0,0.0,0.9999999999999992,01,operational,649,0.4561403508771929
0.7884909161668977,0.2115090838331023,0.7398627869888253,0.2601372130111746,230.0,1790.0,False,3760.0,0.0,0.9999999999999992,10,operational,649,0.4561403508771929
0.7672114757877915,0.2327885242122085,0.7398627869888253,0.2601372130111746,230.0,1950.0,False,3760.0,0.0,0.9999999999999992,11,operational,649,0.4561403508771929
0.7893313090714599,0.2106686909285401,0.9457698432524888,0.0542301567475112,360.0,1650.0,False,3760.0,0.0,0.9999999999999992,00,operational,650,0.5087719298245614
0.7558256150332083,0.2441743849667916,0.9457698432524888,0.0542301567475112,360.0,1830.0,False,3760.0,0.0,0.9999999999999992,01,operational,650,0.5087719298245614
0.7716136872324193,0.2283863127675807,0.9894393799216888,0.0105606200783111,360.0,1650.0,False,3760.0,0.0,0.9999999999999992,10,operational,650,0.5087719298245614
0.7359994682853039,0.264000531714696,0.9894393799216888,0.0105606200783111,360.0,1830.0,False,3760.0,0.0,0.9999999999999992,11,operational,650,0.5087719298245614
0.886185058866209,0.1138149411337909,0.5372272880508235,0.4627727119491764,360.0,1300.0,False,3760.0,0.0,0.9999999999999992,00,operational,651,0.5087719298245614
0.8817458485343357,0.1182541514656643,0.5372272880508235,0.4627727119491764,360.0,1340.0,False,3760.0,0.0,0.9999999999999992,01,operational,651,0.5087719298245614
0.8774667617197464,0.1225332382802536,0.5857675529348598,0.4142324470651401,360.0,1300.0,False,3760.0,0.0,0.9999999999999992,10,operational,651,0.5087719298245614
0.8724639637962175,0.1275360362037825,0.5857675529348598,0.4142324470651401,360.0,1350.0,False,3760.0,0.0,0.9999999999999992,11,operational,651,0.5087719298245614
0.9301635258614112,0.0698364741385887,0.6574599388617193,0.3425400611382807,360.0,760.0,False,3760.0,0.0,0.9999999999999992,00,operational,652,0.2982456140350877
0.929951257879872,0.070048742120128,0.6574599388617193,0.3425400611382807,360.0,770.0,False,3760.0,0.0,0.9999999999999992,01,operational,652,0.2982456140350877
0.9146719590028346,0.0853280409971654,0.7891308411952571,0.2108691588047429,360.0,770.0,False,3760.0,0.0,0.9999999999999992,10,operational,652,0.2982456140350877
0.9142937926153284,0.0857062073846717,0.7891308411952571,0.2108691588047429,360.0,770.0,False,3760.0,0.0,0.9999999999999992,11,operational,652,0.2982456140350877
0.6877013761747061,0.3122986238252939,0.7019368450130756,0.2980631549869244,280.0,2640.0,False,3760.0,0.0,0.9999999999999992,00,operational,653,0.4912280701754385
0.6432189309960047,0.3567810690039953,0.7019368450130756,0.2980631549869244,280.0,2900.0,False,3760.0,0.0,0.9999999999999992,01,operational,653,0.4912280701754385
0.6582149570615514,0.3417850429384486,0.7602632123341052,0.2397367876658948,280.0,2640.0,False,3760.0,0.0,0.9999999999999992,10,operational,653,0.4912280701754385
0.6102068077107338,0.3897931922892662,0.7602632123341052,0.2397367876658948,280.0,2920.0,False,3760.0,0.0,0.9999999999999992,11,operational,653,0.4912280701754385
0.9499198406683192,0.0500801593316808,0.3966457052618644,0.6033542947381356,360.0,740.0,False,3760.0,0.0,0.9999999999999992,00,operational,654,0.3157894736842105
0.9496852835372198,0.0503147164627801,0.3966457052618644,0.6033542947381356,360.0,740.0,False,3760.0,0.0,0.9999999999999992,01,operational,654,0.3157894736842105
0.941748822700002,0.0582511772999979,0.4340147368473073,0.5659852631526927,360.0,740.0,False,3760.0,0.0,0.9999999999999992,10,operational,654,0.3157894736842105
0.9412495221343616,0.0587504778656384,0.4340147368473073,0.5659852631526927,360.0,750.0,False,3760.0,0.0,0.9999999999999992,11,operational,654,0.3157894736842105
0.9745517113772264,0.0254482886227735,0.3000770205008443,0.6999229794991557,360.0,470.0,False,3760.0,0.0,0.9999999999999992,00,operational,655,0.2280701754385964
0.9745517113772264,0.0254482886227735,0.3000770205008443,0.6999229794991557,360.0,470.0,False,3760.0,0.0,0.9999999999999992,01,operational,655,0.2280701754385964
0.9733284855666312,0.0266715144333689,0.3110064760340372,0.6889935239659628,360.0,470.0,False,3760.0,0.0,0.9999999999999992,10,operational,655,0.2280701754385964
0.9733284855666312,0.0266715144333689,0.3110064760340372,0.6889935239659628,360.0,470.0,False,3760.0,0.0,0.9999999999999992,11,operational,655,0.2280701754385964
0.974826162758989,0.0251738372410109,0.2542083920535473,0.7457916079464527,360.0,530.0,False,3760.0,0.0,0.9999999999999992,00,operational,656,0.1929824561403508
0.974826162758989,0.0251738372410109,0.2542083920535473,0.7457916079464527,360.0,530.0,False,3760.0,0.0,0.9999999999999992,01,operational,656,0.1929824561403508
0.9714682540617614,0.0285317459382385,0.2839834187117841,0.7160165812882159,360.0,530.0,False,3760.0,0.0,0.9999999999999992,10,operational,656,0.1929824561403508
0.9714682540617614,0.0285317459382385,0.2839834187117841,0.7160165812882159,360.0,530.0,False,3760.0,0.0,0.9999999999999992,11,operational,656,0.1929824561403508
0.9386843589763414,0.0613156410236586,0.5491531446629281,0.4508468553370719,360.0,770.0,False,3760.0,0.0,0.9999999999999992,00,operational,657,0.3157894736842105
0.9386843589763414,0.0613156410236586,0.5491531446629281,0.4508468553370719,360.0,770.0,False,3760.0,0.0,0.9999999999999992,01,operational,657,0.3157894736842105
0.9242746569872567,0.0757253430127432,0.6888558514309763,0.3111441485690237,360.0,770.0,False,3760.0,0.0,0.9999999999999992,10,operational,657,0.3157894736842105
0.9242746569872567,0.0757253430127432,0.6888558514309763,0.3111441485690237,360.0,770.0,False,3760.0,0.0,0.9999999999999992,11,operational,657,0.3157894736842105
0.8890024968263962,0.1109975031736038,0.6596897170592526,0.3403102829407474,360.0,1200.0,False,3760.0,0.0,0.9999999999999992,00,operational,658,0.4385964912280701
0.8876880091853028,0.1123119908146972,0.6596897170592526,0.3403102829407474,360.0,1210.0,False,3760.0,0.0,0.9999999999999992,01,operational,658,0.4385964912280701
0.8767367607455524,0.1232632392544476,0.7228509122043512,0.2771490877956488,360.0,1200.0,False,3760.0,0.0,0.9999999999999992,10,operational,658,0.4385964912280701
0.8748894759296038,0.1251105240703962,0.7228509122043512,0.2771490877956488,360.0,1220.0,False,3760.0,0.0,0.9999999999999992,11,operational,658,0.4385964912280701
0.8969212411811007,0.1030787588188992,0.4805816709536719,0.5194183290463281,360.0,1180.0,False,3760.0,0.0,0.9999999999999992,00,operational,659,0.4035087719298245
0.8967164465330122,0.1032835534669878,0.4805816709536719,0.5194183290463281,360.0,1190.0,False,3760.0,0.0,0.9999999999999992,01,operational,659,0.4035087719298245
0.8897038018259198,0.1102961981740802,0.4803568955198185,0.5196431044801815,360.0,1190.0,False,3760.0,0.0,0.9999999999999992,10,operational,659,0.4035087719298245
0.8892799086816519,0.1107200913183481,0.4803568955198185,0.5196431044801815,360.0,1190.0,False,3760.0,0.0,0.9999999999999992,11,operational,659,0.4035087719298245
0.99153064582057,0.00846935417943,0.1760678479022176,0.8239321520977824,360.0,270.0,False,3760.0,0.0,0.9999999999999992,00,operational,660,0.1403508771929824
0.9914423126019812,0.0085576873980187,0.1760678479022176,0.8239321520977824,360.0,270.0,False,3760.0,0.0,0.9999999999999992,01,operational,660,0.1403508771929824
0.9898133235516636,0.0101866764483364,0.2049688231739809,0.7950311768260191,360.0,270.0,False,3760.0,0.0,0.9999999999999992,10,operational,660,0.1403508771929824
0.9895915140348877,0.0104084859651123,0.2049688231739809,0.7950311768260191,360.0,280.0,False,3760.0,0.0,0.9999999999999992,11,operational,660,0.1403508771929824
0.9365318190226752,0.0634681809773246,0.4566629901083214,0.5433370098916785,360.0,810.0,False,3760.0,0.0,0.9999999999999992,00,operational,661,0.3157894736842105
0.9363240470157046,0.0636759529842954,0.4566629901083214,0.5433370098916785,360.0,820.0,False,3760.0,0.0,0.9999999999999992,01,operational,661,0.3157894736842105
0.9349039183830378,0.0650960816169622,0.4567799681228014,0.5432200318771986,360.0,810.0,False,3760.0,0.0,0.9999999999999992,10,operational,661,0.3157894736842105
0.934686882111416,0.0653131178885839,0.4567799681228014,0.5432200318771986,360.0,820.0,False,3760.0,0.0,0.9999999999999992,11,operational,661,0.3157894736842105
0.8649770907785423,0.1350229092214576,0.6226501629136572,0.3773498370863428,360.0,1390.0,False,3760.0,0.0,0.9999999999999992,00,operational,662,0.4736842105263157
0.8635544668761481,0.1364455331238518,0.6226501629136572,0.3773498370863428,360.0,1410.0,False,3760.0,0.0,0.9999999999999992,01,operational,662,0.4736842105263157
0.8481168950858323,0.1518831049141676,0.6946269472249229,0.3053730527750771,360.0,1390.0,False,3760.0,0.0,0.9999999999999992,10,operational,662,0.4736842105263157
0.8460851579367271,0.1539148420632728,0.6946269472249229,0.3053730527750771,360.0,1410.0,False,3760.0,0.0,0.9999999999999992,11,operational,662,0.4736842105263157
0.9061262245908148,0.0938737754091852,0.7064012131720008,0.2935987868279992,290.0,1020.0,False,3760.0,0.0,0.9999999999999992,00,operational,663,0.3333333333333333
0.9027758283204336,0.0972241716795664,0.7064012131720008,0.2935987868279992,290.0,1050.0,False,3760.0,0.0,0.9999999999999992,01,operational,663,0.3333333333333333
0.9005981247148452,0.0994018752851547,0.7478948834127024,0.2521051165872977,290.0,1020.0,False,3760.0,0.0,0.9999999999999992,10,operational,663,0.3333333333333333
0.8966532887136991,0.1033467112863009,0.7478948834127024,0.2521051165872977,290.0,1050.0,False,3760.0,0.0,0.9999999999999992,11,operational,663,0.3333333333333333
0.933597027330273,0.0664029726697269,0.4493375565468098,0.5506624434531902,360.0,900.0,False,3760.0,0.0,0.9999999999999992,00,operational,664,0.3508771929824561
0.93344045370468,0.0665595462953199,0.4493375565468098,0.5506624434531902,360.0,900.0,False,3760.0,0.0,0.9999999999999992,01,operational,664,0.3508771929824561
0.9265800006259686,0.0734199993740314,0.4619696705388489,0.538030329461151,360.0,900.0,False,3760.0,0.0,0.9999999999999992,10,operational,664,0.3508771929824561
0.9263632698852532,0.0736367301147468,0.4619696705388489,0.538030329461151,360.0,910.0,False,3760.0,0.0,0.9999999999999992,11,operational,664,0.3508771929824561
0.8957687909204082,0.1042312090795918,0.5047785100460659,0.4952214899539341,270.0,1270.0,False,3760.0,0.0,0.9999999999999992,00,operational,665,0.3684210526315789
0.8863705750109621,0.1136294249890379,0.5047785100460659,0.4952214899539341,270.0,1380.0,False,3760.0,0.0,0.9999999999999992,01,operational,665,0.3684210526315789
0.8643017929669162,0.1356982070330837,0.6750117902776969,0.3249882097223031,270.0,1280.0,False,3760.0,0.0,0.9999999999999992,10,operational,665,0.3684210526315789
0.8520725284382429,0.1479274715617571,0.6750117902776969,0.3249882097223031,270.0,1390.0,False,3760.0,0.0,0.9999999999999992,11,operational,665,0.3684210526315789
0.9394134712624336,0.0605865287375663,0.3551204839495566,0.6448795160504434,360.0,960.0,False,3760.0,0.0,0.9999999999999992,00,operational,666,0.4035087719298245
0.9385810705834216,0.0614189294165783,0.3551204839495566,0.6448795160504434,360.0,970.0,False,3760.0,0.0,0.9999999999999992,01,operational,666,0.4035087719298245
0.9327800884415676,0.0672199115584323,0.4027046843053451,0.5972953156946549,360.0,960.0,False,3760.0,0.0,0.9999999999999992,10,operational,666,0.4035087719298245
0.931856285985618,0.0681437140143821,0.4027046843053451,0.5972953156946549,360.0,970.0,False,3760.0,0.0,0.9999999999999992,11,operational,666,0.4035087719298245
0.8827616502732857,0.1172383497267143,0.5437204298270394,0.4562795701729606,360.0,1270.0,False,3760.0,0.0,0.9999999999999992,00,operational,667,0.4210526315789473
0.8801399314182112,0.1198600685817887,0.5437204298270394,0.4562795701729606,360.0,1300.0,False,3760.0,0.0,0.9999999999999992,01,operational,667,0.4210526315789473
0.8766802683133896,0.1233197316866103,0.5462479826448177,0.4537520173551823,360.0,1270.0,False,3760.0,0.0,0.9999999999999992,10,operational,667,0.4210526315789473
0.873515475311871,0.1264845246881289,0.5462479826448177,0.4537520173551823,360.0,1300.0,False,3760.0,0.0,0.9999999999999992,11,operational,667,0.4210526315789473
0.9386488018648588,0.0613511981351412,0.4164174199194755,0.5835825800805244,360.0,800.0,False,3760.0,0.0,0.9999999999999992,00,operational,668,0.2456140350877192
0.938612479734231,0.0613875202657689,0.4164174199194755,0.5835825800805244,360.0,800.0,False,3760.0,0.0,0.9999999999999992,01,operational,668,0.2456140350877192
0.9317706688438406,0.0682293311561593,0.4323897224646551,0.5676102775353449,360.0,800.0,False,3760.0,0.0,0.9999999999999992,10,operational,668,0.2456140350877192
0.9317343467132128,0.0682656532867871,0.4323897224646551,0.5676102775353449,360.0,800.0,False,3760.0,0.0,0.9999999999999992,11,operational,668,0.2456140350877192
0.8799637836502716,0.1200362163497283,0.5810159584367004,0.4189840415632996,360.0,1220.0,False,3760.0,0.0,0.9999999999999992,00,operational,669,0.3157894736842105
0.8778329124131916,0.1221670875868083,0.5810159584367004,0.4189840415632996,360.0,1250.0,False,3760.0,0.0,0.9999999999999992,01,operational,669,0.3157894736842105
0.873163625921103,0.126836374078897,0.62101429446653,0.37898570553347,360.0,1220.0,False,3760.0,0.0,0.9999999999999992,10,operational,669,0.3157894736842105
0.8708569532505066,0.1291430467494934,0.62101429446653,0.37898570553347,360.0,1250.0,False,3760.0,0.0,0.9999999999999992,11,operational,669,0.3157894736842105
0.8497082545882472,0.1502917454117528,0.7253897954183535,0.2746102045816465,360.0,1390.0,False,3760.0,0.0,0.9999999999999992,00,operational,670,0.4035087719298245
0.8247407791614485,0.1752592208385515,0.7253897954183535,0.2746102045816465,360.0,1550.0,False,3760.0,0.0,0.9999999999999992,01,operational,670,0.4035087719298245
0.8369206698531368,0.1630793301468631,0.7806413871016615,0.2193586128983385,360.0,1390.0,False,3760.0,0.0,0.9999999999999992,10,operational,670,0.4035087719298245
0.8099232819886164,0.1900767180113836,0.7806413871016615,0.2193586128983385,360.0,1560.0,False,3760.0,0.0,0.9999999999999992,11,operational,670,0.4035087719298245
0.8641476580912186,0.1358523419087813,0.6557006710287394,0.3442993289712605,360.0,1370.0,False,3760.0,0.0,0.9999999999999992,00,operational,671,0.4210526315789473
0.8639216927416655,0.1360783072583344,0.6557006710287394,0.3442993289712605,360.0,1370.0,False,3760.0,0.0,0.9999999999999992,01,operational,671,0.4210526315789473
0.8488146127581654,0.1511853872418346,0.7296591563511616,0.2703408436488383,360.0,1370.0,False,3760.0,0.0,0.9999999999999992,10,operational,671,0.4210526315789473
0.8482873093593166,0.1517126906406833,0.7296591563511616,0.2703408436488383,360.0,1370.0,False,3760.0,0.0,0.9999999999999992,11,operational,671,0.4210526315789473
0.9239328338294296,0.0760671661705703,0.7212306772363324,0.2787693227636676,360.0,800.0,False,3760.0,0.0,0.9999999999999992,00,operational,672,0.2807017543859649
0.9238215007651904,0.0761784992348095,0.7212306772363324,0.2787693227636676,360.0,800.0,False,3760.0,0.0,0.9999999999999992,01,operational,672,0.2807017543859649
0.9189421199268838,0.0810578800731162,0.7779570064652224,0.2220429935347776,360.0,800.0,False,3760.0,0.0,0.9999999999999992,10,operational,672,0.2807017543859649
0.9187020920488094,0.0812979079511906,0.7779570064652224,0.2220429935347776,360.0,800.0,False,3760.0,0.0,0.9999999999999992,11,operational,672,0.2807017543859649
0.8459889807370398,0.1540110192629602,0.5134921662186342,0.4865078337813657,360.0,1630.0,False,3760.0,0.0,0.9999999999999992,00,operational,673,0.4035087719298245
0.8426512148142332,0.1573487851857667,0.5134921662186342,0.4865078337813657,360.0,1670.0,False,3760.0,0.0,0.9999999999999992,01,operational,673,0.4035087719298245
0.8337797520183887,0.1662202479816112,0.5243482054253688,0.4756517945746313,360.0,1630.0,False,3760.0,0.0,0.9999999999999992,10,operational,673,0.4035087719298245
0.829945299147888,0.170054700852112,0.5243482054253688,0.4756517945746313,360.0,1680.0,False,3760.0,0.0,0.9999999999999992,11,operational,673,0.4035087719298245
0.9161896268393264,0.0838103731606736,0.456229979131557,0.543770020868443,360.0,1010.0,False,3760.0,0.0,0.9999999999999992,00,operational,674,0.2631578947368421
0.9110902631585768,0.0889097368414232,0.456229979131557,0.543770020868443,360.0,1070.0,False,3760.0,0.0,0.9999999999999992,01,operational,674,0.2631578947368421
0.9077122202698592,0.0922877797301406,0.4726267443717834,0.5273732556282166,360.0,1010.0,False,3760.0,0.0,0.9999999999999992,10,operational,674,0.2631578947368421
0.9020120391161952,0.0979879608838049,0.4726267443717834,0.5273732556282166,360.0,1070.0,False,3760.0,0.0,0.9999999999999992,11,operational,674,0.2631578947368421
0.9619215659818888,0.038078434018111,0.4278696295584692,0.5721303704415308,360.0,620.0,False,3760.0,0.0,0.9999999999999992,00,operational,675,0.2105263157894736
0.9618382567449412,0.0381617432550588,0.4278696295584692,0.5721303704415308,360.0,620.0,False,3760.0,0.0,0.9999999999999992,01,operational,675,0.2105263157894736
0.9528085331634308,0.0471914668365691,0.5297772942430454,0.4702227057569546,360.0,630.0,False,3760.0,0.0,0.9999999999999992,10,operational,675,0.2105263157894736
0.9526204733712816,0.0473795266287183,0.5297772942430454,0.4702227057569546,360.0,630.0,False,3760.0,0.0,0.9999999999999992,11,operational,675,0.2105263157894736
0.8702949065399089,0.129705093460091,0.5968183687343849,0.4031816312656152,360.0,1350.0,False,3760.0,0.0,0.9999999999999992,00,operational,676,0.3684210526315789
0.8643391594066426,0.1356608405933573,0.5968183687343849,0.4031816312656152,360.0,1420.0,False,3760.0,0.0,0.9999999999999992,01,operational,676,0.3684210526315789
0.8589325231580094,0.1410674768419906,0.6613519468011921,0.3386480531988078,360.0,1350.0,False,3760.0,0.0,0.9999999999999992,10,operational,676,0.3684210526315789
0.8526259207030651,0.1473740792969349,0.6613519468011921,0.3386480531988078,360.0,1420.0,False,3760.0,0.0,0.9999999999999992,11,operational,676,0.3684210526315789
0.9182299432316092,0.0817700567683908,0.5506471235198915,0.4493528764801084,360.0,1020.0,False,3760.0,0.0,0.9999999999999992,00,operational,677,0.3508771929824561
0.907117604474693,0.0928823955253069,0.5506471235198915,0.4493528764801084,360.0,1170.0,False,3760.0,0.0,0.9999999999999992,01,operational,677,0.3508771929824561
0.906015817860652,0.0939841821393479,0.6317703817543021,0.3682296182456979,360.0,1030.0,False,3760.0,0.0,0.9999999999999992,10,operational,677,0.3508771929824561
0.8953631900299732,0.1046368099700267,0.6317703817543021,0.3682296182456979,360.0,1170.0,False,3760.0,0.0,0.9999999999999992,11,operational,677,0.3508771929824561
0.8814819847224551,0.1185180152775449,0.5953595895377439,0.4046404104622561,360.0,1320.0,False,3760.0,0.0,0.9999999999999992,00,operational,678,0.4210526315789473
0.8670122738921449,0.1329877261078551,0.5953595895377439,0.4046404104622561,360.0,1470.0,False,3760.0,0.0,0.9999999999999992,01,operational,678,0.4210526315789473
0.8653337003166086,0.1346662996833914,0.6756225865526841,0.3243774134473159,360.0,1320.0,False,3760.0,0.0,0.9999999999999992,10,operational,678,0.4210526315789473
0.8501287101338275,0.1498712898661724,0.6756225865526841,0.3243774134473159,360.0,1470.0,False,3760.0,0.0,0.9999999999999992,11,operational,678,0.4210526315789473
0.8177143678247635,0.1822856321752365,0.6961752160140462,0.3038247839859538,360.0,1710.0,False,3760.0,0.0,0.9999999999999992,00,operational,679,0.5087719298245614
0.8138326306792294,0.1861673693207706,0.6961752160140462,0.3038247839859538,360.0,1760.0,False,3760.0,0.0,0.9999999999999992,01,operational,679,0.5087719298245614
0.7979502238561372,0.2020497761438627,0.7836976600359449,0.2163023399640551,250.0,1720.0,False,3760.0,0.0,0.9999999999999992,10,operational,679,0.5087719298245614
0.7928423638261296,0.2071576361738704,0.7836976600359449,0.2163023399640551,250.0,1760.0,False,3760.0,0.0,0.9999999999999992,11,operational,679,0.5087719298245614
0.9339467803387732,0.0660532196612269,0.5988891246624075,0.4011108753375925,360.0,870.0,False,3760.0,0.0,0.9999999999999992,00,operational,680,0.4035087719298245
0.9298549182423388,0.0701450817576613,0.5988891246624075,0.4011108753375925,360.0,910.0,False,3760.0,0.0,0.9999999999999992,01,operational,680,0.4035087719298245
0.922605401819288,0.0773945981807119,0.7509144307654116,0.2490855692345883,360.0,870.0,False,3760.0,0.0,0.9999999999999992,10,operational,680,0.4035087719298245
0.9174702866900596,0.0825297133099405,0.7509144307654116,0.2490855692345883,360.0,910.0,False,3760.0,0.0,0.9999999999999992,11,operational,680,0.4035087719298245
0.9100626008749404,0.0899373991250597,0.595602597206792,0.404397402793208,360.0,1070.0,False,3760.0,0.0,0.9999999999999992,00,operational,681,0.3508771929824561
0.9100230139558352,0.0899769860441647,0.595602597206792,0.404397402793208,360.0,1070.0,False,3760.0,0.0,0.9999999999999992,01,operational,681,0.3508771929824561
0.8989436999552227,0.1010563000447772,0.6824391209502045,0.3175608790497954,360.0,1070.0,False,3760.0,0.0,0.9999999999999992,10,operational,681,0.3508771929824561
0.898904113036118,0.101095886963882,0.6824391209502045,0.3175608790497954,360.0,1070.0,False,3760.0,0.0,0.9999999999999992,11,operational,681,0.3508771929824561
0.8490992738538627,0.1509007261461372,0.609218008907823,0.390781991092177,360.0,1510.0,False,3760.0,0.0,0.9999999999999992,00,operational,682,0.4035087719298245
0.8469951209524037,0.1530048790475963,0.609218008907823,0.390781991092177,360.0,1540.0,False,3760.0,0.0,0.9999999999999992,01,operational,682,0.4035087719298245
0.8265693260308687,0.1734306739691312,0.6605533799753077,0.3394466200246923,360.0,1520.0,False,3760.0,0.0,0.9999999999999992,10,operational,682,0.4035087719298245
0.823610930563803,0.176389069436197,0.6605533799753077,0.3394466200246923,360.0,1540.0,False,3760.0,0.0,0.9999999999999992,11,operational,682,0.4035087719298245
0.9827881588755654,0.0172118411244346,0.2069524818023072,0.7930475181976928,360.0,440.0,False,3760.0,0.0,0.9999999999999992,00,operational,683,0.2105263157894736
0.9827649519908838,0.0172350480091162,0.2069524818023072,0.7930475181976928,360.0,440.0,False,3760.0,0.0,0.9999999999999992,01,operational,683,0.2105263157894736
0.9779647556785512,0.0220352443214487,0.2831771609327178,0.7168228390672822,360.0,440.0,False,3760.0,0.0,0.9999999999999992,10,operational,683,0.2105263157894736
0.9778017260039826,0.0221982739960173,0.2831771609327178,0.7168228390672822,360.0,450.0,False,3760.0,0.0,0.9999999999999992,11,operational,683,0.2105263157894736
0.8465736695672966,0.1534263304327033,0.5563375810757245,0.4436624189242755,360.0,1580.0,False,3760.0,0.0,0.9999999999999992,00,operational,684,0.5263157894736842
0.8422051264272944,0.1577948735727056,0.5563375810757245,0.4436624189242755,360.0,1620.0,False,3760.0,0.0,0.9999999999999992,01,operational,684,0.5263157894736842
0.8324454737691328,0.1675545262308672,0.5638510693070036,0.4361489306929964,360.0,1580.0,False,3760.0,0.0,0.9999999999999992,10,operational,684,0.5263157894736842
0.8271456960021005,0.1728543039978994,0.5638510693070036,0.4361489306929964,360.0,1620.0,False,3760.0,0.0,0.9999999999999992,11,operational,684,0.5263157894736842
0.981038658752734,0.0189613412472661,0.2779766374082986,0.7220233625917014,360.0,350.0,False,3760.0,0.0,0.9999999999999992,00,operational,685,0.1403508771929824
0.9809513582363828,0.0190486417636173,0.2779766374082986,0.7220233625917014,360.0,350.0,False,3760.0,0.0,0.9999999999999992,01,operational,685,0.1403508771929824
0.9801338247280916,0.0198661752719082,0.2900978812484499,0.7099021187515501,360.0,350.0,False,3760.0,0.0,0.9999999999999992,10,operational,685,0.1403508771929824
0.9799600429859332,0.0200399570140668,0.2900978812484499,0.7099021187515501,360.0,350.0,False,3760.0,0.0,0.9999999999999992,11,operational,685,0.1403508771929824
0.9611774966541636,0.0388225033458363,0.355421527767697,0.644578472232303,360.0,670.0,False,3760.0,0.0,0.9999999999999992,00,operational,686,0.2982456140350877
0.9588078167211432,0.0411921832788566,0.355421527767697,0.644578472232303,360.0,700.0,False,3760.0,0.0,0.9999999999999992,01,operational,686,0.2982456140350877
0.9546862857783164,0.0453137142216836,0.3917829775586036,0.6082170224413964,360.0,670.0,False,3760.0,0.0,0.9999999999999992,10,operational,686,0.2982456140350877
0.9515727049371676,0.0484272950628323,0.3917829775586036,0.6082170224413964,360.0,720.0,False,3760.0,0.0,0.9999999999999992,11,operational,686,0.2982456140350877
0.8938742849402517,0.1061257150597483,0.7276582917038077,0.2723417082961923,360.0,1020.0,False,3760.0,0.0,0.9999999999999992,00,operational,687,0.3157894736842105
0.8938432129953291,0.1061567870046709,0.7276582917038077,0.2723417082961923,360.0,1020.0,False,3760.0,0.0,0.9999999999999992,01,operational,687,0.3157894736842105
0.8867164515185488,0.1132835484814511,0.7905949562903168,0.2094050437096831,360.0,1020.0,False,3760.0,0.0,0.9999999999999992,10,operational,687,0.3157894736842105
0.8866315959316704,0.1133684040683296,0.7905949562903168,0.2094050437096831,360.0,1030.0,False,3760.0,0.0,0.9999999999999992,11,operational,687,0.3157894736842105
0.9627492384928552,0.0372507615071446,0.355289434825024,0.6447105651749759,360.0,630.0,False,3760.0,0.0,0.9999999999999992,00,operational,688,0.2456140350877192
0.961455724000688,0.038544275999312,0.355289434825024,0.6447105651749759,360.0,660.0,False,3760.0,0.0,0.9999999999999992,01,operational,688,0.2456140350877192
0.9575745246622,0.0424254753378,0.3658172162414799,0.6341827837585201,360.0,640.0,False,3760.0,0.0,0.9999999999999992,10,operational,688,0.2456140350877192
0.9559920278687596,0.0440079721312403,0.3658172162414799,0.6341827837585201,360.0,660.0,False,3760.0,0.0,0.9999999999999992,11,operational,688,0.2456140350877192
0.909536027266004,0.0904639727339959,0.5003063070065544,0.4996936929934455,360.0,1060.0,False,3760.0,0.0,0.9999999999999992,00,operational,689,0.3684210526315789
0.8974711044858563,0.1025288955141436,0.5003063070065544,0.4996936929934455,360.0,1180.0,False,3760.0,0.0,0.9999999999999992,01,operational,689,0.3684210526315789
0.8993898719871264,0.1006101280128736,0.5257793380973924,0.4742206619026076,360.0,1060.0,False,3760.0,0.0,0.9999999999999992,10,operational,689,0.3684210526315789
0.8854325438137454,0.1145674561862546,0.5257793380973924,0.4742206619026076,360.0,1180.0,False,3760.0,0.0,0.9999999999999992,11,operational,689,0.3684210526315789
0.9272849358108866,0.0727150641891134,0.4426548265371254,0.5573451734628746,360.0,870.0,False,3760.0,0.0,0.9999999999999992,00,operational,690,0.2631578947368421
0.925936660437211,0.0740633395627889,0.4426548265371254,0.5573451734628746,360.0,890.0,False,3760.0,0.0,0.9999999999999992,01,operational,690,0.2631578947368421
0.92476782233578,0.07523217766422,0.4609705643026842,0.5390294356973158,360.0,870.0,False,3760.0,0.0,0.9999999999999992,10,operational,690,0.2631578947368421
0.92318959706723,0.0768104029327698,0.4609705643026842,0.5390294356973158,360.0,890.0,False,3760.0,0.0,0.9999999999999992,11,operational,690,0.2631578947368421
0.893880908637551,0.106119091362449,0.8087189134911078,0.1912810865088922,280.0,1200.0,False,3760.0,0.0,0.9999999999999992,00,operational,691,0.4912280701754385
0.8903507757499504,0.1096492242500496,0.8087189134911078,0.1912810865088922,280.0,1240.0,False,3760.0,0.0,0.9999999999999992,01,operational,691,0.4912280701754385
0.881620432096524,0.118379567903476,0.863533574625154,0.1364664253748459,280.0,1200.0,False,3760.0,0.0,0.9999999999999992,10,operational,691,0.4912280701754385
0.8771603765316228,0.1228396234683771,0.863533574625154,0.1364664253748459,280.0,1240.0,False,3760.0,0.0,0.9999999999999992,11,operational,691,0.4912280701754385
0.9175719616537846,0.0824280383462153,0.4586458140696144,0.5413541859303855,360.0,970.0,False,3760.0,0.0,0.9999999999999992,00,operational,692,0.2631578947368421
0.9152810056820953,0.0847189943179048,0.4586458140696144,0.5413541859303855,360.0,1000.0,False,3760.0,0.0,0.9999999999999992,01,operational,692,0.2631578947368421
0.9070841381404716,0.0929158618595283,0.4811695389794855,0.5188304610205144,360.0,980.0,False,3760.0,0.0,0.9999999999999992,10,operational,692,0.2631578947368421
0.9043988128198832,0.0956011871801169,0.4811695389794855,0.5188304610205144,360.0,1010.0,False,3760.0,0.0,0.9999999999999992,11,operational,692,0.2631578947368421
0.9216416307670148,0.0783583692329851,0.4758637586423052,0.5241362413576948,360.0,910.0,False,3760.0,0.0,0.9999999999999992,00,operational,693,0.2982456140350877
0.9171028839109971,0.0828971160890027,0.4758637586423052,0.5241362413576948,360.0,970.0,False,3760.0,0.0,0.9999999999999992,01,operational,693,0.2982456140350877
0.9168364250850048,0.0831635749149952,0.4899913786183435,0.5100086213816565,360.0,920.0,False,3760.0,0.0,0.9999999999999992,10,operational,693,0.2982456140350877
0.9114656299159296,0.0885343700840703,0.4899913786183435,0.5100086213816565,360.0,970.0,False,3760.0,0.0,0.9999999999999992,11,operational,693,0.2982456140350877
0.8759578918484708,0.1240421081515291,0.547091757222042,0.452908242777958,360.0,1350.0,False,3760.0,0.0,0.9999999999999992,00,operational,694,0.5087719298245614
0.8667694954362457,0.1332305045637543,0.547091757222042,0.452908242777958,360.0,1430.0,False,3760.0,0.0,0.9999999999999992,01,operational,694,0.5087719298245614
0.8655740272214559,0.134425972778544,0.553806449842412,0.4461935501575879,360.0,1350.0,False,3760.0,0.0,0.9999999999999992,10,operational,694,0.5087719298245614
0.855068087441982,0.1449319125580179,0.553806449842412,0.4461935501575879,360.0,1430.0,False,3760.0,0.0,0.9999999999999992,11,operational,694,0.5087719298245614
0.8904097837376641,0.1095902162623359,0.5081184775002732,0.4918815224997268,360.0,1210.0,False,3760.0,0.0,0.9999999999999992,00,operational,695,0.4385964912280701
0.8714868533272211,0.1285131466727789,0.5081184775002732,0.4918815224997268,360.0,1370.0,False,3760.0,0.0,0.9999999999999992,01,operational,695,0.4385964912280701
0.8829190160066107,0.1170809839933892,0.5217144460303594,0.4782855539696405,360.0,1210.0,False,3760.0,0.0,0.9999999999999992,10,operational,695,0.4385964912280701
0.8628905713234662,0.1371094286765337,0.5217144460303594,0.4782855539696405,360.0,1380.0,False,3760.0,0.0,0.9999999999999992,11,operational,695,0.4385964912280701
0.9261567288106484,0.0738432711893516,0.4438261963420123,0.5561738036579876,360.0,960.0,False,3760.0,0.0,0.9999999999999992,00,operational,696,0.2456140350877192
0.920723790701747,0.0792762092982529,0.4438261963420123,0.5561738036579876,360.0,1020.0,False,3760.0,0.0,0.9999999999999992,01,operational,696,0.2456140350877192
0.9188893573593648,0.0811106426406352,0.4639401917232655,0.5360598082767345,360.0,960.0,False,3760.0,0.0,0.9999999999999992,10,operational,696,0.2456140350877192
0.912894620495206,0.0871053795047941,0.4639401917232655,0.5360598082767345,360.0,1020.0,False,3760.0,0.0,0.9999999999999992,11,operational,696,0.2456140350877192
0.9379439665028194,0.0620560334971805,0.4813661487236219,0.5186338512763781,360.0,790.0,False,3760.0,0.0,0.9999999999999992,00,operational,697,0.3333333333333333
0.93762524571859,0.0623747542814101,0.4813661487236219,0.5186338512763781,360.0,800.0,False,3760.0,0.0,0.9999999999999992,01,operational,697,0.3333333333333333
0.933365284456757,0.0666347155432429,0.4883591646090939,0.5116408353909061,360.0,790.0,False,3760.0,0.0,0.9999999999999992,10,operational,697,0.3333333333333333
0.9327063669568876,0.0672936330431123,0.4883591646090939,0.5116408353909061,360.0,800.0,False,3760.0,0.0,0.9999999999999992,11,operational,697,0.3333333333333333
0.8992076001667869,0.100792399833213,0.5332926328882452,0.4667073671117547,360.0,1120.0,False,3760.0,0.0,0.9999999999999992,00,operational,698,0.4035087719298245
0.8963119613249679,0.103688038675032,0.5332926328882452,0.4667073671117547,360.0,1150.0,False,3760.0,0.0,0.9999999999999992,01,operational,698,0.4035087719298245
0.8940662483441139,0.1059337516558861,0.5393713357842954,0.4606286642157046,360.0,1120.0,False,3760.0,0.0,0.9999999999999992,10,operational,698,0.4035087719298245
0.8907994576556737,0.1092005423443263,0.5393713357842954,0.4606286642157046,360.0,1150.0,False,3760.0,0.0,0.9999999999999992,11,operational,698,0.4035087719298245
0.8750799653662352,0.1249200346337647,0.7495786022510511,0.2504213977489488,360.0,1240.0,False,3760.0,0.0,0.9999999999999992,00,operational,699,0.3684210526315789
0.8709722145448693,0.1290277854551307,0.7495786022510511,0.2504213977489488,360.0,1280.0,False,3760.0,0.0,0.9999999999999992,01,operational,699,0.3684210526315789
0.8596291034259335,0.1403708965740665,0.8141059486217279,0.1858940513782721,360.0,1240.0,False,3760.0,0.0,0.9999999999999992,10,operational,699,0.3684210526315789
0.8545191779713668,0.1454808220286332,0.8141059486217279,0.1858940513782721,360.0,1280.0,False,3760.0,0.0,0.9999999999999992,11,operational,699,0.3684210526315789
0.9100211809131152,0.0899788190868846,0.476285963419167,0.5237140365808329,360.0,1050.0,False,3760.0,0.0,0.9999999999999992,00,operational,700,0.4035087719298245
0.9086992435388782,0.0913007564611217,0.476285963419167,0.5237140365808329,360.0,1070.0,False,3760.0,0.0,0.9999999999999992,01,operational,700,0.4035087719298245
0.9046871063484788,0.0953128936515211,0.4820926437342152,0.5179073562657848,360.0,1050.0,False,3760.0,0.0,0.9999999999999992,10,operational,700,0.4035087719298245
0.9029287557873442,0.0970712442126557,0.4820926437342152,0.5179073562657848,360.0,1070.0,False,3760.0,0.0,0.9999999999999992,11,operational,700,0.4035087719298245
0.9115532194545168,0.0884467805454832,0.4912665299069058,0.5087334700930942,360.0,1070.0,False,3760.0,0.0,0.9999999999999992,00,operational,701,0.4035087719298245
0.9057771977909188,0.094222802209081,0.4912665299069058,0.5087334700930942,360.0,1120.0,False,3760.0,0.0,0.9999999999999992,01,operational,701,0.4035087719298245
0.8980090170426102,0.1019909829573898,0.5408140824061772,0.4591859175938227,360.0,1070.0,False,3760.0,0.0,0.9999999999999992,10,operational,701,0.4035087719298245
0.8909942284903855,0.1090057715096145,0.5408140824061772,0.4591859175938227,360.0,1120.0,False,3760.0,0.0,0.9999999999999992,11,operational,701,0.4035087719298245
0.9389362218035896,0.0610637781964105,0.521888546431098,0.4781114535689019,360.0,810.0,False,3760.0,0.0,0.9999999999999992,00,operational,702,0.2456140350877192
0.9389362218035896,0.0610637781964105,0.521888546431098,0.4781114535689019,360.0,810.0,False,3760.0,0.0,0.9999999999999992,01,operational,702,0.2456140350877192
0.92768577667177,0.07231422332823,0.6768756186702669,0.3231243813297331,250.0,810.0,False,3760.0,0.0,0.9999999999999992,10,operational,702,0.2456140350877192
0.92768577667177,0.07231422332823,0.6768756186702669,0.3231243813297331,250.0,810.0,False,3760.0,0.0,0.9999999999999992,11,operational,702,0.2456140350877192
0.894023449027984,0.1059765509720159,0.6719362929537416,0.3280637070462585,200.0,1310.0,False,3760.0,0.0,0.9999999999999992,00,operational,703,0.3859649122807017
0.8870312224815837,0.1129687775184162,0.6719362929537416,0.3280637070462585,200.0,1370.0,False,3760.0,0.0,0.9999999999999992,01,operational,703,0.3859649122807017
0.8853663889163291,0.1146336110836708,0.8407962144338079,0.159203785566192,200.0,1310.0,False,3760.0,0.0,0.9999999999999992,10,operational,703,0.3859649122807017
0.8774713435974996,0.1225286564025004,0.8407962144338079,0.159203785566192,200.0,1370.0,False,3760.0,0.0,0.9999999999999992,11,operational,703,0.3859649122807017
0.8927460781498026,0.1072539218501974,0.4938388308460528,0.5061611691539472,360.0,1250.0,False,3760.0,0.0,0.9999999999999992,00,operational,704,0.4210526315789473
0.8925624935807009,0.107437506419299,0.4938388308460528,0.5061611691539472,360.0,1250.0,False,3760.0,0.0,0.9999999999999992,01,operational,704,0.4210526315789473
0.882916227905687,0.1170837720943129,0.5083581825906367,0.4916418174093633,360.0,1250.0,False,3760.0,0.0,0.9999999999999992,10,operational,704,0.4210526315789473
0.882583326698607,0.117416673301393,0.5083581825906367,0.4916418174093633,360.0,1260.0,False,3760.0,0.0,0.9999999999999992,11,operational,704,0.4210526315789473
0.939260870545275,0.060739129454725,0.429642379693349,0.5703576203066509,360.0,810.0,False,3760.0,0.0,0.9999999999999992,00,operational,705,0.2982456140350877
0.9385188492626614,0.0614811507373386,0.429642379693349,0.5703576203066509,360.0,820.0,False,3760.0,0.0,0.9999999999999992,01,operational,705,0.2982456140350877
0.9315307320462654,0.0684692679537346,0.4604405771348492,0.5395594228651508,360.0,820.0,False,3760.0,0.0,0.9999999999999992,10,operational,705,0.2982456140350877
0.930472018748836,0.069527981251164,0.4604405771348492,0.5395594228651508,360.0,830.0,False,3760.0,0.0,0.9999999999999992,11,operational,705,0.2982456140350877
0.7917209840145838,0.2082790159854162,0.7081926891927427,0.2918073108072573,360.0,1850.0,False,3760.0,0.0,0.9999999999999992,00,operational,706,0.4210526315789473
0.7851221635699291,0.2148778364300708,0.7081926891927427,0.2918073108072573,360.0,1910.0,False,3760.0,0.0,0.9999999999999992,01,operational,706,0.4210526315789473
0.7671443778889222,0.2328556221110778,0.7660632314946652,0.2339367685053348,360.0,1850.0,False,3760.0,0.0,0.9999999999999992,10,operational,706,0.4210526315789473
0.7589505635866335,0.2410494364133665,0.7660632314946652,0.2339367685053348,360.0,1910.0,False,3760.0,0.0,0.9999999999999992,11,operational,706,0.4210526315789473
0.8537455184972412,0.1462544815027587,0.6824869017534966,0.3175130982465034,360.0,1410.0,False,3760.0,0.0,0.9999999999999992,00,operational,707,0.4385964912280701
0.8534839468531804,0.1465160531468196,0.6824869017534966,0.3175130982465034,360.0,1410.0,False,3760.0,0.0,0.9999999999999992,01,operational,707,0.4385964912280701
0.841697699530634,0.158302300469366,0.7497414151925678,0.2502585848074322,360.0,1410.0,False,3760.0,0.0,0.9999999999999992,10,operational,707,0.4385964912280701
0.8411240217382202,0.1588759782617798,0.7497414151925678,0.2502585848074322,360.0,1420.0,False,3760.0,0.0,0.9999999999999992,11,operational,707,0.4385964912280701
0.907917776611963,0.0920822233880369,0.4698651824523043,0.5301348175476956,360.0,1130.0,False,3760.0,0.0,0.9999999999999992,00,operational,708,0.3859649122807017
0.9055602844156264,0.0944397155843734,0.4698651824523043,0.5301348175476956,360.0,1160.0,False,3760.0,0.0,0.9999999999999992,01,operational,708,0.3859649122807017
0.9033082468120676,0.0966917531879323,0.4775675659120421,0.5224324340879579,360.0,1140.0,False,3760.0,0.0,0.9999999999999992,10,operational,708,0.3859649122807017
0.9005502761898105,0.0994497238101894,0.4775675659120421,0.5224324340879579,360.0,1170.0,False,3760.0,0.0,0.9999999999999992,11,operational,708,0.3859649122807017
0.9448314978190212,0.0551685021809789,0.5970226667825351,0.4029773332174648,360.0,740.0,False,3760.0,0.0,0.9999999999999992,00,operational,709,0.2982456140350877
0.9446979821091228,0.0553020178908773,0.5970226667825351,0.4029773332174648,360.0,740.0,False,3760.0,0.0,0.9999999999999992,01,operational,709,0.2982456140350877
0.9290227026589886,0.0709772973410114,0.7872824270659418,0.2127175729340582,360.0,750.0,False,3760.0,0.0,0.9999999999999992,10,operational,709,0.2982456140350877
0.9287620744986812,0.0712379255013189,0.7872824270659418,0.2127175729340582,360.0,750.0,False,3760.0,0.0,0.9999999999999992,11,operational,709,0.2982456140350877
0.952854817009387,0.0471451829906129,0.4163439783359548,0.5836560216640452,360.0,690.0,False,3760.0,0.0,0.9999999999999992,00,operational,710,0.2631578947368421
0.951028186846713,0.048971813153287,0.4163439783359548,0.5836560216640452,360.0,720.0,False,3760.0,0.0,0.9999999999999992,01,operational,710,0.2631578947368421
0.9428406957535338,0.0571593042464662,0.4854863980685493,0.5145136019314507,360.0,700.0,False,3760.0,0.0,0.9999999999999992,10,operational,710,0.2631578947368421
0.940538697289432,0.0594613027105679,0.4854863980685493,0.5145136019314507,360.0,720.0,False,3760.0,0.0,0.9999999999999992,11,operational,710,0.2631578947368421
0.8572808089898177,0.1427191910101822,0.5814762335273278,0.4185237664726722,360.0,1490.0,False,3760.0,0.0,0.9999999999999992,00,operational,711,0.4912280701754385
0.8537207221712859,0.146279277828714,0.5814762335273278,0.4185237664726722,360.0,1520.0,False,3760.0,0.0,0.9999999999999992,01,operational,711,0.4912280701754385
0.8447365519679295,0.1552634480320704,0.5987060444859718,0.4012939555140282,360.0,1490.0,False,3760.0,0.0,0.9999999999999992,10,operational,711,0.4912280701754385
0.8405559404966837,0.1594440595033163,0.5987060444859718,0.4012939555140282,360.0,1530.0,False,3760.0,0.0,0.9999999999999992,11,operational,711,0.4912280701754385
0.9155154026870194,0.0844845973129806,0.4954079838112093,0.5045920161887907,360.0,1010.0,False,3760.0,0.0,0.9999999999999992,00,operational,712,0.4035087719298245
0.9140828399474008,0.0859171600525993,0.4954079838112093,0.5045920161887907,360.0,1020.0,False,3760.0,0.0,0.9999999999999992,01,operational,712,0.4035087719298245
0.9084531747569076,0.0915468252430923,0.5179354850235749,0.4820645149764251,360.0,1010.0,False,3760.0,0.0,0.9999999999999992,10,operational,712,0.4035087719298245
0.9065797424098282,0.0934202575901718,0.5179354850235749,0.4820645149764251,360.0,1020.0,False,3760.0,0.0,0.9999999999999992,11,operational,712,0.4035087719298245
0.9273185164158104,0.0726814835841894,0.4395543478143033,0.5604456521856966,360.0,940.0,False,3760.0,0.0,0.9999999999999992,00,operational,713,0.2807017543859649
0.920320581092188,0.079679418907812,0.4395543478143033,0.5604456521856966,360.0,1020.0,False,3760.0,0.0,0.9999999999999992,01,operational,713,0.2807017543859649
0.9199180376948514,0.0800819623051486,0.4396933750551296,0.5603066249448704,360.0,950.0,False,3760.0,0.0,0.9999999999999992,10,operational,713,0.2807017543859649
0.9122157798803964,0.0877842201196037,0.4396933750551296,0.5603066249448704,360.0,1020.0,False,3760.0,0.0,0.9999999999999992,11,operational,713,0.2807017543859649
0.8547859409407667,0.1452140590592333,0.9186530480581684,0.0813469519418314,360.0,1400.0,False,3760.0,0.0,0.9999999999999992,00,operational,714,0.4736842105263157
0.8433071412012169,0.1566928587987831,0.9186530480581684,0.0813469519418314,360.0,1480.0,False,3760.0,0.0,0.9999999999999992,01,operational,714,0.4736842105263157
0.8393003862189355,0.1606996137810644,0.9904044746431134,0.0095955253568865,360.0,1400.0,False,3760.0,0.0,0.9999999999999992,10,operational,714,0.4736842105263157
0.8266288738342054,0.1733711261657946,0.9904044746431134,0.0095955253568865,360.0,1480.0,False,3760.0,0.0,0.9999999999999992,11,operational,714,0.4736842105263157
0.9555707163759096,0.0444292836240903,0.3456896067214682,0.6543103932785318,360.0,720.0,False,3760.0,0.0,0.9999999999999992,00,operational,715,0.2807017543859649
0.9549268197968585,0.0450731802031416,0.3456896067214682,0.6543103932785318,360.0,730.0,False,3760.0,0.0,0.9999999999999992,01,operational,715,0.2807017543859649
0.9509701797599148,0.0490298202400851,0.3691296524457712,0.6308703475542288,360.0,720.0,False,3760.0,0.0,0.9999999999999992,10,operational,715,0.2807017543859649
0.950225527090914,0.0497744729090859,0.3691296524457712,0.6308703475542288,360.0,730.0,False,3760.0,0.0,0.9999999999999992,11,operational,715,0.2807017543859649
0.7862930479005615,0.2137069520994384,0.7528719767540106,0.2471280232459894,360.0,1840.0,False,3760.0,0.0,0.9999999999999992,00,operational,716,0.4912280701754385
0.738274310084601,0.261725689915399,0.7528719767540106,0.2471280232459894,360.0,2120.0,False,3760.0,0.0,0.9999999999999992,01,operational,716,0.4912280701754385
0.7684343199534942,0.2315656800465058,0.783574101139953,0.216425898860047,360.0,1840.0,False,3760.0,0.0,0.9999999999999992,10,operational,716,0.4912280701754385
0.7163799135473453,0.2836200864526547,0.783574101139953,0.216425898860047,360.0,2120.0,False,3760.0,0.0,0.9999999999999992,11,operational,716,0.4912280701754385
0.8085016457318264,0.1914983542681736,0.7402422826581707,0.2597577173418293,360.0,1710.0,False,3760.0,0.0,0.9999999999999992,00,operational,717,0.4736842105263157
0.7920567852873355,0.2079432147126645,0.7402422826581707,0.2597577173418293,360.0,1830.0,False,3760.0,0.0,0.9999999999999992,01,operational,717,0.4736842105263157
0.7947957063122749,0.205204293687725,0.7828377932226356,0.2171622067773643,360.0,1710.0,False,3760.0,0.0,0.9999999999999992,10,operational,717,0.4736842105263157
0.7761926566936909,0.2238073433063091,0.7828377932226356,0.2171622067773643,360.0,1840.0,False,3760.0,0.0,0.9999999999999992,11,operational,717,0.4736842105263157
0.811707282126621,0.1882927178733789,0.5538026228329895,0.4461973771670105,360.0,1880.0,False,3760.0,0.0,0.9999999999999992,00,operational,718,0.5087719298245614
0.8014914029506508,0.1985085970493492,0.5538026228329895,0.4461973771670105,360.0,1970.0,False,3760.0,0.0,0.9999999999999992,01,operational,718,0.5087719298245614
0.7937951834540803,0.2062048165459197,0.5678232357111865,0.4321767642888135,360.0,1880.0,False,3760.0,0.0,0.9999999999999992,10,operational,718,0.5087719298245614
0.7822844049192704,0.2177155950807295,0.5678232357111865,0.4321767642888135,360.0,1980.0,False,3760.0,0.0,0.9999999999999992,11,operational,718,0.5087719298245614
0.8900304062161942,0.1099695937838057,0.48629815201999,0.51370184798001,360.0,1260.0,False,3760.0,0.0,0.9999999999999992,00,operational,719,0.4210526315789473
0.8868622614273952,0.1131377385726047,0.48629815201999,0.51370184798001,360.0,1290.0,False,3760.0,0.0,0.9999999999999992,01,operational,719,0.4210526315789473
0.8804933023332521,0.1195066976667479,0.5005744061671866,0.4994255938328133,360.0,1260.0,False,3760.0,0.0,0.9999999999999992,10,operational,719,0.4210526315789473
0.8765615113189491,0.1234384886810509,0.5005744061671866,0.4994255938328133,360.0,1290.0,False,3760.0,0.0,0.9999999999999992,11,operational,719,0.4210526315789473
0.9621837729509394,0.0378162270490606,0.3483653755084358,0.6516346244915642,360.0,650.0,False,3760.0,0.0,0.9999999999999992,00,operational,720,0.2631578947368421
0.9621837729509394,0.0378162270490606,0.3483653755084358,0.6516346244915642,360.0,650.0,False,3760.0,0.0,0.9999999999999992,01,operational,720,0.2631578947368421
0.957881052678328,0.042118947321672,0.3731672480551006,0.6268327519448994,360.0,650.0,False,3760.0,0.0,0.9999999999999992,10,operational,720,0.2631578947368421
0.957881052678328,0.042118947321672,0.3731672480551006,0.6268327519448994,360.0,650.0,False,3760.0,0.0,0.9999999999999992,11,operational,720,0.2631578947368421
0.8760115895940911,0.1239884104059089,0.7292067991948928,0.2707932008051071,360.0,1250.0,False,3760.0,0.0,0.9999999999999992,00,operational,721,0.4035087719298245
0.8742317289624727,0.1257682710375273,0.7292067991948928,0.2707932008051071,360.0,1270.0,False,3760.0,0.0,0.9999999999999992,01,operational,721,0.4035087719298245
0.8641647910199378,0.1358352089800621,0.8048717283174743,0.1951282716825257,360.0,1250.0,False,3760.0,0.0,0.9999999999999992,10,operational,721,0.4035087719298245
0.8621317499447032,0.1378682500552968,0.8048717283174743,0.1951282716825257,360.0,1280.0,False,3760.0,0.0,0.9999999999999992,11,operational,721,0.4035087719298245
0.970288654958458,0.029711345041542,0.3083391947397946,0.6916608052602053,360.0,540.0,False,3760.0,0.0,0.9999999999999992,00,operational,722,0.2807017543859649
0.970288654958458,0.029711345041542,0.3083391947397946,0.6916608052602053,360.0,540.0,False,3760.0,0.0,0.9999999999999992,01,operational,722,0.2807017543859649
0.9673752886477816,0.0326247113522183,0.3357404943006156,0.6642595056993844,360.0,550.0,False,3760.0,0.0,0.9999999999999992,10,operational,722,0.2807017543859649
0.9673752886477816,0.0326247113522183,0.3357404943006156,0.6642595056993844,360.0,550.0,False,3760.0,0.0,0.9999999999999992,11,operational,722,0.2807017543859649
0.907423047654291,0.0925769523457089,0.4856590555664848,0.5143409444335152,360.0,1180.0,False,3760.0,0.0,0.9999999999999992,00,operational,723,0.3508771929824561
0.9071949030759778,0.0928050969240221,0.4856590555664848,0.5143409444335152,360.0,1180.0,False,3760.0,0.0,0.9999999999999992,01,operational,723,0.3508771929824561
0.8970731282580016,0.1029268717419984,0.5118328391650061,0.4881671608349939,360.0,1180.0,False,3760.0,0.0,0.9999999999999992,10,operational,723,0.3508771929824561
0.8966532396268064,0.1033467603731935,0.5118328391650061,0.4881671608349939,360.0,1180.0,False,3760.0,0.0,0.9999999999999992,11,operational,723,0.3508771929824561
0.9058888626547285,0.0941111373452715,0.6174847676972732,0.3825152323027267,360.0,1130.0,False,3760.0,0.0,0.9999999999999992,00,operational,724,0.3684210526315789
0.8973632503883365,0.1026367496116634,0.6174847676972732,0.3825152323027267,360.0,1220.0,False,3760.0,0.0,0.9999999999999992,01,operational,724,0.3684210526315789
0.8935692961292301,0.1064307038707699,0.6933178992047409,0.3066821007952591,360.0,1130.0,False,3760.0,0.0,0.9999999999999992,10,operational,724,0.3684210526315789
0.883321090861394,0.116678909138606,0.6933178992047409,0.3066821007952591,360.0,1220.0,False,3760.0,0.0,0.9999999999999992,11,operational,724,0.3684210526315789
0.8530153489342042,0.1469846510657958,0.570865112745953,0.4291348872540469,360.0,1480.0,False,3760.0,0.0,0.9999999999999992,00,operational,725,0.4385964912280701
0.8473196496763247,0.1526803503236753,0.570865112745953,0.4291348872540469,360.0,1530.0,False,3760.0,0.0,0.9999999999999992,01,operational,725,0.4385964912280701
0.8352632606311747,0.1647367393688252,0.6150523321943875,0.3849476678056124,360.0,1480.0,False,3760.0,0.0,0.9999999999999992,10,operational,725,0.4385964912280701
0.8286594448735488,0.1713405551264512,0.6150523321943875,0.3849476678056124,360.0,1530.0,False,3760.0,0.0,0.9999999999999992,11,operational,725,0.4385964912280701
0.9596914696276924,0.0403085303723077,0.3444719292626862,0.6555280707373138,360.0,670.0,False,3760.0,0.0,0.9999999999999992,00,operational,726,0.2982456140350877
0.9588654119495276,0.0411345880504723,0.3444719292626862,0.6555280707373138,360.0,680.0,False,3760.0,0.0,0.9999999999999992,01,operational,726,0.2982456140350877
0.9562779209604776,0.0437220790395224,0.3610218435906092,0.6389781564093908,360.0,670.0,False,3760.0,0.0,0.9999999999999992,10,operational,726,0.2982456140350877
0.9552900928679904,0.0447099071320097,0.3610218435906092,0.6389781564093908,360.0,690.0,False,3760.0,0.0,0.9999999999999992,11,operational,726,0.2982456140350877
0.8218529297516131,0.1781470702483869,0.6941586393375849,0.305841360662415,360.0,1650.0,False,3760.0,0.0,0.9999999999999992,00,operational,727,0.4035087719298245
0.8051695487934396,0.1948304512065604,0.6941586393375849,0.305841360662415,360.0,1790.0,False,3760.0,0.0,0.9999999999999992,01,operational,727,0.4035087719298245
0.8019674745622699,0.1980325254377301,0.7715420598573015,0.2284579401426985,360.0,1650.0,False,3760.0,0.0,0.9999999999999992,10,operational,727,0.4035087719298245
0.7828577060364068,0.2171422939635932,0.7715420598573015,0.2284579401426985,360.0,1800.0,False,3760.0,0.0,0.9999999999999992,11,operational,727,0.4035087719298245
0.800115482327128,0.1998845176728719,0.912502836726766,0.087497163273234,360.0,1700.0,False,3760.0,0.0,0.9999999999999992,00,operational,728,0.5087719298245614
0.7777221044957944,0.2222778955042056,0.912502836726766,0.087497163273234,360.0,1840.0,False,3760.0,0.0,0.9999999999999992,01,operational,728,0.5087719298245614
0.7801317878995306,0.2198682121004693,0.973251996800546,0.0267480031994539,360.0,1700.0,False,3760.0,0.0,0.9999999999999992,10,operational,728,0.5087719298245614
0.7539831149116982,0.2460168850883017,0.973251996800546,0.0267480031994539,360.0,1850.0,False,3760.0,0.0,0.9999999999999992,11,operational,728,0.5087719298245614
0.8488379707570552,0.1511620292429447,0.5888781140942834,0.4111218859057166,360.0,1510.0,False,3760.0,0.0,0.9999999999999992,00,operational,729,0.5087719298245614
0.8410012643539787,0.1589987356460213,0.5888781140942834,0.4111218859057166,360.0,1570.0,False,3760.0,0.0,0.9999999999999992,01,operational,729,0.5087719298245614
0.8350420620929643,0.1649579379070357,0.6002226226074613,0.3997773773925387,360.0,1510.0,False,3760.0,0.0,0.9999999999999992,10,operational,729,0.5087719298245614
0.825924194758317,0.1740758052416829,0.6002226226074613,0.3997773773925387,360.0,1580.0,False,3760.0,0.0,0.9999999999999992,11,operational,729,0.5087719298245614
0.8787789968813381,0.1212210031186619,0.5225068835183304,0.4774931164816695,360.0,1290.0,False,3760.0,0.0,0.9999999999999992,00,operational,730,0.4210526315789473
0.876724458040212,0.1232755419597879,0.5225068835183304,0.4774931164816695,360.0,1310.0,False,3760.0,0.0,0.9999999999999992,01,operational,730,0.4210526315789473
0.8673194596703777,0.1326805403296223,0.5259926842775533,0.4740073157224467,360.0,1290.0,False,3760.0,0.0,0.9999999999999992,10,operational,730,0.4210526315789473
0.8646104570151241,0.1353895429848759,0.5259926842775533,0.4740073157224467,360.0,1320.0,False,3760.0,0.0,0.9999999999999992,11,operational,730,0.4210526315789473
0.9799342858885784,0.0200657141114216,0.242205496348839,0.757794503651161,360.0,440.0,False,3760.0,0.0,0.9999999999999992,00,operational,731,0.2105263157894736
0.9799116573171498,0.0200883426828502,0.242205496348839,0.757794503651161,360.0,440.0,False,3760.0,0.0,0.9999999999999992,01,operational,731,0.2105263157894736
0.9782128860144648,0.0217871139855351,0.2606242696782459,0.7393757303217541,360.0,440.0,False,3760.0,0.0,0.9999999999999992,10,operational,731,0.2105263157894736
0.9780823672761716,0.0219176327238282,0.2606242696782459,0.7393757303217541,360.0,450.0,False,3760.0,0.0,0.9999999999999992,11,operational,731,0.2105263157894736
0.8881117621418906,0.1118882378581094,0.6823766943741311,0.3176233056258689,360.0,1150.0,False,3760.0,0.0,0.9999999999999992,00,operational,732,0.3859649122807017
0.861482784526482,0.138517215473518,0.6823766943741311,0.3176233056258689,360.0,1340.0,False,3760.0,0.0,0.9999999999999992,01,operational,732,0.3859649122807017
0.8742990134592656,0.1257009865407343,0.7467054724818815,0.2532945275181185,360.0,1150.0,False,3760.0,0.0,0.9999999999999992,10,operational,732,0.3859649122807017
0.8444745739066288,0.1555254260933711,0.7467054724818815,0.2532945275181185,360.0,1340.0,False,3760.0,0.0,0.9999999999999992,11,operational,732,0.3859649122807017
0.9128430659481732,0.0871569340518267,0.6347833569994968,0.3652166430005031,360.0,960.0,False,3760.0,0.0,0.9999999999999992,00,operational,733,0.2982456140350877
0.9108085084920706,0.0891914915079293,0.6347833569994968,0.3652166430005031,360.0,990.0,False,3760.0,0.0,0.9999999999999992,01,operational,733,0.2982456140350877
0.8997009509547231,0.1002990490452768,0.7289973876594495,0.2710026123405504,360.0,960.0,False,3760.0,0.0,0.9999999999999992,10,operational,733,0.2982456140350877
0.8971943813580217,0.1028056186419783,0.7289973876594495,0.2710026123405504,360.0,990.0,False,3760.0,0.0,0.9999999999999992,11,operational,733,0.2982456140350877
0.8918520975031856,0.1081479024968143,0.5153975819050851,0.4846024180949148,360.0,1250.0,False,3760.0,0.0,0.9999999999999992,00,operational,734,0.4385964912280701
0.8878042934881497,0.1121957065118502,0.5153975819050851,0.4846024180949148,360.0,1290.0,False,3760.0,0.0,0.9999999999999992,01,operational,734,0.4385964912280701
0.8810885575182412,0.1189114424817587,0.532603119717028,0.467396880282972,360.0,1250.0,False,3760.0,0.0,0.9999999999999992,10,operational,734,0.4385964912280701
0.8764592505415131,0.1235407494584869,0.532603119717028,0.467396880282972,360.0,1290.0,False,3760.0,0.0,0.9999999999999992,11,operational,734,0.4385964912280701
0.9374453153538194,0.0625546846461806,0.3930537200031722,0.6069462799968278,360.0,900.0,False,3760.0,0.0,0.9999999999999992,00,operational,735,0.3508771929824561
0.9353457998841432,0.0646542001158568,0.3930537200031722,0.6069462799968278,360.0,920.0,False,3760.0,0.0,0.9999999999999992,01,operational,735,0.3508771929824561
0.9274952250894004,0.0725047749105997,0.443658787388783,0.5563412126112169,360.0,900.0,False,3760.0,0.0,0.9999999999999992,10,operational,735,0.3508771929824561
0.925113389476782,0.0748866105232178,0.443658787388783,0.5563412126112169,360.0,930.0,False,3760.0,0.0,0.9999999999999992,11,operational,735,0.3508771929824561
0.8088964846645383,0.1911035153354616,0.7160902905457622,0.2839097094542377,360.0,1800.0,False,3760.0,0.0,0.9999999999999992,00,operational,736,0.5087719298245614
0.8039962543921788,0.1960037456078212,0.7160902905457622,0.2839097094542377,360.0,1860.0,False,3760.0,0.0,0.9999999999999992,01,operational,736,0.5087719298245614
0.7881041005353534,0.2118958994646466,0.7640844320057848,0.2359155679942151,360.0,1800.0,False,3760.0,0.0,0.9999999999999992,10,operational,736,0.5087719298245614
0.7818895247990176,0.2181104752009823,0.7640844320057848,0.2359155679942151,360.0,1870.0,False,3760.0,0.0,0.9999999999999992,11,operational,736,0.5087719298245614
0.7287792060426448,0.2712207939573552,0.7550178769940026,0.2449821230059973,360.0,2280.0,False,3760.0,0.0,0.9999999999999992,00,operational,737,0.4736842105263157
0.7214939906638022,0.2785060093361978,0.7550178769940026,0.2449821230059973,360.0,2340.0,False,3760.0,0.0,0.9999999999999992,01,operational,737,0.4736842105263157
0.7098129272122726,0.2901870727877274,0.7697693348335676,0.2302306651664324,360.0,2280.0,False,3760.0,0.0,0.9999999999999992,10,operational,737,0.4736842105263157
0.7005510806810656,0.2994489193189343,0.7697693348335676,0.2302306651664324,360.0,2350.0,False,3760.0,0.0,0.9999999999999992,11,operational,737,0.4736842105263157
0.8767802208349982,0.1232197791650018,0.8046212228728326,0.1953787771271674,360.0,1300.0,False,3760.0,0.0,0.9999999999999992,00,operational,738,0.4912280701754385
0.8707717340470905,0.1292282659529094,0.8046212228728326,0.1953787771271674,360.0,1360.0,False,3760.0,0.0,0.9999999999999992,01,operational,738,0.4912280701754385
0.8634265984805425,0.1365734015194575,0.8815476743071936,0.1184523256928063,360.0,1300.0,False,3760.0,0.0,0.9999999999999992,10,operational,738,0.4912280701754385
0.8562840432981997,0.1437159567018002,0.8815476743071936,0.1184523256928063,360.0,1360.0,False,3760.0,0.0,0.9999999999999992,11,operational,738,0.4912280701754385
0.8930228265437927,0.1069771734562072,0.6118530005419857,0.3881469994580143,360.0,1170.0,False,3760.0,0.0,0.9999999999999992,00,operational,739,0.3333333333333333
0.8852724813191324,0.1147275186808676,0.6118530005419857,0.3881469994580143,360.0,1250.0,False,3760.0,0.0,0.9999999999999992,01,operational,739,0.3333333333333333
0.8767703717499082,0.1232296282500917,0.7136378897928706,0.2863621102071294,360.0,1170.0,False,3760.0,0.0,0.9999999999999992,10,operational,739,0.3333333333333333
0.8672656436554878,0.1327343563445122,0.7136378897928706,0.2863621102071294,360.0,1250.0,False,3760.0,0.0,0.9999999999999992,11,operational,739,0.3333333333333333
0.9030356634157513,0.0969643365842487,0.4792016224821421,0.5207983775178578,360.0,1180.0,False,3760.0,0.0,0.9999999999999992,00,operational,740,0.3859649122807017
0.8926519907105487,0.1073480092894513,0.4792016224821421,0.5207983775178578,360.0,1280.0,False,3760.0,0.0,0.9999999999999992,01,operational,740,0.3859649122807017
0.8907635818513172,0.1092364181486827,0.5002561015524283,0.4997438984475717,360.0,1180.0,False,3760.0,0.0,0.9999999999999992,10,operational,740,0.3859649122807017
0.8788042478814988,0.1211957521185012,0.5002561015524283,0.4997438984475717,360.0,1290.0,False,3760.0,0.0,0.9999999999999992,11,operational,740,0.3859649122807017
0.957641403250546,0.0423585967494539,0.398047721235631,0.601952278764369,260.0,660.0,False,3760.0,0.0,0.9999999999999992,00,operational,741,0.2280701754385964
0.957641403250546,0.0423585967494539,0.398047721235631,0.601952278764369,260.0,660.0,False,3760.0,0.0,0.9999999999999992,01,operational,741,0.2280701754385964
0.9555373410495837,0.0444626589504164,0.4419887444107919,0.558011255589208,260.0,660.0,False,3760.0,0.0,0.9999999999999992,10,operational,741,0.2280701754385964
0.9555373410495837,0.0444626589504164,0.4419887444107919,0.558011255589208,260.0,660.0,False,3760.0,0.0,0.9999999999999992,11,operational,741,0.2280701754385964
0.9061590110523936,0.0938409889476065,0.4962679176339871,0.5037320823660129,360.0,1130.0,False,3760.0,0.0,0.9999999999999992,00,operational,742,0.4912280701754385
0.9039413522557508,0.0960586477442493,0.4962679176339871,0.5037320823660129,360.0,1160.0,False,3760.0,0.0,0.9999999999999992,01,operational,742,0.4912280701754385
0.8977824367165833,0.1022175632834166,0.5046642951581592,0.4953357048418408,360.0,1130.0,False,3760.0,0.0,0.9999999999999992,10,operational,742,0.4912280701754385
0.8949102132479354,0.1050897867520646,0.5046642951581592,0.4953357048418408,360.0,1160.0,False,3760.0,0.0,0.9999999999999992,11,operational,742,0.4912280701754385
0.9220763362623042,0.0779236637376957,0.4136456955960071,0.5863543044039928,360.0,1050.0,False,3760.0,0.0,0.9999999999999992,00,operational,743,0.3859649122807017
0.9220224278285694,0.0779775721714306,0.4136456955960071,0.5863543044039928,360.0,1050.0,False,3760.0,0.0,0.9999999999999992,01,operational,743,0.3859649122807017
0.9132605940744788,0.0867394059255212,0.4581414557104319,0.541858544289568,360.0,1050.0,False,3760.0,0.0,0.9999999999999992,10,operational,743,0.3859649122807017
0.913083736561162,0.086916263438838,0.4581414557104319,0.541858544289568,360.0,1050.0,False,3760.0,0.0,0.9999999999999992,11,operational,743,0.3859649122807017
0.7756184579657703,0.2243815420342296,0.5913792863381613,0.4086207136618386,360.0,2020.0,False,3760.0,0.0,0.9999999999999992,00,operational,744,0.4736842105263157
0.7705008804918352,0.2294991195081648,0.5913792863381613,0.4086207136618386,360.0,2070.0,False,3760.0,0.0,0.9999999999999992,01,operational,744,0.4736842105263157
0.7627734371427821,0.2372265628572178,0.6085116026132122,0.3914883973867877,360.0,2020.0,False,3760.0,0.0,0.9999999999999992,10,operational,744,0.4736842105263157
0.7563478060678397,0.2436521939321603,0.6085116026132122,0.3914883973867877,360.0,2070.0,False,3760.0,0.0,0.9999999999999992,11,operational,744,0.4736842105263157
0.9507869388711532,0.0492130611288469,0.3604550501557095,0.6395449498442904,360.0,820.0,False,3760.0,0.0,0.9999999999999992,00,operational,745,0.2982456140350877
0.9500754689843822,0.0499245310156177,0.3604550501557095,0.6395449498442904,360.0,830.0,False,3760.0,0.0,0.9999999999999992,01,operational,745,0.2982456140350877
0.941257362223878,0.0587426377761221,0.4141157648643928,0.5858842351356072,360.0,820.0,False,3760.0,0.0,0.9999999999999992,10,operational,745,0.2982456140350877
0.9403482804534824,0.0596517195465174,0.4141157648643928,0.5858842351356072,360.0,830.0,False,3760.0,0.0,0.9999999999999992,11,operational,745,0.2982456140350877
0.9126127026183474,0.0873872973816526,0.4600499151991591,0.5399500848008408,360.0,1110.0,False,3760.0,0.0,0.9999999999999992,00,operational,746,0.4561403508771929
0.9112171372343438,0.0887828627656561,0.4600499151991591,0.5399500848008408,360.0,1130.0,False,3760.0,0.0,0.9999999999999992,01,operational,746,0.4561403508771929
0.9011487616536922,0.0988512383463078,0.4878249032330511,0.5121750967669488,360.0,1110.0,False,3760.0,0.0,0.9999999999999992,10,operational,746,0.4561403508771929
0.8991334757874038,0.1008665242125962,0.4878249032330511,0.5121750967669488,360.0,1130.0,False,3760.0,0.0,0.9999999999999992,11,operational,746,0.4561403508771929
0.9104038866484492,0.0895961133515508,0.8367168450476337,0.1632831549523664,360.0,890.0,False,3760.0,0.0,0.9999999999999992,00,operational,747,0.3333333333333333
0.8899906701951906,0.1100093298048093,0.8367168450476337,0.1632831549523664,360.0,1040.0,False,3760.0,0.0,0.9999999999999992,01,operational,747,0.3333333333333333
0.8967764602145236,0.1032235397854763,0.9605685826709672,0.0394314173290328,360.0,890.0,False,3760.0,0.0,0.9999999999999992,10,operational,747,0.3333333333333333
0.8744099126603614,0.1255900873396386,0.9605685826709672,0.0394314173290328,360.0,1040.0,False,3760.0,0.0,0.9999999999999992,11,operational,747,0.3333333333333333
0.9170861874836552,0.0829138125163448,0.4388115584700987,0.5611884415299013,360.0,1050.0,False,3760.0,0.0,0.9999999999999992,00,operational,748,0.3333333333333333
0.9109361654385072,0.0890638345614929,0.4388115584700987,0.5611884415299013,360.0,1120.0,False,3760.0,0.0,0.9999999999999992,01,operational,748,0.3333333333333333
0.912073321716549,0.087926678283451,0.4435720397351912,0.5564279602648088,360.0,1050.0,False,3760.0,0.0,0.9999999999999992,10,operational,748,0.3333333333333333
0.9055227504139428,0.0944772495860571,0.4435720397351912,0.5564279602648088,360.0,1120.0,False,3760.0,0.0,0.9999999999999992,11,operational,748,0.3333333333333333
0.8857702888596707,0.1142297111403293,0.5567400344109371,0.4432599655890629,360.0,1310.0,False,3760.0,0.0,0.9999999999999992,00,operational,749,0.4912280701754385
0.8826388964127323,0.1173611035872677,0.5567400344109371,0.4432599655890629,360.0,1340.0,False,3760.0,0.0,0.9999999999999992,01,operational,749,0.4912280701754385
0.8624096685496296,0.1375903314503703,0.6423417894651408,0.3576582105348592,360.0,1310.0,False,3760.0,0.0,0.9999999999999992,10,operational,749,0.4912280701754385
0.858496175800001,0.1415038241999989,0.6423417894651408,0.3576582105348592,360.0,1340.0,False,3760.0,0.0,0.9999999999999992,11,operational,749,0.4912280701754385
0.958183655207128,0.0418163447928718,0.408527331341555,0.5914726686584449,360.0,610.0,False,3760.0,0.0,0.9999999999999992,00,operational,750,0.2631578947368421
0.9580739501009894,0.0419260498990106,0.408527331341555,0.5914726686584449,360.0,620.0,False,3760.0,0.0,0.9999999999999992,01,operational,750,0.2631578947368421
0.9524642385871476,0.0475357614128525,0.4381316851380843,0.5618683148619157,360.0,620.0,False,3760.0,0.0,0.9999999999999992,10,operational,750,0.2631578947368421
0.952172594775962,0.047827405224038,0.4381316851380843,0.5618683148619157,360.0,630.0,False,3760.0,0.0,0.9999999999999992,11,operational,750,0.2631578947368421
0.9362701968870988,0.0637298031129011,0.5635171314807399,0.4364828685192601,360.0,860.0,False,3760.0,0.0,0.9999999999999992,00,operational,751,0.3508771929824561
0.9338258468380743,0.0661741531619256,0.5635171314807399,0.4364828685192601,360.0,900.0,False,3760.0,0.0,0.9999999999999992,01,operational,751,0.3508771929824561
0.9219935222578054,0.0780064777421946,0.6881274185386679,0.311872581461332,360.0,870.0,False,3760.0,0.0,0.9999999999999992,10,operational,751,0.3508771929824561
0.9188857799861742,0.0811142200138258,0.6881274185386679,0.311872581461332,360.0,900.0,False,3760.0,0.0,0.9999999999999992,11,operational,751,0.3508771929824561
0.8895649053118982,0.1104350946881017,0.8377905099868279,0.1622094900131721,360.0,1070.0,False,3760.0,0.0,0.9999999999999992,00,operational,752,0.3508771929824561
0.8837003623928981,0.1162996376071019,0.8377905099868279,0.1622094900131721,360.0,1120.0,False,3760.0,0.0,0.9999999999999992,01,operational,752,0.3508771929824561
0.8681077698634266,0.1318922301365733,0.9682435745314212,0.0317564254685786,360.0,1070.0,False,3760.0,0.0,0.9999999999999992,10,operational,752,0.3508771929824561
0.8608314898613562,0.1391685101386438,0.9682435745314212,0.0317564254685786,360.0,1120.0,False,3760.0,0.0,0.9999999999999992,11,operational,752,0.3508771929824561
0.8859483761684038,0.1140516238315961,0.7407801960309645,0.2592198039690355,360.0,1130.0,False,3760.0,0.0,0.9999999999999992,00,operational,753,0.4035087719298245
0.8845725904508422,0.1154274095491577,0.7407801960309645,0.2592198039690355,360.0,1150.0,False,3760.0,0.0,0.9999999999999992,01,operational,753,0.4035087719298245
0.8702642303705741,0.1297357696294259,0.8109432657677313,0.1890567342322686,360.0,1130.0,False,3760.0,0.0,0.9999999999999992,10,operational,753,0.4035087719298245
0.8682329749205765,0.1317670250794235,0.8109432657677313,0.1890567342322686,360.0,1160.0,False,3760.0,0.0,0.9999999999999992,11,operational,753,0.4035087719298245
0.9557021023871928,0.0442978976128071,0.402133620771599,0.597866379228401,360.0,670.0,False,3760.0,0.0,0.9999999999999992,00,operational,754,0.2982456140350877
0.9557021023871928,0.0442978976128071,0.402133620771599,0.597866379228401,360.0,670.0,False,3760.0,0.0,0.9999999999999992,01,operational,754,0.2982456140350877
0.9522249595305504,0.0477750404694494,0.4153309576302337,0.5846690423697662,360.0,670.0,False,3760.0,0.0,0.9999999999999992,10,operational,754,0.2982456140350877
0.9522249595305504,0.0477750404694494,0.4153309576302337,0.5846690423697662,360.0,670.0,False,3760.0,0.0,0.9999999999999992,11,operational,754,0.2982456140350877
0.9307894764182963,0.0692105235817036,0.5126837232698375,0.4873162767301625,360.0,870.0,False,3760.0,0.0,0.9999999999999992,00,operational,755,0.2456140350877192
0.9307894764182963,0.0692105235817036,0.5126837232698375,0.4873162767301625,360.0,870.0,False,3760.0,0.0,0.9999999999999992,01,operational,755,0.2456140350877192
0.9218222629821392,0.0781777370178608,0.6010314872027216,0.3989685127972784,360.0,870.0,False,3760.0,0.0,0.9999999999999992,10,operational,755,0.2456140350877192
0.9218222629821392,0.0781777370178608,0.6010314872027216,0.3989685127972784,360.0,870.0,False,3760.0,0.0,0.9999999999999992,11,operational,755,0.2456140350877192
0.8307063567386851,0.1692936432613149,0.6939024979484281,0.3060975020515719,360.0,1680.0,False,3760.0,0.0,0.9999999999999992,00,operational,756,0.4385964912280701
0.8042402445715415,0.1957597554284584,0.6939024979484281,0.3060975020515719,360.0,1860.0,False,3760.0,0.0,0.9999999999999992,01,operational,756,0.4385964912280701
0.8151141351181527,0.1848858648818473,0.746841140705047,0.253158859294953,360.0,1690.0,False,3760.0,0.0,0.9999999999999992,10,operational,756,0.4385964912280701
0.7839850319884756,0.2160149680115244,0.746841140705047,0.253158859294953,360.0,1870.0,False,3760.0,0.0,0.9999999999999992,11,operational,756,0.4385964912280701
0.9230595250760032,0.0769404749239968,0.4740301847481611,0.5259698152518388,360.0,920.0,False,3760.0,0.0,0.9999999999999992,00,operational,757,0.3508771929824561
0.9149551318160934,0.0850448681839065,0.4740301847481611,0.5259698152518388,360.0,1000.0,False,3760.0,0.0,0.9999999999999992,01,operational,757,0.3508771929824561
0.917789926542572,0.082210073457428,0.5031662145624668,0.4968337854375332,360.0,920.0,False,3760.0,0.0,0.9999999999999992,10,operational,757,0.3508771929824561
0.9089768572474882,0.0910231427525117,0.5031662145624668,0.4968337854375332,360.0,1010.0,False,3760.0,0.0,0.9999999999999992,11,operational,757,0.3508771929824561
0.846958062821095,0.153041937178905,0.8628996037178465,0.1371003962821536,360.0,1470.0,False,3760.0,0.0,0.9999999999999992,00,operational,758,0.4736842105263157
0.8334665739122036,0.1665334260877964,0.8628996037178465,0.1371003962821536,360.0,1570.0,False,3760.0,0.0,0.9999999999999992,01,operational,758,0.4736842105263157
0.8231920318527239,0.176807968147276,0.9462751131611512,0.0537248868388487,360.0,1480.0,False,3760.0,0.0,0.9999999999999992,10,operational,758,0.4736842105263157
0.8075025595539305,0.1924974404460695,0.9462751131611512,0.0537248868388487,360.0,1570.0,False,3760.0,0.0,0.9999999999999992,11,operational,758,0.4736842105263157
0.9348467182706154,0.0651532817293846,0.4809518156770234,0.5190481843229766,360.0,810.0,False,3760.0,0.0,0.9999999999999992,00,operational,759,0.2982456140350877
0.9300824455577306,0.0699175544422694,0.4809518156770234,0.5190481843229766,360.0,860.0,False,3760.0,0.0,0.9999999999999992,01,operational,759,0.2982456140350877
0.9333241575669672,0.0666758424330327,0.4866913910157089,0.5133086089842911,360.0,810.0,False,3760.0,0.0,0.9999999999999992,10,operational,759,0.2982456140350877
0.928134422194465,0.071865577805535,0.4866913910157089,0.5133086089842911,360.0,860.0,False,3760.0,0.0,0.9999999999999992,11,operational,759,0.2982456140350877
0.9041297780191494,0.0958702219808506,0.4759972415351764,0.5240027584648236,360.0,1080.0,False,3760.0,0.0,0.9999999999999992,00,operational,760,0.3157894736842105
0.9032087086539782,0.0967912913460218,0.4759972415351764,0.5240027584648236,360.0,1090.0,False,3760.0,0.0,0.9999999999999992,01,operational,760,0.3157894736842105
0.902663922386128,0.0973360776138718,0.4759972415351764,0.5240027584648236,360.0,1080.0,False,3760.0,0.0,0.9999999999999992,10,operational,760,0.3157894736842105
0.9016689086018016,0.0983310913981984,0.4759972415351764,0.5240027584648236,360.0,1090.0,False,3760.0,0.0,0.9999999999999992,11,operational,760,0.3157894736842105
0.8937665417624596,0.1062334582375403,0.6713207142355677,0.3286792857644322,360.0,1040.0,False,3760.0,0.0,0.9999999999999992,00,operational,761,0.3157894736842105
0.8927081886933989,0.1072918113066011,0.6713207142355677,0.3286792857644322,360.0,1050.0,False,3760.0,0.0,0.9999999999999992,01,operational,761,0.3157894736842105
0.8772713830196491,0.1227286169803508,0.7623846848005051,0.2376153151994948,360.0,1040.0,False,3760.0,0.0,0.9999999999999992,10,operational,761,0.3157894736842105
0.8758681121656282,0.1241318878343717,0.7623846848005051,0.2376153151994948,360.0,1060.0,False,3760.0,0.0,0.9999999999999992,11,operational,761,0.3157894736842105
0.9223432570684166,0.0776567429315834,0.5494934252503072,0.4505065747496927,360.0,940.0,False,3760.0,0.0,0.9999999999999992,00,operational,762,0.2456140350877192
0.9223432570684166,0.0776567429315834,0.5494934252503072,0.4505065747496927,360.0,940.0,False,3760.0,0.0,0.9999999999999992,01,operational,762,0.2456140350877192
0.9075961664807588,0.092403833519241,0.6716021911088741,0.3283978088911259,360.0,940.0,False,3760.0,0.0,0.9999999999999992,10,operational,762,0.2456140350877192
0.9075961664807588,0.092403833519241,0.6716021911088741,0.3283978088911259,360.0,940.0,False,3760.0,0.0,0.9999999999999992,11,operational,762,0.2456140350877192
0.9440936468478472,0.0559063531521528,0.4032222640873814,0.5967777359126186,360.0,840.0,False,3760.0,0.0,0.9999999999999992,00,operational,763,0.4385964912280701
0.9436571228138948,0.056342877186105,0.4032222640873814,0.5967777359126186,360.0,850.0,False,3760.0,0.0,0.9999999999999992,01,operational,763,0.4385964912280701
0.9380532904306176,0.0619467095693824,0.4318576202997456,0.5681423797002544,360.0,840.0,False,3760.0,0.0,0.9999999999999992,10,operational,763,0.4385964912280701
0.9371858493571938,0.0628141506428061,0.4318576202997456,0.5681423797002544,360.0,850.0,False,3760.0,0.0,0.9999999999999992,11,operational,763,0.4385964912280701
0.9205669056733536,0.0794330943266464,0.5196741300598331,0.4803258699401669,360.0,940.0,False,3760.0,0.0,0.9999999999999992,00,operational,764,0.3859649122807017
0.920240140248341,0.079759859751659,0.5196741300598331,0.4803258699401669,360.0,950.0,False,3760.0,0.0,0.9999999999999992,01,operational,764,0.3859649122807017
0.9133482493185796,0.0866517506814205,0.5307592006598115,0.4692407993401885,360.0,940.0,False,3760.0,0.0,0.9999999999999992,10,operational,764,0.3859649122807017
0.9126741875722508,0.0873258124277491,0.5307592006598115,0.4692407993401885,360.0,950.0,False,3760.0,0.0,0.9999999999999992,11,operational,764,0.3859649122807017
0.8485743663560413,0.1514256336439586,0.5531061568460683,0.4468938431539316,360.0,1580.0,False,3760.0,0.0,0.9999999999999992,00,operational,765,0.5087719298245614
0.83658728983078,0.16341271016922,0.5531061568460683,0.4468938431539316,360.0,1690.0,False,3760.0,0.0,0.9999999999999992,01,operational,765,0.5087719298245614
0.8343771642173072,0.1656228357826927,0.5780189545415071,0.4219810454584929,360.0,1580.0,False,3760.0,0.0,0.9999999999999992,10,operational,765,0.5087719298245614
0.8208623029053442,0.1791376970946557,0.5780189545415071,0.4219810454584929,360.0,1690.0,False,3760.0,0.0,0.9999999999999992,11,operational,765,0.5087719298245614
0.899067793473195,0.100932206526805,0.4756571597525006,0.5243428402474993,360.0,1200.0,False,3760.0,0.0,0.9999999999999992,00,operational,766,0.3684210526315789
0.8813511236318643,0.1186488763681357,0.4756571597525006,0.5243428402474993,360.0,1350.0,False,3760.0,0.0,0.9999999999999992,01,operational,766,0.3684210526315789
0.8898786771253208,0.1101213228746792,0.4957718517079693,0.5042281482920307,360.0,1210.0,False,3760.0,0.0,0.9999999999999992,10,operational,766,0.3684210526315789
0.8712176648197902,0.1287823351802097,0.4957718517079693,0.5042281482920307,360.0,1360.0,False,3760.0,0.0,0.9999999999999992,11,operational,766,0.3684210526315789
0.9755118878920026,0.0244881121079973,0.2667487973928094,0.7332512026071906,360.0,520.0,False,3760.0,0.0,0.9999999999999992,00,operational,767,0.2631578947368421
0.9751365351789232,0.0248634648210768,0.2667487973928094,0.7332512026071906,360.0,530.0,False,3760.0,0.0,0.9999999999999992,01,operational,767,0.2631578947368421
0.9701290386762376,0.0298709613237624,0.3387227377916519,0.661277262208348,360.0,520.0,False,3760.0,0.0,0.9999999999999992,10,operational,767,0.2631578947368421
0.9694390124300826,0.0305609875699174,0.3387227377916519,0.661277262208348,360.0,530.0,False,3760.0,0.0,0.9999999999999992,11,operational,767,0.2631578947368421
0.8868743479514707,0.1131256520485293,0.5897326604463593,0.4102673395536406,360.0,1270.0,False,3760.0,0.0,0.9999999999999992,00,operational,768,0.4385964912280701
0.8811834900458488,0.1188165099541511,0.5897326604463593,0.4102673395536406,360.0,1350.0,False,3760.0,0.0,0.9999999999999992,01,operational,768,0.4385964912280701
0.8723221879397094,0.1276778120602906,0.6333136984778851,0.3666863015221148,360.0,1280.0,False,3760.0,0.0,0.9999999999999992,10,operational,768,0.4385964912280701
0.8651387502553546,0.1348612497446454,0.6333136984778851,0.3666863015221148,360.0,1350.0,False,3760.0,0.0,0.9999999999999992,11,operational,768,0.4385964912280701
0.7857793677655416,0.2142206322344584,0.7592333239313422,0.2407666760686577,360.0,1820.0,False,3760.0,0.0,0.9999999999999992,00,operational,769,0.4736842105263157
0.7776190158351238,0.2223809841648761,0.7592333239313422,0.2407666760686577,360.0,1880.0,False,3760.0,0.0,0.9999999999999992,01,operational,769,0.4736842105263157
0.765660315400584,0.234339684599416,0.7954616427949062,0.2045383572050938,360.0,1820.0,False,3760.0,0.0,0.9999999999999992,10,operational,769,0.4736842105263157
0.7563724844624079,0.2436275155375921,0.7954616427949062,0.2045383572050938,360.0,1890.0,False,3760.0,0.0,0.9999999999999992,11,operational,769,0.4736842105263157
0.897101263218132,0.102898736781868,0.4516920175629572,0.5483079824370428,360.0,1250.0,False,3760.0,0.0,0.9999999999999992,00,operational,770,0.3333333333333333
0.8963015047084384,0.1036984952915616,0.4516920175629572,0.5483079824370428,360.0,1260.0,False,3760.0,0.0,0.9999999999999992,01,operational,770,0.3333333333333333
0.8815611635312512,0.1184388364687487,0.4798929742251685,0.5201070257748315,360.0,1250.0,False,3760.0,0.0,0.9999999999999992,10,operational,770,0.3333333333333333
0.8805535239400308,0.1194464760599691,0.4798929742251685,0.5201070257748315,360.0,1260.0,False,3760.0,0.0,0.9999999999999992,11,operational,770,0.3333333333333333
0.9260560995212496,0.0739439004787505,0.4545395756264802,0.5454604243735198,360.0,910.0,False,3760.0,0.0,0.9999999999999992,00,operational,771,0.3157894736842105
0.9209915521290292,0.0790084478709709,0.4545395756264802,0.5454604243735198,360.0,960.0,False,3760.0,0.0,0.9999999999999992,01,operational,771,0.3157894736842105
0.9214898099950016,0.0785101900049983,0.4648143978667177,0.5351856021332823,360.0,910.0,False,3760.0,0.0,0.9999999999999992,10,operational,771,0.3157894736842105
0.9160937844103116,0.0839062155896883,0.4648143978667177,0.5351856021332823,360.0,960.0,False,3760.0,0.0,0.9999999999999992,11,operational,771,0.3157894736842105
0.9177942515886574,0.0822057484113426,0.4466357158789333,0.5533642841210666,360.0,1040.0,False,3760.0,0.0,0.9999999999999992,00,operational,772,0.3859649122807017
0.9175228275478776,0.0824771724521223,0.4466357158789333,0.5533642841210666,360.0,1050.0,False,3760.0,0.0,0.9999999999999992,01,operational,772,0.3859649122807017
0.9090069720866788,0.0909930279133213,0.4679253226462441,0.5320746773537559,360.0,1040.0,False,3760.0,0.0,0.9999999999999992,10,operational,772,0.3859649122807017
0.9084124025065936,0.0915875974934062,0.4679253226462441,0.5320746773537559,360.0,1050.0,False,3760.0,0.0,0.9999999999999992,11,operational,772,0.3859649122807017
0.9164545434970398,0.0835454565029601,0.4965802909994549,0.5034197090005451,360.0,1000.0,False,3760.0,0.0,0.9999999999999992,00,operational,773,0.3333333333333333
0.913078706775919,0.086921293224081,0.4965802909994549,0.5034197090005451,360.0,1030.0,False,3760.0,0.0,0.9999999999999992,01,operational,773,0.3333333333333333
0.9098224730444407,0.0901775269555591,0.5240509851130624,0.4759490148869376,360.0,1000.0,False,3760.0,0.0,0.9999999999999992,10,operational,773,0.3333333333333333
0.90563168767474,0.0943683123252601,0.5240509851130624,0.4759490148869376,360.0,1050.0,False,3760.0,0.0,0.9999999999999992,11,operational,773,0.3333333333333333
0.8582687529174174,0.1417312470825825,0.4977518416768945,0.5022481583231054,360.0,1480.0,False,3760.0,0.0,0.9999999999999992,00,operational,774,0.3684210526315789
0.8559773196603246,0.1440226803396753,0.4977518416768945,0.5022481583231054,360.0,1510.0,False,3760.0,0.0,0.9999999999999992,01,operational,774,0.3684210526315789
0.8454565711915755,0.1545434288084245,0.5110542266330426,0.4889457733669574,360.0,1490.0,False,3760.0,0.0,0.9999999999999992,10,operational,774,0.3684210526315789
0.8425233939870249,0.157476606012975,0.5110542266330426,0.4889457733669574,360.0,1510.0,False,3760.0,0.0,0.9999999999999992,11,operational,774,0.3684210526315789
0.9628489659008432,0.0371510340991568,0.5590825250676039,0.4409174749323961,360.0,540.0,False,3760.0,0.0,0.9999999999999992,00,operational,775,0.1578947368421052
0.9628489659008432,0.0371510340991568,0.5590825250676039,0.4409174749323961,360.0,540.0,False,3760.0,0.0,0.9999999999999992,01,operational,775,0.1578947368421052
0.9524478614980716,0.0475521385019285,0.7648259354941699,0.2351740645058301,360.0,550.0,False,3760.0,0.0,0.9999999999999992,10,operational,775,0.1578947368421052
0.9524478614980716,0.0475521385019285,0.7648259354941699,0.2351740645058301,360.0,550.0,False,3760.0,0.0,0.9999999999999992,11,operational,775,0.1578947368421052
0.9823841448593252,0.0176158551406747,0.2289997030203877,0.7710002969796123,360.0,390.0,False,3760.0,0.0,0.9999999999999992,00,operational,776,0.175438596491228
0.9822172004976076,0.0177827995023924,0.2289997030203877,0.7710002969796123,360.0,400.0,False,3760.0,0.0,0.9999999999999992,01,operational,776,0.175438596491228
0.9807786381057508,0.0192213618942491,0.241569457501086,0.758430542498914,360.0,400.0,False,3760.0,0.0,0.9999999999999992,10,operational,776,0.175438596491228
0.9804798036841996,0.0195201963158002,0.241569457501086,0.758430542498914,360.0,400.0,False,3760.0,0.0,0.9999999999999992,11,operational,776,0.175438596491228
0.9392028300597302,0.0607971699402698,0.7445013777577333,0.2554986222422667,360.0,690.0,False,3760.0,0.0,0.9999999999999992,00,operational,777,0.2631578947368421
0.9347432774719476,0.0652567225280522,0.7445013777577333,0.2554986222422667,360.0,730.0,False,3760.0,0.0,0.9999999999999992,01,operational,777,0.2631578947368421
0.9271119934834532,0.0728880065165467,0.940742811082077,0.059257188917923,360.0,690.0,False,3760.0,0.0,0.9999999999999992,10,operational,777,0.2631578947368421
0.9219743223879154,0.0780256776120845,0.940742811082077,0.059257188917923,360.0,740.0,False,3760.0,0.0,0.9999999999999992,11,operational,777,0.2631578947368421
0.846491298813281,0.153508701186719,0.5732297253047304,0.4267702746952696,360.0,1520.0,False,3760.0,0.0,0.9999999999999992,00,operational,778,0.4561403508771929
0.8423888937653089,0.1576111062346911,0.5732297253047304,0.4267702746952696,360.0,1560.0,False,3760.0,0.0,0.9999999999999992,01,operational,778,0.4561403508771929
0.8361809049672929,0.163819095032707,0.5847311406806457,0.4152688593193543,360.0,1520.0,False,3760.0,0.0,0.9999999999999992,10,operational,778,0.4561403508771929
0.8312394485750948,0.1687605514249052,0.5847311406806457,0.4152688593193543,360.0,1570.0,False,3760.0,0.0,0.9999999999999992,11,operational,778,0.4561403508771929
0.8843502000706346,0.1156497999293654,0.7246992025878353,0.2753007974121647,360.0,1140.0,False,3760.0,0.0,0.9999999999999992,00,operational,779,0.4035087719298245
0.8819501742819866,0.1180498257180133,0.7246992025878353,0.2753007974121647,360.0,1170.0,False,3760.0,0.0,0.9999999999999992,01,operational,779,0.4035087719298245
0.8733089432466437,0.1266910567533563,0.7980865603746206,0.2019134396253795,360.0,1140.0,False,3760.0,0.0,0.9999999999999992,10,operational,779,0.4035087719298245
0.8702850405872405,0.1297149594127594,0.7980865603746206,0.2019134396253795,360.0,1170.0,False,3760.0,0.0,0.9999999999999992,11,operational,779,0.4035087719298245
0.8885637680634167,0.1114362319365832,0.4864614680523366,0.5135385319476634,360.0,1290.0,False,3760.0,0.0,0.9999999999999992,00,operational,780,0.4561403508771929
0.8865027903783146,0.1134972096216854,0.4864614680523366,0.5135385319476634,360.0,1310.0,False,3760.0,0.0,0.9999999999999992,01,operational,780,0.4561403508771929
0.877646367859538,0.122353632140462,0.5068633509669405,0.4931366490330595,360.0,1290.0,False,3760.0,0.0,0.9999999999999992,10,operational,780,0.4561403508771929
0.8747740134915093,0.1252259865084907,0.5068633509669405,0.4931366490330595,360.0,1320.0,False,3760.0,0.0,0.9999999999999992,11,operational,780,0.4561403508771929
0.9337095751320852,0.0662904248679147,0.4534287774106502,0.5465712225893498,360.0,860.0,False,3760.0,0.0,0.9999999999999992,00,operational,781,0.3508771929824561
0.932448126900405,0.0675518730995949,0.4534287774106502,0.5465712225893498,360.0,870.0,False,3760.0,0.0,0.9999999999999992,01,operational,781,0.3508771929824561
0.9275835515645062,0.0724164484354937,0.4738285011415539,0.526171498858446,360.0,860.0,False,3760.0,0.0,0.9999999999999992,10,operational,781,0.3508771929824561
0.9258942076057884,0.0741057923942116,0.4738285011415539,0.526171498858446,360.0,880.0,False,3760.0,0.0,0.9999999999999992,11,operational,781,0.3508771929824561
0.8680797858234971,0.1319202141765029,0.7246879916956883,0.2753120083043117,360.0,1270.0,False,3760.0,0.0,0.9999999999999992,00,operational,782,0.3333333333333333
0.8641093437254483,0.1358906562745516,0.7246879916956883,0.2753120083043117,360.0,1310.0,False,3760.0,0.0,0.9999999999999992,01,operational,782,0.3333333333333333
0.8550074408438593,0.1449925591561407,0.7915677185791185,0.2084322814208815,360.0,1280.0,False,3760.0,0.0,0.9999999999999992,10,operational,782,0.3333333333333333
0.8507617987076694,0.1492382012923305,0.7915677185791185,0.2084322814208815,360.0,1320.0,False,3760.0,0.0,0.9999999999999992,11,operational,782,0.3333333333333333
0.894329077297521,0.105670922702479,0.47536734021374,0.52463265978626,360.0,1290.0,False,3760.0,0.0,0.9999999999999992,00,operational,783,0.5087719298245614
0.8874320829160738,0.1125679170839262,0.47536734021374,0.52463265978626,360.0,1350.0,False,3760.0,0.0,0.9999999999999992,01,operational,783,0.5087719298245614
0.8736479262134745,0.1263520737865254,0.5646502012079387,0.4353497987920612,360.0,1290.0,False,3760.0,0.0,0.9999999999999992,10,operational,783,0.5087719298245614
0.8649207383116896,0.1350792616883104,0.5646502012079387,0.4353497987920612,360.0,1370.0,False,3760.0,0.0,0.9999999999999992,11,operational,783,0.5087719298245614
0.9374365618429812,0.0625634381570188,0.4264225788938807,0.5735774211061193,360.0,890.0,False,3760.0,0.0,0.9999999999999992,00,operational,784,0.3684210526315789
0.934654533531584,0.0653454664684161,0.4264225788938807,0.5735774211061193,360.0,920.0,False,3760.0,0.0,0.9999999999999992,01,operational,784,0.3684210526315789
0.9271489966663192,0.0728510033336808,0.4735863761888462,0.5264136238111538,360.0,890.0,False,3760.0,0.0,0.9999999999999992,10,operational,784,0.3684210526315789
0.9235637073235582,0.0764362926764418,0.4735863761888462,0.5264136238111538,360.0,930.0,False,3760.0,0.0,0.9999999999999992,11,operational,784,0.3684210526315789
0.8061059259335019,0.193894074066498,0.7998117994838198,0.2001882005161802,360.0,1750.0,False,3760.0,0.0,0.9999999999999992,00,operational,785,0.5263157894736842
0.7986602237142235,0.2013397762857764,0.7998117994838198,0.2001882005161802,360.0,1810.0,False,3760.0,0.0,0.9999999999999992,01,operational,785,0.5263157894736842
0.7933314495568207,0.2066685504431793,0.8263053670043266,0.1736946329956734,360.0,1750.0,False,3760.0,0.0,0.9999999999999992,10,operational,785,0.5263157894736842
0.7847350316046139,0.2152649683953861,0.8263053670043266,0.1736946329956734,360.0,1820.0,False,3760.0,0.0,0.9999999999999992,11,operational,785,0.5263157894736842
0.9317873239954692,0.0682126760045308,0.421476883744257,0.5785231162557429,360.0,930.0,False,3760.0,0.0,0.9999999999999992,00,operational,786,0.3859649122807017
0.9271405235375194,0.0728594764624805,0.421476883744257,0.5785231162557429,360.0,980.0,False,3760.0,0.0,0.9999999999999992,01,operational,786,0.3859649122807017
0.9267097733152946,0.0732902266847054,0.4460927257483073,0.5539072742516927,360.0,930.0,False,3760.0,0.0,0.9999999999999992,10,operational,786,0.3859649122807017
0.9217049553450908,0.0782950446549093,0.4460927257483073,0.5539072742516927,360.0,980.0,False,3760.0,0.0,0.9999999999999992,11,operational,786,0.3859649122807017
0.8857733926124454,0.1142266073875546,0.6625745187916742,0.3374254812083258,360.0,1250.0,False,3760.0,0.0,0.9999999999999992,00,operational,787,0.4035087719298245
0.8769176395598968,0.1230823604401032,0.6625745187916742,0.3374254812083258,360.0,1340.0,False,3760.0,0.0,0.9999999999999992,01,operational,787,0.4035087719298245
0.8706490606199865,0.1293509393800135,0.7567848522862691,0.2432151477137309,360.0,1250.0,False,3760.0,0.0,0.9999999999999992,10,operational,787,0.4035087719298245
0.8608297264328096,0.1391702735671903,0.7567848522862691,0.2432151477137309,360.0,1350.0,False,3760.0,0.0,0.9999999999999992,11,operational,787,0.4035087719298245
0.9367906892480012,0.0632093107519988,0.409206327516893,0.590793672483107,360.0,880.0,False,3760.0,0.0,0.9999999999999992,00,operational,788,0.3508771929824561
0.9364654866467372,0.0635345133532626,0.409206327516893,0.590793672483107,360.0,890.0,False,3760.0,0.0,0.9999999999999992,01,operational,788,0.3508771929824561
0.932409976066976,0.0675900239330239,0.4166349754609253,0.5833650245390747,360.0,880.0,False,3760.0,0.0,0.9999999999999992,10,operational,788,0.3508771929824561
0.931836798883047,0.0681632011169529,0.4166349754609253,0.5833650245390747,360.0,890.0,False,3760.0,0.0,0.9999999999999992,11,operational,788,0.3508771929824561
0.8655303625268802,0.1344696374731198,0.6687940966501302,0.3312059033498697,360.0,1410.0,False,3760.0,0.0,0.9999999999999992,00,operational,789,0.4035087719298245
0.8459623201376462,0.1540376798623538,0.6687940966501302,0.3312059033498697,360.0,1580.0,False,3760.0,0.0,0.9999999999999992,01,operational,789,0.4035087719298245
0.8502188817045024,0.1497811182954975,0.7487431146053056,0.2512568853946944,360.0,1410.0,False,3760.0,0.0,0.9999999999999992,10,operational,789,0.4035087719298245
0.8295075240518182,0.1704924759481818,0.7487431146053056,0.2512568853946944,360.0,1580.0,False,3760.0,0.0,0.9999999999999992,11,operational,789,0.4035087719298245
0.9683489400138344,0.0316510599861654,0.6498694108353371,0.3501305891646629,360.0,550.0,False,3760.0,0.0,0.9999999999999992,00,operational,790,0.2631578947368421
0.9670730627009844,0.0329269372990156,0.6498694108353371,0.3501305891646629,360.0,580.0,False,3760.0,0.0,0.9999999999999992,01,operational,790,0.2631578947368421
0.9572672687103504,0.0427327312896497,0.932044069212412,0.0679559307875879,360.0,560.0,False,3760.0,0.0,0.9999999999999992,10,operational,790,0.2631578947368421
0.955467746016235,0.044532253983765,0.932044069212412,0.0679559307875879,360.0,580.0,False,3760.0,0.0,0.9999999999999992,11,operational,790,0.2631578947368421
0.8832267011772783,0.1167732988227217,0.5542027747275584,0.4457972252724415,360.0,1260.0,False,3760.0,0.0,0.9999999999999992,00,operational,791,0.4385964912280701
0.8820675076788999,0.1179324923211001,0.5542027747275584,0.4457972252724415,360.0,1270.0,False,3760.0,0.0,0.9999999999999992,01,operational,791,0.4385964912280701
0.876102840938678,0.123897159061322,0.5579177099925507,0.4420822900074493,360.0,1260.0,False,3760.0,0.0,0.9999999999999992,10,operational,791,0.4385964912280701
0.8747636326308205,0.1252363673691795,0.5579177099925507,0.4420822900074493,360.0,1270.0,False,3760.0,0.0,0.9999999999999992,11,operational,791,0.4385964912280701
0.9569750751977312,0.0430249248022688,0.3788042875409213,0.6211957124590787,360.0,660.0,False,3760.0,0.0,0.9999999999999992,00,operational,792,0.2631578947368421
0.9568403059351748,0.0431596940648253,0.3788042875409213,0.6211957124590787,360.0,670.0,False,3760.0,0.0,0.9999999999999992,01,operational,792,0.2631578947368421
0.9526314675850528,0.047368532414947,0.4028776487239632,0.5971223512760367,360.0,660.0,False,3760.0,0.0,0.9999999999999992,10,operational,792,0.2631578947368421
0.9524966889261348,0.047503311073865,0.4028776487239632,0.5971223512760367,360.0,670.0,False,3760.0,0.0,0.9999999999999992,11,operational,792,0.2631578947368421
0.7389878179673419,0.2610121820326581,0.9333794938795356,0.0666205061204643,360.0,2050.0,False,3760.0,0.0,0.9999999999999992,00,operational,793,0.5614035087719298
0.6933987526980592,0.3066012473019408,0.9333794938795356,0.0666205061204643,360.0,2310.0,False,3760.0,0.0,0.9999999999999992,01,operational,793,0.5614035087719298
0.7212096369118708,0.2787903630881292,0.9756468024536824,0.0243531975463177,360.0,2050.0,False,3760.0,0.0,0.9999999999999992,10,operational,793,0.5614035087719298
0.6729501196913683,0.3270498803086317,0.9756468024536824,0.0243531975463177,360.0,2320.0,False,3760.0,0.0,0.9999999999999992,11,operational,793,0.5614035087719298
0.9661661376124088,0.0338338623875913,0.3223612264205919,0.677638773579408,360.0,600.0,False,3760.0,0.0,0.9999999999999992,00,operational,794,0.2456140350877192
0.9660033636888364,0.0339966363111636,0.3223612264205919,0.677638773579408,360.0,610.0,False,3760.0,0.0,0.9999999999999992,01,operational,794,0.2456140350877192
0.9580533900207784,0.0419466099792215,0.3774570266757727,0.6225429733242273,360.0,610.0,False,3760.0,0.0,0.9999999999999992,10,operational,794,0.2456140350877192
0.9577465189286044,0.0422534810713957,0.3774570266757727,0.6225429733242273,360.0,610.0,False,3760.0,0.0,0.9999999999999992,11,operational,794,0.2456140350877192
0.9016699047895106,0.0983300952104894,0.5153926198191613,0.4846073801808387,360.0,1120.0,False,3760.0,0.0,0.9999999999999992,00,operational,795,0.3508771929824561
0.8975194095594143,0.1024805904405856,0.5153926198191613,0.4846073801808387,360.0,1160.0,False,3760.0,0.0,0.9999999999999992,01,operational,795,0.3508771929824561
0.8922022322189623,0.1077977677810376,0.5309209051922623,0.4690790948077377,360.0,1120.0,False,3760.0,0.0,0.9999999999999992,10,operational,795,0.3508771929824561
0.8873998303935171,0.1126001696064828,0.5309209051922623,0.4690790948077377,360.0,1160.0,False,3760.0,0.0,0.9999999999999992,11,operational,795,0.3508771929824561
0.9295712623475018,0.0704287376524982,0.4401941151758707,0.5598058848241293,360.0,910.0,False,3760.0,0.0,0.9999999999999992,00,operational,796,0.3157894736842105
0.9294339711164876,0.0705660288835122,0.4401941151758707,0.5598058848241293,360.0,920.0,False,3760.0,0.0,0.9999999999999992,01,operational,796,0.3157894736842105
0.921261236324586,0.0787387636754141,0.4596859822025502,0.5403140177974498,360.0,920.0,False,3760.0,0.0,0.9999999999999992,10,operational,796,0.3157894736842105
0.9210051319067364,0.0789948680932635,0.4596859822025502,0.5403140177974498,360.0,930.0,False,3760.0,0.0,0.9999999999999992,11,operational,796,0.3157894736842105
0.9084430927244176,0.0915569072755823,0.4527104431200863,0.5472895568799137,360.0,1140.0,False,3760.0,0.0,0.9999999999999992,00,operational,797,0.3684210526315789
0.9083284096415544,0.0916715903584456,0.4527104431200863,0.5472895568799137,360.0,1150.0,False,3760.0,0.0,0.9999999999999992,01,operational,797,0.3684210526315789
0.8978851728520942,0.1021148271479057,0.4674691148803328,0.5325308851196672,360.0,1150.0,False,3760.0,0.0,0.9999999999999992,10,operational,797,0.3684210526315789
0.8976406504153199,0.10235934958468,0.4674691148803328,0.5325308851196672,360.0,1150.0,False,3760.0,0.0,0.9999999999999992,11,operational,797,0.3684210526315789
0.7425153137741465,0.2574846862258535,0.8836514885327444,0.1163485114672555,360.0,2070.0,False,3760.0,0.0,0.9999999999999992,00,operational,798,0.5964912280701754
0.6880427522409452,0.3119572477590547,0.8836514885327444,0.1163485114672555,360.0,2400.0,False,3760.0,0.0,0.9999999999999992,01,operational,798,0.5964912280701754
0.7205885014810247,0.2794114985189753,0.9409158938461448,0.0590841061538551,360.0,2070.0,False,3760.0,0.0,0.9999999999999992,10,operational,798,0.5964912280701754
0.6612075219335705,0.3387924780664295,0.9409158938461448,0.0590841061538551,360.0,2410.0,False,3760.0,0.0,0.9999999999999992,11,operational,798,0.5964912280701754
0.9453464704520018,0.0546535295479981,0.3938678015208851,0.6061321984791149,360.0,840.0,False,3760.0,0.0,0.9999999999999992,00,operational,799,0.2982456140350877
0.9453257796889496,0.0546742203110504,0.3938678015208851,0.6061321984791149,360.0,840.0,False,3760.0,0.0,0.9999999999999992,01,operational,799,0.2982456140350877
0.9360796521896046,0.0639203478103953,0.4409783428004981,0.5590216571995019,360.0,840.0,False,3760.0,0.0,0.9999999999999992,10,operational,799,0.2982456140350877
0.936044835290336,0.0639551647096638,0.4409783428004981,0.5590216571995019,360.0,840.0,False,3760.0,0.0,0.9999999999999992,11,operational,799,0.2982456140350877
0.8574679397102012,0.1425320602897988,0.9028276377447212,0.0971723622552787,360.0,1400.0,False,3760.0,0.0,0.9999999999999992,00,operational,800,0.4561403508771929
0.8529642322078202,0.1470357677921797,0.9028276377447212,0.0971723622552787,360.0,1450.0,False,3760.0,0.0,0.9999999999999992,01,operational,800,0.4561403508771929
0.8402880504341926,0.1597119495658073,0.972737184565923,0.027262815434077,360.0,1400.0,False,3760.0,0.0,0.9999999999999992,10,operational,800,0.4561403508771929
0.8343387883066018,0.1656612116933982,0.972737184565923,0.027262815434077,360.0,1460.0,False,3760.0,0.0,0.9999999999999992,11,operational,800,0.4561403508771929
0.8535644886494806,0.1464355113505193,0.6523958129401408,0.3476041870598591,360.0,1470.0,False,3760.0,0.0,0.9999999999999992,00,operational,801,0.4736842105263157
0.83900432607905,0.16099567392095,0.6523958129401408,0.3476041870598591,360.0,1610.0,False,3760.0,0.0,0.9999999999999992,01,operational,801,0.4736842105263157
0.8397324370360383,0.1602675629639617,0.7145565812114748,0.2854434187885252,360.0,1470.0,False,3760.0,0.0,0.9999999999999992,10,operational,801,0.4736842105263157
0.8232893456076772,0.1767106543923228,0.7145565812114748,0.2854434187885252,360.0,1610.0,False,3760.0,0.0,0.9999999999999992,11,operational,801,0.4736842105263157
0.8771245727999283,0.1228754272000717,0.6505829141957906,0.3494170858042093,360.0,1230.0,False,3760.0,0.0,0.9999999999999992,00,operational,802,0.3157894736842105
0.8700908064562629,0.1299091935437371,0.6505829141957906,0.3494170858042093,360.0,1290.0,False,3760.0,0.0,0.9999999999999992,01,operational,802,0.3157894736842105
0.8668770853194026,0.1331229146805974,0.6999271892518667,0.3000728107481333,360.0,1230.0,False,3760.0,0.0,0.9999999999999992,10,operational,802,0.3157894736842105
0.8595405906326268,0.1404594093673732,0.6999271892518667,0.3000728107481333,360.0,1290.0,False,3760.0,0.0,0.9999999999999992,11,operational,802,0.3157894736842105
0.9729755526927945,0.0270244473072055,0.2578591212090025,0.7421408787909974,360.0,560.0,False,3760.0,0.0,0.9999999999999992,00,operational,803,0.1929824561403508
0.9729755526927945,0.0270244473072055,0.2578591212090025,0.7421408787909974,360.0,560.0,False,3760.0,0.0,0.9999999999999992,01,operational,803,0.1929824561403508
0.970515314998448,0.0294846850015519,0.2773979371653219,0.7226020628346781,360.0,560.0,False,3760.0,0.0,0.9999999999999992,10,operational,803,0.1929824561403508
0.970515314998448,0.0294846850015519,0.2773979371653219,0.7226020628346781,360.0,560.0,False,3760.0,0.0,0.9999999999999992,11,operational,803,0.1929824561403508
0.8899264196406271,0.1100735803593728,0.73212918658371,0.26787081341629,360.0,1270.0,False,3760.0,0.0,0.9999999999999992,00,operational,804,0.4912280701754385
0.8791859999597506,0.1208140000402494,0.73212918658371,0.26787081341629,360.0,1370.0,False,3760.0,0.0,0.9999999999999992,01,operational,804,0.4912280701754385
0.868148841049325,0.131851158950675,0.8181835555155108,0.1818164444844892,360.0,1280.0,False,3760.0,0.0,0.9999999999999992,10,operational,804,0.4912280701754385
0.8548517717031753,0.1451482282968247,0.8181835555155108,0.1818164444844892,360.0,1380.0,False,3760.0,0.0,0.9999999999999992,11,operational,804,0.4912280701754385
0.9304929142363388,0.0695070857636611,0.4500931743675013,0.5499068256324987,360.0,900.0,False,3760.0,0.0,0.9999999999999992,00,operational,805,0.3859649122807017
0.9292262076089824,0.0707737923910176,0.4500931743675013,0.5499068256324987,360.0,910.0,False,3760.0,0.0,0.9999999999999992,01,operational,805,0.3859649122807017
0.9209749153622284,0.0790250846377714,0.4772530872603994,0.5227469127396006,360.0,910.0,False,3760.0,0.0,0.9999999999999992,10,operational,805,0.3859649122807017
0.9192844369808844,0.0807155630191155,0.4772530872603994,0.5227469127396006,360.0,920.0,False,3760.0,0.0,0.9999999999999992,11,operational,805,0.3859649122807017
0.8688182348323222,0.1311817651676777,0.6714779729785756,0.3285220270214244,360.0,1350.0,False,3760.0,0.0,0.9999999999999992,00,operational,806,0.4561403508771929
0.8574923328403342,0.1425076671596657,0.6714779729785756,0.3285220270214244,360.0,1440.0,False,3760.0,0.0,0.9999999999999992,01,operational,806,0.4561403508771929
0.8580996781457848,0.1419003218542152,0.7297301571771281,0.2702698428228719,360.0,1350.0,False,3760.0,0.0,0.9999999999999992,10,operational,806,0.4561403508771929
0.8455124149110188,0.1544875850889812,0.7297301571771281,0.2702698428228719,360.0,1450.0,False,3760.0,0.0,0.9999999999999992,11,operational,806,0.4561403508771929
0.8377561308974244,0.1622438691025756,0.6293164519443823,0.3706835480556176,280.0,1590.0,False,3760.0,0.0,0.9999999999999992,00,operational,807,0.4210526315789473
0.8264824057739658,0.1735175942260342,0.6293164519443823,0.3706835480556176,280.0,1700.0,False,3760.0,0.0,0.9999999999999992,01,operational,807,0.4210526315789473
0.8260476921584841,0.1739523078415159,0.6776583906558004,0.3223416093441996,280.0,1600.0,False,3760.0,0.0,0.9999999999999992,10,operational,807,0.4210526315789473
0.8136887438027416,0.1863112561972584,0.6776583906558004,0.3223416093441996,280.0,1710.0,False,3760.0,0.0,0.9999999999999992,11,operational,807,0.4210526315789473
0.8595300201285415,0.1404699798714584,0.5661256750574681,0.4338743249425318,360.0,1450.0,False,3760.0,0.0,0.9999999999999992,00,operational,808,0.4561403508771929
0.8594883815743246,0.1405116184256754,0.5661256750574681,0.4338743249425318,360.0,1450.0,False,3760.0,0.0,0.9999999999999992,01,operational,808,0.4561403508771929
0.8445503981145943,0.1554496018854056,0.5885776390420911,0.4114223609579089,360.0,1450.0,False,3760.0,0.0,0.9999999999999992,10,operational,808,0.4561403508771929
0.8443135126627385,0.1556864873372615,0.5885776390420911,0.4114223609579089,360.0,1460.0,False,3760.0,0.0,0.9999999999999992,11,operational,808,0.4561403508771929
0.8957797260742658,0.1042202739257341,0.4737323698355306,0.5262676301644694,360.0,1190.0,False,3760.0,0.0,0.9999999999999992,00,operational,809,0.3859649122807017
0.8933355807548184,0.1066644192451815,0.4737323698355306,0.5262676301644694,360.0,1220.0,False,3760.0,0.0,0.9999999999999992,01,operational,809,0.3859649122807017
0.8889313145937908,0.1110686854062091,0.4859823826990553,0.5140176173009446,360.0,1190.0,False,3760.0,0.0,0.9999999999999992,10,operational,809,0.3859649122807017
0.886030092561766,0.1139699074382339,0.4859823826990553,0.5140176173009446,360.0,1230.0,False,3760.0,0.0,0.9999999999999992,11,operational,809,0.3859649122807017
0.8470120284066475,0.1529879715933525,0.7089934624495287,0.2910065375504713,360.0,1480.0,False,3760.0,0.0,0.9999999999999992,00,operational,810,0.4210526315789473
0.8209818712278877,0.1790181287721123,0.7089934624495287,0.2910065375504713,360.0,1650.0,False,3760.0,0.0,0.9999999999999992,01,operational,810,0.4210526315789473
0.8354647105549028,0.1645352894450972,0.7499778286347998,0.2500221713652003,360.0,1480.0,False,3760.0,0.0,0.9999999999999992,10,operational,810,0.4210526315789473
0.8070602251200261,0.1929397748799739,0.7499778286347998,0.2500221713652003,360.0,1660.0,False,3760.0,0.0,0.9999999999999992,11,operational,810,0.4210526315789473
0.8775097168493503,0.1224902831506496,0.7201435899521769,0.2798564100478232,360.0,1200.0,False,3760.0,0.0,0.9999999999999992,00,operational,811,0.3333333333333333
0.874073117826398,0.125926882173602,0.7201435899521769,0.2798564100478232,360.0,1240.0,False,3760.0,0.0,0.9999999999999992,01,operational,811,0.3333333333333333
0.8572170397396357,0.1427829602603643,0.8253520938851537,0.1746479061148462,360.0,1200.0,False,3760.0,0.0,0.9999999999999992,10,operational,811,0.3333333333333333
0.8528542971102034,0.1471457028897965,0.8253520938851537,0.1746479061148462,360.0,1240.0,False,3760.0,0.0,0.9999999999999992,11,operational,811,0.3333333333333333
0.8439485147517598,0.1560514852482402,0.5778883637211184,0.4221116362788816,360.0,1570.0,False,3760.0,0.0,0.9999999999999992,00,operational,812,0.4561403508771929
0.8395114318455482,0.1604885681544517,0.5778883637211184,0.4221116362788816,360.0,1600.0,False,3760.0,0.0,0.9999999999999992,01,operational,812,0.4561403508771929
0.8325943118830396,0.1674056881169604,0.5902133198531467,0.4097866801468532,360.0,1570.0,False,3760.0,0.0,0.9999999999999992,10,operational,812,0.4561403508771929
0.827236577472377,0.172763422527623,0.5902133198531467,0.4097866801468532,360.0,1610.0,False,3760.0,0.0,0.9999999999999992,11,operational,812,0.4561403508771929
0.8843831554156732,0.1156168445843267,0.5179494233941526,0.4820505766058474,360.0,1220.0,False,3760.0,0.0,0.9999999999999992,00,operational,813,0.3333333333333333
0.8831221503705485,0.1168778496294514,0.5179494233941526,0.4820505766058474,360.0,1230.0,False,3760.0,0.0,0.9999999999999992,01,operational,813,0.3333333333333333
0.8803090057970644,0.1196909942029356,0.5226856435982634,0.4773143564017366,360.0,1220.0,False,3760.0,0.0,0.9999999999999992,10,operational,813,0.3333333333333333
0.8786547993617172,0.1213452006382828,0.5226856435982634,0.4773143564017366,360.0,1230.0,False,3760.0,0.0,0.9999999999999992,11,operational,813,0.3333333333333333
0.8930048916048113,0.1069951083951886,0.4857316609188017,0.5142683390811983,360.0,1330.0,False,3760.0,0.0,0.9999999999999992,00,operational,814,0.4385964912280701
0.8841845192581557,0.1158154807418443,0.4857316609188017,0.5142683390811983,360.0,1430.0,False,3760.0,0.0,0.9999999999999992,01,operational,814,0.4385964912280701
0.8806113721963913,0.1193886278036087,0.5057687194629843,0.4942312805370157,360.0,1330.0,False,3760.0,0.0,0.9999999999999992,10,operational,814,0.4385964912280701
0.8704148333532699,0.1295851666467301,0.5057687194629843,0.4942312805370157,360.0,1440.0,False,3760.0,0.0,0.9999999999999992,11,operational,814,0.4385964912280701
0.8974437076059635,0.1025562923940365,0.4680451234723513,0.5319548765276487,360.0,1270.0,False,3760.0,0.0,0.9999999999999992,00,operational,815,0.4385964912280701
0.895084718425288,0.1049152815747119,0.4680451234723513,0.5319548765276487,360.0,1300.0,False,3760.0,0.0,0.9999999999999992,01,operational,815,0.4385964912280701
0.8848917974239676,0.1151082025760323,0.4945258763245242,0.5054741236754757,360.0,1270.0,False,3760.0,0.0,0.9999999999999992,10,operational,815,0.4385964912280701
0.8821092490474969,0.1178907509525031,0.4945258763245242,0.5054741236754757,360.0,1300.0,False,3760.0,0.0,0.9999999999999992,11,operational,815,0.4385964912280701
0.8812368377453327,0.1187631622546673,0.5302148737845921,0.4697851262154079,360.0,1300.0,False,3760.0,0.0,0.9999999999999992,00,operational,816,0.4210526315789473
0.8801151345297349,0.1198848654702651,0.5302148737845921,0.4697851262154079,360.0,1320.0,False,3760.0,0.0,0.9999999999999992,01,operational,816,0.4210526315789473
0.8702987744637124,0.1297012255362876,0.5440564163242969,0.4559435836757031,360.0,1300.0,False,3760.0,0.0,0.9999999999999992,10,operational,816,0.4210526315789473
0.8687759267453096,0.1312240732546904,0.5440564163242969,0.4559435836757031,360.0,1320.0,False,3760.0,0.0,0.9999999999999992,11,operational,816,0.4210526315789473
0.8898459805960025,0.1101540194039975,0.4979949286028295,0.5020050713971704,360.0,1220.0,False,3760.0,0.0,0.9999999999999992,00,operational,817,0.4210526315789473
0.8896993574349165,0.1103006425650835,0.4979949286028295,0.5020050713971704,360.0,1230.0,False,3760.0,0.0,0.9999999999999992,01,operational,817,0.4210526315789473
0.8828311787862771,0.1171688212137228,0.5050725068869125,0.4949274931130875,360.0,1220.0,False,3760.0,0.0,0.9999999999999992,10,operational,817,0.4210526315789473
0.8826002887026297,0.1173997112973702,0.5050725068869125,0.4949274931130875,360.0,1230.0,False,3760.0,0.0,0.9999999999999992,11,operational,817,0.4210526315789473
0.8718062595753051,0.1281937404246949,0.90319179147003,0.09680820852997,360.0,1210.0,False,3760.0,0.0,0.9999999999999992,00,operational,818,0.4736842105263157
0.8690071325297288,0.1309928674702711,0.90319179147003,0.09680820852997,360.0,1240.0,False,3760.0,0.0,0.9999999999999992,01,operational,818,0.4736842105263157
0.85917073872328,0.14082926127672,0.9609297747111404,0.0390702252888597,360.0,1210.0,False,3760.0,0.0,0.9999999999999992,10,operational,818,0.4736842105263157
0.8552682370486357,0.1447317629513642,0.9609297747111404,0.0390702252888597,360.0,1240.0,False,3760.0,0.0,0.9999999999999992,11,operational,818,0.4736842105263157
0.7238830073385941,0.2761169926614059,0.8867918882530678,0.1132081117469322,360.0,2160.0,False,3760.0,0.0,0.9999999999999992,00,operational,819,0.5263157894736842
0.7080962140112168,0.2919037859887832,0.8867918882530678,0.1132081117469322,360.0,2290.0,False,3760.0,0.0,0.9999999999999992,01,operational,819,0.5263157894736842
0.7124497438466453,0.2875502561533547,0.9244648119258796,0.0755351880741204,360.0,2160.0,False,3760.0,0.0,0.9999999999999992,10,operational,819,0.5263157894736842
0.6952468182755104,0.3047531817244896,0.9244648119258796,0.0755351880741204,360.0,2300.0,False,3760.0,0.0,0.9999999999999992,11,operational,819,0.5263157894736842
0.9225950583303968,0.0774049416696033,0.4815145918705117,0.5184854081294883,360.0,980.0,False,3760.0,0.0,0.9999999999999992,00,operational,820,0.3684210526315789
0.9202429687229547,0.0797570312770451,0.4815145918705117,0.5184854081294883,360.0,1010.0,False,3760.0,0.0,0.9999999999999992,01,operational,820,0.3684210526315789
0.917831635052154,0.082168364947846,0.4909254914789865,0.5090745085210134,360.0,980.0,False,3760.0,0.0,0.9999999999999992,10,operational,820,0.3684210526315789
0.914892614821216,0.0851073851787839,0.4909254914789865,0.5090745085210134,360.0,1010.0,False,3760.0,0.0,0.9999999999999992,11,operational,820,0.3684210526315789
0.805068965862686,0.194931034137314,0.6934232339459133,0.3065767660540867,360.0,1730.0,False,3760.0,0.0,0.9999999999999992,00,operational,821,0.4385964912280701
0.7749013629830689,0.2250986370169311,0.6934232339459133,0.3065767660540867,360.0,1940.0,False,3760.0,0.0,0.9999999999999992,01,operational,821,0.4385964912280701
0.7813799506046891,0.2186200493953108,0.7520384792437861,0.2479615207562139,360.0,1730.0,False,3760.0,0.0,0.9999999999999992,10,operational,821,0.4385964912280701
0.7479917386767495,0.2520082613232505,0.7520384792437861,0.2479615207562139,360.0,1940.0,False,3760.0,0.0,0.9999999999999992,11,operational,821,0.4385964912280701
0.9141190730352377,0.0858809269647624,0.6852404623811237,0.3147595376188762,360.0,1120.0,False,3760.0,0.0,0.9999999999999992,00,operational,822,0.4912280701754385
0.9123104291148874,0.0876895708851126,0.6852404623811237,0.3147595376188762,360.0,1150.0,False,3760.0,0.0,0.9999999999999992,01,operational,822,0.4912280701754385
0.8959028722147325,0.1040971277852674,0.8064175515642764,0.1935824484357236,360.0,1120.0,False,3760.0,0.0,0.9999999999999992,10,operational,822,0.4912280701754385
0.893326861512827,0.1066731384871729,0.8064175515642764,0.1935824484357236,360.0,1160.0,False,3760.0,0.0,0.9999999999999992,11,operational,822,0.4912280701754385
0.8248905070947126,0.1751094929052874,0.7478391248201646,0.2521608751798354,360.0,1640.0,False,3760.0,0.0,0.9999999999999992,00,operational,823,0.5087719298245614
0.8125621026642628,0.1874378973357372,0.7478391248201646,0.2521608751798354,360.0,1750.0,False,3760.0,0.0,0.9999999999999992,01,operational,823,0.5087719298245614
0.8118622078534597,0.1881377921465402,0.781979256586653,0.2180207434133469,360.0,1650.0,False,3760.0,0.0,0.9999999999999992,10,operational,823,0.5087719298245614
0.7978053522517067,0.2021946477482933,0.781979256586653,0.2180207434133469,360.0,1750.0,False,3760.0,0.0,0.9999999999999992,11,operational,823,0.5087719298245614
0.9375726535109188,0.0624273464890811,0.4995071733044772,0.5004928266955228,360.0,790.0,False,3760.0,0.0,0.9999999999999992,00,operational,824,0.2105263157894736
0.9362605043554868,0.0637394956445132,0.4995071733044772,0.5004928266955228,360.0,810.0,False,3760.0,0.0,0.9999999999999992,01,operational,824,0.2105263157894736
0.9305845440041872,0.0694154559958126,0.5858700082269892,0.4141299917730108,360.0,790.0,False,3760.0,0.0,0.9999999999999992,10,operational,824,0.2105263157894736
0.92903559896042,0.0709644010395801,0.5858700082269892,0.4141299917730108,360.0,810.0,False,3760.0,0.0,0.9999999999999992,11,operational,824,0.2105263157894736
0.9040997900217774,0.0959002099782225,0.4626218255552955,0.5373781744447045,360.0,1150.0,False,3760.0,0.0,0.9999999999999992,00,operational,825,0.3859649122807017
0.8967845002368603,0.1032154997631397,0.4626218255552955,0.5373781744447045,360.0,1220.0,False,3760.0,0.0,0.9999999999999992,01,operational,825,0.3859649122807017
0.8955313793062392,0.1044686206937608,0.4975958103614808,0.5024041896385192,360.0,1150.0,False,3760.0,0.0,0.9999999999999992,10,operational,825,0.3859649122807017
0.8875876956974939,0.1124123043025061,0.4975958103614808,0.5024041896385192,360.0,1220.0,False,3760.0,0.0,0.9999999999999992,11,operational,825,0.3859649122807017
0.7706089037424751,0.2293910962575248,0.7088342827748926,0.2911657172251073,290.0,2080.0,False,3760.0,0.0,0.9999999999999992,00,operational,826,0.631578947368421
0.766109939336327,0.233890060663673,0.7088342827748926,0.2911657172251073,290.0,2130.0,False,3760.0,0.0,0.9999999999999992,01,operational,826,0.631578947368421
0.7514189481087755,0.2485810518912244,0.750107837407704,0.2498921625922959,290.0,2080.0,False,3760.0,0.0,0.9999999999999992,10,operational,826,0.631578947368421
0.7459341257054358,0.2540658742945642,0.750107837407704,0.2498921625922959,290.0,2130.0,False,3760.0,0.0,0.9999999999999992,11,operational,826,0.631578947368421
0.973543066464534,0.026456933535466,0.3241421490396579,0.6758578509603421,360.0,490.0,False,3760.0,0.0,0.9999999999999992,00,operational,827,0.2280701754385964
0.973543066464534,0.026456933535466,0.3241421490396579,0.6758578509603421,360.0,490.0,False,3760.0,0.0,0.9999999999999992,01,operational,827,0.2280701754385964
0.9688352691323344,0.0311647308676656,0.3708102753189951,0.6291897246810049,360.0,500.0,False,3760.0,0.0,0.9999999999999992,10,operational,827,0.2280701754385964
0.9688352691323344,0.0311647308676656,0.3708102753189951,0.6291897246810049,360.0,500.0,False,3760.0,0.0,0.9999999999999992,11,operational,827,0.2280701754385964
0.8892958552297963,0.1107041447702037,0.5083624353450689,0.4916375646549312,250.0,1240.0,False,3760.0,0.0,0.9999999999999992,00,operational,828,0.3684210526315789
0.8874917721260724,0.1125082278739275,0.5083624353450689,0.4916375646549312,250.0,1260.0,False,3760.0,0.0,0.9999999999999992,01,operational,828,0.3684210526315789
0.8807499181374974,0.1192500818625026,0.572537656209561,0.4274623437904389,250.0,1240.0,False,3760.0,0.0,0.9999999999999992,10,operational,828,0.3684210526315789
0.8786600294441316,0.1213399705558684,0.572537656209561,0.4274623437904389,250.0,1260.0,False,3760.0,0.0,0.9999999999999992,11,operational,828,0.3684210526315789
0.9132256773107296,0.0867743226892705,0.4971015707613722,0.5028984292386278,360.0,1050.0,False,3760.0,0.0,0.9999999999999992,00,operational,829,0.3859649122807017
0.90987092094303,0.0901290790569701,0.4971015707613722,0.5028984292386278,360.0,1080.0,False,3760.0,0.0,0.9999999999999992,01,operational,829,0.3859649122807017
0.9016529879973578,0.0983470120026421,0.5422304636457267,0.4577695363542733,360.0,1050.0,False,3760.0,0.0,0.9999999999999992,10,operational,829,0.3859649122807017
0.8974572437106995,0.1025427562893005,0.5422304636457267,0.4577695363542733,360.0,1090.0,False,3760.0,0.0,0.9999999999999992,11,operational,829,0.3859649122807017
0.814949094604192,0.185050905395808,0.6895845842757655,0.3104154157242344,360.0,1690.0,False,3760.0,0.0,0.9999999999999992,00,operational,830,0.4912280701754385
0.7958585265336432,0.2041414734663568,0.6895845842757655,0.3104154157242344,360.0,1840.0,False,3760.0,0.0,0.9999999999999992,01,operational,830,0.4912280701754385
0.8045151735717609,0.195484826428239,0.6931298508526345,0.3068701491473655,360.0,1690.0,False,3760.0,0.0,0.9999999999999992,10,operational,830,0.4912280701754385
0.7832659121623653,0.2167340878376347,0.6931298508526345,0.3068701491473655,360.0,1840.0,False,3760.0,0.0,0.9999999999999992,11,operational,830,0.4912280701754385
0.886324648306113,0.1136753516938869,0.5203496518400207,0.4796503481599793,360.0,1220.0,False,3760.0,0.0,0.9999999999999992,00,operational,831,0.3859649122807017
0.8838178934363059,0.1161821065636941,0.5203496518400207,0.4796503481599793,360.0,1250.0,False,3760.0,0.0,0.9999999999999992,01,operational,831,0.3859649122807017
0.8812911366818558,0.1187088633181442,0.5309454444479769,0.4690545555520231,360.0,1220.0,False,3760.0,0.0,0.9999999999999992,10,operational,831,0.3859649122807017
0.8784882912745501,0.1215117087254499,0.5309454444479769,0.4690545555520231,360.0,1250.0,False,3760.0,0.0,0.9999999999999992,11,operational,831,0.3859649122807017
0.8500881572687388,0.1499118427312612,0.6450576919606905,0.3549423080393095,280.0,1540.0,False,3760.0,0.0,0.9999999999999992,00,operational,832,0.4736842105263157
0.8403698626464274,0.1596301373535725,0.6450576919606905,0.3549423080393095,280.0,1620.0,False,3760.0,0.0,0.9999999999999992,01,operational,832,0.4736842105263157
0.833202850010324,0.1667971499896759,0.7210017648847249,0.278998235115275,280.0,1540.0,False,3760.0,0.0,0.9999999999999992,10,operational,832,0.4736842105263157
0.8221533684452752,0.1778466315547248,0.7210017648847249,0.278998235115275,280.0,1620.0,False,3760.0,0.0,0.9999999999999992,11,operational,832,0.4736842105263157
0.9700115386521946,0.0299884613478054,0.3151981821340571,0.6848018178659429,360.0,530.0,False,3760.0,0.0,0.9999999999999992,00,operational,833,0.2456140350877192
0.9690863464704416,0.0309136535295585,0.3151981821340571,0.6848018178659429,360.0,540.0,False,3760.0,0.0,0.9999999999999992,01,operational,833,0.2456140350877192
0.9665502554853616,0.0334497445146384,0.352464026797056,0.647535973202944,360.0,530.0,False,3760.0,0.0,0.9999999999999992,10,operational,833,0.2456140350877192
0.9653074464944724,0.0346925535055276,0.352464026797056,0.647535973202944,360.0,540.0,False,3760.0,0.0,0.9999999999999992,11,operational,833,0.2456140350877192
0.8546255182581128,0.1453744817418871,0.5718405828001973,0.4281594171998026,360.0,1510.0,False,3760.0,0.0,0.9999999999999992,00,operational,834,0.5087719298245614
0.8485205667576667,0.1514794332423332,0.5718405828001973,0.4281594171998026,360.0,1560.0,False,3760.0,0.0,0.9999999999999992,01,operational,834,0.5087719298245614
0.842705750511524,0.157294249488476,0.5848632625825287,0.4151367374174712,360.0,1510.0,False,3760.0,0.0,0.9999999999999992,10,operational,834,0.5087719298245614
0.8353025053825323,0.1646974946174677,0.5848632625825287,0.4151367374174712,360.0,1570.0,False,3760.0,0.0,0.9999999999999992,11,operational,834,0.5087719298245614
0.9711057223561976,0.0288942776438024,0.3178706309225045,0.6821293690774954,360.0,500.0,False,3760.0,0.0,0.9999999999999992,00,operational,835,0.2280701754385964
0.9702357143704472,0.0297642856295529,0.3178706309225045,0.6821293690774954,360.0,510.0,False,3760.0,0.0,0.9999999999999992,01,operational,835,0.2280701754385964
0.9675610458362852,0.0324389541637148,0.3499347284390729,0.6500652715609271,360.0,500.0,False,3760.0,0.0,0.9999999999999992,10,operational,835,0.2280701754385964
0.9663569971081318,0.0336430028918681,0.3499347284390729,0.6500652715609271,360.0,520.0,False,3760.0,0.0,0.9999999999999992,11,operational,835,0.2280701754385964
0.9175345854810064,0.0824654145189935,0.4950181706783972,0.5049818293216027,360.0,910.0,False,3760.0,0.0,0.9999999999999992,00,operational,836,0.2456140350877192
0.9154582370303256,0.0845417629696744,0.4950181706783972,0.5049818293216027,360.0,940.0,False,3760.0,0.0,0.9999999999999992,01,operational,836,0.2456140350877192
0.9106258433935656,0.0893741566064343,0.513830045744948,0.486169954255052,360.0,920.0,False,3760.0,0.0,0.9999999999999992,10,operational,836,0.2456140350877192
0.9082938409537664,0.0917061590462336,0.513830045744948,0.486169954255052,360.0,940.0,False,3760.0,0.0,0.9999999999999992,11,operational,836,0.2456140350877192
0.8281375729871038,0.1718624270128962,0.8527576461135616,0.1472423538864384,290.0,1560.0,False,3760.0,0.0,0.9999999999999992,00,operational,837,0.3859649122807017
0.8046336783399993,0.1953663216600006,0.8527576461135616,0.1472423538864384,290.0,1730.0,False,3760.0,0.0,0.9999999999999992,01,operational,837,0.3859649122807017
0.8043898758329592,0.1956101241670408,0.9609469551788556,0.0390530448211444,290.0,1560.0,False,3760.0,0.0,0.9999999999999992,10,operational,837,0.3859649122807017
0.7776676840815883,0.2223323159184117,0.9609469551788556,0.0390530448211444,290.0,1740.0,False,3760.0,0.0,0.9999999999999992,11,operational,837,0.3859649122807017
0.954753118992992,0.0452468810070081,0.5296754655395743,0.4703245344604257,360.0,620.0,False,3760.0,0.0,0.9999999999999992,00,operational,838,0.1929824561403508
0.9546332098707888,0.0453667901292113,0.5296754655395743,0.4703245344604257,360.0,630.0,False,3760.0,0.0,0.9999999999999992,01,operational,838,0.1929824561403508
0.9403495635841084,0.0596504364158916,0.7482592340365343,0.2517407659634657,360.0,630.0,False,3760.0,0.0,0.9999999999999992,10,operational,838,0.1929824561403508
0.9400409266620824,0.0599590733379177,0.7482592340365343,0.2517407659634657,360.0,640.0,False,3760.0,0.0,0.9999999999999992,11,operational,838,0.1929824561403508
0.7251457608645395,0.2748542391354605,0.7724780397449016,0.2275219602550984,360.0,2290.0,False,3760.0,0.0,0.9999999999999992,00,operational,839,0.4912280701754385
0.6953189005257415,0.3046810994742585,0.7724780397449016,0.2275219602550984,360.0,2480.0,False,3760.0,0.0,0.9999999999999992,01,operational,839,0.4912280701754385
0.7060570028770465,0.2939429971229534,0.7930545850358215,0.2069454149641785,360.0,2290.0,False,3760.0,0.0,0.9999999999999992,10,operational,839,0.4912280701754385
0.6747094846253506,0.3252905153746493,0.7930545850358215,0.2069454149641785,360.0,2480.0,False,3760.0,0.0,0.9999999999999992,11,operational,839,0.4912280701754385
0.9577756423722926,0.0422243576277073,0.3172464346556299,0.68275356534437,360.0,770.0,False,3760.0,0.0,0.9999999999999992,00,operational,840,0.3157894736842105
0.9531545119139982,0.0468454880860017,0.3172464346556299,0.68275356534437,360.0,850.0,False,3760.0,0.0,0.9999999999999992,01,operational,840,0.3157894736842105
0.9445892896846596,0.0554107103153402,0.4352082697364956,0.5647917302635044,360.0,780.0,False,3760.0,0.0,0.9999999999999992,10,operational,840,0.3157894736842105
0.9383958822749348,0.0616041177250652,0.4352082697364956,0.5647917302635044,360.0,850.0,False,3760.0,0.0,0.9999999999999992,11,operational,840,0.3157894736842105
0.9107686588800636,0.0892313411199363,0.4917583642812491,0.5082416357187509,360.0,1030.0,False,3760.0,0.0,0.9999999999999992,00,operational,841,0.3333333333333333
0.9079913202504356,0.0920086797495643,0.4917583642812491,0.5082416357187509,360.0,1070.0,False,3760.0,0.0,0.9999999999999992,01,operational,841,0.3333333333333333
0.9023143930166048,0.0976856069833951,0.5220332841294906,0.4779667158705095,360.0,1040.0,False,3760.0,0.0,0.9999999999999992,10,operational,841,0.3333333333333333
0.8988832409802725,0.1011167590197275,0.5220332841294906,0.4779667158705095,360.0,1070.0,False,3760.0,0.0,0.9999999999999992,11,operational,841,0.3333333333333333
0.9497006399652216,0.0502993600347785,0.4151056825372742,0.5848943174627258,360.0,740.0,False,3760.0,0.0,0.9999999999999992,00,operational,842,0.3157894736842105
0.9496768006077918,0.0503231993922081,0.4151056825372742,0.5848943174627258,360.0,740.0,False,3760.0,0.0,0.9999999999999992,01,operational,842,0.3157894736842105
0.9459547467516022,0.0540452532483978,0.4445293901180168,0.5554706098819832,360.0,740.0,False,3760.0,0.0,0.9999999999999992,10,operational,842,0.3157894736842105
0.945911479580207,0.0540885204197929,0.4445293901180168,0.5554706098819832,360.0,740.0,False,3760.0,0.0,0.9999999999999992,11,operational,842,0.3157894736842105
0.94441644895733,0.0555835510426701,0.6338655564966982,0.3661344435033017,360.0,740.0,False,3760.0,0.0,0.9999999999999992,00,operational,843,0.2982456140350877
0.9443707394908928,0.0556292605091073,0.6338655564966982,0.3661344435033017,360.0,750.0,False,3760.0,0.0,0.9999999999999992,01,operational,843,0.2982456140350877
0.9317816521209892,0.0682183478790107,0.8141357932615895,0.1858642067384105,360.0,750.0,False,3760.0,0.0,0.9999999999999992,10,operational,843,0.2982456140350877
0.9316419076549676,0.0683580923450324,0.8141357932615895,0.1858642067384105,360.0,750.0,False,3760.0,0.0,0.9999999999999992,11,operational,843,0.2982456140350877
0.7968338648118957,0.2031661351881043,0.9196551423044392,0.0803448576955608,360.0,1640.0,False,3760.0,0.0,0.9999999999999992,00,operational,844,0.4561403508771929
0.7864578016487779,0.2135421983512221,0.9196551423044392,0.0803448576955608,360.0,1710.0,False,3760.0,0.0,0.9999999999999992,01,operational,844,0.4561403508771929
0.7732490226632095,0.2267509773367905,0.9887343097295708,0.0112656902704292,360.0,1640.0,False,3760.0,0.0,0.9999999999999992,10,operational,844,0.4561403508771929
0.7615542958925234,0.2384457041074765,0.9887343097295708,0.0112656902704292,360.0,1710.0,False,3760.0,0.0,0.9999999999999992,11,operational,844,0.4561403508771929
0.8973630723894905,0.1026369276105094,0.5078443523934073,0.4921556476065926,360.0,1210.0,False,3760.0,0.0,0.9999999999999992,00,operational,845,0.4912280701754385
0.878916963799528,0.121083036200472,0.5078443523934073,0.4921556476065926,360.0,1370.0,False,3760.0,0.0,0.9999999999999992,01,operational,845,0.4912280701754385
0.8845224278412674,0.1154775721587325,0.5473847662086542,0.4526152337913459,360.0,1210.0,False,3760.0,0.0,0.9999999999999992,10,operational,845,0.4912280701754385
0.8639696654637762,0.1360303345362238,0.5473847662086542,0.4526152337913459,360.0,1380.0,False,3760.0,0.0,0.9999999999999992,11,operational,845,0.4912280701754385
0.8386132272141252,0.1613867727858747,0.7439205186774718,0.2560794813225282,360.0,1380.0,False,3760.0,0.0,0.9999999999999992,00,operational,846,0.3333333333333333
0.8157636405503961,0.1842363594496039,0.7439205186774718,0.2560794813225282,360.0,1530.0,False,3760.0,0.0,0.9999999999999992,01,operational,846,0.3333333333333333
0.8184483218175755,0.1815516781824244,0.8211415812907319,0.1788584187092681,360.0,1380.0,False,3760.0,0.0,0.9999999999999992,10,operational,846,0.3333333333333333
0.7934345782777847,0.2065654217222152,0.8211415812907319,0.1788584187092681,360.0,1540.0,False,3760.0,0.0,0.9999999999999992,11,operational,846,0.3333333333333333
0.9270919948912968,0.0729080051087032,0.4801240125613853,0.5198759874386146,360.0,960.0,False,3760.0,0.0,0.9999999999999992,00,operational,847,0.4561403508771929
0.926137863388675,0.073862136611325,0.4801240125613853,0.5198759874386146,360.0,970.0,False,3760.0,0.0,0.9999999999999992,01,operational,847,0.4561403508771929
0.920461985652597,0.079538014347403,0.5018082922554681,0.4981917077445319,360.0,960.0,False,3760.0,0.0,0.9999999999999992,10,operational,847,0.4561403508771929
0.9193761238592754,0.0806238761407246,0.5018082922554681,0.4981917077445319,360.0,970.0,False,3760.0,0.0,0.9999999999999992,11,operational,847,0.4561403508771929
0.8331191330516318,0.1668808669483682,0.6664405486309553,0.3335594513690447,360.0,1600.0,False,3760.0,0.0,0.9999999999999992,00,operational,848,0.4035087719298245
0.8234044412946818,0.1765955587053181,0.6664405486309553,0.3335594513690447,360.0,1690.0,False,3760.0,0.0,0.9999999999999992,01,operational,848,0.4035087719298245
0.818171950111649,0.181828049888351,0.7365311400437915,0.2634688599562085,360.0,1600.0,False,3760.0,0.0,0.9999999999999992,10,operational,848,0.4035087719298245
0.8076826796219049,0.1923173203780951,0.7365311400437915,0.2634688599562085,360.0,1690.0,False,3760.0,0.0,0.9999999999999992,11,operational,848,0.4035087719298245
0.917138131432875,0.0828618685671249,0.4607383141793884,0.5392616858206116,360.0,1030.0,False,3760.0,0.0,0.9999999999999992,00,operational,849,0.3684210526315789
0.9144451101751796,0.0855548898248205,0.4607383141793884,0.5392616858206116,360.0,1060.0,False,3760.0,0.0,0.9999999999999992,01,operational,849,0.3684210526315789
0.907277023457789,0.0927229765422109,0.5006058845582841,0.4993941154417158,360.0,1030.0,False,3760.0,0.0,0.9999999999999992,10,operational,849,0.3684210526315789
0.9040747795115124,0.0959252204884875,0.5006058845582841,0.4993941154417158,360.0,1060.0,False,3760.0,0.0,0.9999999999999992,11,operational,849,0.3684210526315789
0.965850109657279,0.0341498903427209,0.5695977527291917,0.4304022472708083,360.0,620.0,False,3760.0,0.0,0.9999999999999992,00,operational,850,0.2631578947368421
0.9638408262705764,0.0361591737294236,0.5695977527291917,0.4304022472708083,360.0,650.0,False,3760.0,0.0,0.9999999999999992,01,operational,850,0.2631578947368421
0.9455958529478884,0.0544041470521114,0.9513314010280414,0.0486685989719585,360.0,620.0,False,3760.0,0.0,0.9999999999999992,10,operational,850,0.2631578947368421
0.9422534562967678,0.0577465437032321,0.9513314010280414,0.0486685989719585,360.0,650.0,False,3760.0,0.0,0.9999999999999992,11,operational,850,0.2631578947368421
0.8836272644282089,0.116372735571791,0.6552899111522357,0.3447100888477643,360.0,1190.0,False,3760.0,0.0,0.9999999999999992,00,operational,851,0.2807017543859649
0.8824656422619828,0.1175343577380172,0.6552899111522357,0.3447100888477643,360.0,1210.0,False,3760.0,0.0,0.9999999999999992,01,operational,851,0.2807017543859649
0.8694413855249966,0.1305586144750034,0.739855721556615,0.2601442784433849,360.0,1210.0,False,3760.0,0.0,0.9999999999999992,10,operational,851,0.2807017543859649
0.8678478367978748,0.1321521632021252,0.739855721556615,0.2601442784433849,360.0,1220.0,False,3760.0,0.0,0.9999999999999992,11,operational,851,0.2807017543859649
0.9070277867101532,0.0929722132898468,0.6783203130197937,0.3216796869802063,360.0,960.0,False,3760.0,0.0,0.9999999999999992,00,operational,852,0.2631578947368421
0.9040931647753362,0.0959068352246638,0.6783203130197937,0.3216796869802063,360.0,1000.0,False,3760.0,0.0,0.9999999999999992,01,operational,852,0.2631578947368421
0.890042983057853,0.1099570169421469,0.8001164355199846,0.1998835644800154,360.0,970.0,False,3760.0,0.0,0.9999999999999992,10,operational,852,0.2631578947368421
0.8861986547636788,0.1138013452363212,0.8001164355199846,0.1998835644800154,360.0,1010.0,False,3760.0,0.0,0.9999999999999992,11,operational,852,0.2631578947368421
0.909494801183856,0.090505198816144,0.4868509638506487,0.5131490361493513,360.0,1050.0,False,3760.0,0.0,0.9999999999999992,00,operational,853,0.3684210526315789
0.9064765816099898,0.0935234183900102,0.4868509638506487,0.5131490361493513,360.0,1080.0,False,3760.0,0.0,0.9999999999999992,01,operational,853,0.3684210526315789
0.8993781305250116,0.1006218694749884,0.5165734466582041,0.4834265533417958,360.0,1050.0,False,3760.0,0.0,0.9999999999999992,10,operational,853,0.3684210526315789
0.8955321646532993,0.1044678353467006,0.5165734466582041,0.4834265533417958,360.0,1090.0,False,3760.0,0.0,0.9999999999999992,11,operational,853,0.3684210526315789
0.9733707851856684,0.0266292148143316,0.2848779609562839,0.7151220390437161,360.0,530.0,False,3760.0,0.0,0.9999999999999992,00,operational,854,0.2456140350877192
0.9731539616577024,0.0268460383422975,0.2848779609562839,0.7151220390437161,360.0,530.0,False,3760.0,0.0,0.9999999999999992,01,operational,854,0.2456140350877192
0.970070547526898,0.029929452473102,0.3189020352034234,0.6810979647965766,360.0,530.0,False,3760.0,0.0,0.9999999999999992,10,operational,854,0.2456140350877192
0.96968247347958,0.0303175265204198,0.3189020352034234,0.6810979647965766,360.0,530.0,False,3760.0,0.0,0.9999999999999992,11,operational,854,0.2456140350877192
0.8667075830724602,0.1332924169275398,0.6901773203415114,0.3098226796584887,360.0,1330.0,False,3760.0,0.0,0.9999999999999992,00,operational,855,0.4385964912280701
0.8563644135108258,0.1436355864891741,0.6901773203415114,0.3098226796584887,360.0,1430.0,False,3760.0,0.0,0.9999999999999992,01,operational,855,0.4385964912280701
0.8517724521758204,0.1482275478241795,0.7400568342821074,0.2599431657178925,360.0,1330.0,False,3760.0,0.0,0.9999999999999992,10,operational,855,0.4385964912280701
0.8398943542937645,0.1601056457062355,0.7400568342821074,0.2599431657178925,360.0,1430.0,False,3760.0,0.0,0.9999999999999992,11,operational,855,0.4385964912280701
0.9066152906543374,0.0933847093456625,0.5547961191184092,0.4452038808815908,360.0,1000.0,False,3760.0,0.0,0.9999999999999992,00,operational,856,0.2982456140350877
0.9032801082524734,0.0967198917475266,0.5547961191184092,0.4452038808815908,360.0,1030.0,False,3760.0,0.0,0.9999999999999992,01,operational,856,0.2982456140350877
0.9025305106546476,0.0974694893453524,0.5709256111218504,0.4290743888781497,360.0,1000.0,False,3760.0,0.0,0.9999999999999992,10,operational,856,0.2982456140350877
0.8989392736786435,0.1010607263213565,0.5709256111218504,0.4290743888781497,360.0,1030.0,False,3760.0,0.0,0.9999999999999992,11,operational,856,0.2982456140350877
0.841669330313688,0.158330669686312,0.6998065825196538,0.3001934174803461,360.0,1500.0,False,3760.0,0.0,0.9999999999999992,00,operational,857,0.4385964912280701
0.8207651241348064,0.1792348758651936,0.6998065825196538,0.3001934174803461,360.0,1660.0,False,3760.0,0.0,0.9999999999999992,01,operational,857,0.4385964912280701
0.8310432277773553,0.1689567722226447,0.731042148040851,0.268957851959149,360.0,1500.0,False,3760.0,0.0,0.9999999999999992,10,operational,857,0.4385964912280701
0.8084943743433851,0.1915056256566149,0.731042148040851,0.268957851959149,360.0,1660.0,False,3760.0,0.0,0.9999999999999992,11,operational,857,0.4385964912280701
0.9020972129657628,0.0979027870342372,0.4594420323469587,0.5405579676530413,360.0,1170.0,False,3760.0,0.0,0.9999999999999992,00,operational,858,0.4035087719298245
0.9010425760662888,0.0989574239337111,0.4594420323469587,0.5405579676530413,360.0,1190.0,False,3760.0,0.0,0.9999999999999992,01,operational,858,0.4035087719298245
0.8920419376907847,0.1079580623092153,0.4773958574896226,0.5226041425103773,360.0,1170.0,False,3760.0,0.0,0.9999999999999992,10,operational,858,0.4035087719298245
0.8904515664101287,0.1095484335898713,0.4773958574896226,0.5226041425103773,360.0,1190.0,False,3760.0,0.0,0.9999999999999992,11,operational,858,0.4035087719298245
0.7740038912972166,0.2259961087027834,0.8915912980627246,0.1084087019372753,360.0,1880.0,False,3760.0,0.0,0.9999999999999992,00,operational,859,0.4912280701754385
0.7678157510378878,0.2321842489621122,0.8915912980627246,0.1084087019372753,360.0,1930.0,False,3760.0,0.0,0.9999999999999992,01,operational,859,0.4912280701754385
0.7421724334121245,0.2578275665878755,0.97903338445978,0.02096661554022,360.0,1880.0,False,3760.0,0.0,0.9999999999999992,10,operational,859,0.4912280701754385
0.7347632970152175,0.2652367029847825,0.97903338445978,0.02096661554022,360.0,1940.0,False,3760.0,0.0,0.9999999999999992,11,operational,859,0.4912280701754385
0.9537283526426312,0.0462716473573686,0.3784321677211948,0.6215678322788052,360.0,700.0,False,3760.0,0.0,0.9999999999999992,00,operational,860,0.2456140350877192
0.9490279093502992,0.0509720906497006,0.3784321677211948,0.6215678322788052,360.0,760.0,False,3760.0,0.0,0.9999999999999992,01,operational,860,0.2456140350877192
0.9490997729684434,0.0509002270315566,0.3963336684283491,0.6036663315716508,360.0,710.0,False,3760.0,0.0,0.9999999999999992,10,operational,860,0.2456140350877192
0.9435437361315484,0.0564562638684517,0.3963336684283491,0.6036663315716508,360.0,760.0,False,3760.0,0.0,0.9999999999999992,11,operational,860,0.2456140350877192
0.90347491132213,0.09652508867787,0.6055817042373662,0.3944182957626337,360.0,1100.0,False,3760.0,0.0,0.9999999999999992,00,operational,861,0.4035087719298245
0.9022197976984436,0.0977802023015563,0.6055817042373662,0.3944182957626337,360.0,1120.0,False,3760.0,0.0,0.9999999999999992,01,operational,861,0.4035087719298245
0.8862825957313221,0.1137174042686779,0.6993325864512657,0.3006674135487343,360.0,1100.0,False,3760.0,0.0,0.9999999999999992,10,operational,861,0.4035087719298245
0.8844780240711364,0.1155219759288636,0.6993325864512657,0.3006674135487343,360.0,1130.0,False,3760.0,0.0,0.9999999999999992,11,operational,861,0.4035087719298245
0.8593789674565006,0.1406210325434994,0.6340171758679334,0.3659828241320665,360.0,1390.0,False,3760.0,0.0,0.9999999999999992,00,operational,862,0.4035087719298245
0.8540397939296086,0.1459602060703914,0.6340171758679334,0.3659828241320665,360.0,1450.0,False,3760.0,0.0,0.9999999999999992,01,operational,862,0.4035087719298245
0.8457522710802168,0.1542477289197832,0.6954658550487419,0.3045341449512581,360.0,1390.0,False,3760.0,0.0,0.9999999999999992,10,operational,862,0.4035087719298245
0.8393217772049617,0.1606782227950383,0.6954658550487419,0.3045341449512581,360.0,1450.0,False,3760.0,0.0,0.9999999999999992,11,operational,862,0.4035087719298245
0.846277071523602,0.153722928476398,0.6716802170535618,0.3283197829464382,360.0,1450.0,False,3760.0,0.0,0.9999999999999992,00,operational,863,0.3157894736842105
0.8352535723256848,0.1647464276743152,0.6716802170535618,0.3283197829464382,360.0,1600.0,False,3760.0,0.0,0.9999999999999992,01,operational,863,0.3157894736842105
0.8242929242246123,0.1757070757753877,0.7509918175702487,0.2490081824297513,360.0,1450.0,False,3760.0,0.0,0.9999999999999992,10,operational,863,0.3157894736842105
0.8125264890377705,0.1874735109622295,0.7509918175702487,0.2490081824297513,360.0,1610.0,False,3760.0,0.0,0.9999999999999992,11,operational,863,0.3157894736842105
0.9199594217848928,0.0800405782151073,0.4343030612157675,0.5656969387842324,360.0,990.0,False,3760.0,0.0,0.9999999999999992,00,operational,864,0.3333333333333333
0.91967049423808,0.0803295057619201,0.4343030612157675,0.5656969387842324,360.0,1000.0,False,3760.0,0.0,0.9999999999999992,01,operational,864,0.3333333333333333
0.9136270184845168,0.0863729815154833,0.4461324569373035,0.5538675430626965,360.0,990.0,False,3760.0,0.0,0.9999999999999992,10,operational,864,0.3333333333333333
0.9130410014433266,0.0869589985566734,0.4461324569373035,0.5538675430626965,360.0,1000.0,False,3760.0,0.0,0.9999999999999992,11,operational,864,0.3333333333333333
0.8525772076592738,0.1474227923407262,0.6545233633062453,0.3454766366937548,360.0,1500.0,False,3760.0,0.0,0.9999999999999992,00,operational,865,0.4912280701754385
0.8470181508433293,0.1529818491566706,0.6545233633062453,0.3454766366937548,360.0,1560.0,False,3760.0,0.0,0.9999999999999992,01,operational,865,0.4912280701754385
0.8317279499973486,0.1682720500026514,0.7408836554601258,0.2591163445398742,360.0,1500.0,False,3760.0,0.0,0.9999999999999992,10,operational,865,0.4912280701754385
0.8249993882311852,0.1750006117688147,0.7408836554601258,0.2591163445398742,360.0,1570.0,False,3760.0,0.0,0.9999999999999992,11,operational,865,0.4912280701754385
0.924074810862455,0.0759251891375449,0.4971483564275257,0.5028516435724742,360.0,1010.0,False,3760.0,0.0,0.9999999999999992,00,operational,866,0.4561403508771929
0.917412443353128,0.0825875566468719,0.4971483564275257,0.5028516435724742,360.0,1080.0,False,3760.0,0.0,0.9999999999999992,01,operational,866,0.4561403508771929
0.9141943265614926,0.0858056734385074,0.524527277886556,0.475472722113444,360.0,1010.0,False,3760.0,0.0,0.9999999999999992,10,operational,866,0.4561403508771929
0.9063563289325518,0.0936436710674482,0.524527277886556,0.475472722113444,360.0,1080.0,False,3760.0,0.0,0.9999999999999992,11,operational,866,0.4561403508771929
0.906546876504168,0.0934531234958321,0.4857189022720928,0.5142810977279072,360.0,1080.0,False,3760.0,0.0,0.9999999999999992,00,operational,867,0.3333333333333333
0.9042055843908612,0.0957944156091389,0.4857189022720928,0.5142810977279072,360.0,1110.0,False,3760.0,0.0,0.9999999999999992,01,operational,867,0.3333333333333333
0.8994434938650024,0.1005565061349975,0.5035877599170578,0.4964122400829421,360.0,1080.0,False,3760.0,0.0,0.9999999999999992,10,operational,867,0.3333333333333333
0.8967410218346087,0.1032589781653913,0.5035877599170578,0.4964122400829421,360.0,1110.0,False,3760.0,0.0,0.9999999999999992,11,operational,867,0.3333333333333333
0.9028756629821336,0.0971243370178662,0.6174668506904768,0.3825331493095232,360.0,1040.0,False,3760.0,0.0,0.9999999999999992,00,operational,868,0.2982456140350877
0.896179872725619,0.1038201272743809,0.6174668506904768,0.3825331493095232,360.0,1110.0,False,3760.0,0.0,0.9999999999999992,01,operational,868,0.2982456140350877
0.8970607842592279,0.1029392157407721,0.6474287493449513,0.3525712506550487,360.0,1040.0,False,3760.0,0.0,0.9999999999999992,10,operational,868,0.2982456140350877
0.8897058911082353,0.1102941088917647,0.6474287493449513,0.3525712506550487,360.0,1120.0,False,3760.0,0.0,0.9999999999999992,11,operational,868,0.2982456140350877
0.8790798123557534,0.1209201876442466,0.5524058922107479,0.4475941077892521,360.0,1280.0,False,3760.0,0.0,0.9999999999999992,00,operational,869,0.4210526315789473
0.8731939725497159,0.1268060274502841,0.5524058922107479,0.4475941077892521,360.0,1330.0,False,3760.0,0.0,0.9999999999999992,01,operational,869,0.4210526315789473
0.8682098707991877,0.1317901292008123,0.5755752853455345,0.4244247146544654,360.0,1280.0,False,3760.0,0.0,0.9999999999999992,10,operational,869,0.4210526315789473
0.8612601626434666,0.1387398373565334,0.5755752853455345,0.4244247146544654,360.0,1340.0,False,3760.0,0.0,0.9999999999999992,11,operational,869,0.4210526315789473
0.8902427147787405,0.1097572852212594,0.5387450896381197,0.4612549103618802,360.0,1220.0,False,3760.0,0.0,0.9999999999999992,00,operational,870,0.3684210526315789
0.8859067361081034,0.1140932638918965,0.5387450896381197,0.4612549103618802,360.0,1270.0,False,3760.0,0.0,0.9999999999999992,01,operational,870,0.3684210526315789
0.8800521894739113,0.1199478105260887,0.5524054851532578,0.4475945148467422,360.0,1220.0,False,3760.0,0.0,0.9999999999999992,10,operational,870,0.3684210526315789
0.8752814492541654,0.1247185507458346,0.5524054851532578,0.4475945148467422,360.0,1270.0,False,3760.0,0.0,0.9999999999999992,11,operational,870,0.3684210526315789
0.8958467163782916,0.1041532836217083,0.6486757138054602,0.3513242861945398,360.0,1170.0,False,3760.0,0.0,0.9999999999999992,00,operational,871,0.4210526315789473
0.8956852474396123,0.1043147525603876,0.6486757138054602,0.3513242861945398,360.0,1170.0,False,3760.0,0.0,0.9999999999999992,01,operational,871,0.4210526315789473
0.8709964180331142,0.1290035819668857,0.8074813299869679,0.1925186700130321,360.0,1170.0,False,3760.0,0.0,0.9999999999999992,10,operational,871,0.4210526315789473
0.8707364479945031,0.1292635520054968,0.8074813299869679,0.1925186700130321,360.0,1170.0,False,3760.0,0.0,0.9999999999999992,11,operational,871,0.4210526315789473
0.8855114395336552,0.1144885604663448,0.5359922336283732,0.4640077663716268,360.0,1350.0,False,3760.0,0.0,0.9999999999999992,00,operational,872,0.4561403508771929
0.8690091735751169,0.1309908264248831,0.5359922336283732,0.4640077663716268,360.0,1490.0,False,3760.0,0.0,0.9999999999999992,01,operational,872,0.4561403508771929
0.8762158706684897,0.1237841293315102,0.5471659751185103,0.4528340248814897,360.0,1350.0,False,3760.0,0.0,0.9999999999999992,10,operational,872,0.4561403508771929
0.8585019372868125,0.1414980627131875,0.5471659751185103,0.4528340248814897,360.0,1500.0,False,3760.0,0.0,0.9999999999999992,11,operational,872,0.4561403508771929
0.9189045475339944,0.0810954524660055,0.6325699254721746,0.3674300745278254,360.0,920.0,False,3760.0,0.0,0.9999999999999992,00,operational,873,0.2982456140350877
0.8939783192911233,0.1060216807088767,0.6325699254721746,0.3674300745278254,360.0,1140.0,False,3760.0,0.0,0.9999999999999992,01,operational,873,0.2982456140350877
0.9092202223699232,0.0907797776300767,0.7075620718611362,0.2924379281388639,360.0,920.0,False,3760.0,0.0,0.9999999999999992,10,operational,873,0.2982456140350877
0.8821274528968956,0.1178725471031043,0.7075620718611362,0.2924379281388639,360.0,1150.0,False,3760.0,0.0,0.9999999999999992,11,operational,873,0.2982456140350877
0.9543000683167138,0.0456999316832862,0.3816807126140209,0.6183192873859791,360.0,690.0,False,3760.0,0.0,0.9999999999999992,00,operational,874,0.3333333333333333
0.953188840466766,0.0468111595332341,0.3816807126140209,0.6183192873859791,360.0,700.0,False,3760.0,0.0,0.9999999999999992,01,operational,874,0.3333333333333333
0.946498628083792,0.0535013719162079,0.4469150872451274,0.5530849127548726,360.0,690.0,False,3760.0,0.0,0.9999999999999992,10,operational,874,0.3333333333333333
0.944843754734082,0.055156245265918,0.4469150872451274,0.5530849127548726,360.0,720.0,False,3760.0,0.0,0.9999999999999992,11,operational,874,0.3333333333333333
0.8934945919074467,0.1065054080925532,0.7558420982639787,0.2441579017360212,360.0,1070.0,False,3760.0,0.0,0.9999999999999992,00,operational,875,0.3508771929824561
0.8824379615581612,0.1175620384418387,0.7558420982639787,0.2441579017360212,360.0,1160.0,False,3760.0,0.0,0.9999999999999992,01,operational,875,0.3508771929824561
0.8749529667444768,0.1250470332555232,0.8963890711673699,0.1036109288326301,360.0,1070.0,False,3760.0,0.0,0.9999999999999992,10,operational,875,0.3508771929824561
0.8614135897757141,0.1385864102242858,0.8963890711673699,0.1036109288326301,360.0,1170.0,False,3760.0,0.0,0.9999999999999992,11,operational,875,0.3508771929824561
0.8553818485193203,0.1446181514806797,0.5296330562068583,0.4703669437931416,360.0,1520.0,False,3760.0,0.0,0.9999999999999992,00,operational,876,0.4736842105263157
0.8508425745261463,0.1491574254738537,0.5296330562068583,0.4703669437931416,360.0,1570.0,False,3760.0,0.0,0.9999999999999992,01,operational,876,0.4736842105263157
0.8378096941535671,0.1621903058464329,0.5621492634243156,0.4378507365756844,360.0,1520.0,False,3760.0,0.0,0.9999999999999992,10,operational,876,0.4736842105263157
0.8319401267992393,0.1680598732007606,0.5621492634243156,0.4378507365756844,360.0,1570.0,False,3760.0,0.0,0.9999999999999992,11,operational,876,0.4736842105263157
0.9375952382684424,0.0624047617315577,0.422541338195084,0.577458661804916,360.0,840.0,False,3760.0,0.0,0.9999999999999992,00,operational,877,0.3157894736842105
0.9374602929915268,0.0625397070084733,0.422541338195084,0.577458661804916,360.0,840.0,False,3760.0,0.0,0.9999999999999992,01,operational,877,0.3157894736842105
0.9299485015422736,0.0700514984577264,0.4542109735945636,0.5457890264054364,360.0,840.0,False,3760.0,0.0,0.9999999999999992,10,operational,877,0.3157894736842105
0.9297268139644218,0.0702731860355782,0.4542109735945636,0.5457890264054364,360.0,840.0,False,3760.0,0.0,0.9999999999999992,11,operational,877,0.3157894736842105
0.9460928278222898,0.0539071721777102,0.4350105311373923,0.5649894688626077,360.0,790.0,False,3760.0,0.0,0.9999999999999992,00,operational,878,0.3333333333333333
0.9441797589876694,0.0558202410123306,0.4350105311373923,0.5649894688626077,360.0,820.0,False,3760.0,0.0,0.9999999999999992,01,operational,878,0.3333333333333333
0.9375981115098588,0.0624018884901411,0.4747443816954658,0.5252556183045342,360.0,790.0,False,3760.0,0.0,0.9999999999999992,10,operational,878,0.3333333333333333
0.9349524491534232,0.0650475508465767,0.4747443816954658,0.5252556183045342,360.0,830.0,False,3760.0,0.0,0.9999999999999992,11,operational,878,0.3333333333333333
0.9081956850449922,0.0918043149550078,0.5040827434639094,0.4959172565360906,360.0,1060.0,False,3760.0,0.0,0.9999999999999992,00,operational,879,0.4035087719298245
0.9058486996462454,0.0941513003537546,0.5040827434639094,0.4959172565360906,360.0,1080.0,False,3760.0,0.0,0.9999999999999992,01,operational,879,0.4035087719298245
0.899441489175532,0.1005585108244679,0.5242586092867585,0.4757413907132415,360.0,1060.0,False,3760.0,0.0,0.9999999999999992,10,operational,879,0.4035087719298245
0.8961779930150077,0.1038220069849923,0.5242586092867585,0.4757413907132415,360.0,1090.0,False,3760.0,0.0,0.9999999999999992,11,operational,879,0.4035087719298245
0.9020427546777772,0.0979572453222229,0.5075682414490597,0.4924317585509403,360.0,1150.0,False,3760.0,0.0,0.9999999999999992,00,operational,880,0.4035087719298245
0.8982248728031212,0.1017751271968787,0.5075682414490597,0.4924317585509403,360.0,1190.0,False,3760.0,0.0,0.9999999999999992,01,operational,880,0.4035087719298245
0.8936140953243382,0.1063859046756617,0.5136558892579379,0.4863441107420621,360.0,1150.0,False,3760.0,0.0,0.9999999999999992,10,operational,880,0.4035087719298245
0.8890823528290984,0.1109176471709015,0.5136558892579379,0.4863441107420621,360.0,1200.0,False,3760.0,0.0,0.9999999999999992,11,operational,880,0.4035087719298245
0.9040771034346168,0.0959228965653833,0.5930328184848933,0.4069671815151067,360.0,1060.0,False,3760.0,0.0,0.9999999999999992,00,operational,881,0.3684210526315789
0.9030769590473656,0.0969230409526343,0.5930328184848933,0.4069671815151067,360.0,1070.0,False,3760.0,0.0,0.9999999999999992,01,operational,881,0.3684210526315789
0.8950023617604885,0.1049976382395114,0.6428471204310011,0.3571528795689988,360.0,1060.0,False,3760.0,0.0,0.9999999999999992,10,operational,881,0.3684210526315789
0.8937707698951751,0.1062292301048248,0.6428471204310011,0.3571528795689988,360.0,1070.0,False,3760.0,0.0,0.9999999999999992,11,operational,881,0.3684210526315789
0.8984054802826215,0.1015945197173785,0.7356140141155454,0.2643859858844545,360.0,1000.0,False,3760.0,0.0,0.9999999999999992,00,operational,882,0.2631578947368421
0.8983667734553124,0.1016332265446876,0.7356140141155454,0.2643859858844545,360.0,1000.0,False,3760.0,0.0,0.9999999999999992,01,operational,882,0.2631578947368421
0.872344794873556,0.127655205126444,0.912960242510424,0.0870397574895759,360.0,1010.0,False,3760.0,0.0,0.9999999999999992,10,operational,882,0.2631578947368421
0.8722639125896281,0.1277360874103719,0.912960242510424,0.0870397574895759,360.0,1010.0,False,3760.0,0.0,0.9999999999999992,11,operational,882,0.2631578947368421
0.8393877033864405,0.1606122966135594,0.5493437482219483,0.4506562517780517,360.0,1640.0,False,3760.0,0.0,0.9999999999999992,00,operational,883,0.4561403508771929
0.8339461316879587,0.1660538683120412,0.5493437482219483,0.4506562517780517,360.0,1690.0,False,3760.0,0.0,0.9999999999999992,01,operational,883,0.4561403508771929
0.819550895665791,0.180449104334209,0.5812412904097506,0.4187587095902493,360.0,1640.0,False,3760.0,0.0,0.9999999999999992,10,operational,883,0.4561403508771929
0.8128979289441759,0.1871020710558241,0.5812412904097506,0.4187587095902493,360.0,1700.0,False,3760.0,0.0,0.9999999999999992,11,operational,883,0.4561403508771929
0.8180501815471519,0.181949818452848,0.919828310022014,0.0801716899779859,360.0,1600.0,False,3760.0,0.0,0.9999999999999992,00,operational,884,0.5087719298245614
0.7957948550860496,0.2042051449139503,0.919828310022014,0.0801716899779859,360.0,1770.0,False,3760.0,0.0,0.9999999999999992,01,operational,884,0.5087719298245614
0.8069035025618159,0.1930964974381841,0.9665170079872238,0.0334829920127762,360.0,1600.0,False,3760.0,0.0,0.9999999999999992,10,operational,884,0.5087719298245614
0.7828466570500511,0.2171533429499489,0.9665170079872238,0.0334829920127762,360.0,1780.0,False,3760.0,0.0,0.9999999999999992,11,operational,884,0.5087719298245614
0.8971840407650922,0.1028159592349078,0.7071120829017661,0.2928879170982339,360.0,1090.0,False,3760.0,0.0,0.9999999999999992,00,operational,885,0.3859649122807017
0.8944302134495209,0.1055697865504791,0.7071120829017661,0.2928879170982339,360.0,1110.0,False,3760.0,0.0,0.9999999999999992,01,operational,885,0.3859649122807017
0.8835675772213616,0.1164324227786384,0.7740422556677757,0.2259577443322242,360.0,1090.0,False,3760.0,0.0,0.9999999999999992,10,operational,885,0.3859649122807017
0.8801764932676497,0.1198235067323503,0.7740422556677757,0.2259577443322242,360.0,1120.0,False,3760.0,0.0,0.9999999999999992,11,operational,885,0.3859649122807017
0.9040302474276872,0.0959697525723126,0.5167923043357566,0.4832076956642434,360.0,1150.0,False,3760.0,0.0,0.9999999999999992,00,operational,886,0.3508771929824561
0.8876367854627436,0.1123632145372564,0.5167923043357566,0.4832076956642434,360.0,1300.0,False,3760.0,0.0,0.9999999999999992,01,operational,886,0.3508771929824561
0.8935726923141402,0.1064273076858598,0.533122640086984,0.466877359913016,360.0,1150.0,False,3760.0,0.0,0.9999999999999992,10,operational,886,0.3508771929824561
0.875659831038273,0.1243401689617269,0.533122640086984,0.466877359913016,360.0,1300.0,False,3760.0,0.0,0.9999999999999992,11,operational,886,0.3508771929824561
0.8820047671489294,0.1179952328510706,0.5344697865821872,0.4655302134178127,360.0,1320.0,False,3760.0,0.0,0.9999999999999992,00,operational,887,0.4736842105263157
0.8761928903052162,0.1238071096947838,0.5344697865821872,0.4655302134178127,360.0,1380.0,False,3760.0,0.0,0.9999999999999992,01,operational,887,0.4736842105263157
0.8670843033124236,0.1329156966875764,0.5680260768718237,0.4319739231281763,360.0,1320.0,False,3760.0,0.0,0.9999999999999992,10,operational,887,0.4736842105263157
0.8597634761416914,0.1402365238583086,0.5680260768718237,0.4319739231281763,360.0,1390.0,False,3760.0,0.0,0.9999999999999992,11,operational,887,0.4736842105263157
0.9418994742850896,0.0581005257149104,0.4385435838755137,0.5614564161244863,360.0,780.0,False,3760.0,0.0,0.9999999999999992,00,operational,888,0.2982456140350877
0.939646972614632,0.0603530273853679,0.4385435838755137,0.5614564161244863,360.0,810.0,False,3760.0,0.0,0.9999999999999992,01,operational,888,0.2982456140350877
0.9374437499933588,0.0625562500066412,0.4574124630115553,0.5425875369884446,360.0,780.0,False,3760.0,0.0,0.9999999999999992,10,operational,888,0.2982456140350877
0.9346664800329728,0.0653335199670273,0.4574124630115553,0.5425875369884446,360.0,810.0,False,3760.0,0.0,0.9999999999999992,11,operational,888,0.2982456140350877
0.9492704367533384,0.0507295632466616,0.399422135702651,0.6005778642973489,360.0,690.0,False,3760.0,0.0,0.9999999999999992,00,operational,889,0.2280701754385964
0.948263597958377,0.051736402041623,0.399422135702651,0.6005778642973489,360.0,700.0,False,3760.0,0.0,0.9999999999999992,01,operational,889,0.2280701754385964
0.9425135102241812,0.0574864897758187,0.4323763999342784,0.5676236000657215,360.0,690.0,False,3760.0,0.0,0.9999999999999992,10,operational,889,0.2280701754385964
0.941285676955648,0.0587143230443519,0.4323763999342784,0.5676236000657215,360.0,710.0,False,3760.0,0.0,0.9999999999999992,11,operational,889,0.2280701754385964
0.902465735624016,0.097534264375984,0.4839488529728625,0.5160511470271375,360.0,1170.0,False,3760.0,0.0,0.9999999999999992,00,operational,890,0.4210526315789473
0.9023055609603862,0.0976944390396138,0.4839488529728625,0.5160511470271375,360.0,1180.0,False,3760.0,0.0,0.9999999999999992,01,operational,890,0.4210526315789473
0.8904575821459789,0.109542417854021,0.5137883939204351,0.4862116060795649,360.0,1170.0,False,3760.0,0.0,0.9999999999999992,10,operational,890,0.4210526315789473
0.8902774250005475,0.1097225749994524,0.5137883939204351,0.4862116060795649,360.0,1180.0,False,3760.0,0.0,0.9999999999999992,11,operational,890,0.4210526315789473
0.9082178766816246,0.0917821233183754,0.4760074182866886,0.5239925817133114,360.0,1070.0,False,3760.0,0.0,0.9999999999999992,00,operational,891,0.3508771929824561
0.9030903576074658,0.0969096423925341,0.4760074182866886,0.5239925817133114,360.0,1120.0,False,3760.0,0.0,0.9999999999999992,01,operational,891,0.3508771929824561
0.9036917987311504,0.0963082012688495,0.482960207208205,0.517039792791795,360.0,1070.0,False,3760.0,0.0,0.9999999999999992,10,operational,891,0.3508771929824561
0.8983956446591709,0.1016043553408291,0.482960207208205,0.517039792791795,360.0,1120.0,False,3760.0,0.0,0.9999999999999992,11,operational,891,0.3508771929824561
0.8950768801092412,0.1049231198907587,0.5000525464886985,0.4999474535113015,360.0,1190.0,False,3760.0,0.0,0.9999999999999992,00,operational,892,0.4035087719298245
0.8929391055730169,0.107060894426983,0.5000525464886985,0.4999474535113015,360.0,1210.0,False,3760.0,0.0,0.9999999999999992,01,operational,892,0.4035087719298245
0.8835360858940472,0.1164639141059528,0.5304182649057315,0.4695817350942685,360.0,1190.0,False,3760.0,0.0,0.9999999999999992,10,operational,892,0.4035087719298245
0.8806955842811032,0.1193044157188968,0.5304182649057315,0.4695817350942685,360.0,1220.0,False,3760.0,0.0,0.9999999999999992,11,operational,892,0.4035087719298245
0.7753729249085125,0.2246270750914875,0.7583215943135475,0.2416784056864524,360.0,1990.0,False,3760.0,0.0,0.9999999999999992,00,operational,893,0.4736842105263157
0.7535909511095973,0.2464090488904027,0.7583215943135475,0.2416784056864524,360.0,2140.0,False,3760.0,0.0,0.9999999999999992,01,operational,893,0.4736842105263157
0.7528523179809188,0.2471476820190812,0.7767996860314402,0.2232003139685598,360.0,1990.0,False,3760.0,0.0,0.9999999999999992,10,operational,893,0.4736842105263157
0.7295399501874815,0.2704600498125185,0.7767996860314402,0.2232003139685598,360.0,2140.0,False,3760.0,0.0,0.9999999999999992,11,operational,893,0.4736842105263157
0.9290501561282324,0.0709498438717675,0.4629153672104745,0.5370846327895255,360.0,880.0,False,3760.0,0.0,0.9999999999999992,00,operational,894,0.3508771929824561
0.9281035553788284,0.0718964446211716,0.4629153672104745,0.5370846327895255,360.0,900.0,False,3760.0,0.0,0.9999999999999992,01,operational,894,0.3508771929824561
0.9202511880109572,0.0797488119890427,0.5000635302482761,0.4999364697517238,360.0,890.0,False,3760.0,0.0,0.9999999999999992,10,operational,894,0.3508771929824561
0.918926910484289,0.081073089515711,0.5000635302482761,0.4999364697517238,360.0,910.0,False,3760.0,0.0,0.9999999999999992,11,operational,894,0.3508771929824561
0.9789466414475048,0.0210533585524953,0.2644192553692944,0.7355807446307056,360.0,430.0,False,3760.0,0.0,0.9999999999999992,00,operational,895,0.175438596491228
0.9789466414475048,0.0210533585524953,0.2644192553692944,0.7355807446307056,360.0,430.0,False,3760.0,0.0,0.9999999999999992,01,operational,895,0.175438596491228
0.9762935775110352,0.0237064224889648,0.2927178672197975,0.7072821327802025,360.0,430.0,False,3760.0,0.0,0.9999999999999992,10,operational,895,0.175438596491228
0.9762935775110352,0.0237064224889648,0.2927178672197975,0.7072821327802025,360.0,430.0,False,3760.0,0.0,0.9999999999999992,11,operational,895,0.175438596491228
0.796828756339399,0.203171243660601,0.8923803424148418,0.1076196575851582,360.0,1680.0,False,3760.0,0.0,0.9999999999999992,00,operational,896,0.4385964912280701
0.7909272403330623,0.2090727596669377,0.8923803424148418,0.1076196575851582,360.0,1740.0,False,3760.0,0.0,0.9999999999999992,01,operational,896,0.4385964912280701
0.7809073557971142,0.2190926442028857,0.954526832321544,0.0454731676784559,360.0,1680.0,False,3760.0,0.0,0.9999999999999992,10,operational,896,0.4385964912280701
0.7747462388464564,0.2252537611535435,0.954526832321544,0.0454731676784559,360.0,1750.0,False,3760.0,0.0,0.9999999999999992,11,operational,896,0.4385964912280701
0.8290482420371148,0.1709517579628852,0.669317025504987,0.3306829744950131,360.0,1620.0,False,3760.0,0.0,0.9999999999999992,00,operational,897,0.4912280701754385
0.8222493551363377,0.1777506448636623,0.669317025504987,0.3306829744950131,360.0,1670.0,False,3760.0,0.0,0.9999999999999992,01,operational,897,0.4912280701754385
0.8132899756984645,0.1867100243015355,0.72461382196687,0.27538617803313,360.0,1620.0,False,3760.0,0.0,0.9999999999999992,10,operational,897,0.4912280701754385
0.80565793375489,0.1943420662451099,0.72461382196687,0.27538617803313,360.0,1670.0,False,3760.0,0.0,0.9999999999999992,11,operational,897,0.4912280701754385
0.916248617441276,0.0837513825587239,0.6566879566975085,0.3433120433024915,360.0,920.0,False,3760.0,0.0,0.9999999999999992,00,operational,898,0.2982456140350877
0.916216569248505,0.0837834307514949,0.6566879566975085,0.3433120433024915,360.0,920.0,False,3760.0,0.0,0.9999999999999992,01,operational,898,0.2982456140350877
0.902314913922319,0.097685086077681,0.7978756921130787,0.2021243078869212,360.0,920.0,False,3760.0,0.0,0.9999999999999992,10,operational,898,0.2982456140350877
0.9021832933166096,0.0978167066833904,0.7978756921130787,0.2021243078869212,360.0,920.0,False,3760.0,0.0,0.9999999999999992,11,operational,898,0.2982456140350877
0.8960004144140775,0.1039995855859224,0.4634004094900587,0.5365995905099413,360.0,1240.0,False,3760.0,0.0,0.9999999999999992,00,operational,899,0.3508771929824561
0.8959085509602622,0.1040914490397377,0.4634004094900587,0.5365995905099413,360.0,1240.0,False,3760.0,0.0,0.9999999999999992,01,operational,899,0.3508771929824561
0.8822904744797315,0.1177095255202684,0.4870062035703518,0.5129937964296482,360.0,1250.0,False,3760.0,0.0,0.9999999999999992,10,operational,899,0.3508771929824561
0.8820574100906776,0.1179425899093223,0.4870062035703518,0.5129937964296482,360.0,1250.0,False,3760.0,0.0,0.9999999999999992,11,operational,899,0.3508771929824561
0.8815784164697447,0.1184215835302553,0.5774762960552842,0.4225237039447158,360.0,1360.0,False,3760.0,0.0,0.9999999999999992,00,operational,900,0.4385964912280701
0.879448219203524,0.120551780796476,0.5774762960552842,0.4225237039447158,360.0,1380.0,False,3760.0,0.0,0.9999999999999992,01,operational,900,0.4385964912280701
0.8605051820755446,0.1394948179244554,0.6649036383127764,0.3350963616872235,360.0,1360.0,False,3760.0,0.0,0.9999999999999992,10,operational,900,0.4385964912280701
0.8575965648512206,0.1424034351487794,0.6649036383127764,0.3350963616872235,360.0,1390.0,False,3760.0,0.0,0.9999999999999992,11,operational,900,0.4385964912280701
0.9022153581700558,0.0977846418299441,0.5158163927743447,0.4841836072256553,360.0,1100.0,False,3760.0,0.0,0.9999999999999992,00,operational,901,0.3508771929824561
0.8946118372246472,0.1053881627753527,0.5158163927743447,0.4841836072256553,360.0,1170.0,False,3760.0,0.0,0.9999999999999992,01,operational,901,0.3508771929824561
0.8906476303115511,0.1093523696884488,0.5456940484002929,0.4543059515997071,360.0,1100.0,False,3760.0,0.0,0.9999999999999992,10,operational,901,0.3508771929824561
0.8823341680176122,0.1176658319823877,0.5456940484002929,0.4543059515997071,360.0,1170.0,False,3760.0,0.0,0.9999999999999992,11,operational,901,0.3508771929824561
0.8636408015163731,0.1363591984836268,0.6700038773871976,0.3299961226128024,360.0,1320.0,False,3760.0,0.0,0.9999999999999992,00,operational,902,0.4035087719298245
0.8512580529927668,0.1487419470072332,0.6700038773871976,0.3299961226128024,360.0,1420.0,False,3760.0,0.0,0.9999999999999992,01,operational,902,0.4035087719298245
0.8484147053819654,0.1515852946180346,0.7359611903236666,0.2640388096763334,270.0,1320.0,False,3760.0,0.0,0.9999999999999992,10,operational,902,0.4035087719298245
0.8346369356645102,0.1653630643354897,0.7359611903236666,0.2640388096763334,270.0,1430.0,False,3760.0,0.0,0.9999999999999992,11,operational,902,0.4035087719298245
0.8363899162829117,0.1636100837170883,0.679741154284385,0.320258845715615,360.0,1490.0,False,3760.0,0.0,0.9999999999999992,00,operational,903,0.3684210526315789
0.8327849180942294,0.1672150819057706,0.679741154284385,0.320258845715615,360.0,1530.0,False,3760.0,0.0,0.9999999999999992,01,operational,903,0.3684210526315789
0.8203350421401064,0.1796649578598935,0.7348910417830921,0.2651089582169079,360.0,1490.0,False,3760.0,0.0,0.9999999999999992,10,operational,903,0.3684210526315789
0.8162413292174541,0.1837586707825459,0.7348910417830921,0.2651089582169079,360.0,1530.0,False,3760.0,0.0,0.9999999999999992,11,operational,903,0.3684210526315789
0.9761918361584256,0.0238081638415743,0.3008273448909746,0.6991726551090254,360.0,440.0,False,3760.0,0.0,0.9999999999999992,00,operational,904,0.2105263157894736
0.9761918361584256,0.0238081638415743,0.3008273448909746,0.6991726551090254,360.0,440.0,False,3760.0,0.0,0.9999999999999992,01,operational,904,0.2105263157894736
0.9741791878322345,0.0258208121677655,0.3247308066016475,0.6752691933983525,360.0,440.0,False,3760.0,0.0,0.9999999999999992,10,operational,904,0.2105263157894736
0.9741791878322345,0.0258208121677655,0.3247308066016475,0.6752691933983525,360.0,440.0,False,3760.0,0.0,0.9999999999999992,11,operational,904,0.2105263157894736
0.9679300722354311,0.0320699277645687,0.3292561284600006,0.6707438715399994,360.0,580.0,False,3760.0,0.0,0.9999999999999992,00,operational,905,0.2807017543859649
0.9678792880701989,0.0321207119298012,0.3292561284600006,0.6707438715399994,360.0,580.0,False,3760.0,0.0,0.9999999999999992,01,operational,905,0.2807017543859649
0.9675306520701212,0.0324693479298788,0.3339568600965568,0.6660431399034432,360.0,580.0,False,3760.0,0.0,0.9999999999999992,10,operational,905,0.2807017543859649
0.9674565004157352,0.0325434995842647,0.3339568600965568,0.6660431399034432,360.0,580.0,False,3760.0,0.0,0.9999999999999992,11,operational,905,0.2807017543859649
0.8693721015644533,0.1306278984355466,0.5312531052342808,0.4687468947657192,360.0,1400.0,False,3760.0,0.0,0.9999999999999992,00,operational,906,0.4561403508771929
0.8601385921481824,0.1398614078518175,0.5312531052342808,0.4687468947657192,360.0,1490.0,False,3760.0,0.0,0.9999999999999992,01,operational,906,0.4561403508771929
0.8559913724815383,0.1440086275184616,0.5487337658359559,0.451266234164044,360.0,1410.0,False,3760.0,0.0,0.9999999999999992,10,operational,906,0.4561403508771929
0.8452850107271889,0.1547149892728111,0.5487337658359559,0.451266234164044,360.0,1490.0,False,3760.0,0.0,0.9999999999999992,11,operational,906,0.4561403508771929
0.9616081861332396,0.0383918138667602,0.3125884086368236,0.6874115913631764,360.0,660.0,False,3760.0,0.0,0.9999999999999992,00,operational,907,0.2631578947368421
0.9609422544522926,0.0390577455477073,0.3125884086368236,0.6874115913631764,360.0,670.0,False,3760.0,0.0,0.9999999999999992,01,operational,907,0.2631578947368421
0.954515126900219,0.045484873099781,0.3829008368099612,0.6170991631900388,360.0,660.0,False,3760.0,0.0,0.9999999999999992,10,operational,907,0.2631578947368421
0.9536294113727096,0.0463705886272902,0.3829008368099612,0.6170991631900388,360.0,670.0,False,3760.0,0.0,0.9999999999999992,11,operational,907,0.2631578947368421
0.8773777158102065,0.1226222841897934,0.8667782979918036,0.1332217020081964,360.0,1240.0,False,3760.0,0.0,0.9999999999999992,00,operational,908,0.4385964912280701
0.8743266683865524,0.1256733316134476,0.8667782979918036,0.1332217020081964,360.0,1270.0,False,3760.0,0.0,0.9999999999999992,01,operational,908,0.4385964912280701
0.860266905425884,0.1397330945741159,0.9760367011621522,0.0239632988378477,360.0,1240.0,False,3760.0,0.0,0.9999999999999992,10,operational,908,0.4385964912280701
0.8565594448807937,0.1434405551192062,0.9760367011621522,0.0239632988378477,360.0,1270.0,False,3760.0,0.0,0.9999999999999992,11,operational,908,0.4385964912280701
0.8963626887368057,0.1036373112631943,0.6019174171370176,0.3980825828629823,360.0,1110.0,False,3760.0,0.0,0.9999999999999992,00,operational,909,0.2807017543859649
0.8813730275143966,0.1186269724856033,0.6019174171370176,0.3980825828629823,360.0,1270.0,False,3760.0,0.0,0.9999999999999992,01,operational,909,0.2807017543859649
0.8837066490886991,0.1162933509113008,0.6667419279017057,0.3332580720982943,360.0,1110.0,False,3760.0,0.0,0.9999999999999992,10,operational,909,0.2807017543859649
0.8677312704035233,0.1322687295964767,0.6667419279017057,0.3332580720982943,360.0,1270.0,False,3760.0,0.0,0.9999999999999992,11,operational,909,0.2807017543859649
0.9507821670526986,0.0492178329473014,0.3832648988297552,0.6167351011702448,360.0,720.0,False,3760.0,0.0,0.9999999999999992,00,operational,910,0.2807017543859649
0.9507821670526986,0.0492178329473014,0.3832648988297552,0.6167351011702448,360.0,720.0,False,3760.0,0.0,0.9999999999999992,01,operational,910,0.2807017543859649
0.9453811310561048,0.0546188689438951,0.4305514244852551,0.5694485755147449,360.0,720.0,False,3760.0,0.0,0.9999999999999992,10,operational,910,0.2807017543859649
0.9453811310561048,0.0546188689438951,0.4305514244852551,0.5694485755147449,360.0,720.0,False,3760.0,0.0,0.9999999999999992,11,operational,910,0.2807017543859649
0.923693327248102,0.0763066727518979,0.4612157079015792,0.5387842920984208,360.0,950.0,False,3760.0,0.0,0.9999999999999992,00,operational,911,0.3333333333333333
0.9235737259221872,0.0764262740778127,0.4612157079015792,0.5387842920984208,360.0,950.0,False,3760.0,0.0,0.9999999999999992,01,operational,911,0.3333333333333333
0.9194676887359629,0.0805323112640371,0.4681790086867816,0.5318209913132184,360.0,950.0,False,3760.0,0.0,0.9999999999999992,10,operational,911,0.3333333333333333
0.9192032551275264,0.0807967448724735,0.4681790086867816,0.5318209913132184,360.0,950.0,False,3760.0,0.0,0.9999999999999992,11,operational,911,0.3333333333333333
0.8964633408620228,0.1035366591379771,0.7938657126817734,0.2061342873182265,360.0,1080.0,False,3760.0,0.0,0.9999999999999992,00,operational,912,0.3333333333333333
0.8948691936672126,0.1051308063327873,0.7938657126817734,0.2061342873182265,360.0,1100.0,False,3760.0,0.0,0.9999999999999992,01,operational,912,0.3333333333333333
0.8730075411900861,0.1269924588099139,0.9833195961607218,0.0166804038392781,360.0,1080.0,False,3760.0,0.0,0.9999999999999992,10,operational,912,0.3333333333333333
0.8706867410097398,0.1293132589902602,0.9833195961607218,0.0166804038392781,360.0,1110.0,False,3760.0,0.0,0.9999999999999992,11,operational,912,0.3333333333333333
0.9650232603401367,0.0349767396598631,0.3689884810673742,0.6310115189326257,360.0,560.0,False,3760.0,0.0,0.9999999999999992,00,operational,913,0.2456140350877192
0.9650232603401367,0.0349767396598631,0.3689884810673742,0.6310115189326257,360.0,560.0,False,3760.0,0.0,0.9999999999999992,01,operational,913,0.2456140350877192
0.9589735090081528,0.0410264909918473,0.4221154592622559,0.5778845407377441,360.0,560.0,False,3760.0,0.0,0.9999999999999992,10,operational,913,0.2456140350877192
0.9589735090081528,0.0410264909918473,0.4221154592622559,0.5778845407377441,360.0,560.0,False,3760.0,0.0,0.9999999999999992,11,operational,913,0.2456140350877192
0.7738041305505884,0.2261958694494116,0.6379993544631073,0.3620006455368927,360.0,2060.0,False,3760.0,0.0,0.9999999999999992,00,operational,914,0.4736842105263157
0.759607673856246,0.240392326143754,0.6379993544631073,0.3620006455368927,360.0,2200.0,False,3760.0,0.0,0.9999999999999992,01,operational,914,0.4736842105263157
0.7496686252498846,0.2503313747501153,0.65374023356533,0.3462597664346701,360.0,2060.0,False,3760.0,0.0,0.9999999999999992,10,operational,914,0.4736842105263157
0.7325350705517396,0.2674649294482604,0.65374023356533,0.3462597664346701,360.0,2210.0,False,3760.0,0.0,0.9999999999999992,11,operational,914,0.4736842105263157
0.8518451565059147,0.1481548434940852,0.6524452198540521,0.3475547801459479,360.0,1440.0,False,3760.0,0.0,0.9999999999999992,00,operational,915,0.4385964912280701
0.8515745368268414,0.1484254631731586,0.6524452198540521,0.3475547801459479,360.0,1450.0,False,3760.0,0.0,0.9999999999999992,01,operational,915,0.4385964912280701
0.8435957948969739,0.1564042051030261,0.6869196817991776,0.3130803182008224,360.0,1440.0,False,3760.0,0.0,0.9999999999999992,10,operational,915,0.4385964912280701
0.8429782171605725,0.1570217828394274,0.6869196817991776,0.3130803182008224,360.0,1460.0,False,3760.0,0.0,0.9999999999999992,11,operational,915,0.4385964912280701
0.9354953806513562,0.0645046193486438,0.4819592413845651,0.5180407586154349,360.0,840.0,False,3760.0,0.0,0.9999999999999992,00,operational,916,0.3684210526315789
0.9344719326719032,0.0655280673280966,0.4819592413845651,0.5180407586154349,360.0,850.0,False,3760.0,0.0,0.9999999999999992,01,operational,916,0.3684210526315789
0.9282467618049866,0.0717532381950134,0.5069748724969751,0.4930251275030249,360.0,840.0,False,3760.0,0.0,0.9999999999999992,10,operational,916,0.3684210526315789
0.9268410015357794,0.0731589984642205,0.5069748724969751,0.4930251275030249,360.0,850.0,False,3760.0,0.0,0.9999999999999992,11,operational,916,0.3684210526315789
0.9071071262125788,0.0928928737874211,0.4706978747237884,0.5293021252762116,360.0,1080.0,False,3760.0,0.0,0.9999999999999992,00,operational,917,0.3859649122807017
0.9067853040511908,0.0932146959488092,0.4706978747237884,0.5293021252762116,360.0,1100.0,False,3760.0,0.0,0.9999999999999992,01,operational,917,0.3859649122807017
0.9011650743744644,0.0988349256255356,0.4871300895944002,0.5128699104055998,360.0,1090.0,False,3760.0,0.0,0.9999999999999992,10,operational,917,0.3859649122807017
0.9005629217209757,0.0994370782790242,0.4871300895944002,0.5128699104055998,360.0,1100.0,False,3760.0,0.0,0.9999999999999992,11,operational,917,0.3859649122807017
0.923237322388311,0.0767626776116889,0.6802934403865386,0.3197065596134614,360.0,920.0,False,3760.0,0.0,0.9999999999999992,00,operational,918,0.4210526315789473
0.9217352928982164,0.0782647071017834,0.6802934403865386,0.3197065596134614,360.0,940.0,False,3760.0,0.0,0.9999999999999992,01,operational,918,0.4210526315789473
0.9137234590029556,0.0862765409970445,0.7817374950774441,0.2182625049225559,360.0,920.0,False,3760.0,0.0,0.9999999999999992,10,operational,918,0.4210526315789473
0.9116723210163986,0.0883276789836013,0.7817374950774441,0.2182625049225559,360.0,950.0,False,3760.0,0.0,0.9999999999999992,11,operational,918,0.4210526315789473
0.9380396993368258,0.0619603006631741,0.4459946758533302,0.5540053241466698,360.0,830.0,False,3760.0,0.0,0.9999999999999992,00,operational,919,0.3859649122807017
0.9376239992350665,0.0623760007649336,0.4459946758533302,0.5540053241466698,360.0,840.0,False,3760.0,0.0,0.9999999999999992,01,operational,919,0.3859649122807017
0.9322670077605584,0.0677329922394417,0.4600600002964493,0.5399399997035507,360.0,840.0,False,3760.0,0.0,0.9999999999999992,10,operational,919,0.3859649122807017
0.931482124596398,0.0685178754036021,0.4600600002964493,0.5399399997035507,360.0,850.0,False,3760.0,0.0,0.9999999999999992,11,operational,919,0.3859649122807017
0.7666958137664256,0.2333041862335744,0.6954523264850322,0.3045476735149678,360.0,2140.0,False,3760.0,0.0,0.9999999999999992,00,operational,920,0.5087719298245614
0.7199955945792517,0.2800044054207483,0.6954523264850322,0.3045476735149678,360.0,2470.0,False,3760.0,0.0,0.9999999999999992,01,operational,920,0.5087719298245614
0.7519345760104711,0.2480654239895289,0.7411104782890262,0.2588895217109738,360.0,2140.0,False,3760.0,0.0,0.9999999999999992,10,operational,920,0.5087719298245614
0.7028577742625767,0.2971422257374233,0.7411104782890262,0.2588895217109738,360.0,2480.0,False,3760.0,0.0,0.9999999999999992,11,operational,920,0.5087719298245614
0.8347977692827693,0.1652022307172307,0.7259813613823323,0.2740186386176677,270.0,1630.0,False,3760.0,0.0,0.9999999999999992,00,operational,921,0.5614035087719298
0.8204081458905469,0.1795918541094531,0.7259813613823323,0.2740186386176677,270.0,1750.0,False,3760.0,0.0,0.9999999999999992,01,operational,921,0.5614035087719298
0.8211921402534865,0.1788078597465134,0.7903160205168815,0.2096839794831185,270.0,1630.0,False,3760.0,0.0,0.9999999999999992,10,operational,921,0.5614035087719298
0.8048974143844515,0.1951025856155485,0.7903160205168815,0.2096839794831185,270.0,1750.0,False,3760.0,0.0,0.9999999999999992,11,operational,921,0.5614035087719298
0.93969268436586,0.0603073156341399,0.4931344946833094,0.5068655053166906,360.0,870.0,False,3760.0,0.0,0.9999999999999992,00,operational,922,0.3333333333333333
0.9377758409169756,0.0622241590830242,0.4931344946833094,0.5068655053166906,360.0,900.0,False,3760.0,0.0,0.9999999999999992,01,operational,922,0.3333333333333333
0.9286088377263704,0.0713911622736297,0.5903617026917003,0.4096382973082997,360.0,870.0,False,3760.0,0.0,0.9999999999999992,10,operational,922,0.3333333333333333
0.926189219344656,0.0738107806553439,0.5903617026917003,0.4096382973082997,360.0,900.0,False,3760.0,0.0,0.9999999999999992,11,operational,922,0.3333333333333333
0.8409037011995161,0.1590962988004839,0.5965745991479042,0.4034254008520958,230.0,1570.0,False,3760.0,0.0,0.9999999999999992,00,operational,923,0.4035087719298245
0.8209522356094648,0.1790477643905351,0.5965745991479042,0.4034254008520958,230.0,1720.0,False,3760.0,0.0,0.9999999999999992,01,operational,923,0.4035087719298245
0.8324802818196076,0.1675197181803923,0.613232164087939,0.3867678359120609,230.0,1570.0,False,3760.0,0.0,0.9999999999999992,10,operational,923,0.4035087719298245
0.8122898289468985,0.1877101710531015,0.613232164087939,0.3867678359120609,230.0,1730.0,False,3760.0,0.0,0.9999999999999992,11,operational,923,0.4035087719298245
0.799902933713849,0.2000970662861509,0.8709535780607456,0.1290464219392544,360.0,1690.0,False,3760.0,0.0,0.9999999999999992,00,operational,924,0.4736842105263157
0.7943346204270713,0.2056653795729287,0.8709535780607456,0.1290464219392544,360.0,1740.0,False,3760.0,0.0,0.9999999999999992,01,operational,924,0.4736842105263157
0.7781190696825725,0.2218809303174275,0.945130053479196,0.0548699465208038,360.0,1690.0,False,3760.0,0.0,0.9999999999999992,10,operational,924,0.4736842105263157
0.7716625954739935,0.2283374045260064,0.945130053479196,0.0548699465208038,360.0,1740.0,False,3760.0,0.0,0.9999999999999992,11,operational,924,0.4736842105263157
0.9206198039359522,0.0793801960640477,0.492870234602212,0.507129765397788,360.0,1010.0,False,3760.0,0.0,0.9999999999999992,00,operational,925,0.3859649122807017
0.9177910411417028,0.0822089588582972,0.492870234602212,0.507129765397788,360.0,1030.0,False,3760.0,0.0,0.9999999999999992,01,operational,925,0.3859649122807017
0.9126128258115682,0.0873871741884317,0.5256201992223891,0.4743798007776109,360.0,1010.0,False,3760.0,0.0,0.9999999999999992,10,operational,925,0.3859649122807017
0.9092548139040088,0.0907451860959911,0.5256201992223891,0.4743798007776109,360.0,1040.0,False,3760.0,0.0,0.9999999999999992,11,operational,925,0.3859649122807017
0.950061037147577,0.049938962852423,0.3639680016776712,0.6360319983223288,360.0,850.0,False,3760.0,0.0,0.9999999999999992,00,operational,926,0.4210526315789473
0.9491629593377844,0.0508370406622155,0.3639680016776712,0.6360319983223288,360.0,860.0,False,3760.0,0.0,0.9999999999999992,01,operational,926,0.4210526315789473
0.9388810696810928,0.0611189303189071,0.4342076985919284,0.5657923014080716,360.0,850.0,False,3760.0,0.0,0.9999999999999992,10,operational,926,0.4210526315789473
0.9376632994452108,0.0623367005547892,0.4342076985919284,0.5657923014080716,360.0,860.0,False,3760.0,0.0,0.9999999999999992,11,operational,926,0.4210526315789473
0.9505101231932976,0.0494898768067024,0.4061020679164181,0.5938979320835819,360.0,710.0,False,3760.0,0.0,0.9999999999999992,00,operational,927,0.2982456140350877
0.950463907702764,0.0495360922972359,0.4061020679164181,0.5938979320835819,360.0,710.0,False,3760.0,0.0,0.9999999999999992,01,operational,927,0.2982456140350877
0.947197956831982,0.052802043168018,0.4189533297514297,0.5810466702485703,360.0,710.0,False,3760.0,0.0,0.9999999999999992,10,operational,927,0.2982456140350877
0.9470507796278772,0.0529492203721227,0.4189533297514297,0.5810466702485703,360.0,710.0,False,3760.0,0.0,0.9999999999999992,11,operational,927,0.2982456140350877
0.9392047965444555,0.0607952034555444,0.4267898259145002,0.5732101740854998,360.0,850.0,False,3760.0,0.0,0.9999999999999992,00,operational,928,0.3684210526315789
0.9378705325758668,0.062129467424133,0.4267898259145002,0.5732101740854998,360.0,860.0,False,3760.0,0.0,0.9999999999999992,01,operational,928,0.3684210526315789
0.929896258539773,0.070103741460227,0.4703357716287454,0.5296642283712546,360.0,850.0,False,3760.0,0.0,0.9999999999999992,10,operational,928,0.3684210526315789
0.9281226084382728,0.0718773915617273,0.4703357716287454,0.5296642283712546,360.0,870.0,False,3760.0,0.0,0.9999999999999992,11,operational,928,0.3684210526315789
0.8536803950902522,0.1463196049097478,0.6801465384117251,0.3198534615882749,360.0,1470.0,False,3760.0,0.0,0.9999999999999992,00,operational,929,0.4561403508771929
0.8387743281166458,0.1612256718833542,0.6801465384117251,0.3198534615882749,360.0,1590.0,False,3760.0,0.0,0.9999999999999992,01,operational,929,0.4561403508771929
0.833836897108916,0.166163102891084,0.725262281209845,0.2747377187901549,360.0,1470.0,False,3760.0,0.0,0.9999999999999992,10,operational,929,0.4561403508771929
0.8160705238817881,0.1839294761182118,0.725262281209845,0.2747377187901549,360.0,1600.0,False,3760.0,0.0,0.9999999999999992,11,operational,929,0.4561403508771929
0.9207605747533,0.0792394252466999,0.4574324570212356,0.5425675429787644,360.0,960.0,False,3760.0,0.0,0.9999999999999992,00,operational,930,0.2982456140350877
0.9162603038099552,0.0837396961900447,0.4574324570212356,0.5425675429787644,360.0,1000.0,False,3760.0,0.0,0.9999999999999992,01,operational,930,0.2982456140350877
0.919407139390638,0.0805928606093618,0.4574347894717619,0.542565210528238,360.0,960.0,False,3760.0,0.0,0.9999999999999992,10,operational,930,0.2982456140350877
0.9144710104959012,0.0855289895040989,0.4574347894717619,0.542565210528238,360.0,1010.0,False,3760.0,0.0,0.9999999999999992,11,operational,930,0.2982456140350877
0.9195237395004128,0.0804762604995871,0.7109133481578322,0.2890866518421677,360.0,940.0,False,3760.0,0.0,0.9999999999999992,00,operational,931,0.3859649122807017
0.919185062094622,0.0808149379053779,0.7109133481578322,0.2890866518421677,360.0,950.0,False,3760.0,0.0,0.9999999999999992,01,operational,931,0.3859649122807017
0.911801442274795,0.088198557725205,0.7887454095632767,0.2112545904367233,360.0,940.0,False,3760.0,0.0,0.9999999999999992,10,operational,931,0.3859649122807017
0.9112179567405886,0.0887820432594114,0.7887454095632767,0.2112545904367233,360.0,950.0,False,3760.0,0.0,0.9999999999999992,11,operational,931,0.3859649122807017
0.9048336964217758,0.0951663035782242,0.450244281046938,0.549755718953062,360.0,1190.0,False,3760.0,0.0,0.9999999999999992,00,operational,932,0.3859649122807017
0.903130860530746,0.0968691394692541,0.450244281046938,0.549755718953062,360.0,1210.0,False,3760.0,0.0,0.9999999999999992,01,operational,932,0.3859649122807017
0.896576776362369,0.103423223637631,0.4647803561705239,0.5352196438294761,360.0,1190.0,False,3760.0,0.0,0.9999999999999992,10,operational,932,0.3859649122807017
0.8942432608552463,0.1057567391447537,0.4647803561705239,0.5352196438294761,360.0,1220.0,False,3760.0,0.0,0.9999999999999992,11,operational,932,0.3859649122807017
0.9339338540821082,0.0660661459178918,0.4067323159437711,0.5932676840562289,360.0,920.0,False,3760.0,0.0,0.9999999999999992,00,operational,933,0.3508771929824561
0.93271746916152,0.0672825308384799,0.4067323159437711,0.5932676840562289,360.0,930.0,False,3760.0,0.0,0.9999999999999992,01,operational,933,0.3508771929824561
0.925441462673278,0.074558537326722,0.4487855024180552,0.5512144975819447,360.0,920.0,False,3760.0,0.0,0.9999999999999992,10,operational,933,0.3508771929824561
0.92387151653905,0.07612848346095,0.4487855024180552,0.5512144975819447,360.0,940.0,False,3760.0,0.0,0.9999999999999992,11,operational,933,0.3508771929824561
0.9458693189629804,0.0541306810370194,0.4114865339512539,0.5885134660487461,360.0,740.0,False,3760.0,0.0,0.9999999999999992,00,operational,934,0.3157894736842105
0.9454571208653464,0.0545428791346535,0.4114865339512539,0.5885134660487461,360.0,750.0,False,3760.0,0.0,0.9999999999999992,01,operational,934,0.3157894736842105
0.9400769730226172,0.0599230269773827,0.4227233481108635,0.5772766518891365,360.0,740.0,False,3760.0,0.0,0.9999999999999992,10,operational,934,0.3157894736842105
0.939315435582302,0.060684564417698,0.4227233481108635,0.5772766518891365,360.0,760.0,False,3760.0,0.0,0.9999999999999992,11,operational,934,0.3157894736842105
0.8345182879866917,0.1654817120133083,0.5936619268537846,0.4063380731462154,360.0,1610.0,False,3760.0,0.0,0.9999999999999992,00,operational,935,0.4912280701754385
0.8206024121659063,0.1793975878340936,0.5936619268537846,0.4063380731462154,360.0,1730.0,False,3760.0,0.0,0.9999999999999992,01,operational,935,0.4912280701754385
0.8232098148288678,0.1767901851711322,0.6158889500133651,0.3841110499866349,360.0,1610.0,False,3760.0,0.0,0.9999999999999992,10,operational,935,0.4912280701754385
0.8081208644728108,0.1918791355271891,0.6158889500133651,0.3841110499866349,360.0,1730.0,False,3760.0,0.0,0.9999999999999992,11,operational,935,0.4912280701754385
0.7991827738838602,0.2008172261161398,0.7483374351167189,0.2516625648832811,360.0,1780.0,False,3760.0,0.0,0.9999999999999992,00,operational,936,0.4385964912280701
0.771400515495605,0.228599484504395,0.7483374351167189,0.2516625648832811,360.0,1940.0,False,3760.0,0.0,0.9999999999999992,01,operational,936,0.4385964912280701
0.7821016939553622,0.2178983060446377,0.8054851268522235,0.1945148731477765,360.0,1790.0,False,3760.0,0.0,0.9999999999999992,10,operational,936,0.4385964912280701
0.7515046670919,0.2484953329081,0.8054851268522235,0.1945148731477765,360.0,1950.0,False,3760.0,0.0,0.9999999999999992,11,operational,936,0.4385964912280701
0.8423834154514982,0.1576165845485018,0.5640291840617403,0.4359708159382597,360.0,1550.0,False,3760.0,0.0,0.9999999999999992,00,operational,937,0.4385964912280701
0.8391440211360429,0.160855978863957,0.5640291840617403,0.4359708159382597,360.0,1570.0,False,3760.0,0.0,0.9999999999999992,01,operational,937,0.4385964912280701
0.8342765407936296,0.1657234592063704,0.5669864463806883,0.4330135536193117,360.0,1550.0,False,3760.0,0.0,0.9999999999999992,10,operational,937,0.4385964912280701
0.8307171014146898,0.1692828985853102,0.5669864463806883,0.4330135536193117,360.0,1580.0,False,3760.0,0.0,0.9999999999999992,11,operational,937,0.4385964912280701
0.9140028471719444,0.0859971528280555,0.4295048161500389,0.5704951838499611,360.0,1110.0,False,3760.0,0.0,0.9999999999999992,00,operational,938,0.3508771929824561
0.9130300556231126,0.0869699443768874,0.4295048161500389,0.5704951838499611,360.0,1120.0,False,3760.0,0.0,0.9999999999999992,01,operational,938,0.3508771929824561
0.9048000801918766,0.0951999198081233,0.4697003681295976,0.5302996318704024,360.0,1110.0,False,3760.0,0.0,0.9999999999999992,10,operational,938,0.3508771929824561
0.903715829923569,0.0962841700764309,0.4697003681295976,0.5302996318704024,360.0,1120.0,False,3760.0,0.0,0.9999999999999992,11,operational,938,0.3508771929824561
0.9710665082582556,0.0289334917417445,0.2967602309021325,0.7032397690978675,360.0,550.0,False,3760.0,0.0,0.9999999999999992,00,operational,939,0.2631578947368421
0.9709209385508544,0.0290790614491455,0.2967602309021325,0.7032397690978675,360.0,550.0,False,3760.0,0.0,0.9999999999999992,01,operational,939,0.2631578947368421
0.964660852355658,0.0353391476443418,0.3781062712335632,0.6218937287664368,360.0,550.0,False,3760.0,0.0,0.9999999999999992,10,operational,939,0.2631578947368421
0.9643854953227488,0.0356145046772511,0.3781062712335632,0.6218937287664368,360.0,550.0,False,3760.0,0.0,0.9999999999999992,11,operational,939,0.2631578947368421
0.8469578670946976,0.1530421329053024,0.6057899412324174,0.3942100587675826,360.0,1580.0,False,3760.0,0.0,0.9999999999999992,00,operational,940,0.3859649122807017
0.8090191930666399,0.19098080693336,0.6057899412324174,0.3942100587675826,360.0,1880.0,False,3760.0,0.0,0.9999999999999992,01,operational,940,0.3859649122807017
0.8308262456114482,0.1691737543885517,0.6507881162159133,0.3492118837840867,360.0,1590.0,False,3760.0,0.0,0.9999999999999992,10,operational,940,0.3859649122807017
0.7903430843250195,0.2096569156749804,0.6507881162159133,0.3492118837840867,360.0,1890.0,False,3760.0,0.0,0.9999999999999992,11,operational,940,0.3859649122807017
0.8957580960105158,0.1042419039894841,0.52253657848666,0.47746342151334,360.0,1200.0,False,3760.0,0.0,0.9999999999999992,00,operational,941,0.4912280701754385
0.8929459930845883,0.1070540069154116,0.52253657848666,0.47746342151334,360.0,1230.0,False,3760.0,0.0,0.9999999999999992,01,operational,941,0.4912280701754385
0.8866813647145584,0.1133186352854416,0.5408681594143593,0.4591318405856407,360.0,1200.0,False,3760.0,0.0,0.9999999999999992,10,operational,941,0.4912280701754385
0.8830253081651539,0.1169746918348461,0.5408681594143593,0.4591318405856407,360.0,1240.0,False,3760.0,0.0,0.9999999999999992,11,operational,941,0.4912280701754385
0.9170238476403004,0.0829761523596996,0.4824460114608664,0.5175539885391336,360.0,1000.0,False,3760.0,0.0,0.9999999999999992,00,operational,942,0.3508771929824561
0.913482061579639,0.086517938420361,0.4824460114608664,0.5175539885391336,360.0,1040.0,False,3760.0,0.0,0.9999999999999992,01,operational,942,0.3508771929824561
0.907641711873206,0.0923582881267939,0.5120947139027716,0.4879052860972284,360.0,1000.0,False,3760.0,0.0,0.9999999999999992,10,operational,942,0.3508771929824561
0.903318937337483,0.0966810626625169,0.5120947139027716,0.4879052860972284,360.0,1050.0,False,3760.0,0.0,0.9999999999999992,11,operational,942,0.3508771929824561
0.8795182348052047,0.1204817651947952,0.8228418603246157,0.1771581396753843,360.0,1180.0,False,3760.0,0.0,0.9999999999999992,00,operational,943,0.3684210526315789
0.877295657425049,0.122704342574951,0.8228418603246157,0.1771581396753843,360.0,1200.0,False,3760.0,0.0,0.9999999999999992,01,operational,943,0.3684210526315789
0.8677361448768643,0.1322638551231356,0.9066184768196022,0.0933815231803978,360.0,1180.0,False,3760.0,0.0,0.9999999999999992,10,operational,943,0.3684210526315789
0.8652008950193714,0.1347991049806286,0.9066184768196022,0.0933815231803978,360.0,1200.0,False,3760.0,0.0,0.9999999999999992,11,operational,943,0.3684210526315789
0.9508707323790492,0.0491292676209509,0.3901406279422829,0.6098593720577171,360.0,700.0,False,3760.0,0.0,0.9999999999999992,00,operational,944,0.2456140350877192
0.9508707323790492,0.0491292676209509,0.3901406279422829,0.6098593720577171,360.0,700.0,False,3760.0,0.0,0.9999999999999992,01,operational,944,0.2456140350877192
0.9430780384049576,0.0569219615950424,0.4397515838830655,0.5602484161169344,360.0,710.0,False,3760.0,0.0,0.9999999999999992,10,operational,944,0.2456140350877192
0.9430780384049576,0.0569219615950424,0.4397515838830655,0.5602484161169344,360.0,710.0,False,3760.0,0.0,0.9999999999999992,11,operational,944,0.2456140350877192
0.9600006375977528,0.0399993624022472,0.3593096892916603,0.6406903107083397,360.0,620.0,False,3760.0,0.0,0.9999999999999992,00,operational,945,0.2807017543859649
0.9600006375977528,0.0399993624022472,0.3593096892916603,0.6406903107083397,360.0,620.0,False,3760.0,0.0,0.9999999999999992,01,operational,945,0.2807017543859649
0.9581601008609936,0.0418398991390064,0.3710640790178015,0.6289359209821985,360.0,620.0,False,3760.0,0.0,0.9999999999999992,10,operational,945,0.2807017543859649
0.9581601008609936,0.0418398991390064,0.3710640790178015,0.6289359209821985,360.0,620.0,False,3760.0,0.0,0.9999999999999992,11,operational,945,0.2807017543859649
0.9529259224944344,0.0470740775055655,0.398939023833024,0.601060976166976,360.0,750.0,False,3760.0,0.0,0.9999999999999992,00,operational,946,0.3333333333333333
0.9504675481909072,0.0495324518090928,0.398939023833024,0.601060976166976,360.0,790.0,False,3760.0,0.0,0.9999999999999992,01,operational,946,0.3333333333333333
0.9507070184587112,0.0492929815412886,0.411436824363788,0.588563175636212,360.0,750.0,False,3760.0,0.0,0.9999999999999992,10,operational,946,0.3333333333333333
0.9479835800367848,0.0520164199632151,0.411436824363788,0.588563175636212,360.0,790.0,False,3760.0,0.0,0.9999999999999992,11,operational,946,0.3333333333333333
0.9348056551790592,0.0651943448209407,0.4689105348270707,0.5310894651729293,360.0,820.0,False,3760.0,0.0,0.9999999999999992,00,operational,947,0.2456140350877192
0.9242822571164252,0.0757177428835746,0.4689105348270707,0.5310894651729293,360.0,920.0,False,3760.0,0.0,0.9999999999999992,01,operational,947,0.2456140350877192
0.93021593822579,0.0697840617742099,0.4976230654843355,0.5023769345156645,360.0,820.0,False,3760.0,0.0,0.9999999999999992,10,operational,947,0.2456140350877192
0.9185177484580748,0.0814822515419253,0.4976230654843355,0.5023769345156645,360.0,920.0,False,3760.0,0.0,0.9999999999999992,11,operational,947,0.2456140350877192
0.9517043962590594,0.0482956037409405,0.3803140304932304,0.6196859695067696,360.0,750.0,False,3760.0,0.0,0.9999999999999992,00,operational,948,0.3333333333333333
0.9508899538148136,0.0491100461851863,0.3803140304932304,0.6196859695067696,360.0,760.0,False,3760.0,0.0,0.9999999999999992,01,operational,948,0.3333333333333333
0.9452890585362648,0.0547109414637353,0.4284680731483001,0.5715319268516998,360.0,750.0,False,3760.0,0.0,0.9999999999999992,10,operational,948,0.3333333333333333
0.9440380636261612,0.0559619363738388,0.4284680731483001,0.5715319268516998,360.0,770.0,False,3760.0,0.0,0.9999999999999992,11,operational,948,0.3333333333333333
0.963120266472602,0.0368797335273979,0.3450301538401604,0.6549698461598396,360.0,630.0,False,3760.0,0.0,0.9999999999999992,00,operational,949,0.2982456140350877
0.9629198049751688,0.0370801950248311,0.3450301538401604,0.6549698461598396,360.0,640.0,False,3760.0,0.0,0.9999999999999992,01,operational,949,0.2982456140350877
0.9588066993101996,0.0411933006898004,0.373859521730164,0.626140478269836,360.0,640.0,False,3760.0,0.0,0.9999999999999992,10,operational,949,0.2982456140350877
0.9582995793317872,0.0417004206682126,0.373859521730164,0.626140478269836,360.0,650.0,False,3760.0,0.0,0.9999999999999992,11,operational,949,0.2982456140350877
0.9247334697958532,0.0752665302041468,0.4677153381921641,0.5322846618078358,360.0,960.0,False,3760.0,0.0,0.9999999999999992,00,operational,950,0.3508771929824561
0.9190615533977052,0.0809384466022947,0.4677153381921641,0.5322846618078358,360.0,1020.0,False,3760.0,0.0,0.9999999999999992,01,operational,950,0.3508771929824561
0.9128894753644112,0.0871105246355887,0.5140165193102497,0.4859834806897503,360.0,960.0,False,3760.0,0.0,0.9999999999999992,10,operational,950,0.3508771929824561
0.905988138854096,0.0940118611459039,0.5140165193102497,0.4859834806897503,360.0,1020.0,False,3760.0,0.0,0.9999999999999992,11,operational,950,0.3508771929824561
0.8626845983466233,0.1373154016533767,0.6554352895071967,0.3445647104928033,360.0,1450.0,False,3760.0,0.0,0.9999999999999992,00,operational,951,0.4035087719298245
0.8386339352320861,0.1613660647679139,0.6554352895071967,0.3445647104928033,360.0,1640.0,False,3760.0,0.0,0.9999999999999992,01,operational,951,0.4035087719298245
0.8415338577297202,0.1584661422702797,0.7213090632206611,0.2786909367793388,360.0,1450.0,False,3760.0,0.0,0.9999999999999992,10,operational,951,0.4035087719298245
0.8138584838858295,0.1861415161141705,0.7213090632206611,0.2786909367793388,360.0,1640.0,False,3760.0,0.0,0.9999999999999992,11,operational,951,0.4035087719298245
0.9315402916437604,0.0684597083562394,0.4187720747045146,0.5812279252954854,360.0,900.0,False,3760.0,0.0,0.9999999999999992,00,operational,952,0.3333333333333333
0.9305870701627244,0.0694129298372755,0.4187720747045146,0.5812279252954854,360.0,910.0,False,3760.0,0.0,0.9999999999999992,01,operational,952,0.3333333333333333
0.9266630006735253,0.0733369993264748,0.4386784154640277,0.5613215845359723,360.0,900.0,False,3760.0,0.0,0.9999999999999992,10,operational,952,0.3333333333333333
0.925431388227196,0.074568611772804,0.4386784154640277,0.5613215845359723,360.0,920.0,False,3760.0,0.0,0.9999999999999992,11,operational,952,0.3333333333333333
0.8812840368195869,0.1187159631804131,0.7349170780998611,0.2650829219001389,360.0,1220.0,False,3760.0,0.0,0.9999999999999992,00,operational,953,0.4561403508771929
0.8810027508199948,0.1189972491800052,0.7349170780998611,0.2650829219001389,360.0,1230.0,False,3760.0,0.0,0.9999999999999992,01,operational,953,0.4561403508771929
0.8688639575833381,0.1311360424166618,0.8036362733671265,0.1963637266328735,360.0,1220.0,False,3760.0,0.0,0.9999999999999992,10,operational,953,0.4561403508771929
0.8683877937928856,0.1316122062071144,0.8036362733671265,0.1963637266328735,360.0,1230.0,False,3760.0,0.0,0.9999999999999992,11,operational,953,0.4561403508771929
0.8187694323065975,0.1812305676934025,0.5891234824355813,0.4108765175644186,360.0,1710.0,False,3760.0,0.0,0.9999999999999992,00,operational,954,0.5087719298245614
0.8115062938201407,0.1884937061798592,0.5891234824355813,0.4108765175644186,360.0,1770.0,False,3760.0,0.0,0.9999999999999992,01,operational,954,0.5087719298245614
0.809931095658626,0.190068904341374,0.5912316580164956,0.4087683419835043,360.0,1710.0,False,3760.0,0.0,0.9999999999999992,10,operational,954,0.5087719298245614
0.8020671624652569,0.1979328375347431,0.5912316580164956,0.4087683419835043,360.0,1770.0,False,3760.0,0.0,0.9999999999999992,11,operational,954,0.5087719298245614
0.9171785838161411,0.0828214161838588,0.6165207866484749,0.3834792133515251,360.0,950.0,False,3760.0,0.0,0.9999999999999992,00,operational,955,0.2456140350877192
0.8910810518163932,0.1089189481836068,0.6165207866484749,0.3834792133515251,360.0,1160.0,False,3760.0,0.0,0.9999999999999992,01,operational,955,0.2456140350877192
0.9055356298486664,0.0944643701513334,0.6605915366748167,0.3394084633251832,360.0,950.0,False,3760.0,0.0,0.9999999999999992,10,operational,955,0.2456140350877192
0.8753317852082089,0.1246682147917911,0.6605915366748167,0.3394084633251832,360.0,1170.0,False,3760.0,0.0,0.9999999999999992,11,operational,955,0.2456140350877192
0.924866510216128,0.0751334897838721,0.481041528809817,0.518958471190183,360.0,920.0,False,3760.0,0.0,0.9999999999999992,00,operational,956,0.2631578947368421
0.9171633820490768,0.0828366179509231,0.481041528809817,0.518958471190183,360.0,1000.0,False,3760.0,0.0,0.9999999999999992,01,operational,956,0.2631578947368421
0.9214203587345005,0.0785796412654995,0.4810907151427306,0.5189092848572694,360.0,930.0,False,3760.0,0.0,0.9999999999999992,10,operational,956,0.2631578947368421
0.9134376458431576,0.0865623541568423,0.4810907151427306,0.5189092848572694,360.0,1010.0,False,3760.0,0.0,0.9999999999999992,11,operational,956,0.2631578947368421
0.8278406590989701,0.1721593409010299,0.7400024536229675,0.2599975463770326,290.0,1490.0,False,3760.0,0.0,0.9999999999999992,00,operational,957,0.3684210526315789
0.8083959525479852,0.1916040474520147,0.7400024536229675,0.2599975463770326,290.0,1590.0,False,3760.0,0.0,0.9999999999999992,01,operational,957,0.3684210526315789
0.8113880028457439,0.1886119971542561,0.7952972946187418,0.2047027053812581,290.0,1490.0,False,3760.0,0.0,0.9999999999999992,10,operational,957,0.3684210526315789
0.7894620944549346,0.2105379055450653,0.7952972946187418,0.2047027053812581,290.0,1590.0,False,3760.0,0.0,0.9999999999999992,11,operational,957,0.3684210526315789
0.8483742078051141,0.1516257921948859,0.8199869602079326,0.1800130397920673,360.0,1470.0,False,3760.0,0.0,0.9999999999999992,00,operational,958,0.4912280701754385
0.828806627683732,0.1711933723162679,0.8199869602079326,0.1800130397920673,360.0,1630.0,False,3760.0,0.0,0.9999999999999992,01,operational,958,0.4912280701754385
0.8307703628454876,0.1692296371545124,0.9083260238399444,0.0916739761600555,360.0,1470.0,False,3760.0,0.0,0.9999999999999992,10,operational,958,0.4912280701754385
0.808686483194957,0.191313516805043,0.9083260238399444,0.0916739761600555,360.0,1630.0,False,3760.0,0.0,0.9999999999999992,11,operational,958,0.4912280701754385
0.9015706778285528,0.098429322171447,0.4914028712270054,0.5085971287729946,360.0,1160.0,False,3760.0,0.0,0.9999999999999992,00,operational,959,0.4035087719298245
0.9003328234011263,0.0996671765988737,0.4914028712270054,0.5085971287729946,360.0,1170.0,False,3760.0,0.0,0.9999999999999992,01,operational,959,0.4035087719298245
0.8912842799222462,0.1087157200777537,0.5158929585092082,0.4841070414907918,360.0,1160.0,False,3760.0,0.0,0.9999999999999992,10,operational,959,0.4035087719298245
0.8896255488471649,0.110374451152835,0.5158929585092082,0.4841070414907918,360.0,1180.0,False,3760.0,0.0,0.9999999999999992,11,operational,959,0.4035087719298245
0.9363161021071243,0.0636838978928756,0.4083061942079694,0.5916938057920306,360.0,830.0,False,3760.0,0.0,0.9999999999999992,00,operational,960,0.2631578947368421
0.935512017755515,0.064487982244485,0.4083061942079694,0.5916938057920306,360.0,840.0,False,3760.0,0.0,0.9999999999999992,01,operational,960,0.2631578947368421
0.9324959059466212,0.0675040940533787,0.4091216318312329,0.590878368168767,360.0,840.0,False,3760.0,0.0,0.9999999999999992,10,operational,960,0.2631578947368421
0.9316187675353872,0.0683812324646127,0.4091216318312329,0.590878368168767,360.0,850.0,False,3760.0,0.0,0.9999999999999992,11,operational,960,0.2631578947368421
0.8793050868601341,0.1206949131398659,0.734609777571078,0.2653902224289219,290.0,1210.0,False,3760.0,0.0,0.9999999999999992,00,operational,961,0.3508771929824561
0.8780207011670519,0.1219792988329481,0.734609777571078,0.2653902224289219,290.0,1230.0,False,3760.0,0.0,0.9999999999999992,01,operational,961,0.3508771929824561
0.8703673724408443,0.1296326275591557,0.7469134973294609,0.253086502670539,290.0,1210.0,False,3760.0,0.0,0.9999999999999992,10,operational,961,0.3508771929824561
0.8686094966564131,0.1313905033435869,0.7469134973294609,0.253086502670539,290.0,1240.0,False,3760.0,0.0,0.9999999999999992,11,operational,961,0.3508771929824561
0.8836693326224656,0.1163306673775343,0.7613317037348353,0.2386682962651647,360.0,1210.0,False,3760.0,0.0,0.9999999999999992,00,operational,962,0.4035087719298245
0.8774423939744633,0.1225576060255366,0.7613317037348353,0.2386682962651647,360.0,1260.0,False,3760.0,0.0,0.9999999999999992,01,operational,962,0.4035087719298245
0.864091696444536,0.135908303555464,0.8643734753531493,0.1356265246468506,360.0,1210.0,False,3760.0,0.0,0.9999999999999992,10,operational,962,0.4035087719298245
0.8567237076024523,0.1432762923975477,0.8643734753531493,0.1356265246468506,360.0,1260.0,False,3760.0,0.0,0.9999999999999992,11,operational,962,0.4035087719298245
0.7284751029414755,0.2715248970585244,0.8965292283097686,0.1034707716902314,360.0,2240.0,False,3760.0,0.0,0.9999999999999992,00,operational,963,0.543859649122807
0.7029998615650928,0.2970001384349072,0.8965292283097686,0.1034707716902314,360.0,2400.0,False,3760.0,0.0,0.9999999999999992,01,operational,963,0.543859649122807
0.7026584772289047,0.2973415227710952,0.9550660567514044,0.0449339432485954,360.0,2240.0,False,3760.0,0.0,0.9999999999999992,10,operational,963,0.543859649122807
0.6745128126158841,0.3254871873841158,0.9550660567514044,0.0449339432485954,360.0,2420.0,False,3760.0,0.0,0.9999999999999992,11,operational,963,0.543859649122807
0.7926685817384937,0.2073314182615062,0.8237767362410122,0.1762232637589877,360.0,1830.0,False,3760.0,0.0,0.9999999999999992,00,operational,964,0.5263157894736842
0.7911165058258451,0.2088834941741548,0.8237767362410122,0.1762232637589877,360.0,1850.0,False,3760.0,0.0,0.9999999999999992,01,operational,964,0.5263157894736842
0.7738992863047809,0.2261007136952191,0.862964289425511,0.137035710574489,360.0,1830.0,False,3760.0,0.0,0.9999999999999992,10,operational,964,0.5263157894736842
0.7717058888858912,0.2282941111141088,0.862964289425511,0.137035710574489,360.0,1850.0,False,3760.0,0.0,0.9999999999999992,11,operational,964,0.5263157894736842
0.7987526436896106,0.2012473563103893,0.6220345448422193,0.3779654551577807,360.0,1840.0,False,3760.0,0.0,0.9999999999999992,00,operational,965,0.4912280701754385
0.7972190268794077,0.2027809731205923,0.6220345448422193,0.3779654551577807,360.0,1850.0,False,3760.0,0.0,0.9999999999999992,01,operational,965,0.4912280701754385
0.7830002104471944,0.2169997895528056,0.6253411815514065,0.3746588184485935,360.0,1840.0,False,3760.0,0.0,0.9999999999999992,10,operational,965,0.4912280701754385
0.7810476654595087,0.2189523345404913,0.6253411815514065,0.3746588184485935,360.0,1860.0,False,3760.0,0.0,0.9999999999999992,11,operational,965,0.4912280701754385
0.9541090793115878,0.0458909206884121,0.4142401918338163,0.5857598081661837,360.0,690.0,False,3760.0,0.0,0.9999999999999992,00,operational,966,0.2631578947368421
0.9540591722547892,0.0459408277452108,0.4142401918338163,0.5857598081661837,360.0,690.0,False,3760.0,0.0,0.9999999999999992,01,operational,966,0.2631578947368421
0.9481306549056864,0.0518693450943136,0.4549311016021102,0.5450688983978897,360.0,690.0,False,3760.0,0.0,0.9999999999999992,10,operational,966,0.2631578947368421
0.9480188364706535,0.0519811635293463,0.4549311016021102,0.5450688983978897,360.0,690.0,False,3760.0,0.0,0.9999999999999992,11,operational,966,0.2631578947368421
0.8386088529764661,0.1613911470235338,0.7899358059194405,0.2100641940805595,360.0,1510.0,False,3760.0,0.0,0.9999999999999992,00,operational,967,0.4210526315789473
0.83585578004047,0.16414421995953,0.7899358059194405,0.2100641940805595,360.0,1540.0,False,3760.0,0.0,0.9999999999999992,01,operational,967,0.4210526315789473
0.8243682758368154,0.1756317241631846,0.8633457395653386,0.1366542604346614,360.0,1510.0,False,3760.0,0.0,0.9999999999999992,10,operational,967,0.4210526315789473
0.8210088203872886,0.1789911796127113,0.8633457395653386,0.1366542604346614,360.0,1540.0,False,3760.0,0.0,0.9999999999999992,11,operational,967,0.4210526315789473
0.898231560058054,0.1017684399419459,0.4984083182017387,0.5015916817982613,360.0,1160.0,False,3760.0,0.0,0.9999999999999992,00,operational,968,0.4385964912280701
0.8979658747441571,0.1020341252558428,0.4984083182017387,0.5015916817982613,360.0,1170.0,False,3760.0,0.0,0.9999999999999992,01,operational,968,0.4385964912280701
0.889961213614067,0.110038786385933,0.5022849810524295,0.4977150189475705,360.0,1170.0,False,3760.0,0.0,0.9999999999999992,10,operational,968,0.4385964912280701
0.8892745600160262,0.1107254399839737,0.5022849810524295,0.4977150189475705,360.0,1170.0,False,3760.0,0.0,0.9999999999999992,11,operational,968,0.4385964912280701
0.9173761025493016,0.0826238974506984,0.4573773094264118,0.5426226905735881,360.0,1030.0,False,3760.0,0.0,0.9999999999999992,00,operational,969,0.3859649122807017
0.9171876704207876,0.0828123295792124,0.4573773094264118,0.5426226905735881,360.0,1030.0,False,3760.0,0.0,0.9999999999999992,01,operational,969,0.3859649122807017
0.9106791591290804,0.0893208408709197,0.4710214796480902,0.5289785203519097,360.0,1030.0,False,3760.0,0.0,0.9999999999999992,10,operational,969,0.3859649122807017
0.9102683727493012,0.0897316272506989,0.4710214796480902,0.5289785203519097,360.0,1030.0,False,3760.0,0.0,0.9999999999999992,11,operational,969,0.3859649122807017
0.8998074865591787,0.1001925134408212,0.566745070204544,0.433254929795456,360.0,1170.0,False,3760.0,0.0,0.9999999999999992,00,operational,970,0.4035087719298245
0.8974796154534026,0.1025203845465974,0.566745070204544,0.433254929795456,360.0,1200.0,False,3760.0,0.0,0.9999999999999992,01,operational,970,0.4035087719298245
0.8901843030947612,0.1098156969052388,0.6296647009248867,0.3703352990751133,360.0,1170.0,False,3760.0,0.0,0.9999999999999992,10,operational,970,0.4035087719298245
0.8875563379320455,0.1124436620679545,0.6296647009248867,0.3703352990751133,360.0,1210.0,False,3760.0,0.0,0.9999999999999992,11,operational,970,0.4035087719298245
0.9229308466416036,0.0770691533583963,0.4426588729283852,0.5573411270716148,360.0,990.0,False,3760.0,0.0,0.9999999999999992,00,operational,971,0.3684210526315789
0.9163861934281982,0.0836138065718018,0.4426588729283852,0.5573411270716148,360.0,1050.0,False,3760.0,0.0,0.9999999999999992,01,operational,971,0.3684210526315789
0.9143974117764482,0.0856025882235518,0.4733935884451633,0.5266064115548367,360.0,990.0,False,3760.0,0.0,0.9999999999999992,10,operational,971,0.3684210526315789
0.906751124039804,0.093248875960196,0.4733935884451633,0.5266064115548367,360.0,1050.0,False,3760.0,0.0,0.9999999999999992,11,operational,971,0.3684210526315789
0.9652095938271116,0.0347904061728884,0.3518969929140348,0.6481030070859651,360.0,580.0,False,3760.0,0.0,0.9999999999999992,00,operational,972,0.2807017543859649
0.9652095938271116,0.0347904061728884,0.3518969929140348,0.6481030070859651,360.0,580.0,False,3760.0,0.0,0.9999999999999992,01,operational,972,0.2807017543859649
0.9637329714713262,0.0362670285286738,0.3656303400877074,0.6343696599122925,360.0,580.0,False,3760.0,0.0,0.9999999999999992,10,operational,972,0.2807017543859649
0.9637329714713262,0.0362670285286738,0.3656303400877074,0.6343696599122925,360.0,580.0,False,3760.0,0.0,0.9999999999999992,11,operational,972,0.2807017543859649
0.8383975703066994,0.1616024296933006,0.5407449388954424,0.4592550611045576,360.0,1630.0,False,3760.0,0.0,0.9999999999999992,00,operational,973,0.4561403508771929
0.8194486081389709,0.1805513918610291,0.5407449388954424,0.4592550611045576,360.0,1780.0,False,3760.0,0.0,0.9999999999999992,01,operational,973,0.4561403508771929
0.8285424173305317,0.1714575826694683,0.5429296192082398,0.4570703807917602,360.0,1630.0,False,3760.0,0.0,0.9999999999999992,10,operational,973,0.4561403508771929
0.8087023414488869,0.1912976585511131,0.5429296192082398,0.4570703807917602,360.0,1780.0,False,3760.0,0.0,0.9999999999999992,11,operational,973,0.4561403508771929
0.9072957711468568,0.0927042288531431,0.4752824241348463,0.5247175758651537,360.0,1130.0,False,3760.0,0.0,0.9999999999999992,00,operational,974,0.4385964912280701
0.902249729138872,0.097750270861128,0.4752824241348463,0.5247175758651537,360.0,1180.0,False,3760.0,0.0,0.9999999999999992,01,operational,974,0.4385964912280701
0.8998249748605562,0.1001750251394437,0.4974655753287589,0.5025344246712411,360.0,1130.0,False,3760.0,0.0,0.9999999999999992,10,operational,974,0.4385964912280701
0.8939379897251862,0.1060620102748137,0.4974655753287589,0.5025344246712411,360.0,1190.0,False,3760.0,0.0,0.9999999999999992,11,operational,974,0.4385964912280701
0.731298624913642,0.268701375086358,0.8956451702106638,0.1043548297893362,260.0,2280.0,False,3760.0,0.0,0.9999999999999992,00,operational,975,0.5789473684210527
0.7072505546092932,0.2927494453907068,0.8956451702106638,0.1043548297893362,260.0,2460.0,False,3760.0,0.0,0.9999999999999992,01,operational,975,0.5789473684210527
0.7155681641069895,0.2844318358930104,0.9635910468460824,0.0364089531539175,260.0,2280.0,False,3760.0,0.0,0.9999999999999992,10,operational,975,0.5789473684210527
0.6899105650856691,0.3100894349143309,0.9635910468460824,0.0364089531539175,260.0,2460.0,False,3760.0,0.0,0.9999999999999992,11,operational,975,0.5789473684210527
0.7986158215260657,0.2013841784739343,0.6839394264823093,0.3160605735176907,360.0,1790.0,False,3760.0,0.0,0.9999999999999992,00,operational,976,0.4561403508771929
0.7891115981262841,0.2108884018737159,0.6839394264823093,0.3160605735176907,360.0,1890.0,False,3760.0,0.0,0.9999999999999992,01,operational,976,0.4561403508771929
0.7821188001800526,0.2178811998199473,0.7317820032414071,0.268217996758593,360.0,1790.0,False,3760.0,0.0,0.9999999999999992,10,operational,976,0.4561403508771929
0.7713950707059027,0.2286049292940972,0.7317820032414071,0.268217996758593,360.0,1890.0,False,3760.0,0.0,0.9999999999999992,11,operational,976,0.4561403508771929
0.8777135700031496,0.1222864299968503,0.6758655803786144,0.3241344196213855,360.0,1300.0,False,3760.0,0.0,0.9999999999999992,00,operational,977,0.4561403508771929
0.8640200787570692,0.1359799212429308,0.6758655803786144,0.3241344196213855,360.0,1410.0,False,3760.0,0.0,0.9999999999999992,01,operational,977,0.4561403508771929
0.8621282329979897,0.1378717670020103,0.7248133132039718,0.2751866867960282,360.0,1300.0,False,3760.0,0.0,0.9999999999999992,10,operational,977,0.4561403508771929
0.8465208502052831,0.1534791497947168,0.7248133132039718,0.2751866867960282,360.0,1420.0,False,3760.0,0.0,0.9999999999999992,11,operational,977,0.4561403508771929
0.9690837788939431,0.0309162211060568,0.310286005153782,0.689713994846218,360.0,570.0,False,3760.0,0.0,0.9999999999999992,00,operational,978,0.2280701754385964
0.9676182656497836,0.0323817343502162,0.310286005153782,0.689713994846218,360.0,600.0,False,3760.0,0.0,0.9999999999999992,01,operational,978,0.2280701754385964
0.9690837788939431,0.0309162211060568,0.310286005153782,0.689713994846218,360.0,570.0,False,3760.0,0.0,0.9999999999999992,10,operational,978,0.2280701754385964
0.9676182656497836,0.0323817343502162,0.310286005153782,0.689713994846218,360.0,600.0,False,3760.0,0.0,0.9999999999999992,11,operational,978,0.2280701754385964
0.9058893940337244,0.0941106059662757,0.4607806625062147,0.5392193374937853,360.0,1130.0,False,3760.0,0.0,0.9999999999999992,00,operational,979,0.4035087719298245
0.9032818325634666,0.0967181674365333,0.4607806625062147,0.5392193374937853,360.0,1170.0,False,3760.0,0.0,0.9999999999999992,01,operational,979,0.4035087719298245
0.897765197603843,0.102234802396157,0.4685486306227767,0.5314513693772233,360.0,1140.0,False,3760.0,0.0,0.9999999999999992,10,operational,979,0.4035087719298245
0.8943561690799197,0.1056438309200803,0.4685486306227767,0.5314513693772233,360.0,1180.0,False,3760.0,0.0,0.9999999999999992,11,operational,979,0.4035087719298245
0.8578742269545692,0.1421257730454308,0.7710293065721487,0.2289706934278512,360.0,1380.0,False,3760.0,0.0,0.9999999999999992,00,operational,980,0.4561403508771929
0.8575921858195851,0.1424078141804149,0.7710293065721487,0.2289706934278512,360.0,1380.0,False,3760.0,0.0,0.9999999999999992,01,operational,980,0.4561403508771929
0.8465724827220851,0.1534275172779149,0.8092764950604536,0.1907235049395464,360.0,1380.0,False,3760.0,0.0,0.9999999999999992,10,operational,980,0.4561403508771929
0.8460659885848686,0.1539340114151314,0.8092764950604536,0.1907235049395464,360.0,1380.0,False,3760.0,0.0,0.9999999999999992,11,operational,980,0.4561403508771929
0.8373203063417275,0.1626796936582725,0.6216895534273013,0.3783104465726988,360.0,1680.0,False,3760.0,0.0,0.9999999999999992,00,operational,981,0.5087719298245614
0.8126967428278656,0.1873032571721343,0.6216895534273013,0.3783104465726988,360.0,1870.0,False,3760.0,0.0,0.9999999999999992,01,operational,981,0.5087719298245614
0.8140545277212528,0.1859454722787472,0.6792897426587938,0.3207102573412061,360.0,1680.0,False,3760.0,0.0,0.9999999999999992,10,operational,981,0.5087719298245614
0.7860672246676785,0.2139327753323214,0.6792897426587938,0.3207102573412061,360.0,1880.0,False,3760.0,0.0,0.9999999999999992,11,operational,981,0.5087719298245614
0.916030217234744,0.0839697827652559,0.8876678939048145,0.1123321060951854,360.0,920.0,False,3760.0,0.0,0.9999999999999992,00,operational,982,0.3684210526315789
0.913788571346918,0.086211428653082,0.8876678939048145,0.1123321060951854,360.0,940.0,False,3760.0,0.0,0.9999999999999992,01,operational,982,0.3684210526315789
0.9119790238290572,0.0880209761709427,0.9856015700765705,0.0143984299234294,360.0,920.0,False,3760.0,0.0,0.9999999999999992,10,operational,982,0.3684210526315789
0.9096864120221568,0.090313587977843,0.9856015700765705,0.0143984299234294,360.0,940.0,False,3760.0,0.0,0.9999999999999992,11,operational,982,0.3684210526315789
0.8983692040136425,0.1016307959863574,0.4796440101657008,0.5203559898342992,360.0,1150.0,False,3760.0,0.0,0.9999999999999992,00,operational,983,0.3508771929824561
0.8903558531737683,0.1096441468262316,0.4796440101657008,0.5203559898342992,360.0,1230.0,False,3760.0,0.0,0.9999999999999992,01,operational,983,0.3508771929824561
0.8938585961141564,0.1061414038858435,0.4849660118121144,0.5150339881878856,360.0,1150.0,False,3760.0,0.0,0.9999999999999992,10,operational,983,0.3508771929824561
0.8854704855645632,0.1145295144354368,0.4849660118121144,0.5150339881878856,360.0,1230.0,False,3760.0,0.0,0.9999999999999992,11,operational,983,0.3508771929824561
0.9393033302930672,0.0606966697069326,0.5361045354366747,0.4638954645633253,360.0,770.0,False,3760.0,0.0,0.9999999999999992,00,operational,984,0.2807017543859649
0.9382777193102284,0.0617222806897717,0.5361045354366747,0.4638954645633253,360.0,780.0,False,3760.0,0.0,0.9999999999999992,01,operational,984,0.2807017543859649
0.9282698014622216,0.0717301985377784,0.6486403857875945,0.3513596142124054,360.0,770.0,False,3760.0,0.0,0.9999999999999992,10,operational,984,0.2807017543859649
0.9269937158490552,0.0730062841509447,0.6486403857875945,0.3513596142124054,360.0,780.0,False,3760.0,0.0,0.9999999999999992,11,operational,984,0.2807017543859649
0.8257638056388289,0.1742361943611711,0.7372562371888017,0.2627437628111982,290.0,1610.0,False,3760.0,0.0,0.9999999999999992,00,operational,985,0.3859649122807017
0.7989788542109122,0.2010211457890878,0.7372562371888017,0.2627437628111982,290.0,1800.0,False,3760.0,0.0,0.9999999999999992,01,operational,985,0.3859649122807017
0.8100288921916781,0.1899711078083219,0.782938974658366,0.2170610253416339,290.0,1610.0,False,3760.0,0.0,0.9999999999999992,10,operational,985,0.3859649122807017
0.7809509277383799,0.21904907226162,0.782938974658366,0.2170610253416339,290.0,1800.0,False,3760.0,0.0,0.9999999999999992,11,operational,985,0.3859649122807017
0.8155585443457894,0.1844414556542105,0.6899193307078267,0.3100806692921732,290.0,1790.0,False,3760.0,0.0,0.9999999999999992,00,operational,986,0.5789473684210527
0.7924121396941641,0.2075878603058358,0.6899193307078267,0.3100806692921732,290.0,1970.0,False,3760.0,0.0,0.9999999999999992,01,operational,986,0.5789473684210527
0.8000019577726859,0.1999980422273141,0.7295592467954456,0.2704407532045544,290.0,1800.0,False,3760.0,0.0,0.9999999999999992,10,operational,986,0.5789473684210527
0.7750529861693601,0.2249470138306398,0.7295592467954456,0.2704407532045544,290.0,1970.0,False,3760.0,0.0,0.9999999999999992,11,operational,986,0.5789473684210527
0.9491574434431528,0.0508425565568472,0.3834986752246881,0.6165013247753118,360.0,790.0,False,3760.0,0.0,0.9999999999999992,00,operational,987,0.3508771929824561
0.9491187687443576,0.0508812312556423,0.3834986752246881,0.6165013247753118,360.0,790.0,False,3760.0,0.0,0.9999999999999992,01,operational,987,0.3508771929824561
0.941792750910509,0.058207249089491,0.4291016632983928,0.5708983367016072,360.0,790.0,False,3760.0,0.0,0.9999999999999992,10,operational,987,0.3508771929824561
0.941684930882617,0.058315069117383,0.4291016632983928,0.5708983367016072,360.0,790.0,False,3760.0,0.0,0.9999999999999992,11,operational,987,0.3508771929824561
0.9008743777220848,0.0991256222779151,0.5021693098305741,0.4978306901694259,360.0,1200.0,False,3760.0,0.0,0.9999999999999992,00,operational,988,0.4912280701754385
0.8946363816709049,0.1053636183290951,0.5021693098305741,0.4978306901694259,360.0,1260.0,False,3760.0,0.0,0.9999999999999992,01,operational,988,0.4912280701754385
0.8915246606108402,0.1084753393891597,0.5219704675182711,0.4780295324817288,360.0,1200.0,False,3760.0,0.0,0.9999999999999992,10,operational,988,0.4912280701754385
0.8841728529115704,0.1158271470884295,0.5219704675182711,0.4780295324817288,360.0,1260.0,False,3760.0,0.0,0.9999999999999992,11,operational,988,0.4912280701754385
0.8866727130038483,0.1133272869961516,0.5019721980286116,0.4980278019713884,360.0,1350.0,False,3760.0,0.0,0.9999999999999992,00,operational,989,0.4385964912280701
0.8796249214140115,0.1203750785859885,0.5019721980286116,0.4980278019713884,360.0,1420.0,False,3760.0,0.0,0.9999999999999992,01,operational,989,0.4385964912280701
0.8721255653511523,0.1278744346488477,0.5356011310981394,0.4643988689018605,360.0,1350.0,False,3760.0,0.0,0.9999999999999992,10,operational,989,0.4385964912280701
0.8637134669329787,0.1362865330670213,0.5356011310981394,0.4643988689018605,360.0,1430.0,False,3760.0,0.0,0.9999999999999992,11,operational,989,0.4385964912280701
0.7714743271048378,0.2285256728951622,0.7786638574236745,0.2213361425763254,360.0,2120.0,False,3760.0,0.0,0.9999999999999992,00,operational,990,0.5614035087719298
0.7442498996812047,0.2557501003187953,0.7786638574236745,0.2213361425763254,360.0,2330.0,False,3760.0,0.0,0.9999999999999992,01,operational,990,0.5614035087719298
0.748850032182097,0.251149967817903,0.850836473161574,0.149163526838426,360.0,2130.0,False,3760.0,0.0,0.9999999999999992,10,operational,990,0.5614035087719298
0.7188856001352409,0.281114399864759,0.850836473161574,0.149163526838426,360.0,2340.0,False,3760.0,0.0,0.9999999999999992,11,operational,990,0.5614035087719298
0.9083114730394866,0.0916885269605134,0.5028746736848008,0.4971253263151992,360.0,1080.0,False,3760.0,0.0,0.9999999999999992,00,operational,991,0.4035087719298245
0.9032048743524514,0.0967951256475485,0.5028746736848008,0.4971253263151992,360.0,1130.0,False,3760.0,0.0,0.9999999999999992,01,operational,991,0.4035087719298245
0.8986211093388987,0.1013788906611012,0.5404321444678566,0.4595678555321433,360.0,1080.0,False,3760.0,0.0,0.9999999999999992,10,operational,991,0.4035087719298245
0.8928750495258022,0.1071249504741977,0.5404321444678566,0.4595678555321433,360.0,1140.0,False,3760.0,0.0,0.9999999999999992,11,operational,991,0.4035087719298245
0.8435133363088583,0.1564866636911417,0.7873045299739894,0.2126954700260106,360.0,1420.0,False,3760.0,0.0,0.9999999999999992,00,operational,992,0.4561403508771929
0.8370710527928155,0.1629289472071845,0.7873045299739894,0.2126954700260106,360.0,1480.0,False,3760.0,0.0,0.9999999999999992,01,operational,992,0.4561403508771929
0.8300221337449293,0.1699778662550707,0.8424277605058197,0.1575722394941802,360.0,1420.0,False,3760.0,0.0,0.9999999999999992,10,operational,992,0.4561403508771929
0.8226239473047297,0.1773760526952703,0.8424277605058197,0.1575722394941802,360.0,1490.0,False,3760.0,0.0,0.9999999999999992,11,operational,992,0.4561403508771929
0.8783130893630343,0.1216869106369656,0.5057751675357682,0.4942248324642317,360.0,1360.0,False,3760.0,0.0,0.9999999999999992,00,operational,993,0.4912280701754385
0.8732811410520287,0.1267188589479713,0.5057751675357682,0.4942248324642317,360.0,1410.0,False,3760.0,0.0,0.9999999999999992,01,operational,993,0.4912280701754385
0.8675222753974511,0.1324777246025489,0.519894345247532,0.4801056547524679,360.0,1360.0,False,3760.0,0.0,0.9999999999999992,10,operational,993,0.4912280701754385
0.8615346928815922,0.1384653071184077,0.519894345247532,0.4801056547524679,360.0,1420.0,False,3760.0,0.0,0.9999999999999992,11,operational,993,0.4912280701754385
0.8999714589440855,0.1000285410559145,0.6897453908193383,0.3102546091806618,360.0,1010.0,False,3760.0,0.0,0.9999999999999992,00,operational,994,0.2631578947368421
0.8999365226273901,0.1000634773726099,0.6897453908193383,0.3102546091806618,360.0,1010.0,False,3760.0,0.0,0.9999999999999992,01,operational,994,0.2631578947368421
0.8872790941816674,0.1127209058183326,0.7836842354908853,0.2163157645091146,360.0,1010.0,False,3760.0,0.0,0.9999999999999992,10,operational,994,0.2631578947368421
0.8871569227799092,0.1128430772200907,0.7836842354908853,0.2163157645091146,360.0,1020.0,False,3760.0,0.0,0.9999999999999992,11,operational,994,0.2631578947368421
0.8716467399147785,0.1283532600852215,0.5190413482108998,0.4809586517891003,360.0,1340.0,False,3760.0,0.0,0.9999999999999992,00,operational,995,0.3859649122807017
0.8541369373836327,0.1458630626163672,0.5190413482108998,0.4809586517891003,360.0,1490.0,False,3760.0,0.0,0.9999999999999992,01,operational,995,0.3859649122807017
0.8629950246605392,0.1370049753394607,0.5321218769183065,0.4678781230816934,360.0,1350.0,False,3760.0,0.0,0.9999999999999992,10,operational,995,0.3859649122807017
0.8444422379348516,0.1555577620651483,0.5321218769183065,0.4678781230816934,360.0,1490.0,False,3760.0,0.0,0.9999999999999992,11,operational,995,0.3859649122807017
0.8402102909014529,0.159789709098547,0.5735633856060169,0.4264366143939831,360.0,1610.0,False,3760.0,0.0,0.9999999999999992,00,operational,996,0.5263157894736842
0.84004369751647,0.15995630248353,0.5735633856060169,0.4264366143939831,360.0,1620.0,False,3760.0,0.0,0.9999999999999992,01,operational,996,0.5263157894736842
0.8268710555914998,0.1731289444085002,0.5823233190511455,0.4176766809488544,360.0,1620.0,False,3760.0,0.0,0.9999999999999992,10,operational,996,0.5263157894736842
0.8262979047069751,0.1737020952930249,0.5823233190511455,0.4176766809488544,360.0,1630.0,False,3760.0,0.0,0.9999999999999992,11,operational,996,0.5263157894736842
0.9227373642723058,0.0772626357276942,0.625754429258381,0.374245570741619,290.0,860.0,False,3760.0,0.0,0.9999999999999992,00,operational,997,0.2982456140350877
0.9225815538036668,0.077418446196333,0.625754429258381,0.374245570741619,290.0,870.0,False,3760.0,0.0,0.9999999999999992,01,operational,997,0.2982456140350877
0.9071255775166436,0.0928744224833563,0.7626602421734802,0.2373397578265198,290.0,860.0,False,3760.0,0.0,0.9999999999999992,10,operational,997,0.2982456140350877
0.9068292289386596,0.0931707710613405,0.7626602421734802,0.2373397578265198,290.0,870.0,False,3760.0,0.0,0.9999999999999992,11,operational,997,0.2982456140350877
0.9237234988605364,0.0762765011394636,0.8370784269010604,0.1629215730989396,360.0,860.0,False,3760.0,0.0,0.9999999999999992,00,operational,998,0.3508771929824561
0.9206215404336036,0.0793784595663964,0.8370784269010604,0.1629215730989396,360.0,900.0,False,3760.0,0.0,0.9999999999999992,01,operational,998,0.3508771929824561
0.911967624247156,0.088032375752844,0.9622448869268394,0.0377551130731605,360.0,860.0,False,3760.0,0.0,0.9999999999999992,10,operational,998,0.3508771929824561
0.9080977463682208,0.0919022536317791,0.9622448869268394,0.0377551130731605,360.0,900.0,False,3760.0,0.0,0.9999999999999992,11,operational,998,0.3508771929824561
0.9683635212188652,0.0316364787811348,0.3506873035326214,0.6493126964673785,360.0,530.0,False,3760.0,0.0,0.9999999999999992,00,operational,999,0.2456140350877192
0.9683335226362996,0.0316664773637005,0.3506873035326214,0.6493126964673785,360.0,530.0,False,3760.0,0.0,0.9999999999999992,01,operational,999,0.2456140350877192
0.965578824218266,0.034421175781734,0.3657267282556803,0.6342732717443197,360.0,530.0,False,3760.0,0.0,0.9999999999999992,10,operational,999,0.2456140350877192
0.9654915463579998,0.0345084536420001,0.3657267282556803,0.6342732717443197,360.0,530.0,False,3760.0,0.0,0.9999999999999992,11,operational,999,0.2456140350877192
