R,loss,Lambda,F_min,t_min,T_rec,T_rec_censored,T_rec_bound,lock_in,F_end,arm,indicator,q_prop,kappa_prop,q_rec,kappa_rec,seed_design,replication,psi_prop,psi_rec,q_prop_realised,kappa_prop_realised,psi_prop_realised,q_rec_realised,kappa_rec_realised,psi_rec_realised
0.9035223742829492,0.0964776257170506,0.4984763050253206,0.5015236949746794,360.0,1120.0,False,3760.0,0.0,0.9999999999999994,00,operational,0.25,0.25,0.25,0.25,0,0,0.0625,0.0625,,,,,,
0.9034539321273362,0.0965460678726638,0.4984763050253206,0.5015236949746794,360.0,1120.0,False,3760.0,0.0,0.9999999999999994,01,operational,0.25,0.25,0.25,0.25,0,0,0.0625,0.0625,0.0,0.0,0.0,0.2424242424242424,0.25,0.0606060606060606
0.9016843348017904,0.0983156651982096,0.5013438545537339,0.4986561454462661,360.0,1120.0,False,3760.0,0.0,0.9999999999999994,10,operational,0.25,0.25,0.25,0.25,0,0,0.0625,0.0625,0.25,0.25,0.0625,0.0,0.0,0.0
0.9016237821314008,0.0983762178685992,0.5013438545537339,0.4986561454462661,360.0,1120.0,False,3760.0,0.0,0.9999999999999994,11,operational,0.25,0.25,0.25,0.25,0,0,0.0625,0.0625,0.25,0.25,0.0625,0.2424242424242424,0.25,0.0606060606060606
0.9035223742829492,0.0964776257170506,0.4984763050253206,0.5015236949746794,360.0,1120.0,False,3760.0,0.0,0.9999999999999994,00,operational,0.25,0.25,0.25,0.25,1,0,0.0625,0.0625,,,,,,
0.9034816912796422,0.0965183087203578,0.4984763050253206,0.5015236949746794,360.0,1120.0,False,3760.0,0.0,0.9999999999999994,01,operational,0.25,0.25,0.25,0.25,1,0,0.0625,0.0625,0.0,0.0,0.0,0.2424242424242424,0.25,0.0606060606060606
0.9019801487913096,0.0980198512086902,0.501410748774181,0.4985892512258189,360.0,1120.0,False,3760.0,0.0,0.9999999999999994,10,operational,0.25,0.25,0.25,0.25,1,0,0.0625,0.0625,0.25,0.25,0.0625,0.0,0.0,0.0
0.9019270361248252,0.0980729638751747,0.501410748774181,0.4985892512258189,360.0,1120.0,False,3760.0,0.0,0.9999999999999994,11,operational,0.25,0.25,0.25,0.25,1,0,0.0625,0.0625,0.25,0.25,0.0625,0.2424242424242424,0.25,0.0606060606060606
0.9035223742829492,0.0964776257170506,0.4984763050253206,0.5015236949746794,360.0,1120.0,False,3760.0,0.0,0.9999999999999994,00,operational,0.25,0.6,0.25,0.6,0,0,0.15,0.15,,,,,,
0.9032984151320138,0.0967015848679861,0.4984763050253206,0.5015236949746794,360.0,1120.0,False,3760.0,0.0,0.9999999999999994,01,operational,0.25,0.6,0.25,0.6,0,0,0.15,0.15,0.0,0.0,0.0,0.2424242424242424,0.6,0.1454545454545454
0.8990073502849659,0.100992649715034,0.5061402514171103,0.4938597485828897,360.0,1120.0,False,3760.0,0.0,0.9999999999999994,10,operational,0.25,0.6,0.25,0.6,0,0,0.15,0.15,0.25,0.6,0.15,0.0,0.0,0.0
0.8986755450933089,0.101324454906691,0.5061402514171103,0.4938597485828897,360.0,1120.0,False,3760.0,0.0,0.9999999999999994,11,operational,0.25,0.6,0.25,0.6,0,0,0.15,0.15,0.25,0.6,0.15,0.2424242424242424,0.6,0.1454545454545454
0.9035223742829492,0.0964776257170506,0.4984763050253206,0.5015236949746794,360.0,1120.0,False,3760.0,0.0,0.9999999999999994,00,operational,0.25,0.6,0.25,0.6,1,0,0.15,0.15,,,,,,
0.9034026936876084,0.0965973063123915,0.4984763050253206,0.5015236949746794,360.0,1120.0,False,3760.0,0.0,0.9999999999999994,01,operational,0.25,0.6,0.25,0.6,1,0,0.15,0.15,0.0,0.0,0.0,0.2424242424242424,0.6,0.1454545454545454
0.9000943805485246,0.0999056194514753,0.5041843496430956,0.4958156503569045,360.0,1120.0,False,3760.0,0.0,0.9999999999999994,10,operational,0.25,0.6,0.25,0.6,1,0,0.15,0.15,0.25,0.6,0.15,0.0,0.0,0.0
0.8998711472453824,0.1001288527546175,0.5041843496430956,0.4958156503569045,360.0,1120.0,False,3760.0,0.0,0.9999999999999994,11,operational,0.25,0.6,0.25,0.6,1,0,0.15,0.15,0.25,0.6,0.15,0.2424242424242424,0.6,0.1454545454545454
0.9035223742829492,0.0964776257170506,0.4984763050253206,0.5015236949746794,360.0,1120.0,False,3760.0,0.0,0.9999999999999994,00,operational,0.25,1.0,0.25,1.0,0,0,0.25,0.25,,,,,,
0.9030160875004272,0.0969839124995728,0.4984763050253206,0.5015236949746794,360.0,1120.0,False,3760.0,0.0,0.9999999999999994,01,operational,0.25,1.0,0.25,1.0,0,0,0.25,0.25,0.0,0.0,0.0,0.2424242424242424,1.0,0.2424242424242424
0.8956416992995335,0.1043583007004664,0.5145301132788513,0.4854698867211486,360.0,1120.0,False,3760.0,0.0,0.9999999999999994,10,operational,0.25,1.0,0.25,1.0,0,0,0.25,0.25,0.25,1.0,0.25,0.0,0.0,0.0
0.8946690315666824,0.1053309684333175,0.5145301132788513,0.4854698867211486,360.0,1130.0,False,3760.0,0.0,0.9999999999999994,11,operational,0.25,1.0,0.25,1.0,0,0,0.25,0.25,0.25,1.0,0.25,0.2424242424242424,1.0,0.2424242424242424
0.9035223742829492,0.0964776257170506,0.4984763050253206,0.5015236949746794,360.0,1120.0,False,3760.0,0.0,0.9999999999999994,00,operational,0.25,1.0,0.25,1.0,1,0,0.25,0.25,,,,,,
0.9031726363577112,0.0968273636422889,0.4984763050253206,0.5015236949746794,360.0,1120.0,False,3760.0,0.0,0.9999999999999994,01,operational,0.25,1.0,0.25,1.0,1,0,0.25,0.25,0.0,0.0,0.0,0.2424242424242424,1.0,0.2424242424242424
0.8977799151195572,0.1022200848804427,0.5091457260514864,0.4908542739485135,360.0,1120.0,False,3760.0,0.0,0.9999999999999994,10,operational,0.25,1.0,0.25,1.0,1,0,0.25,0.25,0.25,1.0,0.25,0.0,0.0,0.0
0.8969791265075878,0.1030208734924121,0.5091457260514864,0.4908542739485135,360.0,1130.0,False,3760.0,0.0,0.9999999999999994,11,operational,0.25,1.0,0.25,1.0,1,0,0.25,0.25,0.25,1.0,0.25,0.2424242424242424,1.0,0.2424242424242424
0.9035223742829492,0.0964776257170506,0.4984763050253206,0.5015236949746794,360.0,1120.0,False,3760.0,0.0,0.9999999999999994,00,operational,0.6,0.25,0.6,0.25,0,0,0.15,0.15,,,,,,
0.902186270603114,0.097813729396886,0.4984763050253206,0.5015236949746794,360.0,1130.0,False,3760.0,0.0,0.9999999999999994,01,operational,0.6,0.25,0.6,0.25,0,0,0.15,0.15,0.0,0.0,0.0,0.6060606060606061,0.25,0.1515151515151515
0.9003196790614485,0.0996803209385515,0.5031399365469036,0.4968600634530964,360.0,1120.0,False,3760.0,0.0,0.9999999999999994,10,operational,0.6,0.25,0.6,0.25,0,0,0.15,0.15,0.5833333333333334,0.25,0.1458333333333333,0.0,0.0,0.0
0.8985664909028427,0.1014335090971573,0.5031399365469036,0.4968600634530964,360.0,1140.0,False,3760.0,0.0,0.9999999999999994,11,operational,0.6,0.25,0.6,0.25,0,0,0.15,0.15,0.5833333333333334,0.25,0.1458333333333333,0.6060606060606061,0.25,0.1515151515151515
0.9035223742829492,0.0964776257170506,0.4984763050253206,0.5015236949746794,360.0,1120.0,False,3760.0,0.0,0.9999999999999994,00,operational,0.6,0.25,0.6,0.25,1,0,0.15,0.15,,,,,,
0.9030469746355098,0.0969530253644902,0.4984763050253206,0.5015236949746794,360.0,1120.0,False,3760.0,0.0,0.9999999999999994,01,operational,0.6,0.25,0.6,0.25,1,0,0.15,0.15,0.0,0.0,0.0,0.6060606060606061,0.25,0.1515151515151515
0.8993978128279061,0.1006021871720939,0.5072775136543086,0.4927224863456913,360.0,1120.0,False,3760.0,0.0,0.9999999999999994,10,operational,0.6,0.25,0.6,0.25,1,0,0.15,0.15,0.5833333333333334,0.25,0.1458333333333333,0.0,0.0,0.0
0.8987549500786041,0.1012450499213959,0.5072775136543086,0.4927224863456913,360.0,1130.0,False,3760.0,0.0,0.9999999999999994,11,operational,0.6,0.25,0.6,0.25,1,0,0.15,0.15,0.5833333333333334,0.25,0.1458333333333333,0.6060606060606061,0.25,0.1515151515151515
0.9035223742829492,0.0964776257170506,0.4984763050253206,0.5015236949746794,360.0,1120.0,False,3760.0,0.0,0.9999999999999994,00,operational,0.6,0.6,0.6,0.6,0,0,0.36,0.36,,,,,,
0.8986029450809285,0.1013970549190714,0.4984763050253206,0.5015236949746794,360.0,1180.0,False,3760.0,0.0,0.9999999999999994,01,operational,0.6,0.6,0.6,0.6,0,0,0.36,0.36,0.0,0.0,0.0,0.6060606060606061,0.5999999999999999,0.3636363636363636
0.8960426133387973,0.1039573866612026,0.50989613593001,0.4901038640699899,360.0,1120.0,False,3760.0,0.0,0.9999999999999994,10,operational,0.6,0.6,0.6,0.6,0,0,0.36,0.36,0.5833333333333334,0.5999999999999999,0.3499999999999999,0.0,0.0,0.0
0.8869799372023429,0.113020062797657,0.50989613593001,0.4901038640699899,360.0,1220.0,False,3760.0,0.0,0.9999999999999994,11,operational,0.6,0.6,0.6,0.6,0,0,0.36,0.36,0.5833333333333334,0.5999999999999999,0.3499999999999999,0.6060606060606061,0.5999999999999999,0.3636363636363636
0.9035223742829492,0.0964776257170506,0.4984763050253206,0.5015236949746794,360.0,1120.0,False,3760.0,0.0,0.9999999999999994,00,operational,0.6,0.6,0.6,0.6,1,0,0.36,0.36,,,,,,
0.9021400918332668,0.097859908166733,0.4984763050253206,0.5015236949746794,360.0,1140.0,False,3760.0,0.0,0.9999999999999994,01,operational,0.6,0.6,0.6,0.6,1,0,0.36,0.36,0.0,0.0,0.0,0.6060606060606061,0.5999999999999999,0.3636363636363636
0.8939304586399588,0.1060695413600412,0.5174393362031899,0.48256066379681,360.0,1120.0,False,3760.0,0.0,0.9999999999999994,10,operational,0.6,0.6,0.6,0.6,1,0,0.36,0.36,0.5833333333333334,0.5999999999999999,0.3499999999999999,0.0,0.0,0.0
0.8897160559873424,0.1102839440126576,0.5174393362031899,0.48256066379681,360.0,1180.0,False,3760.0,0.0,0.9999999999999994,11,operational,0.6,0.6,0.6,0.6,1,0,0.36,0.36,0.5833333333333334,0.5999999999999999,0.3499999999999999,0.6060606060606061,0.5999999999999999,0.3636363636363636
0.9035223742829492,0.0964776257170506,0.4984763050253206,0.5015236949746794,360.0,1120.0,False,3760.0,0.0,0.9999999999999994,00,operational,0.6,1.0,0.6,1.0,0,0,0.6,0.6,,,,,,
0.8977531302685771,0.1022468697314229,0.4984763050253206,0.5015236949746794,360.0,1220.0,False,3760.0,0.0,0.9999999999999994,01,operational,0.6,1.0,0.6,1.0,0,0,0.6,0.6,0.0,0.0,0.0,0.6060606060606061,1.0,0.6060606060606061
0.8912097354456283,0.1087902645543716,0.5159922932026533,0.4840077067973466,360.0,1120.0,False,3760.0,0.0,0.9999999999999994,10,operational,0.6,1.0,0.6,1.0,0,0,0.6,0.6,0.5833333333333334,1.0,0.5833333333333334,0.0,0.0,0.0
0.7498175285465448,0.2501824714534552,0.5159922932026533,0.4840077067973466,360.0,,True,3760.0,1.0,0.8083180806907633,11,operational,0.6,1.0,0.6,1.0,0,0,0.6,0.6,0.5833333333333334,1.0,0.5833333333333334,0.6060606060606061,1.0,0.6060606060606061
0.9035223742829492,0.0964776257170506,0.4984763050253206,0.5015236949746794,360.0,1120.0,False,3760.0,0.0,0.9999999999999994,00,operational,0.6,1.0,0.6,1.0,1,0,0.6,0.6,,,,,,
0.9000806137460159,0.0999193862539841,0.4984763050253206,0.5015236949746794,360.0,1170.0,False,3760.0,0.0,0.9999999999999994,01,operational,0.6,1.0,0.6,1.0,1,0,0.6,0.6,0.0,0.0,0.0,0.6060606060606061,1.0,0.6060606060606061
0.8880303365820625,0.1119696634179374,0.5271829565375203,0.4728170434624796,360.0,1120.0,False,3760.0,0.0,0.9999999999999994,10,operational,0.6,1.0,0.6,1.0,1,0,0.6,0.6,0.5833333333333334,1.0,0.5833333333333334,0.0,0.0,0.0
0.8752113193288458,0.1247886806711542,0.5271829565375203,0.4728170434624796,360.0,1300.0,False,3760.0,0.0,0.9999999999999994,11,operational,0.6,1.0,0.6,1.0,1,0,0.6,0.6,0.5833333333333334,1.0,0.5833333333333334,0.6060606060606061,1.0,0.6060606060606061
0.9035223742829492,0.0964776257170506,0.4984763050253206,0.5015236949746794,360.0,1120.0,False,3760.0,0.0,0.9999999999999994,00,operational,1.0,0.25,1.0,0.25,0,0,0.25,0.25,,,,,,
0.9013283405270012,0.0986716594729988,0.4984763050253206,0.5015236949746794,360.0,1140.0,False,3760.0,0.0,0.9999999999999994,01,operational,1.0,0.25,1.0,0.25,0,0,0.25,0.25,0.0,0.0,0.0,1.0,0.25,0.25
0.8979328532810471,0.1020671467189529,0.5105212581120808,0.4894787418879192,360.0,1120.0,False,3760.0,0.0,0.9999999999999994,10,operational,1.0,0.25,1.0,0.25,0,0,0.25,0.25,1.0,0.25,0.25,0.0,0.0,0.0
0.8948509382965062,0.1051490617034938,0.5105212581120808,0.4894787418879192,360.0,1150.0,False,3760.0,0.0,0.9999999999999994,11,operational,1.0,0.25,1.0,0.25,0,0,0.25,0.25,1.0,0.25,0.25,1.0,0.25,0.25
0.9035223742829492,0.0964776257170506,0.4984763050253206,0.5015236949746794,360.0,1120.0,False,3760.0,0.0,0.9999999999999994,00,operational,1.0,0.25,1.0,0.25,1,0,0.25,0.25,,,,,,
0.9013283405270012,0.0986716594729988,0.4984763050253206,0.5015236949746794,360.0,1140.0,False,3760.0,0.0,0.9999999999999994,01,operational,1.0,0.25,1.0,0.25,1,0,0.25,0.25,0.0,0.0,0.0,1.0,0.25,0.25
0.8979328532810471,0.1020671467189529,0.5105212581120808,0.4894787418879192,360.0,1120.0,False,3760.0,0.0,0.9999999999999994,10,operational,1.0,0.25,1.0,0.25,1,0,0.25,0.25,1.0,0.25,0.25,0.0,0.0,0.0
0.8948509382965062,0.1051490617034938,0.5105212581120808,0.4894787418879192,360.0,1150.0,False,3760.0,0.0,0.9999999999999994,11,operational,1.0,0.25,1.0,0.25,1,0,0.25,0.25,1.0,0.25,0.25,1.0,0.25,0.25
0.9035223742829492,0.0964776257170506,0.4984763050253206,0.5015236949746794,360.0,1120.0,False,3760.0,0.0,0.9999999999999994,00,operational,1.0,0.6,1.0,0.6,0,0,0.6,0.6,,,,,,
0.8958446499538673,0.1041553500461327,0.4984763050253206,0.5015236949746794,360.0,1210.0,False,3760.0,0.0,0.9999999999999994,01,operational,1.0,0.6,1.0,0.6,0,0,0.6,0.6,0.0,0.0,0.0,1.0,0.6,0.6
0.8907885057469407,0.1092114942530593,0.5247937553126664,0.4752062446873336,360.0,1120.0,False,3760.0,0.0,0.9999999999999994,10,operational,1.0,0.6,1.0,0.6,0,0,0.6,0.6,1.0,0.6,0.6,0.0,0.0,0.0
0.8743149803129037,0.1256850196870963,0.5247937553126664,0.4752062446873336,360.0,1300.0,False,3760.0,0.0,0.9999999999999994,11,operational,1.0,0.6,1.0,0.6,0,0,0.6,0.6,1.0,0.6,0.6,1.0,0.6,0.6
0.9035223742829492,0.0964776257170506,0.4984763050253206,0.5015236949746794,360.0,1120.0,False,3760.0,0.0,0.9999999999999994,00,operational,1.0,0.6,1.0,0.6,1,0,0.6,0.6,,,,,,
0.8958446499538673,0.1041553500461327,0.4984763050253206,0.5015236949746794,360.0,1210.0,False,3760.0,0.0,0.9999999999999994,01,operational,1.0,0.6,1.0,0.6,1,0,0.6,0.6,0.0,0.0,0.0,1.0,0.6,0.6
0.8907885057469407,0.1092114942530593,0.5247937553126664,0.4752062446873336,360.0,1120.0,False,3760.0,0.0,0.9999999999999994,10,operational,1.0,0.6,1.0,0.6,1,0,0.6,0.6,1.0,0.6,0.6,0.0,0.0,0.0
0.8743149803129037,0.1256850196870963,0.5247937553126664,0.4752062446873336,360.0,1300.0,False,3760.0,0.0,0.9999999999999994,11,operational,1.0,0.6,1.0,0.6,1,0,0.6,0.6,1.0,0.6,0.6,1.0,0.6,0.6
0.9035223742829492,0.0964776257170506,0.4984763050253206,0.5015236949746794,360.0,1120.0,False,3760.0,0.0,0.9999999999999994,00,operational,1.0,1.0,1.0,1.0,0,0,1.0,1.0,,,,,,
0.8909500158415858,0.1090499841584141,0.4984763050253206,0.5015236949746794,360.0,1310.0,False,3760.0,0.0,0.9999999999999994,01,operational,1.0,1.0,1.0,1.0,0,0,1.0,1.0,0.0,0.0,0.0,1.0,1.0,1.0
0.8835319058590364,0.1164680941409636,0.5360388144541576,0.4639611855458424,360.0,1120.0,False,3760.0,0.0,0.9999999999999994,10,operational,1.0,1.0,1.0,1.0,0,0,1.0,1.0,1.0,1.0,1.0,0.0,0.0,0.0
0.5989099561402493,0.4010900438597506,0.5360388144541576,0.4639611855458424,360.0,,True,3760.0,1.0,0.6103863703127294,11,operational,1.0,1.0,1.0,1.0,0,0,1.0,1.0,1.0,1.0,1.0,1.0,1.0,1.0
0.9035223742829492,0.0964776257170506,0.4984763050253206,0.5015236949746794,360.0,1120.0,False,3760.0,0.0,0.9999999999999994,00,operational,1.0,1.0,1.0,1.0,1,0,1.0,1.0,,,,,,
0.8909500158415858,0.1090499841584141,0.4984763050253206,0.5015236949746794,360.0,1310.0,False,3760.0,0.0,0.9999999999999994,01,operational,1.0,1.0,1.0,1.0,1,0,1.0,1.0,0.0,0.0,0.0,1.0,1.0,1.0
0.8835319058590364,0.1164680941409636,0.5360388144541576,0.4639611855458424,360.0,1120.0,False,3760.0,0.0,0.9999999999999994,10,operational,1.0,1.0,1.0,1.0,1,0,1.0,1.0,1.0,1.0,1.0,0.0,0.0,0.0
0.5989099561402493,0.4010900438597506,0.5360388144541576,0.4639611855458424,360.0,,True,3760.0,1.0,0.6103863703127294,11,operational,1.0,1.0,1.0,1.0,1,0,1.0,1.0,1.0,1.0,1.0,1.0,1.0,1.0
0.9013579869310268,0.0986420130689732,0.6903928361477462,0.3096071638522538,360.0,1100.0,False,3760.0,0.0,0.9999999999999994,00,operational,0.25,0.25,0.25,0.25,0,1,0.0625,0.0625,,,,,,
0.8988251110836245,0.1011748889163755,0.6903928361477462,0.3096071638522538,360.0,1120.0,False,3760.0,0.0,0.9999999999999994,01,operational,0.25,0.25,0.25,0.25,0,1,0.0625,0.0625,0.0,0.0,0.0,0.2424242424242424,0.25,0.0606060606060606
0.8975846468156246,0.1024153531843754,0.714363867465085,0.285636132534915,360.0,1100.0,False,3760.0,0.0,0.9999999999999994,10,operational,0.25,0.25,0.25,0.25,0,1,0.0625,0.0625,0.25,0.25,0.0625,0.0,0.0,0.0
0.8948117082246951,0.1051882917753048,0.714363867465085,0.285636132534915,360.0,1120.0,False,3760.0,0.0,0.9999999999999994,11,operational,0.25,0.25,0.25,0.25,0,1,0.0625,0.0625,0.25,0.25,0.0625,0.2424242424242424,0.25,0.0606060606060606
0.9013579869310268,0.0986420130689732,0.6903928361477462,0.3096071638522538,360.0,1100.0,False,3760.0,0.0,0.9999999999999994,00,operational,0.25,0.25,0.25,0.25,1,1,0.0625,0.0625,,,,,,
0.9006620785971907,0.0993379214028092,0.6903928361477462,0.3096071638522538,360.0,1110.0,False,3760.0,0.0,0.9999999999999994,01,operational,0.25,0.25,0.25,0.25,1,1,0.0625,0.0625,0.0,0.0,0.0,0.2424242424242424,0.25,0.0606060606060606
0.8960792410949718,0.1039207589050281,0.7267429493891239,0.2732570506108761,360.0,1100.0,False,3760.0,0.0,0.9999999999999994,10,operational,0.25,0.25,0.25,0.25,1,1,0.0625,0.0625,0.25,0.25,0.0625,0.0,0.0,0.0
0.8953260550778726,0.1046739449221274,0.7267429493891239,0.2732570506108761,360.0,1110.0,False,3760.0,0.0,0.9999999999999994,11,operational,0.25,0.25,0.25,0.25,1,1,0.0625,0.0625,0.25,0.25,0.0625,0.2424242424242424,0.25,0.0606060606060606
0.9013579869310268,0.0986420130689732,0.6903928361477462,0.3096071638522538,360.0,1100.0,False,3760.0,0.0,0.9999999999999994,00,operational,0.25,0.6,0.25,0.6,0,1,0.15,0.15,,,,,,
0.8899903575507424,0.1100096424492576,0.6903928361477462,0.3096071638522538,360.0,1200.0,False,3760.0,0.0,0.9999999999999994,01,operational,0.25,0.6,0.25,0.6,0,1,0.15,0.15,0.0,0.0,0.0,0.2424242424242424,0.6,0.1454545454545454
0.8925172577336209,0.1074827422663791,0.7511607497589639,0.2488392502410361,360.0,1100.0,False,3760.0,0.0,0.9999999999999994,10,operational,0.25,0.6,0.25,0.6,0,1,0.15,0.15,0.25,0.6,0.15,0.0,0.0,0.0
0.8796846709306564,0.1203153290693436,0.7511607497589639,0.2488392502410361,360.0,1210.0,False,3760.0,0.0,0.9999999999999994,11,operational,0.25,0.6,0.25,0.6,0,1,0.15,0.15,0.25,0.6,0.15,0.2424242424242424,0.6,0.1454545454545454
0.9013579869310268,0.0986420130689732,0.6903928361477462,0.3096071638522538,360.0,1100.0,False,3760.0,0.0,0.9999999999999994,00,operational,0.25,0.6,0.25,0.6,1,1,0.15,0.15,,,,,,
0.8987807501007528,0.1012192498992472,0.6903928361477462,0.3096071638522538,360.0,1140.0,False,3760.0,0.0,0.9999999999999994,01,operational,0.25,0.6,0.25,0.6,1,1,0.15,0.15,0.0,0.0,0.0,0.2424242424242424,0.6,0.1454545454545454
0.8901209461190877,0.1098790538809123,0.7625030980365624,0.2374969019634377,360.0,1100.0,False,3760.0,0.0,0.9999999999999994,10,operational,0.25,0.6,0.25,0.6,1,1,0.15,0.15,0.25,0.6,0.15,0.0,0.0,0.0
0.8864487598828589,0.1135512401171411,0.7625030980365624,0.2374969019634377,360.0,1150.0,False,3760.0,0.0,0.9999999999999994,11,operational,0.25,0.6,0.25,0.6,1,1,0.15,0.15,0.25,0.6,0.15,0.2424242424242424,0.6,0.1454545454545454
0.9013579869310268,0.0986420130689732,0.6903928361477462,0.3096071638522538,360.0,1100.0,False,3760.0,0.0,0.9999999999999994,00,operational,0.25,1.0,0.25,1.0,0,1,0.25,0.25,,,,,,
0.8659500896424923,0.1340499103575076,0.6903928361477462,0.3096071638522538,360.0,1210.0,False,3760.0,0.0,0.9999999999999994,01,operational,0.25,1.0,0.25,1.0,0,1,0.25,0.25,0.0,0.0,0.0,0.2424242424242424,1.0,0.2424242424242424
0.887620770526922,0.1123792294730779,0.777514481259586,0.222485518740414,360.0,1100.0,False,3760.0,0.0,0.9999999999999994,10,operational,0.25,1.0,0.25,1.0,0,1,0.25,0.25,0.25,1.0,0.25,0.0,0.0,0.0
0.8313929913083816,0.1686070086916183,0.777514481259586,0.222485518740414,360.0,1210.0,False,3760.0,0.0,0.9999999999999994,11,operational,0.25,1.0,0.25,1.0,0,1,0.25,0.25,0.25,1.0,0.25,0.2424242424242424,1.0,0.2424242424242424
0.9013579869310268,0.0986420130689732,0.6903928361477462,0.3096071638522538,360.0,1100.0,False,3760.0,0.0,0.9999999999999994,00,operational,0.25,1.0,0.25,1.0,1,1,0.25,0.25,,,,,,
0.9000849341091295,0.0999150658908705,0.6903928361477462,0.3096071638522538,360.0,1150.0,False,3760.0,0.0,0.9999999999999994,01,operational,0.25,1.0,0.25,1.0,1,1,0.25,0.25,0.0,0.0,0.0,0.2424242424242424,1.0,0.2424242424242424
0.885053752863933,0.114946247136067,0.7753168487063681,0.2246831512936319,360.0,1100.0,False,3760.0,0.0,0.9999999999999994,10,operational,0.25,1.0,0.25,1.0,1,1,0.25,0.25,0.25,1.0,0.25,0.0,0.0,0.0
0.880688258623012,0.1193117413769879,0.7753168487063681,0.2246831512936319,360.0,1190.0,False,3760.0,0.0,0.9999999999999994,11,operational,0.25,1.0,0.25,1.0,1,1,0.25,0.25,0.25,1.0,0.25,0.2424242424242424,1.0,0.2424242424242424
0.9013579869310268,0.0986420130689732,0.6903928361477462,0.3096071638522538,360.0,1100.0,False,3760.0,0.0,0.9999999999999994,00,operational,0.6,0.25,0.6,0.25,0,1,0.15,0.15,,,,,,
0.8979380055151333,0.1020619944848667,0.6903928361477462,0.3096071638522538,360.0,1130.0,False,3760.0,0.0,0.9999999999999994,01,operational,0.6,0.25,0.6,0.25,0,1,0.15,0.15,0.0,0.0,0.0,0.6060606060606061,0.25,0.1515151515151515
0.8945523544168461,0.1054476455831538,0.7444974912053115,0.2555025087946885,360.0,1100.0,False,3760.0,0.0,0.9999999999999994,10,operational,0.6,0.25,0.6,0.25,0,1,0.15,0.15,0.5833333333333334,0.25,0.1458333333333333,0.0,0.0,0.0
0.890421333657185,0.1095786663428149,0.7444974912053115,0.2555025087946885,360.0,1140.0,False,3760.0,0.0,0.9999999999999994,11,operational,0.6,0.25,0.6,0.25,0,1,0.15,0.15,0.5833333333333334,0.25,0.1458333333333333,0.6060606060606061,0.25,0.1515151515151515
0.9013579869310268,0.0986420130689732,0.6903928361477462,0.3096071638522538,360.0,1100.0,False,3760.0,0.0,0.9999999999999994,00,operational,0.6,0.25,0.6,0.25,1,1,0.15,0.15,,,,,,
0.9000266122025359,0.0999733877974641,0.6903928361477462,0.3096071638522538,360.0,1120.0,False,3760.0,0.0,0.9999999999999994,01,operational,0.6,0.25,0.6,0.25,1,1,0.15,0.15,0.0,0.0,0.0,0.6060606060606061,0.25,0.1515151515151515
0.8950309910756575,0.1049690089243424,0.7372356370508519,0.2627643629491481,360.0,1100.0,False,3760.0,0.0,0.9999999999999994,10,operational,0.6,0.25,0.6,0.25,1,1,0.15,0.15,0.5833333333333334,0.25,0.1458333333333333,0.0,0.0,0.0
0.893303049119947,0.106696950880053,0.7372356370508519,0.2627643629491481,360.0,1120.0,False,3760.0,0.0,0.9999999999999994,11,operational,0.6,0.25,0.6,0.25,1,1,0.15,0.15,0.5833333333333334,0.25,0.1458333333333333,0.6060606060606061,0.25,0.1515151515151515
0.9013579869310268,0.0986420130689732,0.6903928361477462,0.3096071638522538,360.0,1100.0,False,3760.0,0.0,0.9999999999999994,00,operational,0.6,0.6,0.6,0.6,0,1,0.36,0.36,,,,,,
0.8862653694269934,0.1137346305730065,0.6903928361477462,0.3096071638522538,360.0,1250.0,False,3760.0,0.0,0.9999999999999994,01,operational,0.6,0.6,0.6,0.6,0,1,0.36,0.36,0.0,0.0,0.0,0.6060606060606061,0.5999999999999999,0.3636363636363636
0.886756577865204,0.1132434221347959,0.7984620045051173,0.2015379954948827,360.0,1100.0,False,3760.0,0.0,0.9999999999999994,10,operational,0.6,0.6,0.6,0.6,0,1,0.36,0.36,0.5833333333333334,0.5999999999999999,0.3499999999999999,0.0,0.0,0.0
0.8672178361622492,0.1327821638377507,0.7984620045051173,0.2015379954948827,360.0,1280.0,False,3760.0,0.0,0.9999999999999994,11,operational,0.6,0.6,0.6,0.6,0,1,0.36,0.36,0.5833333333333334,0.5999999999999999,0.3499999999999999,0.6060606060606061,0.5999999999999999,0.3636363636363636
0.9013579869310268,0.0986420130689732,0.6903928361477462,0.3096071638522538,360.0,1100.0,False,3760.0,0.0,0.9999999999999994,00,operational,0.6,0.6,0.6,0.6,1,1,0.36,0.36,,,,,,
0.8963967379160497,0.1036032620839503,0.6903928361477462,0.3096071638522538,360.0,1170.0,False,3760.0,0.0,0.9999999999999994,01,operational,0.6,0.6,0.6,0.6,1,1,0.36,0.36,0.0,0.0,0.0,0.6060606060606061,0.5999999999999999,0.3636363636363636
0.8881480928255467,0.1118519071744532,0.7715176172707378,0.2284823827292622,360.0,1100.0,False,3760.0,0.0,0.9999999999999994,10,operational,0.6,0.6,0.6,0.6,1,1,0.36,0.36,0.5833333333333334,0.5999999999999999,0.3499999999999999,0.0,0.0,0.0
0.8800070322788398,0.1199929677211601,0.7715176172707378,0.2284823827292622,360.0,1200.0,False,3760.0,0.0,0.9999999999999994,11,operational,0.6,0.6,0.6,0.6,1,1,0.36,0.36,0.5833333333333334,0.5999999999999999,0.3499999999999999,0.6060606060606061,0.5999999999999999,0.3636363636363636
0.9013579869310268,0.0986420130689732,0.6903928361477462,0.3096071638522538,360.0,1100.0,False,3760.0,0.0,0.9999999999999994,00,operational,0.6,1.0,0.6,1.0,0,1,0.6,0.6,,,,,,
0.8656109977204083,0.1343890022795917,0.6903928361477462,0.3096071638522538,360.0,1300.0,False,3760.0,0.0,0.9999999999999994,01,operational,0.6,1.0,0.6,1.0,0,1,0.6,0.6,0.0,0.0,0.0,0.6060606060606061,1.0,0.6060606060606061
0.8807622361747032,0.1192377638252968,0.8150958220746731,0.1849041779253268,360.0,1100.0,False,3760.0,0.0,0.9999999999999994,10,operational,0.6,1.0,0.6,1.0,0,1,0.6,0.6,0.5833333333333334,1.0,0.5833333333333334,0.0,0.0,0.0
0.2553379178259439,0.7446620821740562,0.8150958220746731,0.1849041779253268,360.0,,True,3760.0,1.0,0.2323352088327899,11,operational,0.6,1.0,0.6,1.0,0,1,0.6,0.6,0.5833333333333334,1.0,0.5833333333333334,0.6060606060606061,1.0,0.6060606060606061
0.9013579869310268,0.0986420130689732,0.6903928361477462,0.3096071638522538,360.0,1100.0,False,3760.0,0.0,0.9999999999999994,00,operational,0.6,1.0,0.6,1.0,1,1,0.6,0.6,,,,,,
0.8979331338557338,0.1020668661442661,0.6903928361477462,0.3096071638522538,360.0,1210.0,False,3760.0,0.0,0.9999999999999994,01,operational,0.6,1.0,0.6,1.0,1,1,0.6,0.6,0.0,0.0,0.0,0.6060606060606061,1.0,0.6060606060606061
0.8822586875753268,0.1177413124246732,0.7832477494149307,0.2167522505850693,360.0,1100.0,False,3760.0,0.0,0.9999999999999994,10,operational,0.6,1.0,0.6,1.0,1,1,0.6,0.6,0.5833333333333334,1.0,0.5833333333333334,0.0,0.0,0.0
0.773649047329932,0.226350952670068,0.7832477494149307,0.2167522505850693,360.0,,True,3760.0,1.0,0.8500511508076397,11,operational,0.6,1.0,0.6,1.0,1,1,0.6,0.6,0.5833333333333334,1.0,0.5833333333333334,0.6060606060606061,1.0,0.6060606060606061
0.9013579869310268,0.0986420130689732,0.6903928361477462,0.3096071638522538,360.0,1100.0,False,3760.0,0.0,0.9999999999999994,00,operational,1.0,0.25,1.0,0.25,0,1,0.25,0.25,,,,,,
0.8967367334397719,0.1032632665602281,0.6903928361477462,0.3096071638522538,360.0,1150.0,False,3760.0,0.0,0.9999999999999994,01,operational,1.0,0.25,1.0,0.25,0,1,0.25,0.25,0.0,0.0,0.0,1.0,0.25,0.25
0.8910991428954083,0.1089008571045917,0.7627723717317418,0.2372276282682581,360.0,1100.0,False,3760.0,0.0,0.9999999999999994,10,operational,1.0,0.25,1.0,0.25,0,1,0.25,0.25,1.0,0.25,0.25,0.0,0.0,0.0
0.8851546107270184,0.1148453892729816,0.7627723717317418,0.2372276282682581,360.0,1160.0,False,3760.0,0.0,0.9999999999999994,11,operational,1.0,0.25,1.0,0.25,0,1,0.25,0.25,1.0,0.25,0.25,1.0,0.25,0.25
0.9013579869310268,0.0986420130689732,0.6903928361477462,0.3096071638522538,360.0,1100.0,False,3760.0,0.0,0.9999999999999994,00,operational,1.0,0.25,1.0,0.25,1,1,0.25,0.25,,,,,,
0.8967367334397719,0.1032632665602281,0.6903928361477462,0.3096071638522538,360.0,1150.0,False,3760.0,0.0,0.9999999999999994,01,operational,1.0,0.25,1.0,0.25,1,1,0.25,0.25,0.0,0.0,0.0,1.0,0.25,0.25
0.8910991428954083,0.1089008571045917,0.7627723717317418,0.2372276282682581,360.0,1100.0,False,3760.0,0.0,0.9999999999999994,10,operational,1.0,0.25,1.0,0.25,1,1,0.25,0.25,1.0,0.25,0.25,0.0,0.0,0.0
0.8851546107270184,0.1148453892729816,0.7627723717317418,0.2372276282682581,360.0,1160.0,False,3760.0,0.0,0.9999999999999994,11,operational,1.0,0.25,1.0,0.25,1,1,0.25,0.25,1.0,0.25,0.25,1.0,0.25,0.25
0.9013579869310268,0.0986420130689732,0.6903928361477462,0.3096071638522538,360.0,1100.0,False,3760.0,0.0,0.9999999999999994,00,operational,1.0,0.6,1.0,0.6,0,1,0.6,0.6,,,,,,
0.8816493104909656,0.1183506895090343,0.6903928361477462,0.3096071638522538,360.0,1320.0,False,3760.0,0.0,0.9999999999999994,01,operational,1.0,0.6,1.0,0.6,0,1,0.6,0.6,0.0,0.0,0.0,1.0,0.6,0.6
0.8810323967857158,0.1189676032142842,0.8104939523778041,0.1895060476221959,360.0,1100.0,False,3760.0,0.0,0.9999999999999994,10,operational,1.0,0.6,1.0,0.6,0,1,0.6,0.6,1.0,0.6,0.6,0.0,0.0,0.0
0.8501101746855662,0.1498898253144338,0.8104939523778041,0.1895060476221959,360.0,1410.0,False,3760.0,0.0,0.9999999999999994,11,operational,1.0,0.6,1.0,0.6,0,1,0.6,0.6,1.0,0.6,0.6,1.0,0.6,0.6
0.9013579869310268,0.0986420130689732,0.6903928361477462,0.3096071638522538,360.0,1100.0,False,3760.0,0.0,0.9999999999999994,00,operational,1.0,0.6,1.0,0.6,1,1,0.6,0.6,,,,,,
0.8816493104909656,0.1183506895090343,0.6903928361477462,0.3096071638522538,360.0,1320.0,False,3760.0,0.0,0.9999999999999994,01,operational,1.0,0.6,1.0,0.6,1,1,0.6,0.6,0.0,0.0,0.0,1.0,0.6,0.6
0.8810323967857158,0.1189676032142842,0.8104939523778041,0.1895060476221959,360.0,1100.0,False,3760.0,0.0,0.9999999999999994,10,operational,1.0,0.6,1.0,0.6,1,1,0.6,0.6,1.0,0.6,0.6,0.0,0.0,0.0
0.8501101746855662,0.1498898253144338,0.8104939523778041,0.1895060476221959,360.0,1410.0,False,3760.0,0.0,0.9999999999999994,11,operational,1.0,0.6,1.0,0.6,1,1,0.6,0.6,1.0,0.6,0.6,1.0,0.6,0.6
0.9013579869310268,0.0986420130689732,0.6903928361477462,0.3096071638522538,360.0,1100.0,False,3760.0,0.0,0.9999999999999994,00,operational,1.0,1.0,1.0,1.0,0,1,1.0,1.0,,,,,,
0.8676130311642102,0.1323869688357898,0.6903928361477462,0.3096071638522538,360.0,1410.0,False,3760.0,0.0,0.9999999999999994,01,operational,1.0,1.0,1.0,1.0,0,1,1.0,1.0,0.0,0.0,0.0,1.0,1.0,1.0
0.8733258193352549,0.1266741806647451,0.8236316872573309,0.176368312742669,360.0,1100.0,False,3760.0,0.0,0.9999999999999994,10,operational,1.0,1.0,1.0,1.0,0,1,1.0,1.0,1.0,1.0,1.0,0.0,0.0,0.0
0.2161690555759841,0.7838309444240159,0.8236316872573309,0.176368312742669,360.0,,True,3760.0,1.0,0.1851876926325582,11,operational,1.0,1.0,1.0,1.0,0,1,1.0,1.0,1.0,1.0,1.0,1.0,1.0,1.0
0.9013579869310268,0.0986420130689732,0.6903928361477462,0.3096071638522538,360.0,1100.0,False,3760.0,0.0,0.9999999999999994,00,operational,1.0,1.0,1.0,1.0,1,1,1.0,1.0,,,,,,
0.8676130311642102,0.1323869688357898,0.6903928361477462,0.3096071638522538,360.0,1410.0,False,3760.0,0.0,0.9999999999999994,01,operational,1.0,1.0,1.0,1.0,1,1,1.0,1.0,0.0,0.0,0.0,1.0,1.0,1.0
0.8733258193352549,0.1266741806647451,0.8236316872573309,0.176368312742669,360.0,1100.0,False,3760.0,0.0,0.9999999999999994,10,operational,1.0,1.0,1.0,1.0,1,1,1.0,1.0,1.0,1.0,1.0,0.0,0.0,0.0
0.2161690555759841,0.7838309444240159,0.8236316872573309,0.176368312742669,360.0,,True,3760.0,1.0,0.1851876926325582,11,operational,1.0,1.0,1.0,1.0,1,1,1.0,1.0,1.0,1.0,1.0,1.0,1.0,1.0
0.8507147049595585,0.1492852950404415,0.7751749034493409,0.224825096550659,360.0,1380.0,False,3760.0,0.0,0.9999999999999994,00,operational,0.25,0.25,0.25,0.25,0,2,0.0625,0.0625,,,,,,
0.8475547319293397,0.1524452680706602,0.7751749034493409,0.224825096550659,360.0,1400.0,False,3760.0,0.0,0.9999999999999994,01,operational,0.25,0.25,0.25,0.25,0,2,0.0625,0.0625,0.0,0.0,0.0,0.2424242424242424,0.25,0.0606060606060606
0.8491485760729424,0.1508514239270576,0.7818111833215143,0.2181888166784856,360.0,1380.0,False,3760.0,0.0,0.9999999999999994,10,operational,0.25,0.25,0.25,0.25,0,2,0.0625,0.0625,0.25,0.25,0.0625,0.0,0.0,0.0
0.8456273236314953,0.1543726763685047,0.7818111833215143,0.2181888166784856,360.0,1410.0,False,3760.0,0.0,0.9999999999999994,11,operational,0.25,0.25,0.25,0.25,0,2,0.0625,0.0625,0.25,0.25,0.0625,0.2424242424242424,0.25,0.0606060606060606
0.8507147049595585,0.1492852950404415,0.7751749034493409,0.224825096550659,360.0,1380.0,False,3760.0,0.0,0.9999999999999994,00,operational,0.25,0.25,0.25,0.25,1,2,0.0625,0.0625,,,,,,
0.8494882475669709,0.150511752433029,0.7751749034493409,0.224825096550659,360.0,1390.0,False,3760.0,0.0,0.9999999999999994,01,operational,0.25,0.25,0.25,0.25,1,2,0.0625,0.0625,0.0,0.0,0.0,0.2424242424242424,0.25,0.0606060606060606
0.850121010722673,0.149878989277327,0.7771230528356599,0.2228769471643401,360.0,1380.0,False,3760.0,0.0,0.9999999999999994,10,operational,0.25,0.25,0.25,0.25,1,2,0.0625,0.0625,0.25,0.25,0.0625,0.0,0.0,0.0
0.8488922477120181,0.1511077522879819,0.7771230528356599,0.2228769471643401,360.0,1390.0,False,3760.0,0.0,0.9999999999999994,11,operational,0.25,0.25,0.25,0.25,1,2,0.0625,0.0625,0.25,0.25,0.0625,0.2424242424242424,0.25,0.0606060606060606
0.8507147049595585,0.1492852950404415,0.7751749034493409,0.224825096550659,360.0,1380.0,False,3760.0,0.0,0.9999999999999994,00,operational,0.25,0.6,0.25,0.6,0,2,0.15,0.15,,,,,,
0.8374408532682007,0.1625591467317992,0.7751749034493409,0.224825096550659,360.0,1480.0,False,3760.0,0.0,0.9999999999999994,01,operational,0.25,0.6,0.25,0.6,0,2,0.15,0.15,0.0,0.0,0.0,0.2424242424242424,0.6,0.1454545454545454
0.8467973717684901,0.1532026282315098,0.7913768445244526,0.2086231554755474,360.0,1380.0,False,3760.0,0.0,0.9999999999999994,10,operational,0.25,0.6,0.25,0.6,0,2,0.15,0.15,0.25,0.6,0.15,0.0,0.0,0.0
0.8326226668544204,0.1673773331455795,0.7913768445244526,0.2086231554755474,360.0,1480.0,False,3760.0,0.0,0.9999999999999994,11,operational,0.25,0.6,0.25,0.6,0,2,0.15,0.15,0.25,0.6,0.15,0.2424242424242424,0.6,0.1454545454545454
0.8507147049595585,0.1492852950404415,0.7751749034493409,0.224825096550659,360.0,1380.0,False,3760.0,0.0,0.9999999999999994,00,operational,0.25,0.6,0.25,0.6,1,2,0.15,0.15,,,,,,
0.8456913058546106,0.1543086941453894,0.7751749034493409,0.224825096550659,360.0,1430.0,False,3760.0,0.0,0.9999999999999994,01,operational,0.25,0.6,0.25,0.6,1,2,0.15,0.15,0.0,0.0,0.0,0.2424242424242424,0.6,0.1454545454545454
0.8493556959251379,0.150644304074862,0.7783457823352646,0.2216542176647353,360.0,1380.0,False,3760.0,0.0,0.9999999999999994,10,operational,0.25,0.6,0.25,0.6,1,2,0.15,0.15,0.25,0.6,0.15,0.0,0.0,0.0
0.8442668603717128,0.1557331396282871,0.7783457823352646,0.2216542176647353,360.0,1430.0,False,3760.0,0.0,0.9999999999999994,11,operational,0.25,0.6,0.25,0.6,1,2,0.15,0.15,0.25,0.6,0.15,0.2424242424242424,0.6,0.1454545454545454
0.8507147049595585,0.1492852950404415,0.7751749034493409,0.224825096550659,360.0,1380.0,False,3760.0,0.0,0.9999999999999994,00,operational,0.25,1.0,0.25,1.0,0,2,0.25,0.25,,,,,,
0.8050796851391386,0.1949203148608613,0.7751749034493409,0.224825096550659,360.0,1500.0,False,3760.0,0.0,0.9999999999999994,01,operational,0.25,1.0,0.25,1.0,0,2,0.25,0.25,0.0,0.0,0.0,0.2424242424242424,1.0,0.2424242424242424
0.8447331226590383,0.1552668773409616,0.7946797820158953,0.2053202179841047,360.0,1380.0,False,3760.0,0.0,0.9999999999999994,10,operational,0.25,1.0,0.25,1.0,0,2,0.25,0.25,0.25,1.0,0.25,0.0,0.0,0.0
0.7794380171477696,0.2205619828522304,0.7946797820158953,0.2053202179841047,360.0,1500.0,False,3760.0,0.0,0.9999999999999994,11,operational,0.25,1.0,0.25,1.0,0,2,0.25,0.25,0.25,1.0,0.25,0.2424242424242424,1.0,0.2424242424242424
0.8507147049595585,0.1492852950404415,0.7751749034493409,0.224825096550659,360.0,1380.0,False,3760.0,0.0,0.9999999999999994,00,operational,0.25,1.0,0.25,1.0,1,2,0.25,0.25,,,,,,
0.8481243795915189,0.1518756204084811,0.7751749034493409,0.224825096550659,360.0,1460.0,False,3760.0,0.0,0.9999999999999994,01,operational,0.25,1.0,0.25,1.0,1,2,0.25,0.25,0.0,0.0,0.0,0.2424242424242424,1.0,0.2424242424242424
0.8485725157442084,0.1514274842557915,0.7785751921803346,0.2214248078196654,360.0,1380.0,False,3760.0,0.0,0.9999999999999994,10,operational,0.25,1.0,0.25,1.0,1,2,0.25,0.25,0.25,1.0,0.25,0.0,0.0,0.0
0.8452646491289677,0.1547353508710323,0.7785751921803346,0.2214248078196654,360.0,1460.0,False,3760.0,0.0,0.9999999999999994,11,operational,0.25,1.0,0.25,1.0,1,2,0.25,0.25,0.25,1.0,0.25,0.2424242424242424,1.0,0.2424242424242424
0.8507147049595585,0.1492852950404415,0.7751749034493409,0.224825096550659,360.0,1380.0,False,3760.0,0.0,0.9999999999999994,00,operational,0.6,0.25,0.6,0.25,0,2,0.15,0.15,,,,,,
0.8442523396022932,0.1557476603977068,0.7751749034493409,0.224825096550659,360.0,1440.0,False,3760.0,0.0,0.9999999999999994,01,operational,0.6,0.25,0.6,0.25,0,2,0.15,0.15,0.0,0.0,0.0,0.6060606060606061,0.25,0.1515151515151515
0.8467191842489045,0.1532808157510955,0.7905627688966146,0.2094372311033853,360.0,1380.0,False,3760.0,0.0,0.9999999999999994,10,operational,0.6,0.25,0.6,0.25,0,2,0.15,0.15,0.5833333333333334,0.25,0.1458333333333333,0.0,0.0,0.0
0.8392259890796194,0.1607740109203805,0.7905627688966146,0.2094372311033853,360.0,1450.0,False,3760.0,0.0,0.9999999999999994,11,operational,0.6,0.25,0.6,0.25,0,2,0.15,0.15,0.5833333333333334,0.25,0.1458333333333333,0.6060606060606061,0.25,0.1515151515151515
0.8507147049595585,0.1492852950404415,0.7751749034493409,0.224825096550659,360.0,1380.0,False,3760.0,0.0,0.9999999999999994,00,operational,0.6,0.25,0.6,0.25,1,2,0.15,0.15,,,,,,
0.8442890704500501,0.1557109295499499,0.7751749034493409,0.224825096550659,360.0,1440.0,False,3760.0,0.0,0.9999999999999994,01,operational,0.6,0.25,0.6,0.25,1,2,0.15,0.15,0.0,0.0,0.0,0.6060606060606061,0.25,0.1515151515151515
0.8479608867735794,0.1520391132264206,0.780345394742676,0.219654605257324,360.0,1380.0,False,3760.0,0.0,0.9999999999999994,10,operational,0.6,0.25,0.6,0.25,1,2,0.15,0.15,0.5833333333333334,0.25,0.1458333333333333,0.0,0.0,0.0
0.8410861604659285,0.1589138395340714,0.780345394742676,0.219654605257324,360.0,1450.0,False,3760.0,0.0,0.9999999999999994,11,operational,0.6,0.25,0.6,0.25,1,2,0.15,0.15,0.5833333333333334,0.25,0.1458333333333333,0.6060606060606061,0.25,0.1515151515151515
0.8507147049595585,0.1492852950404415,0.7751749034493409,0.224825096550659,360.0,1380.0,False,3760.0,0.0,0.9999999999999994,00,operational,0.6,0.6,0.6,0.6,0,2,0.36,0.36,,,,,,
0.8233866985195722,0.1766133014804277,0.7751749034493409,0.224825096550659,360.0,1630.0,False,3760.0,0.0,0.9999999999999994,01,operational,0.6,0.6,0.6,0.6,0,2,0.36,0.36,0.0,0.0,0.0,0.6060606060606061,0.5999999999999999,0.3636363636363636
0.8411354086976035,0.1588645913023965,0.808921095446942,0.191078904553058,360.0,1380.0,False,3760.0,0.0,0.9999999999999994,10,operational,0.6,0.6,0.6,0.6,0,2,0.36,0.36,0.5833333333333334,0.5999999999999999,0.3499999999999999,0.0,0.0,0.0
0.806738538014149,0.193261461985851,0.808921095446942,0.191078904553058,360.0,1690.0,False,3760.0,0.0,0.9999999999999994,11,operational,0.6,0.6,0.6,0.6,0,2,0.36,0.36,0.5833333333333334,0.5999999999999999,0.3499999999999999,0.6060606060606061,0.5999999999999999,0.3636363636363636
0.8507147049595585,0.1492852950404415,0.7751749034493409,0.224825096550659,360.0,1380.0,False,3760.0,0.0,0.9999999999999994,00,operational,0.6,0.6,0.6,0.6,1,2,0.36,0.36,,,,,,
0.8229948909332435,0.1770051090667564,0.7751749034493409,0.224825096550659,360.0,1630.0,False,3760.0,0.0,0.9999999999999994,01,operational,0.6,0.6,0.6,0.6,1,2,0.36,0.36,0.0,0.0,0.0,0.6060606060606061,0.5999999999999999,0.3636363636363636
0.8437921231970192,0.1562078768029807,0.7901306226836461,0.2098693773163538,360.0,1380.0,False,3760.0,0.0,0.9999999999999994,10,operational,0.6,0.6,0.6,0.6,1,2,0.36,0.36,0.5833333333333334,0.5999999999999999,0.3499999999999999,0.0,0.0,0.0
0.8130925613124761,0.1869074386875239,0.7901306226836461,0.2098693773163538,360.0,1650.0,False,3760.0,0.0,0.9999999999999994,11,operational,0.6,0.6,0.6,0.6,1,2,0.36,0.36,0.5833333333333334,0.5999999999999999,0.3499999999999999,0.6060606060606061,0.5999999999999999,0.3636363636363636
0.8507147049595585,0.1492852950404415,0.7751749034493409,0.224825096550659,360.0,1380.0,False,3760.0,0.0,0.9999999999999994,00,operational,0.6,1.0,0.6,1.0,0,2,0.6,0.6,,,,,,
0.796535317200613,0.203464682799387,0.7751749034493409,0.224825096550659,360.0,1730.0,False,3760.0,0.0,0.9999999999999994,01,operational,0.6,1.0,0.6,1.0,0,2,0.6,0.6,0.0,0.0,0.0,0.6060606060606061,1.0,0.6060606060606061
0.8366229068159258,0.1633770931840742,0.8122034814517555,0.1877965185482445,360.0,1380.0,False,3760.0,0.0,0.9999999999999994,10,operational,0.6,1.0,0.6,1.0,0,2,0.6,0.6,0.5833333333333334,1.0,0.5833333333333334,0.0,0.0,0.0
0.2485127650834968,0.7514872349165032,0.8122034814517555,0.1877965185482445,360.0,,True,3760.0,1.0,0.2308997749099898,11,operational,0.6,1.0,0.6,1.0,0,2,0.6,0.6,0.5833333333333334,1.0,0.5833333333333334,0.6060606060606061,1.0,0.6060606060606061
0.8507147049595585,0.1492852950404415,0.7751749034493409,0.224825096550659,360.0,1380.0,False,3760.0,0.0,0.9999999999999994,00,operational,0.6,1.0,0.6,1.0,1,2,0.6,0.6,,,,,,
0.8356307852746152,0.1643692147253848,0.7751749034493409,0.224825096550659,360.0,1710.0,False,3760.0,0.0,0.9999999999999994,01,operational,0.6,1.0,0.6,1.0,1,2,0.6,0.6,0.0,0.0,0.0,0.6060606060606061,1.0,0.6060606060606061
0.8399472549494086,0.1600527450505914,0.793532314827058,0.206467685172942,360.0,1390.0,False,3760.0,0.0,0.9999999999999994,10,operational,0.6,1.0,0.6,1.0,1,2,0.6,0.6,0.5833333333333334,1.0,0.5833333333333334,0.0,0.0,0.0
0.8251892514763149,0.174810748523685,0.793532314827058,0.206467685172942,360.0,1750.0,False,3760.0,0.0,0.9999999999999994,11,operational,0.6,1.0,0.6,1.0,1,2,0.6,0.6,0.5833333333333334,1.0,0.5833333333333334,0.6060606060606061,1.0,0.6060606060606061
0.8507147049595585,0.1492852950404415,0.7751749034493409,0.224825096550659,360.0,1380.0,False,3760.0,0.0,0.9999999999999994,00,operational,1.0,0.25,1.0,0.25,0,2,0.25,0.25,,,,,,
0.8410091390135702,0.1589908609864297,0.7751749034493409,0.224825096550659,360.0,1470.0,False,3760.0,0.0,0.9999999999999994,01,operational,1.0,0.25,1.0,0.25,0,2,0.25,0.25,0.0,0.0,0.0,1.0,0.25,0.25
0.8454607089150195,0.1545392910849805,0.7927948615371522,0.2072051384628478,360.0,1380.0,False,3760.0,0.0,0.9999999999999994,10,operational,1.0,0.25,1.0,0.25,0,2,0.25,0.25,1.0,0.25,0.25,0.0,0.0,0.0
0.8341925113706226,0.1658074886293774,0.7927948615371522,0.2072051384628478,360.0,1480.0,False,3760.0,0.0,0.9999999999999994,11,operational,1.0,0.25,1.0,0.25,0,2,0.25,0.25,1.0,0.25,0.25,1.0,0.25,0.25
0.8507147049595585,0.1492852950404415,0.7751749034493409,0.224825096550659,360.0,1380.0,False,3760.0,0.0,0.9999999999999994,00,operational,1.0,0.25,1.0,0.25,1,2,0.25,0.25,,,,,,
0.8410091390135702,0.1589908609864297,0.7751749034493409,0.224825096550659,360.0,1470.0,False,3760.0,0.0,0.9999999999999994,01,operational,1.0,0.25,1.0,0.25,1,2,0.25,0.25,0.0,0.0,0.0,1.0,0.25,0.25
0.8454607089150195,0.1545392910849805,0.7927948615371522,0.2072051384628478,360.0,1380.0,False,3760.0,0.0,0.9999999999999994,10,operational,1.0,0.25,1.0,0.25,1,2,0.25,0.25,1.0,0.25,0.25,0.0,0.0,0.0
0.8341925113706226,0.1658074886293774,0.7927948615371522,0.2072051384628478,360.0,1480.0,False,3760.0,0.0,0.9999999999999994,11,operational,1.0,0.25,1.0,0.25,1,2,0.25,0.25,1.0,0.25,0.25,1.0,0.25,0.25
0.8507147049595585,0.1492852950404415,0.7751749034493409,0.224825096550659,360.0,1380.0,False,3760.0,0.0,0.9999999999999994,00,operational,1.0,0.6,1.0,0.6,0,2,0.6,0.6,,,,,,
0.8091067231129369,0.1908932768870631,0.7751749034493409,0.224825096550659,360.0,1730.0,False,3760.0,0.0,0.9999999999999994,01,operational,1.0,0.6,1.0,0.6,0,2,0.6,0.6,0.0,0.0,0.0,1.0,0.6,0.6
0.8382903599690822,0.1617096400309178,0.8150210380497149,0.1849789619502851,360.0,1380.0,False,3760.0,0.0,0.9999999999999994,10,operational,1.0,0.6,1.0,0.6,0,2,0.6,0.6,1.0,0.6,0.6,0.0,0.0,0.0
0.7856266616306491,0.2143733383693509,0.8150210380497149,0.1849789619502851,360.0,1810.0,False,3760.0,0.0,0.9999999999999994,11,operational,1.0,0.6,1.0,0.6,0,2,0.6,0.6,1.0,0.6,0.6,1.0,0.6,0.6
0.8507147049595585,0.1492852950404415,0.7751749034493409,0.224825096550659,360.0,1380.0,False,3760.0,0.0,0.9999999999999994,00,operational,1.0,0.6,1.0,0.6,1,2,0.6,0.6,,,,,,
0.8091067231129369,0.1908932768870631,0.7751749034493409,0.224825096550659,360.0,1730.0,False,3760.0,0.0,0.9999999999999994,01,operational,1.0,0.6,1.0,0.6,1,2,0.6,0.6,0.0,0.0,0.0,1.0,0.6,0.6
0.8382903599690822,0.1617096400309178,0.8150210380497149,0.1849789619502851,360.0,1380.0,False,3760.0,0.0,0.9999999999999994,10,operational,1.0,0.6,1.0,0.6,1,2,0.6,0.6,1.0,0.6,0.6,0.0,0.0,0.0
0.7856266616306491,0.2143733383693509,0.8150210380497149,0.1849789619502851,360.0,1810.0,False,3760.0,0.0,0.9999999999999994,11,operational,1.0,0.6,1.0,0.6,1,2,0.6,0.6,1.0,0.6,0.6,1.0,0.6,0.6
0.8507147049595585,0.1492852950404415,0.7751749034493409,0.224825096550659,360.0,1380.0,False,3760.0,0.0,0.9999999999999994,00,operational,1.0,1.0,1.0,1.0,0,2,1.0,1.0,,,,,,
0.7941670263228029,0.2058329736771971,0.7751749034493409,0.224825096550659,360.0,1850.0,False,3760.0,0.0,0.9999999999999994,01,operational,1.0,1.0,1.0,1.0,0,2,1.0,1.0,0.0,0.0,0.0,1.0,1.0,1.0
0.8319637927893672,0.1680362072106328,0.8219011393088669,0.1780988606911331,360.0,1390.0,False,3760.0,0.0,0.9999999999999994,10,operational,1.0,1.0,1.0,1.0,0,2,1.0,1.0,1.0,1.0,1.0,0.0,0.0,0.0
0.2654819354329997,0.7345180645670002,0.8219011393088669,0.1780988606911331,360.0,,True,3760.0,1.0,0.2508595965832144,11,operational,1.0,1.0,1.0,1.0,0,2,1.0,1.0,1.0,1.0,1.0,1.0,1.0,1.0
0.8507147049595585,0.1492852950404415,0.7751749034493409,0.224825096550659,360.0,1380.0,False,3760.0,0.0,0.9999999999999994,00,operational,1.0,1.0,1.0,1.0,1,2,1.0,1.0,,,,,,
0.7941670263228029,0.2058329736771971,0.7751749034493409,0.224825096550659,360.0,1850.0,False,3760.0,0.0,0.9999999999999994,01,operational,1.0,1.0,1.0,1.0,1,2,1.0,1.0,0.0,0.0,0.0,1.0,1.0,1.0
0.8319637927893672,0.1680362072106328,0.8219011393088669,0.1780988606911331,360.0,1390.0,False,3760.0,0.0,0.9999999999999994,10,operational,1.0,1.0,1.0,1.0,1,2,1.0,1.0,1.0,1.0,1.0,0.0,0.0,0.0
0.2654819354329997,0.7345180645670002,0.8219011393088669,0.1780988606911331,360.0,,True,3760.0,1.0,0.2508595965832144,11,operational,1.0,1.0,1.0,1.0,1,2,1.0,1.0,1.0,1.0,1.0,1.0,1.0,1.0
0.9095830753560458,0.0904169246439542,0.4837739570948612,0.5162260429051387,360.0,1090.0,False,3760.0,0.0,0.9999999999999994,00,operational,0.25,0.25,0.25,0.25,0,3,0.0625,0.0625,,,,,,
0.9087056913236832,0.0912943086763168,0.4837739570948612,0.5162260429051387,360.0,1100.0,False,3760.0,0.0,0.9999999999999994,01,operational,0.25,0.25,0.25,0.25,0,3,0.0625,0.0625,0.0,0.0,0.0,0.2424242424242424,0.25,0.0606060606060606
0.9082134294872062,0.0917865705127938,0.4860691906531844,0.5139308093468156,360.0,1090.0,False,3760.0,0.0,0.9999999999999994,10,operational,0.25,0.25,0.25,0.25,0,3,0.0625,0.0625,0.25,0.25,0.0625,0.0,0.0,0.0
0.9073096144344756,0.0926903855655243,0.4860691906531844,0.5139308093468156,360.0,1100.0,False,3760.0,0.0,0.9999999999999994,11,operational,0.25,0.25,0.25,0.25,0,3,0.0625,0.0625,0.25,0.25,0.0625,0.2424242424242424,0.25,0.0606060606060606
0.9095830753560458,0.0904169246439542,0.4837739570948612,0.5162260429051387,360.0,1090.0,False,3760.0,0.0,0.9999999999999994,00,operational,0.25,0.25,0.25,0.25,1,3,0.0625,0.0625,,,,,,
0.908742940580074,0.0912570594199261,0.4837739570948612,0.5162260429051387,360.0,1100.0,False,3760.0,0.0,0.9999999999999994,01,operational,0.25,0.25,0.25,0.25,1,3,0.0625,0.0625,0.0,0.0,0.0,0.2424242424242424,0.25,0.0606060606060606
0.908214548970216,0.091785451029784,0.4879068141174293,0.5120931858825707,360.0,1090.0,False,3760.0,0.0,0.9999999999999994,10,operational,0.25,0.25,0.25,0.25,1,3,0.0625,0.0625,0.25,0.25,0.0625,0.0,0.0,0.0
0.9070917463761916,0.0929082536238083,0.4879068141174293,0.5120931858825707,360.0,1100.0,False,3760.0,0.0,0.9999999999999994,11,operational,0.25,0.25,0.25,0.25,1,3,0.0625,0.0625,0.25,0.25,0.0625,0.2424242424242424,0.25,0.0606060606060606
0.9095830753560458,0.0904169246439542,0.4837739570948612,0.5162260429051387,360.0,1090.0,False,3760.0,0.0,0.9999999999999994,00,operational,0.25,0.6,0.25,0.6,0,3,0.15,0.15,,,,,,
0.9058350539557952,0.0941649460442047,0.4837739570948612,0.5162260429051387,360.0,1130.0,False,3760.0,0.0,0.9999999999999994,01,operational,0.25,0.6,0.25,0.6,0,3,0.15,0.15,0.0,0.0,0.0,0.2424242424242424,0.6,0.1454545454545454
0.9062912694209924,0.0937087305790075,0.4895767600446853,0.5104232399553147,360.0,1090.0,False,3760.0,0.0,0.9999999999999994,10,operational,0.25,0.6,0.25,0.6,0,3,0.15,0.15,0.25,0.6,0.15,0.0,0.0,0.0
0.9020903513324574,0.0979096486675425,0.4895767600446853,0.5104232399553147,360.0,1140.0,False,3760.0,0.0,0.9999999999999994,11,operational,0.25,0.6,0.25,0.6,0,3,0.15,0.15,0.25,0.6,0.15,0.2424242424242424,0.6,0.1454545454545454
0.9095830753560458,0.0904169246439542,0.4837739570948612,0.5162260429051387,360.0,1090.0,False,3760.0,0.0,0.9999999999999994,00,operational,0.25,0.6,0.25,0.6,1,3,0.15,0.15,,,,,,
0.9059664597702742,0.0940335402297257,0.4837739570948612,0.5162260429051387,360.0,1130.0,False,3760.0,0.0,0.9999999999999994,01,operational,0.25,0.6,0.25,0.6,1,3,0.15,0.15,0.0,0.0,0.0,0.2424242424242424,0.6,0.1454545454545454
0.9060508933428773,0.0939491066571228,0.4906607920754825,0.5093392079245175,360.0,1090.0,False,3760.0,0.0,0.9999999999999994,10,operational,0.25,0.6,0.25,0.6,1,3,0.15,0.15,0.25,0.6,0.15,0.0,0.0,0.0
0.9010230655226424,0.0989769344773575,0.4906607920754825,0.5093392079245175,360.0,1140.0,False,3760.0,0.0,0.9999999999999994,11,operational,0.25,0.6,0.25,0.6,1,3,0.15,0.15,0.25,0.6,0.15,0.2424242424242424,0.6,0.1454545454545454
0.9095830753560458,0.0904169246439542,0.4837739570948612,0.5162260429051387,360.0,1090.0,False,3760.0,0.0,0.9999999999999994,00,operational,0.25,1.0,0.25,1.0,0,3,0.25,0.25,,,,,,
0.905991256319266,0.0940087436807339,0.4837739570948612,0.5162260429051387,360.0,1150.0,False,3760.0,0.0,0.9999999999999994,01,operational,0.25,1.0,0.25,1.0,0,3,0.25,0.25,0.0,0.0,0.0,0.2424242424242424,1.0,0.2424242424242424
0.9039398351391078,0.0960601648608922,0.4939887449197139,0.5060112550802861,360.0,1090.0,False,3760.0,0.0,0.9999999999999994,10,operational,0.25,1.0,0.25,1.0,0,3,0.25,0.25,0.25,1.0,0.25,0.0,0.0,0.0
0.898942206301689,0.101057793698311,0.4939887449197139,0.5060112550802861,360.0,1160.0,False,3760.0,0.0,0.9999999999999994,11,operational,0.25,1.0,0.25,1.0,0,3,0.25,0.25,0.25,1.0,0.25,0.2424242424242424,1.0,0.2424242424242424
0.9095830753560458,0.0904169246439542,0.4837739570948612,0.5162260429051387,360.0,1090.0,False,3760.0,0.0,0.9999999999999994,00,operational,0.25,1.0,0.25,1.0,1,3,0.25,0.25,,,,,,
0.9061897635579488,0.0938102364420512,0.4837739570948612,0.5162260429051387,360.0,1150.0,False,3760.0,0.0,0.9999999999999994,01,operational,0.25,1.0,0.25,1.0,1,3,0.25,0.25,0.0,0.0,0.0,0.2424242424242424,1.0,0.2424242424242424
0.9039788985112271,0.0960211014887727,0.4908664086058659,0.509133591394134,360.0,1090.0,False,3760.0,0.0,0.9999999999999994,10,operational,0.25,1.0,0.25,1.0,1,3,0.25,0.25,0.25,1.0,0.25,0.0,0.0,0.0
0.8148440733431773,0.1851559266568226,0.4908664086058659,0.509133591394134,360.0,,True,3760.0,1.0,0.8809624804693437,11,operational,0.25,1.0,0.25,1.0,1,3,0.25,0.25,0.25,1.0,0.25,0.2424242424242424,1.0,0.2424242424242424
0.9095830753560458,0.0904169246439542,0.4837739570948612,0.5162260429051387,360.0,1090.0,False,3760.0,0.0,0.9999999999999994,00,operational,0.6,0.25,0.6,0.25,0,3,0.15,0.15,,,,,,
0.9092551522647578,0.0907448477352421,0.4837739570948612,0.5162260429051387,360.0,1090.0,False,3760.0,0.0,0.9999999999999994,01,operational,0.6,0.25,0.6,0.25,0,3,0.15,0.15,0.0,0.0,0.0,0.6060606060606061,0.25,0.1515151515151515
0.9055893292313616,0.0944106707686383,0.4945830633830863,0.5054169366169137,360.0,1090.0,False,3760.0,0.0,0.9999999999999994,10,operational,0.6,0.25,0.6,0.25,0,3,0.15,0.15,0.5833333333333334,0.25,0.1458333333333333,0.0,0.0,0.0
0.9051648968472492,0.0948351031527509,0.4945830633830863,0.5054169366169137,360.0,1100.0,False,3760.0,0.0,0.9999999999999994,11,operational,0.6,0.25,0.6,0.25,0,3,0.15,0.15,0.5833333333333334,0.25,0.1458333333333333,0.6060606060606061,0.25,0.1515151515151515
0.9095830753560458,0.0904169246439542,0.4837739570948612,0.5162260429051387,360.0,1090.0,False,3760.0,0.0,0.9999999999999994,00,operational,0.6,0.25,0.6,0.25,1,3,0.15,0.15,,,,,,
0.9093445332075436,0.0906554667924564,0.4837739570948612,0.5162260429051387,360.0,1090.0,False,3760.0,0.0,0.9999999999999994,01,operational,0.6,0.25,0.6,0.25,1,3,0.15,0.15,0.0,0.0,0.0,0.6060606060606061,0.25,0.1515151515151515
0.9059018515063136,0.0940981484936863,0.4923615880366907,0.5076384119633093,360.0,1090.0,False,3760.0,0.0,0.9999999999999994,10,operational,0.6,0.25,0.6,0.25,1,3,0.15,0.15,0.5833333333333334,0.25,0.1458333333333333,0.0,0.0,0.0
0.9056085719364606,0.0943914280635394,0.4923615880366907,0.5076384119633093,360.0,1090.0,False,3760.0,0.0,0.9999999999999994,11,operational,0.6,0.25,0.6,0.25,1,3,0.15,0.15,0.5833333333333334,0.25,0.1458333333333333,0.6060606060606061,0.25,0.1515151515151515
0.9095830753560458,0.0904169246439542,0.4837739570948612,0.5162260429051387,360.0,1090.0,False,3760.0,0.0,0.9999999999999994,00,operational,0.6,0.6,0.6,0.6,0,3,0.36,0.36,,,,,,
0.9082211975654564,0.0917788024345436,0.4837739570948612,0.5162260429051387,360.0,1120.0,False,3760.0,0.0,0.9999999999999994,01,operational,0.6,0.6,0.6,0.6,0,3,0.36,0.36,0.0,0.0,0.0,0.6060606060606061,0.5999999999999999,0.3636363636363636
0.8999845069367821,0.1000154930632178,0.5072926985536245,0.4927073014463755,360.0,1090.0,False,3760.0,0.0,0.9999999999999994,10,operational,0.6,0.6,0.6,0.6,0,3,0.36,0.36,0.5833333333333334,0.5999999999999999,0.3499999999999999,0.0,0.0,0.0
0.8965514301019794,0.1034485698980206,0.5072926985536245,0.4927073014463755,360.0,1130.0,False,3760.0,0.0,0.9999999999999994,11,operational,0.6,0.6,0.6,0.6,0,3,0.36,0.36,0.5833333333333334,0.5999999999999999,0.3499999999999999,0.6060606060606061,0.5999999999999999,0.3636363636363636
0.9095830753560458,0.0904169246439542,0.4837739570948612,0.5162260429051387,360.0,1090.0,False,3760.0,0.0,0.9999999999999994,00,operational,0.6,0.6,0.6,0.6,1,3,0.36,0.36,,,,,,
0.9087253617038064,0.0912746382961936,0.4837739570948612,0.5162260429051387,360.0,1100.0,False,3760.0,0.0,0.9999999999999994,01,operational,0.6,0.6,0.6,0.6,1,3,0.36,0.36,0.0,0.0,0.0,0.6060606060606061,0.5999999999999999,0.3636363636363636
0.9008905887328448,0.0991094112671551,0.5013042275734898,0.4986957724265101,360.0,1090.0,False,3760.0,0.0,0.9999999999999994,10,operational,0.6,0.6,0.6,0.6,1,3,0.36,0.36,0.5833333333333334,0.5999999999999999,0.3499999999999999,0.0,0.0,0.0
0.8994099409049959,0.100590059095004,0.5013042275734898,0.4986957724265101,360.0,1120.0,False,3760.0,0.0,0.9999999999999994,11,operational,0.6,0.6,0.6,0.6,1,3,0.36,0.36,0.5833333333333334,0.5999999999999999,0.3499999999999999,0.6060606060606061,0.5999999999999999,0.3636363636363636
0.9095830753560458,0.0904169246439542,0.4837739570948612,0.5162260429051387,360.0,1090.0,False,3760.0,0.0,0.9999999999999994,00,operational,0.6,1.0,0.6,1.0,0,3,0.6,0.6,,,,,,
0.9061558748979014,0.0938441251020986,0.4837739570948612,0.5162260429051387,360.0,1160.0,False,3760.0,0.0,0.9999999999999994,01,operational,0.6,1.0,0.6,1.0,0,3,0.6,0.6,0.0,0.0,0.0,0.6060606060606061,1.0,0.6060606060606061
0.893464817568663,0.1065351824313369,0.5192124750604425,0.4807875249395574,360.0,1090.0,False,3760.0,0.0,0.9999999999999994,10,operational,0.6,1.0,0.6,1.0,0,3,0.6,0.6,0.5833333333333334,1.0,0.5833333333333334,0.0,0.0,0.0
0.8827083779435931,0.1172916220564068,0.5192124750604425,0.4807875249395574,360.0,1240.0,False,3760.0,0.0,0.9999999999999994,11,operational,0.6,1.0,0.6,1.0,0,3,0.6,0.6,0.5833333333333334,1.0,0.5833333333333334,0.6060606060606061,1.0,0.6060606060606061
0.9095830753560458,0.0904169246439542,0.4837739570948612,0.5162260429051387,360.0,1090.0,False,3760.0,0.0,0.9999999999999994,00,operational,0.6,1.0,0.6,1.0,1,3,0.6,0.6,,,,,,
0.9074217438795132,0.0925782561204868,0.4837739570948612,0.5162260429051387,360.0,1130.0,False,3760.0,0.0,0.9999999999999994,01,operational,0.6,1.0,0.6,1.0,1,3,0.6,0.6,0.0,0.0,0.0,0.6060606060606061,1.0,0.6060606060606061
0.8957668765726713,0.1042331234273287,0.506779617700384,0.4932203822996159,360.0,1090.0,False,3760.0,0.0,0.9999999999999994,10,operational,0.6,1.0,0.6,1.0,1,3,0.6,0.6,0.5833333333333334,1.0,0.5833333333333334,0.0,0.0,0.0
0.8920688046148616,0.1079311953851384,0.506779617700384,0.4932203822996159,360.0,1160.0,False,3760.0,0.0,0.9999999999999994,11,operational,0.6,1.0,0.6,1.0,1,3,0.6,0.6,0.5833333333333334,1.0,0.5833333333333334,0.6060606060606061,1.0,0.6060606060606061
0.9095830753560458,0.0904169246439542,0.4837739570948612,0.5162260429051387,360.0,1090.0,False,3760.0,0.0,0.9999999999999994,00,operational,1.0,0.25,1.0,0.25,0,3,0.25,0.25,,,,,,
0.9074560968793948,0.0925439031206051,0.4837739570948612,0.5162260429051387,360.0,1120.0,False,3760.0,0.0,0.9999999999999994,01,operational,1.0,0.25,1.0,0.25,0,3,0.25,0.25,0.0,0.0,0.0,1.0,0.25,0.25
0.9033307666534042,0.0966692333465958,0.5003136687731999,0.4996863312268001,360.0,1090.0,False,3760.0,0.0,0.9999999999999994,10,operational,1.0,0.25,1.0,0.25,0,3,0.25,0.25,1.0,0.25,0.25,0.0,0.0,0.0
0.900059387735595,0.0999406122644049,0.5003136687731999,0.4996863312268001,360.0,1130.0,False,3760.0,0.0,0.9999999999999994,11,operational,1.0,0.25,1.0,0.25,0,3,0.25,0.25,1.0,0.25,0.25,1.0,0.25,0.25
0.9095830753560458,0.0904169246439542,0.4837739570948612,0.5162260429051387,360.0,1090.0,False,3760.0,0.0,0.9999999999999994,00,operational,1.0,0.25,1.0,0.25,1,3,0.25,0.25,,,,,,
0.9074560968793948,0.0925439031206051,0.4837739570948612,0.5162260429051387,360.0,1120.0,False,3760.0,0.0,0.9999999999999994,01,operational,1.0,0.25,1.0,0.25,1,3,0.25,0.25,0.0,0.0,0.0,1.0,0.25,0.25
0.9033307666534042,0.0966692333465958,0.5003136687731999,0.4996863312268001,360.0,1090.0,False,3760.0,0.0,0.9999999999999994,10,operational,1.0,0.25,1.0,0.25,1,3,0.25,0.25,1.0,0.25,0.25,0.0,0.0,0.0
0.900059387735595,0.0999406122644049,0.5003136687731999,0.4996863312268001,360.0,1130.0,False,3760.0,0.0,0.9999999999999994,11,operational,1.0,0.25,1.0,0.25,1,3,0.25,0.25,1.0,0.25,0.25,1.0,0.25,0.25
0.9095830753560458,0.0904169246439542,0.4837739570948612,0.5162260429051387,360.0,1090.0,False,3760.0,0.0,0.9999999999999994,00,operational,1.0,0.6,1.0,0.6,0,3,0.6,0.6,,,,,,
0.9007880534736123,0.0992119465263875,0.4837739570948612,0.5162260429051387,360.0,1210.0,False,3760.0,0.0,0.9999999999999994,01,operational,1.0,0.6,1.0,0.6,0,3,0.6,0.6,0.0,0.0,0.0,1.0,0.6,0.6
0.8952499852132885,0.1047500147867115,0.5168672669682799,0.4831327330317201,360.0,1090.0,False,3760.0,0.0,0.9999999999999994,10,operational,1.0,0.6,1.0,0.6,0,3,0.6,0.6,1.0,0.6,0.6,0.0,0.0,0.0
0.8779551557821316,0.1220448442178684,0.5168672669682799,0.4831327330317201,360.0,1280.0,False,3760.0,0.0,0.9999999999999994,11,operational,1.0,0.6,1.0,0.6,0,3,0.6,0.6,1.0,0.6,0.6,1.0,0.6,0.6
0.9095830753560458,0.0904169246439542,0.4837739570948612,0.5162260429051387,360.0,1090.0,False,3760.0,0.0,0.9999999999999994,00,operational,1.0,0.6,1.0,0.6,1,3,0.6,0.6,,,,,,
0.9007880534736123,0.0992119465263875,0.4837739570948612,0.5162260429051387,360.0,1210.0,False,3760.0,0.0,0.9999999999999994,01,operational,1.0,0.6,1.0,0.6,1,3,0.6,0.6,0.0,0.0,0.0,1.0,0.6,0.6
0.8952499852132885,0.1047500147867115,0.5168672669682799,0.4831327330317201,360.0,1090.0,False,3760.0,0.0,0.9999999999999994,10,operational,1.0,0.6,1.0,0.6,1,3,0.6,0.6,1.0,0.6,0.6,0.0,0.0,0.0
0.8779551557821316,0.1220448442178684,0.5168672669682799,0.4831327330317201,360.0,1280.0,False,3760.0,0.0,0.9999999999999994,11,operational,1.0,0.6,1.0,0.6,1,3,0.6,0.6,1.0,0.6,0.6,1.0,0.6,0.6
0.9095830753560458,0.0904169246439542,0.4837739570948612,0.5162260429051387,360.0,1090.0,False,3760.0,0.0,0.9999999999999994,00,operational,1.0,1.0,1.0,1.0,0,3,1.0,1.0,,,,,,
0.8993536100766694,0.1006463899233306,0.4837739570948612,0.5162260429051387,360.0,1280.0,False,3760.0,0.0,0.9999999999999994,01,operational,1.0,1.0,1.0,1.0,0,3,1.0,1.0,0.0,0.0,0.0,1.0,1.0,1.0
0.887379586155637,0.112620413844363,0.5279736934603576,0.4720263065396424,360.0,1090.0,False,3760.0,0.0,0.9999999999999994,10,operational,1.0,1.0,1.0,1.0,0,3,1.0,1.0,1.0,1.0,1.0,0.0,0.0,0.0
0.586203784097841,0.413796215902159,0.5279736934603576,0.4720263065396424,360.0,,True,3760.0,1.0,0.5913217319107456,11,operational,1.0,1.0,1.0,1.0,0,3,1.0,1.0,1.0,1.0,1.0,1.0,1.0,1.0
0.9095830753560458,0.0904169246439542,0.4837739570948612,0.5162260429051387,360.0,1090.0,False,3760.0,0.0,0.9999999999999994,00,operational,1.0,1.0,1.0,1.0,1,3,1.0,1.0,,,,,,
0.8993536100766694,0.1006463899233306,0.4837739570948612,0.5162260429051387,360.0,1280.0,False,3760.0,0.0,0.9999999999999994,01,operational,1.0,1.0,1.0,1.0,1,3,1.0,1.0,0.0,0.0,0.0,1.0,1.0,1.0
0.887379586155637,0.112620413844363,0.5279736934603576,0.4720263065396424,360.0,1090.0,False,3760.0,0.0,0.9999999999999994,10,operational,1.0,1.0,1.0,1.0,1,3,1.0,1.0,1.0,1.0,1.0,0.0,0.0,0.0
0.586203784097841,0.413796215902159,0.5279736934603576,0.4720263065396424,360.0,,True,3760.0,1.0,0.5913217319107456,11,operational,1.0,1.0,1.0,1.0,1,3,1.0,1.0,1.0,1.0,1.0,1.0,1.0,1.0
0.9111539488045952,0.0888460511954049,0.5256440949322232,0.4743559050677768,360.0,1010.0,False,3760.0,0.0,0.9999999999999994,00,operational,0.25,0.25,0.25,0.25,0,4,0.0625,0.0625,,,,,,
0.9101091762403044,0.0898908237596954,0.5256440949322232,0.4743559050677768,360.0,1020.0,False,3760.0,0.0,0.9999999999999994,01,operational,0.25,0.25,0.25,0.25,0,4,0.0625,0.0625,0.0,0.0,0.0,0.2424242424242424,0.25,0.0606060606060606
0.9102335192483336,0.0897664807516664,0.5275925214014996,0.4724074785985004,360.0,1010.0,False,3760.0,0.0,0.9999999999999994,10,operational,0.25,0.25,0.25,0.25,0,4,0.0625,0.0625,0.25,0.25,0.0625,0.0,0.0,0.0
0.9091136378016204,0.0908863621983796,0.5275925214014996,0.4724074785985004,360.0,1020.0,False,3760.0,0.0,0.9999999999999994,11,operational,0.25,0.25,0.25,0.25,0,4,0.0625,0.0625,0.25,0.25,0.0625,0.2424242424242424,0.25,0.0606060606060606
0.9111539488045952,0.0888460511954049,0.5256440949322232,0.4743559050677768,360.0,1010.0,False,3760.0,0.0,0.9999999999999994,00,operational,0.25,0.25,0.25,0.25,1,4,0.0625,0.0625,,,,,,
0.9111165795620568,0.0888834204379431,0.5256440949322232,0.4743559050677768,360.0,1010.0,False,3760.0,0.0,0.9999999999999994,01,operational,0.25,0.25,0.25,0.25,1,4,0.0625,0.0625,0.0,0.0,0.0,0.2424242424242424,0.25,0.0606060606060606
0.9101042013400704,0.0898957986599295,0.5276905867316866,0.4723094132683135,360.0,1010.0,False,3760.0,0.0,0.9999999999999994,10,operational,0.25,0.25,0.25,0.25,1,4,0.0625,0.0625,0.25,0.25,0.0625,0.0,0.0,0.0
0.9100689464492884,0.0899310535507116,0.5276905867316866,0.4723094132683135,360.0,1010.0,False,3760.0,0.0,0.9999999999999994,11,operational,0.25,0.25,0.25,0.25,1,4,0.0625,0.0625,0.25,0.25,0.0625,0.2424242424242424,0.25,0.0606060606060606
0.9111539488045952,0.0888460511954049,0.5256440949322232,0.4743559050677768,360.0,1010.0,False,3760.0,0.0,0.9999999999999994,00,operational,0.25,0.6,0.25,0.6,0,4,0.15,0.15,,,,,,
0.906965893013942,0.093034106986058,0.5256440949322232,0.4743559050677768,360.0,1050.0,False,3760.0,0.0,0.9999999999999994,01,operational,0.25,0.6,0.25,0.6,0,4,0.15,0.15,0.0,0.0,0.0,0.2424242424242424,0.6,0.1454545454545454
0.90877469573449,0.0912253042655101,0.5303595451030992,0.4696404548969007,360.0,1010.0,False,3760.0,0.0,0.9999999999999994,10,operational,0.25,0.6,0.25,0.6,0,4,0.15,0.15,0.25,0.6,0.15,0.0,0.0,0.0
0.9042662525886704,0.0957337474113296,0.5303595451030992,0.4696404548969007,360.0,1060.0,False,3760.0,0.0,0.9999999999999994,11,operational,0.25,0.6,0.25,0.6,0,4,0.15,0.15,0.25,0.6,0.15,0.2424242424242424,0.6,0.1454545454545454
0.9111539488045952,0.0888460511954049,0.5256440949322232,0.4743559050677768,360.0,1010.0,False,3760.0,0.0,0.9999999999999994,00,operational,0.25,0.6,0.25,0.6,1,4,0.15,0.15,,,,,,
0.9110152655985404,0.0889847344014594,0.5256440949322232,0.4743559050677768,360.0,1010.0,False,3760.0,0.0,0.9999999999999994,01,operational,0.25,0.6,0.25,0.6,1,4,0.15,0.15,0.0,0.0,0.0,0.2424242424242424,0.6,0.1454545454545454
0.9085702761601716,0.0914297238398282,0.5322735362916964,0.4677264637083035,360.0,1010.0,False,3760.0,0.0,0.9999999999999994,10,operational,0.25,0.6,0.25,0.6,1,4,0.15,0.15,0.25,0.6,0.15,0.0,0.0,0.0
0.9080210292867305,0.0919789707132696,0.5322735362916964,0.4677264637083035,360.0,1020.0,False,3760.0,0.0,0.9999999999999994,11,operational,0.25,0.6,0.25,0.6,1,4,0.15,0.15,0.25,0.6,0.15,0.2424242424242424,0.6,0.1454545454545454
0.9111539488045952,0.0888460511954049,0.5256440949322232,0.4743559050677768,360.0,1010.0,False,3760.0,0.0,0.9999999999999994,00,operational,0.25,1.0,0.25,1.0,0,4,0.25,0.25,,,,,,
0.9072330862683786,0.0927669137316213,0.5256440949322232,0.4743559050677768,360.0,1060.0,False,3760.0,0.0,0.9999999999999994,01,operational,0.25,1.0,0.25,1.0,0,4,0.25,0.25,0.0,0.0,0.0,0.2424242424242424,1.0,0.2424242424242424
0.9069542367638652,0.0930457632361347,0.5319530111476631,0.4680469888523369,360.0,1010.0,False,3760.0,0.0,0.9999999999999994,10,operational,0.25,1.0,0.25,1.0,0,4,0.25,0.25,0.25,1.0,0.25,0.0,0.0,0.0
0.9002315159813205,0.0997684840186795,0.5319530111476631,0.4680469888523369,360.0,1090.0,False,3760.0,0.0,0.9999999999999994,11,operational,0.25,1.0,0.25,1.0,0,4,0.25,0.25,0.25,1.0,0.25,0.2424242424242424,1.0,0.2424242424242424
0.9111539488045952,0.0888460511954049,0.5256440949322232,0.4743559050677768,360.0,1010.0,False,3760.0,0.0,0.9999999999999994,00,operational,0.25,1.0,0.25,1.0,1,4,0.25,0.25,,,,,,
0.9106109867545068,0.0893890132454932,0.5256440949322232,0.4743559050677768,360.0,1020.0,False,3760.0,0.0,0.9999999999999994,01,operational,0.25,1.0,0.25,1.0,1,4,0.25,0.25,0.0,0.0,0.0,0.2424242424242424,1.0,0.2424242424242424
0.9066803169034108,0.0933196830965893,0.5356781749252199,0.4643218250747801,360.0,1010.0,False,3760.0,0.0,0.9999999999999994,10,operational,0.25,1.0,0.25,1.0,1,4,0.25,0.25,0.25,1.0,0.25,0.0,0.0,0.0
0.9049211576586896,0.0950788423413104,0.5356781749252199,0.4643218250747801,360.0,1030.0,False,3760.0,0.0,0.9999999999999994,11,operational,0.25,1.0,0.25,1.0,1,4,0.25,0.25,0.25,1.0,0.25,0.2424242424242424,1.0,0.2424242424242424
0.9111539488045952,0.0888460511954049,0.5256440949322232,0.4743559050677768,360.0,1010.0,False,3760.0,0.0,0.9999999999999994,00,operational,0.6,0.25,0.6,0.25,0,4,0.15,0.15,,,,,,
0.9100547955605244,0.0899452044394756,0.5256440949322232,0.4743559050677768,360.0,1020.0,False,3760.0,0.0,0.9999999999999994,01,operational,0.6,0.25,0.6,0.25,0,4,0.15,0.15,0.0,0.0,0.0,0.6060606060606061,0.25,0.1515151515151515
0.908950694317492,0.091049305682508,0.5301678342149513,0.4698321657850487,360.0,1010.0,False,3760.0,0.0,0.9999999999999994,10,operational,0.6,0.25,0.6,0.25,0,4,0.15,0.15,0.5833333333333334,0.25,0.1458333333333333,0.0,0.0,0.0
0.9076593279832762,0.0923406720167238,0.5301678342149513,0.4698321657850487,360.0,1020.0,False,3760.0,0.0,0.9999999999999994,11,operational,0.6,0.25,0.6,0.25,0,4,0.15,0.15,0.5833333333333334,0.25,0.1458333333333333,0.6060606060606061,0.25,0.1515151515151515
0.9111539488045952,0.0888460511954049,0.5256440949322232,0.4743559050677768,360.0,1010.0,False,3760.0,0.0,0.9999999999999994,00,operational,0.6,0.25,0.6,0.25,1,4,0.15,0.15,,,,,,
0.9110687912939676,0.0889312087060324,0.5256440949322232,0.4743559050677768,360.0,1010.0,False,3760.0,0.0,0.9999999999999994,01,operational,0.6,0.25,0.6,0.25,1,4,0.15,0.15,0.0,0.0,0.0,0.6060606060606061,0.25,0.1515151515151515
0.9084960829318868,0.0915039170681132,0.5325165944928322,0.4674834055071678,360.0,1010.0,False,3760.0,0.0,0.9999999999999994,10,operational,0.6,0.25,0.6,0.25,1,4,0.15,0.15,0.5833333333333334,0.25,0.1458333333333333,0.0,0.0,0.0
0.90841446604949,0.09158553395051,0.5325165944928322,0.4674834055071678,360.0,1010.0,False,3760.0,0.0,0.9999999999999994,11,operational,0.6,0.25,0.6,0.25,1,4,0.15,0.15,0.5833333333333334,0.25,0.1458333333333333,0.6060606060606061,0.25,0.1515151515151515
0.9111539488045952,0.0888460511954049,0.5256440949322232,0.4743559050677768,360.0,1010.0,False,3760.0,0.0,0.9999999999999994,00,operational,0.6,0.6,0.6,0.6,0,4,0.36,0.36,,,,,,
0.9065301833941214,0.0934698166058786,0.5256440949322232,0.4743559050677768,360.0,1060.0,False,3760.0,0.0,0.9999999999999994,01,operational,0.6,0.6,0.6,0.6,0,4,0.36,0.36,0.0,0.0,0.0,0.6060606060606061,0.5999999999999999,0.3636363636363636
0.9053974671981088,0.0946025328018911,0.5373287816877128,0.4626712183122872,360.0,1010.0,False,3760.0,0.0,0.9999999999999994,10,operational,0.6,0.6,0.6,0.6,0,4,0.36,0.36,0.5833333333333334,0.5999999999999999,0.3499999999999999,0.0,0.0,0.0
0.8987247567953776,0.1012752432046224,0.5373287816877128,0.4626712183122872,360.0,1090.0,False,3760.0,0.0,0.9999999999999994,11,operational,0.6,0.6,0.6,0.6,0,4,0.36,0.36,0.5833333333333334,0.5999999999999999,0.3499999999999999,0.6060606060606061,0.5999999999999999,0.3636363636363636
0.9111539488045952,0.0888460511954049,0.5256440949322232,0.4743559050677768,360.0,1010.0,False,3760.0,0.0,0.9999999999999994,00,operational,0.6,0.6,0.6,0.6,1,4,0.36,0.36,,,,,,
0.9106229056138324,0.0893770943861674,0.5256440949322232,0.4743559050677768,360.0,1020.0,False,3760.0,0.0,0.9999999999999994,01,operational,0.6,0.6,0.6,0.6,1,4,0.36,0.36,0.0,0.0,0.0,0.6060606060606061,0.5999999999999999,0.3636363636363636
0.9043897516016968,0.0956102483983033,0.5382847415194221,0.461715258480578,360.0,1010.0,False,3760.0,0.0,0.9999999999999994,10,operational,0.6,0.6,0.6,0.6,1,4,0.36,0.36,0.5833333333333334,0.5999999999999999,0.3499999999999999,0.0,0.0,0.0
0.9033423979143266,0.0966576020856734,0.5382847415194221,0.461715258480578,360.0,1030.0,False,3760.0,0.0,0.9999999999999994,11,operational,0.6,0.6,0.6,0.6,1,4,0.36,0.36,0.5833333333333334,0.5999999999999999,0.3499999999999999,0.6060606060606061,0.5999999999999999,0.3636363636363636
0.9111539488045952,0.0888460511954049,0.5256440949322232,0.4743559050677768,360.0,1010.0,False,3760.0,0.0,0.9999999999999994,00,operational,0.6,1.0,0.6,1.0,0,4,0.6,0.6,,,,,,
0.9059629291150224,0.0940370708849777,0.5256440949322232,0.4743559050677768,360.0,1090.0,False,3760.0,0.0,0.9999999999999994,01,operational,0.6,1.0,0.6,1.0,0,4,0.6,0.6,0.0,0.0,0.0,0.6060606060606061,1.0,0.6060606060606061
0.9007783878244148,0.0992216121755852,0.5456924249417645,0.4543075750582355,360.0,1010.0,False,3760.0,0.0,0.9999999999999994,10,operational,0.6,1.0,0.6,1.0,0,4,0.6,0.6,0.5833333333333334,1.0,0.5833333333333334,0.0,0.0,0.0
0.7422379495896542,0.2577620504103458,0.5456924249417645,0.4543075750582355,360.0,,True,3760.0,1.0,0.7908172984294549,11,operational,0.6,1.0,0.6,1.0,0,4,0.6,0.6,0.5833333333333334,1.0,0.5833333333333334,0.6060606060606061,1.0,0.6060606060606061
0.9111539488045952,0.0888460511954049,0.5256440949322232,0.4743559050677768,360.0,1010.0,False,3760.0,0.0,0.9999999999999994,00,operational,0.6,1.0,0.6,1.0,1,4,0.6,0.6,,,,,,
0.9096502380216998,0.0903497619783002,0.5256440949322232,0.4743559050677768,360.0,1040.0,False,3760.0,0.0,0.9999999999999994,01,operational,0.6,1.0,0.6,1.0,1,4,0.6,0.6,0.0,0.0,0.0,0.6060606060606061,1.0,0.6060606060606061
0.8995529732719502,0.1004470267280498,0.5463101732022756,0.4536898267977244,360.0,1010.0,False,3760.0,0.0,0.9999999999999994,10,operational,0.6,1.0,0.6,1.0,1,4,0.6,0.6,0.5833333333333334,1.0,0.5833333333333334,0.0,0.0,0.0
0.8968516017345497,0.1031483982654503,0.5463101732022756,0.4536898267977244,360.0,1070.0,False,3760.0,0.0,0.9999999999999994,11,operational,0.6,1.0,0.6,1.0,1,4,0.6,0.6,0.5833333333333334,1.0,0.5833333333333334,0.6060606060606061,1.0,0.6060606060606061
0.9111539488045952,0.0888460511954049,0.5256440949322232,0.4743559050677768,360.0,1010.0,False,3760.0,0.0,0.9999999999999994,00,operational,1.0,0.25,1.0,0.25,0,4,0.25,0.25,,,,,,
0.9064395899860386,0.0935604100139614,0.5256440949322232,0.4743559050677768,360.0,1060.0,False,3760.0,0.0,0.9999999999999994,01,operational,1.0,0.25,1.0,0.25,0,4,0.25,0.25,0.0,0.0,0.0,1.0,0.25,0.25
0.9063807467290148,0.0936192532709851,0.5376880246246836,0.4623119753753165,360.0,1010.0,False,3760.0,0.0,0.9999999999999994,10,operational,1.0,0.25,1.0,0.25,0,4,0.25,0.25,1.0,0.25,0.25,0.0,0.0,0.0
0.900789137870923,0.099210862129077,0.5376880246246836,0.4623119753753165,360.0,1060.0,False,3760.0,0.0,0.9999999999999994,11,operational,1.0,0.25,1.0,0.25,0,4,0.25,0.25,1.0,0.25,0.25,1.0,0.25,0.25
0.9111539488045952,0.0888460511954049,0.5256440949322232,0.4743559050677768,360.0,1010.0,False,3760.0,0.0,0.9999999999999994,00,operational,1.0,0.25,1.0,0.25,1,4,0.25,0.25,,,,,,
0.9064395899860386,0.0935604100139614,0.5256440949322232,0.4743559050677768,360.0,1060.0,False,3760.0,0.0,0.9999999999999994,01,operational,1.0,0.25,1.0,0.25,1,4,0.25,0.25,0.0,0.0,0.0,1.0,0.25,0.25
0.9063807467290148,0.0936192532709851,0.5376880246246836,0.4623119753753165,360.0,1010.0,False,3760.0,0.0,0.9999999999999994,10,operational,1.0,0.25,1.0,0.25,1,4,0.25,0.25,1.0,0.25,0.25,0.0,0.0,0.0
0.900789137870923,0.099210862129077,0.5376880246246836,0.4623119753753165,360.0,1060.0,False,3760.0,0.0,0.9999999999999994,11,operational,1.0,0.25,1.0,0.25,1,4,0.25,0.25,1.0,0.25,0.25,1.0,0.25,0.25
0.9111539488045952,0.0888460511954049,0.5256440949322232,0.4743559050677768,360.0,1010.0,False,3760.0,0.0,0.9999999999999994,00,operational,1.0,0.6,1.0,0.6,0,4,0.6,0.6,,,,,,
0.8914877258903583,0.1085122741096417,0.5256440949322232,0.4743559050677768,360.0,1210.0,False,3760.0,0.0,0.9999999999999994,01,operational,1.0,0.6,1.0,0.6,0,4,0.6,0.6,0.0,0.0,0.0,1.0,0.6,0.6
0.9000613215438034,0.0999386784561966,0.5500451417524652,0.4499548582475347,360.0,1010.0,False,3760.0,0.0,0.9999999999999994,10,operational,1.0,0.6,1.0,0.6,0,4,0.6,0.6,1.0,0.6,0.6,0.0,0.0,0.0
0.8719717193995423,0.1280282806004576,0.5500451417524652,0.4499548582475347,360.0,1280.0,False,3760.0,0.0,0.9999999999999994,11,operational,1.0,0.6,1.0,0.6,0,4,0.6,0.6,1.0,0.6,0.6,1.0,0.6,0.6
0.9111539488045952,0.0888460511954049,0.5256440949322232,0.4743559050677768,360.0,1010.0,False,3760.0,0.0,0.9999999999999994,00,operational,1.0,0.6,1.0,0.6,1,4,0.6,0.6,,,,,,
0.8914877258903583,0.1085122741096417,0.5256440949322232,0.4743559050677768,360.0,1210.0,False,3760.0,0.0,0.9999999999999994,01,operational,1.0,0.6,1.0,0.6,1,4,0.6,0.6,0.0,0.0,0.0,1.0,0.6,0.6
0.9000613215438034,0.0999386784561966,0.5500451417524652,0.4499548582475347,360.0,1010.0,False,3760.0,0.0,0.9999999999999994,10,operational,1.0,0.6,1.0,0.6,1,4,0.6,0.6,1.0,0.6,0.6,0.0,0.0,0.0
0.8719717193995423,0.1280282806004576,0.5500451417524652,0.4499548582475347,360.0,1280.0,False,3760.0,0.0,0.9999999999999994,11,operational,1.0,0.6,1.0,0.6,1,4,0.6,0.6,1.0,0.6,0.6,1.0,0.6,0.6
0.9111539488045952,0.0888460511954049,0.5256440949322232,0.4743559050677768,360.0,1010.0,False,3760.0,0.0,0.9999999999999994,00,operational,1.0,1.0,1.0,1.0,0,4,1.0,1.0,,,,,,
0.8968777340336676,0.1031222659663324,0.5256440949322232,0.4743559050677768,360.0,1250.0,False,3760.0,0.0,0.9999999999999994,01,operational,1.0,1.0,1.0,1.0,0,4,1.0,1.0,0.0,0.0,0.0,1.0,1.0,1.0
0.893393227069436,0.1066067729305639,0.5618072875239746,0.4381927124760254,360.0,1010.0,False,3760.0,0.0,0.9999999999999994,10,operational,1.0,1.0,1.0,1.0,0,4,1.0,1.0,1.0,1.0,1.0,0.0,0.0,0.0
0.5681176913637157,0.4318823086362843,0.5618072875239746,0.4381927124760254,360.0,,True,3760.0,1.0,0.5720707375229562,11,operational,1.0,1.0,1.0,1.0,0,4,1.0,1.0,1.0,1.0,1.0,1.0,1.0,1.0
0.9111539488045952,0.0888460511954049,0.5256440949322232,0.4743559050677768,360.0,1010.0,False,3760.0,0.0,0.9999999999999994,00,operational,1.0,1.0,1.0,1.0,1,4,1.0,1.0,,,,,,
0.8968777340336676,0.1031222659663324,0.5256440949322232,0.4743559050677768,360.0,1250.0,False,3760.0,0.0,0.9999999999999994,01,operational,1.0,1.0,1.0,1.0,1,4,1.0,1.0,0.0,0.0,0.0,1.0,1.0,1.0
0.893393227069436,0.1066067729305639,0.5618072875239746,0.4381927124760254,360.0,1010.0,False,3760.0,0.0,0.9999999999999994,10,operational,1.0,1.0,1.0,1.0,1,4,1.0,1.0,1.0,1.0,1.0,0.0,0.0,0.0
0.5681176913637157,0.4318823086362843,0.5618072875239746,0.4381927124760254,360.0,,True,3760.0,1.0,0.5720707375229562,11,operational,1.0,1.0,1.0,1.0,1,4,1.0,1.0,1.0,1.0,1.0,1.0,1.0,1.0
0.9473543015542192,0.0526456984457807,0.4232652923303187,0.5767347076696813,360.0,720.0,False,3760.0,0.0,0.9999999999999994,00,operational,0.25,0.25,0.25,0.25,0,5,0.0625,0.0625,,,,,,
0.9473336625392632,0.0526663374607367,0.4232652923303187,0.5767347076696813,360.0,720.0,False,3760.0,0.0,0.9999999999999994,01,operational,0.25,0.25,0.25,0.25,0,5,0.0625,0.0625,0.0,0.0,0.0,0.2424242424242424,0.25,0.0606060606060606
0.9464471749721408,0.053552825027859,0.4298603806134641,0.5701396193865359,360.0,720.0,False,3760.0,0.0,0.9999999999999994,10,operational,0.25,0.25,0.25,0.25,0,5,0.0625,0.0625,0.25,0.25,0.0625,0.0,0.0,0.0
0.9464263608948688,0.0535736391051311,0.4298603806134641,0.5701396193865359,360.0,720.0,False,3760.0,0.0,0.9999999999999994,11,operational,0.25,0.25,0.25,0.25,0,5,0.0625,0.0625,0.25,0.25,0.0625,0.2424242424242424,0.25,0.0606060606060606
0.9473543015542192,0.0526456984457807,0.4232652923303187,0.5767347076696813,360.0,720.0,False,3760.0,0.0,0.9999999999999994,00,operational,0.25,0.25,0.25,0.25,1,5,0.0625,0.0625,,,,,,
0.9464933888046504,0.0535066111953494,0.4232652923303187,0.5767347076696813,360.0,730.0,False,3760.0,0.0,0.9999999999999994,01,operational,0.25,0.25,0.25,0.25,1,5,0.0625,0.0625,0.0,0.0,0.0,0.2424242424242424,0.25,0.0606060606060606
0.9458545449547296,0.0541454550452704,0.426651439163472,0.573348560836528,360.0,720.0,False,3760.0,0.0,0.9999999999999994,10,operational,0.25,0.25,0.25,0.25,1,5,0.0625,0.0625,0.25,0.25,0.0625,0.0,0.0,0.0
0.9449534516581176,0.0550465483418824,0.426651439163472,0.573348560836528,360.0,730.0,False,3760.0,0.0,0.9999999999999994,11,operational,0.25,0.25,0.25,0.25,1,5,0.0625,0.0625,0.25,0.25,0.0625,0.2424242424242424,0.25,0.0606060606060606
0.9473543015542192,0.0526456984457807,0.4232652923303187,0.5767347076696813,360.0,720.0,False,3760.0,0.0,0.9999999999999994,00,operational,0.25,0.6,0.25,0.6,0,5,0.15,0.15,,,,,,
0.9471390849280444,0.0528609150719556,0.4232652923303187,0.5767347076696813,360.0,720.0,False,3760.0,0.0,0.9999999999999994,01,operational,0.25,0.6,0.25,0.6,0,5,0.15,0.15,0.0,0.0,0.0,0.2424242424242424,0.6,0.1454545454545454
0.9451258887306772,0.0548741112693228,0.4396789755695769,0.5603210244304231,360.0,720.0,False,3760.0,0.0,0.9999999999999994,10,operational,0.25,0.6,0.25,0.6,0,5,0.15,0.15,0.25,0.6,0.15,0.0,0.0,0.0
0.944907188014131,0.055092811985869,0.4396789755695769,0.5603210244304231,360.0,720.0,False,3760.0,0.0,0.9999999999999994,11,operational,0.25,0.6,0.25,0.6,0,5,0.15,0.15,0.25,0.6,0.15,0.2424242424242424,0.6,0.1454545454545454
0.9473543015542192,0.0526456984457807,0.4232652923303187,0.5767347076696813,360.0,720.0,False,3760.0,0.0,0.9999999999999994,00,operational,0.25,0.6,0.25,0.6,1,5,0.15,0.15,,,,,,
0.9434200770015234,0.0565799229984765,0.4232652923303187,0.5767347076696813,360.0,770.0,False,3760.0,0.0,0.9999999999999994,01,operational,0.25,0.6,0.25,0.6,1,5,0.15,0.15,0.0,0.0,0.0,0.2424242424242424,0.6,0.1454545454545454
0.943902602155369,0.0560973978446309,0.4304663259089132,0.5695336740910868,360.0,720.0,False,3760.0,0.0,0.9999999999999994,10,operational,0.25,0.6,0.25,0.6,1,5,0.15,0.15,0.25,0.6,0.15,0.0,0.0,0.0
0.9392819956874652,0.0607180043125349,0.4304663259089132,0.5695336740910868,360.0,780.0,False,3760.0,0.0,0.9999999999999994,11,operational,0.25,0.6,0.25,0.6,1,5,0.15,0.15,0.25,0.6,0.15,0.2424242424242424,0.6,0.1454545454545454
0.9473543015542192,0.0526456984457807,0.4232652923303187,0.5767347076696813,360.0,720.0,False,3760.0,0.0,0.9999999999999994,00,operational,0.25,1.0,0.25,1.0,0,5,0.25,0.25,,,,,,
0.9469325734308456,0.0530674265691543,0.4232652923303187,0.5767347076696813,360.0,730.0,False,3760.0,0.0,0.9999999999999994,01,operational,0.25,1.0,0.25,1.0,0,5,0.25,0.25,0.0,0.0,0.0,0.2424242424242424,1.0,0.2424242424242424
0.9434161895823978,0.0565838104176021,0.4509753430221035,0.5490246569778965,360.0,720.0,False,3760.0,0.0,0.9999999999999994,10,operational,0.25,1.0,0.25,1.0,0,5,0.25,0.25,0.25,1.0,0.25,0.0,0.0,0.0
0.9429697548249596,0.0570302451750405,0.4509753430221035,0.5490246569778965,360.0,730.0,False,3760.0,0.0,0.9999999999999994,11,operational,0.25,1.0,0.25,1.0,0,5,0.25,0.25,0.25,1.0,0.25,0.2424242424242424,1.0,0.2424242424242424
0.9473543015542192,0.0526456984457807,0.4232652923303187,0.5767347076696813,360.0,720.0,False,3760.0,0.0,0.9999999999999994,00,operational,0.25,1.0,0.25,1.0,1,5,0.25,0.25,,,,,,
0.9445978736555368,0.0554021263444632,0.4232652923303187,0.5767347076696813,360.0,790.0,False,3760.0,0.0,0.9999999999999994,01,operational,0.25,1.0,0.25,1.0,1,5,0.25,0.25,0.0,0.0,0.0,0.2424242424242424,1.0,0.2424242424242424
0.9415590422058624,0.0584409577941376,0.4338114680239719,0.566188531976028,360.0,720.0,False,3760.0,0.0,0.9999999999999994,10,operational,0.25,1.0,0.25,1.0,1,5,0.25,0.25,0.25,1.0,0.25,0.0,0.0,0.0
0.9387080688364332,0.0612919311635667,0.4338114680239719,0.566188531976028,360.0,800.0,False,3760.0,0.0,0.9999999999999994,11,operational,0.25,1.0,0.25,1.0,1,5,0.25,0.25,0.25,1.0,0.25,0.2424242424242424,1.0,0.2424242424242424
0.9473543015542192,0.0526456984457807,0.4232652923303187,0.5767347076696813,360.0,720.0,False,3760.0,0.0,0.9999999999999994,00,operational,0.6,0.25,0.6,0.25,0,5,0.15,0.15,,,,,,
0.9465072481849744,0.0534927518150256,0.4232652923303187,0.5767347076696813,360.0,730.0,False,3760.0,0.0,0.9999999999999994,01,operational,0.6,0.25,0.6,0.25,0,5,0.15,0.15,0.0,0.0,0.0,0.6060606060606061,0.25,0.1515151515151515
0.946135432563756,0.053864567436244,0.4263070339891254,0.5736929660108746,360.0,720.0,False,3760.0,0.0,0.9999999999999994,10,operational,0.6,0.25,0.6,0.25,0,5,0.15,0.15,0.5833333333333334,0.25,0.1458333333333333,0.0,0.0,0.0
0.9452661955438216,0.0547338044561782,0.4263070339891254,0.5736929660108746,360.0,730.0,False,3760.0,0.0,0.9999999999999994,11,operational,0.6,0.25,0.6,0.25,0,5,0.15,0.15,0.5833333333333334,0.25,0.1458333333333333,0.6060606060606061,0.25,0.1515151515151515
0.9473543015542192,0.0526456984457807,0.4232652923303187,0.5767347076696813,360.0,720.0,False,3760.0,0.0,0.9999999999999994,00,operational,0.6,0.25,0.6,0.25,1,5,0.15,0.15,,,,,,
0.9464305912214273,0.0535694087785728,0.4232652923303187,0.5767347076696813,360.0,730.0,False,3760.0,0.0,0.9999999999999994,01,operational,0.6,0.25,0.6,0.25,1,5,0.15,0.15,0.0,0.0,0.0,0.6060606060606061,0.25,0.1515151515151515
0.9458476030600416,0.0541523969399585,0.4275419088470198,0.5724580911529802,360.0,720.0,False,3760.0,0.0,0.9999999999999994,10,operational,0.6,0.25,0.6,0.25,1,5,0.15,0.15,0.5833333333333334,0.25,0.1458333333333333,0.0,0.0,0.0
0.944697352757046,0.0553026472429539,0.4275419088470198,0.5724580911529802,360.0,740.0,False,3760.0,0.0,0.9999999999999994,11,operational,0.6,0.25,0.6,0.25,1,5,0.15,0.15,0.5833333333333334,0.25,0.1458333333333333,0.6060606060606061,0.25,0.1515151515151515
0.9473543015542192,0.0526456984457807,0.4232652923303187,0.5767347076696813,360.0,720.0,False,3760.0,0.0,0.9999999999999994,00,operational,0.6,0.6,0.6,0.6,0,5,0.36,0.36,,,,,,
0.943615423832154,0.056384576167846,0.4232652923303187,0.5767347076696813,360.0,770.0,False,3760.0,0.0,0.9999999999999994,01,operational,0.6,0.6,0.6,0.6,0,5,0.36,0.36,0.0,0.0,0.0,0.6060606060606061,0.5999999999999999,0.3636363636363636
0.944383209313706,0.0556167906862941,0.4289443369228259,0.571055663077174,360.0,720.0,False,3760.0,0.0,0.9999999999999994,10,operational,0.6,0.6,0.6,0.6,0,5,0.36,0.36,0.5833333333333334,0.5999999999999999,0.3499999999999999,0.0,0.0,0.0
0.940254620833306,0.0597453791666939,0.4289443369228259,0.571055663077174,360.0,770.0,False,3760.0,0.0,0.9999999999999994,11,operational,0.6,0.6,0.6,0.6,0,5,0.36,0.36,0.5833333333333334,0.5999999999999999,0.3499999999999999,0.6060606060606061,0.5999999999999999,0.3636363636363636
0.9473543015542192,0.0526456984457807,0.4232652923303187,0.5767347076696813,360.0,720.0,False,3760.0,0.0,0.9999999999999994,00,operational,0.6,0.6,0.6,0.6,1,5,0.36,0.36,,,,,,
0.9431741401758472,0.0568258598241528,0.4232652923303187,0.5767347076696813,360.0,780.0,False,3760.0,0.0,0.9999999999999994,01,operational,0.6,0.6,0.6,0.6,1,5,0.36,0.36,0.0,0.0,0.0,0.6060606060606061,0.5999999999999999,0.3636363636363636
0.9436552222414328,0.0563447777585671,0.4312645236344299,0.5687354763655701,360.0,720.0,False,3760.0,0.0,0.9999999999999994,10,operational,0.6,0.6,0.6,0.6,1,5,0.36,0.36,0.5833333333333334,0.5999999999999999,0.3499999999999999,0.0,0.0,0.0
0.9377009827918952,0.0622990172081047,0.4312645236344299,0.5687354763655701,360.0,800.0,False,3760.0,0.0,0.9999999999999994,11,operational,0.6,0.6,0.6,0.6,1,5,0.36,0.36,0.5833333333333334,0.5999999999999999,0.3499999999999999,0.6060606060606061,0.5999999999999999,0.3636363636363636
0.9473543015542192,0.0526456984457807,0.4232652923303187,0.5767347076696813,360.0,720.0,False,3760.0,0.0,0.9999999999999994,00,operational,0.6,1.0,0.6,1.0,0,5,0.6,0.6,,,,,,
0.9450006524267642,0.0549993475732357,0.4232652923303187,0.5767347076696813,360.0,780.0,False,3760.0,0.0,0.9999999999999994,01,operational,0.6,1.0,0.6,1.0,0,5,0.6,0.6,0.0,0.0,0.0,0.6060606060606061,1.0,0.6060606060606061
0.942117755821574,0.0578822441784261,0.4321382107488273,0.5678617892511727,360.0,720.0,False,3760.0,0.0,0.9999999999999994,10,operational,0.6,1.0,0.6,1.0,0,5,0.6,0.6,0.5833333333333334,1.0,0.5833333333333334,0.0,0.0,0.0
0.9396448677201948,0.0603551322798052,0.4321382107488273,0.5678617892511727,360.0,780.0,False,3760.0,0.0,0.9999999999999994,11,operational,0.6,1.0,0.6,1.0,0,5,0.6,0.6,0.5833333333333334,1.0,0.5833333333333334,0.6060606060606061,1.0,0.6060606060606061
0.9473543015542192,0.0526456984457807,0.4232652923303187,0.5767347076696813,360.0,720.0,False,3760.0,0.0,0.9999999999999994,00,operational,0.6,1.0,0.6,1.0,1,5,0.6,0.6,,,,,,
0.94359359301126,0.0564064069887401,0.4232652923303187,0.5767347076696813,360.0,820.0,False,3760.0,0.0,0.9999999999999994,01,operational,0.6,1.0,0.6,1.0,1,5,0.6,0.6,0.0,0.0,0.0,0.6060606060606061,1.0,0.6060606060606061
0.9410148512520168,0.0589851487479833,0.4344129544414438,0.5655870455585562,360.0,720.0,False,3760.0,0.0,0.9999999999999994,10,operational,0.6,1.0,0.6,1.0,1,5,0.6,0.6,0.5833333333333334,1.0,0.5833333333333334,0.0,0.0,0.0
0.8797524448407174,0.1202475551592826,0.4344129544414438,0.5655870455585562,360.0,,True,3760.0,1.0,0.92630478382597,11,operational,0.6,1.0,0.6,1.0,1,5,0.6,0.6,0.5833333333333334,1.0,0.5833333333333334,0.6060606060606061,1.0,0.6060606060606061
0.9473543015542192,0.0526456984457807,0.4232652923303187,0.5767347076696813,360.0,720.0,False,3760.0,0.0,0.9999999999999994,00,operational,1.0,0.25,1.0,0.25,0,5,0.25,0.25,,,,,,
0.9463998807410532,0.0536001192589469,0.4232652923303187,0.5767347076696813,360.0,730.0,False,3760.0,0.0,0.9999999999999994,01,operational,1.0,0.25,1.0,0.25,0,5,0.25,0.25,0.0,0.0,0.0,1.0,0.25,0.25
0.9442067334275996,0.0557932665724003,0.4349364138960809,0.565063586103919,360.0,720.0,False,3760.0,0.0,0.9999999999999994,10,operational,1.0,0.25,1.0,0.25,0,5,0.25,0.25,1.0,0.25,0.25,0.0,0.0,0.0
0.942886844947392,0.0571131550526079,0.4349364138960809,0.565063586103919,360.0,740.0,False,3760.0,0.0,0.9999999999999994,11,operational,1.0,0.25,1.0,0.25,0,5,0.25,0.25,1.0,0.25,0.25,1.0,0.25,0.25
0.9473543015542192,0.0526456984457807,0.4232652923303187,0.5767347076696813,360.0,720.0,False,3760.0,0.0,0.9999999999999994,00,operational,1.0,0.25,1.0,0.25,1,5,0.25,0.25,,,,,,
0.9463998807410532,0.0536001192589469,0.4232652923303187,0.5767347076696813,360.0,730.0,False,3760.0,0.0,0.9999999999999994,01,operational,1.0,0.25,1.0,0.25,1,5,0.25,0.25,0.0,0.0,0.0,1.0,0.25,0.25
0.9442067334275996,0.0557932665724003,0.4349364138960809,0.565063586103919,360.0,720.0,False,3760.0,0.0,0.9999999999999994,10,operational,1.0,0.25,1.0,0.25,1,5,0.25,0.25,1.0,0.25,0.25,0.0,0.0,0.0
0.942886844947392,0.0571131550526079,0.4349364138960809,0.565063586103919,360.0,740.0,False,3760.0,0.0,0.9999999999999994,11,operational,1.0,0.25,1.0,0.25,1,5,0.25,0.25,1.0,0.25,0.25,1.0,0.25,0.25
0.9473543015542192,0.0526456984457807,0.4232652923303187,0.5767347076696813,360.0,720.0,False,3760.0,0.0,0.9999999999999994,00,operational,1.0,0.6,1.0,0.6,0,5,0.6,0.6,,,,,,
0.9429347191127356,0.0570652808872643,0.4232652923303187,0.5767347076696813,360.0,790.0,False,3760.0,0.0,0.9999999999999994,01,operational,1.0,0.6,1.0,0.6,0,5,0.6,0.6,0.0,0.0,0.0,1.0,0.6,0.6
0.940026257763806,0.0599737422361938,0.4496906773787306,0.5503093226212694,360.0,720.0,False,3760.0,0.0,0.9999999999999994,10,operational,1.0,0.6,1.0,0.6,0,5,0.6,0.6,1.0,0.6,0.6,0.0,0.0,0.0
0.9326311474802904,0.0673688525197095,0.4496906773787306,0.5503093226212694,360.0,820.0,False,3760.0,0.0,0.9999999999999994,11,operational,1.0,0.6,1.0,0.6,0,5,0.6,0.6,1.0,0.6,0.6,1.0,0.6,0.6
0.9473543015542192,0.0526456984457807,0.4232652923303187,0.5767347076696813,360.0,720.0,False,3760.0,0.0,0.9999999999999994,00,operational,1.0,0.6,1.0,0.6,1,5,0.6,0.6,,,,,,
0.9429347191127356,0.0570652808872643,0.4232652923303187,0.5767347076696813,360.0,790.0,False,3760.0,0.0,0.9999999999999994,01,operational,1.0,0.6,1.0,0.6,1,5,0.6,0.6,0.0,0.0,0.0,1.0,0.6,0.6
0.940026257763806,0.0599737422361938,0.4496906773787306,0.5503093226212694,360.0,720.0,False,3760.0,0.0,0.9999999999999994,10,operational,1.0,0.6,1.0,0.6,1,5,0.6,0.6,1.0,0.6,0.6,0.0,0.0,0.0
0.9326311474802904,0.0673688525197095,0.4496906773787306,0.5503093226212694,360.0,820.0,False,3760.0,0.0,0.9999999999999994,11,operational,1.0,0.6,1.0,0.6,1,5,0.6,0.6,1.0,0.6,0.6,1.0,0.6,0.6
0.9473543015542192,0.0526456984457807,0.4232652923303187,0.5767347076696813,360.0,720.0,False,3760.0,0.0,0.9999999999999994,00,operational,1.0,1.0,1.0,1.0,0,5,1.0,1.0,,,,,,
0.943154165296244,0.056845834703756,0.4232652923303187,0.5767347076696813,360.0,830.0,False,3760.0,0.0,0.9999999999999994,01,operational,1.0,1.0,1.0,1.0,0,5,1.0,1.0,0.0,0.0,0.0,1.0,1.0,1.0
0.9353826080704204,0.0646173919295794,0.4647535524494413,0.5352464475505587,360.0,720.0,False,3760.0,0.0,0.9999999999999994,10,operational,1.0,1.0,1.0,1.0,0,5,1.0,1.0,1.0,1.0,1.0,0.0,0.0,0.0
0.7468229734552723,0.2531770265447277,0.4647535524494413,0.5352464475505587,360.0,,True,3760.0,1.0,0.7679941051559127,11,operational,1.0,1.0,1.0,1.0,0,5,1.0,1.0,1.0,1.0,1.0,1.0,1.0,1.0
0.9473543015542192,0.0526456984457807,0.4232652923303187,0.5767347076696813,360.0,720.0,False,3760.0,0.0,0.9999999999999994,00,operational,1.0,1.0,1.0,1.0,1,5,1.0,1.0,,,,,,
0.943154165296244,0.056845834703756,0.4232652923303187,0.5767347076696813,360.0,830.0,False,3760.0,0.0,0.9999999999999994,01,operational,1.0,1.0,1.0,1.0,1,5,1.0,1.0,0.0,0.0,0.0,1.0,1.0,1.0
0.9353826080704204,0.0646173919295794,0.4647535524494413,0.5352464475505587,360.0,720.0,False,3760.0,0.0,0.9999999999999994,10,operational,1.0,1.0,1.0,1.0,1,5,1.0,1.0,1.0,1.0,1.0,0.0,0.0,0.0
0.7468229734552723,0.2531770265447277,0.4647535524494413,0.5352464475505587,360.0,,True,3760.0,1.0,0.7679941051559127,11,operational,1.0,1.0,1.0,1.0,1,5,1.0,1.0,1.0,1.0,1.0,1.0,1.0,1.0
0.8995961020992386,0.1004038979007614,0.5503486014813264,0.4496513985186737,360.0,1180.0,False,3760.0,0.0,0.9999999999999994,00,operational,0.25,0.25,0.25,0.25,0,6,0.0625,0.0625,,,,,,
0.8995667272300292,0.1004332727699708,0.5503486014813264,0.4496513985186737,360.0,1180.0,False,3760.0,0.0,0.9999999999999994,01,operational,0.25,0.25,0.25,0.25,0,6,0.0625,0.0625,0.0,0.0,0.0,0.2424242424242424,0.25,0.0606060606060606
0.8991469170687926,0.1008530829312074,0.5515626508006876,0.4484373491993124,360.0,1180.0,False,3760.0,0.0,0.9999999999999994,10,operational,0.25,0.25,0.25,0.25,0,6,0.0625,0.0625,0.25,0.25,0.0625,0.0,0.0,0.0
0.899117238584585,0.1008827614154149,0.5515626508006876,0.4484373491993124,360.0,1180.0,False,3760.0,0.0,0.9999999999999994,11,operational,0.25,0.25,0.25,0.25,0,6,0.0625,0.0625,0.25,0.25,0.0625,0.2424242424242424,0.25,0.0606060606060606
0.8995961020992386,0.1004038979007614,0.5503486014813264,0.4496513985186737,360.0,1180.0,False,3760.0,0.0,0.9999999999999994,00,operational,0.25,0.25,0.25,0.25,1,6,0.0625,0.0625,,,,,,
0.898449460869901,0.101550539130099,0.5503486014813264,0.4496513985186737,360.0,1190.0,False,3760.0,0.0,0.9999999999999994,01,operational,0.25,0.25,0.25,0.25,1,6,0.0625,0.0625,0.0,0.0,0.0,0.2424242424242424,0.25,0.0606060606060606
0.8991328949763917,0.1008671050236083,0.5508799968868676,0.4491200031131323,360.0,1180.0,False,3760.0,0.0,0.9999999999999994,10,operational,0.25,0.25,0.25,0.25,1,6,0.0625,0.0625,0.25,0.25,0.0625,0.0,0.0,0.0
0.8979716090190052,0.1020283909809948,0.5508799968868676,0.4491200031131323,360.0,1190.0,False,3760.0,0.0,0.9999999999999994,11,operational,0.25,0.25,0.25,0.25,1,6,0.0625,0.0625,0.25,0.25,0.0625,0.2424242424242424,0.25,0.0606060606060606
0.8995961020992386,0.1004038979007614,0.5503486014813264,0.4496513985186737,360.0,1180.0,False,3760.0,0.0,0.9999999999999994,00,operational,0.25,0.6,0.25,0.6,0,6,0.15,0.15,,,,,,
0.899525515211761,0.1004744847882389,0.5503486014813264,0.4496513985186737,360.0,1180.0,False,3760.0,0.0,0.9999999999999994,01,operational,0.25,0.6,0.25,0.6,0,6,0.15,0.15,0.0,0.0,0.0,0.2424242424242424,0.6,0.1454545454545454
0.898337541608403,0.101662458391597,0.553839232785501,0.446160767214499,360.0,1180.0,False,3760.0,0.0,0.9999999999999994,10,operational,0.25,0.6,0.25,0.6,0,6,0.15,0.15,0.25,0.6,0.15,0.0,0.0,0.0
0.8982642964251896,0.1017357035748104,0.553839232785501,0.446160767214499,360.0,1180.0,False,3760.0,0.0,0.9999999999999994,11,operational,0.25,0.6,0.25,0.6,0,6,0.15,0.15,0.25,0.6,0.15,0.2424242424242424,0.6,0.1454545454545454
0.8995961020992386,0.1004038979007614,0.5503486014813264,0.4496513985186737,360.0,1180.0,False,3760.0,0.0,0.9999999999999994,00,operational,0.25,0.6,0.25,0.6,1,6,0.15,0.15,,,,,,
0.8946800592860673,0.1053199407139326,0.5503486014813264,0.4496513985186737,360.0,1230.0,False,3760.0,0.0,0.9999999999999994,01,operational,0.25,0.6,0.25,0.6,1,6,0.15,0.15,0.0,0.0,0.0,0.2424242424242424,0.6,0.1454545454545454
0.8984778685790301,0.1015221314209698,0.5516445223060873,0.4483554776939126,360.0,1180.0,False,3760.0,0.0,0.9999999999999994,10,operational,0.25,0.6,0.25,0.6,1,6,0.15,0.15,0.25,0.6,0.15,0.0,0.0,0.0
0.8933739372958066,0.1066260627041933,0.5516445223060873,0.4483554776939126,360.0,1230.0,False,3760.0,0.0,0.9999999999999994,11,operational,0.25,0.6,0.25,0.6,1,6,0.15,0.15,0.25,0.6,0.15,0.2424242424242424,0.6,0.1454545454545454
0.8995961020992386,0.1004038979007614,0.5503486014813264,0.4496513985186737,360.0,1180.0,False,3760.0,0.0,0.9999999999999994,00,operational,0.25,1.0,0.25,1.0,0,6,0.25,0.25,,,,,,
0.8992940518433448,0.1007059481566552,0.5503486014813264,0.4496513985186737,360.0,1180.0,False,3760.0,0.0,0.9999999999999994,01,operational,0.25,1.0,0.25,1.0,0,6,0.25,0.25,0.0,0.0,0.0,0.2424242424242424,1.0,0.2424242424242424
0.8971082770626315,0.1028917229373684,0.5588332077138026,0.4411667922861974,360.0,1180.0,False,3760.0,0.0,0.9999999999999994,10,operational,0.25,1.0,0.25,1.0,0,6,0.25,0.25,0.25,1.0,0.25,0.0,0.0,0.0
0.8967917094678675,0.1032082905321325,0.5588332077138026,0.4411667922861974,360.0,1180.0,False,3760.0,0.0,0.9999999999999994,11,operational,0.25,1.0,0.25,1.0,0,6,0.25,0.25,0.25,1.0,0.25,0.2424242424242424,1.0,0.2424242424242424
0.8995961020992386,0.1004038979007614,0.5503486014813264,0.4496513985186737,360.0,1180.0,False,3760.0,0.0,0.9999999999999994,00,operational,0.25,1.0,0.25,1.0,1,6,0.25,0.25,,,,,,
0.894996864611157,0.1050031353888429,0.5503486014813264,0.4496513985186737,360.0,1260.0,False,3760.0,0.0,0.9999999999999994,01,operational,0.25,1.0,0.25,1.0,1,6,0.25,0.25,0.0,0.0,0.0,0.2424242424242424,1.0,0.2424242424242424
0.8976407178078092,0.1023592821921908,0.5527883659943593,0.4472116340056406,360.0,1180.0,False,3760.0,0.0,0.9999999999999994,10,operational,0.25,1.0,0.25,1.0,1,6,0.25,0.25,0.25,1.0,0.25,0.0,0.0,0.0
0.8937351329594964,0.1062648670405036,0.5527883659943593,0.4472116340056406,360.0,1270.0,False,3760.0,0.0,0.9999999999999994,11,operational,0.25,1.0,0.25,1.0,1,6,0.25,0.25,0.25,1.0,0.25,0.2424242424242424,1.0,0.2424242424242424
0.8995961020992386,0.1004038979007614,0.5503486014813264,0.4496513985186737,360.0,1180.0,False,3760.0,0.0,0.9999999999999994,00,operational,0.6,0.25,0.6,0.25,0,6,0.15,0.15,,,,,,
0.8962710922253274,0.1037289077746725,0.5503486014813264,0.4496513985186737,360.0,1210.0,False,3760.0,0.0,0.9999999999999994,01,operational,0.6,0.25,0.6,0.25,0,6,0.15,0.15,0.0,0.0,0.0,0.6060606060606061,0.25,0.1515151515151515
0.8986284009437321,0.1013715990562679,0.5517425600155123,0.4482574399844877,360.0,1180.0,False,3760.0,0.0,0.9999999999999994,10,operational,0.6,0.25,0.6,0.25,0,6,0.15,0.15,0.5833333333333334,0.25,0.1458333333333333,0.0,0.0,0.0
0.895037645165284,0.104962354834716,0.5517425600155123,0.4482574399844877,360.0,1220.0,False,3760.0,0.0,0.9999999999999994,11,operational,0.6,0.25,0.6,0.25,0,6,0.15,0.15,0.5833333333333334,0.25,0.1458333333333333,0.6060606060606061,0.25,0.1515151515151515
0.8995961020992386,0.1004038979007614,0.5503486014813264,0.4496513985186737,360.0,1180.0,False,3760.0,0.0,0.9999999999999994,00,operational,0.6,0.25,0.6,0.25,1,6,0.15,0.15,,,,,,
0.8961690646683668,0.1038309353316332,0.5503486014813264,0.4496513985186737,360.0,1210.0,False,3760.0,0.0,0.9999999999999994,01,operational,0.6,0.25,0.6,0.25,1,6,0.15,0.15,0.0,0.0,0.0,0.6060606060606061,0.25,0.1515151515151515
0.8979768402752735,0.1020231597247265,0.5539093476976829,0.4460906523023171,360.0,1180.0,False,3760.0,0.0,0.9999999999999994,10,operational,0.6,0.25,0.6,0.25,1,6,0.15,0.15,0.5833333333333334,0.25,0.1458333333333333,0.0,0.0,0.0
0.8943185455451481,0.1056814544548518,0.5539093476976829,0.4460906523023171,360.0,1220.0,False,3760.0,0.0,0.9999999999999994,11,operational,0.6,0.25,0.6,0.25,1,6,0.15,0.15,0.5833333333333334,0.25,0.1458333333333333,0.6060606060606061,0.25,0.1515151515151515
0.8995961020992386,0.1004038979007614,0.5503486014813264,0.4496513985186737,360.0,1180.0,False,3760.0,0.0,0.9999999999999994,00,operational,0.6,0.6,0.6,0.6,0,6,0.36,0.36,,,,,,
0.8845832448326999,0.1154167551673001,0.5503486014813264,0.4496513985186737,360.0,1320.0,False,3760.0,0.0,0.9999999999999994,01,operational,0.6,0.6,0.6,0.6,0,6,0.36,0.36,0.0,0.0,0.0,0.6060606060606061,0.5999999999999999,0.3636363636363636
0.8972801039240184,0.1027198960759816,0.553571638166374,0.446428361833626,360.0,1180.0,False,3760.0,0.0,0.9999999999999994,10,operational,0.6,0.6,0.6,0.6,0,6,0.36,0.36,0.5833333333333334,0.5999999999999999,0.3499999999999999,0.0,0.0,0.0
0.8807506260530649,0.1192493739469351,0.553571638166374,0.446428361833626,360.0,1340.0,False,3760.0,0.0,0.9999999999999994,11,operational,0.6,0.6,0.6,0.6,0,6,0.36,0.36,0.5833333333333334,0.5999999999999999,0.3499999999999999,0.6060606060606061,0.5999999999999999,0.3636363636363636
0.8995961020992386,0.1004038979007614,0.5503486014813264,0.4496513985186737,360.0,1180.0,False,3760.0,0.0,0.9999999999999994,00,operational,0.6,0.6,0.6,0.6,1,6,0.36,0.36,,,,,,
0.884425890719495,0.115574109280505,0.5503486014813264,0.4496513985186737,360.0,1330.0,False,3760.0,0.0,0.9999999999999994,01,operational,0.6,0.6,0.6,0.6,1,6,0.36,0.36,0.0,0.0,0.0,0.6060606060606061,0.5999999999999999,0.3636363636363636
0.8957237692841292,0.1042762307158707,0.5568481477053586,0.4431518522946414,360.0,1180.0,False,3760.0,0.0,0.9999999999999994,10,operational,0.6,0.6,0.6,0.6,1,6,0.36,0.36,0.5833333333333334,0.5999999999999999,0.3499999999999999,0.0,0.0,0.0
0.87871929482952,0.1212807051704799,0.5568481477053586,0.4431518522946414,360.0,1340.0,False,3760.0,0.0,0.9999999999999994,11,operational,0.6,0.6,0.6,0.6,1,6,0.36,0.36,0.5833333333333334,0.5999999999999999,0.3499999999999999,0.6060606060606061,0.5999999999999999,0.3636363636363636
0.8995961020992386,0.1004038979007614,0.5503486014813264,0.4496513985186737,360.0,1180.0,False,3760.0,0.0,0.9999999999999994,00,operational,0.6,1.0,0.6,1.0,0,6,0.6,0.6,,,,,,
0.889571083076432,0.110428916923568,0.5503486014813264,0.4496513985186737,360.0,1350.0,False,3760.0,0.0,0.9999999999999994,01,operational,0.6,1.0,0.6,1.0,0,6,0.6,0.6,0.0,0.0,0.0,0.6060606060606061,1.0,0.6060606060606061
0.8955482312365207,0.1044517687634792,0.5554558284599939,0.4445441715400061,360.0,1180.0,False,3760.0,0.0,0.9999999999999994,10,operational,0.6,1.0,0.6,1.0,0,6,0.6,0.6,0.5833333333333334,1.0,0.5833333333333334,0.0,0.0,0.0
0.8840032110300942,0.1159967889699058,0.5554558284599939,0.4445441715400061,360.0,1400.0,False,3760.0,0.0,0.9999999999999994,11,operational,0.6,1.0,0.6,1.0,0,6,0.6,0.6,0.5833333333333334,1.0,0.5833333333333334,0.6060606060606061,1.0,0.6060606060606061
0.8995961020992386,0.1004038979007614,0.5503486014813264,0.4496513985186737,360.0,1180.0,False,3760.0,0.0,0.9999999999999994,00,operational,0.6,1.0,0.6,1.0,1,6,0.6,0.6,,,,,,
0.8891530364276379,0.1108469635723621,0.5503486014813264,0.4496513985186737,360.0,1360.0,False,3760.0,0.0,0.9999999999999994,01,operational,0.6,1.0,0.6,1.0,1,6,0.6,0.6,0.0,0.0,0.0,0.6060606060606061,1.0,0.6060606060606061
0.8932232557176797,0.1067767442823203,0.5572019089697879,0.4427980910302121,360.0,1180.0,False,3760.0,0.0,0.9999999999999994,10,operational,0.6,1.0,0.6,1.0,1,6,0.6,0.6,0.5833333333333334,1.0,0.5833333333333334,0.0,0.0,0.0
0.819143086215105,0.180856913784895,0.5572019089697879,0.4427980910302121,360.0,,True,3760.0,1.0,0.9029580849850792,11,operational,0.6,1.0,0.6,1.0,1,6,0.6,0.6,0.5833333333333334,1.0,0.5833333333333334,0.6060606060606061,1.0,0.6060606060606061
0.8995961020992386,0.1004038979007614,0.5503486014813264,0.4496513985186737,360.0,1180.0,False,3760.0,0.0,0.9999999999999994,00,operational,1.0,0.25,1.0,0.25,0,6,0.25,0.25,,,,,,
0.895102468789324,0.104897531210676,0.5503486014813264,0.4496513985186737,360.0,1230.0,False,3760.0,0.0,0.9999999999999994,01,operational,1.0,0.25,1.0,0.25,0,6,0.25,0.25,0.0,0.0,0.0,1.0,0.25,0.25
0.8967482542055432,0.1032517457944568,0.5560043524818225,0.4439956475181775,360.0,1180.0,False,3760.0,0.0,0.9999999999999994,10,operational,1.0,0.25,1.0,0.25,0,6,0.25,0.25,1.0,0.25,0.25,0.0,0.0,0.0
0.8914559171884414,0.1085440828115585,0.5560043524818225,0.4439956475181775,360.0,1230.0,False,3760.0,0.0,0.9999999999999994,11,operational,1.0,0.25,1.0,0.25,0,6,0.25,0.25,1.0,0.25,0.25,1.0,0.25,0.25
0.8995961020992386,0.1004038979007614,0.5503486014813264,0.4496513985186737,360.0,1180.0,False,3760.0,0.0,0.9999999999999994,00,operational,1.0,0.25,1.0,0.25,1,6,0.25,0.25,,,,,,
0.895102468789324,0.104897531210676,0.5503486014813264,0.4496513985186737,360.0,1230.0,False,3760.0,0.0,0.9999999999999994,01,operational,1.0,0.25,1.0,0.25,1,6,0.25,0.25,0.0,0.0,0.0,1.0,0.25,0.25
0.8967482542055432,0.1032517457944568,0.5560043524818225,0.4439956475181775,360.0,1180.0,False,3760.0,0.0,0.9999999999999994,10,operational,1.0,0.25,1.0,0.25,1,6,0.25,0.25,1.0,0.25,0.25,0.0,0.0,0.0
0.8914559171884414,0.1085440828115585,0.5560043524818225,0.4439956475181775,360.0,1230.0,False,3760.0,0.0,0.9999999999999994,11,operational,1.0,0.25,1.0,0.25,1,6,0.25,0.25,1.0,0.25,0.25,1.0,0.25,0.25
0.8995961020992386,0.1004038979007614,0.5503486014813264,0.4496513985186737,360.0,1180.0,False,3760.0,0.0,0.9999999999999994,00,operational,1.0,0.6,1.0,0.6,0,6,0.6,0.6,,,,,,
0.8805309678226387,0.1194690321773612,0.5503486014813264,0.4496513985186737,360.0,1370.0,False,3760.0,0.0,0.9999999999999994,01,operational,1.0,0.6,1.0,0.6,0,6,0.6,0.6,0.0,0.0,0.0,1.0,0.6,0.6
0.8929661352569354,0.1070338647430646,0.5609587575829456,0.4390412424170544,360.0,1180.0,False,3760.0,0.0,0.9999999999999994,10,operational,1.0,0.6,1.0,0.6,0,6,0.6,0.6,1.0,0.6,0.6,0.0,0.0,0.0
0.8683256372111929,0.131674362788807,0.5609587575829456,0.4390412424170544,360.0,1420.0,False,3760.0,0.0,0.9999999999999994,11,operational,1.0,0.6,1.0,0.6,0,6,0.6,0.6,1.0,0.6,0.6,1.0,0.6,0.6
0.8995961020992386,0.1004038979007614,0.5503486014813264,0.4496513985186737,360.0,1180.0,False,3760.0,0.0,0.9999999999999994,00,operational,1.0,0.6,1.0,0.6,1,6,0.6,0.6,,,,,,
0.8805309678226387,0.1194690321773612,0.5503486014813264,0.4496513985186737,360.0,1370.0,False,3760.0,0.0,0.9999999999999994,01,operational,1.0,0.6,1.0,0.6,1,6,0.6,0.6,0.0,0.0,0.0,1.0,0.6,0.6
0.8929661352569354,0.1070338647430646,0.5609587575829456,0.4390412424170544,360.0,1180.0,False,3760.0,0.0,0.9999999999999994,10,operational,1.0,0.6,1.0,0.6,1,6,0.6,0.6,1.0,0.6,0.6,0.0,0.0,0.0
0.8683256372111929,0.131674362788807,0.5609587575829456,0.4390412424170544,360.0,1420.0,False,3760.0,0.0,0.9999999999999994,11,operational,1.0,0.6,1.0,0.6,1,6,0.6,0.6,1.0,0.6,0.6,1.0,0.6,0.6
0.8995961020992386,0.1004038979007614,0.5503486014813264,0.4496513985186737,360.0,1180.0,False,3760.0,0.0,0.9999999999999994,00,operational,1.0,1.0,1.0,1.0,0,6,1.0,1.0,,,,,,
0.8837717462757251,0.1162282537242749,0.5503486014813264,0.4496513985186737,360.0,1420.0,False,3760.0,0.0,0.9999999999999994,01,operational,1.0,1.0,1.0,1.0,0,6,1.0,1.0,0.0,0.0,0.0,1.0,1.0,1.0
0.8889252926019391,0.1110747073980609,0.5641118169160704,0.4358881830839295,360.0,1180.0,False,3760.0,0.0,0.9999999999999994,10,operational,1.0,1.0,1.0,1.0,0,6,1.0,1.0,1.0,1.0,1.0,0.0,0.0,0.0
0.6879285794019081,0.3120714205980919,0.5641118169160704,0.4358881830839295,360.0,,True,3760.0,1.0,0.7261775631162956,11,operational,1.0,1.0,1.0,1.0,0,6,1.0,1.0,1.0,1.0,1.0,1.0,1.0,1.0
0.8995961020992386,0.1004038979007614,0.5503486014813264,0.4496513985186737,360.0,1180.0,False,3760.0,0.0,0.9999999999999994,00,operational,1.0,1.0,1.0,1.0,1,6,1.0,1.0,,,,,,
0.8837717462757251,0.1162282537242749,0.5503486014813264,0.4496513985186737,360.0,1420.0,False,3760.0,0.0,0.9999999999999994,01,operational,1.0,1.0,1.0,1.0,1,6,1.0,1.0,0.0,0.0,0.0,1.0,1.0,1.0
0.8889252926019391,0.1110747073980609,0.5641118169160704,0.4358881830839295,360.0,1180.0,False,3760.0,0.0,0.9999999999999994,10,operational,1.0,1.0,1.0,1.0,1,6,1.0,1.0,1.0,1.0,1.0,0.0,0.0,0.0
0.6879285794019081,0.3120714205980919,0.5641118169160704,0.4358881830839295,360.0,,True,3760.0,1.0,0.7261775631162956,11,operational,1.0,1.0,1.0,1.0,1,6,1.0,1.0,1.0,1.0,1.0,1.0,1.0,1.0
0.9742674848001218,0.0257325151998781,0.3346749114897371,0.6653250885102628,360.0,450.0,False,3760.0,0.0,0.9999999999999994,00,operational,0.25,0.25,0.25,0.25,0,7,0.0625,0.0625,,,,,,
0.9742674848001218,0.0257325151998781,0.3346749114897371,0.6653250885102628,360.0,450.0,False,3760.0,0.0,0.9999999999999994,01,operational,0.25,0.25,0.25,0.25,0,7,0.0625,0.0625,0.0,0.0,0.0,0.2424242424242424,0.25,0.0606060606060606
0.9737808824863076,0.0262191175136924,0.3387452375797367,0.6612547624202633,360.0,450.0,False,3760.0,0.0,0.9999999999999994,10,operational,0.25,0.25,0.25,0.25,0,7,0.0625,0.0625,0.25,0.25,0.0625,0.0,0.0,0.0
0.9737808824863076,0.0262191175136924,0.3387452375797367,0.6612547624202633,360.0,450.0,False,3760.0,0.0,0.9999999999999994,11,operational,0.25,0.25,0.25,0.25,0,7,0.0625,0.0625,0.25,0.25,0.0625,0.2424242424242424,0.25,0.0606060606060606
0.9742674848001218,0.0257325151998781,0.3346749114897371,0.6653250885102628,360.0,450.0,False,3760.0,0.0,0.9999999999999994,00,operational,0.25,0.25,0.25,0.25,1,7,0.0625,0.0625,,,,,,
0.9742674848001218,0.0257325151998781,0.3346749114897371,0.6653250885102628,360.0,450.0,False,3760.0,0.0,0.9999999999999994,01,operational,0.25,0.25,0.25,0.25,1,7,0.0625,0.0625,0.0,0.0,0.0,0.2424242424242424,0.25,0.0606060606060606
0.9734341288554416,0.0265658711445583,0.341259608230822,0.658740391769178,360.0,450.0,False,3760.0,0.0,0.9999999999999994,10,operational,0.25,0.25,0.25,0.25,1,7,0.0625,0.0625,0.25,0.25,0.0625,0.0,0.0,0.0
0.9734341288554416,0.0265658711445583,0.341259608230822,0.658740391769178,360.0,450.0,False,3760.0,0.0,0.9999999999999994,11,operational,0.25,0.25,0.25,0.25,1,7,0.0625,0.0625,0.25,0.25,0.0625,0.2424242424242424,0.25,0.0606060606060606
0.9742674848001218,0.0257325151998781,0.3346749114897371,0.6653250885102628,360.0,450.0,False,3760.0,0.0,0.9999999999999994,00,operational,0.25,0.6,0.25,0.6,0,7,0.15,0.15,,,,,,
0.9742674848001218,0.0257325151998781,0.3346749114897371,0.6653250885102628,360.0,450.0,False,3760.0,0.0,0.9999999999999994,01,operational,0.25,0.6,0.25,0.6,0,7,0.15,0.15,0.0,0.0,0.0,0.2424242424242424,0.6,0.1454545454545454
0.9732041172124736,0.0267958827875265,0.3430237964114584,0.6569762035885416,360.0,450.0,False,3760.0,0.0,0.9999999999999994,10,operational,0.25,0.6,0.25,0.6,0,7,0.15,0.15,0.25,0.6,0.15,0.0,0.0,0.0
0.9732041172124736,0.0267958827875265,0.3430237964114584,0.6569762035885416,360.0,450.0,False,3760.0,0.0,0.9999999999999994,11,operational,0.25,0.6,0.25,0.6,0,7,0.15,0.15,0.25,0.6,0.15,0.2424242424242424,0.6,0.1454545454545454
0.9742674848001218,0.0257325151998781,0.3346749114897371,0.6653250885102628,360.0,450.0,False,3760.0,0.0,0.9999999999999994,00,operational,0.25,0.6,0.25,0.6,1,7,0.15,0.15,,,,,,
0.9742674848001218,0.0257325151998781,0.3346749114897371,0.6653250885102628,360.0,450.0,False,3760.0,0.0,0.9999999999999994,01,operational,0.25,0.6,0.25,0.6,1,7,0.15,0.15,0.0,0.0,0.0,0.2424242424242424,0.6,0.1454545454545454
0.972472404298403,0.027527595701597,0.3473177348741115,0.6526822651258885,360.0,450.0,False,3760.0,0.0,0.9999999999999994,10,operational,0.25,0.6,0.25,0.6,1,7,0.15,0.15,0.25,0.6,0.15,0.0,0.0,0.0
0.972472404298403,0.027527595701597,0.3473177348741115,0.6526822651258885,360.0,450.0,False,3760.0,0.0,0.9999999999999994,11,operational,0.25,0.6,0.25,0.6,1,7,0.15,0.15,0.25,0.6,0.15,0.2424242424242424,0.6,0.1454545454545454
0.9742674848001218,0.0257325151998781,0.3346749114897371,0.6653250885102628,360.0,450.0,False,3760.0,0.0,0.9999999999999994,00,operational,0.25,1.0,0.25,1.0,0,7,0.25,0.25,,,,,,
0.9742674848001218,0.0257325151998781,0.3346749114897371,0.6653250885102628,360.0,450.0,False,3760.0,0.0,0.9999999999999994,01,operational,0.25,1.0,0.25,1.0,0,7,0.25,0.25,0.0,0.0,0.0,0.2424242424242424,1.0,0.2424242424242424
0.9725175595449082,0.0274824404550918,0.3479636614724066,0.6520363385275934,360.0,450.0,False,3760.0,0.0,0.9999999999999994,10,operational,0.25,1.0,0.25,1.0,0,7,0.25,0.25,0.25,1.0,0.25,0.0,0.0,0.0
0.9725175595449082,0.0274824404550918,0.3479636614724066,0.6520363385275934,360.0,450.0,False,3760.0,0.0,0.9999999999999994,11,operational,0.25,1.0,0.25,1.0,0,7,0.25,0.25,0.25,1.0,0.25,0.2424242424242424,1.0,0.2424242424242424
0.9742674848001218,0.0257325151998781,0.3346749114897371,0.6653250885102628,360.0,450.0,False,3760.0,0.0,0.9999999999999994,00,operational,0.25,1.0,0.25,1.0,1,7,0.25,0.25,,,,,,
0.9742674848001218,0.0257325151998781,0.3346749114897371,0.6653250885102628,360.0,450.0,False,3760.0,0.0,0.9999999999999994,01,operational,0.25,1.0,0.25,1.0,1,7,0.25,0.25,0.0,0.0,0.0,0.2424242424242424,1.0,0.2424242424242424
0.9713408531018302,0.0286591468981698,0.3530686620996778,0.6469313379003222,360.0,450.0,False,3760.0,0.0,0.9999999999999994,10,operational,0.25,1.0,0.25,1.0,1,7,0.25,0.25,0.25,1.0,0.25,0.0,0.0,0.0
0.9713408531018302,0.0286591468981698,0.3530686620996778,0.6469313379003222,360.0,450.0,False,3760.0,0.0,0.9999999999999994,11,operational,0.25,1.0,0.25,1.0,1,7,0.25,0.25,0.25,1.0,0.25,0.2424242424242424,1.0,0.2424242424242424
0.9742674848001218,0.0257325151998781,0.3346749114897371,0.6653250885102628,360.0,450.0,False,3760.0,0.0,0.9999999999999994,00,operational,0.6,0.25,0.6,0.25,0,7,0.15,0.15,,,,,,
0.9742674848001218,0.0257325151998781,0.3346749114897371,0.6653250885102628,360.0,450.0,False,3760.0,0.0,0.9999999999999994,01,operational,0.6,0.25,0.6,0.25,0,7,0.15,0.15,0.0,0.0,0.0,0.6060606060606061,0.25,0.1515151515151515
0.9737637280055024,0.0262362719944976,0.3393626550559813,0.6606373449440187,360.0,450.0,False,3760.0,0.0,0.9999999999999994,10,operational,0.6,0.25,0.6,0.25,0,7,0.15,0.15,0.5833333333333334,0.25,0.1458333333333333,0.0,0.0,0.0
0.9737637280055024,0.0262362719944976,0.3393626550559813,0.6606373449440187,360.0,450.0,False,3760.0,0.0,0.9999999999999994,11,operational,0.6,0.25,0.6,0.25,0,7,0.15,0.15,0.5833333333333334,0.25,0.1458333333333333,0.6060606060606061,0.25,0.1515151515151515
0.9742674848001218,0.0257325151998781,0.3346749114897371,0.6653250885102628,360.0,450.0,False,3760.0,0.0,0.9999999999999994,00,operational,0.6,0.25,0.6,0.25,1,7,0.15,0.15,,,,,,
0.974228681446666,0.0257713185533341,0.3346749114897371,0.6653250885102628,360.0,450.0,False,3760.0,0.0,0.9999999999999994,01,operational,0.6,0.25,0.6,0.25,1,7,0.15,0.15,0.0,0.0,0.0,0.6060606060606061,0.25,0.1515151515151515
0.973470773775883,0.026529226224117,0.3407129628697658,0.6592870371302342,360.0,450.0,False,3760.0,0.0,0.9999999999999994,10,operational,0.6,0.25,0.6,0.25,1,7,0.15,0.15,0.5833333333333334,0.25,0.1458333333333333,0.0,0.0,0.0
0.9734318495526676,0.0265681504473325,0.3407129628697658,0.6592870371302342,360.0,450.0,False,3760.0,0.0,0.9999999999999994,11,operational,0.6,0.25,0.6,0.25,1,7,0.15,0.15,0.5833333333333334,0.25,0.1458333333333333,0.6060606060606061,0.25,0.1515151515151515
0.9742674848001218,0.0257325151998781,0.3346749114897371,0.6653250885102628,360.0,450.0,False,3760.0,0.0,0.9999999999999994,00,operational,0.6,0.6,0.6,0.6,0,7,0.36,0.36,,,,,,
0.9742674848001218,0.0257325151998781,0.3346749114897371,0.6653250885102628,360.0,450.0,False,3760.0,0.0,0.9999999999999994,01,operational,0.6,0.6,0.6,0.6,0,7,0.36,0.36,0.0,0.0,0.0,0.6060606060606061,0.5999999999999999,0.3636363636363636
0.9731442181426192,0.0268557818573809,0.3440649983322571,0.6559350016677429,360.0,450.0,False,3760.0,0.0,0.9999999999999994,10,operational,0.6,0.6,0.6,0.6,0,7,0.36,0.36,0.5833333333333334,0.5999999999999999,0.3499999999999999,0.0,0.0,0.0
0.9731442181426192,0.0268557818573809,0.3440649983322571,0.6559350016677429,360.0,450.0,False,3760.0,0.0,0.9999999999999994,11,operational,0.6,0.6,0.6,0.6,0,7,0.36,0.36,0.5833333333333334,0.5999999999999999,0.3499999999999999,0.6060606060606061,0.5999999999999999,0.3636363636363636
0.9742674848001218,0.0257325151998781,0.3346749114897371,0.6653250885102628,360.0,450.0,False,3760.0,0.0,0.9999999999999994,00,operational,0.6,0.6,0.6,0.6,1,7,0.36,0.36,,,,,,
0.9741073939914902,0.0258926060085098,0.3346749114897371,0.6653250885102628,360.0,450.0,False,3760.0,0.0,0.9999999999999994,01,operational,0.6,0.6,0.6,0.6,1,7,0.36,0.36,0.0,0.0,0.0,0.6060606060606061,0.5999999999999999,0.3636363636363636
0.9724561010413988,0.0275438989586012,0.3480133951693778,0.6519866048306222,360.0,450.0,False,3760.0,0.0,0.9999999999999994,10,operational,0.6,0.6,0.6,0.6,1,7,0.36,0.36,0.5833333333333334,0.5999999999999999,0.3499999999999999,0.0,0.0,0.0
0.9720107670049686,0.0279892329950314,0.3480133951693778,0.6519866048306222,360.0,460.0,False,3760.0,0.0,0.9999999999999994,11,operational,0.6,0.6,0.6,0.6,1,7,0.36,0.36,0.5833333333333334,0.5999999999999999,0.3499999999999999,0.6060606060606061,0.5999999999999999,0.3636363636363636
0.9742674848001218,0.0257325151998781,0.3346749114897371,0.6653250885102628,360.0,450.0,False,3760.0,0.0,0.9999999999999994,00,operational,0.6,1.0,0.6,1.0,0,7,0.6,0.6,,,,,,
0.9742674848001218,0.0257325151998781,0.3346749114897371,0.6653250885102628,360.0,450.0,False,3760.0,0.0,0.9999999999999994,01,operational,0.6,1.0,0.6,1.0,0,7,0.6,0.6,0.0,0.0,0.0,0.6060606060606061,1.0,0.6060606060606061
0.9724052548170322,0.0275947451829677,0.349219739531915,0.650780260468085,360.0,450.0,False,3760.0,0.0,0.9999999999999994,10,operational,0.6,1.0,0.6,1.0,0,7,0.6,0.6,0.5833333333333334,1.0,0.5833333333333334,0.0,0.0,0.0
0.9724052548170322,0.0275947451829677,0.349219739531915,0.650780260468085,360.0,450.0,False,3760.0,0.0,0.9999999999999994,11,operational,0.6,1.0,0.6,1.0,0,7,0.6,0.6,0.5833333333333334,1.0,0.5833333333333334,0.6060606060606061,1.0,0.6060606060606061
0.9742674848001218,0.0257325151998781,0.3346749114897371,0.6653250885102628,360.0,450.0,False,3760.0,0.0,0.9999999999999994,00,operational,0.6,1.0,0.6,1.0,1,7,0.6,0.6,,,,,,
0.9739743810791092,0.0260256189208908,0.3346749114897371,0.6653250885102628,360.0,460.0,False,3760.0,0.0,0.9999999999999994,01,operational,0.6,1.0,0.6,1.0,1,7,0.6,0.6,0.0,0.0,0.0,0.6060606060606061,1.0,0.6060606060606061
0.9712133861078563,0.0287866138921435,0.3570987221932116,0.6429012778067884,360.0,450.0,False,3760.0,0.0,0.9999999999999994,10,operational,0.6,1.0,0.6,1.0,1,7,0.6,0.6,0.5833333333333334,1.0,0.5833333333333334,0.0,0.0,0.0
0.9691300301136,0.0308699698864001,0.3570987221932116,0.6429012778067884,360.0,490.0,False,3760.0,0.0,0.9999999999999994,11,operational,0.6,1.0,0.6,1.0,1,7,0.6,0.6,0.5833333333333334,1.0,0.5833333333333334,0.6060606060606061,1.0,0.6060606060606061
0.9742674848001218,0.0257325151998781,0.3346749114897371,0.6653250885102628,360.0,450.0,False,3760.0,0.0,0.9999999999999994,00,operational,1.0,0.25,1.0,0.25,0,7,0.25,0.25,,,,,,
0.9741881588770982,0.0258118411229018,0.3346749114897371,0.6653250885102628,360.0,450.0,False,3760.0,0.0,0.9999999999999994,01,operational,1.0,0.25,1.0,0.25,0,7,0.25,0.25,0.0,0.0,0.0,1.0,0.25,0.25
0.9728460376862432,0.0271539623137566,0.345356351524811,0.654643648475189,360.0,450.0,False,3760.0,0.0,0.9999999999999994,10,operational,1.0,0.25,1.0,0.25,0,7,0.25,0.25,1.0,0.25,0.25,0.0,0.0,0.0
0.9727018161726552,0.0272981838273448,0.345356351524811,0.654643648475189,360.0,460.0,False,3760.0,0.0,0.9999999999999994,11,operational,1.0,0.25,1.0,0.25,0,7,0.25,0.25,1.0,0.25,0.25,1.0,0.25,0.25
0.9742674848001218,0.0257325151998781,0.3346749114897371,0.6653250885102628,360.0,450.0,False,3760.0,0.0,0.9999999999999994,00,operational,1.0,0.25,1.0,0.25,1,7,0.25,0.25,,,,,,
0.9741881588770982,0.0258118411229018,0.3346749114897371,0.6653250885102628,360.0,450.0,False,3760.0,0.0,0.9999999999999994,01,operational,1.0,0.25,1.0,0.25,1,7,0.25,0.25,0.0,0.0,0.0,1.0,0.25,0.25
0.9728460376862432,0.0271539623137566,0.345356351524811,0.654643648475189,360.0,450.0,False,3760.0,0.0,0.9999999999999994,10,operational,1.0,0.25,1.0,0.25,1,7,0.25,0.25,1.0,0.25,0.25,0.0,0.0,0.0
0.9727018161726552,0.0272981838273448,0.345356351524811,0.654643648475189,360.0,460.0,False,3760.0,0.0,0.9999999999999994,11,operational,1.0,0.25,1.0,0.25,1,7,0.25,0.25,1.0,0.25,0.25,1.0,0.25,0.25
0.9742674848001218,0.0257325151998781,0.3346749114897371,0.6653250885102628,360.0,450.0,False,3760.0,0.0,0.9999999999999994,00,operational,1.0,0.6,1.0,0.6,0,7,0.6,0.6,,,,,,
0.9739511496236112,0.0260488503763889,0.3346749114897371,0.6653250885102628,360.0,460.0,False,3760.0,0.0,0.9999999999999994,01,operational,1.0,0.6,1.0,0.6,0,7,0.6,0.6,0.0,0.0,0.0,1.0,0.6,0.6
0.9711169854007836,0.0288830145992164,0.3574916568380482,0.6425083431619518,360.0,450.0,False,3760.0,0.0,0.9999999999999994,10,operational,1.0,0.6,1.0,0.6,0,7,0.6,0.6,1.0,0.6,0.6,0.0,0.0,0.0
0.969790434027742,0.0302095659722578,0.3574916568380482,0.6425083431619518,360.0,480.0,False,3760.0,0.0,0.9999999999999994,11,operational,1.0,0.6,1.0,0.6,0,7,0.6,0.6,1.0,0.6,0.6,1.0,0.6,0.6
0.9742674848001218,0.0257325151998781,0.3346749114897371,0.6653250885102628,360.0,450.0,False,3760.0,0.0,0.9999999999999994,00,operational,1.0,0.6,1.0,0.6,1,7,0.6,0.6,,,,,,
0.9739511496236112,0.0260488503763889,0.3346749114897371,0.6653250885102628,360.0,460.0,False,3760.0,0.0,0.9999999999999994,01,operational,1.0,0.6,1.0,0.6,1,7,0.6,0.6,0.0,0.0,0.0,1.0,0.6,0.6
0.9711169854007836,0.0288830145992164,0.3574916568380482,0.6425083431619518,360.0,450.0,False,3760.0,0.0,0.9999999999999994,10,operational,1.0,0.6,1.0,0.6,1,7,0.6,0.6,1.0,0.6,0.6,0.0,0.0,0.0
0.969790434027742,0.0302095659722578,0.3574916568380482,0.6425083431619518,360.0,480.0,False,3760.0,0.0,0.9999999999999994,11,operational,1.0,0.6,1.0,0.6,1,7,0.6,0.6,1.0,0.6,0.6,1.0,0.6,0.6
0.9742674848001218,0.0257325151998781,0.3346749114897371,0.6653250885102628,360.0,450.0,False,3760.0,0.0,0.9999999999999994,00,operational,1.0,1.0,1.0,1.0,0,7,1.0,1.0,,,,,,
0.9733858321096774,0.0266141678903225,0.3346749114897371,0.6653250885102628,360.0,470.0,False,3760.0,0.0,0.9999999999999994,01,operational,1.0,1.0,1.0,1.0,0,7,1.0,1.0,0.0,0.0,0.0,1.0,1.0,1.0
0.9691727929048708,0.0308272070951293,0.3681574007686258,0.6318425992313742,360.0,460.0,False,3760.0,0.0,0.9999999999999994,10,operational,1.0,1.0,1.0,1.0,0,7,1.0,1.0,1.0,1.0,1.0,0.0,0.0,0.0
0.8635142739356222,0.1364857260643778,0.3681574007686258,0.6318425992313742,360.0,,True,3760.0,1.0,0.8773022382104125,11,operational,1.0,1.0,1.0,1.0,0,7,1.0,1.0,1.0,1.0,1.0,1.0,1.0,1.0
0.9742674848001218,0.0257325151998781,0.3346749114897371,0.6653250885102628,360.0,450.0,False,3760.0,0.0,0.9999999999999994,00,operational,1.0,1.0,1.0,1.0,1,7,1.0,1.0,,,,,,
0.9733858321096774,0.0266141678903225,0.3346749114897371,0.6653250885102628,360.0,470.0,False,3760.0,0.0,0.9999999999999994,01,operational,1.0,1.0,1.0,1.0,1,7,1.0,1.0,0.0,0.0,0.0,1.0,1.0,1.0
0.9691727929048708,0.0308272070951293,0.3681574007686258,0.6318425992313742,360.0,460.0,False,3760.0,0.0,0.9999999999999994,10,operational,1.0,1.0,1.0,1.0,1,7,1.0,1.0,1.0,1.0,1.0,0.0,0.0,0.0
0.8635142739356222,0.1364857260643778,0.3681574007686258,0.6318425992313742,360.0,,True,3760.0,1.0,0.8773022382104125,11,operational,1.0,1.0,1.0,1.0,1,7,1.0,1.0,1.0,1.0,1.0,1.0,1.0,1.0
0.9632442181485306,0.0367557818514694,0.3179479366900463,0.6820520633099537,360.0,600.0,False,3760.0,0.0,0.9999999999999994,00,operational,0.25,0.25,0.25,0.25,0,8,0.0625,0.0625,,,,,,
0.9632442181485306,0.0367557818514694,0.3179479366900463,0.6820520633099537,360.0,600.0,False,3760.0,0.0,0.9999999999999994,01,operational,0.25,0.25,0.25,0.25,0,8,0.0625,0.0625,0.0,0.0,0.0,0.2424242424242424,0.25,0.0606060606060606
0.9632442181485306,0.0367557818514694,0.3179479366900463,0.6820520633099537,360.0,600.0,False,3760.0,0.0,0.9999999999999994,10,operational,0.25,0.25,0.25,0.25,0,8,0.0625,0.0625,0.25,0.25,0.0625,0.0,0.0,0.0
0.9632442181485306,0.0367557818514694,0.3179479366900463,0.6820520633099537,360.0,600.0,False,3760.0,0.0,0.9999999999999994,11,operational,0.25,0.25,0.25,0.25,0,8,0.0625,0.0625,0.25,0.25,0.0625,0.2424242424242424,0.25,0.0606060606060606
0.9632442181485306,0.0367557818514694,0.3179479366900463,0.6820520633099537,360.0,600.0,False,3760.0,0.0,0.9999999999999994,00,operational,0.25,0.25,0.25,0.25,1,8,0.0625,0.0625,,,,,,
0.9632442181485306,0.0367557818514694,0.3179479366900463,0.6820520633099537,360.0,600.0,False,3760.0,0.0,0.9999999999999994,01,operational,0.25,0.25,0.25,0.25,1,8,0.0625,0.0625,0.0,0.0,0.0,0.2424242424242424,0.25,0.0606060606060606
0.9632442181485306,0.0367557818514694,0.3179479366900463,0.6820520633099537,360.0,600.0,False,3760.0,0.0,0.9999999999999994,10,operational,0.25,0.25,0.25,0.25,1,8,0.0625,0.0625,0.25,0.25,0.0625,0.0,0.0,0.0
0.9632442181485306,0.0367557818514694,0.3179479366900463,0.6820520633099537,360.0,600.0,False,3760.0,0.0,0.9999999999999994,11,operational,0.25,0.25,0.25,0.25,1,8,0.0625,0.0625,0.25,0.25,0.0625,0.2424242424242424,0.25,0.0606060606060606
0.9632442181485306,0.0367557818514694,0.3179479366900463,0.6820520633099537,360.0,600.0,False,3760.0,0.0,0.9999999999999994,00,operational,0.25,0.6,0.25,0.6,0,8,0.15,0.15,,,,,,
0.9632442181485306,0.0367557818514694,0.3179479366900463,0.6820520633099537,360.0,600.0,False,3760.0,0.0,0.9999999999999994,01,operational,0.25,0.6,0.25,0.6,0,8,0.15,0.15,0.0,0.0,0.0,0.2424242424242424,0.6,0.1454545454545454
0.9632442181485306,0.0367557818514694,0.3179479366900463,0.6820520633099537,360.0,600.0,False,3760.0,0.0,0.9999999999999994,10,operational,0.25,0.6,0.25,0.6,0,8,0.15,0.15,0.25,0.6,0.15,0.0,0.0,0.0
0.9632442181485306,0.0367557818514694,0.3179479366900463,0.6820520633099537,360.0,600.0,False,3760.0,0.0,0.9999999999999994,11,operational,0.25,0.6,0.25,0.6,0,8,0.15,0.15,0.25,0.6,0.15,0.2424242424242424,0.6,0.1454545454545454
0.9632442181485306,0.0367557818514694,0.3179479366900463,0.6820520633099537,360.0,600.0,False,3760.0,0.0,0.9999999999999994,00,operational,0.25,0.6,0.25,0.6,1,8,0.15,0.15,,,,,,
0.9632442181485306,0.0367557818514694,0.3179479366900463,0.6820520633099537,360.0,600.0,False,3760.0,0.0,0.9999999999999994,01,operational,0.25,0.6,0.25,0.6,1,8,0.15,0.15,0.0,0.0,0.0,0.2424242424242424,0.6,0.1454545454545454
0.9632442181485306,0.0367557818514694,0.3179479366900463,0.6820520633099537,360.0,600.0,False,3760.0,0.0,0.9999999999999994,10,operational,0.25,0.6,0.25,0.6,1,8,0.15,0.15,0.25,0.6,0.15,0.0,0.0,0.0
0.9632442181485306,0.0367557818514694,0.3179479366900463,0.6820520633099537,360.0,600.0,False,3760.0,0.0,0.9999999999999994,11,operational,0.25,0.6,0.25,0.6,1,8,0.15,0.15,0.25,0.6,0.15,0.2424242424242424,0.6,0.1454545454545454
0.9632442181485306,0.0367557818514694,0.3179479366900463,0.6820520633099537,360.0,600.0,False,3760.0,0.0,0.9999999999999994,00,operational,0.25,1.0,0.25,1.0,0,8,0.25,0.25,,,,,,
0.9632442181485306,0.0367557818514694,0.3179479366900463,0.6820520633099537,360.0,600.0,False,3760.0,0.0,0.9999999999999994,01,operational,0.25,1.0,0.25,1.0,0,8,0.25,0.25,0.0,0.0,0.0,0.2424242424242424,1.0,0.2424242424242424
0.9632442181485306,0.0367557818514694,0.3179479366900463,0.6820520633099537,360.0,600.0,False,3760.0,0.0,0.9999999999999994,10,operational,0.25,1.0,0.25,1.0,0,8,0.25,0.25,0.25,1.0,0.25,0.0,0.0,0.0
0.9632442181485306,0.0367557818514694,0.3179479366900463,0.6820520633099537,360.0,600.0,False,3760.0,0.0,0.9999999999999994,11,operational,0.25,1.0,0.25,1.0,0,8,0.25,0.25,0.25,1.0,0.25,0.2424242424242424,1.0,0.2424242424242424
0.9632442181485306,0.0367557818514694,0.3179479366900463,0.6820520633099537,360.0,600.0,False,3760.0,0.0,0.9999999999999994,00,operational,0.25,1.0,0.25,1.0,1,8,0.25,0.25,,,,,,
0.9632442181485306,0.0367557818514694,0.3179479366900463,0.6820520633099537,360.0,600.0,False,3760.0,0.0,0.9999999999999994,01,operational,0.25,1.0,0.25,1.0,1,8,0.25,0.25,0.0,0.0,0.0,0.2424242424242424,1.0,0.2424242424242424
0.9632442181485306,0.0367557818514694,0.3179479366900463,0.6820520633099537,360.0,600.0,False,3760.0,0.0,0.9999999999999994,10,operational,0.25,1.0,0.25,1.0,1,8,0.25,0.25,0.25,1.0,0.25,0.0,0.0,0.0
0.9632442181485306,0.0367557818514694,0.3179479366900463,0.6820520633099537,360.0,600.0,False,3760.0,0.0,0.9999999999999994,11,operational,0.25,1.0,0.25,1.0,1,8,0.25,0.25,0.25,1.0,0.25,0.2424242424242424,1.0,0.2424242424242424
0.9632442181485306,0.0367557818514694,0.3179479366900463,0.6820520633099537,360.0,600.0,False,3760.0,0.0,0.9999999999999994,00,operational,0.6,0.25,0.6,0.25,0,8,0.15,0.15,,,,,,
0.96294249436267,0.03705750563733,0.3179479366900463,0.6820520633099537,360.0,610.0,False,3760.0,0.0,0.9999999999999994,01,operational,0.6,0.25,0.6,0.25,0,8,0.15,0.15,0.0,0.0,0.0,0.6060606060606061,0.25,0.1515151515151515
0.9632442181485306,0.0367557818514694,0.3179479366900463,0.6820520633099537,360.0,600.0,False,3760.0,0.0,0.9999999999999994,10,operational,0.6,0.25,0.6,0.25,0,8,0.15,0.15,0.5833333333333334,0.25,0.1458333333333333,0.0,0.0,0.0
0.96294249436267,0.03705750563733,0.3179479366900463,0.6820520633099537,360.0,610.0,False,3760.0,0.0,0.9999999999999994,11,operational,0.6,0.25,0.6,0.25,0,8,0.15,0.15,0.5833333333333334,0.25,0.1458333333333333,0.6060606060606061,0.25,0.1515151515151515
0.9632442181485306,0.0367557818514694,0.3179479366900463,0.6820520633099537,360.0,600.0,False,3760.0,0.0,0.9999999999999994,00,operational,0.6,0.25,0.6,0.25,1,8,0.15,0.15,,,,,,
0.96324187898256,0.0367581210174399,0.3179479366900463,0.6820520633099537,360.0,600.0,False,3760.0,0.0,0.9999999999999994,01,operational,0.6,0.25,0.6,0.25,1,8,0.15,0.15,0.0,0.0,0.0,0.6060606060606061,0.25,0.1515151515151515
0.9624324052311652,0.0375675947688347,0.3237714322244328,0.6762285677755672,360.0,600.0,False,3760.0,0.0,0.9999999999999994,10,operational,0.6,0.25,0.6,0.25,1,8,0.15,0.15,0.5833333333333334,0.25,0.1458333333333333,0.0,0.0,0.0
0.962429481447954,0.0375705185520459,0.3237714322244328,0.6762285677755672,360.0,600.0,False,3760.0,0.0,0.9999999999999994,11,operational,0.6,0.25,0.6,0.25,1,8,0.15,0.15,0.5833333333333334,0.25,0.1458333333333333,0.6060606060606061,0.25,0.1515151515151515
0.9632442181485306,0.0367557818514694,0.3179479366900463,0.6820520633099537,360.0,600.0,False,3760.0,0.0,0.9999999999999994,00,operational,0.6,0.6,0.6,0.6,0,8,0.36,0.36,,,,,,
0.9622331288483696,0.0377668711516303,0.3179479366900463,0.6820520633099537,360.0,620.0,False,3760.0,0.0,0.9999999999999994,01,operational,0.6,0.6,0.6,0.6,0,8,0.36,0.36,0.0,0.0,0.0,0.6060606060606061,0.5999999999999999,0.3636363636363636
0.9632442181485306,0.0367557818514694,0.3179479366900463,0.6820520633099537,360.0,600.0,False,3760.0,0.0,0.9999999999999994,10,operational,0.6,0.6,0.6,0.6,0,8,0.36,0.36,0.5833333333333334,0.5999999999999999,0.3499999999999999,0.0,0.0,0.0
0.9622331288483696,0.0377668711516303,0.3179479366900463,0.6820520633099537,360.0,620.0,False,3760.0,0.0,0.9999999999999994,11,operational,0.6,0.6,0.6,0.6,0,8,0.36,0.36,0.5833333333333334,0.5999999999999999,0.3499999999999999,0.6060606060606061,0.5999999999999999,0.3636363636363636
0.9632442181485306,0.0367557818514694,0.3179479366900463,0.6820520633099537,360.0,600.0,False,3760.0,0.0,0.9999999999999994,00,operational,0.6,0.6,0.6,0.6,1,8,0.36,0.36,,,,,,
0.9632386041502016,0.0367613958497984,0.3179479366900463,0.6820520633099537,360.0,600.0,False,3760.0,0.0,0.9999999999999994,01,operational,0.6,0.6,0.6,0.6,1,8,0.36,0.36,0.0,0.0,0.0,0.6060606060606061,0.5999999999999999,0.3636363636363636
0.9611251412981604,0.0388748587018394,0.3327850017153387,0.6672149982846612,360.0,600.0,False,3760.0,0.0,0.9999999999999994,10,operational,0.6,0.6,0.6,0.6,1,8,0.36,0.36,0.5833333333333334,0.5999999999999999,0.3499999999999999,0.0,0.0,0.0
0.9611135166921944,0.0388864833078055,0.3327850017153387,0.6672149982846612,360.0,600.0,False,3760.0,0.0,0.9999999999999994,11,operational,0.6,0.6,0.6,0.6,1,8,0.36,0.36,0.5833333333333334,0.5999999999999999,0.3499999999999999,0.6060606060606061,0.5999999999999999,0.3636363636363636
0.9632442181485306,0.0367557818514694,0.3179479366900463,0.6820520633099537,360.0,600.0,False,3760.0,0.0,0.9999999999999994,00,operational,0.6,1.0,0.6,1.0,0,8,0.6,0.6,,,,,,
0.9613986629467468,0.0386013370532531,0.3179479366900463,0.6820520633099537,360.0,650.0,False,3760.0,0.0,0.9999999999999994,01,operational,0.6,1.0,0.6,1.0,0,8,0.6,0.6,0.0,0.0,0.0,0.6060606060606061,1.0,0.6060606060606061
0.9632442181485306,0.0367557818514694,0.3179479366900463,0.6820520633099537,360.0,600.0,False,3760.0,0.0,0.9999999999999994,10,operational,0.6,1.0,0.6,1.0,0,8,0.6,0.6,0.5833333333333334,1.0,0.5833333333333334,0.0,0.0,0.0
0.9613986629467468,0.0386013370532531,0.3179479366900463,0.6820520633099537,360.0,650.0,False,3760.0,0.0,0.9999999999999994,11,operational,0.6,1.0,0.6,1.0,0,8,0.6,0.6,0.5833333333333334,1.0,0.5833333333333334,0.6060606060606061,1.0,0.6060606060606061
0.9632442181485306,0.0367557818514694,0.3179479366900463,0.6820520633099537,360.0,600.0,False,3760.0,0.0,0.9999999999999994,00,operational,0.6,1.0,0.6,1.0,1,8,0.6,0.6,,,,,,
0.9632348614846488,0.0367651385153511,0.3179479366900463,0.6820520633099537,360.0,600.0,False,3760.0,0.0,0.9999999999999994,01,operational,0.6,1.0,0.6,1.0,1,8,0.6,0.6,0.0,0.0,0.0,0.6060606060606061,1.0,0.6060606060606061
0.959374728642056,0.040625271357944,0.3495162247612613,0.6504837752387387,360.0,600.0,False,3760.0,0.0,0.9999999999999994,10,operational,0.6,1.0,0.6,1.0,1,8,0.6,0.6,0.5833333333333334,1.0,0.5833333333333334,0.0,0.0,0.0
0.9593442493641235,0.0406557506358763,0.3495162247612613,0.6504837752387387,360.0,600.0,False,3760.0,0.0,0.9999999999999994,11,operational,0.6,1.0,0.6,1.0,1,8,0.6,0.6,0.5833333333333334,1.0,0.5833333333333334,0.6060606060606061,1.0,0.6060606060606061
0.9632442181485306,0.0367557818514694,0.3179479366900463,0.6820520633099537,360.0,600.0,False,3760.0,0.0,0.9999999999999994,00,operational,1.0,0.25,1.0,0.25,0,8,0.25,0.25,,,,,,
0.9625938888435734,0.0374061111564265,0.3179479366900463,0.6820520633099537,360.0,610.0,False,3760.0,0.0,0.9999999999999994,01,operational,1.0,0.25,1.0,0.25,0,8,0.25,0.25,0.0,0.0,0.0,1.0,0.25,0.25
0.9624324052311652,0.0375675947688347,0.3237714322244328,0.6762285677755672,360.0,600.0,False,3760.0,0.0,0.9999999999999994,10,operational,1.0,0.25,1.0,0.25,0,8,0.25,0.25,1.0,0.25,0.25,0.0,0.0,0.0
0.9616319225638128,0.0383680774361872,0.3237714322244328,0.6762285677755672,360.0,620.0,False,3760.0,0.0,0.9999999999999994,11,operational,1.0,0.25,1.0,0.25,0,8,0.25,0.25,1.0,0.25,0.25,1.0,0.25,0.25
0.9632442181485306,0.0367557818514694,0.3179479366900463,0.6820520633099537,360.0,600.0,False,3760.0,0.0,0.9999999999999994,00,operational,1.0,0.25,1.0,0.25,1,8,0.25,0.25,,,,,,
0.9625938888435734,0.0374061111564265,0.3179479366900463,0.6820520633099537,360.0,610.0,False,3760.0,0.0,0.9999999999999994,01,operational,1.0,0.25,1.0,0.25,1,8,0.25,0.25,0.0,0.0,0.0,1.0,0.25,0.25
0.9624324052311652,0.0375675947688347,0.3237714322244328,0.6762285677755672,360.0,600.0,False,3760.0,0.0,0.9999999999999994,10,operational,1.0,0.25,1.0,0.25,1,8,0.25,0.25,1.0,0.25,0.25,0.0,0.0,0.0
0.9616319225638128,0.0383680774361872,0.3237714322244328,0.6762285677755672,360.0,620.0,False,3760.0,0.0,0.9999999999999994,11,operational,1.0,0.25,1.0,0.25,1,8,0.25,0.25,1.0,0.25,0.25,1.0,0.25,0.25
0.9632442181485306,0.0367557818514694,0.3179479366900463,0.6820520633099537,360.0,600.0,False,3760.0,0.0,0.9999999999999994,00,operational,1.0,0.6,1.0,0.6,0,8,0.6,0.6,,,,,,
0.961122049141882,0.038877950858118,0.3179479366900463,0.6820520633099537,360.0,650.0,False,3760.0,0.0,0.9999999999999994,01,operational,1.0,0.6,1.0,0.6,0,8,0.6,0.6,0.0,0.0,0.0,1.0,0.6,0.6
0.9611251412981604,0.0388748587018394,0.3327850017153387,0.6672149982846612,360.0,600.0,False,3760.0,0.0,0.9999999999999994,10,operational,1.0,0.6,1.0,0.6,0,8,0.6,0.6,1.0,0.6,0.6,0.0,0.0,0.0
0.9576384491230612,0.0423615508769389,0.3327850017153387,0.6672149982846612,360.0,670.0,False,3760.0,0.0,0.9999999999999994,11,operational,1.0,0.6,1.0,0.6,0,8,0.6,0.6,1.0,0.6,0.6,1.0,0.6,0.6
0.9632442181485306,0.0367557818514694,0.3179479366900463,0.6820520633099537,360.0,600.0,False,3760.0,0.0,0.9999999999999994,00,operational,1.0,0.6,1.0,0.6,1,8,0.6,0.6,,,,,,
0.961122049141882,0.038877950858118,0.3179479366900463,0.6820520633099537,360.0,650.0,False,3760.0,0.0,0.9999999999999994,01,operational,1.0,0.6,1.0,0.6,1,8,0.6,0.6,0.0,0.0,0.0,1.0,0.6,0.6
0.9611251412981604,0.0388748587018394,0.3327850017153387,0.6672149982846612,360.0,600.0,False,3760.0,0.0,0.9999999999999994,10,operational,1.0,0.6,1.0,0.6,1,8,0.6,0.6,1.0,0.6,0.6,0.0,0.0,0.0
0.9576384491230612,0.0423615508769389,0.3327850017153387,0.6672149982846612,360.0,670.0,False,3760.0,0.0,0.9999999999999994,11,operational,1.0,0.6,1.0,0.6,1,8,0.6,0.6,1.0,0.6,0.6,1.0,0.6,0.6
0.9632442181485306,0.0367557818514694,0.3179479366900463,0.6820520633099537,360.0,600.0,False,3760.0,0.0,0.9999999999999994,00,operational,1.0,1.0,1.0,1.0,0,8,1.0,1.0,,,,,,
0.9590156605444896,0.0409843394555102,0.3179479366900463,0.6820520633099537,360.0,700.0,False,3760.0,0.0,0.9999999999999994,01,operational,1.0,1.0,1.0,1.0,0,8,1.0,1.0,0.0,0.0,0.0,1.0,1.0,1.0
0.959374728642056,0.040625271357944,0.3495162247612613,0.6504837752387387,360.0,600.0,False,3760.0,0.0,0.9999999999999994,10,operational,1.0,1.0,1.0,1.0,0,8,1.0,1.0,1.0,1.0,1.0,0.0,0.0,0.0
0.8610567976304057,0.1389432023695943,0.3495162247612613,0.6504837752387387,360.0,,True,3760.0,1.0,0.8840045957030886,11,operational,1.0,1.0,1.0,1.0,0,8,1.0,1.0,1.0,1.0,1.0,1.0,1.0,1.0
0.9632442181485306,0.0367557818514694,0.3179479366900463,0.6820520633099537,360.0,600.0,False,3760.0,0.0,0.9999999999999994,00,operational,1.0,1.0,1.0,1.0,1,8,1.0,1.0,,,,,,
0.9590156605444896,0.0409843394555102,0.3179479366900463,0.6820520633099537,360.0,700.0,False,3760.0,0.0,0.9999999999999994,01,operational,1.0,1.0,1.0,1.0,1,8,1.0,1.0,0.0,0.0,0.0,1.0,1.0,1.0
0.959374728642056,0.040625271357944,0.3495162247612613,0.6504837752387387,360.0,600.0,False,3760.0,0.0,0.9999999999999994,10,operational,1.0,1.0,1.0,1.0,1,8,1.0,1.0,1.0,1.0,1.0,0.0,0.0,0.0
0.8610567976304057,0.1389432023695943,0.3495162247612613,0.6504837752387387,360.0,,True,3760.0,1.0,0.8840045957030886,11,operational,1.0,1.0,1.0,1.0,1,8,1.0,1.0,1.0,1.0,1.0,1.0,1.0,1.0
0.912626783325795,0.0873732166742049,0.4952509744135747,0.5047490255864253,360.0,1000.0,False,3760.0,0.0,0.9999999999999994,00,operational,0.25,0.25,0.25,0.25,0,9,0.0625,0.0625,,,,,,
0.9117328785763088,0.088267121423691,0.4952509744135747,0.5047490255864253,360.0,1010.0,False,3760.0,0.0,0.9999999999999994,01,operational,0.25,0.25,0.25,0.25,0,9,0.0625,0.0625,0.0,0.0,0.0,0.2424242424242424,0.25,0.0606060606060606
0.9118585395644114,0.0881414604355885,0.4966298996540473,0.5033701003459526,360.0,1000.0,False,3760.0,0.0,0.9999999999999994,10,operational,0.25,0.25,0.25,0.25,0,9,0.0625,0.0625,0.25,0.25,0.0625,0.0,0.0,0.0
0.9108448465204626,0.0891551534795374,0.4966298996540473,0.5033701003459526,360.0,1010.0,False,3760.0,0.0,0.9999999999999994,11,operational,0.25,0.25,0.25,0.25,0,9,0.0625,0.0625,0.25,0.25,0.0625,0.2424242424242424,0.25,0.0606060606060606
0.912626783325795,0.0873732166742049,0.4952509744135747,0.5047490255864253,360.0,1000.0,False,3760.0,0.0,0.9999999999999994,00,operational,0.25,0.25,0.25,0.25,1,9,0.0625,0.0625,,,,,,
0.912602750658342,0.087397249341658,0.4952509744135747,0.5047490255864253,360.0,1000.0,False,3760.0,0.0,0.9999999999999994,01,operational,0.25,0.25,0.25,0.25,1,9,0.0625,0.0625,0.0,0.0,0.0,0.2424242424242424,0.25,0.0606060606060606
0.9120397971537484,0.0879602028462516,0.4983024030143211,0.5016975969856788,360.0,1000.0,False,3760.0,0.0,0.9999999999999994,10,operational,0.25,0.25,0.25,0.25,1,9,0.0625,0.0625,0.25,0.25,0.0625,0.0,0.0,0.0
0.91201336104209,0.08798663895791,0.4983024030143211,0.5016975969856788,360.0,1000.0,False,3760.0,0.0,0.9999999999999994,11,operational,0.25,0.25,0.25,0.25,1,9,0.0625,0.0625,0.25,0.25,0.0625,0.2424242424242424,0.25,0.0606060606060606
0.912626783325795,0.0873732166742049,0.4952509744135747,0.5047490255864253,360.0,1000.0,False,3760.0,0.0,0.9999999999999994,00,operational,0.25,0.6,0.25,0.6,0,9,0.15,0.15,,,,,,
0.9092186076132812,0.0907813923867187,0.4952509744135747,0.5047490255864253,360.0,1040.0,False,3760.0,0.0,0.9999999999999994,01,operational,0.25,0.6,0.25,0.6,0,9,0.15,0.15,0.0,0.0,0.0,0.2424242424242424,0.6,0.1454545454545454
0.9106611203085822,0.0893388796914178,0.4977178612995491,0.5022821387004509,360.0,1000.0,False,3760.0,0.0,0.9999999999999994,10,operational,0.25,0.6,0.25,0.6,0,9,0.15,0.15,0.25,0.6,0.15,0.0,0.0,0.0
0.9069155855968628,0.093084414403137,0.4977178612995491,0.5022821387004509,360.0,1040.0,False,3760.0,0.0,0.9999999999999994,11,operational,0.25,0.6,0.25,0.6,0,9,0.15,0.15,0.25,0.6,0.15,0.2424242424242424,0.6,0.1454545454545454
0.912626783325795,0.0873732166742049,0.4952509744135747,0.5047490255864253,360.0,1000.0,False,3760.0,0.0,0.9999999999999994,00,operational,0.25,0.6,0.25,0.6,1,9,0.15,0.15,,,,,,
0.9125467133977564,0.0874532866022435,0.4952509744135747,0.5047490255864253,360.0,1000.0,False,3760.0,0.0,0.9999999999999994,01,operational,0.25,0.6,0.25,0.6,1,9,0.15,0.15,0.0,0.0,0.0,0.2424242424242424,0.6,0.1454545454545454
0.91115930191565,0.0888406980843501,0.5007199197771706,0.4992800802228294,360.0,1000.0,False,3760.0,0.0,0.9999999999999994,10,operational,0.25,0.6,0.25,0.6,1,9,0.15,0.15,0.25,0.6,0.15,0.0,0.0,0.0
0.9110644733571112,0.0889355266428888,0.5007199197771706,0.4992800802228294,360.0,1000.0,False,3760.0,0.0,0.9999999999999994,11,operational,0.25,0.6,0.25,0.6,1,9,0.15,0.15,0.25,0.6,0.15,0.2424242424242424,0.6,0.1454545454545454
0.912626783325795,0.0873732166742049,0.4952509744135747,0.5047490255864253,360.0,1000.0,False,3760.0,0.0,0.9999999999999994,00,operational,0.25,1.0,0.25,1.0,0,9,0.25,0.25,,,,,,
0.9095067314405356,0.0904932685594643,0.4952509744135747,0.5047490255864253,360.0,1040.0,False,3760.0,0.0,0.9999999999999994,01,operational,0.25,1.0,0.25,1.0,0,9,0.25,0.25,0.0,0.0,0.0,0.2424242424242424,1.0,0.2424242424242424
0.9091208388203984,0.0908791611796016,0.5006459437659918,0.4993540562340082,360.0,1000.0,False,3760.0,0.0,0.9999999999999994,10,operational,0.25,1.0,0.25,1.0,0,9,0.25,0.25,0.25,1.0,0.25,0.0,0.0,0.0
0.9029964743991596,0.0970035256008404,0.5006459437659918,0.4993540562340082,360.0,1060.0,False,3760.0,0.0,0.9999999999999994,11,operational,0.25,1.0,0.25,1.0,0,9,0.25,0.25,0.25,1.0,0.25,0.2424242424242424,1.0,0.2424242424242424
0.912626783325795,0.0873732166742049,0.4952509744135747,0.5047490255864253,360.0,1000.0,False,3760.0,0.0,0.9999999999999994,00,operational,0.25,1.0,0.25,1.0,1,9,0.25,0.25,,,,,,
0.9123400168686364,0.0876599831313635,0.4952509744135747,0.5047490255864253,360.0,1010.0,False,3760.0,0.0,0.9999999999999994,01,operational,0.25,1.0,0.25,1.0,1,9,0.25,0.25,0.0,0.0,0.0,0.2424242424242424,1.0,0.2424242424242424
0.9102171980698228,0.0897828019301771,0.5042889173928347,0.4957110826071653,360.0,1000.0,False,3760.0,0.0,0.9999999999999994,10,operational,0.25,1.0,0.25,1.0,1,9,0.25,0.25,0.25,1.0,0.25,0.0,0.0,0.0
0.9098674754073068,0.0901325245926932,0.5042889173928347,0.4957110826071653,360.0,1010.0,False,3760.0,0.0,0.9999999999999994,11,operational,0.25,1.0,0.25,1.0,1,9,0.25,0.25,0.25,1.0,0.25,0.2424242424242424,1.0,0.2424242424242424
0.912626783325795,0.0873732166742049,0.4952509744135747,0.5047490255864253,360.0,1000.0,False,3760.0,0.0,0.9999999999999994,00,operational,0.6,0.25,0.6,0.25,0,9,0.15,0.15,,,,,,
0.9111964994711592,0.0888035005288407,0.4952509744135747,0.5047490255864253,360.0,1020.0,False,3760.0,0.0,0.9999999999999994,01,operational,0.6,0.25,0.6,0.25,0,9,0.15,0.15,0.0,0.0,0.0,0.6060606060606061,0.25,0.1515151515151515
0.91037230297471,0.0896276970252899,0.4998197500561172,0.5001802499438828,360.0,1000.0,False,3760.0,0.0,0.9999999999999994,10,operational,0.6,0.25,0.6,0.25,0,9,0.15,0.15,0.5833333333333334,0.25,0.1458333333333333,0.0,0.0,0.0
0.9082224676967676,0.0917775323032322,0.4998197500561172,0.5001802499438828,360.0,1020.0,False,3760.0,0.0,0.9999999999999994,11,operational,0.6,0.25,0.6,0.25,0,9,0.15,0.15,0.5833333333333334,0.25,0.1458333333333333,0.6060606060606061,0.25,0.1515151515151515
0.912626783325795,0.0873732166742049,0.4952509744135747,0.5047490255864253,360.0,1000.0,False,3760.0,0.0,0.9999999999999994,00,operational,0.6,0.25,0.6,0.25,1,9,0.15,0.15,,,,,,
0.9118219628307632,0.0881780371692368,0.4952509744135747,0.5047490255864253,360.0,1010.0,False,3760.0,0.0,0.9999999999999994,01,operational,0.6,0.25,0.6,0.25,1,9,0.15,0.15,0.0,0.0,0.0,0.6060606060606061,0.25,0.1515151515151515
0.9094053869985216,0.0905946130014784,0.5038961000083662,0.4961038999916338,360.0,1000.0,False,3760.0,0.0,0.9999999999999994,10,operational,0.6,0.25,0.6,0.25,1,9,0.15,0.15,0.5833333333333334,0.25,0.1458333333333333,0.0,0.0,0.0
0.9084169866705988,0.0915830133294011,0.5038961000083662,0.4961038999916338,360.0,1010.0,False,3760.0,0.0,0.9999999999999994,11,operational,0.6,0.25,0.6,0.25,1,9,0.15,0.15,0.5833333333333334,0.25,0.1458333333333333,0.6060606060606061,0.25,0.1515151515151515
0.912626783325795,0.0873732166742049,0.4952509744135747,0.5047490255864253,360.0,1000.0,False,3760.0,0.0,0.9999999999999994,00,operational,0.6,0.6,0.6,0.6,0,9,0.36,0.36,,,,,,
0.9064121405539824,0.0935878594460175,0.4952509744135747,0.5047490255864253,360.0,1070.0,False,3760.0,0.0,0.9999999999999994,01,operational,0.6,0.6,0.6,0.6,0,9,0.36,0.36,0.0,0.0,0.0,0.6060606060606061,0.5999999999999999,0.3636363636363636
0.9067209888792532,0.0932790111207467,0.5045421737422784,0.4954578262577216,360.0,1000.0,False,3760.0,0.0,0.9999999999999994,10,operational,0.6,0.6,0.6,0.6,0,9,0.36,0.36,0.5833333333333334,0.5999999999999999,0.3499999999999999,0.0,0.0,0.0
0.8966040297218234,0.1033959702781766,0.5045421737422784,0.4954578262577216,360.0,1110.0,False,3760.0,0.0,0.9999999999999994,11,operational,0.6,0.6,0.6,0.6,0,9,0.36,0.36,0.5833333333333334,0.5999999999999999,0.3499999999999999,0.6060606060606061,0.5999999999999999,0.3636363636363636
0.912626783325795,0.0873732166742049,0.4952509744135747,0.5047490255864253,360.0,1000.0,False,3760.0,0.0,0.9999999999999994,00,operational,0.6,0.6,0.6,0.6,1,9,0.36,0.36,,,,,,
0.909436585316984,0.0905634146830159,0.4952509744135747,0.5047490255864253,360.0,1040.0,False,3760.0,0.0,0.9999999999999994,01,operational,0.6,0.6,0.6,0.6,1,9,0.36,0.36,0.0,0.0,0.0,0.6060606060606061,0.5999999999999999,0.3636363636363636
0.904824593613123,0.095175406386877,0.5089672245824879,0.4910327754175121,360.0,1000.0,False,3760.0,0.0,0.9999999999999994,10,operational,0.6,0.6,0.6,0.6,1,9,0.36,0.36,0.5833333333333334,0.5999999999999999,0.3499999999999999,0.0,0.0,0.0
0.8996527315810463,0.1003472684189537,0.5089672245824879,0.4910327754175121,360.0,1060.0,False,3760.0,0.0,0.9999999999999994,11,operational,0.6,0.6,0.6,0.6,1,9,0.36,0.36,0.5833333333333334,0.5999999999999999,0.3499999999999999,0.6060606060606061,0.5999999999999999,0.3636363636363636
0.912626783325795,0.0873732166742049,0.4952509744135747,0.5047490255864253,360.0,1000.0,False,3760.0,0.0,0.9999999999999994,00,operational,0.6,1.0,0.6,1.0,0,9,0.6,0.6,,,,,,
0.9064784428041502,0.0935215571958497,0.4952509744135747,0.5047490255864253,360.0,1100.0,False,3760.0,0.0,0.9999999999999994,01,operational,0.6,1.0,0.6,1.0,0,9,0.6,0.6,0.0,0.0,0.0,0.6060606060606061,1.0,0.6060606060606061
0.9026122498524676,0.0973877501475325,0.5111923427601448,0.4888076572398552,360.0,1000.0,False,3760.0,0.0,0.9999999999999994,10,operational,0.6,1.0,0.6,1.0,0,9,0.6,0.6,0.5833333333333334,1.0,0.5833333333333334,0.0,0.0,0.0
0.6968767326998232,0.3031232673001768,0.5111923427601448,0.4888076572398552,360.0,,True,3760.0,1.0,0.7294750532907966,11,operational,0.6,1.0,0.6,1.0,0,9,0.6,0.6,0.5833333333333334,1.0,0.5833333333333334,0.6060606060606061,1.0,0.6060606060606061
0.912626783325795,0.0873732166742049,0.4952509744135747,0.5047490255864253,360.0,1000.0,False,3760.0,0.0,0.9999999999999994,00,operational,0.6,1.0,0.6,1.0,1,9,0.6,0.6,,,,,,
0.9090273764503636,0.0909726235496364,0.4952509744135747,0.5047490255864253,360.0,1070.0,False,3760.0,0.0,0.9999999999999994,01,operational,0.6,1.0,0.6,1.0,1,9,0.6,0.6,0.0,0.0,0.0,0.6060606060606061,1.0,0.6060606060606061
0.9005532861335631,0.0994467138664368,0.5122917051743539,0.4877082948256462,360.0,1000.0,False,3760.0,0.0,0.9999999999999994,10,operational,0.6,1.0,0.6,1.0,1,9,0.6,0.6,0.5833333333333334,1.0,0.5833333333333334,0.0,0.0,0.0
0.8956536021332574,0.1043463978667426,0.5122917051743539,0.4877082948256462,360.0,1100.0,False,3760.0,0.0,0.9999999999999994,11,operational,0.6,1.0,0.6,1.0,1,9,0.6,0.6,0.5833333333333334,1.0,0.5833333333333334,0.6060606060606061,1.0,0.6060606060606061
0.912626783325795,0.0873732166742049,0.4952509744135747,0.5047490255864253,360.0,1000.0,False,3760.0,0.0,0.9999999999999994,00,operational,1.0,0.25,1.0,0.25,0,9,0.25,0.25,,,,,,
0.9095498597541476,0.0904501402458523,0.4952509744135747,0.5047490255864253,360.0,1040.0,False,3760.0,0.0,0.9999999999999994,01,operational,1.0,0.25,1.0,0.25,0,9,0.25,0.25,0.0,0.0,0.0,1.0,0.25,0.25
0.9084312336271568,0.0915687663728432,0.5052514869385549,0.494748513061445,360.0,1000.0,False,3760.0,0.0,0.9999999999999994,10,operational,1.0,0.25,1.0,0.25,0,9,0.25,0.25,1.0,0.25,0.25,0.0,0.0,0.0
0.9039168347472633,0.0960831652527368,0.5052514869385549,0.494748513061445,360.0,1050.0,False,3760.0,0.0,0.9999999999999994,11,operational,1.0,0.25,1.0,0.25,0,9,0.25,0.25,1.0,0.25,0.25,1.0,0.25,0.25
0.912626783325795,0.0873732166742049,0.4952509744135747,0.5047490255864253,360.0,1000.0,False,3760.0,0.0,0.9999999999999994,00,operational,1.0,0.25,1.0,0.25,1,9,0.25,0.25,,,,,,
0.9095498597541476,0.0904501402458523,0.4952509744135747,0.5047490255864253,360.0,1040.0,False,3760.0,0.0,0.9999999999999994,01,operational,1.0,0.25,1.0,0.25,1,9,0.25,0.25,0.0,0.0,0.0,1.0,0.25,0.25
0.9084312336271568,0.0915687663728432,0.5052514869385549,0.494748513061445,360.0,1000.0,False,3760.0,0.0,0.9999999999999994,10,operational,1.0,0.25,1.0,0.25,1,9,0.25,0.25,1.0,0.25,0.25,0.0,0.0,0.0
0.9039168347472633,0.0960831652527368,0.5052514869385549,0.494748513061445,360.0,1050.0,False,3760.0,0.0,0.9999999999999994,11,operational,1.0,0.25,1.0,0.25,1,9,0.25,0.25,1.0,0.25,0.25,1.0,0.25,0.25
0.912626783325795,0.0873732166742049,0.4952509744135747,0.5047490255864253,360.0,1000.0,False,3760.0,0.0,0.9999999999999994,00,operational,1.0,0.6,1.0,0.6,0,9,0.6,0.6,,,,,,
0.8998990509173249,0.100100949082675,0.4952509744135747,0.5047490255864253,360.0,1150.0,False,3760.0,0.0,0.9999999999999994,01,operational,1.0,0.6,1.0,0.6,0,9,0.6,0.6,0.0,0.0,0.0,1.0,0.6,0.6
0.9026683660081284,0.0973316339918717,0.5137846703838296,0.4862153296161704,360.0,1000.0,False,3760.0,0.0,0.9999999999999994,10,operational,1.0,0.6,1.0,0.6,0,9,0.6,0.6,1.0,0.6,0.6,0.0,0.0,0.0
0.8801599830118145,0.1198400169881854,0.5137846703838296,0.4862153296161704,360.0,1240.0,False,3760.0,0.0,0.9999999999999994,11,operational,1.0,0.6,1.0,0.6,0,9,0.6,0.6,1.0,0.6,0.6,1.0,0.6,0.6
0.912626783325795,0.0873732166742049,0.4952509744135747,0.5047490255864253,360.0,1000.0,False,3760.0,0.0,0.9999999999999994,00,operational,1.0,0.6,1.0,0.6,1,9,0.6,0.6,,,,,,
0.8998990509173249,0.100100949082675,0.4952509744135747,0.5047490255864253,360.0,1150.0,False,3760.0,0.0,0.9999999999999994,01,operational,1.0,0.6,1.0,0.6,1,9,0.6,0.6,0.0,0.0,0.0,1.0,0.6,0.6
0.9026683660081284,0.0973316339918717,0.5137846703838296,0.4862153296161704,360.0,1000.0,False,3760.0,0.0,0.9999999999999994,10,operational,1.0,0.6,1.0,0.6,1,9,0.6,0.6,1.0,0.6,0.6,0.0,0.0,0.0
0.8801599830118145,0.1198400169881854,0.5137846703838296,0.4862153296161704,360.0,1240.0,False,3760.0,0.0,0.9999999999999994,11,operational,1.0,0.6,1.0,0.6,1,9,0.6,0.6,1.0,0.6,0.6,1.0,0.6,0.6
0.912626783325795,0.0873732166742049,0.4952509744135747,0.5047490255864253,360.0,1000.0,False,3760.0,0.0,0.9999999999999994,00,operational,1.0,1.0,1.0,1.0,0,9,1.0,1.0,,,,,,
0.9022004456433224,0.0977995543566776,0.4952509744135747,0.5047490255864253,360.0,1190.0,False,3760.0,0.0,0.9999999999999994,01,operational,1.0,1.0,1.0,1.0,0,9,1.0,1.0,0.0,0.0,0.0,1.0,1.0,1.0
0.8970097328005902,0.1029902671994098,0.5232520672343821,0.4767479327656179,360.0,1000.0,False,3760.0,0.0,0.9999999999999994,10,operational,1.0,1.0,1.0,1.0,0,9,1.0,1.0,1.0,1.0,1.0,0.0,0.0,0.0
0.5801744084045065,0.4198255915954935,0.5232520672343821,0.4767479327656179,360.0,,True,3760.0,1.0,0.5829680074301546,11,operational,1.0,1.0,1.0,1.0,0,9,1.0,1.0,1.0,1.0,1.0,1.0,1.0,1.0
0.912626783325795,0.0873732166742049,0.4952509744135747,0.5047490255864253,360.0,1000.0,False,3760.0,0.0,0.9999999999999994,00,operational,1.0,1.0,1.0,1.0,1,9,1.0,1.0,,,,,,
0.9022004456433224,0.0977995543566776,0.4952509744135747,0.5047490255864253,360.0,1190.0,False,3760.0,0.0,0.9999999999999994,01,operational,1.0,1.0,1.0,1.0,1,9,1.0,1.0,0.0,0.0,0.0,1.0,1.0,1.0
0.8970097328005902,0.1029902671994098,0.5232520672343821,0.4767479327656179,360.0,1000.0,False,3760.0,0.0,0.9999999999999994,10,operational,1.0,1.0,1.0,1.0,1,9,1.0,1.0,1.0,1.0,1.0,0.0,0.0,0.0
0.5801744084045065,0.4198255915954935,0.5232520672343821,0.4767479327656179,360.0,,True,3760.0,1.0,0.5829680074301546,11,operational,1.0,1.0,1.0,1.0,1,9,1.0,1.0,1.0,1.0,1.0,1.0,1.0,1.0
0.926834568995638,0.0731654310043619,0.4606012139702183,0.5393987860297816,360.0,950.0,False,3760.0,0.0,0.9999999999999994,00,operational,0.25,0.25,0.25,0.25,0,10,0.0625,0.0625,,,,,,
0.9267071723808252,0.0732928276191747,0.4606012139702183,0.5393987860297816,360.0,950.0,False,3760.0,0.0,0.9999999999999994,01,operational,0.25,0.25,0.25,0.25,0,10,0.0625,0.0625,0.0,0.0,0.0,0.2424242424242424,0.25,0.0606060606060606
0.9263300616436272,0.0736699383563729,0.4607542592280949,0.5392457407719051,360.0,950.0,False,3760.0,0.0,0.9999999999999994,10,operational,0.25,0.25,0.25,0.25,0,10,0.0625,0.0625,0.25,0.25,0.0625,0.0,0.0,0.0
0.9262057495637236,0.0737942504362765,0.4607542592280949,0.5392457407719051,360.0,950.0,False,3760.0,0.0,0.9999999999999994,11,operational,0.25,0.25,0.25,0.25,0,10,0.0625,0.0625,0.25,0.25,0.0625,0.2424242424242424,0.25,0.0606060606060606
0.926834568995638,0.0731654310043619,0.4606012139702183,0.5393987860297816,360.0,950.0,False,3760.0,0.0,0.9999999999999994,00,operational,0.25,0.25,0.25,0.25,1,10,0.0625,0.0625,,,,,,
0.925978289803434,0.0740217101965661,0.4606012139702183,0.5393987860297816,360.0,960.0,False,3760.0,0.0,0.9999999999999994,01,operational,0.25,0.25,0.25,0.25,1,10,0.0625,0.0625,0.0,0.0,0.0,0.2424242424242424,0.25,0.0606060606060606
0.926358758330713,0.0736412416692869,0.4624566669587637,0.5375433330412362,360.0,950.0,False,3760.0,0.0,0.9999999999999994,10,operational,0.25,0.25,0.25,0.25,1,10,0.0625,0.0625,0.25,0.25,0.0625,0.0,0.0,0.0
0.9254930698177632,0.0745069301822368,0.4624566669587637,0.5375433330412362,360.0,960.0,False,3760.0,0.0,0.9999999999999994,11,operational,0.25,0.25,0.25,0.25,1,10,0.0625,0.0625,0.25,0.25,0.0625,0.2424242424242424,0.25,0.0606060606060606
0.926834568995638,0.0731654310043619,0.4606012139702183,0.5393987860297816,360.0,950.0,False,3760.0,0.0,0.9999999999999994,00,operational,0.25,0.6,0.25,0.6,0,10,0.15,0.15,,,,,,
0.926490368143727,0.073509631856273,0.4606012139702183,0.5393987860297816,360.0,950.0,False,3760.0,0.0,0.9999999999999994,01,operational,0.25,0.6,0.25,0.6,0,10,0.15,0.15,0.0,0.0,0.0,0.2424242424242424,0.6,0.1454545454545454
0.9255293048792952,0.0744706951207049,0.4641283586007069,0.5358716413992931,360.0,950.0,False,3760.0,0.0,0.9999999999999994,10,operational,0.25,0.6,0.25,0.6,0,10,0.15,0.15,0.25,0.6,0.15,0.0,0.0,0.0
0.9249731443666688,0.0750268556333312,0.4641283586007069,0.5358716413992931,360.0,950.0,False,3760.0,0.0,0.9999999999999994,11,operational,0.25,0.6,0.25,0.6,0,10,0.15,0.15,0.25,0.6,0.15,0.2424242424242424,0.6,0.1454545454545454
0.926834568995638,0.0731654310043619,0.4606012139702183,0.5393987860297816,360.0,950.0,False,3760.0,0.0,0.9999999999999994,00,operational,0.25,0.6,0.25,0.6,1,10,0.15,0.15,,,,,,
0.924160853199506,0.075839146800494,0.4606012139702183,0.5393987860297816,360.0,980.0,False,3760.0,0.0,0.9999999999999994,01,operational,0.25,0.6,0.25,0.6,1,10,0.15,0.15,0.0,0.0,0.0,0.2424242424242424,0.6,0.1454545454545454
0.9254915823667704,0.0745084176332296,0.4654987068684201,0.5345012931315799,360.0,950.0,False,3760.0,0.0,0.9999999999999994,10,operational,0.25,0.6,0.25,0.6,1,10,0.15,0.15,0.25,0.6,0.15,0.0,0.0,0.0
0.9225324206471536,0.0774675793528465,0.4654987068684201,0.5345012931315799,360.0,980.0,False,3760.0,0.0,0.9999999999999994,11,operational,0.25,0.6,0.25,0.6,1,10,0.15,0.15,0.25,0.6,0.15,0.2424242424242424,0.6,0.1454545454545454
0.926834568995638,0.0731654310043619,0.4606012139702183,0.5393987860297816,360.0,950.0,False,3760.0,0.0,0.9999999999999994,00,operational,0.25,1.0,0.25,1.0,0,10,0.25,0.25,,,,,,
0.9260197178811096,0.0739802821188903,0.4606012139702183,0.5393987860297816,360.0,960.0,False,3760.0,0.0,0.9999999999999994,01,operational,0.25,1.0,0.25,1.0,0,10,0.25,0.25,0.0,0.0,0.0,0.2424242424242424,1.0,0.2424242424242424
0.9247891745175104,0.0752108254824895,0.4640633533367058,0.5359366466632942,360.0,950.0,False,3760.0,0.0,0.9999999999999994,10,operational,0.25,1.0,0.25,1.0,0,10,0.25,0.25,0.25,1.0,0.25,0.0,0.0,0.0
0.9236884893008888,0.0763115106991112,0.4640633533367058,0.5359366466632942,360.0,970.0,False,3760.0,0.0,0.9999999999999994,11,operational,0.25,1.0,0.25,1.0,0,10,0.25,0.25,0.25,1.0,0.25,0.2424242424242424,1.0,0.2424242424242424
0.926834568995638,0.0731654310043619,0.4606012139702183,0.5393987860297816,360.0,950.0,False,3760.0,0.0,0.9999999999999994,00,operational,0.25,1.0,0.25,1.0,1,10,0.25,0.25,,,,,,
0.9255756869676766,0.0744243130323234,0.4606012139702183,0.5393987860297816,360.0,990.0,False,3760.0,0.0,0.9999999999999994,01,operational,0.25,1.0,0.25,1.0,1,10,0.25,0.25,0.0,0.0,0.0,0.2424242424242424,1.0,0.2424242424242424
0.9246069356077868,0.0753930643922131,0.4666555554622367,0.5333444445377633,360.0,950.0,False,3760.0,0.0,0.9999999999999994,10,operational,0.25,1.0,0.25,1.0,1,10,0.25,0.25,0.25,1.0,0.25,0.0,0.0,0.0
0.9226468993209216,0.0773531006790783,0.4666555554622367,0.5333444445377633,360.0,1000.0,False,3760.0,0.0,0.9999999999999994,11,operational,0.25,1.0,0.25,1.0,1,10,0.25,0.25,0.25,1.0,0.25,0.2424242424242424,1.0,0.2424242424242424
0.926834568995638,0.0731654310043619,0.4606012139702183,0.5393987860297816,360.0,950.0,False,3760.0,0.0,0.9999999999999994,00,operational,0.6,0.25,0.6,0.25,0,10,0.15,0.15,,,,,,
0.92571737018186,0.07428262981814,0.4606012139702183,0.5393987860297816,360.0,960.0,False,3760.0,0.0,0.9999999999999994,01,operational,0.6,0.25,0.6,0.25,0,10,0.15,0.15,0.0,0.0,0.0,0.6060606060606061,0.25,0.1515151515151515
0.924338485768894,0.0756615142311059,0.4683827243481593,0.5316172756518407,360.0,950.0,False,3760.0,0.0,0.9999999999999994,10,operational,0.6,0.25,0.6,0.25,0,10,0.15,0.15,0.5833333333333334,0.25,0.1458333333333333,0.0,0.0,0.0
0.9229274910340788,0.0770725089659213,0.4683827243481593,0.5316172756518407,360.0,970.0,False,3760.0,0.0,0.9999999999999994,11,operational,0.6,0.25,0.6,0.25,0,10,0.15,0.15,0.5833333333333334,0.25,0.1458333333333333,0.6060606060606061,0.25,0.1515151515151515
0.926834568995638,0.0731654310043619,0.4606012139702183,0.5393987860297816,360.0,950.0,False,3760.0,0.0,0.9999999999999994,00,operational,0.6,0.25,0.6,0.25,1,10,0.15,0.15,,,,,,
0.925060925840832,0.0749390741591681,0.4606012139702183,0.5393987860297816,360.0,970.0,False,3760.0,0.0,0.9999999999999994,01,operational,0.6,0.25,0.6,0.25,1,10,0.15,0.15,0.0,0.0,0.0,0.6060606060606061,0.25,0.1515151515151515
0.9235045848972736,0.0764954151027264,0.4693127340550681,0.5306872659449319,360.0,950.0,False,3760.0,0.0,0.9999999999999994,10,operational,0.6,0.25,0.6,0.25,1,10,0.15,0.15,0.5833333333333334,0.25,0.1458333333333333,0.0,0.0,0.0
0.9215742507100896,0.0784257492899103,0.4693127340550681,0.5306872659449319,360.0,970.0,False,3760.0,0.0,0.9999999999999994,11,operational,0.6,0.25,0.6,0.25,1,10,0.15,0.15,0.5833333333333334,0.25,0.1458333333333333,0.6060606060606061,0.25,0.1515151515151515
0.926834568995638,0.0731654310043619,0.4606012139702183,0.5393987860297816,360.0,950.0,False,3760.0,0.0,0.9999999999999994,00,operational,0.6,0.6,0.6,0.6,0,10,0.36,0.36,,,,,,
0.9232577604108876,0.0767422395891124,0.4606012139702183,0.5393987860297816,360.0,1000.0,False,3760.0,0.0,0.9999999999999994,01,operational,0.6,0.6,0.6,0.6,0,10,0.36,0.36,0.0,0.0,0.0,0.6060606060606061,0.5999999999999999,0.3636363636363636
0.9210971926754714,0.0789028073245285,0.4782739603542026,0.5217260396457973,360.0,950.0,False,3760.0,0.0,0.9999999999999994,10,operational,0.6,0.6,0.6,0.6,0,10,0.36,0.36,0.5833333333333334,0.5999999999999999,0.3499999999999999,0.0,0.0,0.0
0.9147335648067856,0.0852664351932144,0.4782739603542026,0.5217260396457973,360.0,1040.0,False,3760.0,0.0,0.9999999999999994,11,operational,0.6,0.6,0.6,0.6,0,10,0.36,0.36,0.5833333333333334,0.5999999999999999,0.3499999999999999,0.6060606060606061,0.5999999999999999,0.3636363636363636
0.926834568995638,0.0731654310043619,0.4606012139702183,0.5393987860297816,360.0,950.0,False,3760.0,0.0,0.9999999999999994,00,operational,0.6,0.6,0.6,0.6,1,10,0.36,0.36,,,,,,
0.921357957171078,0.078642042828922,0.4606012139702183,0.5393987860297816,360.0,1020.0,False,3760.0,0.0,0.9999999999999994,01,operational,0.6,0.6,0.6,0.6,1,10,0.36,0.36,0.0,0.0,0.0,0.6060606060606061,0.5999999999999999,0.3636363636363636
0.919005063688524,0.080994936311476,0.4794395972961454,0.5205604027038546,360.0,950.0,False,3760.0,0.0,0.9999999999999994,10,operational,0.6,0.6,0.6,0.6,1,10,0.36,0.36,0.5833333333333334,0.5999999999999999,0.3499999999999999,0.0,0.0,0.0
0.9102642583132288,0.0897357416867712,0.4794395972961454,0.5205604027038546,360.0,1050.0,False,3760.0,0.0,0.9999999999999994,11,operational,0.6,0.6,0.6,0.6,1,10,0.36,0.36,0.5833333333333334,0.5999999999999999,0.3499999999999999,0.6060606060606061,0.5999999999999999,0.3636363636363636
0.926834568995638,0.0731654310043619,0.4606012139702183,0.5393987860297816,360.0,950.0,False,3760.0,0.0,0.9999999999999994,00,operational,0.6,1.0,0.6,1.0,0,10,0.6,0.6,,,,,,
0.921890596821776,0.078109403178224,0.4606012139702183,0.5393987860297816,360.0,1050.0,False,3760.0,0.0,0.9999999999999994,01,operational,0.6,1.0,0.6,1.0,0,10,0.6,0.6,0.0,0.0,0.0,0.6060606060606061,1.0,0.6060606060606061
0.9176485491645442,0.0823514508354558,0.4858539309612973,0.5141460690387026,360.0,950.0,False,3760.0,0.0,0.9999999999999994,10,operational,0.6,1.0,0.6,1.0,0,10,0.6,0.6,0.5833333333333334,1.0,0.5833333333333334,0.0,0.0,0.0
0.9085566648068618,0.0914433351931381,0.4858539309612973,0.5141460690387026,360.0,1100.0,False,3760.0,0.0,0.9999999999999994,11,operational,0.6,1.0,0.6,1.0,0,10,0.6,0.6,0.5833333333333334,1.0,0.5833333333333334,0.6060606060606061,1.0,0.6060606060606061
0.926834568995638,0.0731654310043619,0.4606012139702183,0.5393987860297816,360.0,950.0,False,3760.0,0.0,0.9999999999999994,00,operational,0.6,1.0,0.6,1.0,1,10,0.6,0.6,,,,,,
0.9237822440267835,0.0762177559732164,0.4606012139702183,0.5393987860297816,360.0,1050.0,False,3760.0,0.0,0.9999999999999994,01,operational,0.6,1.0,0.6,1.0,1,10,0.6,0.6,0.0,0.0,0.0,0.6060606060606061,1.0,0.6060606060606061
0.914620637966694,0.0853793620333059,0.4872030406803566,0.5127969593196434,360.0,950.0,False,3760.0,0.0,0.9999999999999994,10,operational,0.6,1.0,0.6,1.0,1,10,0.6,0.6,0.5833333333333334,1.0,0.5833333333333334,0.0,0.0,0.0
0.8593301723799566,0.1406698276200434,0.4872030406803566,0.5127969593196434,360.0,,True,3760.0,1.0,0.9265420961688472,11,operational,0.6,1.0,0.6,1.0,1,10,0.6,0.6,0.5833333333333334,1.0,0.5833333333333334,0.6060606060606061,1.0,0.6060606060606061
0.926834568995638,0.0731654310043619,0.4606012139702183,0.5393987860297816,360.0,950.0,False,3760.0,0.0,0.9999999999999994,00,operational,1.0,0.25,1.0,0.25,0,10,0.25,0.25,,,,,,
0.9209587171444752,0.0790412828555248,0.4606012139702183,0.5393987860297816,360.0,1010.0,False,3760.0,0.0,0.9999999999999994,01,operational,1.0,0.25,1.0,0.25,0,10,0.25,0.25,0.0,0.0,0.0,1.0,0.25,0.25
0.9226467371641036,0.0773532628358963,0.4722193885503469,0.527780611449653,360.0,950.0,False,3760.0,0.0,0.9999999999999994,10,operational,1.0,0.25,1.0,0.25,0,10,0.25,0.25,1.0,0.25,0.25,0.0,0.0,0.0
0.915725736046458,0.0842742639535419,0.4722193885503469,0.527780611449653,360.0,1020.0,False,3760.0,0.0,0.9999999999999994,11,operational,1.0,0.25,1.0,0.25,0,10,0.25,0.25,1.0,0.25,0.25,1.0,0.25,0.25
0.926834568995638,0.0731654310043619,0.4606012139702183,0.5393987860297816,360.0,950.0,False,3760.0,0.0,0.9999999999999994,00,operational,1.0,0.25,1.0,0.25,1,10,0.25,0.25,,,,,,
0.9209587171444752,0.0790412828555248,0.4606012139702183,0.5393987860297816,360.0,1010.0,False,3760.0,0.0,0.9999999999999994,01,operational,1.0,0.25,1.0,0.25,1,10,0.25,0.25,0.0,0.0,0.0,1.0,0.25,0.25
0.9226467371641036,0.0773532628358963,0.4722193885503469,0.527780611449653,360.0,950.0,False,3760.0,0.0,0.9999999999999994,10,operational,1.0,0.25,1.0,0.25,1,10,0.25,0.25,1.0,0.25,0.25,0.0,0.0,0.0
0.915725736046458,0.0842742639535419,0.4722193885503469,0.527780611449653,360.0,1020.0,False,3760.0,0.0,0.9999999999999994,11,operational,1.0,0.25,1.0,0.25,1,10,0.25,0.25,1.0,0.25,0.25,1.0,0.25,0.25
0.926834568995638,0.0731654310043619,0.4606012139702183,0.5393987860297816,360.0,950.0,False,3760.0,0.0,0.9999999999999994,00,operational,1.0,0.6,1.0,0.6,0,10,0.6,0.6,,,,,,
0.9060534462529232,0.0939465537470769,0.4606012139702183,0.5393987860297816,360.0,1190.0,False,3760.0,0.0,0.9999999999999994,01,operational,1.0,0.6,1.0,0.6,0,10,0.6,0.6,0.0,0.0,0.0,1.0,0.6,0.6
0.9172889731798962,0.0827110268201037,0.4844229936022001,0.5155770063977999,360.0,950.0,False,3760.0,0.0,0.9999999999999994,10,operational,1.0,0.6,1.0,0.6,0,10,0.6,0.6,1.0,0.6,0.6,0.0,0.0,0.0
0.884743294954399,0.115256705045601,0.4844229936022001,0.5155770063977999,360.0,1300.0,False,3760.0,0.0,0.9999999999999994,11,operational,1.0,0.6,1.0,0.6,0,10,0.6,0.6,1.0,0.6,0.6,1.0,0.6,0.6
0.926834568995638,0.0731654310043619,0.4606012139702183,0.5393987860297816,360.0,950.0,False,3760.0,0.0,0.9999999999999994,00,operational,1.0,0.6,1.0,0.6,1,10,0.6,0.6,,,,,,
0.9060534462529232,0.0939465537470769,0.4606012139702183,0.5393987860297816,360.0,1190.0,False,3760.0,0.0,0.9999999999999994,01,operational,1.0,0.6,1.0,0.6,1,10,0.6,0.6,0.0,0.0,0.0,1.0,0.6,0.6
0.9172889731798962,0.0827110268201037,0.4844229936022001,0.5155770063977999,360.0,950.0,False,3760.0,0.0,0.9999999999999994,10,operational,1.0,0.6,1.0,0.6,1,10,0.6,0.6,1.0,0.6,0.6,0.0,0.0,0.0
0.884743294954399,0.115256705045601,0.4844229936022001,0.5155770063977999,360.0,1300.0,False,3760.0,0.0,0.9999999999999994,11,operational,1.0,0.6,1.0,0.6,1,10,0.6,0.6,1.0,0.6,0.6,1.0,0.6,0.6
0.926834568995638,0.0731654310043619,0.4606012139702183,0.5393987860297816,360.0,950.0,False,3760.0,0.0,0.9999999999999994,00,operational,1.0,1.0,1.0,1.0,0,10,1.0,1.0,,,,,,
0.9091874098473036,0.0908125901526963,0.4606012139702183,0.5393987860297816,360.0,1260.0,False,3760.0,0.0,0.9999999999999994,01,operational,1.0,1.0,1.0,1.0,0,10,1.0,1.0,0.0,0.0,0.0,1.0,1.0,1.0
0.9123883086950528,0.0876116913049472,0.4939587012001007,0.5060412987998992,360.0,950.0,False,3760.0,0.0,0.9999999999999994,10,operational,1.0,1.0,1.0,1.0,0,10,1.0,1.0,1.0,1.0,1.0,0.0,0.0,0.0
0.6158846953857966,0.3841153046142034,0.4939587012001007,0.5060412987998992,360.0,,True,3760.0,1.0,0.6131954561372497,11,operational,1.0,1.0,1.0,1.0,0,10,1.0,1.0,1.0,1.0,1.0,1.0,1.0,1.0
0.926834568995638,0.0731654310043619,0.4606012139702183,0.5393987860297816,360.0,950.0,False,3760.0,0.0,0.9999999999999994,00,operational,1.0,1.0,1.0,1.0,1,10,1.0,1.0,,,,,,
0.9091874098473036,0.0908125901526963,0.4606012139702183,0.5393987860297816,360.0,1260.0,False,3760.0,0.0,0.9999999999999994,01,operational,1.0,1.0,1.0,1.0,1,10,1.0,1.0,0.0,0.0,0.0,1.0,1.0,1.0
0.9123883086950528,0.0876116913049472,0.4939587012001007,0.5060412987998992,360.0,950.0,False,3760.0,0.0,0.9999999999999994,10,operational,1.0,1.0,1.0,1.0,1,10,1.0,1.0,1.0,1.0,1.0,0.0,0.0,0.0
0.6158846953857966,0.3841153046142034,0.4939587012001007,0.5060412987998992,360.0,,True,3760.0,1.0,0.6131954561372497,11,operational,1.0,1.0,1.0,1.0,1,10,1.0,1.0,1.0,1.0,1.0,1.0,1.0,1.0
0.895957700215369,0.1040422997846309,0.768391630305212,0.231608369694788,360.0,1130.0,False,3760.0,0.0,0.9999999999999994,00,operational,0.25,0.25,0.25,0.25,0,11,0.0625,0.0625,,,,,,
0.8953500071293059,0.1046499928706941,0.768391630305212,0.231608369694788,360.0,1130.0,False,3760.0,0.0,0.9999999999999994,01,operational,0.25,0.25,0.25,0.25,0,11,0.0625,0.0625,0.0,0.0,0.0,0.2424242424242424,0.25,0.0606060606060606
0.892748621901966,0.1072513780980339,0.7891105269574745,0.2108894730425254,360.0,1130.0,False,3760.0,0.0,0.9999999999999994,10,operational,0.25,0.25,0.25,0.25,0,11,0.0625,0.0625,0.25,0.25,0.0625,0.0,0.0,0.0
0.8920292390603274,0.1079707609396726,0.7891105269574745,0.2108894730425254,360.0,1140.0,False,3760.0,0.0,0.9999999999999994,11,operational,0.25,0.25,0.25,0.25,0,11,0.0625,0.0625,0.25,0.25,0.0625,0.2424242424242424,0.25,0.0606060606060606
0.895957700215369,0.1040422997846309,0.768391630305212,0.231608369694788,360.0,1130.0,False,3760.0,0.0,0.9999999999999994,00,operational,0.25,0.25,0.25,0.25,1,11,0.0625,0.0625,,,,,,
0.8946644352908284,0.1053355647091716,0.768391630305212,0.231608369694788,360.0,1150.0,False,3760.0,0.0,0.9999999999999994,01,operational,0.25,0.25,0.25,0.25,1,11,0.0625,0.0625,0.0,0.0,0.0,0.2424242424242424,0.25,0.0606060606060606
0.8935334585676077,0.1064665414323923,0.7892921665590672,0.2107078334409328,360.0,1130.0,False,3760.0,0.0,0.9999999999999994,10,operational,0.25,0.25,0.25,0.25,1,11,0.0625,0.0625,0.25,0.25,0.0625,0.0,0.0,0.0
0.8921333962224407,0.1078666037775593,0.7892921665590672,0.2107078334409328,360.0,1150.0,False,3760.0,0.0,0.9999999999999994,11,operational,0.25,0.25,0.25,0.25,1,11,0.0625,0.0625,0.25,0.25,0.0625,0.2424242424242424,0.25,0.0606060606060606
0.895957700215369,0.1040422997846309,0.768391630305212,0.231608369694788,360.0,1130.0,False,3760.0,0.0,0.9999999999999994,00,operational,0.25,0.6,0.25,0.6,0,11,0.15,0.15,,,,,,
0.8936996743979739,0.106300325602026,0.768391630305212,0.231608369694788,360.0,1160.0,False,3760.0,0.0,0.9999999999999994,01,operational,0.25,0.6,0.25,0.6,0,11,0.15,0.15,0.0,0.0,0.0,0.2424242424242424,0.6,0.1454545454545454
0.8879951603897819,0.1120048396102181,0.8188392492826163,0.1811607507173837,360.0,1130.0,False,3760.0,0.0,0.9999999999999994,10,operational,0.25,0.6,0.25,0.6,0,11,0.15,0.15,0.25,0.6,0.15,0.0,0.0,0.0
0.8852419624386548,0.1147580375613451,0.8188392492826163,0.1811607507173837,360.0,1160.0,False,3760.0,0.0,0.9999999999999994,11,operational,0.25,0.6,0.25,0.6,0,11,0.15,0.15,0.25,0.6,0.15,0.2424242424242424,0.6,0.1454545454545454
0.895957700215369,0.1040422997846309,0.768391630305212,0.231608369694788,360.0,1130.0,False,3760.0,0.0,0.9999999999999994,00,operational,0.25,0.6,0.25,0.6,1,11,0.15,0.15,,,,,,
0.8920385559118265,0.1079614440881735,0.768391630305212,0.231608369694788,360.0,1180.0,False,3760.0,0.0,0.9999999999999994,01,operational,0.25,0.6,0.25,0.6,1,11,0.15,0.15,0.0,0.0,0.0,0.2424242424242424,0.6,0.1454545454545454
0.8893984605967022,0.1106015394032977,0.8196534540150189,0.1803465459849811,360.0,1130.0,False,3760.0,0.0,0.9999999999999994,10,operational,0.25,0.6,0.25,0.6,1,11,0.15,0.15,0.25,0.6,0.15,0.0,0.0,0.0
0.8836052287454632,0.1163947712545367,0.8196534540150189,0.1803465459849811,360.0,1200.0,False,3760.0,0.0,0.9999999999999994,11,operational,0.25,0.6,0.25,0.6,1,11,0.15,0.15,0.25,0.6,0.15,0.2424242424242424,0.6,0.1454545454545454
0.895957700215369,0.1040422997846309,0.768391630305212,0.231608369694788,360.0,1130.0,False,3760.0,0.0,0.9999999999999994,00,operational,0.25,1.0,0.25,1.0,0,11,0.25,0.25,,,,,,
0.8918933436497967,0.1081066563502033,0.768391630305212,0.231608369694788,360.0,1180.0,False,3760.0,0.0,0.9999999999999994,01,operational,0.25,1.0,0.25,1.0,0,11,0.25,0.25,0.0,0.0,0.0,0.2424242424242424,1.0,0.2424242424242424
0.883516508672089,0.116483491327911,0.8394654996567419,0.1605345003432581,360.0,1130.0,False,3760.0,0.0,0.9999999999999994,10,operational,0.25,1.0,0.25,1.0,0,11,0.25,0.25,0.25,1.0,0.25,0.0,0.0,0.0
0.878153149939347,0.1218468500606529,0.8394654996567419,0.1605345003432581,360.0,1200.0,False,3760.0,0.0,0.9999999999999994,11,operational,0.25,1.0,0.25,1.0,0,11,0.25,0.25,0.25,1.0,0.25,0.2424242424242424,1.0,0.2424242424242424
0.895957700215369,0.1040422997846309,0.768391630305212,0.231608369694788,360.0,1130.0,False,3760.0,0.0,0.9999999999999994,00,operational,0.25,1.0,0.25,1.0,1,11,0.25,0.25,,,,,,
0.8884606465683239,0.111539353431676,0.768391630305212,0.231608369694788,360.0,1240.0,False,3760.0,0.0,0.9999999999999994,01,operational,0.25,1.0,0.25,1.0,1,11,0.25,0.25,0.0,0.0,0.0,0.2424242424242424,1.0,0.2424242424242424
0.8858242398786496,0.1141757601213504,0.8315859518749888,0.1684140481250111,360.0,1130.0,False,3760.0,0.0,0.9999999999999994,10,operational,0.25,1.0,0.25,1.0,1,11,0.25,0.25,0.25,1.0,0.25,0.0,0.0,0.0
0.7952907008878487,0.2047092991121513,0.8315859518749888,0.1684140481250111,360.0,,True,3760.0,1.0,0.8809624804693437,11,operational,0.25,1.0,0.25,1.0,1,11,0.25,0.25,0.25,1.0,0.25,0.2424242424242424,1.0,0.2424242424242424
0.895957700215369,0.1040422997846309,0.768391630305212,0.231608369694788,360.0,1130.0,False,3760.0,0.0,0.9999999999999994,00,operational,0.6,0.25,0.6,0.25,0,11,0.15,0.15,,,,,,
0.8938739256195838,0.1061260743804162,0.768391630305212,0.231608369694788,360.0,1150.0,False,3760.0,0.0,0.9999999999999994,01,operational,0.6,0.25,0.6,0.25,0,11,0.15,0.15,0.0,0.0,0.0,0.6060606060606061,0.25,0.1515151515151515
0.8884096603554783,0.1115903396445217,0.8184002974669221,0.1815997025330779,360.0,1130.0,False,3760.0,0.0,0.9999999999999994,10,operational,0.6,0.25,0.6,0.25,0,11,0.15,0.15,0.5833333333333334,0.25,0.1458333333333333,0.0,0.0,0.0
0.8850738301812361,0.1149261698187639,0.8184002974669221,0.1815997025330779,360.0,1160.0,False,3760.0,0.0,0.9999999999999994,11,operational,0.6,0.25,0.6,0.25,0,11,0.15,0.15,0.5833333333333334,0.25,0.1458333333333333,0.6060606060606061,0.25,0.1515151515151515
0.895957700215369,0.1040422997846309,0.768391630305212,0.231608369694788,360.0,1130.0,False,3760.0,0.0,0.9999999999999994,00,operational,0.6,0.25,0.6,0.25,1,11,0.15,0.15,,,,,,
0.8951550176558323,0.1048449823441677,0.768391630305212,0.231608369694788,360.0,1140.0,False,3760.0,0.0,0.9999999999999994,01,operational,0.6,0.25,0.6,0.25,1,11,0.15,0.15,0.0,0.0,0.0,0.6060606060606061,0.25,0.1515151515151515
0.8897053037808565,0.1102946962191434,0.8101606108312891,0.1898393891687108,360.0,1130.0,False,3760.0,0.0,0.9999999999999994,10,operational,0.6,0.25,0.6,0.25,1,11,0.15,0.15,0.5833333333333334,0.25,0.1458333333333333,0.0,0.0,0.0
0.8886977562778005,0.1113022437221995,0.8101606108312891,0.1898393891687108,360.0,1140.0,False,3760.0,0.0,0.9999999999999994,11,operational,0.6,0.25,0.6,0.25,1,11,0.15,0.15,0.5833333333333334,0.25,0.1458333333333333,0.6060606060606061,0.25,0.1515151515151515
0.895957700215369,0.1040422997846309,0.768391630305212,0.231608369694788,360.0,1130.0,False,3760.0,0.0,0.9999999999999994,00,operational,0.6,0.6,0.6,0.6,0,11,0.36,0.36,,,,,,
0.8879536265186444,0.1120463734813556,0.768391630305212,0.231608369694788,360.0,1210.0,False,3760.0,0.0,0.9999999999999994,01,operational,0.6,0.6,0.6,0.6,0,11,0.36,0.36,0.0,0.0,0.0,0.6060606060606061,0.5999999999999999,0.3636363636363636
0.8773858812284475,0.1226141187715524,0.8859371758174872,0.1140628241825128,360.0,1130.0,False,3760.0,0.0,0.9999999999999994,10,operational,0.6,0.6,0.6,0.6,0,11,0.36,0.36,0.5833333333333334,0.5999999999999999,0.3499999999999999,0.0,0.0,0.0
0.8572243807543218,0.1427756192456781,0.8859371758174872,0.1140628241825128,360.0,1310.0,False,3760.0,0.0,0.9999999999999994,11,operational,0.6,0.6,0.6,0.6,0,11,0.36,0.36,0.5833333333333334,0.5999999999999999,0.3499999999999999,0.6060606060606061,0.5999999999999999,0.3636363636363636
0.895957700215369,0.1040422997846309,0.768391630305212,0.231608369694788,360.0,1130.0,False,3760.0,0.0,0.9999999999999994,00,operational,0.6,0.6,0.6,0.6,1,11,0.36,0.36,,,,,,
0.893520061672033,0.1064799383279669,0.768391630305212,0.231608369694788,360.0,1160.0,False,3760.0,0.0,0.9999999999999994,01,operational,0.6,0.6,0.6,0.6,1,11,0.36,0.36,0.0,0.0,0.0,0.6060606060606061,0.5999999999999999,0.3636363636363636
0.8811846247637434,0.1188153752362566,0.8571777767352649,0.1428222232647351,360.0,1130.0,False,3760.0,0.0,0.9999999999999994,10,operational,0.6,0.6,0.6,0.6,1,11,0.36,0.36,0.5833333333333334,0.5999999999999999,0.3499999999999999,0.0,0.0,0.0
0.8764478229932685,0.1235521770067314,0.8571777767352649,0.1428222232647351,360.0,1190.0,False,3760.0,0.0,0.9999999999999994,11,operational,0.6,0.6,0.6,0.6,1,11,0.36,0.36,0.5833333333333334,0.5999999999999999,0.3499999999999999,0.6060606060606061,0.5999999999999999,0.3636363636363636
0.895957700215369,0.1040422997846309,0.768391630305212,0.231608369694788,360.0,1130.0,False,3760.0,0.0,0.9999999999999994,00,operational,0.6,1.0,0.6,1.0,0,11,0.6,0.6,,,,,,
0.872093185268804,0.127906814731196,0.768391630305212,0.231608369694788,360.0,1300.0,False,3760.0,0.0,0.9999999999999994,01,operational,0.6,1.0,0.6,1.0,0,11,0.6,0.6,0.0,0.0,0.0,0.6060606060606061,1.0,0.6060606060606061
0.8684562437993399,0.13154375620066,0.9004388946954922,0.0995611053045077,360.0,1130.0,False,3760.0,0.0,0.9999999999999994,10,operational,0.6,1.0,0.6,1.0,0,11,0.6,0.6,0.5833333333333334,1.0,0.5833333333333334,0.0,0.0,0.0
0.1721046841785288,0.8278953158214712,0.9004388946954922,0.0995611053045077,360.0,,True,3760.0,1.0,0.1384521969688887,11,operational,0.6,1.0,0.6,1.0,0,11,0.6,0.6,0.5833333333333334,1.0,0.5833333333333334,0.6060606060606061,1.0,0.6060606060606061
0.895957700215369,0.1040422997846309,0.768391630305212,0.231608369694788,360.0,1130.0,False,3760.0,0.0,0.9999999999999994,00,operational,0.6,1.0,0.6,1.0,1,11,0.6,0.6,,,,,,
0.891177426741384,0.108822573258616,0.768391630305212,0.231608369694788,360.0,1210.0,False,3760.0,0.0,0.9999999999999994,01,operational,0.6,1.0,0.6,1.0,1,11,0.6,0.6,0.0,0.0,0.0,0.6060606060606061,1.0,0.6060606060606061
0.8741395828419116,0.1258604171580883,0.8721842159716173,0.1278157840283827,360.0,1130.0,False,3760.0,0.0,0.9999999999999994,10,operational,0.6,1.0,0.6,1.0,1,11,0.6,0.6,0.5833333333333334,1.0,0.5833333333333334,0.0,0.0,0.0
0.8033978901885869,0.1966021098114131,0.8721842159716173,0.1278157840283827,360.0,,True,3760.0,1.0,0.9002590062324394,11,operational,0.6,1.0,0.6,1.0,1,11,0.6,0.6,0.5833333333333334,1.0,0.5833333333333334,0.6060606060606061,1.0,0.6060606060606061
0.895957700215369,0.1040422997846309,0.768391630305212,0.231608369694788,360.0,1130.0,False,3760.0,0.0,0.9999999999999994,00,operational,1.0,0.25,1.0,0.25,0,11,0.25,0.25,,,,,,
0.8925591466662389,0.107440853333761,0.768391630305212,0.231608369694788,360.0,1170.0,False,3760.0,0.0,0.9999999999999994,01,operational,1.0,0.25,1.0,0.25,0,11,0.25,0.25,0.0,0.0,0.0,1.0,0.25,0.25
0.8856175502540509,0.1143824497459491,0.8330329534388718,0.1669670465611281,360.0,1130.0,False,3760.0,0.0,0.9999999999999994,10,operational,1.0,0.25,1.0,0.25,0,11,0.25,0.25,1.0,0.25,0.25,0.0,0.0,0.0
0.8801438726652409,0.1198561273347591,0.8330329534388718,0.1669670465611281,360.0,1180.0,False,3760.0,0.0,0.9999999999999994,11,operational,1.0,0.25,1.0,0.25,0,11,0.25,0.25,1.0,0.25,0.25,1.0,0.25,0.25
0.895957700215369,0.1040422997846309,0.768391630305212,0.231608369694788,360.0,1130.0,False,3760.0,0.0,0.9999999999999994,00,operational,1.0,0.25,1.0,0.25,1,11,0.25,0.25,,,,,,
0.8925591466662389,0.107440853333761,0.768391630305212,0.231608369694788,360.0,1170.0,False,3760.0,0.0,0.9999999999999994,01,operational,1.0,0.25,1.0,0.25,1,11,0.25,0.25,0.0,0.0,0.0,1.0,0.25,0.25
0.8856175502540509,0.1143824497459491,0.8330329534388718,0.1669670465611281,360.0,1130.0,False,3760.0,0.0,0.9999999999999994,10,operational,1.0,0.25,1.0,0.25,1,11,0.25,0.25,1.0,0.25,0.25,0.0,0.0,0.0
0.8801438726652409,0.1198561273347591,0.8330329534388718,0.1669670465611281,360.0,1180.0,False,3760.0,0.0,0.9999999999999994,11,operational,1.0,0.25,1.0,0.25,1,11,0.25,0.25,1.0,0.25,0.25,1.0,0.25,0.25
0.895957700215369,0.1040422997846309,0.768391630305212,0.231608369694788,360.0,1130.0,False,3760.0,0.0,0.9999999999999994,00,operational,1.0,0.6,1.0,0.6,0,11,0.6,0.6,,,,,,
0.8841384151225982,0.1158615848774018,0.768391630305212,0.231608369694788,360.0,1260.0,False,3760.0,0.0,0.9999999999999994,01,operational,1.0,0.6,1.0,0.6,0,11,0.6,0.6,0.0,0.0,0.0,1.0,0.6,0.6
0.8730693825121453,0.1269306174878547,0.8906706380724085,0.1093293619275914,360.0,1130.0,False,3760.0,0.0,0.9999999999999994,10,operational,1.0,0.6,1.0,0.6,0,11,0.6,0.6,1.0,0.6,0.6,0.0,0.0,0.0
0.8394166396793455,0.1605833603206544,0.8906706380724085,0.1093293619275914,360.0,1440.0,False,3760.0,0.0,0.9999999999999994,11,operational,1.0,0.6,1.0,0.6,0,11,0.6,0.6,1.0,0.6,0.6,1.0,0.6,0.6
0.895957700215369,0.1040422997846309,0.768391630305212,0.231608369694788,360.0,1130.0,False,3760.0,0.0,0.9999999999999994,00,operational,1.0,0.6,1.0,0.6,1,11,0.6,0.6,,,,,,
0.8841384151225982,0.1158615848774018,0.768391630305212,0.231608369694788,360.0,1260.0,False,3760.0,0.0,0.9999999999999994,01,operational,1.0,0.6,1.0,0.6,1,11,0.6,0.6,0.0,0.0,0.0,1.0,0.6,0.6
0.8730693825121453,0.1269306174878547,0.8906706380724085,0.1093293619275914,360.0,1130.0,False,3760.0,0.0,0.9999999999999994,10,operational,1.0,0.6,1.0,0.6,1,11,0.6,0.6,1.0,0.6,0.6,0.0,0.0,0.0
0.8394166396793455,0.1605833603206544,0.8906706380724085,0.1093293619275914,360.0,1440.0,False,3760.0,0.0,0.9999999999999994,11,operational,1.0,0.6,1.0,0.6,1,11,0.6,0.6,1.0,0.6,0.6,1.0,0.6,0.6
0.895957700215369,0.1040422997846309,0.768391630305212,0.231608369694788,360.0,1130.0,False,3760.0,0.0,0.9999999999999994,00,operational,1.0,1.0,1.0,1.0,0,11,1.0,1.0,,,,,,
0.866466943751952,0.133533056248048,0.768391630305212,0.231608369694788,360.0,1400.0,False,3760.0,0.0,0.9999999999999994,01,operational,1.0,1.0,1.0,1.0,0,11,1.0,1.0,0.0,0.0,0.0,1.0,1.0,1.0
0.8629473133417559,0.1370526866582441,0.9035576848984176,0.0964423151015822,360.0,1130.0,False,3760.0,0.0,0.9999999999999994,10,operational,1.0,1.0,1.0,1.0,0,11,1.0,1.0,1.0,1.0,1.0,0.0,0.0,0.0
0.1369781431855703,0.8630218568144297,0.9035576848984176,0.0964423151015822,360.0,,True,3760.0,1.0,0.0954519426872069,11,operational,1.0,1.0,1.0,1.0,0,11,1.0,1.0,1.0,1.0,1.0,1.0,1.0,1.0
0.895957700215369,0.1040422997846309,0.768391630305212,0.231608369694788,360.0,1130.0,False,3760.0,0.0,0.9999999999999994,00,operational,1.0,1.0,1.0,1.0,1,11,1.0,1.0,,,,,,
0.866466943751952,0.133533056248048,0.768391630305212,0.231608369694788,360.0,1400.0,False,3760.0,0.0,0.9999999999999994,01,operational,1.0,1.0,1.0,1.0,1,11,1.0,1.0,0.0,0.0,0.0,1.0,1.0,1.0
0.8629473133417559,0.1370526866582441,0.9035576848984176,0.0964423151015822,360.0,1130.0,False,3760.0,0.0,0.9999999999999994,10,operational,1.0,1.0,1.0,1.0,1,11,1.0,1.0,1.0,1.0,1.0,0.0,0.0,0.0
0.1369781431855703,0.8630218568144297,0.9035576848984176,0.0964423151015822,360.0,,True,3760.0,1.0,0.0954519426872069,11,operational,1.0,1.0,1.0,1.0,1,11,1.0,1.0,1.0,1.0,1.0,1.0,1.0,1.0
