R,loss,Lambda,F_min,t_min,T_rec,T_rec_censored,T_rec_bound,lock_in,F_end,arm,indicator,replication,arm_check,loss_T3062,loss_T6125,loss_T9188,loss_T12250,loss_T15312,loss_T18375,loss_T21438,loss_T24500
0.9775252559536436,0.0224747440463565,0.4037925032469533,0.5962074967530466,360.0,2670.0,False,24260.0,0.0,0.9999999999999976,00,operational,0,0,0.1799352610387727,0.0899724230613874,0.0599816153742591,0.0449494880927107,0.0359654623863954,0.0299744817166968,0.0256944110655962,0.0224747440463565
0.97101882074874,0.02898117925126,0.5149437635043853,0.4850562364956147,360.0,2670.0,False,24260.0,0.0,0.9999999999999976,10,operational,0,10,0.2320292683981299,0.1160194267411487,0.0773462844941,0.0579623585025178,0.0463774586319957,0.0386520899104985,0.0331329394146461,0.02898117925126
0.97179026912716,0.0282097308728399,0.4037925032469533,0.5962074967530466,360.0,3160.0,False,24260.0,0.0,0.9999999999999976,01,operational,0,1,0.2210698944263627,0.1129311121543359,0.0752874081028914,0.0564194617456775,0.0451429396724074,0.0376232121058555,0.0322509755662423,0.0282097308728399
0.8688639336274435,0.1311360663725564,0.5149437635043853,0.4850562364956147,360.0,,True,24260.0,1.0,0.8893731201557741,11,operational,0,11,0.2746735888354291,0.1927306494429347,0.165362726243365,0.151645252900887,0.1434469366661788,0.1379799048820101,0.1340741532900541,0.1311360663725564
0.917129648387403,0.082870351612597,0.8087232047341273,0.1912767952658726,360.0,4720.0,False,24260.0,0.0,0.9999999999999976,00,operational,30,0,0.5711028294743562,0.331752224592906,0.2211681497286046,0.1657407032251917,0.1326142138803794,0.1105238766743936,0.0947421192024554,0.082870351612597
0.910434766790278,0.0895652332097219,0.8780660315751064,0.1219339684248935,360.0,4720.0,False,24260.0,0.0,0.9999999999999976,10,operational,30,10,0.6230668144721395,0.3585536296794357,0.2390357531196245,0.1791304664194417,0.1433277735883845,0.1194528151136731,0.1023960902304331,0.0895652332097219
0.9018697591226704,0.0981302408773295,0.8087232047341273,0.1912767952658726,360.0,6290.0,False,24260.0,0.0,0.9999999999999976,01,operational,30,1,0.559382221272691,0.3895321999829038,0.261894433714002,0.1962604817546567,0.1570340236116627,0.1308759336687294,0.1121880961966667,0.0981302408773295
0.7946637951217966,0.2053362048782033,0.8780660315751064,0.1219339684248935,360.0,,True,24260.0,1.0,0.8652945856693853,11,operational,30,11,0.6241195043639668,0.4174593960979222,0.3232080688421532,0.2759669954257921,0.2477331327117985,0.2289054343859182,0.21545456824643,0.2053362048782033
0.9468502907804754,0.0531497092195245,0.6874504727094801,0.3125495272905199,360.0,3490.0,False,24260.0,0.0,0.9999999999999976,00,operational,60,0,0.4107599022237576,0.2127725287382855,0.141848352492191,0.1062994184390466,0.0850534210240582,0.0708855675491746,0.0607637832887701,0.0531497092195245
0.9456223932470688,0.0543776067529312,0.6888683381382015,0.3111316618617985,360.0,3490.0,False,24260.0,0.0,0.9999999999999976,10,operational,60,10,0.4202707636097471,0.2176881316089498,0.145125421072634,0.1087552135058602,0.0870183778867925,0.0725232098773436,0.0621675858817922,0.0543776067529312
0.9425475366225256,0.0574524633774744,0.6874504727094801,0.3125495272905199,360.0,4400.0,False,24260.0,0.0,0.9999999999999976,01,operational,60,1,0.3955184010714475,0.2299976066581825,0.1533317377721224,0.1149049267549463,0.0919389518450751,0.0766241346079534,0.0656829375990719,0.0574524633774744
0.848738870885048,0.151261129114952,0.6888683381382015,0.3111316618617985,360.0,,True,24260.0,1.0,0.8893731202453783,11,operational,60,11,0.4081574626908848,0.2732966688605192,0.21907340582522,0.1918953784752823,0.1756522951254965,0.1648206254992104,0.15708227449695,0.151261129114952
0.9787965620039702,0.0212034379960297,0.3732960941477025,0.6267039058522975,360.0,2410.0,False,24260.0,0.0,0.9999999999999976,00,operational,90,0,0.1697660885302403,0.0848830442651451,0.0565886961767642,0.0424068759920573,0.0339310405553697,0.0282789456125593,0.0242409813767019,0.0212034379960297
0.9762191132136546,0.0237808867863453,0.4109855772662689,0.5890144227337311,360.0,2410.0,False,24260.0,0.0,0.9999999999999976,10,operational,90,10,0.19040252492329,0.0952012624616699,0.0634675083077807,0.0475617735726884,0.0380556320225633,0.0317164793829857,0.0271876680478514,0.0237808867863453
0.975773259393954,0.024226740606046,0.3732960941477025,0.6267039058522975,360.0,2860.0,False,24260.0,0.0,0.9999999999999976,01,operational,90,1,0.1936538344892884,0.0969861347790989,0.0646574231860667,0.0484534812120898,0.0387691146210391,0.0323111129476381,0.0276973936000055,0.024226740606046
0.9740441688249892,0.0259558311750107,0.4109855772662689,0.5890144227337311,360.0,2850.0,False,24260.0,0.0,0.9999999999999976,11,operational,90,11,0.2075785432752684,0.1039081476777322,0.0692720984518222,0.0519116623500192,0.0415361112859402,0.0346171945447876,0.0296741886975154,0.0259558311750107
0.9647351106798132,0.0352648893201866,0.6121050306633256,0.3878949693366744,360.0,2880.0,False,24260.0,0.0,0.9999999999999976,00,operational,120,0,0.2818132067348567,0.1411748020170801,0.0941165346780541,0.070529778640371,0.0564330364692718,0.0470326504270309,0.0403168356670352,0.0352648893201866
0.959850061321402,0.040149938678598,0.7061091159334991,0.2938908840665008,360.0,2880.0,False,24260.0,0.0,0.9999999999999976,10,operational,120,10,0.320925419695647,0.160730963664315,0.1071539757762108,0.0802998773571936,0.0642503917456325,0.0535478224074925,0.0459017031089894,0.040149938678598
0.962465020402457,0.037534979597543,0.6121050306633256,0.3878949693366744,360.0,3210.0,False,24260.0,0.0,0.9999999999999976,01,operational,120,1,0.2951659558530095,0.1502625817221833,0.1001750544814563,0.0750699591950838,0.0600657740130492,0.0500602613032002,0.0429121325310217,0.037534979597543
0.9526082495005952,0.0473917504994048,0.7061091159334991,0.2938908840665008,360.0,3300.0,False,24260.0,0.0,0.9999999999999976,11,operational,120,11,0.3723524733617777,0.189721876999244,0.1264812513328301,0.0947835009988071,0.0758391827064269,0.0632061996317584,0.0541809560072519,0.0473917504994048
0.958799091065858,0.0412009089341419,0.6062688230265036,0.3937311769734963,360.0,2730.0,False,24260.0,0.0,0.9999999999999974,00,operational,150,0,0.3298761139001995,0.1649382792298089,0.1099588528198736,0.0824018178682813,0.0659322187385014,0.0549494974897367,0.0471032323325465,0.0412009089341419
0.9554846467662846,0.0445153532337153,0.6101805505756739,0.3898194494243261,360.0,2730.0,False,24260.0,0.0,0.9999999999999974,10,operational,150,10,0.3564133312567737,0.1782068879454212,0.1188045919636151,0.0890307064674281,0.0712361955732203,0.0593699594026135,0.0508924943642565,0.0445153532337153
0.9556577970208792,0.0443422029791208,0.6062688230265036,0.3937311769734963,360.0,3680.0,False,24260.0,0.0,0.9999999999999974,01,operational,150,1,0.3287952321399298,0.1775137210765376,0.1183424807176927,0.088684405958239,0.0709591099273961,0.0591390295584347,0.0506945391035209,0.0443422029791208
0.95009296111277,0.0499070388872299,0.6101805505756739,0.3898194494243261,360.0,3830.0,False,24260.0,0.0,0.9999999999999974,11,operational,150,11,0.3629269437232044,0.199791250447236,0.1331941669648249,0.0998140777744571,0.0798643012891646,0.0665608303068654,0.0570565773559087,0.0499070388872299
0.976345456155709,0.023654543844291,0.4155888978162152,0.5844111021837848,360.0,2200.0,False,24260.0,0.0,0.9999999999999974,00,operational,180,0,0.1893909556160365,0.0946954778080195,0.0631303185386806,0.0473090876885793,0.0378534503060159,0.0315479762757275,0.027043225580267,0.023654543844291
0.9757645410531974,0.0242354589468025,0.4352089863067897,0.5647910136932103,360.0,2200.0,False,24260.0,0.0,0.9999999999999974,10,operational,180,10,0.1940420732668648,0.0970210366334337,0.0646806910889566,0.0484709178936024,0.0387830662440653,0.0323227405659579,0.0277073609051169,0.0242354589468025
0.97249310979898,0.0275068902010199,0.4155888978162152,0.5844111021837848,360.0,2580.0,False,24260.0,0.0,0.9999999999999974,01,operational,180,1,0.2202349049479109,0.1101174526021141,0.0734116350680771,0.0550137804020371,0.0440182109683189,0.0366858361418058,0.0314474479666346,0.0275068902010199
0.9719527440064456,0.0280472559935542,0.4352089863067897,0.5647910136932103,360.0,2580.0,False,24260.0,0.0,0.9999999999999974,11,operational,180,11,0.2245613630907523,0.1122806816735346,0.0748537877823574,0.056094511987106,0.0448829374162021,0.037406519969628,0.0320652250042965,0.0280472559935542
0.961644792957672,0.0383552070423278,0.6135978647432613,0.3864021352567387,360.0,2780.0,False,24260.0,0.0,0.9999999999999974,00,operational,210,0,0.3070865970497839,0.1535461719831676,0.1023641146554459,0.0767104140846532,0.0613783522231882,0.0511541955654337,0.0438498633941683,0.0383552070423278
0.9606357546097998,0.0393642453902002,0.6135978647432613,0.3864021352567387,360.0,2780.0,False,24260.0,0.0,0.9999999999999974,10,operational,210,10,0.315165498262136,0.1575856228855975,0.1050570819237326,0.0787284907803977,0.0629930772083527,0.0524999462199179,0.0450034536658842,0.0393642453902002
0.9530632547880682,0.0469367452119318,0.6135978647432613,0.3864021352567387,360.0,3460.0,False,24260.0,0.0,0.9999999999999974,01,operational,210,1,0.3592298681986833,0.1879003689039675,0.1252669126026458,0.0938734904238609,0.0751110553685374,0.062599360788912,0.0536607679744434,0.0469367452119318
0.9541973056400268,0.045802694359973,0.6135978647432613,0.3864021352567387,360.0,3430.0,False,24260.0,0.0,0.9999999999999974,11,operational,210,11,0.3511917587510482,0.1833604594475967,0.1222403062983987,0.0916053887199435,0.0732962777151742,0.0610868814272904,0.0523642562678176,0.045802694359973
0.9787032720988024,0.0212967279011976,0.429115682025402,0.5708843179745979,360.0,2270.0,False,24260.0,0.0,0.9999999999999976,00,operational,240,0,0.170513017509573,0.0852565087547876,0.0568376725031926,0.0425934558023929,0.0340803287772256,0.0284033660086734,0.0243476357246541,0.0212967279011976
0.9776600447337394,0.0223399552662606,0.4461018114534034,0.5538981885465966,360.0,2270.0,False,24260.0,0.0,0.9999999999999976,10,operational,240,10,0.178865654909587,0.0894328274547946,0.0596218849698638,0.0446799105325189,0.0357497651223622,0.0297947144269663,0.0255403128335688,0.0223399552662606
0.9765977921205506,0.0234022078794493,0.429115682025402,0.5708843179745979,360.0,2520.0,False,24260.0,0.0,0.9999999999999976,01,operational,240,1,0.1873706186292766,0.093685309321318,0.0624568728808794,0.0468044157588963,0.0374496468351723,0.0312114367472234,0.0267547406927906,0.0234022078794493
0.9743383600998636,0.0256616399001362,0.4461018114534034,0.5538981885465966,360.0,2630.0,False,24260.0,0.0,0.9999999999999976,11,operational,240,11,0.2054608373811164,0.1027304211688389,0.0684869474458933,0.05132327980027,0.041065328383626,0.0342248327465064,0.0293378524289934,0.0256616399001362
0.9374714021004544,0.0625285978995454,0.7487969844665434,0.2512030155334566,360.0,3830.0,False,24260.0,0.0,0.9999999999999974,00,operational,270,0,0.4698466096857712,0.2503187334213748,0.1668791556142507,0.1250571957990881,0.1000620933075661,0.0833941561534484,0.0714862645141789,0.0625285978995454
0.9355698073277372,0.0644301926722629,0.7520480048889289,0.2479519951110711,360.0,3830.0,False,24260.0,0.0,0.9999999999999974,10,operational,270,10,0.4837343031649206,0.2579313268742472,0.1719542179161658,0.1288603853445232,0.1031051417681527,0.0859303059591958,0.0736602762702023,0.0644301926722629
0.9213060283469376,0.0786939716530624,0.7487969844665434,0.2512030155334566,360.0,4890.0,False,24260.0,0.0,0.9999999999999974,01,operational,270,1,0.5269939978044831,0.3150330564542453,0.2100220376361644,0.1573879433061222,0.1259309147942524,0.104953854409364,0.0899674430937949,0.0786939716530624
0.0662862320490211,0.9337137679509788,0.7520480048889289,0.2479519951110711,360.0,,True,24260.0,1.0,0.0507230432006392,11,operational,270,11,0.8246697258216394,0.8869733413115573,0.9077412131408252,0.9181505791025968,0.924371788492022,0.9285203902895428,0.931484230397804,0.9337137679509788
0.9461711591759542,0.0538288408240458,0.6240722080898372,0.3759277919101628,360.0,3620.0,False,24260.0,0.0,0.9999999999999976,00,operational,1,0,0.4085010443528692,0.2154912745406993,0.1436608496938003,0.1076576816480894,0.0861402090260681,0.071791322819222,0.0615402053284701,0.0538288408240458
0.9427920585147916,0.0572079414852084,0.6543668547044736,0.3456331452955264,360.0,3620.0,False,24260.0,0.0,0.9999999999999976,10,operational,1,10,0.4346000874377362,0.229018719997968,0.1526791466653128,0.1144158829704146,0.0915476529319129,0.0762980166786931,0.0654033862056743,0.0572079414852084
0.9380392363846368,0.061960763615363,0.6240722080898372,0.3759277919101628,360.0,5350.0,False,24260.0,0.0,0.9999999999999976,01,operational,1,1,0.34495217630484,0.2480455406170507,0.1653636937447012,0.1239215272307237,0.0991534100964318,0.0826368377014904,0.0708370839279695,0.061960763615363
0.8145965850997196,0.1854034149002804,0.6543668547044736,0.3456331452955264,360.0,,True,24260.0,1.0,0.8504660360830044,11,operational,1,11,0.409932112267484,0.2931289882781845,0.2452639801577882,0.2212728658835649,0.2069344569993259,0.1973729159632925,0.1905419690075452,0.1854034149002804
0.9640271461604636,0.0359728538395365,0.599568483732559,0.400431516267441,360.0,2630.0,False,24260.0,0.0,0.9999999999999976,00,operational,31,0,0.2880179434882343,0.14400897370402,0.0960059824693474,0.0719457076790707,0.0575659646681008,0.0479768600472853,0.0411262211417936,0.0359728538395365
0.961404408876836,0.038595591123164,0.6419814986580801,0.3580185013419199,360.0,2630.0,False,24260.0,0.0,0.9999999999999976,10,operational,31,10,0.3090169838303583,0.1545084938754044,0.1030056625836037,0.0771911822463257,0.0617630295569888,0.0514747949111324,0.0441246842052035,0.038595591123164
0.958215067507828,0.0417849324921719,0.599568483732559,0.400431516267441,360.0,3320.0,False,24260.0,0.0,0.9999999999999976,01,operational,31,1,0.3239026975866357,0.1672762820356489,0.1115175213571,0.0835698649843417,0.0668668090175176,0.0557284075154164,0.0477709214212882,0.0417849324921719
0.954818807915007,0.045181192084993,0.6419814986580801,0.3580185013419199,360.0,3370.0,False,24260.0,0.0,0.9999999999999976,11,operational,31,11,0.3488043200145814,0.1808724192944912,0.1205816128629949,0.0903623841699837,0.072301711697081,0.0602579861775892,0.0516537193692171,0.045181192084993
0.9804014051192864,0.0195985948807136,0.3669149355866843,0.6330850644133157,360.0,2260.0,False,24260.0,0.0,0.9999999999999976,00,operational,61,0,0.1569168544370667,0.0784584272185358,0.0523056181456912,0.0391971897614247,0.0313628722780837,0.0261385723776521,0.0224062330647446,0.0195985948807136
0.977546221773514,0.022453778226486,0.4259910827956042,0.5740089172043957,360.0,2270.0,False,24260.0,0.0,0.9999999999999976,10,operational,61,10,0.1797769825323046,0.0898884912661546,0.0599256608441038,0.0449075564529698,0.0359319115969227,0.0299465196814858,0.0256704417428326,0.022453778226486
0.977915378626005,0.022084621373995,0.3669149355866843,0.6330850644133157,360.0,2670.0,False,24260.0,0.0,0.9999999999999976,01,operational,61,1,0.1768181546760497,0.0884106574612476,0.0589404383074991,0.0441692427479877,0.0353411641843799,0.0294541765739174,0.025248400544231,0.022084621373995
0.9745530321848114,0.0254469678151886,0.4259910827956042,0.5740089172043957,360.0,2810.0,False,24260.0,0.0,0.9999999999999976,11,operational,61,11,0.2036953620154891,0.1018710312862872,0.0679140208575258,0.0508939356303749,0.0407217969609472,0.0339385253931469,0.0290924270402294,0.0254469678151886
0.9656419997531448,0.0343580002468553,0.4673462473497715,0.5326537526502285,360.0,2940.0,False,24260.0,0.0,0.9999999999999976,00,operational,91,0,0.2736057862924744,0.1375442820339726,0.0916961880226492,0.0687160004937081,0.0549817770116222,0.045823135876317,0.0392800282803521,0.0343580002468553
0.9641893891497212,0.0358106108502789,0.4948070202291589,0.5051929797708411,360.0,2940.0,False,24260.0,0.0,0.9999999999999976,10,operational,91,10,0.2852361046290075,0.143359471541142,0.0955729810274287,0.0716212217005554,0.0573063334965259,0.0477604771819172,0.0409407356897726,0.0358106108502789
0.9553205388426824,0.0446794611573176,0.4673462473497715,0.5326537526502285,360.0,3790.0,False,24260.0,0.0,0.9999999999999976,01,operational,91,1,0.3248789499958388,0.1788638559402348,0.1192425706268238,0.0893589223146328,0.0714988111269928,0.059588829523912,0.0510801119157384,0.0446794611573176
0.9359115677655272,0.0640884322344729,0.4948070202291589,0.5051929797708411,360.0,3370.0,False,24260.0,0.0,0.9999999999999976,11,operational,91,11,0.5014220076735463,0.2565631682589121,0.1710421121726087,0.1281768644689433,0.1025582357769147,0.0854745013470098,0.0732695562176658,0.0640884322344729
0.9714443397152774,0.0285556602847225,0.4010462181519652,0.5989537818480348,360.0,2760.0,False,24260.0,0.0,0.9999999999999976,00,operational,121,0,0.2286299095833421,0.1143159602901404,0.0762106401934277,0.0571113205694427,0.0456965171114096,0.0380845768631294,0.0326464618280772,0.0285556602847225
0.9676371652959976,0.0323628347040022,0.46413235436908,0.5358676456309199,360.0,2760.0,False,24260.0,0.0,0.9999999999999976,10,operational,121,10,0.2591121884305041,0.1295570997137275,0.0863713998091524,0.0647256694080021,0.0517889908718508,0.0431621910859031,0.0369990410755037,0.0323628347040022
0.9640239968247396,0.0359760031752603,0.4010462181519652,0.5989537818480348,360.0,3620.0,False,24260.0,0.0,0.9999999999999976,01,operational,121,1,0.2657747513364724,0.1440215813388625,0.0960143875592423,0.0719520063505186,0.0575710044280772,0.0479810603045109,0.0411298216422713,0.0359760031752603
0.8653667616547963,0.1346332383452037,0.46413235436908,0.5358676456309199,360.0,,True,24260.0,1.0,0.8893731202250903,11,operational,121,11,0.3000866643016091,0.2067307662082762,0.1746961373971541,0.1586395969154976,0.1490433255601613,0.1426440700292484,0.1380723200442611,0.1346332383452037
0.9844457451186892,0.0155542548813107,0.5305260568188782,0.4694739431811218,360.0,1280.0,False,24260.0,0.0,0.9999999999999976,00,operational,151,0,0.1245357008470793,0.0622678504235409,0.0415119002823614,0.0311085097626192,0.0248908716258714,0.0207446513114915,0.0177825125801263,0.0155542548813107
0.9844457451186892,0.0155542548813107,0.5305260568188782,0.4694739431811218,360.0,1280.0,False,24260.0,0.0,0.9999999999999976,10,operational,151,10,0.1245357008470793,0.0622678504235409,0.0415119002823614,0.0311085097626192,0.0248908716258714,0.0207446513114915,0.0177825125801263,0.0155542548813107
0.9831371497732792,0.0168628502267207,0.5305260568188782,0.4694739431811218,360.0,1410.0,False,24260.0,0.0,0.9999999999999976,01,operational,151,1,0.1350130165211132,0.0675065082605578,0.0450043388403726,0.033725700453439,0.026984966071498,0.0224899200084182,0.0192785735209822,0.0168628502267207
0.9831371497732792,0.0168628502267207,0.5305260568188782,0.4694739431811218,360.0,1410.0,False,24260.0,0.0,0.9999999999999976,11,operational,151,11,0.1350130165211132,0.0675065082605578,0.0450043388403726,0.033725700453439,0.026984966071498,0.0224899200084182,0.0192785735209822,0.0168628502267207
0.9870760201638052,0.0129239798361948,0.3705164649438663,0.6294835350561336,360.0,1350.0,False,24260.0,0.0,0.9999999999999976,00,operational,181,0,0.1034763091459881,0.0517381545729953,0.0344921030486643,0.0258479596723874,0.0206817443492327,0.0172366633634599,0.0147754319172547,0.0129239798361948
0.9861773798406986,0.0138226201593013,0.4183143028552373,0.5816856971447627,360.0,1350.0,False,24260.0,0.0,0.9999999999999976,10,operational,181,10,0.1106713051970044,0.0553356525985034,0.0368904350656695,0.0276452403186004,0.0221198036513954,0.0184351765869824,0.0158028088615433,0.0138226201593013
0.9852225320261278,0.0147774679738722,0.3705164649438663,0.6294835350561336,360.0,1640.0,False,24260.0,0.0,0.9999999999999976,01,operational,181,1,0.1183163285489604,0.0591581642744815,0.0394387761829884,0.0295549359477421,0.0236478096250717,0.0197086535307488,0.0168944454204322,0.0147774679738722
0.923293960035761,0.0767060399642389,0.4183143028552373,0.5816856971447627,360.0,,True,24260.0,1.0,0.93592348784348,11,operational,181,11,0.1651952805516578,0.1146358963540888,0.0977827682882325,0.0893355677719582,0.0842870563295519,0.0809204659556009,0.0785153096968426,0.0767060399642389
0.9939260845982484,0.0060739154017516,0.1832452350107333,0.8167547649892667,360.0,1150.0,False,24260.0,0.0,0.9999999999999976,00,operational,211,0,0.0486310220074714,0.0243155110037369,0.0162103406691588,0.0121478308035009,0.0097198515573411,0.0081007581569352,0.0069440470062018,0.0060739154017516
0.9933140458471288,0.0066859541528713,0.2366379831485471,0.7633620168514529,360.0,1150.0,False,24260.0,0.0,0.9999999999999976,10,operational,211,10,0.0535313322697045,0.0267656661348534,0.0178437774232365,0.0133719083057403,0.0106992734647501,0.00891703194041,0.007643764663805,0.0066859541528713
0.9935820303380332,0.0064179696619667,0.1832452350107333,0.8167547649892667,360.0,1240.0,False,24260.0,0.0,0.9999999999999976,01,operational,211,1,0.051385704809847,0.0256928524049248,0.0171285682699506,0.012835939323931,0.0102704282637599,0.0085596220314736,0.0073373894875491,0.0064179696619667
0.9929388928100554,0.0070611071899445,0.2366379831485471,0.7633620168514529,360.0,1250.0,False,24260.0,0.0,0.9999999999999976,11,operational,211,11,0.0565350085469251,0.0282675042734638,0.0188450028489765,0.0141222143798867,0.0112996163392307,0.0094173721368332,0.0080726610431,0.0070611071899445
0.938655296735672,0.061344703264328,0.767060720248588,0.232939279751412,360.0,3660.0,False,24260.0,0.0,0.9999999999999976,00,operational,241,0,0.4657424937615531,0.2455792859437897,0.1637195239625273,0.1226894065286537,0.0981675525784465,0.0818152003253143,0.0701327685476449,0.061344703264328
0.9371025846409032,0.0628974153590966,0.7687504067266582,0.2312495932733418,360.0,3660.0,False,24260.0,0.0,0.9999999999999976,10,operational,241,10,0.4765800992152398,0.2517952085453961,0.1678634723635982,0.1257948307181908,0.1006522976027334,0.0838860466139277,0.0719079176993868,0.0628974153590966
0.9307940420505384,0.0692059579494616,0.767060720248588,0.232939279751412,360.0,4760.0,False,24260.0,0.0,0.9999999999999976,01,operational,241,1,0.4502006346558687,0.2770499950591121,0.1846999967060755,0.1384119158989208,0.1107476139622331,0.0922997261710285,0.0791202039086235,0.0692059579494616
0.8032038481809967,0.1967961518190033,0.7687504067266582,0.2312495932733418,360.0,,True,24260.0,1.0,0.8506156213344933,11,operational,241,11,0.4798525010775337,0.3391864117146363,0.2759190673649264,0.2442079249725003,0.225255602849744,0.2126172824358208,0.2035882257145347,0.1967961518190033
0.9687121109691732,0.0312878890308268,0.4237162082035576,0.5762837917964424,360.0,2700.0,False,24260.0,0.0,0.9999999999999976,00,operational,271,0,0.2505075213680285,0.1252538041266683,0.0835025360844463,0.062575778061651,0.0500687969467821,0.0417285400792183,0.0357701017851257,0.0312878890308268
0.9668780798301496,0.0331219201698502,0.4330546365508078,0.5669453634491922,360.0,2700.0,False,24260.0,0.0,0.9999999999999976,10,operational,271,10,0.2651917576118358,0.1325959222485762,0.0883972814990516,0.0662438403396981,0.0530037259413004,0.0441745805204853,0.0378668709361327,0.0331219201698502
0.9639690312392792,0.0360309687607208,0.4237162082035576,0.5762837917964424,360.0,3470.0,False,24260.0,0.0,0.9999999999999976,01,operational,271,1,0.2736986188731186,0.1442416233068001,0.0961610822045342,0.0720619375214393,0.0576589637255152,0.0480543676993818,0.0411926614389945,0.0360309687607208
0.644791811739054,0.355208188260946,0.4330546365508078,0.5669453634491922,360.0,,True,24260.0,1.0,0.6473701151331305,11,operational,271,11,0.3732731636756518,0.3629515242712606,0.3595109778031301,0.3577864916550225,0.3567558439233602,0.3560685584191216,0.35557754856985,0.355208188260946
0.9693671393254456,0.0306328606745543,0.6230672862217694,0.3769327137782306,360.0,2500.0,False,24260.0,0.0,0.9999999999999976,00,operational,2,0,0.2452631001680719,0.1226315500860359,0.0817543667240248,0.0612657213491064,0.0490205804393574,0.0408549312208257,0.0350212359555098,0.0306328606745543
0.9677066244950064,0.0322933755049936,0.6504028151922738,0.3495971848077262,360.0,2500.0,False,24260.0,0.0,0.9999999999999976,10,operational,2,10,0.2585580718496935,0.1292790359268468,0.0861860239512319,0.064586751009985,0.0516778380060305,0.0430695536130828,0.0369196313519523,0.0322933755049936
0.964236394409919,0.0357636055900809,0.6230672862217694,0.3769327137782306,360.0,3010.0,False,24260.0,0.0,0.9999999999999976,01,operational,2,1,0.2839636642540789,0.143171296888389,0.0954475312589268,0.0715272111801595,0.057231112799279,0.0476977864429488,0.0408869965915528,0.0357636055900809
0.9630495752799464,0.0369504247200537,0.6504028151922738,0.3495971848077262,360.0,3040.0,False,24260.0,0.0,0.9999999999999976,11,operational,2,11,0.2927050544336942,0.1479224519021689,0.09861496793478,0.0739008494401051,0.0591303334840821,0.0492806426587536,0.0422438360075274,0.0369504247200537
0.962017144973044,0.0379828550269558,0.7092157799826242,0.2907842200173757,360.0,2850.0,False,24260.0,0.0,0.9999999999999976,00,operational,32,0,0.3038881229997852,0.1520555470850283,0.1013703647233532,0.0759657100539092,0.0607824917152447,0.0506575910811325,0.0434241693028657,0.0379828550269558
0.9592168150893304,0.0407831849106695,0.7592401476664694,0.2407598523335306,360.0,2850.0,False,24260.0,0.0,0.9999999999999976,10,operational,32,10,0.3263090546946404,0.1632660180247321,0.108844012016489,0.0815663698213368,0.0652637511633825,0.0543923805286549,0.0466256663701072,0.0407831849106695
0.9492909194049428,0.0507090805950571,0.7092157799826242,0.2907842200173757,360.0,3700.0,False,24260.0,0.0,0.9999999999999976,01,operational,32,1,0.3801440743183099,0.2030020383298785,0.1353346922199197,0.1014181611901119,0.081147777568836,0.0676305103200264,0.0579735172458653,0.0507090805950571
0.949708210319168,0.0502917896808319,0.7592401476664694,0.2407598523335306,360.0,3740.0,False,24260.0,0.0,0.9999999999999976,11,operational,32,11,0.3737150755743973,0.2013315109771795,0.1342210073181204,0.1005835793616615,0.0804800030816695,0.0670739709951206,0.0574964464386549,0.0502917896808319
0.9944954724046826,0.0055045275953173,0.2494101611725575,0.7505898388274425,360.0,900.0,False,24260.0,0.0,0.9999999999999976,00,operational,62,0,0.044072198067067,0.0220360990335347,0.0146907326890238,0.0110090551906323,0.0088086823047196,0.0073413677781851,0.0062930903446228,0.0055045275953173
0.9942165257892082,0.0057834742107918,0.2495665609579846,0.7504334390420153,360.0,900.0,False,24260.0,0.0,0.9999999999999976,10,operational,62,10,0.046305594171356,0.023152797085679,0.0154351980571202,0.0115669484215812,0.0092550697690646,0.0077133978314852,0.0066119980478017,0.0057834742107918
0.994165957917034,0.0058340420829661,0.2494101611725575,0.7505898388274425,360.0,970.0,False,24260.0,0.0,0.9999999999999976,01,operational,62,1,0.0467104676577189,0.0233552338288606,0.0155701558859079,0.0116680841659297,0.0093359915762673,0.0077808400126651,0.0066698101275157,0.0058340420829661
0.9935416648334304,0.0064583351665695,0.2495665609579846,0.7504334390420153,360.0,1020.0,False,24260.0,0.0,0.9999999999999976,11,operational,62,11,0.0517088926734985,0.0258544463367503,0.0172362975578344,0.0129166703331369,0.0103350236173047,0.0086134573533445,0.0073835376379349,0.0064583351665695
0.9912436661562688,0.0087563338437312,0.3604299704450466,0.6395700295549533,360.0,1000.0,False,24260.0,0.0,0.9999999999999976,00,operational,92,0,0.0701079016899882,0.0350539508449954,0.023369300563331,0.01751266768746,0.0140124218923183,0.0116782895575068,0.0100107409786004,0.0087563338437312
0.9907740314181342,0.0092259685818657,0.4130444131663098,0.5869555868336902,360.0,1000.0,False,24260.0,0.0,0.9999999999999976,10,operational,92,10,0.0738680491031574,0.03693402455158,0.0246226830343873,0.0184519371637292,0.0147639601734613,0.0123046396437505,0.0105476542349838,0.0092259685818657
0.9906431257119738,0.0093568742880262,0.3604299704450466,0.6395700295549533,360.0,1130.0,False,24260.0,0.0,0.9999999999999976,01,operational,92,1,0.0749161503452918,0.0374580751726471,0.0249720501150988,0.0187137485760502,0.0149734435046782,0.0124792280923585,0.0106973131151019,0.0093568742880262
0.9902168727881818,0.0097831272118181,0.4130444131663098,0.5869555868336902,360.0,1130.0,False,24260.0,0.0,0.9999999999999976,11,operational,92,11,0.0783289597024488,0.0391644798512256,0.0261096532341512,0.0195662544236339,0.0156555595486298,0.013047720015761,0.0111846298035248,0.0097831272118181
0.9735463703192606,0.0264536296807393,0.4088701008694105,0.5911298991305894,360.0,2430.0,False,24260.0,0.0,0.9999999999999976,00,operational,122,0,0.2118019369861771,0.1059009684931487,0.0706006456621,0.0529072593614763,0.0423327189535004,0.0352811065420849,0.0302433003816194,0.0264536296807393
0.9716259007914042,0.0283740992085957,0.4316885527442429,0.5683114472557571,360.0,2430.0,False,24260.0,0.0,0.9999999999999976,10,operational,122,10,0.2271782452974459,0.1135891226487829,0.0757260817658561,0.0567481984171891,0.0454059719536625,0.0378424295378651,0.0324388908357717,0.0283740992085957
0.9659252646420856,0.0340747353579143,0.4088701008694105,0.5911298991305894,360.0,3290.0,False,24260.0,0.0,0.9999999999999976,01,operational,122,1,0.263370090580154,0.1364102967759572,0.0909401978506388,0.0681494707158263,0.0545284791815077,0.0454453465579143,0.038956183680303,0.0340747353579143
0.7575323889938448,0.2424676110061552,0.4316885527442429,0.5683114472557571,360.0,,True,24260.0,1.0,0.7717890050583598,11,operational,122,11,0.3422713286189948,0.2852840494482775,0.2662596979460651,0.2567242270706704,0.2510253054302502,0.2472249902372644,0.2445099727102178,0.2424676110061552
0.994989202677652,0.0050107973223478,0.204865097805159,0.795134902194841,360.0,1030.0,False,24260.0,0.0,0.9999999999999976,00,operational,152,0,0.0401191288880632,0.0200595644440327,0.0133730429626892,0.0100215946446934,0.0080185848724693,0.0066828815676379,0.0057286296965709,0.0050107973223478
0.993891870565952,0.0061081294340479,0.3067211314899202,0.6932788685100798,360.0,1030.0,False,24260.0,0.0,0.9999999999999976,10,operational,152,10,0.0489049578869679,0.0244524789434852,0.0163016526289909,0.0122162588680934,0.0097746029480176,0.0081463892832965,0.0069831624420982,0.0061081294340479
0.9937512806636836,0.0062487193363165,0.2048650978051589,0.7951349021948411,360.0,1240.0,False,24260.0,0.0,0.9999999999999976,01,operational,152,1,0.0500305959933672,0.0250152979966847,0.016676865331124,0.0124974386726306,0.0099995835231699,0.0083338935078791,0.0071438928483316,0.0062487193363165
0.9935877545899052,0.0064122454100947,0.3067211314899201,0.6932788685100799,360.0,1250.0,False,24260.0,0.0,0.9999999999999976,11,operational,152,11,0.0513398733814617,0.025669936690732,0.0171132911271555,0.0128244908201873,0.0102612679652059,0.008551987618253,0.0073308451958615,0.0064122454100947
0.9543292323957244,0.0456707676042756,0.7033598463964512,0.2966401536035487,360.0,2850.0,False,24260.0,0.0,0.9999999999999976,00,operational,182,0,0.3654487873909956,0.1828323212916195,0.1218882141944138,0.091341535208549,0.0730851604379316,0.0609109312087501,0.0522134300655504,0.0456707676042756
0.9531366157856218,0.0468633842143781,0.7218436371002972,0.2781563628997028,360.0,2850.0,False,24260.0,0.0,0.9999999999999976,10,operational,182,10,0.3749975151516205,0.1876066851719318,0.1250711234479553,0.093726768428754,0.0749936586056332,0.0625015195020278,0.0535768974919392,0.0468633842143781
0.9495926825991616,0.0504073174008382,0.7033598463964512,0.2966401536035487,360.0,4030.0,False,24260.0,0.0,0.9999999999999976,01,operational,182,1,0.3540331257082453,0.2017939993987734,0.1345293329325164,0.100814634801674,0.0806648776172773,0.0672280498813566,0.0576285243266696,0.0504073174008382
0.8227401898436534,0.1772598101563466,0.7218436371002972,0.2781563628997028,360.0,,True,24260.0,1.0,0.8505201074724164,11,operational,182,11,0.3671190137269172,0.2606903470871743,0.2236201955673106,0.2050397277851096,0.1939350187133898,0.1865298643242462,0.1812394810439016,0.1772598101563466
0.9877500712187192,0.0122499287812808,0.2299518426812349,0.7700481573187651,360.0,1920.0,False,24260.0,0.0,0.9999999999999976,00,operational,212,0,0.0980794951442259,0.0490397475721141,0.0326931650480768,0.0244998575625593,0.0196030865539753,0.0163376840033405,0.0140048182520473,0.0122499287812808
0.984858482621911,0.0151415173780889,0.3067099325781872,0.6932900674218128,360.0,1920.0,False,24260.0,0.0,0.9999999999999976,10,operational,212,10,0.1212311031905648,0.0606155515952836,0.04041036773019,0.0302830347561756,0.0242303837859672,0.0201941848537379,0.0173106474924485,0.0151415173780889
0.983673494586064,0.0163265054139361,0.2299518426812349,0.7700481573187651,360.0,2460.0,False,24260.0,0.0,0.9999999999999976,01,operational,212,1,0.1307187524965752,0.0653593762485931,0.0435729174990626,0.0326530108278697,0.0261266742417644,0.0217745989461849,0.0186653934970333,0.0163265054139361
0.9793089449373266,0.0206910550626734,0.3067099325781872,0.6932900674218128,360.0,2550.0,False,24260.0,0.0,0.9999999999999976,11,operational,212,11,0.1656636760734628,0.0828318380776889,0.0552212253851267,0.0413821101253445,0.0331110939931729,0.0275955824189159,0.0236551959419268,0.0206910550626734
0.9837614115433228,0.0162385884566771,0.4065130489408665,0.5934869510591335,360.0,1820.0,False,24260.0,0.0,0.9999999999999976,00,operational,242,0,0.1300148422184772,0.0650074211092398,0.0433382807394939,0.032477176913352,0.0259859841403378,0.0216573444305158,0.0185648818100131,0.0162385884566771
0.9812617184894438,0.0187382815105562,0.4835416204894961,0.5164583795105039,360.0,1820.0,False,24260.0,0.0,0.9999999999999976,10,operational,242,10,0.1500287245126065,0.0750143622563044,0.050009574837537,0.03747656302111,0.0299861461142132,0.0249911756673169,0.0214226736821567,0.0187382815105562
0.9795106109182932,0.0204893890817068,0.4065130489408665,0.5934869510591335,360.0,2220.0,False,24260.0,0.0,0.9999999999999976,01,operational,242,1,0.164049030229336,0.0820245151146691,0.0546830100764469,0.0409787781634114,0.0327883757349313,0.0273266212575831,0.0234246398740928,0.0204893890817068
0.9789884709456668,0.0210115290543332,0.4835416204894961,0.5164583795105039,360.0,2270.0,False,24260.0,0.0,0.9999999999999976,11,operational,242,11,0.1682295626899058,0.084114781344954,0.0560765208966368,0.0420230581086639,0.0336239361091537,0.0280229973778524,0.0240215801134464,0.0210115290543332
0.9175402203904366,0.0824597796095634,0.7769893820783311,0.2230106179216688,360.0,4650.0,False,24260.0,0.0,0.9999999999999974,00,operational,272,0,0.5751445268579558,0.3301085948421985,0.2200723965614666,0.1649195592191241,0.13195719140655,0.1099762983361072,0.0942727298382779,0.0824597796095634
0.9168481540751136,0.0831518459248864,0.7768421193243854,0.2231578806756146,360.0,4650.0,False,24260.0,0.0,0.9999999999999974,10,operational,272,10,0.5806855806897906,0.3328791217581159,0.2219194145054114,0.1663036918497703,0.1330646783252576,0.1108993045813665,0.0950639395781479,0.0831518459248864
0.9051000735388424,0.0948999264611575,0.7769893820783311,0.2230106179216688,360.0,5730.0,False,24260.0,0.0,0.9999999999999974,01,operational,272,1,0.5846087479599449,0.3799098227329123,0.2532732242155031,0.1897998529223122,0.1518646765707599,0.1265676754653426,0.1084950162528395,0.0948999264611575
0.9061373025032144,0.0938626974967856,0.7768421193243854,0.2231578806756146,360.0,5580.0,False,24260.0,0.0,0.9999999999999974,11,operational,272,11,0.5924814504584413,0.3757575308222397,0.2505050205524194,0.1877253949935688,0.1502048392339143,0.1251843270915207,0.1073091968582007,0.0938626974967856
0.9888103054912564,0.0111896945087435,0.299776422162981,0.7002235778370189,360.0,1400.0,False,24260.0,0.0,0.9999999999999976,00,operational,3,0,0.0895906913281596,0.044795345664081,0.0298635637760548,0.0223793890174849,0.0179064347135335,0.0149236535364291,0.0127926978751382,0.0111896945087435
0.9869393347840746,0.0130606652159254,0.3652087288680494,0.6347912711319506,360.0,1400.0,False,24260.0,0.0,0.9999999999999976,10,operational,3,10,0.1045706855523268,0.0522853427761645,0.0348568951841106,0.0261213304318483,0.0209004766682004,0.0174189601409993,0.014931698450311,0.0130606652159254
0.9878904258869342,0.0121095741130657,0.299776422162981,0.7002235778370189,360.0,1530.0,False,24260.0,0.0,0.9999999999999976,01,operational,3,1,0.0969557404477319,0.0484778702238671,0.0323185801492456,0.0242191482261291,0.0193784824147674,0.0161504935095316,0.0138443567788196,0.0121095741130657
0.9213904602219432,0.0786095397780567,0.3652087288680494,0.6347912711319506,360.0,,True,24260.0,1.0,0.93178126576305,11,operational,3,11,0.1514130923275096,0.1098159132822298,0.0959501869338032,0.0890003453191632,0.0848467378788255,0.0820769125579686,0.08009809661479,0.0786095397780567
0.9596984541427668,0.0403015458572333,0.6809553425720035,0.3190446574279965,360.0,2730.0,False,24260.0,0.0,0.9999999999999974,00,operational,33,0,0.3226752640628865,0.1613378878271512,0.1075585918847685,0.0806030917144638,0.0644930028414232,0.0537500203321829,0.04607502909483,0.0403015458572333
0.9573510063848422,0.0426489936151578,0.7130575820353752,0.2869424179646248,360.0,2730.0,False,24260.0,0.0,0.9999999999999974,10,operational,33,10,0.3414701889209827,0.1707353502567515,0.1138235668378352,0.085297987230313,0.0682495325650781,0.0568808025896218,0.0487587654489668,0.0426489936151578
0.956863978429488,0.0431360215705121,0.6809553425720035,0.3190446574279965,360.0,3380.0,False,24260.0,0.0,0.9999999999999974,01,operational,33,1,0.3332602732942682,0.1726850536727936,0.1151233691151967,0.0862720431410214,0.0690289045380484,0.0575303499443402,0.0493155636247101,0.0431360215705121
0.8973868337953119,0.102613166204688,0.7130575820353752,0.2869424179646248,360.0,,True,24260.0,1.0,0.9317812653019064,11,operational,33,11,0.3433250191366913,0.2059088608274343,0.1600121521176541,0.1370075977112826,0.123258811243591,0.1140904588086851,0.1075404132753949,0.102613166204688
0.8692504270194524,0.1307495729805475,0.8513857787116225,0.1486142212883775,360.0,6390.0,False,24260.0,0.0,0.9999999999999976,00,operational,63,0,0.7767473723293875,0.5195970566220942,0.3489503854055967,0.2614991459610928,0.2092334773366031,0.1743802143725313,0.1494803797491091,0.1307495729805475
0.8651328056653481,0.1348671943346518,0.8601019085639114,0.1398980914360885,360.0,6390.0,False,24260.0,0.0,0.9999999999999976,10,operational,63,10,0.8014028123179868,0.5360016969993836,0.359939679869165,0.2697343886693014,0.2158227473023481,0.1798718705062034,0.1541878796639739,0.1348671943346518
0.8357960496757931,0.1642039503242068,0.8513857787116225,0.1486142212883775,360.0,8400.0,False,24260.0,0.0,0.9999999999999976,01,operational,63,1,0.7347249808820457,0.5957007232186597,0.4382349436757113,0.3284079006484112,0.2627692216161361,0.2189981917769761,0.1877273347150284,0.1642039503242068
0.8226855925400676,0.1773144074599324,0.8601019085639114,0.1398980914360885,360.0,7990.0,False,24260.0,0.0,0.9999999999999976,11,operational,63,11,0.7675347684608189,0.6581770084890957,0.4732247257917544,0.3546288149198623,0.2837493783650111,0.2364835592143891,0.2027159581319801,0.1773144074599324
0.9628414405974706,0.0371585594025294,0.6082505758307807,0.3917494241692193,360.0,2810.0,False,24260.0,0.0,0.9999999999999974,00,operational,93,0,0.2974731915228598,0.1487556708107719,0.0991704472071821,0.0743171188050563,0.0594634033547974,0.0495582311029917,0.042481787464394,0.0371585594025294
0.9605247474717716,0.0394752525282282,0.6552726701102878,0.3447273298897121,360.0,2810.0,False,24260.0,0.0,0.9999999999999974,10,operational,93,10,0.3160218783135857,0.1580300142061347,0.1053533428040908,0.0789505050564539,0.0631707176317158,0.0526479960229492,0.0451303633663828,0.0394752525282282
0.9576038827009064,0.0423961172990935,0.6082505758307807,0.3917494241692193,360.0,3670.0,False,24260.0,0.0,0.9999999999999974,01,operational,93,1,0.3163505232066103,0.1697230185993044,0.1131486790662038,0.0847922345981844,0.0678448643911018,0.0565435423967216,0.0484696628011098,0.0423961172990935
0.9538985483269083,0.0461014516730916,0.6552726701102878,0.3447273298897121,360.0,3660.0,False,24260.0,0.0,0.9999999999999974,11,operational,93,11,0.346134102921521,0.1845564650311593,0.1230376433541072,0.0922029033461805,0.0737743674716341,0.0614853329336271,0.0527058126920548,0.0461014516730916
0.954024142396008,0.0459758576039921,0.6899855109112953,0.3100144890887046,360.0,2850.0,False,24260.0,0.0,0.9999999999999974,00,operational,123,0,0.3678613381509485,0.184053678316627,0.1227024522110856,0.0919517152079815,0.0735733841474712,0.061317828595416,0.0525622263788053,0.0459758576039921
0.9524819352120782,0.0475180647879217,0.6970279657129261,0.3029720342870738,360.0,2850.0,False,24260.0,0.0,0.9999999999999974,10,operational,123,10,0.380209033879914,0.1902275469451031,0.1268183646300696,0.0950361295758406,0.0760413185698273,0.0633746645239012,0.0543253657164757,0.0475180647879217
0.9493842636817604,0.0506157363182394,0.6899855109112953,0.3100144890887046,360.0,3450.0,False,24260.0,0.0,0.9999999999999976,01,operational,123,1,0.3873763439088552,0.2026283561759514,0.1350855707839685,0.1012314726364764,0.0809984023381349,0.0675060174086473,0.0578668007371375,0.0506157363182394
0.813905866388576,0.186094133611424,0.6970279657129261,0.3029720342870738,360.0,,True,24260.0,1.0,0.8506156213344934,11,operational,123,11,0.4353193414837248,0.2963433649686079,0.2473570362009073,0.2228038885573415,0.2081295776318669,0.1983440409504807,0.1913530672411005,0.186094133611424
0.9735875378975358,0.0264124621024641,0.367589436810864,0.632410563189136,360.0,2790.0,False,24260.0,0.0,0.9999999999999976,00,operational,153,0,0.2114587349908748,0.1057361636454782,0.070490775763653,0.0528249242049259,0.0422668400725244,0.0352262014975697,0.0301962352547999,0.0264124621024641
0.9704908512114367,0.0295091487885632,0.4092659459514852,0.5907340540485148,360.0,2790.0,False,24260.0,0.0,0.9999999999999976,10,operational,153,10,0.2362524682609829,0.1181330302810063,0.0787553535206716,0.0590182975771242,0.0472223478327747,0.0393562408992806,0.0337365443453006,0.0295091487885632
0.9695439073774595,0.0304560926225404,0.367589436810864,0.632410563189136,360.0,3360.0,False,24260.0,0.0,0.9999999999999976,01,operational,153,1,0.2350237889569116,0.1219239002046076,0.0812826001364058,0.0609121852450785,0.0487377053724507,0.0406191763338175,0.0348191446221294,0.0304560926225404
0.6526636366783132,0.3473363633216868,0.4092659459514852,0.5907340540485148,360.0,,True,24260.0,1.0,0.6554775645236662,11,operational,153,11,0.3670522499244215,0.3557873427003777,0.3520323736256965,0.3501502911670399,0.3490254552157948,0.3482753604742189,0.3477394785099853,0.3473363633216868
0.9320434829488736,0.0679565170511263,0.7509156147096673,0.2490843852903327,360.0,3900.0,False,24260.0,0.0,0.9999999999999976,00,operational,183,0,0.5066998107957243,0.272048148325581,0.1813654322170548,0.1359130341022506,0.1087481820870397,0.090633351537974,0.0776917717103401,0.0679565170511263
0.9299314464138408,0.0700685535861591,0.7545697621727108,0.2454302378272893,360.0,3900.0,False,24260.0,0.0,0.9999999999999976,10,operational,183,10,0.5212264034083713,0.2805031965458915,0.1870021310305952,0.1401371071723159,0.112127992348849,0.0934501667316758,0.0801063725086743,0.0700685535861591
0.9258302282697248,0.0741697717302751,0.7509156147096673,0.2490843852903327,360.0,5010.0,False,24260.0,0.0,0.9999999999999976,01,operational,183,1,0.4757872278711266,0.2969214717960289,0.19794764786402,0.1483395434605479,0.1186910128929927,0.0989199459657989,0.0847951193369918,0.0741697717302751
0.8001609360584784,0.1998390639415216,0.7545697621727108,0.2454302378272893,360.0,,True,24260.0,1.0,0.8461534867332533,11,operational,183,11,0.4894704392891814,0.3379670184190323,0.2765935167016038,0.2458316146162966,0.227446610688823,0.2151866053479655,0.206427824117516,0.1998390639415216
0.9837353113066358,0.0162646886933641,0.3596704057691353,0.6403295942308647,360.0,1660.0,False,24260.0,0.0,0.9999999999999976,00,operational,213,0,0.1302238147017553,0.065111907350879,0.04340793823392,0.032529377386726,0.0260277513381713,0.0216921542181495,0.0185947210913398,0.0162646886933641
0.982547682149774,0.0174523178502259,0.3948844061791283,0.6051155938208717,360.0,1660.0,False,24260.0,0.0,0.9999999999999976,10,operational,213,10,0.1397326102387208,0.0698663051193616,0.0465775367462421,0.0349046357004496,0.02792826827763,0.0232760907637737,0.0199524865763195,0.0174523178502259
0.9815320614987116,0.0184679385012883,0.3596704057691353,0.6403295942308647,360.0,1910.0,False,24260.0,0.0,0.9999999999999976,01,operational,213,1,0.1478642134906913,0.0739321067453468,0.0492880711635653,0.0369358770025745,0.0295535266676385,0.0246306202112983,0.0211136021129985,0.0184679385012883
0.9797662708319326,0.0202337291680674,0.3948844061791283,0.6051155938208717,360.0,1960.0,False,24260.0,0.0,0.9999999999999976,11,operational,213,11,0.1620020799403926,0.0810010399701974,0.0540006933134658,0.0404674583361325,0.0323792530775723,0.0269856485910525,0.0231323548584994,0.0202337291680674
0.9849589792463004,0.0150410207536997,0.311956819549505,0.688043180450495,360.0,1880.0,False,24260.0,0.0,0.9999999999999976,00,operational,243,0,0.1204264733547685,0.0602132366773855,0.0401421577849244,0.030082041507397,0.0240695629304782,0.0200601528832677,0.0171957540114622,0.0150410207536997
0.984027505499701,0.015972494500299,0.3254283191665281,0.6745716808334719,360.0,1880.0,False,24260.0,0.0,0.9999999999999976,10,operational,243,10,0.1278843513912657,0.0639421756956341,0.0426281171304235,0.0319449890005956,0.025560164288524,0.0213024559203761,0.018260668000808,0.015972494500299
0.983717064575538,0.0162829354244619,0.311956819549505,0.688043180450495,360.0,2060.0,False,24260.0,0.0,0.9999999999999976,01,operational,243,1,0.1303699078102179,0.06518495390511,0.0434566359367408,0.0325658708489214,0.0260569508751992,0.0217164898148776,0.0186155817965146,0.0162829354244619
0.9818316975145228,0.0181683024854771,0.3254283191665281,0.6745716808334719,360.0,2140.0,False,24260.0,0.0,0.9999999999999976,11,operational,243,11,0.1454651669588688,0.0727325834794356,0.0484883889862912,0.0363366049709519,0.0290740307572937,0.0242309967824809,0.0207710411056548,0.0181683024854771
0.9562600851305122,0.0437399148694878,0.7055445405439026,0.2944554594560974,360.0,2970.0,False,24260.0,0.0,0.9999999999999974,00,operational,273,0,0.3487245853862274,0.1751026003762094,0.1167350669174738,0.0874798297389729,0.069995291593888,0.058335760168886,0.0500059689361849,0.0437399148694878
0.9530472639131812,0.0469527360868187,0.7513234699760869,0.248676530023913,360.0,2970.0,False,24260.0,0.0,0.9999999999999974,10,operational,273,10,0.3744481539563606,0.1879643846612758,0.1253095897741849,0.0939054721736346,0.0751366449462465,0.062620687758685,0.0536790496559519,0.0469527360868187
0.9413185674472928,0.0586814325527071,0.7055445405439026,0.2944554594560974,360.0,3870.0,False,24260.0,0.0,0.9999999999999976,01,operational,273,1,0.4360345936178376,0.234917499598249,0.1566116663988334,0.1173628651054121,0.0939056236147162,0.0782632061808009,0.067087965354238,0.0586814325527071
0.9508145089768306,0.0491854910231693,0.7513234699760869,0.248676530023913,360.0,3830.0,False,24260.0,0.0,0.9999999999999976,11,operational,273,11,0.3622903815405243,0.1969027009914391,0.1312684673276267,0.0983709820463365,0.078709636189917,0.0655985046307913,0.0562316626256483,0.0491854910231693
0.9639797862248972,0.0360202137751026,0.6440110161619512,0.3559889838380487,360.0,2720.0,False,24260.0,0.0,0.9999999999999976,00,operational,4,0,0.2883967838391248,0.1441985682173157,0.0961323788115446,0.0720404275502031,0.0576417529386018,0.0480400238154601,0.041180365725152,0.0360202137751026
0.9607085728727288,0.0392914271272711,0.6770644210481331,0.3229355789518668,360.0,2720.0,False,24260.0,0.0,0.9999999999999976,10,operational,4,10,0.3145878711349128,0.1572941118657026,0.1048627412438025,0.0785828542545399,0.0628765489626468,0.0524028287761638,0.0449202036686018,0.0392914271272711
0.9579710128088164,0.0420289871911836,0.6440110161619512,0.3559889838380487,360.0,3510.0,False,24260.0,0.0,0.9999999999999976,01,operational,4,1,0.3175538672066686,0.1682532983960712,0.1121688655973818,0.0840579743823649,0.0672573602994108,0.0560539023507886,0.0480499386926733,0.0420289871911836
0.5966006159973357,0.4033993840026643,0.6770644210481331,0.3229355789518668,360.0,,True,24260.0,1.0,0.601077660317667,11,operational,4,11,0.4347679559725661,0.4168451478274495,0.4108708784457442,0.4078764283229954,0.4060867802994535,0.4048933568760247,0.4040407524610598,0.4033993840026643
0.9561268860551874,0.0438731139448126,0.6385870472753246,0.3614129527246755,360.0,2780.0,False,24260.0,0.0,0.9999999999999976,00,operational,34,0,0.351266558556998,0.1756358319686052,0.1170905546457375,0.0877462278896227,0.0702084449149501,0.0585134072753344,0.0501582497269202,0.0438731139448126
0.9539564399013593,0.0460435600986407,0.6578388359461637,0.3421611640538363,360.0,2780.0,False,24260.0,0.0,0.9999999999999976,10,operational,34,10,0.3686443137100158,0.1843247095452049,0.122883139696804,0.0920871201972791,0.0736817258273466,0.0614081231582299,0.0526396277375964,0.0460435600986407
0.9501609187505324,0.0498390812494676,0.6385870472753246,0.3614129527246755,360.0,3550.0,False,24260.0,0.0,0.9999999999999976,01,operational,34,1,0.3775575580908348,0.1995191978124043,0.1330127985416036,0.099678162498933,0.079755551313647,0.0664701954606392,0.0569788843029375,0.0498390812494676
0.8557987392069525,0.1442012607930475,0.6578388359461637,0.3421611640538363,360.0,,True,24260.0,1.0,0.8893731197842348,11,operational,34,11,0.3745616773673612,0.2450341227228587,0.2002317085538276,0.1777756413703295,0.1643546610219973,0.1554049054821461,0.14901102973249,0.1442012607930475
0.9703356294654968,0.0296643705345033,0.6033783214511395,0.3966216785488605,360.0,2350.0,False,24260.0,0.0,0.9999999999999976,00,operational,64,0,0.2375088490507437,0.1187544245253741,0.0791696163502501,0.0593287410690043,0.0474707431806213,0.0395632595588087,0.0339140027109344,0.0296643705345033
0.969078089356431,0.0309219106435689,0.6366731105033093,0.3633268894966907,360.0,2350.0,False,24260.0,0.0,0.9999999999999976,10,operational,64,10,0.2475773891396674,0.1237886945698359,0.0825257963798914,0.0618438212871355,0.049483135909041,0.0412404360787929,0.0353516943895209,0.0309219106435689
0.9644303938439288,0.0355696061560713,0.6033783214511395,0.3966216785488605,360.0,2870.0,False,24260.0,0.0,0.9999999999999976,01,operational,64,1,0.2843406796106469,0.1423946651672719,0.094929776778182,0.0711392123121402,0.0569206630191855,0.047439050126496,0.040665205358084,0.0355696061560713
0.9636380386722168,0.0363619613277832,0.6366731105033093,0.3633268894966907,360.0,2780.0,False,24260.0,0.0,0.9999999999999976,11,operational,64,11,0.2911271369870243,0.1455666752501053,0.0970444501667376,0.072723922655564,0.0581886383102983,0.0484958112428238,0.0415710710466953,0.0363619613277832
0.946842249405112,0.0531577505948879,0.7590227746465203,0.2409772253534796,360.0,3150.0,False,24260.0,0.0,0.9999999999999976,00,operational,94,0,0.4196492957899681,0.2128047205187432,0.1418698136791629,0.1063155011897732,0.0850662893255866,0.0708962923012922,0.0607729766483783,0.0531577505948879
0.9447422837852966,0.0552577162147034,0.7779034371762454,0.2220965628237545,360.0,3150.0,False,24260.0,0.0,0.9999999999999976,10,operational,94,10,0.4364627460139824,0.2212114456307502,0.1474742970871676,0.1105154324294046,0.088426782969315,0.0736970085607088,0.0631737772869914,0.0552577162147034
0.9313860908893704,0.0686139091106297,0.7590227746465203,0.2409772253534796,360.0,4230.0,False,24260.0,0.0,0.9999999999999976,01,operational,94,1,0.4806563580380943,0.2746798649036577,0.1831199099357724,0.137227818221257,0.1098001811371918,0.0915101128584874,0.0784433398604956,0.0686139091106297
0.9382757185682724,0.0617242814317275,0.7779034371762454,0.2220965628237545,360.0,3940.0,False,24260.0,0.0,0.9999999999999976,11,operational,94,11,0.4486576682045143,0.2470988390649153,0.164732559376611,0.1234485628634527,0.0987749768175901,0.0823214423014322,0.0705667239886755,0.0617242814317275
0.9811981319680336,0.0188018680319662,0.4516355509436226,0.5483644490563774,360.0,1680.0,False,24260.0,0.0,0.9999999999999976,00,operational,124,0,0.1505378322820668,0.0752689161410345,0.050179277427357,0.0376037360639301,0.0300879011615385,0.0250759807720827,0.0214953694252527,0.0188018680319662
0.9802538353688072,0.0197461646311929,0.4905514978533692,0.5094485021466307,360.0,1680.0,False,24260.0,0.0,0.9999999999999976,10,operational,124,10,0.1580983769490764,0.0790491884745394,0.052699458983027,0.0394923292623833,0.0315990224339781,0.026335385599576,0.0225749432321148,0.0197461646311929
0.9797186466790512,0.0202813533209487,0.4516355509436226,0.5483644490563774,360.0,1900.0,False,24260.0,0.0,0.9999999999999976,01,operational,124,1,0.162383384432416,0.0811916922162092,0.0541277948108068,0.0405627066418949,0.0324554641648089,0.0270491647448681,0.0231868015101837,0.0202813533209487
0.9787802801014912,0.0212197198985089,0.4905514978533694,0.5094485021466306,360.0,1900.0,False,24260.0,0.0,0.9999999999999976,11,operational,124,11,0.1698964501677842,0.0849482250838933,0.0566321500559297,0.0424394397970155,0.0339570958532625,0.0283006607247389,0.0242595957775764,0.0212197198985089
0.9611828027592834,0.0388171972407166,0.6850637597814891,0.3149362402185108,360.0,2680.0,False,24260.0,0.0,0.9999999999999974,00,operational,154,0,0.3107912525801094,0.1553956425486128,0.1035970950324094,0.0776343944814307,0.0621176572434707,0.0517703501577323,0.0443780369760873,0.0388171972407166
0.9591391168020068,0.040860883197993,0.7197213610229681,0.2802786389770318,360.0,2680.0,False,24260.0,0.0,0.9999999999999974,10,operational,154,10,0.3271540976060214,0.1635770650899966,0.1090513767266654,0.0817217663959832,0.0653880887231094,0.0544960064426137,0.0467144954900057,0.040860883197993
0.9550551803778556,0.0449448196221444,0.6850637597814891,0.3149362402185108,360.0,3370.0,False,24260.0,0.0,0.9999999999999974,01,operational,154,1,0.3487533196307547,0.1799261569840669,0.1199507713227121,0.0898896392442862,0.0719234540001642,0.0599427371117324,0.0513834848689935,0.0449448196221444
0.95102176480124,0.0489782351987601,0.7197213610229681,0.2802786389770318,360.0,3440.0,False,24260.0,0.0,0.9999999999999974,11,operational,154,11,0.3773991222380527,0.1960730003871849,0.1307153335914576,0.0979564703975173,0.0783779727217242,0.0653220883162551,0.0559947159295201,0.0489782351987601
0.94973905312361,0.0502609468763899,0.7329763974207677,0.2670236025792322,360.0,3340.0,False,24260.0,0.0,0.9999999999999976,00,operational,184,0,0.393087242349006,0.2012080389659328,0.134138692643956,0.1005218937527774,0.0804306465363509,0.0670328360626858,0.0574611851829932,0.0502609468763899
0.9480497328156432,0.0519502671843568,0.7667741292804692,0.2332258707195308,360.0,3340.0,False,24260.0,0.0,0.9999999999999976,10,operational,184,10,0.4066128461219426,0.2079708408524011,0.1386472272349349,0.1039005343687109,0.0831340003929926,0.0692858762121244,0.0593925126466043,0.0519502671843568
0.946207675416109,0.053792324583891,0.7329763974207677,0.2670236025792322,360.0,4150.0,False,24260.0,0.0,0.9999999999999976,01,operational,184,1,0.3806379456158862,0.215345090245962,0.1435633934973088,0.1075846491677796,0.0860817735013266,0.0717426212468871,0.0614984578770566,0.053792324583891
0.9451604057361964,0.0548395942638035,0.7667741292804692,0.2332258707195308,360.0,4090.0,False,24260.0,0.0,0.9999999999999976,11,operational,184,11,0.3935314001234484,0.2195375914155466,0.146358394277032,0.1096791885276048,0.0877576786063467,0.0731393608853115,0.062695756391189,0.0548395942638035
0.922367634525741,0.077632365474259,0.7095644970153028,0.2904355029846971,360.0,4680.0,False,24260.0,0.0,0.9999999999999976,00,operational,214,0,0.5366742231494095,0.3107831624377943,0.2071887749585304,0.1552647309485155,0.1242320675453509,0.1035379942362183,0.088753754275284,0.077632365474259
0.9190229083945431,0.0809770916054567,0.7210300711411695,0.2789699288588306,360.0,4680.0,False,24260.0,0.0,0.9999999999999976,10,operational,214,10,0.5581347787950882,0.3241729974401381,0.2161153316267595,0.161954183210911,0.1295845032223166,0.1079988429141902,0.09257763622649,0.0809770916054567
0.9128243549358728,0.0871756450641272,0.7095644970153028,0.2904355029846971,360.0,6250.0,False,24260.0,0.0,0.9999999999999976,01,operational,214,1,0.4836835143679789,0.3471288938967071,0.2326583119903137,0.174351290128252,0.1395038082345587,0.1162658303794829,0.0996641765782132,0.0871756450641272
0.9115648024352636,0.0884351975647363,0.7210300711411695,0.2789699288588306,360.0,6530.0,False,24260.0,0.0,0.9999999999999976,11,operational,214,11,0.4631917989318093,0.348205223719096,0.2360198627817002,0.1768703951294706,0.1415194213152204,0.11794569081851,0.1011041689377524,0.0884351975647363
0.9725754048473618,0.0274245951526381,0.4609561704281433,0.5390438295718567,360.0,2420.0,False,24260.0,0.0,0.9999999999999976,00,operational,244,0,0.219576006940964,0.1097880034705215,0.0731920023136818,0.054849190305274,0.043886517389916,0.0365760795448895,0.0313533635669448,0.0274245951526381
0.9704645749840274,0.0295354250159726,0.5052603957906918,0.4947396042093082,360.0,2420.0,False,24260.0,0.0,0.9999999999999976,10,operational,244,10,0.2364764421212553,0.1182382210606672,0.0788254807071123,0.0590708500319427,0.0472643966617444,0.0393912854050796,0.0337665848292729,0.0295354250159726
0.9694483370782796,0.0305516629217205,0.4609561704281433,0.5390438295718567,360.0,2850.0,False,24260.0,0.0,0.9999999999999976,01,operational,244,1,0.2443594440435907,0.122306493722567,0.0815376624817121,0.0611033258434388,0.0488906428205182,0.0407466380828599,0.0349284060467636,0.0305516629217205
0.9674570402335224,0.0325429597664777,0.5052603957906918,0.4947396042093082,360.0,2880.0,False,24260.0,0.0,0.9999999999999976,11,operational,244,11,0.2600037456622077,0.1302781886076243,0.086852125738417,0.065085919532953,0.0520772380325723,0.0434024232051546,0.0372049703349834,0.0325429597664777
0.9832701207651214,0.0167298792348785,0.3864270013444681,0.6135729986555318,360.0,1610.0,False,24260.0,0.0,0.9999999999999976,00,operational,274,0,0.1339483794949263,0.0669741897474643,0.0446494598316435,0.0334597584697546,0.0267721777435994,0.0223125770960539,0.0191265534883116,0.0167298792348785
0.982985376177122,0.0170146238228781,0.3881939120239717,0.6118060879760283,360.0,1610.0,False,24260.0,0.0,0.9999999999999976,10,operational,274,10,0.1362281972746613,0.0681140986373318,0.0454093990915553,0.0340292476457538,0.0272278434788043,0.0226923398835328,0.0194520897648392,0.0170146238228781
0.9828948895695836,0.0171051104304164,0.3864270013444681,0.6135729986555318,360.0,1660.0,False,24260.0,0.0,0.9999999999999976,01,operational,274,1,0.1369526815507027,0.0684763407753525,0.0456508938502357,0.0342102208608303,0.0273726456920432,0.0228130215321278,0.0195555392228276,0.0171051104304164
0.9826046433598664,0.0173953566401335,0.3881939120239717,0.6118060879760283,360.0,1660.0,False,24260.0,0.0,0.9999999999999976,11,operational,274,11,0.1392765482624913,0.0696382741312467,0.0464255160874986,0.0347907132802649,0.0278371154593896,0.0232001218118267,0.0198873652675345,0.0173953566401335
0.9976551418972776,0.0023448581027223,0.0722516265095652,0.9277483734904348,360.0,940.0,False,24260.0,0.0,0.9999999999999976,00,operational,5,0,0.0187741906917144,0.0093870953458584,0.0062580635639062,0.0046897162054423,0.0037523855987379,0.0031273284440218,0.0026807757123979,0.0023448581027223
0.9974056121341988,0.0025943878658011,0.0827171604537637,0.9172828395462362,360.0,940.0,False,24260.0,0.0,0.9999999999999976,10,operational,5,10,0.0207720597098284,0.0103860298549154,0.0069240199032777,0.0051887757315997,0.0041516984135928,0.0034601253517753,0.0029660523897396,0.0025943878658011
0.9975421129156572,0.0024578870843429,0.0722516265095652,0.9277483734904348,360.0,990.0,False,24260.0,0.0,0.9999999999999976,01,operational,5,1,0.0196791612961925,0.0098395806480974,0.0065597204320657,0.0049157741686833,0.0039332615000899,0.0032780747722583,0.0028099968999716,0.0024578870843429
0.9972119137434076,0.0027880862565923,0.0827171604537637,0.9172828395462362,360.0,1000.0,False,24260.0,0.0,0.9999999999999976,11,operational,5,11,0.0223229128387133,0.0111614564193578,0.0074409709462393,0.0055761725131824,0.0044616664458846,0.0037184601680183,0.0031874994534066,0.0027880862565923
0.9499083591821276,0.0500916408178725,0.6365503068747425,0.3634496931252575,360.0,3260.0,False,24260.0,0.0,0.9999999999999976,00,operational,35,0,0.3919093505860077,0.2005302614440905,0.1336868409627278,0.1001832816357427,0.0801597126086125,0.0668070332083756,0.0572676248267787,0.0500916408178725
0.9474002196015612,0.0525997803984389,0.6613898633243169,0.338610136675683,360.0,3260.0,False,24260.0,0.0,0.9999999999999976,10,operational,35,10,0.4116039701361016,0.2105710163009333,0.1403806775339564,0.1051995607968755,0.0841733912319879,0.0701521295460938,0.0601350732506648,0.0525997803984389
0.9437673900916426,0.0562326099083574,0.6365503068747425,0.3634496931252575,360.0,4400.0,False,24260.0,0.0,0.9999999999999976,01,operational,35,1,0.3679320387192681,0.2251142063324694,0.1500761375549804,0.1124652198167124,0.0899868675868541,0.0749972206181133,0.0642883314397922,0.0562326099083574
0.9394205004045556,0.0605794995954445,0.6613898633243169,0.338610136675683,360.0,4400.0,False,24260.0,0.0,0.9999999999999976,11,operational,35,11,0.4019840900926075,0.2425159706026709,0.1616773137351148,0.1211589991908865,0.0969430267856544,0.0807946510663243,0.0692579440078574,0.0605794995954445
0.9346276348390488,0.0653723651609512,0.5794271352068364,0.4205728647931636,360.0,4120.0,False,24260.0,0.0,0.9999999999999976,00,operational,65,0,0.4683883716540035,0.2617030958240622,0.1744687305493756,0.1307447303219001,0.104612863908771,0.0871868778684425,0.0747374216725756,0.0653723651609512
0.9313367830802488,0.0686632169197511,0.6005242805005051,0.3994757194994949,360.0,4120.0,False,24260.0,0.0,0.9999999999999976,10,operational,65,10,0.4922298931956776,0.2748772572767747,0.1832515048511839,0.1373264338395,0.1098790865142967,0.0915758744983065,0.0784997113641575,0.0686632169197511
0.9267530500225014,0.0732469499774985,0.5794271352068364,0.4205728647931636,360.0,5440.0,False,24260.0,0.0,0.9999999999999976,01,operational,65,1,0.4225376978216619,0.2932271690275571,0.1954847793517079,0.1464938999549949,0.1172142569855451,0.0976891820603539,0.083740096801153,0.0732469499774985
0.7366699567661578,0.2633300432338422,0.6005242805005051,0.3994757194994949,360.0,,True,24260.0,1.0,0.7717890050583598,11,operational,65,11,0.4673610712460511,0.3688019562421225,0.321938302475295,0.2984490915260445,0.284410647662669,0.2750491377374456,0.2683610968155996,0.2633300432338422
0.9225614455604368,0.0774385544395632,0.7127943103063856,0.2872056896936143,360.0,4410.0,False,24260.0,0.0,0.9999999999999976,00,operational,95,0,0.5476539989272311,0.3100072849296172,0.2066715232864122,0.1548771088791242,0.123921919253382,0.103279509187223,0.0885321784306716,0.0774385544395632
0.920441159645864,0.0795588403541358,0.7166730900358917,0.2833269099641082,360.0,4410.0,False,24260.0,0.0,0.9999999999999976,10,operational,95,10,0.5609140381341623,0.3184953576268439,0.2123302384178966,0.1591176807082692,0.127314930677747,0.1061073265474312,0.0909562103908688,0.0795588403541358
0.9014041595674864,0.0985958404325134,0.7127943103063856,0.2872056896936143,360.0,6150.0,False,24260.0,0.0,0.9999999999999976,01,operational,95,1,0.5704335251115167,0.3928671323089152,0.2631370469059418,0.1971916808650246,0.1577791045458236,0.1314969020466286,0.1127203962014267,0.0985958404325134
0.911896275012726,0.088103724987274,0.7166730900358917,0.2833269099641082,360.0,5970.0,False,24260.0,0.0,0.9999999999999976,11,operational,95,11,0.5046564842888155,0.352237662225168,0.2351352137459887,0.1762074499745456,0.1409889785883861,0.1175036070870004,0.1007252105547459,0.088103724987274
0.996960117690592,0.0030398823094081,0.1538503331845219,0.8461496668154781,360.0,630.0,False,24260.0,0.0,0.9999999999999976,00,operational,125,0,0.0243389269870752,0.0121694634935388,0.00811297566236,0.006079764618814,0.0048646059164259,0.0040542796178816,0.0034753670826174,0.0030398823094081
0.9965473151593808,0.0034526848406192,0.2206984783009583,0.7793015216990417,360.0,630.0,False,24260.0,0.0,0.9999999999999976,10,operational,125,10,0.0276440452925222,0.0138220226462624,0.0092146817641757,0.0069053696812358,0.0055251978181025,0.0046048328032203,0.0039473065140065,0.0034526848406192
0.9961486500726724,0.0038513499273276,0.1538503331845219,0.8461496668154781,360.0,780.0,False,24260.0,0.0,0.9999999999999976,01,operational,125,1,0.0308359716403514,0.0154179858201768,0.010278657213452,0.0077026998546527,0.0061631661149254,0.0051365309319276,0.0044030832113634,0.0038513499273276
0.9954152313720138,0.0045847686279861,0.2206984783009583,0.7793015216990417,360.0,810.0,False,24260.0,0.0,0.9999999999999976,11,operational,125,11,0.036708114831899,0.0183540574159507,0.0122360382773013,0.00916953725597,0.0073368276541895,0.0061146886981843,0.0052415693600398,0.0045847686279861
0.9857439492756288,0.0142560507243713,0.4101926136029681,0.5898073863970319,360.0,1260.0,False,24260.0,0.0,0.9999999999999976,00,operational,155,0,0.1141415825970744,0.0570707912985383,0.0380471941990263,0.0285121014487403,0.0228134057966737,0.0190132413035973,0.0162983314394349,0.0142560507243713
0.9857439492756288,0.0142560507243713,0.4101926136029681,0.5898073863970319,360.0,1260.0,False,24260.0,0.0,0.9999999999999976,10,operational,155,10,0.1141415825970744,0.0570707912985383,0.0380471941990263,0.0285121014487403,0.0228134057966737,0.0190132413035973,0.0162983314394349,0.0142560507243713
0.9847627687428956,0.0152372312571045,0.4101926136029681,0.5898073863970319,360.0,1390.0,False,24260.0,0.0,0.9999999999999976,01,operational,155,1,0.1219974398035975,0.0609987199017999,0.0406658132678674,0.0304744625142066,0.024383550999284,0.0203218380946677,0.0174200730657514,0.0152372312571045
0.9847627687428956,0.0152372312571045,0.4101926136029681,0.5898073863970319,360.0,1390.0,False,24260.0,0.0,0.9999999999999976,11,operational,155,11,0.1219974398035975,0.0609987199017999,0.0406658132678674,0.0304744625142066,0.024383550999284,0.0203218380946677,0.0174200730657514,0.0152372312571045
0.9437328476927233,0.0562671523072768,0.6956495848833069,0.3043504151166932,360.0,3590.0,False,24260.0,0.0,0.9999999999999976,00,operational,185,0,0.4315192705115069,0.2252524888118033,0.1501683258745363,0.112534304614551,0.0900421444499189,0.0750432896858066,0.0643278222831672,0.0562671523072768
0.9392011587290336,0.0607988412709664,0.733496993380778,0.2665030066192219,360.0,3590.0,False,24260.0,0.0,0.9999999999999976,10,operational,185,10,0.4661181356644525,0.24339405410762,0.1622627027384141,0.1215976825419306,0.097294030773263,0.0810871862350933,0.0695087079392754,0.0607988412709664
0.9385751198849396,0.0614248801150605,0.6956495848833069,0.3043504151166932,360.0,4520.0,False,24260.0,0.0,0.9999999999999976,01,operational,185,1,0.4191847507646612,0.2459002553625719,0.1639335035750486,0.1228497602301188,0.0982958564871956,0.0819221318899818,0.0702244313027986,0.0614248801150605
0.8065663217047458,0.1934336782952541,0.733496993380778,0.2665030066192219,360.0,,True,24260.0,1.0,0.8506156213344934,11,operational,185,11,0.4714568777666903,0.3257255291440712,0.2669451456512163,0.2374829779250018,0.219874766707885,0.2081327641270641,0.1997440539305001,0.1934336782952541
0.9814210443964314,0.0185789556035685,0.602520198356952,0.3974798016430479,360.0,1530.0,False,24260.0,0.0,0.9999999999999976,00,operational,215,0,0.1487530759109092,0.0743765379554558,0.0495843586369714,0.037157911207135,0.0297311830364084,0.0247786833036155,0.0212405232051994,0.0185789556035685
0.9814210443964314,0.0185789556035685,0.602520198356952,0.3974798016430479,360.0,1530.0,False,24260.0,0.0,0.9999999999999976,10,operational,215,10,0.1487530759109092,0.0743765379554558,0.0495843586369714,0.037157911207135,0.0297311830364084,0.0247786833036155,0.0212405232051994,0.0185789556035685
0.9802477104083526,0.0197522895916474,0.602520198356952,0.3974798016430479,360.0,1710.0,False,24260.0,0.0,0.9999999999999976,01,operational,215,1,0.1581474166651343,0.0790737083325683,0.0527158055550462,0.0395045791832924,0.0316088239709564,0.026343554436328,0.0225819456367407,0.0197522895916474
0.9802477104083526,0.0197522895916474,0.602520198356952,0.3974798016430479,360.0,1710.0,False,24260.0,0.0,0.9999999999999976,11,operational,215,11,0.1581474166651343,0.0790737083325683,0.0527158055550462,0.0395045791832924,0.0316088239709564,0.026343554436328,0.0225819456367407,0.0197522895916474
0.9414910337497732,0.0585089662502267,0.6927979029586928,0.3072020970413072,360.0,3810.0,False,24260.0,0.0,0.9999999999999976,00,operational,245,0,0.4408200444180106,0.2342270707729593,0.1561513805153069,0.1170179325004511,0.0936296324709689,0.0780331885209875,0.0668907920266238,0.0585089662502267
0.9365267193911844,0.0634732806088156,0.7568427914559543,0.2431572085440456,360.0,3810.0,False,24260.0,0.0,0.9999999999999976,10,operational,245,10,0.4792732894794078,0.2541005514568525,0.1694003676379024,0.1269465612176288,0.1015738324569536,0.0846540759344566,0.0725662797440959,0.0634732806088156
0.9363135105712675,0.0636864894287323,0.6927979029586928,0.3072020970413072,360.0,4900.0,False,24260.0,0.0,0.9999999999999976,01,operational,245,1,0.4125437834610485,0.2549540834973692,0.1699693889982468,0.1273729788574624,0.1019150222732803,0.0849384317367408,0.0728100322447007,0.0636864894287323
0.926130385717542,0.073869614282458,0.7568427914559543,0.2431572085440456,360.0,4490.0,False,24260.0,0.0,0.9999999999999976,11,operational,245,11,0.513704839804273,0.2957198610980683,0.1971465740653798,0.1477392285649137,0.1182106825552058,0.098519627105074,0.0844519621987968,0.073869614282458
0.9390885698773084,0.0609114301226916,0.7373094621285452,0.2626905378714547,360.0,3910.0,False,24260.0,0.0,0.9999999999999976,00,operational,275,0,0.4471526380917964,0.2438447774519448,0.162563184967964,0.121822860245381,0.0974742023517913,0.0812373455637414,0.069637425945214,0.0609114301226916
0.9358489882962684,0.0641510117037315,0.7609955622761211,0.2390044377238789,360.0,3910.0,False,24260.0,0.0,0.9999999999999976,10,operational,275,10,0.4716695534056492,0.2568136906440159,0.1712091270960114,0.1283020234074605,0.1026583792776878,0.0855579633501038,0.0733411006412232,0.0641510117037315
0.9283140645372312,0.0716859354627689,0.7373094621285452,0.2626905378714547,360.0,5100.0,False,24260.0,0.0,0.9999999999999976,01,operational,275,1,0.4474250655605386,0.2869780096140185,0.1913186730760131,0.1433718709255353,0.1147162259201708,0.095607262865423,0.0819554558487087,0.0716859354627689
0.9222188686957694,0.0777811313042305,0.7609955622761211,0.2390044377238789,360.0,4560.0,False,24260.0,0.0,0.9999999999999976,11,operational,275,11,0.5348179492783871,0.311378711920524,0.2075858079470167,0.1555622626084588,0.1244701317409295,0.1037364026648686,0.0889238318690454,0.0777811313042305
0.9338277367476456,0.0661722632523543,0.7085313730133058,0.2914686269866941,360.0,4090.0,False,24260.0,0.0,0.9999999999999976,00,operational,6,0,0.4793600754760868,0.2649053022357248,0.1766035348238173,0.1323445265047061,0.1058929098421069,0.0882536989484302,0.0756519108578007,0.0661722632523543
0.931803145735812,0.0681968542641879,0.7254793440079894,0.2745206559920105,360.0,4090.0,False,24260.0,0.0,0.9999999999999976,10,operational,6,10,0.4942071789350649,0.2730102825935553,0.182006855062371,0.1363937085283733,0.1091327844201556,0.0909538883762978,0.0779665389394586,0.0681968542641879
0.9232323685787424,0.0767676314212575,0.7085313730133058,0.2914686269866941,360.0,5260.0,False,24260.0,0.0,0.9999999999999976,01,operational,6,1,0.4719858220848398,0.3073214002975107,0.2048809335316747,0.1535352628425126,0.1228482671339509,0.1023847016777786,0.0877651409155764,0.0767676314212575
0.8605435912803492,0.1394564087196508,0.7254793440079894,0.2745206559920105,360.0,,True,24260.0,1.0,0.9320734204699792,11,operational,6,11,0.5233541786182079,0.3542796539002713,0.2588286291101878,0.2109862379092807,0.1823929946277304,0.1633256440453139,0.1497035657710818,0.1394564087196508
0.977589875956319,0.022410124043681,0.5779121051437192,0.4220878948562808,360.0,2160.0,False,24260.0,0.0,0.9999999999999976,00,operational,36,0,0.1794274637484093,0.0897137318742058,0.0598091545828048,0.0448202480873595,0.0358620534990309,0.0298882982618492,0.0256205337876891,0.022410124043681
0.9766469559960788,0.0233530440039211,0.613991561544123,0.3860084384558769,360.0,2160.0,False,24260.0,0.0,0.9999999999999976,10,operational,36,10,0.1869769863058885,0.0934884931529455,0.0623256621019644,0.0467060880078401,0.0373709717894219,0.0311458670710971,0.0266985337422334,0.0233530440039211
0.9731276497720994,0.0268723502279005,0.5779121051437192,0.4220878948562808,360.0,2580.0,False,24260.0,0.0,0.9999999999999976,01,operational,36,1,0.2151544378627334,0.1075772190495946,0.0717181460330638,0.0537447004557987,0.0430027812268806,0.0358395525630674,0.0307220056268575,0.0268723502279005
0.972477074485594,0.0275229255144059,0.6139915615441232,0.3860084384558769,360.0,2620.0,False,24260.0,0.0,0.9999999999999976,11,operational,36,11,0.2203632906932526,0.1101816462586442,0.0734544308390969,0.0550458510288095,0.0440438716592375,0.0367072223790381,0.0314657804527735,0.0275229255144059
0.9798430764536727,0.0201569235463272,0.3698335253927547,0.6301664746072453,360.0,2070.0,False,24260.0,0.0,0.9999999999999976,00,operational,66,0,0.161387132968943,0.0806935664844726,0.0537957109896493,0.040313847092652,0.0322563440160023,0.0268832132218291,0.0230445462848813,0.0201569235463272
0.978282148083267,0.021717851916733,0.4121236018540815,0.5878763981459185,360.0,2070.0,False,24260.0,0.0,0.9999999999999976,10,operational,66,10,0.1738847620784015,0.0869423810392019,0.0579615873594686,0.0434357038334636,0.0347542372279516,0.0289650175263986,0.0248290887522142,0.021717851916733
0.9729409880582506,0.0270590119417494,0.3698335253927547,0.6301664746072453,360.0,2770.0,False,24260.0,0.0,0.9999999999999976,01,operational,66,1,0.2166456978602853,0.1083244759105908,0.0722163172737281,0.0541180238834964,0.0433014887376118,0.036088502589703,0.0309354079595358,0.0270590119417494
0.9720845439159632,0.0279154560840367,0.4121236018540815,0.5878763981459185,360.0,2850.0,False,24260.0,0.0,0.9999999999999976,11,operational,66,11,0.2232406285093915,0.111753051316807,0.0745020342112053,0.0558309121680712,0.0446720231259881,0.0372307389253613,0.031914543819827,0.0279154560840367
0.9610159556805008,0.0389840443194992,0.6666744526137574,0.3333255473862427,360.0,2860.0,False,24260.0,0.0,0.9999999999999976,00,operational,96,0,0.3118057737493903,0.1560635761156349,0.1040423840770909,0.0779680886389959,0.0623846561611828,0.0519928734800063,0.0445687860862213,0.0389840443194992
0.957245855344949,0.042754144655051,0.7455018037832821,0.2544981962167179,360.0,2860.0,False,24260.0,0.0,0.9999999999999976,10,operational,96,10,0.3419912053472256,0.171156298047174,0.1141041986981168,0.0855082893100996,0.0684178017014192,0.057021042136567,0.0488789801235997,0.042754144655051
0.9453437208493412,0.0546562791506588,0.6666744526137574,0.3333255473862427,360.0,3770.0,False,24260.0,0.0,0.9999999999999976,01,operational,96,1,0.4096466589762224,0.2188037318939701,0.1458691545959809,0.1093125583013152,0.0874643265310985,0.0728948742074646,0.0624861800835806,0.0546562791506588
0.94770238710807,0.0522976128919301,0.7455018037832821,0.2544981962167179,360.0,3770.0,False,24260.0,0.0,0.9999999999999976,11,operational,96,11,0.3901937038106142,0.2093613587993866,0.139574239199592,0.104595225783858,0.0836898442751319,0.0697491298776417,0.0597896180985665,0.0522976128919301
0.9548437970466468,0.0451562029533531,0.4360247265200226,0.5639752734799773,360.0,3680.0,False,24260.0,0.0,0.9999999999999976,00,operational,126,0,0.3370813076517543,0.1807723811041024,0.1205149207360689,0.0903124059067037,0.0722617225576177,0.0602246582665833,0.0516251503666422,0.0451562029533531
0.9520254352307168,0.0479745647692833,0.4571205212079563,0.5428794787920437,360.0,3680.0,False,24260.0,0.0,0.9999999999999976,10,operational,126,10,0.3583633338004653,0.1920550387005553,0.1280366924670376,0.0959491295385642,0.0767718378084535,0.0639834968343726,0.0548472625687089,0.0479745647692833
0.9467110353521774,0.0532889646478226,0.4360247265200226,0.5639752734799773,360.0,4830.0,False,24260.0,0.0,0.9999999999999976,01,operational,126,1,0.3228192496381468,0.2133300055345764,0.1422200036897184,0.1065779292956426,0.0852762660922032,0.071071291990835,0.0609229880481403,0.0532889646478226
0.8157158782490853,0.1842841217509147,0.4571205212079563,0.5428794787920437,360.0,,True,24260.0,1.0,0.8461534867332533,11,operational,126,11,0.3728171612341515,0.2756964165121905,0.2350797820970426,0.2147217302350826,0.2025546391885048,0.1944410373746463,0.1886445257661454,0.1842841217509147
0.9637697114949249,0.0362302885050751,0.6456797027452612,0.3543202972547388,360.0,2470.0,False,24260.0,0.0,0.9999999999999976,00,operational,156,0,0.2900791073110237,0.1450395536559308,0.096693035770621,0.0724605770101478,0.0579779273921828,0.0483201996937574,0.0414205351551251,0.0362302885050751
0.9629916151772082,0.0370083848227917,0.6610554857556803,0.3389445142443196,360.0,2470.0,False,24260.0,0.0,0.9999999999999976,10,operational,156,10,0.2963089634496043,0.1481544817252211,0.0987696544834813,0.074016769645581,0.0592230847915334,0.0493579438300697,0.0423100993074375,0.0370083848227917
0.950550366741372,0.049449633258628,0.6456797027452612,0.3543202972547388,360.0,3410.0,False,24260.0,0.0,0.9999999999999976,01,operational,156,1,0.3788571152766607,0.1979601331431929,0.1319734220954628,0.0988992665172535,0.0791323327783386,0.0659507901380713,0.0565336451160233,0.049449633258628
0.9531544759713024,0.0468455240286976,0.6610554857556803,0.3389445142443196,360.0,3190.0,False,24260.0,0.0,0.9999999999999976,11,operational,156,11,0.3670164456655969,0.1875351860625894,0.1250234573750605,0.0936910480573929,0.0749650776422645,0.0624776994394707,0.0535564787075634,0.0468455240286976
0.9597458746164956,0.0402541253835043,0.6339119130508777,0.3660880869491223,360.0,2870.0,False,24260.0,0.0,0.9999999999999976,00,operational,186,0,0.3218974910591643,0.1611480509633679,0.1074320339755793,0.0805082507670061,0.0644171176940453,0.0536867758244878,0.0460208153007862,0.0402541253835043
0.9583350602777224,0.0416649397222775,0.6456285360987678,0.3543714639012322,360.0,2870.0,False,24260.0,0.0,0.9999999999999976,10,operational,186,10,0.333193188780002,0.1667959188228359,0.1111972792152247,0.0833298794445527,0.0666747892355179,0.0555683736089159,0.0476337388332146,0.0416649397222775
0.9483490515429064,0.0516509484570936,0.6339119130508777,0.3660880869491223,360.0,3690.0,False,24260.0,0.0,0.9999999999999976,01,operational,186,1,0.3883549372785116,0.2067725877775735,0.1378483918517165,0.1033018969141849,0.0826550122272223,0.0688866759498518,0.0590503143816513,0.0516509484570936
0.9542446059714964,0.0457553940285035,0.6456285360987678,0.3543714639012322,360.0,3720.0,False,24260.0,0.0,0.9999999999999976,11,operational,186,11,0.3377948006365441,0.1831711035454726,0.1221140690303159,0.0915107880570046,0.0732205848268005,0.0610237971528755,0.0523101798272669,0.0457553940285035
0.8960773413704423,0.1039226586295577,0.8101395400051807,0.1898604599948193,360.0,5560.0,False,24260.0,0.0,0.9999999999999976,00,operational,216,0,0.671535224797178,0.4160302510471206,0.2773535006997959,0.2078453172591129,0.1663034053836801,0.138601259467836,0.1188103190118599,0.1039226586295577
0.89048479359554,0.10951520640446,0.8424376129670356,0.1575623870329644,360.0,5560.0,False,24260.0,0.0,0.9999999999999976,10,operational,216,10,0.7095338617556757,0.4384187184466479,0.292279145632814,0.2190304128089175,0.1752529429725179,0.1460600194289195,0.1252040390531621,0.10951520640446
0.8843076482957356,0.1156923517042644,0.8101395400051807,0.1898604599948193,360.0,6830.0,False,24260.0,0.0,0.9999999999999976,01,operational,216,1,0.6523160885793038,0.4514420344412272,0.3087649909318563,0.2313847034085263,0.1851379893373257,0.1542984549131444,0.1322661043749169,0.1156923517042644
0.7082169332149147,0.2917830667850852,0.8424376129670356,0.1575623870329644,360.0,,True,24260.0,1.0,0.8065441006436446,11,operational,216,11,0.7469391003173164,0.5858465386273348,0.4558758995746431,0.3901102342138151,0.3508050569006977,0.3245944732270076,0.305869133234278,0.2917830667850852
0.9755767676705418,0.0244232323294582,0.3913304510166557,0.6086695489833442,360.0,2140.0,False,24260.0,0.0,0.9999999999999974,00,operational,246,0,0.19554548760512,0.0977727438025614,0.0651818292017085,0.0488464646589136,0.0390835527153299,0.0325731732211056,0.0279220341610694,0.0244232323294582
0.9742447378523148,0.0257552621476853,0.4161922050682103,0.5838077949317897,360.0,2140.0,False,24260.0,0.0,0.9999999999999974,10,operational,246,10,0.2062104322281799,0.1031052161140912,0.0687368107427286,0.0515105242953678,0.0412151484401217,0.0343496963864058,0.0294448867297376,0.0257552621476853
0.9723136722512812,0.0276863277487187,0.3913304510166557,0.6086695489833442,360.0,2510.0,False,24260.0,0.0,0.9999999999999974,01,operational,246,1,0.2216715783745169,0.110835789190124,0.0738905261267504,0.0553726554974347,0.0443053579257729,0.036925151325182,0.0316525912199533,0.0276863277487187
0.9709718545451034,0.0290281454548966,0.4161922050682103,0.5838077949317897,360.0,2520.0,False,24260.0,0.0,0.9999999999999974,11,operational,246,11,0.232414890070488,0.1162074450400193,0.0774716300266804,0.0580562909097904,0.0464526168285397,0.0387147285598775,0.033186633861174,0.0290281454548966
0.992017408965895,0.007982591034105,0.2560651173549889,0.7439348826450111,360.0,1160.0,False,24260.0,0.0,0.9999999999999976,00,operational,276,0,0.0639129020704329,0.0319564510352176,0.0213043006901458,0.0159651820682078,0.0127742312433413,0.0106463516785824,0.0091261540053928,0.007982591034105
0.9900532821273662,0.0099467178726337,0.377698070970491,0.622301929029509,360.0,1160.0,False,24260.0,0.0,0.9999999999999976,10,operational,276,10,0.0796387542089793,0.0398193771044909,0.0265462514029946,0.0198934357452651,0.0159173473468,0.013265900265624,0.0113716559906448,0.0099467178726337
0.991283013835502,0.0087169861644978,0.2560651173549889,0.7439348826450111,360.0,1270.0,False,24260.0,0.0,0.9999999999999976,01,operational,276,1,0.0697928630817475,0.0348964315408749,0.0232642876939173,0.0174339723289933,0.0139494553252893,0.011625811705508,0.0099657564643113,0.0087169861644978
0.9232743618166902,0.0767256381833098,0.377698070970491,0.622301929029509,360.0,,True,24260.0,1.0,0.93178126576305,11,operational,276,11,0.1363295664872154,0.1022741503620826,0.0909223449870383,0.0852325421296692,0.0818320031256381,0.0795643600772227,0.0779443127103897,0.0767256381833098
0.9727982304172992,0.0272017695827008,0.5440981601916708,0.4559018398083291,220.0,2420.0,False,24260.0,0.0,0.9999999999999976,00,operational,7,0,0.2177919460052126,0.1088959730026348,0.0725973153350907,0.0544035391653991,0.0435299382610154,0.0362788979192245,0.0310986166484443,0.0272017695827008
0.96885463603598,0.0311453639640201,0.8043281188347383,0.1956718811652617,220.0,2420.0,False,24260.0,0.0,0.9999999999999976,10,operational,7,10,0.2493664761824439,0.1246832380912502,0.0831221587275009,0.062290727928038,0.0498407196027743,0.0415384549329601,0.0356071589882636,0.0311453639640201
0.9665691555913426,0.0334308444086574,0.5440981601916708,0.4559018398083291,220.0,2850.0,False,24260.0,0.0,0.9999999999999976,01,operational,7,1,0.2674366944203945,0.1338326287601409,0.0892217525067613,0.0668616888173123,0.053498085435146,0.0445865916174247,0.0382200507705132,0.0334308444086574
0.9630549530409912,0.0369450469590089,0.8043281188347383,0.1956718811652617,220.0,3010.0,False,24260.0,0.0,0.9999999999999976,11,operational,7,11,0.2934484865921296,0.147900923283607,0.0986006155224055,0.0738900939180154,0.0591217276613779,0.0492734703590476,0.0422376878439435,0.0369450469590089
0.9857275436095442,0.0142724563904558,0.5417427748187302,0.4582572251812697,360.0,1370.0,False,24260.0,0.0,0.9999999999999976,00,operational,37,0,0.1142729351523255,0.0571364675761638,0.03809097838411,0.0285449127809092,0.0228396591486704,0.0190351214788324,0.0163170873339317,0.0142724563904558
0.9852194728548536,0.0147805271451465,0.5493379625792096,0.4506620374207903,360.0,1370.0,False,24260.0,0.0,0.9999999999999976,10,operational,37,10,0.1183408219137381,0.0591704109568703,0.0394469406379143,0.0295610542902906,0.0236527050983715,0.0197127335359866,0.0168979428397612,0.0147805271451465
0.9843149080859502,0.0156850919140497,0.5417427748187302,0.4582572251812697,360.0,1620.0,False,24260.0,0.0,0.9999999999999976,01,operational,37,1,0.1255832522529956,0.0627916261264991,0.0418610840843335,0.031370183828097,0.0251002450616718,0.0209191481706153,0.0179320929488665,0.0156850919140497
0.9834295613928912,0.0165704386071087,0.5493379625792096,0.4506620374207903,360.0,1690.0,False,24260.0,0.0,0.9999999999999976,11,operational,37,11,0.1326718123771603,0.0663359061885813,0.0442239374590551,0.0331408772142149,0.0265170310825696,0.0220999317296759,0.0189442718560035,0.0165704386071087
0.9920150515100096,0.0079849484899905,0.4051310883810561,0.5948689116189438,360.0,1090.0,False,24260.0,0.0,0.9999999999999976,00,operational,67,0,0.063931777125724,0.0319658885628632,0.021310592375243,0.0159698969799786,0.0127780037886835,0.0106494958086419,0.0091288491836099,0.0079849484899905
0.9918741359777452,0.0081258640222547,0.4091645718966707,0.5908354281033292,360.0,1090.0,False,24260.0,0.0,0.9999999999999976,10,operational,67,10,0.065060022400389,0.0325300112001957,0.0216866741334645,0.0162517280445071,0.0130035054569052,0.0108374343247265,0.009289951868653,0.0081258640222547
0.9918621408715405,0.0081378591284596,0.4051310883810561,0.5948689116189438,360.0,1150.0,False,24260.0,0.0,0.9999999999999976,01,operational,67,1,0.0651560616494154,0.0325780308247088,0.0217186872164734,0.0162757182569169,0.0130227007607603,0.0108534321528169,0.0093036653591812,0.0081378591284596
0.991562735387621,0.008437264612379,0.4091645718966707,0.5908354281033292,360.0,1170.0,False,24260.0,0.0,0.9999999999999976,11,operational,67,11,0.0675532624193585,0.0337766312096804,0.0225177541397877,0.0168745292247558,0.0135018277598476,0.011252748122116,0.009645962809299,0.008437264612379
0.969202006706374,0.0307979932936259,0.6234820508842474,0.3765179491157526,360.0,2140.0,False,24260.0,0.0,0.9999999999999976,00,operational,97,0,0.2465852404228056,0.1232926202114039,0.0821950801409369,0.0615959865872496,0.0492848357735999,0.0410751679746228,0.0352100249973789,0.0307979932936259
0.9679318574105368,0.0320681425894632,0.6500841112984245,0.3499158887015755,360.0,2140.0,False,24260.0,0.0,0.9999999999999976,10,operational,97,10,0.2567547364188884,0.1283773682094454,0.0855849121396311,0.0641362851789241,0.0513174064952207,0.0427691613196425,0.0366621322184713,0.0320681425894632
0.9673930180544414,0.0326069819455585,0.6234820508842474,0.3765179491157526,360.0,2500.0,False,24260.0,0.0,0.9999999999999976,01,operational,97,1,0.2610689730890062,0.1305344865467551,0.0870229910311708,0.0652139638911147,0.0521796902459937,0.0434878093449193,0.0372781641468117,0.0326069819455585
0.9667122457935368,0.0332877542064632,0.6500841112984245,0.3499158887015755,360.0,2500.0,False,24260.0,0.0,0.9999999999999976,11,operational,97,11,0.2665196006681445,0.1332598003363243,0.0888398668908836,0.066575508412924,0.0532691037268665,0.0443957527522228,0.0380564618785973,0.0332877542064632
0.9806304092608034,0.0193695907391966,0.5341703180886819,0.465829681911318,360.0,1620.0,False,24260.0,0.0,0.9999999999999974,00,operational,127,0,0.1550833245458357,0.0775416622729192,0.0516944415152804,0.0387391814783903,0.0309964058203978,0.0258331504142788,0.0221444224503177,0.0193695907391966
0.9789619757372328,0.0210380242627671,0.5879681367471785,0.4120318632528215,360.0,1620.0,False,24260.0,0.0,0.9999999999999974,10,operational,127,10,0.1684416975286721,0.0842208487643374,0.0561472325095591,0.0420760485255314,0.0336663353649752,0.0280583339378213,0.0240518709490334,0.0210380242627671
0.9785459127652754,0.0214540872347246,0.5341703180886819,0.465829681911318,360.0,1960.0,False,24260.0,0.0,0.9999999999999974,01,operational,127,1,0.1717729206701628,0.0858864603350828,0.0572576402233893,0.0429081744694468,0.0343321448236925,0.028613235560737,0.024527537902508,0.0214540872347246
0.9774374002647273,0.0225625997352728,0.5879681367471785,0.4120318632528215,360.0,1950.0,False,24260.0,0.0,0.9999999999999976,11,operational,127,11,0.1806482658542921,0.0903241329271472,0.0602160886180991,0.0451251994705433,0.0361060544424666,0.0300916545190076,0.0257948527071478,0.0225625997352728
0.9880691564306536,0.0119308435693463,0.3399719817905045,0.6600280182094955,360.0,1350.0,False,24260.0,0.0,0.9999999999999976,00,operational,157,0,0.0955247279244877,0.047762363962245,0.0318415759748308,0.0238616871386901,0.0190924668483973,0.0159121212547072,0.0136400218128314,0.0119308435693463
0.9875342344914192,0.0124657655085808,0.3462500984424557,0.6537499015575443,360.0,1350.0,False,24260.0,0.0,0.9999999999999976,10,operational,157,10,0.0998075996601884,0.0499037998300954,0.0332691998867311,0.0249315310171591,0.0199484817087006,0.0166255446358308,0.0142515751264685,0.0124657655085808
0.9863257985758472,0.0136742014241528,0.3399719817905045,0.6600280182094955,360.0,1560.0,False,24260.0,0.0,0.9999999999999976,01,operational,157,1,0.1094829852587231,0.0547414926293627,0.036494328419576,0.0273484028483033,0.0218822948982183,0.0182372310773941,0.0156331280864086,0.0136742014241528
0.9868513948736714,0.0131486051263286,0.3462500984424557,0.6537499015575443,360.0,1610.0,False,24260.0,0.0,0.9999999999999976,11,operational,157,11,0.1052747796062097,0.052637389803106,0.0350915932020715,0.0262972102526549,0.0210412035006554,0.0175362452691909,0.0150322363786767,0.0131486051263286
0.8836564733691131,0.1163435266308868,0.7976356285530575,0.2023643714469424,360.0,5570.0,False,24260.0,0.0,0.9999999999999974,00,operational,187,0,0.728893984129052,0.4657543141237139,0.3105028760846062,0.2326870532617709,0.1861800393505358,0.1551669244668868,0.1330105647436641,0.1163435266308868
0.8804705989109841,0.1195294010890158,0.8041845183338601,0.1958154816661398,360.0,5570.0,False,24260.0,0.0,0.9999999999999974,10,operational,187,10,0.7424137693825928,0.4785082233106542,0.3190054822092427,0.2390588021780292,0.1912782708478684,0.1594159132651537,0.1366528383892152,0.1195294010890158
0.8735558633384366,0.1264441366615634,0.7976356285530575,0.2023643714469424,360.0,7780.0,False,24260.0,0.0,0.9999999999999974,01,operational,187,1,0.5942000830231289,0.4578514119429343,0.3374598418527519,0.252888273323124,0.2023436543571704,0.1686380701256553,0.1445581590391178,0.1264441366615634
0.7635981357662796,0.2364018642337204,0.8041845183338601,0.1958154816661398,360.0,,True,24260.0,1.0,0.8461534867332533,11,operational,187,11,0.620761214812755,0.4792047358782274,0.3741739749977769,0.3189572152006942,0.2859566438148105,0.2639502747632549,0.2482285057394885,0.2364018642337204
0.9879823852411728,0.0120176147588271,0.4281512698906724,0.5718487301093276,360.0,1380.0,False,24260.0,0.0,0.9999999999999976,00,operational,217,0,0.0962194645722914,0.0481097322861469,0.0320731548574322,0.0240352295176518,0.0192313234220276,0.0160278476641942,0.0137392235926857,0.0120176147588271
0.9879823852411728,0.0120176147588271,0.4281512698906724,0.5718487301093276,360.0,1380.0,False,24260.0,0.0,0.9999999999999976,10,operational,217,10,0.0962194645722914,0.0481097322861469,0.0320731548574322,0.0240352295176518,0.0192313234220276,0.0160278476641942,0.0137392235926857,0.0120176147588271
0.9868250608039878,0.0131749391960122,0.4281512698906724,0.5718487301093276,360.0,1520.0,False,24260.0,0.0,0.9999999999999976,01,operational,217,1,0.1054856242817799,0.0527428121408911,0.0351618747605949,0.0263498783920219,0.0210833448923761,0.0175713669190137,0.0150623429912407,0.0131749391960122
0.9868250608039878,0.0131749391960122,0.4281512698906724,0.5718487301093276,360.0,1520.0,False,24260.0,0.0,0.9999999999999976,11,operational,217,11,0.1054856242817799,0.0527428121408911,0.0351618747605949,0.0263498783920219,0.0210833448923761,0.0175713669190137,0.0150623429912407,0.0131749391960122
0.977177902628365,0.0228220973716349,0.4179088416217614,0.5820911583782385,360.0,2310.0,False,24260.0,0.0,0.9999999999999976,00,operational,247,0,0.1827259430081718,0.0913629715040872,0.0609086476693921,0.0456441947432675,0.0365213184588529,0.0304377455419184,0.0260915252265538,0.0228220973716349
0.9725296971025488,0.0274703028974512,0.5099916043715252,0.4900083956284747,360.0,2310.0,False,24260.0,0.0,0.9999999999999976,10,operational,247,10,0.2199419676429754,0.109970983821489,0.0733139892143267,0.0549406057949001,0.0439596617235491,0.0366370397924628,0.0314056192714676,0.0274703028974512
0.9701458611368304,0.0298541388631694,0.4179088416217614,0.5820911583782385,360.0,2880.0,False,24260.0,0.0,0.9999999999999976,01,operational,247,1,0.2385905548534908,0.1195141179979754,0.0796760786653177,0.0597082777263365,0.0477744220867166,0.0398163528659576,0.0341309567031098,0.0298541388631694
0.7591776251390239,0.2408223748609761,0.5099916043715252,0.4900083956284747,360.0,,True,24260.0,1.0,0.7717890050583598,11,operational,247,11,0.3291844616061845,0.2786977282788514,0.2618688171664475,0.2534337547803122,0.248392497751812,0.2450307449701501,0.2426290447794251,0.2408223748609761
0.9946989465278332,0.0053010534721668,0.1925148622350712,0.8074851377649288,360.0,1020.0,False,24260.0,0.0,0.9999999999999976,00,operational,277,0,0.042443075185633,0.0212215375928177,0.0141476917285459,0.0106021069443312,0.0084830705465752,0.0070699951044133,0.00606046710537,0.0053010534721668
0.9939999932131606,0.0060000067868394,0.2799053478555697,0.7200946521444302,360.0,1020.0,False,24260.0,0.0,0.9999999999999976,10,operational,277,10,0.0480392700253314,0.0240196350126669,0.0160130900084454,0.0120000135736764,0.0096015784635887,0.0080021865148367,0.0068595504562556,0.0060000067868394
0.9944555150340432,0.0055444849659567,0.1925148622350712,0.8074851377649288,360.0,1080.0,False,24260.0,0.0,0.9999999999999976,01,operational,277,1,0.0443921181914666,0.0221960590957345,0.0147973727304905,0.0110889699319109,0.0088726245372905,0.007394658773322,0.0063387718929506,0.0055444849659567
0.9937353058637064,0.0062646941362936,0.2799053478555697,0.7200946521444302,360.0,1090.0,False,24260.0,0.0,0.9999999999999976,11,operational,277,11,0.0501584988036409,0.0250792494018217,0.0167194996012153,0.0125293882725848,0.0100251473768236,0.0083551990386052,0.0071621561520851,0.0062646941362936
0.981202490713805,0.0187975092861949,0.3628925834334968,0.6371074165665032,360.0,1910.0,False,24260.0,0.0,0.9999999999999976,00,operational,8,0,0.1505029338273612,0.0752514669136817,0.050167644609122,0.0375950185723875,0.0300809260295071,0.0250701675292195,0.021490386258132,0.0187975092861949
0.9806378045890196,0.0193621954109803,0.3816104696696534,0.6183895303303466,360.0,1910.0,False,24260.0,0.0,0.9999999999999976,10,operational,8,10,0.1550241135846308,0.0775120567923166,0.0516747045282117,0.0387243908219584,0.030984571363096,0.0258232872928146,0.022135967688708,0.0193621954109803
0.9772090726350624,0.0227909273649374,0.3628925834334968,0.6371074165665032,360.0,2470.0,False,24260.0,0.0,0.9999999999999976,01,operational,8,1,0.1824763792283119,0.09123818961453,0.0608254597430207,0.0455818547298725,0.036471438304438,0.0303961742210643,0.0260558898945851,0.0227909273649374
0.976936011494769,0.0230639885052309,0.3816104696696534,0.6183895303303466,360.0,2460.0,False,24260.0,0.0,0.9999999999999976,11,operational,8,11,0.1846626530642942,0.092331326532372,0.0615542176882488,0.0461279770104597,0.0369084074708125,0.0307603548382223,0.0263680689863813,0.0230639885052309
0.9327029899866376,0.0672970100133623,0.7178484400513079,0.2821515599486921,360.0,3920.0,False,24260.0,0.0,0.9999999999999976,00,operational,38,0,0.4975549330881772,0.269407964922767,0.1796053099485122,0.1345940200267222,0.1076927985190957,0.0897537694788983,0.0769377855962375,0.0672970100133623
0.9307281314693449,0.0692718685306552,0.7234916228564663,0.2765083771435337,360.0,3920.0,False,24260.0,0.0,0.9999999999999976,10,operational,38,10,0.5115475250572856,0.2773138527779427,0.1848759018519626,0.138543737061308,0.1108530881124123,0.0923876308655982,0.0791955566496055,0.0692718685306552
0.919211081238257,0.0807889187617429,0.7178484400513079,0.2821515599486921,360.0,4920.0,False,24260.0,0.0,0.9999999999999974,01,operational,38,1,0.5289074547871296,0.323419691121349,0.2156131274142335,0.1615778375234834,0.1292833775089928,0.1077478774993299,0.0923625062838402,0.0807889187617429
0.9154303714166956,0.0845696285833044,0.7234916228564663,0.2765083771435337,360.0,4940.0,False,24260.0,0.0,0.9999999999999976,11,operational,38,11,0.5516194004804238,0.33855488566845,0.2257032571123008,0.1691392571666065,0.1353335009987548,0.112790195987531,0.0966848296915983,0.0845696285833044
0.936412017948822,0.0635879820511778,0.7752674758232995,0.2247325241767005,360.0,3830.0,False,24260.0,0.0,0.9999999999999976,00,operational,68,0,0.4774554518314019,0.2545597320676167,0.1697064880450786,0.1271759641023533,0.1017573847324517,0.0848070528173022,0.072697412984314,0.0635879820511778
0.9338164893873068,0.0661835106126933,0.8109451289917186,0.1890548710082814,360.0,3830.0,False,24260.0,0.0,0.9999999999999976,10,operational,68,10,0.4969231097300973,0.2649503284331604,0.1766335522887744,0.1323670212253842,0.1059109085572151,0.0882686995106679,0.0756647694825468,0.0661835106126933
0.920803770168474,0.0791962298315258,0.7752674758232995,0.2247325241767005,360.0,5030.0,False,24260.0,0.0,0.9999999999999976,01,operational,68,1,0.5169313815683682,0.3170437305346957,0.2113624870231312,0.1583924596630491,0.1267346591033548,0.1056237142554364,0.0905416533304888,0.0791962298315258
0.8258675390275668,0.1741324609724331,0.8109451289917186,0.1890548710082814,360.0,,True,24260.0,1.0,0.8893731202453783,11,operational,68,11,0.5832969340198743,0.3648567392050097,0.2801134527215471,0.2376380421902443,0.2122524016250577,0.1953240348899716,0.1832300873998096,0.1741324609724331
0.9868116598042712,0.0131883401957287,0.4197835825839736,0.5802164174160264,360.0,1420.0,False,24260.0,0.0,0.9999999999999976,00,operational,98,0,0.1055929198677469,0.0527964599338747,0.0351976399559172,0.0263766803914553,0.0211047899931636,0.017589239782,0.0150776637795309,0.0131883401957287
0.9855076068813026,0.0144923931186974,0.4420862751681018,0.5579137248318982,360.0,1420.0,False,24260.0,0.0,0.9999999999999976,10,operational,98,10,0.1160338664732149,0.0580169332366086,0.0386779554910731,0.0289847862373925,0.0231916153760985,0.0193284502671786,0.0165685315636061,0.0144923931186974
0.9848684326885356,0.0151315673114644,0.4197835825839737,0.5802164174160263,360.0,1610.0,False,24260.0,0.0,0.9999999999999976,01,operational,98,1,0.1211514376244534,0.0605757188122279,0.040383812541486,0.0302631346229265,0.0242144610797424,0.0201809144872544,0.0172992720079734,0.0151315673114644
0.9834106568130236,0.0165893431869763,0.4420862751681017,0.5579137248318983,360.0,1680.0,False,24260.0,0.0,0.9999999999999976,11,operational,98,11,0.1328231725754476,0.066411586287725,0.0442743908584841,0.0331786863739502,0.0265472833495037,0.0221251446968374,0.0189658846514657,0.0165893431869763
0.9917290860844428,0.0082709139155573,0.2471557969454553,0.7528442030545447,360.0,1220.0,False,24260.0,0.0,0.9999999999999976,00,operational,128,0,0.0662213695853282,0.0331106847926652,0.0220737898617776,0.0165418278311123,0.013235623182961,0.0110308868225987,0.0094557811913741,0.0082709139155573
0.9910286535398544,0.0089713464601456,0.3015189572697196,0.6984810427302803,360.0,1220.0,False,24260.0,0.0,0.9999999999999976,10,operational,128,10,0.071829407932521,0.0359147039662617,0.0239431359775086,0.0179426929202887,0.0143564982543138,0.0119650510764045,0.0102565556823872,0.0089713464601456
0.9894713724017984,0.0105286275982017,0.2471557969454553,0.7528442030545447,360.0,1510.0,False,24260.0,0.0,0.9999999999999976,01,operational,128,1,0.0842978353450629,0.0421489176725327,0.0280992784483558,0.0210572551964011,0.0168485549416018,0.0140419910808888,0.0120369284253819,0.0105286275982017
0.9882359621753316,0.0117640378246683,0.3015189572697196,0.6984810427302803,360.0,1530.0,False,24260.0,0.0,0.9999999999999976,11,operational,128,11,0.0941891917334392,0.0470945958667208,0.0313963972444814,0.0235280756493344,0.0188255340760519,0.0156896530595732,0.0134493199582066,0.0117640378246683
0.976149896066809,0.0238501039331909,0.6349766482592842,0.3650233517407157,360.0,1920.0,False,24260.0,0.0,0.9999999999999976,00,operational,158,0,0.1909567144977549,0.0954783572488787,0.0636522381659199,0.0477002078663798,0.0381663975416827,0.0318087940317455,0.0272668010435451,0.0238501039331909
0.9748237333600936,0.0251762666399064,0.6712935247041399,0.32870647529586,360.0,1920.0,False,24260.0,0.0,0.9999999999999976,10,operational,158,10,0.201574683881587,0.1007873419407947,0.0671915612938639,0.0503525332798104,0.0402886043551722,0.0335774922524602,0.0287829459952264,0.0251762666399064
0.9730579954013132,0.0269420045986866,0.6349766482592842,0.3650233517407157,360.0,2220.0,False,24260.0,0.0,0.9999999999999976,01,operational,158,1,0.2157121283228008,0.1078560641614015,0.0719040427742685,0.0538840091973708,0.043114246418537,0.0359324503357544,0.0308016384819326,0.0269420045986866
0.9710095924410178,0.0289904075589821,0.6712935247041399,0.32870647529586,360.0,2240.0,False,24260.0,0.0,0.9999999999999976,11,operational,158,11,0.2321127402598081,0.1160563701299052,0.0773709134199377,0.0579808151179619,0.0463922263354046,0.0386643976698447,0.0331434897431197,0.0289904075589821
0.9780258610109326,0.0219741389890674,0.4149165437952566,0.5850834562047433,360.0,2070.0,False,24260.0,0.0,0.9999999999999976,00,operational,188,0,0.1759367337359807,0.0879683668679915,0.0586455779119952,0.0439482779781323,0.0351643635030786,0.0293068266321252,0.0251220907714487,0.0219741389890674
0.9768450401377088,0.0231549598622913,0.4576367737012706,0.5423632262987294,360.0,2070.0,False,24260.0,0.0,0.9999999999999976,10,operational,188,10,0.1853910185052573,0.0926955092526298,0.0617970061684206,0.0463099197245803,0.0370539854099358,0.030881682995434,0.0264720726377102,0.0231549598622913
0.9767402236101352,0.0232597763898646,0.4149165437952566,0.5850834562047433,360.0,2240.0,False,24260.0,0.0,0.9999999999999976,01,operational,188,1,0.1862302358011872,0.0931151179005949,0.062076745267064,0.0465195527797269,0.037221719239168,0.0310214764045546,0.026591904878753,0.0232597763898646
0.975635084291508,0.024364915708492,0.4576367737012706,0.5423632262987294,360.0,2240.0,False,24260.0,0.0,0.9999999999999976,11,operational,188,11,0.1950785734830079,0.0975392867415052,0.0650261911610042,0.0487298314169817,0.0389902308855673,0.0324953965627676,0.0278553632691577,0.024364915708492
0.9943269786222512,0.0056730213777488,0.2094893337166291,0.7905106662833709,360.0,1030.0,False,24260.0,0.0,0.9999999999999976,00,operational,218,0,0.0454212495930695,0.022710624796536,0.0151404165310248,0.0113460427554951,0.0090783163784993,0.0075660873029304,0.0064857220604216,0.0056730213777488
0.9934221082937278,0.0065778917062722,0.2592101254897492,0.7407898745102508,360.0,1030.0,False,24260.0,0.0,0.9999999999999976,10,operational,218,10,0.0526661264064116,0.026333063203207,0.0175553754688053,0.013155783412542,0.0105263453170248,0.0087729094612768,0.0075202215027373,0.0065778917062722
0.9942040770936962,0.0057959229063038,0.2094893337166291,0.7905106662833709,360.0,1060.0,False,24260.0,0.0,0.9999999999999976,01,operational,218,1,0.0464052650994754,0.0232026325497388,0.0154684216998266,0.0115918458126053,0.0092749909343191,0.0077300006099308,0.0066262301075332,0.0057959229063038
0.9932777645597374,0.0067222354402626,0.2592101254897492,0.7407898745102508,360.0,1060.0,False,24260.0,0.0,0.9999999999999976,11,operational,218,11,0.0538218197014327,0.0269109098507176,0.0179406065671459,0.013444470880523,0.0107573330036848,0.0089654201571267,0.0076852435037996,0.0067222354402626
0.9077163985532491,0.0922836014467507,0.788667508214266,0.2113324917857339,360.0,5050.0,False,24260.0,0.0,0.9999999999999976,00,operational,248,0,0.6143080489189326,0.3694359861838805,0.2462906574559211,0.184567202893499,0.1476778729879406,0.1230782926208697,0.1055038840618473,0.0922836014467507
0.903472225558034,0.0965277744419661,0.8245631691190067,0.1754368308809932,360.0,5050.0,False,24260.0,0.0,0.9999999999999976,10,operational,248,10,0.6482891725734352,0.3864265480111318,0.2576176986740887,0.1930555488839299,0.1544696586432494,0.1287387302029481,0.1103560650409782,0.0965277744419661
0.8868652723032165,0.1131347276967834,0.788667508214266,0.2113324917857339,360.0,6790.0,False,24260.0,0.0,0.9999999999999976,01,operational,248,1,0.6225031990701444,0.4408698142573169,0.3019390880796468,0.2262694553935645,0.181045122702232,0.1508873613811203,0.1293420825278201,0.1131347276967834
0.8723196983583266,0.1276803016416734,0.8245631691190067,0.1754368308809932,360.0,6080.0,False,24260.0,0.0,0.9999999999999976,11,operational,248,11,0.6740299768742481,0.5101553252566157,0.3407589749696038,0.2553606032833444,0.2043218412946426,0.1702867387164389,0.1459714134494163,0.1276803016416734
0.9543854943012626,0.0456145056987373,0.7345268862339194,0.2654731137660806,360.0,2760.0,False,24260.0,0.0,0.9999999999999976,00,operational,278,0,0.3652118960820286,0.1826070898070296,0.1217380598713538,0.0912290113974723,0.0729951266896827,0.0608358949166603,0.0521491082416732,0.0456145056987373
0.9541162900824456,0.0458837099175543,0.735636823512317,0.2643631764876831,360.0,2760.0,False,24260.0,0.0,0.9999999999999976,10,operational,278,10,0.3673672893372625,0.1836847864346467,0.1224565242897652,0.0917674198351061,0.0734259237740078,0.061194931572132,0.0524568778805446,0.0458837099175543
0.950535839188726,0.0494641608112739,0.7345268862339194,0.2654731137660806,360.0,3380.0,False,24260.0,0.0,0.9999999999999976,01,operational,278,1,0.381310336187575,0.1980182908294393,0.1320121938862937,0.0989283216225455,0.0791555806581445,0.0659701654804679,0.0565502538439666,0.0494641608112739
0.9516577692204276,0.0483422307795723,0.735636823512317,0.2643631764876831,360.0,3340.0,False,24260.0,0.0,0.9999999999999976,11,operational,278,11,0.3745894639828264,0.1935269042646206,0.1290179361764146,0.0966844615591422,0.0773601994839647,0.064473851611296,0.0552675993513539,0.0483422307795723
0.9850149503992012,0.0149850496007988,0.5826139836680668,0.4173860163319331,360.0,1340.0,False,24260.0,0.0,0.9999999999999976,00,operational,9,0,0.1199783383070329,0.0599891691535177,0.0399927794356792,0.0299700992015953,0.0239799944624136,0.0199855043668784,0.0171317645926067,0.0149850496007988
0.9846690234011478,0.0153309765988521,0.6074436646383492,0.3925563353616507,360.0,1340.0,False,24260.0,0.0,0.9999999999999976,10,operational,9,10,0.1227480152522305,0.0613740076261164,0.0409160050840785,0.0306619531977019,0.0245335680386581,0.0204468659048373,0.0175272480948143,0.0153309765988521
0.9834927462269674,0.0165072537730326,0.5826139836680668,0.4173860163319331,360.0,1490.0,False,24260.0,0.0,0.9999999999999976,01,operational,9,1,0.1321659207317805,0.0660829603658914,0.0440553069105951,0.0330145075460628,0.0264159188399268,0.0220156623537988,0.0188720353448106,0.0165072537730326
0.983409907437999,0.0165900925620009,0.6074436646383492,0.3925563353616507,360.0,1490.0,False,24260.0,0.0,0.9999999999999976,11,operational,9,11,0.13282917247352,0.0664145862367612,0.0442763908245082,0.0331801851239994,0.0265484825453299,0.022126144135493,0.0189667413797953,0.0165900925620009
0.9709338564157052,0.0290661435842948,0.4066388775194876,0.5933611224805124,360.0,2940.0,False,24260.0,0.0,0.9999999999999976,00,operational,39,0,0.2317738977477124,0.1163595617345061,0.0775730411563382,0.058132287168587,0.0465134237632397,0.0387654065223304,0.0332300754930104,0.0290661435842948
0.9679983580734092,0.0320016419265908,0.4556162795161976,0.5443837204838023,360.0,2940.0,False,24260.0,0.0,0.9999999999999976,10,operational,39,10,0.2552770707451869,0.1281111482355279,0.0854074321570194,0.0640032838531792,0.0512109880601864,0.0426804696353544,0.036586104862411,0.0320016419265908
0.9670768193692282,0.0329231806307718,0.4066388775194876,0.5933611224805124,360.0,3420.0,False,24260.0,0.0,0.9999999999999976,01,operational,39,1,0.2533445894580023,0.1318003146166445,0.0878668764110972,0.0658463612615412,0.0526856907546627,0.0439095223437068,0.0376396605438125,0.0329231806307718
0.8859998776724242,0.1140001223275758,0.4556162795161976,0.5443837204838023,360.0,,True,24260.0,1.0,0.9133830890319292,11,operational,39,11,0.2985122993423512,0.1962392440249123,0.1596984663392986,0.1413833336870807,0.1304372034767495,0.1231377971035021,0.1179229622190215,0.1140001223275758
0.9237689848914956,0.0762310151085043,0.6581900147937423,0.3418099852062577,360.0,4650.0,False,24260.0,0.0,0.9999999999999976,00,operational,69,0,0.5137341786008613,0.3051731813984175,0.2034487875989458,0.1524620302170065,0.1219895408333336,0.1016690185170573,0.0871516504973565,0.0762310151085043
0.919266369685264,0.080733630314736,0.6766426282395915,0.3233573717604084,360.0,4650.0,False,24260.0,0.0,0.9999999999999976,10,operational,69,10,0.545474422047325,0.3231983566521227,0.2154655711014159,0.1614672606294698,0.1291949015487271,0.1076741395052268,0.0922992973733562,0.080733630314736
0.9101930167008958,0.0898069832991041,0.6581900139126557,0.3418099860873442,360.0,6070.0,False,24260.0,0.0,0.9999999999999976,01,operational,69,1,0.4960553463895906,0.3583908234849339,0.2396809467132916,0.179613966598206,0.1437146368927518,0.1197752362998387,0.1026724727404594,0.0898069832991041
0.7239482842320789,0.2760517157679211,0.6766426295507326,0.3233573704492673,360.0,,True,24260.0,1.0,0.7717890050583598,11,operational,69,11,0.5311347113651904,0.4197302204716846,0.355890478628338,0.3238924365942023,0.3047686474722663,0.2920159846119659,0.2829052394700531,0.2760517157679211
0.965866709409694,0.034133290590306,0.5962022934101538,0.4037977065898461,360.0,2650.0,False,24260.0,0.0,0.9999999999999976,00,operational,99,0,0.2732894076950852,0.1366447090624923,0.0910964727083291,0.0682665811806096,0.0546221828518925,0.0455234414514144,0.0390231273664251,0.034133290590306
0.9620399413586608,0.0379600586413392,0.6515678894106939,0.3484321105893061,360.0,2650.0,False,24260.0,0.0,0.9999999999999976,10,operational,99,10,0.3039285636493004,0.1519642870445698,0.1013095246963805,0.075920117282676,0.0607460115423117,0.0506271876272615,0.0433981071727859,0.0379600586413392
0.9625535208909476,0.0374464791090523,0.5962022934101538,0.4037977065898461,360.0,3140.0,False,24260.0,0.0,0.9999999999999976,01,operational,99,1,0.2951220009802379,0.1499082905509376,0.0999388603672926,0.0748929582181022,0.059924150109194,0.0499422285341191,0.0428109537177683,0.0374464791090523
0.9579986087402385,0.0420013912597615,0.6515678894106939,0.3484321105893061,360.0,3170.0,False,24260.0,0.0,0.9999999999999976,11,operational,99,11,0.3306671385568307,0.1681428244876003,0.1120952163250676,0.0840027825195206,0.0672131995992251,0.0560170977607046,0.0480183894476972,0.0420013912597615
0.9844178726813716,0.0155821273186284,0.3696951934396523,0.6303048065603477,360.0,1720.0,False,24260.0,0.0,0.9999999999999976,00,operational,129,0,0.1247588625184142,0.0623794312592083,0.0415862875061396,0.0311642546372546,0.0249354748077321,0.0207818246764497,0.0178143779424353,0.0155821273186284
0.9833614275435424,0.0166385724564577,0.4075789627144768,0.5924210372855232,360.0,1720.0,False,24260.0,0.0,0.9999999999999976,10,operational,129,10,0.1332173284912301,0.0666086642456164,0.0444057761637448,0.0332771449129132,0.0266260630426646,0.0221908015886336,0.0190221663641253,0.0166385724564577
0.9806315397018976,0.0193684602981024,0.3696951934396523,0.6303048065603477,360.0,2140.0,False,24260.0,0.0,0.9999999999999976,01,operational,129,1,0.1550742736285819,0.0775371368142922,0.0516914245428622,0.0387369205962027,0.0309945968193006,0.0258316427492376,0.0221431300654924,0.0193684602981024
0.9796217795769208,0.0203782204230791,0.4075789627144768,0.5924210372855232,360.0,2150.0,False,24260.0,0.0,0.9999999999999976,11,operational,129,11,0.1631589543677736,0.081579477183888,0.0543863181225928,0.0407564408461559,0.0326104768364087,0.0271783560351347,0.0232975455140191,0.0203782204230791
0.986856179877322,0.013143820122678,0.3401056941978686,0.6598943058021314,360.0,1450.0,False,24260.0,0.0,0.9999999999999976,00,operational,159,0,0.105236468302471,0.0526182341512366,0.0350788227674918,0.0262876402453536,0.0210335462446501,0.0175298635277951,0.0150267658892022,0.013143820122678
0.9857375310075084,0.0142624689924915,0.397321363039387,0.602678636960613,360.0,1450.0,False,24260.0,0.0,0.9999999999999976,10,operational,159,10,0.1141929706915003,0.0570964853457512,0.0380643235638349,0.0285249379849805,0.0228236767025488,0.0190218013236813,0.0163056691701368,0.0142624689924915
0.9849010247114784,0.0150989752885216,0.3401056941978686,0.6598943058021314,360.0,1730.0,False,24260.0,0.0,0.9999999999999976,01,operational,159,1,0.1208904884211534,0.0604452442105779,0.0402968294737194,0.0301979505770408,0.0241623053278093,0.0201374466286753,0.017262010945813,0.0150989752885216
0.9839264589751308,0.0160735410248691,0.397321363039387,0.602678636960613,360.0,1730.0,False,24260.0,0.0,0.9999999999999976,11,operational,159,11,0.1286933840226279,0.0643466920113151,0.0428977946742109,0.0321470820497358,0.0257218651279732,0.021437221290652,0.0183761901590894,0.0160735410248691
0.955351583753224,0.0446484162467759,0.6621859322878328,0.3378140677121671,360.0,2930.0,False,24260.0,0.0,0.9999999999999976,00,operational,189,0,0.3565608308033967,0.1787395748441119,0.1191597165627421,0.0892968324935494,0.0714491311591108,0.0595474250433312,0.05104461960084,0.0446484162467759
0.9538928744388108,0.0461071255611893,0.6679972642171899,0.3320027357828101,360.0,2930.0,False,24260.0,0.0,0.9999999999999976,10,operational,189,10,0.3682370582370218,0.1845791791256686,0.1230527860837799,0.0922142511223761,0.0737834471749913,0.0614929001768711,0.0527122994049988,0.0461071255611893
0.949597172177617,0.050402827822383,0.6621859322878328,0.3378140677121671,360.0,4030.0,False,24260.0,0.0,0.9999999999999976,01,operational,189,1,0.3528514283178041,0.2017760264131275,0.1345173509420859,0.1008056556447637,0.0806576931187696,0.0672220621474344,0.057623391584152,0.050402827822383
0.7805612457371626,0.2194387542628374,0.6679972642171899,0.3320027357828101,360.0,,True,24260.0,1.0,0.8087461958770293,11,operational,189,11,0.4009325818758033,0.3040857123626335,0.266475076282746,0.2476237044027042,0.2363570881482311,0.2288439662583401,0.2234764489398973,0.2194387542628374
0.959838461298304,0.0401615387016961,0.6150331246271337,0.3849668753728664,360.0,2760.0,False,24260.0,0.0,0.9999999999999974,00,operational,219,0,0.3215407382503107,0.1607774016652787,0.10718493444352,0.0803230774033896,0.0642689548132939,0.0535632933147272,0.0459149649179442,0.0401615387016961
0.9589916401776868,0.0410083598223131,0.6261839848329116,0.3738160151670884,360.0,2760.0,False,24260.0,0.0,0.9999999999999974,10,operational,219,10,0.3283208419938122,0.1641674535370294,0.1094449690246872,0.0820167196446234,0.065624089852818,0.0546926954625288,0.0468830991902315,0.0410083598223131
0.958401674193366,0.0415983258066341,0.6150331246271337,0.3849668753728664,360.0,3600.0,False,24260.0,0.0,0.9999999999999974,01,operational,219,1,0.3136904333945819,0.1665292454677265,0.1110194969784852,0.0831966516132655,0.0665681895664604,0.0554795308798323,0.0475575820001179,0.0415983258066341
0.9577451683212448,0.0422548316787551,0.6261839848329116,0.3738160151670884,360.0,3600.0,False,24260.0,0.0,0.9999999999999974,11,operational,219,11,0.3189467712596029,0.169157414400237,0.1127716096001589,0.0845096633575075,0.0676187704852694,0.0563551102955626,0.0483081370102422,0.0422548316787551
0.9002791082945018,0.0997208917054982,0.78270933620428,0.21729066379572,360.0,5190.0,False,24260.0,0.0,0.9999999999999976,00,operational,249,0,0.6627775301251888,0.399209452088997,0.2661396347259988,0.199441783410994,0.159579480521534,0.1329973787035759,0.1140066190753477,0.0997208917054982
0.8957531645148632,0.1042468354851368,0.7994651005965381,0.2005348994034618,360.0,5190.0,False,24260.0,0.0,0.9999999999999976,10,operational,249,10,0.6918978076275573,0.4173280178734982,0.2782186785823328,0.2084936709702712,0.1668221730493684,0.1390336129224735,0.1191809365089054,0.1042468354851368
0.8743525091005392,0.1256474908994608,0.78270933620428,0.21729066379572,360.0,6730.0,False,24260.0,0.0,0.9999999999999976,01,operational,249,1,0.6703743096776236,0.4929544072129254,0.3353337175421297,0.2512949817989189,0.2010688130004418,0.1675755866650393,0.1436473881025094,0.1256474908994608
0.6871706992302244,0.3128293007697755,0.7994651005965381,0.2005348994034618,360.0,,True,24260.0,1.0,0.7717890050583598,11,operational,249,11,0.7201137461319645,0.5643702360433521,0.4540441640908031,0.3974476065979109,0.3636223922498907,0.341066111587765,0.3249514752397884,0.3128293007697755
0.9969777307040936,0.0030222692959063,0.2021911048981749,0.7978088951018251,360.0,600.0,False,24260.0,0.0,0.9999999999999976,00,operational,279,0,0.0241979077613238,0.0120989538806631,0.0080659692537762,0.00604453859181,0.0048364204931209,0.0040307892079308,0.0034552308795938,0.0030222692959063
0.9967564599994896,0.0032435400005104,0.2414175166999203,0.7585824833000797,360.0,600.0,False,24260.0,0.0,0.9999999999999976,10,operational,279,10,0.0259695196119124,0.0129847598059573,0.0086565065373058,0.0064870800010183,0.0051905114312529,0.0043258971155411,0.0037082001872373,0.0032435400005104
0.9968843364455522,0.0031156635544478,0.2021911048981749,0.7978088951018251,360.0,620.0,False,24260.0,0.0,0.9999999999999976,01,operational,279,1,0.0249456722496476,0.0124728361248249,0.0083152240832173,0.0062313271088932,0.004985875707639,0.0041553487797473,0.0035620045302829,0.0031156635544478
0.9967033560644504,0.0032966439355495,0.2414175166999203,0.7585824833000797,360.0,630.0,False,24260.0,0.0,0.9999999999999976,11,operational,279,11,0.0263946981767683,0.0131973490883853,0.0087982327255909,0.0065932878710965,0.0052754916016292,0.0043967216342377,0.0037689116388686,0.0032966439355495
0.990173576492176,0.009826423507824,0.285520056877349,0.714479943122651,360.0,1230.0,False,24260.0,0.0,0.9999999999999976,00,operational,10,0,0.0786756130528237,0.039337806526413,0.0262252043509428,0.0196528470156459,0.0157248449341392,0.0131054641231178,0.0112341286020384,0.009826423507824
0.9890809274766476,0.0109190725233523,0.3502894996177703,0.6497105003822297,360.0,1230.0,False,24260.0,0.0,0.9999999999999976,10,operational,10,10,0.0874239466738823,0.0437119733369423,0.0291413155579624,0.0218381450467022,0.0174733688322735,0.0145627260110025,0.0124833073645415,0.0109190725233523
0.9883416453376168,0.011658354662383,0.285520056877349,0.714479943122651,360.0,1440.0,False,24260.0,0.0,0.9999999999999976,01,operational,10,1,0.0933430356955347,0.0466715178477685,0.0311143452318464,0.0233167093247638,0.0186564134048574,0.0155487038229924,0.0133284969308622,0.011658354662383
0.987834478096238,0.012165521903762,0.3502894996177703,0.6497105003822297,360.0,1460.0,False,24260.0,0.0,0.9999999999999976,11,operational,10,11,0.0974036884451379,0.0487018442225701,0.0324678961483808,0.0243310438075219,0.0194680134972013,0.0162251108678365,0.0139083194886684,0.012165521903762
0.9880995858597528,0.0119004141402473,0.3575050466350971,0.6424949533649029,360.0,1180.0,False,24260.0,0.0,0.9999999999999976,00,operational,40,0,0.0952810936065385,0.0476405468032704,0.0317603645355144,0.0238008282804922,0.0190437718116287,0.0158715376394145,0.0136052331514723,0.0119004141402473
0.9873078126602036,0.0126921873397963,0.3810669080490714,0.6189330919509286,360.0,1180.0,False,24260.0,0.0,0.9999999999999976,10,operational,40,10,0.1016204541911635,0.050810227095583,0.0338734847303894,0.0253843746795904,0.0203108157952311,0.0169275225816547,0.0145104334962671,0.0126921873397963
0.9878064882312892,0.0121935117687108,0.3575050466350971,0.6424949533649029,360.0,1230.0,False,24260.0,0.0,0.9999999999999976,01,operational,40,1,0.0976277903050217,0.048813895152512,0.0325425967683421,0.0243870235374193,0.0195128045939515,0.0162624408455853,0.0139403191009523,0.0121935117687108
0.9866940694686128,0.0133059305313871,0.3810669080490714,0.6189330919509286,360.0,1280.0,False,24260.0,0.0,0.9999999999999976,11,operational,40,11,0.1065344111172981,0.0532672055586501,0.0355114703724344,0.0266118610627716,0.0212929652527081,0.0177460695709836,0.0152120997675677,0.0133059305313871
0.9733189197560684,0.0266810802439315,0.4461440572046422,0.5538559427953578,360.0,2730.0,False,24260.0,0.0,0.9999999999999976,00,operational,70,0,0.2136225534360915,0.106811514048412,0.0712076760322754,0.0533621604878609,0.0426966992799676,0.0355844565038817,0.0305033348565709,0.0266810802439315
0.9660033262763236,0.0339966737236764,0.5688735792550449,0.4311264207449551,360.0,2730.0,False,24260.0,0.0,0.9999999999999976,10,operational,70,10,0.2721951156104918,0.1360977951356253,0.090731863423751,0.0679933474473504,0.0544035601717863,0.0453412360495403,0.0388669391614588,0.0339966737236764
0.9672355111501262,0.0327644888498738,0.4461440572046422,0.5538559427953578,360.0,3490.0,False,24260.0,0.0,0.9999999999999976,01,operational,70,1,0.2489375513943108,0.1311650288924619,0.0874433525949752,0.0655289776997454,0.0524317424442776,0.0436978757115892,0.0374582350360196,0.0327644888498738
0.7374614087203313,0.2625385912796687,0.5688735792550449,0.4311264207449551,360.0,,True,24260.0,1.0,0.7505515843940664,11,operational,70,11,0.3542553776995633,0.3018518966527488,0.2843840696371438,0.2756287669534037,0.2703961167167442,0.2669067337336698,0.2644138520971381,0.2625385912796687
0.972686363273257,0.027313636726743,0.6687653108515829,0.3312346891484171,360.0,2510.0,False,24260.0,0.0,0.9999999999999976,00,operational,100,0,0.2186876143091775,0.1093438071577057,0.0728958714384713,0.0546272734534836,0.0437089549186924,0.0364280947090467,0.0312265095569386,0.027313636726743
0.970093311571272,0.0299066884287281,0.7335467974289636,0.2664532025710364,360.0,2510.0,False,24260.0,0.0,0.9999999999999976,10,operational,100,10,0.2394489759753986,0.1197244879908162,0.0798163253272117,0.0598133768574539,0.0478585151210854,0.0398864380241603,0.0341910343678876,0.0299066884287281
0.9711800238701144,0.0288199761298855,0.6687653108515829,0.3312346891484171,360.0,3050.0,False,24260.0,0.0,0.9999999999999976,01,operational,100,1,0.2292388972246499,0.1153740874480641,0.0769160582987101,0.0576399522597687,0.0461194915207168,0.0384370939130201,0.0329486427989822,0.0288199761298855
0.8174463122720363,0.1825536877279636,0.7335467974289636,0.2664532025710364,360.0,,True,24260.0,1.0,0.8325521758208543,11,operational,100,11,0.2883920601834886,0.2279206439415697,0.2077630373540951,0.1976595512767813,0.1916211525231064,0.1875944576547057,0.1847177101775607,0.1825536877279636
0.9735635093466384,0.0264364906533617,0.6506042165918722,0.3493957834081277,360.0,2230.0,False,24260.0,0.0,0.9999999999999976,00,operational,130,0,0.2116647127474872,0.1058323563737447,0.0705549042491641,0.0528729813067211,0.0423052920318315,0.0352582482856477,0.0302237060666055,0.0264364906533617
0.9697854802922566,0.0302145197077433,0.784005670832512,0.2159943291674879,360.0,2230.0,False,24260.0,0.0,0.9999999999999976,10,operational,130,10,0.2419136381828962,0.1209568190914492,0.0806378793943004,0.0604290394154843,0.0483511255937095,0.0402969914447306,0.0345429646682083,0.0302145197077433
0.9699899052081876,0.0300100947918123,0.6506042165918722,0.3493957834081277,360.0,2900.0,False,24260.0,0.0,0.9999999999999976,01,operational,130,1,0.2394852746142391,0.1201384513724442,0.0800923009149635,0.0600201895836223,0.0480239923187056,0.0400243507021985,0.0343092544283432,0.0300100947918123
0.9068443293872868,0.0931556706127133,0.784005670832512,0.2159943291674879,360.0,,True,24260.0,1.0,0.9317812653019064,11,operational,130,11,0.2678710219696347,0.1680479716111955,0.1347715593068282,0.1180926065273332,0.1081243473635531,0.1014770324611957,0.0967280641385129,0.0931556706127133
0.946293864401115,0.053706135598885,0.7301773009845293,0.2698226990154707,360.0,3100.0,False,24260.0,0.0,0.9999999999999976,00,operational,160,0,0.4251313651512253,0.2150000526425878,0.1433333684283927,0.1074122711977675,0.0859438486069668,0.071627671321321,0.0613999217066111,0.053706135598885
0.9433891076157586,0.0566108923842414,0.7752580293477765,0.2247419706522234,360.0,3100.0,False,24260.0,0.0,0.9999999999999976,10,operational,160,10,0.4483884047725432,0.2266285724532468,0.151085714968832,0.1132217847684804,0.0905922183810512,0.0755017345353239,0.0647208055722775,0.0566108923842414
0.9372388961027536,0.0627611038972463,0.7301773009845293,0.2698226990154707,360.0,4490.0,False,24260.0,0.0,0.9999999999999976,01,operational,160,1,0.4102148892036525,0.2512495172357013,0.1674996781571349,0.1255222077944903,0.1004341636500661,0.0837042485292608,0.0717520786506079,0.0627611038972463
0.9395221721203046,0.0604778278796953,0.7752580293477765,0.2247419706522234,360.0,3970.0,False,24260.0,0.0,0.9999999999999976,11,operational,160,11,0.4530474251429836,0.2421089514791656,0.1614059676527779,0.1209556557593884,0.096780325476977,0.0806590518809212,0.0691417070953117,0.0604778278796953
0.9381452072455584,0.0618547927544417,0.7302169556957491,0.2697830443042509,360.0,3650.0,False,24260.0,0.0,0.9999999999999976,00,operational,190,0,0.4693351272926115,0.2476213108633624,0.1650808739089091,0.1237095855088811,0.0989838290322534,0.0824955047623193,0.0707159319871122,0.0618547927544417
0.9361623375108092,0.0638376624891907,0.8638606341869169,0.136139365813083,170.0,3650.0,False,24260.0,0.0,0.9999999999999976,10,operational,190,10,0.4852110451035103,0.2555592697688119,0.170372846512542,0.127675324978379,0.1021569386665676,0.0851400506796493,0.0729828619218462,0.0638376624891907
0.9239384491504494,0.0760615508495505,0.7302169556957491,0.2697830443042509,360.0,4620.0,False,24260.0,0.0,0.9999999999999976,01,operational,190,1,0.5179188460748547,0.3044947705578341,0.2029965137052235,0.1521231016990987,0.1217183537435642,0.1014430046714195,0.0869579092773673,0.0760615508495505
0.9294216617296212,0.0705783382703788,0.8638606341869169,0.136139365813083,170.0,4370.0,False,24260.0,0.0,0.9999999999999976,11,operational,190,11,0.4946946145618256,0.2825440012457908,0.1883626674971946,0.1411566765407554,0.11294378103359,0.094130064650205,0.0806891874766343,0.0705783382703788
0.9496615895987732,0.0503384104012267,0.6276933334859667,0.3723066665140333,360.0,3650.0,False,24260.0,0.0,0.9999999999999976,00,operational,220,0,0.383276920430021,0.2015181462140541,0.1343454308093702,0.1006768208024511,0.0805546084147639,0.0671361488747981,0.0575497459090084,0.0503384104012267
0.946471238366248,0.0535287616337518,0.6498274816003128,0.3501725183996872,360.0,3650.0,False,24260.0,0.0,0.9999999999999976,10,operational,220,10,0.4083033983653072,0.2142899771285746,0.1428599847523839,0.1070575232675012,0.0856600039207641,0.0713911083302616,0.0611971376587453,0.0535287616337518
0.9425760654477048,0.0574239345522952,0.6276933334859667,0.3723066665140333,360.0,4750.0,False,24260.0,0.0,0.9999999999999976,01,operational,220,1,0.3782732389995914,0.2298833981260112,0.1532555987506748,0.114847869104588,0.0918932982711436,0.0765860858209698,0.0656503218166693,0.0574239345522952
0.9433302221813424,0.0566697778186575,0.6498274816003128,0.3501725183996872,360.0,4880.0,False,24260.0,0.0,0.9999999999999976,11,operational,220,11,0.3644334839578121,0.2268643066269717,0.1512428710846487,0.1133395556373128,0.0906864504609463,0.0755802698180238,0.0647881267642139,0.0566697778186575
0.9881694093494838,0.0118305906505161,0.4180239947214241,0.5819760052785758,360.0,1290.0,False,24260.0,0.0,0.9999999999999976,00,operational,250,0,0.0947220493260112,0.0473610246630068,0.0315740164420053,0.02366118130103,0.0189320359854751,0.0157784143134257,0.0135254069499598,0.0118305906505161
0.9870512152187672,0.0129487847812328,0.4652795994338496,0.5347204005661503,360.0,1290.0,False,24260.0,0.0,0.9999999999999976,10,operational,250,10,0.1036749108301152,0.0518374554150588,0.0345583036100399,0.0258975695624632,0.0207214387420106,0.0172697456254865,0.014803790347186,0.0129487847812328
0.9845892556678832,0.0154107443321168,0.4180239947214241,0.5819760052785758,360.0,1710.0,False,24260.0,0.0,0.9999999999999976,01,operational,250,1,0.1233866784760829,0.0616933392380425,0.0411288928253624,0.0308214886642314,0.0246612172525698,0.020553251831075,0.0176184431235116,0.0154107443321168
0.8439529771187244,0.1560470228812756,0.4652795994338496,0.5347204005661503,360.0,,True,24260.0,1.0,0.8506156213344934,11,operational,250,11,0.2027290790858797,0.1760567288756932,0.1671659454722975,0.1627096670970448,0.1600463501407738,0.158270322230359,0.1570014940778417,0.1560470228812756
0.9328080808055936,0.0671919191944062,0.7568775498451923,0.2431224501548077,360.0,3750.0,False,24260.0,0.0,0.9999999999999976,00,operational,280,0,0.5001897683373832,0.2689872582128939,0.1793248388085966,0.1343838383888101,0.1075246257519878,0.0896136102483907,0.0768176397696195,0.0671919191944062
0.930578662170412,0.0694213378295879,0.7728285503697455,0.2271714496302544,360.0,3750.0,False,24260.0,0.0,0.9999999999999976,10,operational,280,10,0.5161958449619339,0.2779122184354348,0.1852748122902906,0.1388426756591735,0.1110922780421217,0.0925869775081595,0.0793664384892626,0.0694213378295879
0.9275650795202685,0.0724349204797315,0.7568775498451923,0.2431224501548077,360.0,5040.0,False,24260.0,0.0,0.9999999999999976,01,operational,280,1,0.4415278016852784,0.2899763973453232,0.1933175982302162,0.1448698409594606,0.1159147976324885,0.0966061813692654,0.0828117382992726,0.0724349204797315
0.8716780943653623,0.1283219056346377,0.7728285503697455,0.2271714496302544,360.0,,True,24260.0,1.0,0.931781265742762,11,operational,280,11,0.4595583000910108,0.308827835359574,0.2286248016587954,0.1884250770120376,0.1643995114451083,0.1483781081683046,0.1369321126401729,0.1283219056346377
0.9349701071042062,0.0650298928957937,0.6246177379875699,0.37538226201243,360.0,4120.0,False,24260.0,0.0,0.9999999999999976,00,operational,11,0,0.4674468500346713,0.2603320875730236,0.173554725048683,0.1300597857915851,0.1040648188077678,0.0867301238947704,0.0743458878183359,0.0650298928957937
0.930585253467322,0.0694147465326779,0.646877959322016,0.353122040677984,360.0,4120.0,False,24260.0,0.0,0.9999999999999976,10,operational,11,10,0.4994023570882562,0.2778858317076089,0.1852572211384067,0.1388294930653536,0.1110817302449764,0.0925781867202283,0.0793589029421651,0.0694147465326779
0.91546000794112,0.08453999205888,0.6246177379875699,0.37538226201243,360.0,5490.0,False,24260.0,0.0,0.9999999999999976,01,operational,11,1,0.5144114860075736,0.3384362427193149,0.2256241618129115,0.169079984117758,0.135286074816626,0.1127506698662248,0.0966509475241509,0.08453999205888
0.9123107167358184,0.0876892832641814,0.646877959322016,0.353122040677984,360.0,5470.0,False,24260.0,0.0,0.9999999999999976,11,operational,11,11,0.5343232267458948,0.3510436993418765,0.2340291328945977,0.1753785665283604,0.1403257635514319,0.1169508677176064,0.1002513971055734,0.0876892832641814
0.981407701706852,0.018592298293148,0.3956656135389249,0.6043343864610751,360.0,1870.0,False,24260.0,0.0,0.9999999999999976,00,operational,41,0,0.1488599046346649,0.0744299523173336,0.0496199682115565,0.0371845965862935,0.0297525348257415,0.0247964783985906,0.0212557773300101,0.018592298293148
0.9813077347834196,0.0186922652165802,0.39925163097059,0.60074836902941,360.0,1870.0,False,24260.0,0.0,0.9999999999999976,10,operational,41,10,0.1496602934007073,0.0748301467003548,0.0498867644669041,0.0373845304331581,0.0299125080213059,0.0249298039088841,0.021370065226608,0.0186922652165802
0.9785720355871718,0.0214279644128282,0.3956656135389249,0.6043343864610751,360.0,2190.0,False,24260.0,0.0,0.9999999999999976,01,operational,41,1,0.1715637673575948,0.0857818836787985,0.0571879224525332,0.042855928825654,0.034290341483623,0.0285783956512942,0.0244976728004798,0.0214279644128282
0.9784204379583632,0.0215795620416368,0.39925163097059,0.60074836902941,360.0,2190.0,False,24260.0,0.0,0.9999999999999976,11,operational,41,11,0.1727775392222389,0.0863887696111207,0.0575925130740813,0.0431591240832712,0.0345329372971967,0.0287805808394168,0.0246709878684131,0.0215795620416368
0.9697411106329752,0.0302588893670247,0.4121107487077712,0.5878892512922288,360.0,2740.0,False,24260.0,0.0,0.9999999999999976,00,operational,71,0,0.2422679898361681,0.1211344427274609,0.0807562951516414,0.0605177787340469,0.0484221286408937,0.0403561670926559,0.0345936905969247,0.0302588893670247
0.9675790767942086,0.0324209232057913,0.4407657177947589,0.5592342822052411,360.0,2740.0,False,24260.0,0.0,0.9999999999999976,10,operational,71,10,0.2595783914558305,0.1297896435525886,0.08652642903506,0.0648418464115802,0.0518819476513302,0.0432396635025515,0.0370654511685432,0.0324209232057913
0.9648243285867304,0.0351756714132696,0.4121107487077712,0.5878892512922288,360.0,3380.0,False,24260.0,0.0,0.9999999999999976,01,operational,71,1,0.2701146219656292,0.1408176388276244,0.0938784258850836,0.0703513428265367,0.0562902645084967,0.0469136608396891,0.0402148366600605,0.0351756714132696
0.963286000343726,0.036713999656274,0.4407657177947589,0.5592342822052411,360.0,3350.0,False,24260.0,0.0,0.9999999999999976,11,operational,71,11,0.2829423138896038,0.1469759790161223,0.0979839860107489,0.0734279993125456,0.0587519916119329,0.0489653234392324,0.0419735413709149,0.036713999656274
0.9764067709095432,0.0235932290904566,0.6211610546220666,0.3788389453779334,360.0,1780.0,False,24260.0,0.0,0.9999999999999976,00,operational,101,0,0.1889000368353389,0.0944500184176706,0.0629666789451145,0.0471864581809109,0.0377553306803506,0.0314662010188445,0.0269731270516183,0.0235932290904566
0.9745492800581952,0.0254507199418048,0.6734382995229895,0.3265617004770104,360.0,1780.0,False,24260.0,0.0,0.9999999999999976,10,operational,101,10,0.2037721041092048,0.1018860520546035,0.0679240347030698,0.0509014398836071,0.0407278013438404,0.0339435295903213,0.0290967166856841,0.0254507199418048
0.9751932052902847,0.0248067947097151,0.6211610546220666,0.3788389453779334,360.0,1960.0,False,24260.0,0.0,0.9999999999999976,01,operational,101,1,0.1986164935908406,0.0993082467954216,0.0662054978636151,0.0496135894194281,0.0396973527359897,0.0330847289269464,0.0283605445818019,0.0248067947097151
0.9723065260519296,0.0276934739480704,0.6734382995229895,0.3265617004770104,360.0,1970.0,False,24260.0,0.0,0.9999999999999976,11,operational,101,11,0.2217287946822461,0.1108643973411243,0.0739095982274169,0.0553869478961384,0.0443167937118029,0.0369346821844154,0.031660761163216,0.0276934739480704
0.9431973955409934,0.0568026044590066,0.7230111040580316,0.2769888959419684,360.0,3700.0,False,24260.0,0.0,0.9999999999999976,00,operational,131,0,0.4298267302822701,0.2273960472623564,0.1515973648415717,0.113605208918011,0.0908990077887423,0.0757574202093439,0.0649399817660129,0.0568026044590066
0.9397058542581396,0.0602941457418603,0.7561656796805503,0.2438343203194498,360.0,3700.0,False,24260.0,0.0,0.9999999999999976,10,operational,131,10,0.456435150590822,0.2413736226594011,0.1609157484396015,0.1205882914837183,0.0964863860663329,0.0804140757036234,0.0689317111841143,0.0602941457418603
0.9378890402981852,0.0621109597018146,0.7230111040580316,0.2769888959419684,360.0,4320.0,False,24260.0,0.0,0.9999999999999976,01,operational,131,1,0.4394827359403542,0.2486468157997413,0.1657645438664949,0.124221919403627,0.0993937630760575,0.0828371536578359,0.0710087966726296,0.0621109597018146
0.8750199577084302,0.1249800422915697,0.7561656796805503,0.2438343203194498,360.0,,True,24260.0,1.0,0.93592348784348,11,operational,131,11,0.4897648560300015,0.3078896638409523,0.2266186132794747,0.1858835724266198,0.1615380724640785,0.1453033215364176,0.133704906384645,0.1249800422915697
0.9005684078063451,0.0994315921936549,0.7030557142067582,0.2969442857932419,360.0,5500.0,False,24260.0,0.0,0.9999999999999976,00,operational,161,0,0.6220462056701046,0.398051308618305,0.2653675390789226,0.1988631843873075,0.1591165257181271,0.1326115410312756,0.1136758753497217,0.0994315921936549
0.8979607433935404,0.1020392566064596,0.7083374873028507,0.2916625126971492,360.0,5500.0,False,24260.0,0.0,0.9999999999999976,10,operational,161,10,0.6352624085461887,0.4084904880486506,0.2723269920324863,0.2040785132129169,0.1632894700756524,0.136089373263922,0.1166571062463021,0.1020392566064596
0.8921759250410483,0.1078240749589517,0.7030557142067582,0.2969442857932419,360.0,7520.0,False,24260.0,0.0,0.9999999999999976,01,operational,161,1,0.5062988143482409,0.3988789407302796,0.2877657773958911,0.215648149917901,0.1725466908226189,0.1438045637721449,0.1232706409936683,0.1078240749589517
0.7786032571395434,0.2213967428604566,0.7083374873028507,0.2916625126971492,360.0,,True,24260.0,1.0,0.8461534867332533,11,operational,161,11,0.5491584283069255,0.423481888882865,0.3341276271061685,0.2889469724541665,0.261944529272357,0.2439380007488312,0.231073793950176,0.2213967428604566
0.9802268332474238,0.0197731667525762,0.4183019714084269,0.581698028591573,360.0,1880.0,False,24260.0,0.0,0.9999999999999976,00,operational,191,0,0.158314570404597,0.0791572852022997,0.0527715234682006,0.0395463335051501,0.0316422328829586,0.0263713982274417,0.0226058135995386,0.0197731667525762
0.9789905693077244,0.0210094306922754,0.43907906017256,0.56092093982744,360.0,1880.0,False,24260.0,0.0,0.9999999999999976,10,operational,191,10,0.1682127620786597,0.0841063810393311,0.0560709206928881,0.0420188613845485,0.0336205781816283,0.0280201988002577,0.0240191811460915,0.0210094306922754
0.9781482687262424,0.0218517312737576,0.4183019714084269,0.581698028591573,360.0,2120.0,False,24260.0,0.0,0.9999999999999976,01,operational,191,1,0.1749566719630755,0.0874783359815389,0.0583188906543601,0.0437034625475128,0.0349684791774684,0.0291435719219949,0.0249821472798438,0.0218517312737576
0.9140419119112164,0.0859580880887835,0.43907906017256,0.56092093982744,360.0,,True,24260.0,1.0,0.93178126576305,11,operational,191,11,0.2102495085408458,0.1392341213888979,0.1155623256715818,0.1036974419406169,0.0966063351102304,0.0918776438379256,0.0884993767647112,0.0859580880887835
0.9631488431058408,0.0368511568941591,0.7026738314049195,0.2973261685950805,360.0,2740.0,False,24260.0,0.0,0.9999999999999976,00,operational,221,0,0.2950494077130359,0.1475250561939309,0.0983500374626215,0.0737023137883161,0.0589714790272293,0.0491482495322201,0.0421303473591643,0.0368511568941591
0.9616188517488014,0.0383811482511986,0.7422313364140283,0.2577686635859717,360.0,2740.0,False,24260.0,0.0,0.9999999999999976,10,operational,221,10,0.3072993385128612,0.1536500215938437,0.1024333477292299,0.0767622965023949,0.061419864934967,0.0511887932582663,0.0438795208658123,0.0383811482511986
0.9545070518385002,0.0454929481614998,0.7026738314049195,0.2973261685950805,360.0,3420.0,False,24260.0,0.0,0.9999999999999976,01,operational,221,1,0.3509224589474817,0.182120462411226,0.1214136416074848,0.0909858963229973,0.072800602871112,0.0606737740858319,0.0520101367221996,0.0454929481614998
0.9491284057659264,0.0508715942340736,0.7422313364140283,0.2577686635859717,360.0,3290.0,False,24260.0,0.0,0.9999999999999976,11,operational,221,11,0.3977183010183949,0.2036526239762678,0.1357684159841793,0.1017431884681449,0.0814078418507369,0.0678472541499612,0.0581593121201491,0.0508715942340736
0.9472484927029065,0.0527515072970935,0.6689414982167476,0.3310585017832523,360.0,3260.0,False,24260.0,0.0,0.9999999999999976,00,operational,251,0,0.4142729564247285,0.2111784197350894,0.1407856131567271,0.1055030145941846,0.0844161939110887,0.070354487140924,0.0603085361072693,0.0527515072970935
0.9431519698083388,0.056848030191661,0.7140598204713033,0.2859401795286966,360.0,3260.0,False,24260.0,0.0,0.9999999999999976,10,operational,251,10,0.4469354688072081,0.2275778986430804,0.1517185990953877,0.1136960603833197,0.0909717008292407,0.0758180043383603,0.0649919150581281,0.056848030191661
0.9413003060064652,0.0586996939935348,0.6689414982167476,0.3310585017832523,360.0,4480.0,False,24260.0,0.0,0.9999999999999976,01,operational,251,1,0.388820282769668,0.2349906050394702,0.1566604033596476,0.1173993879870671,0.0939348466911548,0.0782875613958403,0.0671088428764159,0.0586996939935348
0.62832377216271,0.37167622783729,0.7140598204713033,0.2859401795286966,360.0,,True,24260.0,1.0,0.6430575657833794,11,operational,251,11,0.4749090824866852,0.4159257583516531,0.3962646503066421,0.3864100214579593,0.3805203534658955,0.3765928394265495,0.3737869486219588,0.37167622783729
0.9595134865643112,0.0404865134356888,0.6351643651247478,0.3648356348752521,360.0,2790.0,False,24260.0,0.0,0.9999999999999976,00,operational,281,0,0.32414373328613,0.1620783626101848,0.1080522417401241,0.0809730268713752,0.0647889992929036,0.0539967108968079,0.0462864945951642,0.0404865134356888
0.9584986008133706,0.0415013991866294,0.6420145888031524,0.3579854111968475,360.0,2790.0,False,24260.0,0.0,0.9999999999999976,10,operational,281,10,0.332269449718001,0.1661412222340486,0.1107608148226999,0.0830027983732565,0.0664130816507119,0.0553502602108005,0.0474467699520492,0.0415013991866294
0.9551072334406254,0.0448927665593745,0.6351643651247478,0.3648356348752521,360.0,3430.0,False,24260.0,0.0,0.9999999999999976,01,operational,281,1,0.3438801067594208,0.1797177746249402,0.1198118497499609,0.0897855331187468,0.0718401554999775,0.059873314137434,0.0513239748345623,0.0448927665593745
0.952288081776362,0.0477119182236379,0.6420145888031524,0.3579854111968475,360.0,3410.0,False,24260.0,0.0,0.9999999999999976,11,operational,281,11,0.3671207828533038,0.1910035941959293,0.1273357294639536,0.0954238364472735,0.0763515347145075,0.0636332061229785,0.0545469900363566,0.0477119182236379
0.9476114060155992,0.0523885939844008,0.715933749335823,0.284066250664177,360.0,3390.0,False,24260.0,0.0,0.9999999999999976,00,operational,12,0,0.4071309785512493,0.2097255804931008,0.1398170536620679,0.1047771879687994,0.0838354377934552,0.0698704710189334,0.0598936328799726,0.0523885939844008
0.9430292587423492,0.0569707412576508,0.7588862253919072,0.2411137746080928,360.0,3390.0,False,24260.0,0.0,0.9999999999999976,10,operational,12,10,0.4432880204264988,0.228069143923595,0.1520460959490641,0.1139414825152992,0.0911680705951943,0.0759816636261531,0.0651322053575567,0.0569707412576508
0.9242306639666584,0.0757693360333414,0.715933749335823,0.284066250664177,360.0,4770.0,False,24260.0,0.0,0.9999999999999976,01,operational,12,1,0.5087701900735635,0.303324956342618,0.2022166375617461,0.1515386720666806,0.1212507336914986,0.1010532788686364,0.0866238326092793,0.0757693360333414
0.739484053902067,0.260515946097933,0.7588862253919072,0.2411137746080928,360.0,,True,24260.0,1.0,0.7717890050583598,11,operational,12,11,0.456335756651982,0.3575363713026168,0.3144279125156245,0.292820897254226,0.2799073570140878,0.2712959869573818,0.2651438602393151,0.260515946097933
0.9731107128036816,0.0268892871963183,0.4368658614968859,0.5631341385031141,360.0,2250.0,False,24260.0,0.0,0.9999999999999976,00,operational,42,0,0.2152900445456684,0.1076450222728355,0.0717633481818912,0.0537785743926341,0.0430298848014224,0.0358621413342289,0.0307413689365279,0.0268892871963183
0.9722644646294212,0.0277355353705787,0.4377673314503676,0.5622326685496324,360.0,2250.0,False,24260.0,0.0,0.9999999999999976,10,operational,42,10,0.2220655609735708,0.1110327804867867,0.0740218536578586,0.055471070741155,0.0443841029770842,0.0369907793456267,0.0317088481838157,0.0277355353705787
0.9705831061973124,0.0294168938026877,0.4368658614968859,0.5631341385031141,360.0,2560.0,False,24260.0,0.0,0.9999999999999976,01,operational,42,1,0.2355274164621456,0.1177637088506222,0.0785091392337489,0.0588337876053732,0.0470747157521771,0.0392332007711396,0.0336310731761942,0.0294168938026877
0.908687616132292,0.091312383867708,0.4377673314503676,0.5622326685496324,360.0,,True,24260.0,1.0,0.9317812653019064,11,operational,42,11,0.2531188669384497,0.1606688008182817,0.1298521121115523,0.1144060330373223,0.1051746069812779,0.0990186478529958,0.0946207134501025,0.091312383867708
0.964309572086723,0.035690427913277,0.6431248482398598,0.3568751517601402,360.0,2330.0,False,24260.0,0.0,0.9999999999999976,00,operational,72,0,0.2857566940768737,0.1428783470384383,0.0952522313589597,0.0713808558265517,0.05711400939747,0.0476001896502598,0.0408033356918002,0.035690427913277
0.9627851201985612,0.0372148798014386,0.6641305195846511,0.3358694804153489,360.0,2330.0,False,24260.0,0.0,0.9999999999999976,10,operational,72,10,0.2979622729199984,0.1489811364600008,0.0993207576400011,0.0744297596028751,0.0595535307077222,0.0496333454074704,0.0425461761612337,0.0372148798014386
0.962931541472824,0.0370684585271758,0.6431248482398598,0.3568751517601402,360.0,2760.0,False,24260.0,0.0,0.9999999999999976,01,operational,72,1,0.2967879600696123,0.1483949728620529,0.0989299819080362,0.0741369170543493,0.0593192184138332,0.0494380639039626,0.0423787789974707,0.0370684585271758
0.9619331412289528,0.038066858771047,0.6641305195846511,0.3358694804153489,360.0,2800.0,False,24260.0,0.0,0.9999999999999976,11,operational,72,11,0.3047631463657004,0.1523918365834334,0.1015945577222897,0.076133717542092,0.0609169196532094,0.0507696265590985,0.0435202071810848,0.038066858771047
0.9231941665857368,0.0768058334142631,0.73468328121555,0.2653167187844499,360.0,4520.0,False,24260.0,0.0,0.9999999999999976,00,operational,102,0,0.530906111837038,0.3074743331126475,0.2049828887417658,0.1536116668285239,0.1229094003036855,0.1024356515323589,0.0878088156159326,0.0768058334142631
0.921013778808088,0.0789862211919119,0.74773310596319,0.2522668940368101,360.0,4520.0,False,24260.0,0.0,0.9999999999999976,10,operational,102,10,0.5461126596896071,0.3162030096734969,0.2108020064489987,0.1579724423838217,0.1263985904116149,0.105343626521602,0.0903015594587883,0.0789862211919119
0.9161450400079024,0.0838549599920975,0.7346832812157551,0.2653167187842448,360.0,5700.0,False,24260.0,0.0,0.9999999999999976,01,operational,102,1,0.4851670383686128,0.3356938725301772,0.2237959171902349,0.167709919984193,0.1341898445334013,0.1118370451718224,0.0958677797389819,0.0838549599920975
0.8294037039954743,0.1705962960045257,0.7477331059626605,0.2522668940373395,360.0,,True,24260.0,1.0,0.8893731202250903,11,operational,102,11,0.5067363651345749,0.3507005231777846,0.2706759753768262,0.2305657122341419,0.2065936137805003,0.1906078649477781,0.1791873416333135,0.1705962960045257
0.9932295343452878,0.0067704656547121,0.3748931310616308,0.6251068689383692,360.0,910.0,False,24260.0,0.0,0.9999999999999976,00,operational,132,0,0.0542079766471889,0.0271039883235956,0.0180693255490645,0.013540931309422,0.0108345139477745,0.0090297446129794,0.0077403830396846,0.0067704656547121
0.9930149835122882,0.0069850164877117,0.3833963221193808,0.6166036778806192,360.0,910.0,False,24260.0,0.0,0.9999999999999976,10,operational,132,10,0.0559257856042115,0.0279628928021069,0.0186419285347388,0.0139700329754212,0.0111778513356575,0.0093158902530715,0.0079856698062964,0.0069850164877117
0.9929736650670398,0.0070263349329602,0.3748931310616308,0.6251068689383692,360.0,1010.0,False,24260.0,0.0,0.9999999999999976,01,operational,132,1,0.0562566032213974,0.0281283016106999,0.0187522010738007,0.0140526698659181,0.0112439716432076,0.0093709965083021,0.0080329074128566,0.0070263349329602
0.99282569829063,0.00717430170937,0.3833963221193808,0.6166036778806192,360.0,1010.0,False,24260.0,0.0,0.9999999999999976,11,operational,132,11,0.0574413045357891,0.0287206522678956,0.0191471015119312,0.0143486034187376,0.0114807571443203,0.0095683392422184,0.0082020714829472,0.00717430170937
0.9644016072330776,0.0355983927669223,0.6318757152899913,0.3681242847100087,360.0,2660.0,False,24260.0,0.0,0.9999999999999976,00,operational,162,0,0.2850197967546317,0.1425099056845675,0.0950066037897124,0.0711967855338423,0.0569667291175425,0.0474774427212619,0.0406981158557905,0.0355983927669223
0.962515247850396,0.0374847521496038,0.6660463068096195,0.3339536931903805,360.0,2660.0,False,24260.0,0.0,0.9999999999999976,10,operational,162,10,0.3001230009623757,0.1500615077884397,0.1000410051922939,0.0749695042992053,0.0599853969735646,0.0499932731445443,0.0428547096437371,0.0374847521496038
0.9603283473579672,0.0396716526420326,0.6318757152899913,0.3681242847100087,360.0,3390.0,False,24260.0,0.0,0.9999999999999976,01,operational,162,1,0.3053064379076894,0.1588162564917902,0.105877504327861,0.0793433052840629,0.0634850091267,0.0529099341170269,0.0453548991941107,0.0396716526420326
0.894541121949813,0.105458878050187,0.6660463068096195,0.3339536931903805,360.0,,True,24260.0,1.0,0.93178126576305,11,operational,162,11,0.3580726391867354,0.2173010093062809,0.1676069176165038,0.1426990218634238,0.127812693964207,0.1178857741620618,0.1107937936594559,0.105458878050187
0.9253557283025464,0.0746442716974534,0.775208006189561,0.224791993810439,360.0,4260.0,False,24260.0,0.0,0.9999999999999974,00,operational,192,0,0.5363787295089877,0.2988210223182288,0.1992140148788201,0.1492885433949042,0.11945033681173,0.0995527847897439,0.0853375948011013,0.0746442716974534
0.9219952843391076,0.0780047156608924,0.7934068890471561,0.2065931109528439,360.0,4260.0,False,24260.0,0.0,0.9999999999999974,10,operational,192,10,0.5608054747894287,0.3122737800150024,0.2081825200100026,0.1560094313217821,0.1248279251268347,0.1040345962815377,0.0891794462758682,0.0780047156608924
0.9088049579938124,0.0911950420061876,0.775208006189561,0.224791993810439,360.0,5690.0,False,24260.0,0.0,0.9999999999999974,01,operational,192,1,0.551720960810687,0.3650781896604088,0.243385460691891,0.1823900840123727,0.1459358934782217,0.1216264849837552,0.1042593807350251,0.0911950420061876
0.9099206935897604,0.0900793064102396,0.7934068890471561,0.2065931109528439,360.0,5440.0,False,24260.0,0.0,0.9999999999999974,11,operational,192,11,0.5689227723966777,0.3606116024592447,0.2404077349728575,0.1801586128204766,0.1441504250196503,0.1201384326102806,0.1029838080751686,0.0900793064102396
0.9349124289285212,0.0650875710714786,0.6555702151269904,0.3444297848730095,360.0,3910.0,False,24260.0,0.0,0.9999999999999976,00,operational,222,0,0.4795082965879882,0.2605629887665329,0.1737086591776894,0.1301751421429547,0.1041571189582759,0.0868070490610349,0.0744118288031366,0.0650875710714786
0.9317604040306648,0.0682395959693352,0.677460359420552,0.3225396405794479,360.0,3910.0,False,24260.0,0.0,0.9999999999999976,10,operational,222,10,0.5031375962080362,0.2731813890929203,0.1821209260619477,0.1364791919386683,0.1092011823153948,0.0910108928279096,0.0780154036980265,0.0682395959693352
0.9283207386474708,0.0716792613525293,0.6555702151269904,0.3444297848730095,360.0,4910.0,False,24260.0,0.0,0.9999999999999976,01,operational,222,1,0.4557197707983873,0.2869512913622428,0.1913008609081626,0.1433585227050563,0.1147055456000618,0.0955983616296655,0.0819478256246832,0.0716792613525293
0.8346929727096808,0.1653070272903192,0.677460359420552,0.3225396405794479,360.0,,True,24260.0,1.0,0.8893731201557741,11,operational,222,11,0.4782306087759845,0.3295261629209061,0.2565597352286792,0.2199871747364121,0.1981294018840222,0.1835535871076598,0.1731403475264137,0.1653070272903192
0.979597983665979,0.0204020163340209,0.3950773752759217,0.6049226247240783,360.0,1970.0,False,24260.0,0.0,0.9999999999999976,00,operational,252,0,0.1633494771841388,0.0816747385920705,0.0544498257280477,0.0408040326680396,0.0326485565110055,0.0272100925521774,0.0233247503585397,0.0204020163340209
0.9783203505242484,0.0216796494757516,0.4393729921930192,0.5606270078069808,360.0,1970.0,False,24260.0,0.0,0.9999999999999976,10,operational,252,10,0.1735788928613945,0.0867894464306983,0.0578596309537996,0.0433592989515011,0.0346931033413387,0.0289140670743549,0.0247854135397064,0.0216796494757516
0.976531673258518,0.023468326741482,0.3950773752759217,0.6049226247240783,360.0,2240.0,False,24260.0,0.0,0.9999999999999976,01,operational,252,1,0.1879000016883194,0.0939500008441609,0.0626333338961082,0.0469366534829616,0.0375554542891108,0.0312996192251657,0.0268303315523239,0.023468326741482
0.975521988657982,0.0244780113420179,0.4393729921930192,0.5606270078069808,360.0,2250.0,False,24260.0,0.0,0.9999999999999976,11,operational,252,11,0.1959840777383626,0.0979920388691825,0.065328025912789,0.0489560226840335,0.0391712134473821,0.0326462317843998,0.0279846606569963,0.0244780113420179
0.9935406074420065,0.0064593925579936,0.2729133530126137,0.7270866469873862,360.0,1020.0,False,24260.0,0.0,0.9999999999999976,00,operational,282,0,0.0517173587159448,0.0258586793579735,0.0172391195719832,0.0129187851159847,0.0103367157198447,0.0086148675923151,0.0073847465082051,0.0064593925579936
0.9933119288568064,0.0066880711431934,0.2889012827407949,0.711098717259205,360.0,1020.0,False,24260.0,0.0,0.9999999999999976,10,operational,282,10,0.0535482820288204,0.0267741410144114,0.0178494273429415,0.0133761422863846,0.0107026612023659,0.0089198553624511,0.0076461849280556,0.0066880711431934
0.9932265234633626,0.0067734765366374,0.2729133530126137,0.7270866469873862,360.0,1060.0,False,24260.0,0.0,0.9999999999999976,01,operational,282,1,0.0542320833815576,0.0271160416907799,0.0180773611271873,0.0135469530732724,0.0108393321454995,0.0090337602148939,0.0077438252518716,0.0067734765366374
0.9928011296197142,0.0071988703802857,0.2889012827407949,0.711098717259205,360.0,1080.0,False,24260.0,0.0,0.9999999999999976,11,operational,282,11,0.0576380144826642,0.0288190072413332,0.0192126714942229,0.0143977407605692,0.0115200734367723,0.0096011063863357,0.0082301597908071,0.0071988703802857
0.9868537009062304,0.0131462990937695,0.3215856555238546,0.6784143444761453,360.0,1480.0,False,24260.0,0.0,0.9999999999999976,00,operational,13,0,0.1052563162736286,0.0526281581368155,0.0350854387578778,0.0262925981875368,0.02103751324607,0.0175331697222286,0.0150295999905435,0.0131462990937695
0.98594425532441,0.0140557446755901,0.3712774930961567,0.6287225069038432,360.0,1480.0,False,24260.0,0.0,0.9999999999999976,10,operational,13,10,0.1125378250169634,0.0562689125084827,0.0375126083389895,0.0281114893511779,0.0224928637852344,0.0187460938787122,0.0160693301237493,0.0140557446755901
0.985679648749064,0.0143203512509358,0.3215856555238546,0.6784143444761453,360.0,1640.0,False,24260.0,0.0,0.9999999999999976,01,operational,13,1,0.1146564070744701,0.0573282035372362,0.0382188023581582,0.0286407025018694,0.0229163034387922,0.0190989986743558,0.0163718434740047,0.0143203512509358
0.9215231593101516,0.0784768406898483,0.3712774930961567,0.6287225069038432,360.0,,True,24260.0,1.0,0.931781265742762,11,operational,13,11,0.1503506321653956,0.1092846832113167,0.095596033559957,0.0887349471224593,0.0846343846556024,0.0818999322756898,0.0799463874349776,0.0784768406898483
0.9740206839652404,0.0259793160347596,0.6368639088441097,0.3631360911558903,230.0,2190.0,False,24260.0,0.0,0.9999999999999976,00,operational,43,0,0.2080043277292678,0.1040021638646351,0.0693347759097575,0.0519586320695169,0.0415736931973604,0.0346485162140226,0.0297010379305461,0.0259793160347596
0.9722185548862652,0.0277814451137347,0.741812333363592,0.2581876666364079,230.0,2190.0,False,24260.0,0.0,0.9999999999999976,10,operational,43,10,0.2224331389825008,0.1112165694912514,0.074144379660835,0.0555628902274673,0.0444575705608414,0.0370520089976312,0.0317613348243815,0.0277814451137347
0.97229345210659,0.02770654789341,0.6368639088441097,0.3631360911558903,230.0,2420.0,False,24260.0,0.0,0.9999999999999976,01,operational,43,1,0.2218334716955141,0.1109167358477946,0.0739444905651971,0.0554130957868177,0.0443377154401389,0.0369521188562075,0.0316757080442622,0.02770654789341
0.9705084535615373,0.0294915464384628,0.741812333363592,0.2581876666364079,230.0,2440.0,False,24260.0,0.0,0.9999999999999976,11,operational,43,11,0.2361251267129981,0.1180625633565843,0.078708375571057,0.0589830928769233,0.0471941794736981,0.0393327647110683,0.0337164203332867,0.0294915464384628
0.9439149474677404,0.0560850525322597,0.6744777800325165,0.3255222199674835,360.0,3530.0,False,24260.0,0.0,0.9999999999999976,00,operational,73,0,0.4299948177120687,0.2245234946144315,0.1496823297429551,0.1121701050645171,0.0897507372332034,0.0748004238998556,0.0641196354195219,0.0560850525322597
0.9426932265704192,0.0573067734295806,0.6796482466184084,0.3203517533815915,360.0,3530.0,False,24260.0,0.0,0.9999999999999976,10,operational,73,10,0.4397765699945402,0.2294143707556671,0.1529429138371123,0.114613546859159,0.0917058098644484,0.0764298284716773,0.065516376529385,0.0573067734295806
0.9264359851690958,0.0735640148309042,0.6744777800325165,0.3255222199674835,360.0,4660.0,False,24260.0,0.0,0.9999999999999976,01,operational,73,1,0.4977740821938763,0.2944964646008347,0.1963309764005572,0.1471280296618059,0.1177216435896232,0.098112050264406,0.0841025834511034,0.0735640148309042
0.8046363158580486,0.1953636841419513,0.6796482466184084,0.3203517533815915,360.0,,True,24260.0,1.0,0.8461534867332533,11,operational,73,11,0.4661566504007512,0.32005087379657,0.2646494202866289,0.2368808550171564,0.2202848337398048,0.2092178081193607,0.2013113143139944,0.1953636841419513
0.9850988319626588,0.0149011680373413,0.3683988709721798,0.6316011290278202,360.0,1540.0,False,24260.0,0.0,0.9999999999999976,00,operational,103,0,0.1193067375538602,0.0596533687769312,0.039768912517955,0.0298023360746803,0.0238457620453849,0.0198736318407647,0.0170358663982667,0.0149011680373413
0.9838746970420904,0.0161253029579094,0.403290524196955,0.596709475803045,360.0,1540.0,False,24260.0,0.0,0.9999999999999976,10,operational,103,10,0.1291078178002384,0.0645539089001203,0.0430359392667478,0.0322506059158165,0.0258046977445303,0.0215062559863237,0.0184353673573856,0.0161253029579094
0.9816921244051292,0.0183078755948707,0.3683988709721798,0.6316011290278202,360.0,1910.0,False,24260.0,0.0,0.9999999999999976,01,operational,103,1,0.1465826640765625,0.0732913320382825,0.0488608880255224,0.036615751189739,0.0292973841981916,0.0244171449142254,0.0209306090561981,0.0183078755948707
0.9176622757075096,0.0823377242924903,0.403290524196955,0.596709475803045,360.0,,True,24260.0,1.0,0.9317812656734458,11,operational,103,11,0.1812629350342145,0.1247408346803842,0.1059001345624409,0.0964567142584268,0.0908128071002601,0.0870491782114448,0.0843603700785581,0.0823377242924903
0.982832983211786,0.0171670167882138,0.4047239355422591,0.5952760644577408,360.0,1690.0,False,24260.0,0.0,0.9999999999999974,00,operational,133,0,0.1374483370297976,0.0687241685149001,0.0458161123432677,0.0343340335764249,0.0274717120386162,0.0228955858089943,0.019626314106917,0.0171670167882138
0.9825562325454438,0.0174437674545562,0.4102638657084214,0.5897361342915786,360.0,1690.0,False,24260.0,0.0,0.9999999999999974,10,operational,133,10,0.1396641511884219,0.0698320755942122,0.0465547170628091,0.0348875349091097,0.0279145854106208,0.0232646871331853,0.0199427112756239,0.0174437674545562
0.98076705209613,0.0192329479038699,0.4047239355422591,0.5952760644577408,360.0,1960.0,False,24260.0,0.0,0.9999999999999974,01,operational,133,1,0.1539892887727963,0.0769946443863995,0.0513297629242671,0.0384658958077372,0.0307777415835917,0.0256509103780512,0.0219882045564538,0.0192329479038699
0.9801999608149976,0.0198000391850022,0.4102638657084214,0.5897361342915786,360.0,1960.0,False,24260.0,0.0,0.9999999999999974,11,operational,133,11,0.158529725500817,0.0792648627504098,0.0528432418336075,0.039600078370002,0.031685235795724,0.026407237889632,0.022636535699139,0.0198000391850022
0.9423404252068424,0.0576595747931575,0.7707296768151248,0.2292703231848751,360.0,3600.0,False,24260.0,0.0,0.9999999999999976,00,operational,163,0,0.4383133996998236,0.2308267291556074,0.153884486103739,0.1153191495863128,0.0922703842215768,0.076900358325114,0.0659197191988965,0.0576595747931575
0.9396364636271626,0.0603635363728374,0.7952378572804135,0.2047621427195864,360.0,3600.0,False,24260.0,0.0,0.9999999999999976,10,operational,163,10,0.4594065390145891,0.2416514119500772,0.1611009413000522,0.1207270727456724,0.0965974292053883,0.0805066217275177,0.0690110425167759,0.0603635363728374
0.9346140347091344,0.0653859652908656,0.7707296768151248,0.2292703231848751,360.0,4960.0,False,24260.0,0.0,0.9999999999999976,01,operational,163,1,0.4045277083692908,0.2617575407885887,0.1745050271923932,0.1307719305817287,0.104634627669901,0.0872050163106256,0.0747529701178816,0.0653859652908656
0.7688170438226608,0.2311829561773392,0.7952378572804135,0.2047621427195864,360.0,,True,24260.0,1.0,0.8087461958770292,11,operational,163,11,0.4562532879369242,0.351100899765459,0.2978185345512962,0.2711121082317077,0.2551508795855461,0.2445071642390311,0.23690309135265,0.2311829561773392
0.9586280216920738,0.0413719783079261,0.5937750160091335,0.4062249839908665,360.0,3170.0,False,24260.0,0.0,0.9999999999999976,00,operational,193,0,0.3261809871363268,0.1656231157751874,0.1104154105167923,0.0827439566158498,0.0662059744313632,0.0551776520709949,0.0472988086114877,0.0413719783079261
0.954664245809421,0.045335754190579,0.6457431774479172,0.3542568225520827,360.0,3170.0,False,24260.0,0.0,0.9999999999999976,10,operational,193,10,0.3576701249339882,0.1814911728217552,0.1209941152145042,0.0906715083811556,0.0725490514480186,0.0604641250772548,0.0518304235963219,0.045335754190579
0.9484954120228866,0.0515045879771134,0.5937750160091335,0.4062249839908665,360.0,3990.0,False,24260.0,0.0,0.9999999999999976,01,operational,193,1,0.3733130779322537,0.2061866675554308,0.1374577783702879,0.1030091759542245,0.0824207972200692,0.0686914755274503,0.0588829867213845,0.0515045879771134
0.066638165262509,0.933361834737491,0.6457431774479172,0.3542568225520827,360.0,,True,24260.0,1.0,0.0507230432006392,11,operational,193,11,0.8218519598987695,0.8855644583490652,0.906801957832497,0.9174467126756212,0.9238086034018552,0.9280510182846188,0.9310818802470598,0.933361834737491
0.9900639286759936,0.0099360713240065,0.3484250578063939,0.6515749421936061,360.0,1140.0,False,24260.0,0.0,0.9999999999999974,00,operational,223,0,0.0795535122346744,0.0397767561173385,0.0265178374115599,0.0198721426480105,0.0159003100874027,0.0132517010037096,0.0113594842481639,0.0099360713240065
0.9888581691445902,0.0111418308554097,0.4027842075618084,0.5972157924381916,360.0,1140.0,False,24260.0,0.0,0.9999999999999974,10,operational,223,10,0.0892074692671506,0.0446037346335767,0.029735823089052,0.0222836617108167,0.0178298403629988,0.0148598179617596,0.0127379774128572,0.0111418308554097
0.9889098599248196,0.0110901400751803,0.3484250578063939,0.6515749421936061,360.0,1320.0,False,24260.0,0.0,0.9999999999999974,01,operational,223,1,0.0887936051770788,0.0443968025885407,0.0295978683923614,0.022180280150358,0.0177471216095292,0.0147908781623246,0.0126788815605184,0.0110901400751803
0.9872646487580716,0.0127353512419284,0.4027842075618084,0.5972157924381916,360.0,1380.0,False,24260.0,0.0,0.9999999999999976,11,operational,223,11,0.101966047525228,0.0509830237626152,0.0339886825084111,0.0254707024838546,0.0203798893159522,0.0169850901157994,0.0145597809345423,0.0127353512419284
0.9210529527325724,0.0789470472674275,0.7883451134588595,0.2116548865411404,360.0,4340.0,False,24260.0,0.0,0.9999999999999976,00,operational,253,0,0.5644904441550289,0.316046185956198,0.2106974573041328,0.1578940945348528,0.1263359018975803,0.1052913804056592,0.0902567735908523,0.0789470472674275
0.9178997120873544,0.0821002879126454,0.806794582423013,0.1932054175769869,360.0,4340.0,False,24260.0,0.0,0.9999999999999976,10,operational,253,10,0.5869082798325554,0.3286694532450604,0.219112968830041,0.1642005758252884,0.131381910768112,0.1094968456102231,0.0938617383975644,0.0821002879126454
0.9096393516751944,0.0903606483248055,0.7883451134588595,0.2116548865411404,360.0,5560.0,False,24260.0,0.0,0.9999999999999976,01,operational,253,1,0.5541296258961674,0.3617378895337811,0.2411585930237145,0.1807212966496086,0.144600645588355,0.120513657264982,0.1033054542210794,0.0903606483248055
0.7615379454967037,0.2384620545032962,0.806794582423013,0.1932054175769869,360.0,,True,24260.0,1.0,0.8325521758208541,11,operational,253,11,0.655040800937254,0.4517368181238649,0.3569738201422918,0.3094762848274464,0.2810891463830441,0.2621592364242021,0.2486353483481465,0.2384620545032962
0.9654570614086796,0.0345429385913205,0.4326652543799542,0.5673347456200458,360.0,2810.0,False,24260.0,0.0,0.9999999999999976,00,operational,283,0,0.2765398658742952,0.1382846397855083,0.0921897598570062,0.0690858771826388,0.05527772668108,0.0460697874516786,0.0394914603587188,0.0345429385913205
0.963201183425264,0.0367988165747359,0.4530474637836243,0.5469525362163756,360.0,2810.0,False,24260.0,0.0,0.9999999999999976,10,operational,283,10,0.2946016340048828,0.147315523869442,0.0982103492462954,0.0735976331494693,0.058887720841346,0.0490784434448021,0.0420705089165199,0.0367988165747359
0.9580709388461508,0.041929061153849,0.4326652543799542,0.5673347456200458,360.0,3610.0,False,24260.0,0.0,0.9999999999999976,01,operational,283,1,0.3103218506034801,0.1678532676910555,0.1119021784607045,0.0838581223076958,0.067097452532285,0.05592063137013,0.0479356975393978,0.041929061153849
0.7548773745860583,0.2451226254139417,0.4530474637836243,0.5469525362163756,360.0,,True,24260.0,1.0,0.7717890050583598,11,operational,283,11,0.3619558318273188,0.2959127835970963,0.273345520711944,0.2620342558862434,0.2552740221507446,0.2507659729803656,0.2475453368255127,0.2451226254139417
0.9798428946610188,0.0201571053389812,0.5339760532435103,0.4660239467564897,360.0,1710.0,False,24260.0,0.0,0.9999999999999976,00,operational,14,0,0.1613885884983624,0.0806942942491824,0.0537961961661225,0.0403142106779601,0.0322566349317452,0.026883455678009,0.0230447541206268,0.0201571053389812
0.9787427555079146,0.0212572444920854,0.5685897056612705,0.4314102943387294,360.0,1710.0,False,24260.0,0.0,0.9999999999999976,10,operational,14,10,0.1701968921751772,0.0850984460875897,0.0567322973917273,0.0425144889841684,0.0340171450069284,0.0283507071342448,0.0243024960362149,0.0212572444920854
0.9770871147986424,0.0229128852013574,0.5339760532435103,0.4660239467564897,360.0,2040.0,False,24260.0,0.0,0.9999999999999976,01,operational,14,1,0.18345283903046,0.0917264195152313,0.0611509463434882,0.0458257704027126,0.0366666027062859,0.030558828929409,0.0261953190589477,0.0229128852013574
0.975238823882116,0.0247611761178838,0.5685897056612705,0.4314102943387294,360.0,1950.0,False,24260.0,0.0,0.9999999999999976,11,operational,14,11,0.1982512466954585,0.0991256233477305,0.0660837488984877,0.0495223522357652,0.0396243510704201,0.0330238875823701,0.02830839080206,0.0247611761178838
0.946310138467692,0.0536898615323081,0.7771610048958538,0.2228389951041461,360.0,3490.0,False,24260.0,0.0,0.9999999999999976,00,operational,44,0,0.4117755020649415,0.2149349031930565,0.1432899354620385,0.1073797230646138,0.0859178058485647,0.0716059666598548,0.0613813162641876,0.0536898615323081
0.9448020245286338,0.0551979754713661,0.7852660847588495,0.2147339152411504,360.0,3490.0,False,24260.0,0.0,0.9999999999999976,10,operational,44,10,0.4235776858832166,0.2209722874262136,0.1473148582841432,0.11039595094273,0.0883311821716819,0.0736173325557134,0.0631054782570444,0.0551979754713661
0.936770061067156,0.0632299389328441,0.7771610048958538,0.2228389951041461,360.0,4410.0,False,24260.0,0.0,0.9999999999999976,01,operational,44,1,0.432916668993816,0.2531263895187318,0.168750926345822,0.126459877865686,0.1011844221982142,0.084329532055235,0.0722880776413754,0.0632299389328441
0.8064331571315344,0.1935668428684656,0.7852660847588495,0.2147339152411504,360.0,,True,24260.0,1.0,0.8461534867332533,11,operational,44,11,0.4531671553238366,0.3128576366723204,0.2598539288704625,0.2332871724701842,0.2174094182466363,0.2068213676620711,0.1992570627414134,0.1935668428684656
0.9630715830527736,0.0369284169472262,0.482737375236388,0.517262624763612,360.0,2960.0,False,24260.0,0.0,0.9999999999999976,00,operational,74,0,0.29397467056887,0.147834348890033,0.0985562325933561,0.0738568338944503,0.0590951152976503,0.0492512909747974,0.0422186754646307,0.0369284169472262
0.9621371203612225,0.0378628796387775,0.4873208426763584,0.5126791573236416,360.0,2960.0,False,24260.0,0.0,0.9999999999999976,10,operational,74,10,0.3014564797005705,0.1515752534558833,0.1010501689705896,0.0757257592775526,0.0605904997485323,0.0504975803565614,0.0432870065865628,0.0378628796387775
0.9566389785635812,0.0433610214364188,0.482737375236388,0.517262624763612,360.0,3700.0,False,24260.0,0.0,0.9999999999999976,01,operational,74,1,0.3179694632102395,0.1735857884301007,0.1157238589534013,0.0867220428728352,0.0693889631085722,0.0578304314203728,0.0495727963225504,0.0433610214364188
0.9561702569713848,0.043829743028615,0.4873208426763584,0.5126791573236416,360.0,3660.0,False,24260.0,0.0,0.9999999999999976,11,operational,74,11,0.3232493245571778,0.1754622065687955,0.1169748043791978,0.087659486057228,0.0701390401176389,0.0584555636473084,0.0501086656183417,0.043829743028615
0.965416995855398,0.0345830041446021,0.6968649274698753,0.3031350725301246,360.0,2570.0,False,24260.0,0.0,0.9999999999999976,00,operational,104,0,0.2768900657082079,0.1384450329318152,0.0922966886212109,0.0691660082892019,0.0553418420341431,0.0461232227295992,0.0395372655876222,0.0345830041446021
0.9639650228185656,0.0360349771814344,0.7302150017646067,0.2697849982353933,360.0,2570.0,False,24260.0,0.0,0.9999999999999976,10,operational,104,10,0.2885153400227156,0.1442576700890691,0.0961717800593802,0.0720699543628667,0.0576653782459259,0.0480597137150315,0.0411972440945,0.0360349771814344
0.9629195992133532,0.0370804007866467,0.6968649274698753,0.3031350725301246,360.0,3200.0,False,24260.0,0.0,0.9999999999999976,01,operational,104,1,0.290939554297934,0.1484427809269284,0.0989618539512865,0.0741608015732911,0.0593383291491067,0.0494539912505624,0.0423924320705945,0.0370804007866467
0.962524033575356,0.0374759664246441,0.7302150017646067,0.2697849982353933,360.0,3170.0,False,24260.0,0.0,0.9999999999999976,11,operational,104,11,0.2950262598757722,0.1500263361770812,0.1000175574513883,0.0749519328492859,0.0599713375182078,0.0499815556561658,0.042844665301156,0.0374759664246441
0.9608780147995154,0.0391219852004846,0.5862244647398752,0.4137755352601248,360.0,3020.0,False,24260.0,0.0,0.9999999999999976,00,operational,134,0,0.3110467275558747,0.1566157904267696,0.1044105269511808,0.0782439704009669,0.0626053976101799,0.0521768447148536,0.0447264879800216,0.0391219852004846
0.957604549033807,0.042395450966193,0.6253024337369282,0.3746975662630718,360.0,3020.0,False,24260.0,0.0,0.9999999999999976,10,operational,134,10,0.3371538088555879,0.169720351090145,0.1131469007267643,0.0847909019323838,0.0678437980843704,0.0565426537110352,0.0484689010112796,0.042395450966193
0.9534794584469172,0.0465205415530828,0.5862244647398752,0.4137755352601248,360.0,4000.0,False,24260.0,0.0,0.9999999999999976,01,operational,134,1,0.3347680928705961,0.1862341941258961,0.124156129417265,0.0930410831061632,0.074445020774037,0.0620442715324177,0.053184940179679,0.0465205415530828
0.9559444865001416,0.0440555134998584,0.6253024337369282,0.3746975662630718,360.0,3910.0,False,24260.0,0.0,0.9999999999999976,11,operational,134,11,0.3166303244254836,0.1763660262657665,0.1175773508438452,0.0881110269997148,0.0705003318580349,0.0587566728767838,0.0503667793162168,0.0440555134998584
0.9678892260192506,0.0321107739807493,0.6654454478680845,0.3345545521319155,360.0,2490.0,False,24260.0,0.0,0.9999999999999976,00,operational,164,0,0.2570960661826029,0.1285480330928621,0.0856986887285755,0.0642215479614963,0.0513856278594603,0.0428260186460721,0.0367108708599324,0.0321107739807493
0.9672718535316952,0.0327281464683048,0.6713945388504136,0.3286054611495864,360.0,2490.0,False,24260.0,0.0,0.9999999999999976,10,operational,164,10,0.2620390811973435,0.1310195406002324,0.0873463604001556,0.0654562929366071,0.0523735851386966,0.0436494060137968,0.0374166863496714,0.0327281464683048
0.9534249920299732,0.0465750079700268,0.6654454478680845,0.3345545521319155,360.0,3480.0,False,24260.0,0.0,0.9999999999999976,01,operational,164,1,0.3545228312834808,0.1864522377884993,0.1243014918590001,0.0931500159400513,0.0745321812714329,0.0621169131881134,0.0532472092984438,0.0465750079700268
0.9528990508367202,0.0471009491632797,0.6713945388504136,0.3286054611495864,360.0,3490.0,False,24260.0,0.0,0.9999999999999976,11,operational,164,11,0.3582675309521076,0.18855772132358,0.1257051475490541,0.0942018983265571,0.0753738245917917,0.0628183589820543,0.0538484953103287,0.0471009491632797
0.9294035443288698,0.0705964556711301,0.7276063541282038,0.2723936458717961,360.0,3940.0,False,24260.0,0.0,0.9999999999999976,00,operational,194,0,0.5223185609921592,0.2826165300559875,0.1884110200373258,0.1411929113422578,0.1129727736082735,0.0941542277595359,0.0807099003239701,0.0705964556711301
0.923993599406341,0.076006400593659,0.771226132063696,0.228773867936304,360.0,3940.0,False,24260.0,0.0,0.9999999999999976,10,operational,194,10,0.5622961629298968,0.304273989304674,0.2028493262031168,0.1520128011873157,0.1216300989251879,0.1013694509822883,0.0868948583548595,0.076006400593659
0.924139489576083,0.0758605104239169,0.7276063541282038,0.2723936458717961,360.0,5220.0,False,24260.0,0.0,0.9999999999999976,01,operational,194,1,0.4617992804742811,0.303689951860445,0.2024599679069642,0.1517210208478315,0.1213966365372924,0.1011748778108846,0.0867280683801193,0.0758605104239169
0.7916663379719563,0.2083336620280437,0.771226132063696,0.228773867936304,360.0,,True,24260.0,1.0,0.8506156213344934,11,operational,194,11,0.5259722963248787,0.3853741568325265,0.3067108974435198,0.267282945390581,0.2437186335565686,0.2280048164652974,0.2167785663641608,0.2083336620280437
0.9863956906919682,0.0136043093080318,0.345219751370508,0.654780248629492,360.0,1440.0,False,24260.0,0.0,0.9999999999999976,00,operational,224,0,0.108923391518539,0.0544616957592707,0.0363077971728479,0.0272086186160612,0.021770449251911,0.018144016224647,0.0155532234272875,0.0136043093080318
0.9850696037675388,0.0149303962324612,0.3979607624243,0.6020392375757,360.0,1440.0,False,24260.0,0.0,0.9999999999999976,10,operational,224,10,0.119540754148775,0.0597703770743887,0.0398469180495932,0.0298607924649202,0.0238925347939441,0.0199126133748115,0.017069281740331,0.0149303962324612
0.986147354859044,0.0138526451409558,0.345219751370508,0.654780248629492,360.0,1520.0,False,24260.0,0.0,0.9999999999999976,01,operational,224,1,0.1109117012919504,0.0554558506459764,0.0369705670973182,0.0277052902819093,0.0221678514665839,0.0184752207922375,0.0158371351354834,0.0138526451409558
0.984647802078677,0.015352197921323,0.3979607624243,0.6020392375757,360.0,1540.0,False,24260.0,0.0,0.9999999999999976,11,operational,224,11,0.1229179245334521,0.0614589622667273,0.0409726415111523,0.0307043958426437,0.024567527699046,0.0204751687029068,0.0175515095227442,0.015352197921323
0.9863566343265198,0.0136433656734802,0.3474972407680849,0.652502759231915,360.0,1470.0,False,24260.0,0.0,0.9999999999999974,00,operational,254,0,0.1092360977124875,0.0546180488562449,0.036412032570831,0.027286731346958,0.0218329496407736,0.018196105552545,0.015597874895019,0.0136433656734802
0.9858256601686514,0.0141743398313486,0.3638452154957672,0.6361547845042328,360.0,1470.0,False,24260.0,0.0,0.9999999999999974,10,operational,254,10,0.1134873613947661,0.0567436806973843,0.0378291204649239,0.0283486796626946,0.0226826470194654,0.0189042637924892,0.0162049148795162,0.0141743398313486
0.9848959572340524,0.0151040427659475,0.3474972407680849,0.652502759231915,360.0,1700.0,False,24260.0,0.0,0.9999999999999974,01,operational,254,1,0.1209310613613261,0.0604655306806644,0.0403103537871105,0.0302080855318924,0.0241704146156559,0.0201442051042841,0.0172678043754412,0.0151040427659475
0.9844894319129176,0.0155105680870825,0.3638452154957672,0.6361547845042328,360.0,1700.0,False,24260.0,0.0,0.9999999999999974,11,operational,254,11,0.1241859209586474,0.0620929604793251,0.0413953069862175,0.0310211361741621,0.0248209613411819,0.020686386398122,0.0177325673417412,0.0155105680870825
0.9690581014006362,0.0309418985993638,0.662557451841324,0.3374425481586761,360.0,2610.0,False,24260.0,0.0,0.9999999999999976,00,operational,284,0,0.2477374224859515,0.1238687117131326,0.0825791411420892,0.0618837971987253,0.0495151218605092,0.0412670939403592,0.0353745457622214,0.0309418985993638
0.9640419141679796,0.0359580858320203,0.7658647322746027,0.2341352677253973,360.0,2610.0,False,24260.0,0.0,0.9999999999999976,10,operational,284,10,0.287899705884671,0.1439498534124925,0.0959665689416624,0.0719161716640383,0.0575423319976796,0.0479571640111313,0.0411093375121087,0.0359580858320203
0.9667418356756402,0.0332581643243597,0.662557451841324,0.3374425481586761,360.0,3270.0,False,24260.0,0.0,0.9999999999999976,01,operational,284,1,0.261615979833576,0.1331413441089497,0.0887608960726338,0.0665163286487172,0.0532217521846373,0.0443562888376047,0.0380226330353153,0.0332581643243597
0.9570496327697896,0.0429503672302103,0.7658647322746027,0.2341352677253973,360.0,3120.0,False,24260.0,0.0,0.9999999999999974,11,operational,284,11,0.3413893697628324,0.1719418295980564,0.1146278863987051,0.0859007344604181,0.0687318090881861,0.0572827434480207,0.0491033129790082,0.0429503672302103
0.9829154304904798,0.0170845695095201,0.3377609624694953,0.6622390375305047,360.0,1740.0,False,24260.0,0.0,0.9999999999999976,00,operational,15,0,0.1367882199291483,0.0683941099645754,0.0455960733097178,0.034169139019038,0.0273397748519415,0.0227856261830827,0.0195320556688397,0.0170845695095201
0.981375537547078,0.0186244624529219,0.3803263161729358,0.6196736838270642,360.0,1740.0,False,24260.0,0.0,0.9999999999999976,10,operational,15,10,0.1491174281361227,0.0745587140680625,0.0497058093787091,0.0372489249058414,0.029804005884818,0.0248393756176685,0.021292549234558,0.0186244624529219
0.978501912268739,0.021498087731261,0.3377609624694953,0.6622390375305047,360.0,2210.0,False,24260.0,0.0,0.9999999999999976,01,operational,15,1,0.1721252122273991,0.0860626061137008,0.057375070742468,0.0429961754625194,0.0344025571140348,0.0286719188576962,0.0245778417832891,0.021498087731261
0.97709845691584,0.02290154308416,0.3803263161729358,0.6196736838270642,360.0,2240.0,False,24260.0,0.0,0.9999999999999976,11,operational,15,11,0.1833620279613959,0.0916810139806991,0.0611206759871336,0.0458030861683177,0.0366484523554476,0.0305437019903054,0.0261823521027491,0.02290154308416
0.9781821457409464,0.0218178542590535,0.4475526071613604,0.5524473928386395,360.0,1830.0,False,24260.0,0.0,0.9999999999999974,00,operational,45,0,0.1746854344270436,0.087342717213523,0.0582284781423496,0.0436357085181042,0.0349142671029906,0.0290983902747303,0.0249434171417081,0.0218178542590535
0.9777813738344162,0.0222186261655837,0.4538293693071212,0.5461706306928787,360.0,1830.0,False,24260.0,0.0,0.9999999999999974,10,operational,45,10,0.1778942291035113,0.088947114551757,0.059298076367839,0.0444372523311648,0.0355556068619711,0.0296328982611207,0.0254016024758186,0.0222186261655837
0.9759726306789712,0.0240273693210287,0.4475526071613604,0.5524473928386395,360.0,2110.0,False,24260.0,0.0,0.9999999999999974,01,operational,45,1,0.1923759961977603,0.0961879980988815,0.0641253320659219,0.0480547386420547,0.0384500684758445,0.0320452122136738,0.0274694609596451,0.0240273693210287
0.9756380020522568,0.0243619979477432,0.4538293693071212,0.5461706306928787,360.0,2110.0,False,24260.0,0.0,0.9999999999999974,11,operational,45,11,0.1950552123266848,0.0975276061633437,0.0650184041088967,0.048723995895484,0.0389855617060542,0.0324915051562165,0.0278520275184183,0.0243619979477432
0.9689209994341084,0.0310790005658916,0.4614383032054394,0.5385616967945606,360.0,2690.0,False,24260.0,0.0,0.9999999999999976,00,operational,75,0,0.2488350743026629,0.1244175676248859,0.0829450450832579,0.0621580011317809,0.049734520827193,0.0414499463181453,0.0355312885610983,0.0310790005658916
0.9659512703588108,0.0340487296411891,0.509743469320165,0.490256530679835,360.0,2690.0,False,24260.0,0.0,0.9999999999999976,10,operational,75,10,0.272612316898996,0.136306188923054,0.0908707926153701,0.0680974592823758,0.0544868632403078,0.0454106628311986,0.0389264524595952,0.0340487296411891
0.9637227269280138,0.0362772730719862,0.4614383032054394,0.5385616967945606,360.0,3230.0,False,24260.0,0.0,0.9999999999999976,01,operational,75,1,0.2830290599600948,0.1452276454679119,0.096818430311942,0.0725545461439702,0.0580531149747645,0.048382862834167,0.0414742505955975,0.0362772730719862
0.8996054885288136,0.1003945114711863,0.509743469320165,0.490256530679835,360.0,,True,24260.0,1.0,0.9317812653019064,11,operational,75,11,0.3230829782909271,0.1970269913877619,0.1540909058245392,0.1325702882442789,0.1197083840083986,0.1111314473241563,0.1050039204629452,0.1003945114711863
0.9029612311438932,0.0970387688561067,0.759433078264447,0.240566921735553,360.0,4950.0,False,24260.0,0.0,0.9999999999999976,00,operational,105,0,0.6449782831021096,0.3884721955840797,0.2589814637227207,0.1940775377122109,0.1552873832119262,0.1294202415337287,0.1109402630412786,0.0970387688561067
0.9007430559719878,0.0992569440280122,0.7692728198069674,0.2307271801930326,360.0,4950.0,False,24260.0,0.0,0.9999999999999976,10,operational,105,10,0.6610831080664075,0.3973521452101723,0.2649014301401158,0.198513888056022,0.1588370430232708,0.132378613428758,0.1134762075915208,0.0992569440280122
0.8812833982710602,0.1187166017289398,0.759433078264447,0.240566921735553,360.0,7010.0,False,24260.0,0.0,0.9999999999999976,01,operational,105,1,0.6203023117480857,0.45563343809051,0.3168362464443347,0.2374332034578774,0.1899775795139783,0.1583318858115957,0.1357235997367717,0.1187166017289398
0.0580908397781862,0.9419091602218136,0.7692728198069674,0.2307271801930326,360.0,,True,24260.0,1.0,0.0430744029437232,11,operational,105,11,0.8365503321822201,0.8968107763954365,0.91684904994905,0.9268927233873508,0.9328953748195464,0.936898231653754,0.9397579487854256,0.9419091602218136
0.9691152595117152,0.0308847404882847,0.53098201315485,0.4690179868451499,360.0,2600.0,False,24260.0,0.0,0.9999999999999976,00,operational,135,0,0.2472797843212322,0.1236398924776037,0.0824265949850698,0.0617694809765673,0.049423653949246,0.041190862382306,0.0353091993449822,0.0308847404882847
0.9664106350772887,0.0335893649227111,0.5765179972695873,0.4234820027304126,360.0,2600.0,False,24260.0,0.0,0.9999999999999976,10,operational,135,10,0.2689344570805098,0.1344672288572513,0.0896448192381683,0.0671787298454198,0.0537517596738342,0.0447980098315955,0.0384012804762676,0.0335893649227111
0.9649217089590372,0.0350782910409629,0.53098201315485,0.4690179868451499,360.0,3130.0,False,24260.0,0.0,0.9999999999999976,01,operational,135,1,0.2767206455320368,0.1404277991018869,0.0936185327345922,0.0701565820819235,0.0561344304705141,0.0467837850029165,0.0401035058564435,0.0350782910409629
0.7537767425144648,0.2462232574855352,0.5765179972695873,0.4234820027304126,360.0,,True,24260.0,1.0,0.7717890050583598,11,operational,135,11,0.3715589209946474,0.3003189087203056,0.2762829374607503,0.2642355200294304,0.2570353210242939,0.2522338818401392,0.2488036422736714,0.2462232574855352
0.957407826817582,0.042592173182418,0.6370803593905132,0.3629196406094867,360.0,3190.0,False,24260.0,0.0,0.9999999999999976,00,operational,165,0,0.3354806055475254,0.170507882838104,0.1136719218920701,0.0851843463648336,0.068158605027382,0.0568050213919012,0.0486938050848919,0.042592173182418
0.9562282848265058,0.0437717151734942,0.6375382621188714,0.3624617378811285,360.0,3190.0,False,24260.0,0.0,0.9999999999999976,10,operational,165,10,0.3449244696464114,0.1752299055147981,0.1168199370098662,0.087543430346986,0.0700461803886731,0.0583781721148934,0.0500423248600373,0.0437717151734942
0.9465227147634858,0.0534772852365141,0.6370803593905132,0.3629196406094867,360.0,4140.0,False,24260.0,0.0,0.9999999999999976,01,operational,165,1,0.3783533230069484,0.2140839033161035,0.1427226022107364,0.1069545704730259,0.0855776282360923,0.0713224544526174,0.0611382869012874,0.0534772852365141
0.7240869995143819,0.275913000485618,0.6375382621188714,0.3624617378811285,360.0,,True,24260.0,1.0,0.7505515843940664,11,operational,165,11,0.4555422263904386,0.3553932406961736,0.3200782989994271,0.3023775853653025,0.2917986657399813,0.2847441330557035,0.2797042405967068,0.275913000485618
0.9090534217779456,0.0909465782220543,0.8254157898991697,0.1745842101008302,360.0,4870.0,False,24260.0,0.0,0.9999999999999976,00,operational,195,0,0.6134580415313398,0.3640835239281516,0.2427223492854353,0.1818931564441062,0.145538286508185,0.1212951097681174,0.1039753227456987,0.0909465782220543
0.9060655233200074,0.0939344766799925,0.8263128873878051,0.1736871126121949,360.0,4870.0,False,24260.0,0.0,0.9999999999999976,10,operational,195,10,0.6316998804781105,0.3760448821339496,0.2506965880893004,0.1878689533599825,0.1503197046805875,0.1252800587185519,0.1073912589201964,0.0939344766799925
0.8987780227529919,0.1012219772470081,0.8254157898991697,0.1745842101008302,360.0,6110.0,False,24260.0,0.0,0.9999999999999976,01,operational,195,1,0.5910132511298343,0.4039650358473053,0.2701457998422292,0.2024439544940139,0.1619816095722848,0.1349993708520243,0.115722745802692,0.1012219772470081
0.8831696928635349,0.1168303071364651,0.8263128873878051,0.1736871126121949,360.0,5770.0,False,24260.0,0.0,0.9999999999999976,11,operational,195,11,0.690371261426108,0.4677029328703577,0.3118020179567929,0.2336606142729279,0.1869590153392146,0.1558161417987686,0.13356708002069,0.1168303071364651
0.995112929942218,0.0048870700577821,0.2271107484372091,0.7728892515627909,360.0,1120.0,False,24260.0,0.0,0.9999999999999976,00,operational,225,0,0.0391285020966043,0.0195642510483032,0.0130428340322029,0.0097741401155616,0.0078205889232945,0.0065178669796215,0.0055871776208891,0.0048870700577821
0.99454957469526,0.00545042530474,0.3217898357044521,0.6782101642955479,360.0,1120.0,False,24260.0,0.0,0.9999999999999976,10,operational,225,10,0.043639026132706,0.0218195130663542,0.0145463420442368,0.0109008506094776,0.0087221045046448,0.007269211756457,0.006231237515918,0.00545042530474
0.9948781611622924,0.0051218388377075,0.2271107484372091,0.7728892515627909,360.0,1170.0,False,24260.0,0.0,0.9999999999999976,01,operational,225,1,0.0410081867724788,0.0205040933862405,0.0136693955908278,0.0102436776754127,0.0081962803085444,0.0068309772195874,0.0058555786991987,0.0051218388377075
0.9935122244975312,0.0064877755024688,0.3217898357044521,0.6782101642955479,360.0,1210.0,False,24260.0,0.0,0.9999999999999976,11,operational,225,11,0.0519446077811875,0.025972303890595,0.0173148692603974,0.0129755510049351,0.0103821358465358,0.0086527218187518,0.0074171955114549,0.0064877755024688
0.98404880658799,0.01595119341201,0.3674521009913845,0.6325478990086155,360.0,1630.0,False,24260.0,0.0,0.9999999999999976,00,operational,255,0,0.127713803462155,0.0638569017310787,0.04257126782072,0.0319023868240176,0.0255260769819872,0.0212740467389347,0.0182363153800391,0.01595119341201
0.9826668930724805,0.0173331069275196,0.4103104570274685,0.5896895429725315,360.0,1630.0,False,24260.0,0.0,0.9999999999999976,10,operational,255,10,0.138778143700713,0.0693890718503577,0.0462593812335725,0.0346662138550369,0.0277374996554025,0.0231170996039312,0.0198161978406077,0.0173331069275196
0.9818860804507142,0.0181139195492857,0.3674521009913845,0.6325478990086155,360.0,1920.0,False,24260.0,0.0,0.9999999999999976,01,operational,255,1,0.1450297480253107,0.0725148740126565,0.0483432493417718,0.0362278390985691,0.0289870038509132,0.0241584664647516,0.0207088674268546,0.0181139195492857
0.9800901718523054,0.0199098281476945,0.4103104570274685,0.5896895429725315,360.0,1950.0,False,24260.0,0.0,0.9999999999999976,11,operational,255,11,0.1594087547772763,0.0797043773886394,0.053136251592427,0.0398196562953867,0.0318609268202805,0.0265536630167938,0.0227620527120163,0.0199098281476945
0.986974258594384,0.013025741405616,0.3637962392638739,0.6362037607361261,360.0,1540.0,False,24260.0,0.0,0.9999999999999976,00,operational,285,0,0.1042910668096542,0.0521455334048283,0.0347636889365531,0.0260514828112297,0.0208445894472614,0.0173723823863679,0.0148917715556503,0.013025741405616
0.9861094673843904,0.0138905326156095,0.398764574424323,0.601235425575677,360.0,1540.0,False,24260.0,0.0,0.9999999999999976,10,operational,285,10,0.111215048719733,0.0556075243598677,0.0370716829065792,0.0277810652312167,0.022228481324782,0.018525751174873,0.0158804502604958,0.0138905326156095
0.9854669137154402,0.0145330862845598,0.3637962392638739,0.6362037607361261,360.0,1780.0,False,24260.0,0.0,0.9999999999999976,01,operational,285,1,0.1163596777685184,0.0581798388842603,0.0387865592561744,0.0290661725691173,0.0232567350732657,0.019382722589641,0.0166150543150587,0.0145330862845598
0.9841467722121492,0.0158532277878507,0.398764574424323,0.601235425575677,360.0,1830.0,False,24260.0,0.0,0.9999999999999976,11,operational,285,11,0.1269294381706825,0.0634647190853425,0.0423098127235624,0.0317064555756988,0.0253693063881332,0.0211433903539645,0.0181243154830765,0.0158532277878507
0.9177001640244262,0.0822998359755737,0.6927727760497007,0.3072272239502993,360.0,5080.0,False,24260.0,0.0,0.9999999999999976,00,operational,16,0,0.5528000097460387,0.3294682976146269,0.2196455317430854,0.1645996719511454,0.1317012398041502,0.1097629821122234,0.0940898731405297,0.0822998359755737
0.9088528406349798,0.0911471593650201,0.7516744695780518,0.2483255304219481,360.0,5080.0,False,24260.0,0.0,0.9999999999999976,10,operational,16,10,0.6176981562560091,0.364886503993946,0.2432576693292981,0.1822943187300379,0.1458592687421929,0.1215626240850832,0.1042046385647682,0.0911471593650201
0.8797176489966995,0.1202823510033005,0.6927727760497007,0.3072272239502993,360.0,7050.0,False,24260.0,0.0,0.9999999999999976,01,operational,16,1,0.6261284115749215,0.46650124394991,0.321014989061092,0.2405647020065986,0.1924831874317988,0.1604201197376618,0.1375136537368574,0.1202823510033005
0.7756552821217445,0.2243447178782555,0.7516744695780518,0.2483255304219481,360.0,,True,24260.0,1.0,0.8461534867332533,11,operational,16,11,0.5816330900413054,0.4350207742653823,0.3419953164238238,0.2948429224897646,0.2666620595098538,0.2478697039571098,0.2344440873676319,0.2243447178782555
0.931740516834532,0.0682594831654679,0.7860900976067374,0.2139099023932626,360.0,3770.0,False,24260.0,0.0,0.9999999999999976,00,operational,46,0,0.5134460383254037,0.2732610028682872,0.1821740019121923,0.1365189663309333,0.1092330070250778,0.0910374163066929,0.0780381398765261,0.0682594831654679
0.9296029944275104,0.0703970055724895,0.7988186925346853,0.2011813074653146,360.0,3770.0,False,24260.0,0.0,0.9999999999999976,10,operational,46,10,0.5290865102757305,0.2818180778637175,0.1878787185758125,0.1407940111449768,0.1126536013406906,0.0938882219121381,0.080481877579374,0.0703970055724895
0.9242980092807948,0.0757019907192051,0.7860900976067374,0.2139099023932626,360.0,4650.0,False,24260.0,0.0,0.9999999999999976,01,operational,46,1,0.51056727188284,0.3030553550033464,0.2020369033355651,0.1514039814384077,0.1211429635937625,0.1009634606761301,0.0865468395996509,0.0757019907192051
0.8580554037771817,0.1419445962228183,0.7988186925346853,0.2011813074653146,360.0,,True,24260.0,1.0,0.9317812653019064,11,operational,46,11,0.6107065252386212,0.3633631149849815,0.2649816548893522,0.215670457747543,0.1861993752830548,0.1665466392901327,0.1525063505336399,0.1419445962228183
0.9053450499470724,0.0946549500529274,0.7648319782141945,0.2351680217858055,360.0,4890.0,False,24260.0,0.0,0.9999999999999976,00,operational,76,0,0.6304403436216417,0.3789291301138365,0.2526194200758918,0.1893099001058525,0.1514726503133051,0.1262409513498479,0.1082149452308313,0.0946549500529274
0.903871894865354,0.0961281051346458,0.7690163966262732,0.2309836033737268,360.0,4890.0,False,24260.0,0.0,0.9999999999999976,10,operational,76,10,0.6391215908055545,0.384826564673003,0.2565510431153361,0.1922562102692893,0.1538300833310779,0.1282056927489825,0.1098991402612606,0.0961281051346458
0.8882818655938891,0.1117181344061108,0.7648319782141945,0.2351680217858055,360.0,6770.0,False,24260.0,0.0,0.9999999999999976,01,operational,76,1,0.59163739665991,0.4347644521614231,0.2981584197112943,0.2234362688122194,0.1787782033278704,0.1489980562302505,0.1277225521675086,0.1117181344061108
0.418327673024523,0.581672326975477,0.7690163966262732,0.2309836033737268,360.0,,True,24260.0,1.0,0.4308911654063574,11,operational,76,11,0.6676117858885641,0.6194038612856272,0.6026388523882988,0.5942358193573115,0.5892137048323718,0.5858647171932584,0.5834721366634019,0.581672326975477
0.958311272733419,0.041688727266581,0.6757431821980211,0.3242568178019788,360.0,2690.0,False,24260.0,0.0,0.9999999999999976,00,operational,106,0,0.3337822380239459,0.166891146737123,0.1112607644914162,0.0833774545331597,0.0667128555213074,0.0556000989674044,0.0476609341125164,0.041688727266581
0.9562922230511128,0.0437077769488871,0.6911270164139618,0.3088729835860382,360.0,2690.0,False,24260.0,0.0,0.9999999999999976,10,operational,106,10,0.3499478318756355,0.174973943667923,0.1166492957786161,0.0874155538977717,0.0699438625243443,0.058292897944895,0.0499692270297585,0.0437077769488871
0.956443659021448,0.0435563409785519,0.6757431821980211,0.3242568178019788,360.0,3230.0,False,24260.0,0.0,0.9999999999999976,01,operational,106,1,0.3407812665165548,0.1743677048977909,0.116245136598528,0.0871126819571016,0.0697015254065644,0.0580909283600712,0.0497960967790255,0.0435563409785519
0.9528427942920892,0.0471572057079108,0.6911270164139618,0.3088729835860382,360.0,3370.0,False,24260.0,0.0,0.9999999999999976,11,operational,106,11,0.3639046425771792,0.1887829313470214,0.1258552875646817,0.0943144114158192,0.0754638497611883,0.0628933881243222,0.0539128110053106,0.0471572057079108
0.9670828916643543,0.0329171083356456,0.447398114717806,0.552601885282194,360.0,2710.0,False,24260.0,0.0,0.9999999999999976,00,operational,136,0,0.2635518164973029,0.1317760055920388,0.0878506703946933,0.0658342166712891,0.05267597349597,0.0439014237465054,0.0376327183491979,0.0329171083356456
0.9662715780567585,0.0337284219432415,0.453476252837564,0.546523747162436,360.0,2710.0,False,24260.0,0.0,0.9999999999999976,10,operational,136,10,0.2700476280613866,0.1350239113740808,0.0900159409160546,0.0674568438864807,0.0539742872377136,0.0449834696575615,0.0385602584045455,0.0337284219432415
0.9622182291807208,0.0377817708192792,0.447398114717806,0.552601885282194,360.0,3390.0,False,24260.0,0.0,0.9999999999999976,01,operational,136,1,0.2880851808223239,0.1512505531163884,0.1008337020775931,0.075563541638556,0.0604607044462652,0.0503894058286514,0.0431942783514855,0.0377817708192792
0.961569500324654,0.038430499675346,0.453476252837564,0.546523747162436,360.0,3390.0,False,24260.0,0.0,0.9999999999999976,11,operational,136,11,0.2935903795774771,0.1538475885695966,0.1025650590463985,0.0768609993506894,0.0614988401075085,0.0512546130672816,0.043935942232663,0.038430499675346
0.948315618848046,0.051684381151954,0.7177117091002166,0.2822882908997833,360.0,3440.0,False,24260.0,0.0,0.9999999999999976,00,operational,166,0,0.4000581562323093,0.2069064278141884,0.137937618542793,0.1033687623039059,0.0827085132738639,0.0689312650094099,0.0590885365479639,0.051684381151954
0.9450274848150092,0.0549725151849909,0.7427240913167761,0.2572759086832238,360.0,3440.0,False,24260.0,0.0,0.9999999999999976,10,operational,166,10,0.425541400168278,0.2200697094823909,0.1467131396549279,0.1099450303699793,0.0879703868081159,0.0733166370186315,0.0628477191802272,0.0549725151849909
0.9407089282158356,0.0592910717841643,0.7177117091002166,0.2822882908997833,360.0,4160.0,False,24260.0,0.0,0.9999999999999976,01,operational,166,1,0.4256698487773001,0.2373580488091475,0.1582386992060991,0.1185821435683263,0.0948812056637495,0.0790762797339146,0.0677849397439113,0.0592910717841643
0.7883301934426997,0.2116698065573002,0.7427240913167761,0.2572759086832238,360.0,,True,24260.0,1.0,0.8325521758208541,11,operational,166,11,0.5034537366602815,0.3444802699740442,0.2854694547090781,0.2558917889354545,0.2382145497353039,0.2264265159736358,0.2180049202250994,0.2116698065573002
0.9481558579520052,0.0518441420479947,0.6948005867137985,0.3051994132862015,360.0,3500.0,False,24260.0,0.0,0.9999999999999976,00,operational,196,0,0.3991478062266359,0.2075459934927822,0.1383639956618555,0.103688284095987,0.082964172447802,0.0691443375163775,0.0592711843292516,0.0518441420479947
0.9451194592170996,0.0548805407829005,0.7349197169701741,0.2650802830298259,360.0,3500.0,False,24260.0,0.0,0.9999999999999976,10,operational,196,10,0.4231097259937334,0.2197015113040884,0.1464676742027264,0.1097610815657988,0.087823203734882,0.0731939711040309,0.0627425687905298,0.0548805407829005
0.9405943193516956,0.0594056806483045,0.6948005867137985,0.3051994132862015,360.0,4590.0,False,24260.0,0.0,0.9999999999999976,01,operational,196,1,0.3970230420213968,0.2378168588044802,0.1585445725363209,0.1188113612966068,0.0950646097899048,0.0792291331455332,0.0679159671434183,0.0594056806483045
0.8008894544035506,0.1991105455964493,0.7349197169701741,0.2650802830298259,360.0,,True,24260.0,1.0,0.8506156213344934,11,operational,196,11,0.5080462657558478,0.348451550202778,0.282095826357021,0.2488367125273924,0.2289592375687137,0.2157039807236502,0.2062341728702709,0.1991105455964493
0.9458566634245849,0.0541433365754152,0.7350232328640609,0.264976767135939,360.0,3490.0,False,24260.0,0.0,0.9999999999999976,00,operational,226,0,0.4173659611296684,0.2167502853100701,0.1445001902067142,0.108286673150828,0.0866434843956663,0.0722107646215383,0.0618997548342354,0.0541433365754152
0.943677791274664,0.0563222087253358,0.7759382370965956,0.2240617629034044,360.0,3490.0,False,24260.0,0.0,0.9999999999999976,10,operational,226,10,0.4346146467615165,0.2254728944069746,0.1503152629379838,0.1126444174506693,0.0901302491032467,0.0751167182237733,0.0643907659249053,0.0563222087253358
0.931934664788538,0.0680653352114619,0.7350232121750802,0.2649767878249199,360.0,4790.0,False,24260.0,0.0,0.9999999999999976,01,operational,226,1,0.4476031679219826,0.2724837765818255,0.1816558510545511,0.1361306704229213,0.1089223195741865,0.0907784819096789,0.0778161788465147,0.0680653352114619
0.0697239064712344,0.9302760935287656,0.7759382370960634,0.2240617629039366,360.0,,True,24260.0,1.0,0.0423478832129294,11,operational,226,11,0.73846500246404,0.8480585596255553,0.8845897453460604,0.9029000702704604,0.9138433271183264,0.9211408173952104,0.9263542833839687,0.9302760935287656
0.957143139323296,0.0428568606767041,0.4662377379479634,0.5337622620520366,360.0,3660.0,False,24260.0,0.0,0.9999999999999976,00,operational,256,0,0.3228688869794326,0.17156749780706,0.1143783318713741,0.0857137213534059,0.0685821741723859,0.0571580341088316,0.0489964109463014,0.0428568606767041
0.9531159427652458,0.0468840572347541,0.5023589520879284,0.4976410479120716,360.0,3660.0,False,24260.0,0.0,0.9999999999999976,10,operational,256,10,0.3537513966456473,0.1876894448123256,0.1251262965415511,0.0937681144695059,0.0750267408394158,0.0625290910316528,0.0536005320695972,0.0468840572347541
0.9516271719027533,0.0483728280972468,0.4662377379479634,0.5337622620520366,360.0,4410.0,False,24260.0,0.0,0.9999999999999976,01,operational,256,1,0.3270762761985382,0.193649393526553,0.1290995956843694,0.0967456561944913,0.0774091631863179,0.0645146591389512,0.0553025799525217,0.0483728280972468
0.8906856104277555,0.1093143895722444,0.5023589520879284,0.4976410479120716,360.0,,True,24260.0,1.0,0.9317812653019064,11,operational,256,11,0.3634094391403513,0.2327356537204294,0.1778966807129842,0.1504100444463953,0.133982519441183,0.1230278552433683,0.1152016345775476,0.1093143895722444
0.9302622763410164,0.0697377236589834,0.7443101896915547,0.2556898103084452,360.0,4070.0,False,24260.0,0.0,0.9999999999999976,00,operational,286,0,0.5156801091957539,0.279178795693636,0.1861191971290916,0.1394754473179645,0.1115985780303772,0.0930089401004401,0.0797281488401814,0.0697377236589834
0.926099500202683,0.073900499797317,0.7643968836074607,0.2356031163925393,360.0,4070.0,False,24260.0,0.0,0.9999999999999976,10,operational,286,10,0.5464519787638995,0.2958435040905592,0.1972290027270402,0.1478009995946316,0.1182601074483504,0.0985608190002315,0.0844872722834465,0.073900499797317
0.918595733849061,0.0814042661509389,0.7443101896915547,0.2556898103084452,360.0,5450.0,False,24260.0,0.0,0.9999999999999976,01,operational,286,1,0.5001220848919876,0.3258830916173078,0.2172553944115433,0.1628085323018755,0.1302680941017624,0.1085685640009793,0.0930660065654687,0.0814042661509389
0.9116100460118672,0.0883899539881326,0.7643968836074607,0.2356031163925393,360.0,5570.0,False,24260.0,0.0,0.9999999999999976,11,operational,286,11,0.5417680139267536,0.3538486719940793,0.2358991146742062,0.1767799079762628,0.141447019771994,0.117885349630334,0.1010524438968382,0.0883899539881326
0.9708929632186314,0.0291070367813686,0.6277674077034128,0.3722325922965872,360.0,2230.0,False,24260.0,0.0,0.9999999999999976,00,operational,17,0,0.2330465363213985,0.1165232681607003,0.077682178773801,0.0582140735627347,0.0465788635626068,0.0388199456256677,0.0332768269315689,0.0291070367813686
0.9700781160095634,0.0299218839904366,0.6329346443295893,0.3670653556704107,360.0,2230.0,False,24260.0,0.0,0.9999999999999976,10,operational,17,10,0.2395706397926943,0.1197853198963484,0.0798568799308997,0.0598437679808707,0.04788283198992,0.0399067042877345,0.0342084068019452,0.0299218839904366
0.9686263700478116,0.0313736299521884,0.6277674077034128,0.3722325922965872,360.0,2700.0,False,24260.0,0.0,0.9999999999999976,01,operational,17,1,0.2511939660507458,0.1255970480112044,0.0837313653408037,0.0627472599043743,0.0502060048222465,0.0418428924239848,0.0358681257036215,0.0313736299521884
0.9674139931667728,0.0325860068332273,0.6329346443295893,0.3670653556704107,360.0,2750.0,False,24260.0,0.0,0.9999999999999976,11,operational,17,11,0.2608990310232894,0.1304505175513116,0.0869670117008752,0.0651720136664524,0.0521461245861561,0.0434598349163883,0.0372541842003761,0.0325860068332273
0.9727981948753056,0.0272018051246945,0.5028107817166433,0.4971892182833567,360.0,2280.0,False,24260.0,0.0,0.9999999999999976,00,operational,47,0,0.2177922305735177,0.10889611528676,0.0725974101911742,0.0544036102493865,0.0435299951374914,0.0362789453214481,0.0310986572820816,0.0272018051246945
0.97182599523438,0.02817400476562,0.5231846683861344,0.4768153316138656,360.0,2280.0,False,24260.0,0.0,0.9999999999999976,10,operational,47,10,0.2255761819469409,0.1127880909734716,0.0751920606489819,0.0563480095312377,0.0450857685667974,0.0375755643308479,0.0322101314399292,0.02817400476562
0.9675522571546062,0.0324477428453937,0.5028107817166433,0.4971892182833567,360.0,2830.0,False,24260.0,0.0,0.9999999999999976,01,operational,47,1,0.2597138783807839,0.1298970097568795,0.0865980065045871,0.064895485690785,0.0519248660817849,0.0432754327551514,0.0370961129123723,0.0324477428453937
0.9659581127604054,0.0340418872395945,0.5231846683861344,0.4768153316138656,360.0,2570.0,False,24260.0,0.0,0.9999999999999976,11,operational,47,11,0.2725575937752723,0.136278796955886,0.0908525313039247,0.0680837744791866,0.0544759136100617,0.0454015371458929,0.0389186298352804,0.0340418872395945
0.9576977288074602,0.0423022711925398,0.4186381860097862,0.5813618139902138,360.0,3400.0,False,24260.0,0.0,0.9999999999999976,00,operational,77,0,0.3223809560678736,0.1693473274864675,0.1128982183243124,0.0846045423850773,0.0676946861017115,0.0564183801969085,0.0483623725719654,0.0423022711925398
0.953816003277014,0.046183996722986,0.4438494413025522,0.5561505586974478,360.0,3400.0,False,24260.0,0.0,0.9999999999999976,10,operational,77,10,0.3530653542474282,0.1848869149858026,0.1232579433238693,0.0923679934459695,0.0739064611177749,0.0615954229566217,0.0528001829077531,0.046183996722986
0.9464747286998744,0.0535252713001255,0.4186381860097862,0.5813618139902138,360.0,4480.0,False,24260.0,0.0,0.9999999999999976,01,operational,77,1,0.3324111050204063,0.2142760043877504,0.1428506695918343,0.1070505426002487,0.0856544184750526,0.0713864532854142,0.0611931473099891,0.0535252713001255
0.7839414744875803,0.2160585255124196,0.4438494413025522,0.5561505586974478,360.0,,True,24260.0,1.0,0.8087461958770292,11,operational,77,11,0.367377751334684,0.2905537508617772,0.2574537686155085,0.2408632469018683,0.230947839004845,0.2243357678704665,0.2196119783666243,0.2160585255124196
0.9930599953212026,0.0069400046787974,0.215029661415636,0.7849703385843639,360.0,1060.0,False,24260.0,0.0,0.9999999999999976,00,operational,107,0,0.0555653969380662,0.0277826984690343,0.0185217989793567,0.0138800093575922,0.0111058206812876,0.0092558581725921,0.0079342097354423,0.0069400046787974
0.9925615677169112,0.0074384322830889,0.2540021744919307,0.7459978255080693,360.0,1060.0,False,24260.0,0.0,0.9999999999999976,10,operational,107,10,0.0595560754691598,0.0297780377345812,0.0198520251563882,0.0148768645661756,0.0119034350709118,0.00992060919628,0.0085040406409552,0.0074384322830889
0.9925389242647216,0.0074610757352784,0.215029661415636,0.7849703385843639,360.0,1150.0,False,24260.0,0.0,0.9999999999999976,01,operational,107,1,0.0597373710830946,0.0298686855415485,0.0199124570276999,0.0149221514705545,0.0119396705104048,0.0099508086834135,0.008529927928806,0.0074610757352784
0.9919181125393072,0.0080818874606927,0.2540021744919307,0.7459978255080693,360.0,1150.0,False,24260.0,0.0,0.9999999999999976,11,operational,107,11,0.0647079224793861,0.0323539612396942,0.0215693074931303,0.0161637749213831,0.0129331314687755,0.0107787829497526,0.0092396753517015,0.0080818874606927
0.9784490949925166,0.0215509050074833,0.4968799865189337,0.5031200134810663,360.0,1930.0,False,24260.0,0.0,0.9999999999999976,00,operational,137,0,0.1725480956481343,0.0862740478240683,0.0575160318827131,0.0431018100149643,0.0344870785554095,0.0287423610606057,0.0246382255101883,0.0215509050074833
0.9777476930301644,0.0222523069698357,0.526035140648599,0.4739648593514009,360.0,1930.0,False,24260.0,0.0,0.9999999999999976,10,operational,137,10,0.1781638956735055,0.0890819478367539,0.0593879652245034,0.0445046139396693,0.0356095049484622,0.0296778182232423,0.0254401082949589,0.0222523069698357
0.9772042333336592,0.0227957666663408,0.4968799865189337,0.5031200134810663,360.0,2130.0,False,24260.0,0.0,0.9999999999999976,01,operational,137,1,0.1825151252697057,0.091257562634854,0.0608383750899035,0.0455915333326792,0.0364791824510339,0.0304026283791691,0.026061422460352,0.0227957666663408
0.9765737464130984,0.0234262535869015,0.526035140648599,0.4739648593514009,360.0,2130.0,False,24260.0,0.0,0.9999999999999976,11,operational,137,11,0.1875631414637366,0.0937815707318695,0.0625210471545805,0.0468525071738005,0.037488126249449,0.0312435064169337,0.026782231118949,0.0234262535869015
0.9726597227447246,0.0273402772552754,0.5592690341680394,0.4407309658319606,360.0,2120.0,False,24260.0,0.0,0.9999999999999976,00,operational,167,0,0.2189009126647702,0.1094504563323862,0.0729669708882585,0.0546805545105484,0.0437515867246393,0.0364636250818853,0.0312569665307626,0.0273402772552754
0.9702457693813548,0.0297542306186453,0.6026315761502927,0.3973684238497073,360.0,2120.0,False,24260.0,0.0,0.9999999999999976,10,operational,167,10,0.2382283170446929,0.1191141585223476,0.0794094390148993,0.0595084612372884,0.0476145427927361,0.0396831056155033,0.0340167358915914,0.0297542306186453
0.9705480277502264,0.0294519722497735,0.5592690341680394,0.4407309658319606,360.0,2440.0,False,24260.0,0.0,0.9999999999999976,01,operational,167,1,0.2358082745486119,0.1179041372744131,0.0786027581829429,0.0589039444995447,0.0471308504323599,0.0392799847642589,0.03367117686045,0.0294519722497735
0.868234213915037,0.131765786084963,0.6026315761502927,0.3973684238497073,360.0,,True,24260.0,1.0,0.8893731201557741,11,operational,167,11,0.2798762925560097,0.1952515862001178,0.1670433507481538,0.1529046923257,0.144454652731101,0.1388197596971413,0.1347940848324694,0.131765786084963
0.9616233079255664,0.0383766920744336,0.6447129171650239,0.355287082834976,360.0,2650.0,False,24260.0,0.0,0.9999999999999976,00,operational,197,0,0.3072643563881584,0.1536321823241139,0.1024214548827433,0.0767533841488645,0.0614127338878902,0.0511828500720527,0.0438744263100147,0.0383766920744336
0.9598963176161772,0.0401036823838228,0.6648233461129092,0.3351766538870908,360.0,2650.0,False,24260.0,0.0,0.9999999999999976,10,operational,197,10,0.3210915663729398,0.1605457873208525,0.1070305248805691,0.0802073647676434,0.0641763695887419,0.0534861305608953,0.0458488202708191,0.0401036823838228
0.9563646880622684,0.0436353119377316,0.6447129171650239,0.355287082834976,360.0,3690.0,False,24260.0,0.0,0.9999999999999976,01,operational,197,1,0.3208432116290772,0.1746838468095394,0.116455897873027,0.0872706238754608,0.069827899573769,0.0581962516317043,0.0498863808900801,0.0436353119377316
0.963148822214127,0.0368511777858729,0.6648233461129092,0.3351766538870908,360.0,3170.0,False,24260.0,0.0,0.9999999999999976,11,operational,197,11,0.2894687719398801,0.1475251398290596,0.0983500932193739,0.0737023555717436,0.0589715124594295,0.0491482773954204,0.0421303712437648,0.0368511777858729
0.9599465556522228,0.0400534443477771,0.6910666291688834,0.3089333708311165,200.0,2930.0,False,24260.0,0.0,0.9999999999999976,00,operational,227,0,0.319546789274138,0.1603446710000813,0.1068964473333883,0.080106888695552,0.0640959756055205,0.0534191282809214,0.0457913852786063,0.0400534443477771
0.9578502012745816,0.0421497987254183,0.825488946109643,0.174511053890357,200.0,2930.0,False,24260.0,0.0,0.9999999999999976,10,operational,227,10,0.3363313259578664,0.1687369393419455,0.1124912928946312,0.0842995974508343,0.0674506903182712,0.0562150282402141,0.0481880573389054,0.0421497987254183
0.9518156564912684,0.0481843435087315,0.6910666291688834,0.3089333708311165,200.0,3760.0,False,24260.0,0.0,0.9999999999999976,01,operational,227,1,0.3558050815266911,0.1928948392097844,0.1285965594731903,0.0963686870174608,0.0771075385998629,0.0642632779512198,0.055087093605409,0.0481843435087315
0.9543291011474336,0.0456708988525663,0.825488946109643,0.174511053890357,200.0,3710.0,False,24260.0,0.0,0.9999999999999976,11,operational,227,11,0.3378598987964976,0.1828328467136977,0.1218885644757992,0.0913417977051301,0.0730853704694873,0.0609111062541022,0.0522135801160926,0.0456708988525663
0.9849803018068604,0.0150196981931396,0.5085759410627011,0.4914240589372989,360.0,1620.0,False,24260.0,0.0,0.9999999999999976,00,operational,257,0,0.1202557535071477,0.0601278767535751,0.0400852511690509,0.0300393963862769,0.0240354412626978,0.0200317150643389,0.0171713768423665,0.0150196981931396
0.9832784220993324,0.0167215779006676,0.5672486654695197,0.4327513345304803,360.0,1620.0,False,24260.0,0.0,0.9999999999999976,10,operational,257,10,0.1338819145641525,0.0669409572820775,0.0446273048547191,0.0334431558013329,0.0267588934399958,0.0223015056377976,0.0191170629289011,0.0167215779006676
0.9840165889196588,0.0159834110803411,0.5085759410627011,0.4914240589372989,360.0,1880.0,False,24260.0,0.0,0.9999999999999976,01,operational,257,1,0.1279717553817998,0.063985877690901,0.0426572517939348,0.0319668221606799,0.0255776336687352,0.0213170153221744,0.0182731484586258,0.0159834110803411
0.98127318469648,0.01872681530352,0.5672486654695197,0.4327513345304803,360.0,1950.0,False,24260.0,0.0,0.9999999999999976,11,operational,257,11,0.1499369199137873,0.0749684599568948,0.0499789733045973,0.0374536306070376,0.0299677971872122,0.0249758832300612,0.0214095648593669,0.01872681530352
0.9926878368090288,0.0073121631909711,0.3084659379281114,0.6915340620718886,360.0,1040.0,False,24260.0,0.0,0.9999999999999976,00,operational,287,0,0.058545097444033,0.0292725487220177,0.019515032481346,0.0146243263819398,0.0117013715335578,0.0097522045824048,0.0083596826028364,0.0073121631909711
0.9926878368090288,0.0073121631909711,0.3084659379281114,0.6915340620718886,360.0,1040.0,False,24260.0,0.0,0.9999999999999976,10,operational,287,10,0.058545097444033,0.0292725487220177,0.019515032481346,0.0146243263819398,0.0117013715335578,0.0097522045824048,0.0083596826028364,0.0073121631909711
0.991774380814772,0.0082256191852281,0.3084659379281114,0.6915340620718886,360.0,1160.0,False,24260.0,0.0,0.9999999999999976,01,operational,287,1,0.065858715698705,0.0329293578493536,0.0219529052329033,0.0164512383704539,0.0131631397804093,0.0109704774108914,0.0094039976685992,0.0082256191852281
0.991774380814772,0.0082256191852281,0.3084659379281114,0.6915340620718886,360.0,1160.0,False,24260.0,0.0,0.9999999999999976,11,operational,287,11,0.065858715698705,0.0329293578493536,0.0219529052329033,0.0164512383704539,0.0131631397804093,0.0109704774108914,0.0094039976685992,0.0082256191852281
0.977159315228278,0.0228406847717218,0.4028605731046323,0.5971394268953677,360.0,2280.0,False,24260.0,0.0,0.9999999999999976,00,operational,18,0,0.1828747636951426,0.0914373818475724,0.0609582545650491,0.0456813695434414,0.036551063155269,0.0304625354875978,0.0261127754039748,0.0228406847717218
0.9743276040162268,0.0256723959837732,0.4465544370832141,0.5534455629167859,360.0,2280.0,False,24260.0,0.0,0.9999999999999976,10,operational,18,10,0.2055469613079709,0.1027734806539868,0.0685156537693253,0.0513447919675439,0.0410825409276566,0.0342391780948518,0.0293501493981538,0.0256723959837732
0.973685649029399,0.0263143509706009,0.4028605731046323,0.5971394268953677,360.0,2630.0,False,24260.0,0.0,0.9999999999999976,01,operational,18,1,0.2106867940027468,0.105343398493412,0.070228932328942,0.0526287019411996,0.0421098366283281,0.0350953510495214,0.0300840690051197,0.0263143509706009
0.9692557148339064,0.0307442851660935,0.4465544370832141,0.5534455629167859,360.0,2660.0,False,24260.0,0.0,0.9999999999999976,11,operational,18,11,0.2461552107778808,0.1230776121845177,0.0820517414563459,0.0614885703321848,0.0491988887373788,0.0410035376466673,0.03514862279838,0.0307442851660935
0.918619099664148,0.0813809003358521,0.7485190669559947,0.2514809330440053,360.0,4630.0,False,24260.0,0.0,0.9999999999999976,00,operational,48,0,0.5596449269869429,0.3257895519980938,0.2171930346653966,0.1627618006717018,0.1302307026929037,0.1085374011011629,0.0930392934310951,0.0813809003358521
0.9160375939033776,0.0839624060966224,0.7582831232496536,0.2417168767503464,360.0,4630.0,False,24260.0,0.0,0.9999999999999976,10,operational,48,10,0.5783296619848495,0.3361240113345105,0.2240826742230079,0.1679248121932424,0.1343617863727777,0.1119803456378462,0.0959906182625871,0.0839624060966224
0.904281533388025,0.095718466611975,0.7485190669559947,0.2514809330440053,360.0,6250.0,False,24260.0,0.0,0.9999999999999974,01,operational,48,1,0.5272715925311297,0.3801586260681761,0.2554577812628918,0.1914369332239475,0.1531745546697167,0.1276593593899495,0.1094308181051508,0.095718466611975
0.7857386406954527,0.2142613593045472,0.7582831232496536,0.2417168767503464,360.0,,True,24260.0,1.0,0.8462075581561569,11,operational,48,11,0.5529410248764443,0.3958657225280346,0.3151746289666376,0.2747302767652515,0.2505585083224358,0.2344396099324253,0.2229239620392351,0.2142613593045472
0.942308340076086,0.0576916599239141,0.6799364228313874,0.3200635771686125,360.0,3710.0,False,24260.0,0.0,0.9999999999999974,00,operational,78,0,0.4359327991803965,0.2309551745320013,0.1539701163546685,0.1153833198478256,0.0923217288135777,0.0769431501434884,0.0659564007529579,0.0576916599239141
0.9399164432409562,0.0600835567590437,0.69892330003629,0.3010766999637099,360.0,3710.0,False,24260.0,0.0,0.9999999999999974,10,operational,78,10,0.454562047779082,0.2405305785288434,0.1603537190192299,0.1201671135180847,0.0961493886738437,0.0801332139682394,0.0686909538309176,0.0600835567590437
0.934661890741852,0.065338109258148,0.6799364228313874,0.3200635771686125,360.0,4700.0,False,24260.0,0.0,0.9999999999999974,01,operational,78,1,0.4328240934556353,0.2615659602654542,0.1743773068436371,0.1306762185162935,0.1045580455143438,0.0871411908995434,0.0746982583679244,0.065338109258148
0.9327092317557056,0.0672907682442942,0.69892330003629,0.3010766999637099,360.0,4500.0,False,24260.0,0.0,0.9999999999999976,11,operational,78,11,0.462357906084859,0.2693829774485562,0.1795886516323716,0.1345815364885859,0.1076828100578176,0.089745444854937,0.0769306496493326,0.0672907682442942
0.9296846307748314,0.0703153692251685,0.6720785984799916,0.3279214015200083,360.0,4470.0,False,24260.0,0.0,0.9999999999999976,00,operational,108,0,0.488423252260277,0.2814912656889848,0.1876608437926573,0.1406307384503348,0.1125229618560816,0.0937793438223525,0.0803885462443594,0.0703153692251685
0.92522958220272,0.07477041779728,0.7313939928464719,0.2686060071535281,360.0,4470.0,False,24260.0,0.0,0.9999999999999976,10,operational,108,10,0.5209662889150927,0.2993260189596922,0.1995506793064623,0.1495408355945576,0.1196522035292839,0.0997210253692622,0.085481812227408,0.07477041779728
0.9116779011150324,0.0883220988849676,0.6720785984799916,0.3279214015200083,360.0,6110.0,False,24260.0,0.0,0.9999999999999976,01,operational,108,1,0.4936644363367837,0.3523205783631479,0.2357180198999643,0.176644197769933,0.1413384338786211,0.117794851534115,0.1009748680672748,0.0883220988849676
0.4735578118154827,0.5264421881845173,0.7313939928464719,0.2686060071535281,360.0,,True,24260.0,1.0,0.4827967470944836,11,operational,108,11,0.590975467607745,0.5541891866204709,0.5418605420488195,0.5356811234635181,0.5319879631821671,0.5295251861845323,0.5277657314092737,0.5264421881845173
0.9938690063158222,0.0061309936841777,0.2766365330950011,0.7233634669049989,360.0,910.0,False,24260.0,0.0,0.9999999999999976,00,operational,138,0,0.0490880213275506,0.0245440106637765,0.0163626737758517,0.0122619873683531,0.0098111917219029,0.0081768832478138,0.0070093021587657,0.0061309936841777
0.9938690063158222,0.0061309936841777,0.2766365330950011,0.7233634669049989,360.0,910.0,False,24260.0,0.0,0.9999999999999976,10,operational,138,10,0.0490880213275506,0.0245440106637765,0.0163626737758517,0.0122619873683531,0.0098111917219029,0.0081768832478138,0.0070093021587657,0.0061309936841777
0.9936538040765904,0.0063461959234094,0.2766365330950011,0.7233634669049989,360.0,960.0,False,24260.0,0.0,0.9999999999999976,01,operational,138,1,0.0508110457919867,0.0254055228959946,0.0169370152639971,0.0126923918468164,0.0101555715299485,0.0084638976659509,0.0072553336501878,0.0063461959234094
0.9936538040765904,0.0063461959234094,0.2766365330950011,0.7233634669049989,360.0,960.0,False,24260.0,0.0,0.9999999999999976,11,operational,138,11,0.0508110457919867,0.0254055228959946,0.0169370152639971,0.0126923918468164,0.0101555715299485,0.0084638976659509,0.0072553336501878,0.0063461959234094
0.9785536504961,0.0214463495038998,0.6107293506692768,0.3892706493307231,360.0,1960.0,False,24260.0,0.0,0.9999999999999976,00,operational,168,0,0.1717109682501628,0.0858554841250824,0.0572369894167225,0.0428926990077974,0.0343197624327581,0.0286029157781999,0.0245186916866795,0.0214463495038998
0.9769508828053804,0.0230491171946196,0.6608839240506421,0.3391160759493578,360.0,1960.0,False,24260.0,0.0,0.9999999999999976,10,operational,168,10,0.1845435853817409,0.0922717926908717,0.0615145284605817,0.0460982343892366,0.0368846094884492,0.0307405210271182,0.0263510672546978,0.0230491171946196
0.978189551722422,0.021810448277578,0.6107293506692768,0.3892706493307231,360.0,2100.0,False,24260.0,0.0,0.9999999999999976,01,operational,168,1,0.1746261381701348,0.0873130690850686,0.0582087127233799,0.0436208965551538,0.0349024155976906,0.0290885129450543,0.0249349502006838,0.021810448277578
0.9763682357397964,0.0236317642602035,0.6608839240506421,0.3391160759493578,360.0,2120.0,False,24260.0,0.0,0.9999999999999976,11,operational,168,11,0.189208570057168,0.0946042850285852,0.0630695233523909,0.0472635285204046,0.0378169970199193,0.031517595229993,0.0270171826586551,0.0236317642602035
0.9834660424382085,0.0165339575617916,0.358795403713428,0.641204596286572,360.0,1790.0,False,24260.0,0.0,0.9999999999999976,00,operational,198,0,0.1323797255764193,0.0661898627882108,0.0441265751921414,0.0330679151235808,0.0264586518787637,0.0220512770965639,0.0189025646413386,0.0165339575617916
0.9820404140785834,0.0179595859214165,0.3883954779175678,0.6116045220824322,360.0,1790.0,False,24260.0,0.0,0.9999999999999976,10,operational,198,10,0.1437940702858356,0.071897035142919,0.0479313567619468,0.0359191718428308,0.0287400297240162,0.0239526322849586,0.0205324244085254,0.0179595859214165
0.9798266396915922,0.0201733603084077,0.358795403713428,0.641204596286572,360.0,2180.0,False,24260.0,0.0,0.9999999999999976,01,operational,198,1,0.1615187344954045,0.0807593672477033,0.0538395781651365,0.0403467206168131,0.032282647129717,0.0269051348696774,0.0230633377300971,0.0201733603084077
0.9772973560541866,0.0227026439458134,0.3883954779175678,0.6116045220824322,360.0,2260.0,False,24260.0,0.0,0.9999999999999976,11,operational,198,11,0.1817695348602555,0.0908847674301288,0.0605898449534202,0.0454052878916246,0.0363301617682829,0.0302784309565824,0.02595495924743,0.0227026439458134
0.9565843308046732,0.0434156691953266,0.6071878330245598,0.3928121669754402,360.0,3380.0,False,24260.0,0.0,0.9999999999999976,00,operational,228,0,0.3369368143194741,0.1738045580531799,0.1158697053687874,0.086831338390651,0.0694764138004888,0.0579033149311642,0.0496352727618056,0.0434156691953266
0.9493526208416166,0.0506473791583833,0.7053358597294457,0.2946641402705544,360.0,3380.0,False,24260.0,0.0,0.9999999999999976,10,operational,228,10,0.3942040034666501,0.2027550309445017,0.1351700206296686,0.1012947583167644,0.0810490391495999,0.0675482193456928,0.0579029766393086,0.0506473791583833
0.945423201956262,0.0545767980437379,0.6071878330245598,0.3928121669754402,360.0,4180.0,False,24260.0,0.0,0.9999999999999976,01,operational,228,1,0.3876048257222089,0.2184855477241069,0.1456570318160721,0.1091535960874733,0.0873371359942232,0.0727888705537052,0.0623953127424905,0.0545767980437379
0.8463541742541675,0.1536458257458325,0.7053358597294457,0.2946641402705544,360.0,,True,24260.0,1.0,0.8893731201557741,11,operational,228,11,0.4252926673597416,0.2828432482411798,0.2254377921088617,0.1966647716474387,0.179468432724001,0.1680010864086981,0.1598085958773271,0.1536458257458325
0.9864519521627856,0.0135480478372144,0.3643968523863952,0.6356031476136048,360.0,1420.0,False,24260.0,0.0,0.9999999999999976,00,operational,258,0,0.1084729320299683,0.0542364660149853,0.036157644009991,0.0270960956744265,0.0216804161993293,0.0180689805123429,0.0154889021004082,0.0135480478372144
0.9856300631767292,0.0143699368232707,0.4001987717018145,0.5998012282981855,360.0,1420.0,False,24260.0,0.0,0.9999999999999976,10,operational,258,10,0.1150534157418567,0.0575267078709295,0.0383511385806204,0.028739873646539,0.022995653309609,0.019165130765929,0.016428532532437,0.0143699368232707
0.9850206665100586,0.0149793334899414,0.3643968523863952,0.6356031476136048,360.0,1570.0,False,24260.0,0.0,0.9999999999999976,01,operational,258,1,0.1199325720599715,0.0599662860299868,0.0399775240199922,0.0299586669798803,0.0239708471916095,0.0199778808112983,0.0171252296081921,0.0149793334899414
0.9844151078804024,0.0155848921195975,0.4001987717018145,0.5998012282981855,360.0,1580.0,False,24260.0,0.0,0.9999999999999976,11,operational,258,11,0.1247809989967609,0.0623904994983817,0.0415936663322553,0.0311697842391928,0.024939899211634,0.0207855120811173,0.0178175388208181,0.0155848921195975
0.9207179157957296,0.0792820842042705,0.7570744930971206,0.2429255069028794,360.0,4270.0,False,24260.0,0.0,0.9999999999999976,00,operational,288,0,0.5671278354066209,0.3173874285955201,0.2115916190636809,0.1585641684085386,0.1268720485306731,0.1057382179098863,0.0906398069530853,0.0792820842042705
0.9192178831884704,0.0807821168115294,0.758222496387003,0.241777503612997,360.0,4270.0,False,24260.0,0.0,0.9999999999999976,10,operational,288,10,0.5766119201424349,0.3233924610919001,0.2155949740612674,0.1615642336230566,0.1292724926115251,0.107738805763879,0.0923547299058547,0.0807821168115294
0.9146082680988156,0.0853917319011843,0.7570744930971206,0.2429255069028794,360.0,5150.0,False,24260.0,0.0,0.9999999999999976,01,operational,288,1,0.542969042108417,0.3418459855521193,0.2278973237014137,0.1707834638023661,0.1366490810959499,0.1138866320946652,0.0976247051600097,0.0853917319011843
0.5719745988520725,0.4280254011479275,0.758222496387003,0.241777503612997,360.0,,True,24260.0,1.0,0.596222810016524,11,operational,288,11,0.5953415898526477,0.5008492771614275,0.4684919147687771,0.452273612312379,0.4425806631075167,0.4361169381342145,0.4314991299521676,0.4280254011479275
0.9124399330082948,0.0875600669917051,0.7402819485930702,0.2597180514069298,360.0,4750.0,False,24260.0,0.0,0.9999999999999974,00,operational,19,0,0.597841282347769,0.3505264119765896,0.2336842746510605,0.1751201339834077,0.1401189837555031,0.1167785324603571,0.100103669682537,0.0875600669917051
0.9079135017130716,0.0920864982869285,0.7706157896102046,0.2293842103897954,360.0,4750.0,False,24260.0,0.0,0.9999999999999974,10,operational,19,10,0.6297663185646426,0.3686469294166171,0.2457646196110789,0.1841729965738541,0.1473624564356448,0.1228154168769586,0.1052785444717564,0.0920864982869285
0.8906756402575957,0.1093243597424042,0.7402819485930702,0.2597180514069298,360.0,6600.0,False,24260.0,0.0,0.9999999999999974,01,operational,19,1,0.5959887573775415,0.4288488629959069,0.2917698054127303,0.2186487194848059,0.1749475384512659,0.1458054879525797,0.1249858522486653,0.1093243597424042
0.6095523947904313,0.3904476052095686,0.7706157896102046,0.2293842103897954,360.0,,True,24260.0,1.0,0.6470488565711302,11,operational,19,11,0.6419925944752658,0.5030595280084649,0.4530233998152665,0.4279440669902675,0.4129552788715296,0.4029600336644233,0.3958192401916847,0.3904476052095686
0.9353297692937952,0.0646702307062047,0.7289862578463762,0.2710137421536238,360.0,3940.0,False,24260.0,0.0,0.9999999999999976,00,operational,49,0,0.4735296150556749,0.2588922634480346,0.1725948422986905,0.1293404614124069,0.1034892653365116,0.0862504437834512,0.0739347014606629,0.0646702307062047
0.9331511305533068,0.0668488694466932,0.7486051339670535,0.2513948660329465,360.0,3940.0,False,24260.0,0.0,0.9999999999999976,10,operational,49,10,0.4894783845511776,0.267613938144435,0.1784092920962906,0.1336977388933841,0.1069756565280186,0.0891560860884034,0.0764254457043386,0.0668488694466932
0.921248257112588,0.0787517428874119,0.7289862578463762,0.2710137421536238,360.0,5460.0,False,24260.0,0.0,0.9999999999999976,01,operational,49,1,0.462359073569223,0.315264330186518,0.2101762201243525,0.1575034857748215,0.1260233638629373,0.1050309036876199,0.0900334904685761,0.0787517428874119
0.920016818637069,0.079983181362931,0.7486051339670535,0.2513948660329465,360.0,5180.0,False,24260.0,0.0,0.9999999999999976,11,operational,49,11,0.4917877239329857,0.3201941083973473,0.2134627389315656,0.1599663627258596,0.1279939871581833,0.1066732685569838,0.0914413412688661,0.079983181362931
0.9652753725371236,0.0347246274628765,0.4462880614993281,0.5537119385006719,360.0,2750.0,False,24260.0,0.0,0.9999999999999974,00,operational,79,0,0.2780224893134277,0.1390119890262131,0.0926746593508096,0.0694492549257502,0.0555684763449019,0.0463121052172269,0.0396991774540581,0.0347246274628765
0.9642056476498236,0.0357943523501763,0.4630072747283786,0.5369927252716213,360.0,2750.0,False,24260.0,0.0,0.9999999999999974,10,operational,79,10,0.2865872800777568,0.1432943844083776,0.095529589605586,0.07158870470035,0.0572803156485497,0.0477387932813991,0.0409221480438317,0.0357943523501763
0.9612963920086652,0.0387036079913346,0.4462880614993281,0.5537119385006719,360.0,3230.0,False,24260.0,0.0,0.9999999999999974,01,operational,79,1,0.301170449527403,0.1549409143443872,0.1032939428962591,0.0774072159826666,0.0619358847673203,0.0516188566024868,0.0442481752584084,0.0387036079913346
0.9603827858885828,0.0396172141114172,0.4630072747283786,0.5369927252716213,360.0,3230.0,False,24260.0,0.0,0.9999999999999974,11,operational,79,11,0.3084852697698943,0.1585983244656329,0.1057322163104229,0.0792344282228317,0.0633978932547157,0.0528373296532231,0.0452926619565895,0.0396172141114172
0.9370326164119648,0.0629673835880352,0.7256894816199018,0.2743105183800982,360.0,3860.0,False,24260.0,0.0,0.9999999999999976,00,operational,109,0,0.4690315614834389,0.2520753101154932,0.1680502067436629,0.1259347671760681,0.1007642650494344,0.0839793629780538,0.0719879093750283,0.0629673835880352
0.9339652896013504,0.0660347103986496,0.7610451383182064,0.2389548616817935,360.0,3860.0,False,24260.0,0.0,0.9999999999999976,10,operational,109,10,0.4928869559037639,0.2643546413017764,0.1762364275345184,0.1320694207972969,0.105672789338138,0.08807024522411,0.0754946525789505,0.0660347103986496
0.9312732329660628,0.0687267670339372,0.7256894816199018,0.2743105183800982,360.0,5400.0,False,24260.0,0.0,0.9999999999999976,01,operational,109,1,0.397849675131377,0.2751316654136301,0.1834211102757545,0.137453534067872,0.1099807833005515,0.0916606310468942,0.0785723654844355,0.0687267670339372
0.8418719291795732,0.1581280708204268,0.7610451383182064,0.2389548616817935,360.0,,True,24260.0,1.0,0.8893731197842346,11,operational,109,11,0.4254625054515017,0.3007868752834447,0.2374002102608851,0.2056292614250877,0.1866411956837079,0.1739790397048345,0.1649329544021488,0.1581280708204268
0.9887493249421404,0.0112506750578594,0.2573623946047396,0.7426376053952604,360.0,1650.0,False,24260.0,0.0,0.9999999999999976,00,operational,139,0,0.0900789342867661,0.0450394671433842,0.0300263114289237,0.0225013501157165,0.0180040195243327,0.0150049830657345,0.0128624143218641,0.0112506750578594
0.9866934416712698,0.0133065583287301,0.335461226536887,0.664538773463113,360.0,1650.0,False,24260.0,0.0,0.9999999999999976,10,operational,139,10,0.1065394375992929,0.0532697187996477,0.0355131458664327,0.0266131166574579,0.0212939698924798,0.0177469068619419,0.0152128175013477,0.0133065583287301
0.9868059283279236,0.0131940716720763,0.2573623946047396,0.7426376053952604,360.0,2020.0,False,24260.0,0.0,0.9999999999999976,01,operational,139,1,0.1056388091391573,0.0528194045695799,0.0352129363797206,0.0263881433441505,0.0211139618527663,0.0175968838304766,0.0150842163306516,0.0131940716720763
0.9839700723350888,0.0160299276649112,0.335461226536887,0.664538773463113,360.0,2040.0,False,24260.0,0.0,0.9999999999999976,11,operational,139,11,0.1283441920883253,0.0641720960441637,0.0427813973627766,0.0320598553298201,0.0256520723573029,0.0213790543162935,0.0183263288749565,0.0160299276649112
0.9614133281800696,0.0385866718199302,0.6011363089315789,0.3988636910684211,360.0,2810.0,False,24260.0,0.0,0.9999999999999976,00,operational,169,0,0.3089217477875521,0.1544727875144198,0.1029818583429474,0.0771733436398582,0.0617487563414941,0.0514628992699116,0.0441144871483101,0.0385866718199302
0.957422335726168,0.042577664273832,0.6552492861030931,0.3447507138969069,360.0,2810.0,False,24260.0,0.0,0.9999999999999976,10,operational,169,10,0.3408757723367021,0.1704497997890258,0.1136331998593513,0.0851553285476615,0.0681353869829433,0.0567856709150174,0.0486772176719028,0.042577664273832
0.9549890048139984,0.0450109951860017,0.6011363089315789,0.3988636910684211,360.0,3660.0,False,24260.0,0.0,0.9999999999999976,01,operational,169,1,0.3347596469268772,0.1801910754995098,0.1201273836663406,0.0900219903720012,0.0720293521918369,0.0600309952126851,0.0514591405532913,0.0450109951860017
0.6326701196733143,0.3673298803266857,0.6552492861030931,0.3447507138969069,360.0,,True,24260.0,1.0,0.6430575657833794,11,operational,169,11,0.4401098949017812,0.398526164559201,0.384664921111674,0.3777173264367506,0.3735650618911202,0.3707961320770774,0.3688179559010158,0.3673298803266857
0.9577142847059448,0.0422857152940551,0.6637420823309399,0.3362579176690601,360.0,2970.0,False,24260.0,0.0,0.9999999999999976,00,operational,199,0,0.3367707498502373,0.1692810497882851,0.1128540331921909,0.0845714305881077,0.0676681923386236,0.0563962996572855,0.0483434449232077,0.0422857152940551
0.9561253707455716,0.0438746292544285,0.6860589412545613,0.3139410587454386,360.0,2970.0,False,24260.0,0.0,0.9999999999999976,10,operational,199,10,0.3494903212937236,0.175641898159061,0.1170945987727082,0.0877492585088545,0.0702108698062362,0.0585154282380775,0.0501599821154219,0.0438746292544285
0.9454419209121512,0.0545580790878489,0.6637420823309399,0.3362579176690601,360.0,3790.0,False,24260.0,0.0,0.9999999999999976,01,operational,199,1,0.4049770952167851,0.2184106107274926,0.1456070738183292,0.1091161581756955,0.0873071807741526,0.0727639051525468,0.0623739121629628,0.0545580790878489
0.946397297750757,0.053602702249243,0.6860589412545613,0.3139410587454386,360.0,3730.0,False,24260.0,0.0,0.9999999999999976,11,operational,199,11,0.4011816389225615,0.2145859812265377,0.1430573208176926,0.1072054044984837,0.0857783282238036,0.071489722651412,0.0612816707935812,0.053602702249243
0.9502607390670224,0.0497392609329775,0.5254277794743154,0.4745722205256845,360.0,3610.0,False,24260.0,0.0,0.9999999999999974,00,operational,229,0,0.374914269488226,0.1991195903362581,0.1327463935575064,0.0994785218659523,0.0795958127274933,0.0663370654794738,0.0568647640157695,0.0497392609329775
0.9485261563128992,0.0514738436871008,0.5258714969810733,0.4741285030189267,360.0,3610.0,False,24260.0,0.0,0.9999999999999974,10,operational,229,10,0.3876516544614968,0.2060635899238434,0.1373757266158966,0.1029476873741989,0.0823715983235759,0.0686504719833399,0.0588478380930453,0.0514738436871008
0.9417345009557582,0.0582654990442418,0.5254277794743154,0.4745722205256846,360.0,4310.0,False,24260.0,0.0,0.9999999999999974,01,operational,229,1,0.4018235442767676,0.233252406304555,0.1555016042030377,0.1165309980884811,0.0932400213314109,0.0777084772228584,0.066612446410822,0.0582654990442418
0.8781619921574477,0.1218380078425522,0.5258714969810733,0.4741285030189267,360.0,,True,24260.0,1.0,0.93178126576305,11,operational,229,11,0.4582732005354226,0.2828710550436905,0.2113202814414435,0.1754572814481542,0.1540235809604806,0.1397305580440948,0.1295193503516141,0.1218380078425522
0.950995522586061,0.0490044774139389,0.7181738119063004,0.2818261880936996,360.0,3340.0,False,24260.0,0.0,0.9999999999999974,00,operational,259,0,0.3838457666075631,0.1961780550067743,0.1307853700045171,0.0980089548278755,0.0784199671222393,0.0653570874600703,0.056024717528768,0.0490044774139389
0.9480133458665206,0.0519866541334793,0.7601621609979293,0.2398378390020706,360.0,3340.0,False,24260.0,0.0,0.9999999999999974,10,operational,259,10,0.4077226717149932,0.2081165075604893,0.1387443383736605,0.103973308266956,0.0831922290183031,0.0693344053494953,0.0594341122851254,0.0519866541334793
0.9415859377717612,0.0584140622282388,0.7181738119063004,0.2818261880936996,360.0,4440.0,False,24260.0,0.0,0.9999999999999974,01,operational,259,1,0.4029992020053811,0.2338471445411438,0.1558980963607634,0.1168281244564748,0.093477761240485,0.0779066153833333,0.0667822923281308,0.0584140622282388
0.7989722132035488,0.2010277867964511,0.7601621609979293,0.2398378390020706,360.0,,True,24260.0,1.0,0.8504660360830044,11,operational,259,11,0.5537856725828714,0.3556775359017445,0.2869630119068282,0.2525216096759068,0.2319375341682473,0.2182110820741356,0.2084046433638768,0.2010277867964511
0.9208273719062258,0.0791726280937742,0.771250390051071,0.228749609948929,360.0,4670.0,False,24260.0,0.0,0.9999999999999976,00,operational,289,0,0.5579487850166478,0.3169492464538281,0.2112994976358861,0.1583452561875463,0.1266968901565938,0.1055922367064483,0.0905146704758498,0.0791726280937742
0.9169232758853962,0.0830767241146037,0.7989801048663813,0.2010198951336187,360.0,4670.0,False,24260.0,0.0,0.9999999999999976,10,operational,289,10,0.5847072108940334,0.332578389020874,0.2217189260139168,0.166153448229205,0.1329444638019445,0.1107991149051593,0.094978056033961,0.0830767241146037
0.9177155819609324,0.0822844180390675,0.771250390051071,0.228749609948929,360.0,5870.0,False,24260.0,0.0,0.9999999999999976,01,operational,289,1,0.4900497912304047,0.3293920076163924,0.2196043836554593,0.1645688360781326,0.1316765670775397,0.1097424192682166,0.0940722464749018,0.0822844180390675
0.793212003710854,0.206787996289146,0.7989801048663813,0.2010198951336187,360.0,,True,24260.0,1.0,0.8461534867332533,11,operational,289,11,0.5212492026775271,0.3657854567387697,0.2951391422480953,0.259729479311545,0.2385667179727415,0.2244543703189394,0.214372240473876,0.206787996289146
0.9615692489626888,0.0384307510373113,0.6283645024090005,0.3716354975909994,360.0,2880.0,False,24260.0,0.0,0.9999999999999976,00,operational,20,0,0.3071369406269182,0.1538485948389024,0.1025657298926023,0.0768615020746201,0.0614992423523256,0.0512549483077905,0.0439362296040186,0.0384307510373113
0.9588535814874396,0.0411464185125605,0.6610372901076691,0.3389627098923308,360.0,2880.0,False,24260.0,0.0,0.9999999999999976,10,operational,20,10,0.3288800298887395,0.1647201394702104,0.1098134263134745,0.0822928370251186,0.0658450198274142,0.0548768238191463,0.0470409357703092,0.0411464185125605
0.9535336192769552,0.0464663807230446,0.6283645024090005,0.3716354975909994,360.0,3720.0,False,24260.0,0.0,0.9999999999999976,01,operational,20,1,0.3467343818966255,0.1860173738095673,0.1240115825397124,0.0929327614460869,0.0743583492955306,0.0619720374368306,0.053123020425319,0.0464663807230446
0.6338594897300742,0.3661405102699258,0.6610372901076691,0.3389627098923308,360.0,,True,24260.0,1.0,0.6430575657833794,11,operational,20,11,0.4305871607333517,0.3937647975019106,0.3814906764068139,0.3753385863232308,0.3716617590569847,0.3692098736997982,0.3674582001198393,0.3661405102699258
0.9733814712931124,0.0266185287068876,0.5568833178440324,0.4431166821559676,360.0,2300.0,False,24260.0,0.0,0.9999999999999976,00,operational,50,0,0.2131222069668943,0.1065611034834483,0.071040735655633,0.0532370574137729,0.0425966004780358,0.0355010317538776,0.0304318223667167,0.0266185287068876
0.9693933523711158,0.0306066476288842,0.6318655549204941,0.3681344450795059,360.0,2300.0,False,24260.0,0.0,0.9999999999999976,10,operational,50,10,0.2450532244796118,0.1225266122398073,0.0816844081598723,0.061213295257766,0.0489786327176775,0.0408199709802749,0.0349912677045103,0.0306066476288842
0.969178956561514,0.030821043438486,0.5568833178440324,0.4431166821559676,360.0,2790.0,False,24260.0,0.0,0.9999999999999976,01,operational,50,1,0.2467608020423172,0.1233848961181149,0.0822565974120774,0.0616420868769697,0.0493217220276215,0.0411059098662435,0.0352363772395193,0.030821043438486
0.6445839439004722,0.3554160560995277,0.6318655549204941,0.3681344450795059,360.0,,True,24260.0,1.0,0.6511109436944912,11,operational,50,11,0.4011477147870335,0.3750183855462712,0.3663086091326837,0.3619430558935468,0.3593339612665451,0.3575940914145707,0.3563510952674064,0.3554160560995277
0.9798539590424916,0.0201460409575083,0.425358040696032,0.574641959303968,360.0,1930.0,False,24260.0,0.0,0.9999999999999976,00,operational,80,0,0.1613000011303602,0.0806500005651813,0.053766667043455,0.0402920819150142,0.0322389290306291,0.0268686991539978,0.0230321046877717,0.0201460409575083
0.9791325759535462,0.0208674240464538,0.4301924400172381,0.5698075599827619,360.0,1930.0,False,24260.0,0.0,0.9999999999999976,10,operational,80,10,0.167075780764074,0.083537890382038,0.0556919269213594,0.0417348480929051,0.0333933304466425,0.02783080507012,0.0238568310377093,0.0208674240464538
0.9762782844559176,0.0237217155440825,0.425358040696032,0.574641959303968,360.0,2370.0,False,24260.0,0.0,0.9999999999999976,01,operational,80,1,0.1899287682450851,0.0949643841225459,0.0633095894150316,0.0474434310881629,0.0379609425754412,0.0316375629194345,0.0271200201040606,0.0237217155440825
0.9750171583352404,0.0249828416647595,0.4301924400172381,0.5698075599827619,360.0,2420.0,False,24260.0,0.0,0.9999999999999976,11,operational,80,11,0.2000260198648272,0.1000130099324454,0.0666753399549644,0.0499656833295167,0.0399790738593461,0.0333195220896349,0.0285618115159405,0.0249828416647595
0.9340778240525992,0.0659221759474008,0.7471049584703093,0.2528950415296907,360.0,3740.0,False,24260.0,0.0,0.9999999999999976,00,operational,110,0,0.4993495065299609,0.2639041357371368,0.1759360904914253,0.1318443518947992,0.1054927048145852,0.0879201584491728,0.0753659967667436,0.0659221759474008
0.9326709053025524,0.0673290946974475,0.7505970215442531,0.2494029784557468,360.0,3740.0,False,24260.0,0.0,0.9999999999999976,10,operational,110,10,0.5106140520777196,0.2695364085110161,0.1796909390073447,0.1346581893948926,0.1077441423963058,0.0897965607015486,0.0769744666396387,0.0673290946974475
0.9069774896061416,0.0930225103938584,0.7471049584703093,0.2528950415296907,360.0,4720.0,False,24260.0,0.0,0.9999999999999976,01,operational,110,1,0.6532498169719072,0.3723940367074327,0.2482626911382893,0.1860450207877144,0.1488603203559446,0.1240637727081936,0.1063486469738463,0.0930225103938584
0.0715248671274359,0.928475132872564,0.7505970215442531,0.2494029784557468,360.0,,True,24260.0,1.0,0.0573586490545674,11,operational,110,11,0.8292190166800244,0.885930183823655,0.9048339061975808,0.9143089147996954,0.9199717008614824,0.9237479191117212,0.9264457213240944,0.928475132872564
0.9332310672182536,0.0667689327817464,0.8227664988637727,0.1772335011362272,200.0,3730.0,False,24260.0,0.0,0.9999999999999976,00,operational,140,0,0.5067561858863667,0.2672939302537167,0.1781959535024786,0.1335378655634905,0.1068477369792796,0.0890494748586159,0.0763340575432935,0.0667689327817464
0.9288123497716546,0.0711876502283453,0.8227664988637727,0.1772335011362272,200.0,3730.0,False,24260.0,0.0,0.9999999999999976,10,operational,140,10,0.5404623435610615,0.2849832402932055,0.1899888268621378,0.1423753004566884,0.1139188393595322,0.0949427017198937,0.0813857877085606,0.0711876502283453
0.9188653398030217,0.0811346601969783,0.8227664988637727,0.1772335011362272,200.0,4990.0,False,24260.0,0.0,0.9999999999999976,01,operational,140,1,0.5301776659243614,0.3248037867362626,0.2165358578241758,0.1622693203939543,0.1298366541362475,0.1082089915528554,0.0927577776400355,0.0811346601969783
0.9181152070002724,0.0818847929997276,0.8227664988637727,0.1772335011362272,200.0,5020.0,False,24260.0,0.0,0.9999999999999976,11,operational,140,11,0.5321103788844667,0.3278067693616476,0.2185378462410991,0.1637695859994529,0.1310370626057025,0.1092094408542903,0.0936153723048679,0.0818847929997276
0.9536233641780084,0.0463766358219916,0.6855259971683584,0.3144740028316416,360.0,3210.0,False,24260.0,0.0,0.9999999999999976,00,operational,170,0,0.3667976919159458,0.1856581009213648,0.1237720672809106,0.0927532716439809,0.0742147340064517,0.0618523449993894,0.0530204189285483,0.0463766358219916
0.9481423639913426,0.0518576360086574,0.767432319305424,0.2325676806945759,360.0,3210.0,False,24260.0,0.0,0.9999999999999976,10,operational,170,10,0.4105385045130709,0.2076000134333435,0.1384000089555631,0.1037152720173124,0.0829857663103909,0.0691623343610283,0.0592866113958049,0.0518576360086574
0.9460795194149596,0.0539204805850405,0.6855259971683584,0.3144740028316416,360.0,3930.0,False,24260.0,0.0,0.9999999999999976,01,operational,170,1,0.4008513399384356,0.2158581330610208,0.1439054220406815,0.1078409611700785,0.0862868565861183,0.0719135424242503,0.0616449731373535,0.0539204805850405
0.9425648288884938,0.0574351711115062,0.767432319305424,0.2325676806945759,360.0,3900.0,False,24260.0,0.0,0.9999999999999976,11,operational,170,11,0.4289116270039594,0.2299283810836369,0.1532855873890921,0.1148703422230099,0.0919112797016251,0.0766010719777836,0.0656631680929488,0.0574351711115062
0.9763101497489828,0.0236898502510173,0.4117895309640194,0.5882104690359806,360.0,2110.0,False,24260.0,0.0,0.9999999999999976,00,operational,200,0,0.1896736376306776,0.09483681881534,0.0632245458768943,0.0473797005020323,0.0379099497811824,0.0315950642977632,0.0270835898810041,0.0236898502510173
0.9754466640093988,0.0245533359906011,0.4235271104731193,0.5764728895268807,360.0,2110.0,False,24260.0,0.0,0.9999999999999976,10,operational,200,10,0.1965871672449931,0.0982935836224977,0.0655290557483327,0.0491066719812,0.0392917525649711,0.0327466919852866,0.0280707760975137,0.0245533359906011
0.9708819356679788,0.0291180643320212,0.4117895309640194,0.5882104690359806,360.0,2760.0,False,24260.0,0.0,0.9999999999999976,01,operational,200,1,0.2331326391068557,0.1165674144010583,0.0777116096007062,0.05823612866404,0.0465965105247877,0.0388346530285522,0.0332894342573267,0.0291180643320212
0.9691603952803988,0.0308396047196013,0.4235271104731193,0.5764728895268807,360.0,2800.0,False,24260.0,0.0,0.9999999999999976,11,operational,200,11,0.2468981068904483,0.123459201900358,0.0823061346002395,0.0616792094392004,0.0493514249268592,0.0411306649771485,0.0352575975562401,0.0308396047196013
0.9712060397839538,0.0287939602160461,0.4103465429078106,0.5896534570921894,360.0,2610.0,False,24260.0,0.0,0.9999999999999976,00,operational,230,0,0.230539876511323,0.1152699387733802,0.0768466258489207,0.0575879204320899,0.0460778592614703,0.0384023965864515,0.032918899920351,0.0287939602160461
0.9704031638232484,0.0295968361767516,0.4233498715811794,0.5766501284188206,360.0,2610.0,False,24260.0,0.0,0.9999999999999976,10,operational,230,10,0.2369681317522665,0.1184840663938517,0.0789893775959019,0.0591936723535009,0.0473626705637096,0.0394731892395427,0.0338367935758473,0.0295968361767516
0.9652869111219607,0.0347130888780392,0.4103465429078106,0.5896534570921894,360.0,3250.0,False,24260.0,0.0,0.9999999999999976,01,operational,230,1,0.270299058290837,0.1389657969790716,0.0926438646527153,0.0694261777560762,0.0555500115945095,0.04629671624997,0.0396859858848323,0.0347130888780392
0.9647684791942108,0.0352315208057892,0.4233498715811794,0.5766501284188206,360.0,3220.0,False,24260.0,0.0,0.9999999999999976,11,operational,230,11,0.2751204420623013,0.1410412189120576,0.094027479274706,0.0704630416115762,0.0563796381281395,0.0469881469647154,0.0402786868754937,0.0352315208057892
0.982817889603354,0.017182110396646,0.4942840353290264,0.5057159646709736,360.0,2020.0,False,24260.0,0.0,0.9999999999999976,00,operational,260,0,0.1375691845482934,0.0687845922741479,0.0458563948494327,0.0343642207932898,0.0274958657555719,0.0229157160978669,0.0196435699821662,0.017182110396646
0.9809920725863328,0.0190079274136671,0.5819379823853739,0.4180620176146262,360.0,2020.0,False,24260.0,0.0,0.9999999999999976,10,operational,260,10,0.1521876541290191,0.0760938270645106,0.0507292180430081,0.0380158548273322,0.0304176500088065,0.0253508013954728,0.0217309482797405,0.0190079274136671
0.9797691927086796,0.0202308072913203,0.4942840353290264,0.5057159646709736,360.0,2310.0,False,24260.0,0.0,0.9999999999999976,01,operational,260,1,0.1619786858291816,0.080989342914592,0.0539928952763955,0.0404616145826381,0.0323745773113864,0.02698175169501,0.0231290144021157,0.0202308072913203
0.9791992600898836,0.0208007399101164,0.5819379823853739,0.4180620176146262,360.0,2320.0,False,24260.0,0.0,0.9999999999999976,11,operational,260,11,0.166541871829347,0.0832709359146749,0.0555139572764507,0.0416014798202305,0.0332866184061287,0.0277418686879608,0.0237805939243045,0.0208007399101164
0.9764850837233472,0.0235149162766528,0.5356382479804598,0.4643617520195403,360.0,2500.0,False,24260.0,0.0,0.9999999999999976,00,operational,290,0,0.1882730224712515,0.0941365112382273,0.062757674158819,0.0470298325533032,0.0376300097176992,0.0313617555132269,0.026883595369948,0.0235149162766528
0.9720773763115556,0.0279226236884444,0.6107197049001967,0.3892802950998034,360.0,2500.0,False,24260.0,0.0,0.9999999999999976,10,operational,290,10,0.2235634903107592,0.1117817451579811,0.0745211634386548,0.0558452473768864,0.0446834931657,0.0372402983324373,0.0319227382345722,0.0279226236884444
0.9682847443709988,0.0317152556290013,0.5356382479804598,0.4643617520195403,360.0,3100.0,False,24260.0,0.0,0.9999999999999976,01,operational,290,1,0.2526041230313751,0.1269646671422364,0.0846431114281583,0.0634305112580001,0.0507526951607126,0.0422985173059617,0.0362586916897118,0.0317152556290013
0.6481155281104766,0.3518844718895234,0.6107197049001967,0.3892802950998034,360.0,,True,24260.0,1.0,0.6511109436944912,11,operational,290,11,0.37287195885726,0.3608805075813844,0.3568833571560926,0.354879887473538,0.3536825038436121,0.3528840308187566,0.3523135864878867,0.3518844718895234
0.9652799630731188,0.034720036926881,0.650513538822422,0.349486461177578,360.0,2830.0,False,24260.0,0.0,0.9999999999999976,00,operational,21,0,0.2779137201583952,0.1389936118804809,0.0926624079203214,0.0694400738537598,0.0555611302879532,0.0463059828366125,0.0396939292911143,0.034720036926881
0.9641846362682988,0.0358153637317012,0.6654256381335728,0.3345743618664271,300.0,2830.0,False,24260.0,0.0,0.9999999999999976,10,operational,21,10,0.2866834927812983,0.1433784985991233,0.0955856657327496,0.0716307274633999,0.0573139393485733,0.0477668160820177,0.040946169455281,0.0358153637317012
0.961393540165252,0.0386064598347478,0.650513538822422,0.349486461177578,360.0,3440.0,False,24260.0,0.0,0.9999999999999976,01,operational,21,1,0.2964524067819637,0.1545520042404051,0.1030346694936041,0.0772129196694934,0.0617804223351602,0.0514892904709476,0.0441371099370656,0.0386064598347478
0.9582357156516326,0.0417642843483674,0.6654256381335728,0.3345743618664271,300.0,3500.0,False,24260.0,0.0,0.9999999999999976,11,operational,21,11,0.3195116296525885,0.1671936219828367,0.1114624146552253,0.0835285686967326,0.0668337665927488,0.0557008691635813,0.0477473152839474,0.0417642843483674
0.9694146142512317,0.0305853857487683,0.5811414331463891,0.4188585668536109,360.0,2550.0,False,24260.0,0.0,0.9999999999999976,00,operational,51,0,0.2448829904160246,0.1224414952360753,0.0816276634907176,0.0611707714975342,0.0489446081544615,0.0407916140906265,0.0349669599087641,0.0305853857487683
0.9665999855001682,0.0334000144998317,0.6010602619411161,0.3989397380588839,360.0,2550.0,False,24260.0,0.0,0.9999999999999976,10,operational,51,10,0.2674184166908716,0.1337092083735027,0.0891394722490025,0.0668000289996613,0.0534487495261829,0.044545473883825,0.0381848042578568,0.0334000144998317
0.9598228910684218,0.0401771089315782,0.5811414331463891,0.4188585668536109,360.0,3270.0,False,24260.0,0.0,0.9999999999999976,01,operational,51,1,0.3146542843933916,0.1608397334679119,0.1072264889786087,0.0803542178631538,0.064293871249095,0.0535840592718372,0.0459327656940578,0.0401771089315782
0.831391351337958,0.1686086486620419,0.6010602619411161,0.3989397380588839,360.0,,True,24260.0,1.0,0.8505201075059082,11,operational,51,11,0.3020921420935252,0.226057429440951,0.2005315837919979,0.187737404829992,0.180090900078336,0.1749918427453046,0.1713489791070072,0.1686086486620419
0.941835802425688,0.0581641975743121,0.7876565042282779,0.212343495771722,360.0,3510.0,False,24260.0,0.0,0.9999999999999976,00,operational,81,0,0.4471592278820411,0.2328468693742816,0.1552312462495219,0.1163283951486219,0.0930779125127776,0.0775733718329141,0.0664966327844442,0.0581641975743121
0.9402781012251918,0.0597218987748081,0.8100473460550532,0.1899526539449468,360.0,3510.0,False,24260.0,0.0,0.9999999999999976,10,operational,81,10,0.4596310185396071,0.2390827647030645,0.1593885098020439,0.1194437975496138,0.0955706414097177,0.0796508720730966,0.0682774857668124,0.0597218987748081
0.9236408532084556,0.0763591467915445,0.7876565042282779,0.212343495771722,360.0,4340.0,False,24260.0,0.0,0.9999999999999976,01,operational,81,1,0.5450782242655923,0.3056861268615686,0.2037907512410465,0.1527182935830867,0.122194585002797,0.1018399072614495,0.0872981379558018,0.0763591467915445
0.0680710635871767,0.9319289364128232,0.8100473460550532,0.1899526539449468,360.0,,True,24260.0,1.0,0.0573586490545674,11,operational,81,11,0.8568647428178991,0.8997566849243658,0.9140515735980548,0.921216521880214,0.9254986888912896,0.92835424392045,0.9303943067994256,0.9319289364128232
0.9800593673233148,0.0199406326766853,0.5143035700466791,0.4856964299533209,360.0,1960.0,False,24260.0,0.0,0.9999999999999976,00,operational,111,0,0.1596553923459936,0.079827696172998,0.0532184641153328,0.0398812653533683,0.0319102221148771,0.0265947469014031,0.022797270208996,0.0199406326766853
0.979083072961006,0.0209169270389939,0.5660335560861929,0.433966443913807,360.0,1960.0,False,24260.0,0.0,0.9999999999999976,10,operational,111,10,0.1674721282533657,0.0837360641266841,0.0558240427511235,0.0418338540779854,0.0334725481682123,0.0278968270253313,0.0239134256862036,0.0209169270389939
0.9787807362038128,0.0212192637961873,0.5143035700466791,0.4856964299533209,360.0,2160.0,False,24260.0,0.0,0.9999999999999976,01,operational,111,1,0.1698927983681505,0.0849463991840764,0.0566309327893851,0.0424385275923724,0.0339563659703835,0.0283000524227857,0.0242590743353514,0.0212192637961873
0.977804441841504,0.0221955581584959,0.5660335560861929,0.433966443913807,360.0,2160.0,False,24260.0,0.0,0.9999999999999976,11,operational,111,11,0.1777095342755228,0.0888547671377625,0.0592365114251758,0.0443911163169894,0.0355186920237184,0.0296021325467139,0.0253752298125591,0.0221955581584959
0.9395851719437368,0.0604148280562633,0.7459212964178621,0.2540787035821379,360.0,3570.0,False,24260.0,0.0,0.9999999999999976,00,operational,141,0,0.4617699239991344,0.2418567463036611,0.1612378308691081,0.1208296561125242,0.0966795092997014,0.0805750292530448,0.0690696820988541,0.0604148280562633
0.9360483311631738,0.0639516688368262,0.7837358120640139,0.2162641879359861,360.0,3570.0,False,24260.0,0.0,0.9999999999999976,10,operational,141,10,0.4900877668500468,0.2560156677291174,0.1706771118194123,0.12790333767365,0.1023393786088976,0.0852921005172687,0.0731132004900716,0.0639516688368262
0.9315418833973188,0.0684581166026812,0.7459212964178621,0.2540787035821379,360.0,4550.0,False,24260.0,0.0,0.9999999999999976,01,operational,141,1,0.464193666209296,0.2740561857460205,0.1827041238306811,0.13691623320536,0.1095508724210102,0.0913023329758124,0.078265228967134,0.0684581166026812
0.9172489862783958,0.0827510137216042,0.7837358120640139,0.2162641879359861,360.0,4340.0,False,24260.0,0.0,0.9999999999999976,11,operational,141,11,0.5763835112843411,0.3312744830358264,0.2208496553572184,0.1655020274432059,0.1324232420757204,0.1103647161774245,0.0946056853093464,0.0827510137216042
0.9627047042979752,0.0372952957020249,0.67760869763228,0.3223913023677199,360.0,2810.0,False,24260.0,0.0,0.9999999999999976,00,operational,171,0,0.2985760618148252,0.1493030628594063,0.0995353752396049,0.0745905914040474,0.059682217158693,0.0497405957920302,0.042638112211834,0.0372952957020249
0.9600712663884056,0.0399287336115943,0.7120967111709071,0.2879032888290929,360.0,2810.0,False,24260.0,0.0,0.9999999999999976,10,operational,171,10,0.3196607689659014,0.1598454205039242,0.1065636136692838,0.0798574672231863,0.0638964058448099,0.0532528020405033,0.0456488088419997,0.0399287336115943
0.958492406897048,0.0415075931029519,0.67760869763228,0.3223913023677199,360.0,3490.0,False,24260.0,0.0,0.9999999999999976,01,operational,171,1,0.3177894801101647,0.1661660181408955,0.1107773454272643,0.0830151862059016,0.0664229935350948,0.0553585210137348,0.047453851190962,0.0415075931029519
0.9547201967711242,0.0452798032288758,0.7120967111709071,0.2879032888290929,360.0,3610.0,False,24260.0,0.0,0.9999999999999976,11,operational,171,11,0.3420315976613873,0.181267186128662,0.1208447907524422,0.090559606457749,0.0724595152911453,0.06038950348979,0.0517664572611968,0.0452798032288758
0.964129060828454,0.035870939171546,0.7057536428165543,0.2942463571834458,360.0,2680.0,False,24260.0,0.0,0.9999999999999976,00,operational,201,0,0.2872019197369783,0.143600981977587,0.0957339879850588,0.0717418783430896,0.0574028745723615,0.0478409368373905,0.0410097064723691,0.035870939171546
0.9605367953260722,0.0394632046739278,0.7773058781152142,0.2226941218847857,360.0,2680.0,False,24260.0,0.0,0.9999999999999976,10,operational,201,10,0.3159635226123589,0.1579817834168606,0.1053211889445746,0.0789264093478533,0.0631514379171267,0.0526319278449219,0.0451165895712188,0.0394632046739278
0.956805277335493,0.0431947226645069,0.7057536428165543,0.2942463571834458,360.0,3120.0,False,24260.0,0.0,0.9999999999999976,01,operational,201,1,0.3421487409987904,0.1729200498824148,0.1152800332549439,0.0863894453290116,0.0691228416251077,0.0576086393729127,0.0493826740681481,0.0431947226645069
0.9531715293941474,0.0468284706058526,0.7773058781152142,0.2226941218847857,360.0,3190.0,False,24260.0,0.0,0.9999999999999974,11,operational,201,11,0.3693471283380429,0.1874669166410684,0.1249779444273798,0.0936569412117025,0.074937787710213,0.0624549553534771,0.0535369822605403,0.0468284706058526
0.9167076358719864,0.0832923641280135,0.7629885552173878,0.2370114447826121,360.0,4650.0,False,24260.0,0.0,0.9999999999999976,00,operational,231,0,0.5858477623276788,0.333441653780439,0.2222944358536269,0.1665847282560246,0.1332895441630509,0.1110867131810733,0.0952245880138276,0.0832923641280135
0.9134769059410814,0.0865230940589185,0.7729639545101378,0.2270360454898622,360.0,4650.0,False,24260.0,0.0,0.9999999999999976,10,operational,231,10,0.6064226839366509,0.3463751314450097,0.230916754296674,0.1730461881178346,0.1384595561360864,0.1153955255548987,0.0989181429978299,0.0865230940589185
0.894989640200289,0.1050103597997109,0.7629885552173878,0.2370114447826121,360.0,6240.0,False,24260.0,0.0,0.9999999999999974,01,operational,231,1,0.6124700315835336,0.4184380597284217,0.2802564068728623,0.2100207195994191,0.168044011436505,0.1400519224329288,0.1200538411149281,0.1050103597997109
0.8436595355450468,0.1563404644549532,0.7729639545101378,0.2270360454898622,360.0,,True,24260.0,1.0,0.9317812656734458,11,operational,231,11,0.611564439164044,0.4207076455098418,0.3034020010091008,0.2444621945833522,0.2092365258448937,0.1857463548026444,0.1689645293870197,0.1563404644549532
0.9620308793857956,0.0379691206142043,0.7783596897525162,0.2216403102474837,360.0,2580.0,False,24260.0,0.0,0.9999999999999976,00,operational,261,0,0.3040011287979587,0.1520005645503207,0.1013337097002146,0.0759382412284063,0.0607605130664917,0.0506392735464339,0.0434084673377508,0.0379691206142043
0.9617591339155432,0.0382408660844568,0.784465219430919,0.215534780569081,360.0,2580.0,False,24260.0,0.0,0.9999999999999976,10,operational,261,10,0.3061768686741636,0.1530884344884234,0.1020589563256164,0.0764817321689115,0.0611953768170591,0.0510016994594,0.0437191422804099,0.0382408660844568
0.951181529821166,0.0488184701788341,0.7783596897525162,0.2216403102474837,360.0,3310.0,False,24260.0,0.0,0.9999999999999976,01,operational,261,1,0.3791150913124507,0.1954334181995738,0.1302889454663833,0.0976369403576657,0.0781223069484922,0.0651090103092771,0.055812063433571,0.0488184701788341
0.9512197572188476,0.0487802427811523,0.784465219430919,0.215534780569081,360.0,3230.0,False,24260.0,0.0,0.9999999999999976,11,operational,261,11,0.3824389782470307,0.1952803836827104,0.130186922455141,0.0975604855623022,0.0780611331246381,0.0650580265725757,0.0557683596891378,0.0487802427811523
0.9752064517729324,0.0247935482270674,0.4575677304274125,0.5424322695725875,360.0,2170.0,False,24260.0,0.0,0.9999999999999974,00,operational,291,0,0.1985104351513384,0.0992552175756705,0.066170145050448,0.0495870964541322,0.0396761549028822,0.0330670621427946,0.0283454004462503,0.0247935482270674
0.9742080310493754,0.0257919689506246,0.4699655616476517,0.5300344383523483,360.0,2170.0,False,24260.0,0.0,0.9999999999999974,10,operational,291,10,0.2065043265654403,0.1032521632827214,0.0688347755218152,0.0515839379012467,0.0412738889151065,0.0343986521116106,0.0294868520434109,0.0257919689506246
0.9735164982857618,0.0264835017142381,0.4575677304274125,0.5424322695725875,360.0,2410.0,False,24260.0,0.0,0.9999999999999974,01,operational,291,1,0.2120411084962959,0.1060205542481674,0.0706803694987793,0.0529670034284736,0.0423805220116793,0.0353209467609592,0.0302774517964922,0.0264835017142381
0.9721568947394168,0.0278431052605832,0.4699655616476517,0.5300344383523483,360.0,2460.0,False,24260.0,0.0,0.9999999999999976,11,operational,291,11,0.2229268231593413,0.1114634115823927,0.0743089410549292,0.0556862105211639,0.0445562429055692,0.0371342449038798,0.0318318282260513,0.0278431052605832
0.9718869917039618,0.0281130082960382,0.5972536278193474,0.4027463721806526,360.0,2340.0,False,24260.0,0.0,0.9999999999999976,00,operational,22,0,0.2250878115205492,0.1125439057602765,0.0750292705068518,0.056226016592074,0.044988158279093,0.0374942135684769,0.0321403967920171,0.0281130082960382
0.9694495636639654,0.0305504363360346,0.6720515482899538,0.3279484517100461,360.0,2340.0,False,24260.0,0.0,0.9999999999999976,10,operational,22,10,0.2446031667427427,0.1223015833713733,0.0815343889142496,0.0611008726720668,0.0488886799629542,0.0407450021901378,0.0349270037439495,0.0305504363360346
0.968701368912186,0.0312986310878139,0.5972536278193474,0.4027463721806526,360.0,2640.0,False,24260.0,0.0,0.9999999999999976,01,operational,22,1,0.250593608338463,0.1252968074593783,0.0835312049729196,0.0625972621756252,0.050085987044508,0.0417428667202736,0.0357823827182189,0.0312986310878139
0.96750973752453,0.0324902624754699,0.6720515482899538,0.3279484517100461,360.0,2660.0,False,24260.0,0.0,0.9999999999999976,11,operational,22,11,0.2601344262754956,0.1300672272302241,0.0867114848201502,0.0649805249509375,0.0519929085988893,0.043332141026075,0.0371447237820348,0.0324902624754699
0.9550901117567476,0.0449098882432524,0.692110627114577,0.3078893728854229,360.0,3190.0,False,24260.0,0.0,0.9999999999999976,00,operational,52,0,0.3538080442900074,0.1797863173136674,0.119857544875779,0.0898197764865027,0.0718675546675159,0.0598961492629108,0.0513435493214969,0.0449098882432524
0.951186270104222,0.0488137298957781,0.7682377494781696,0.2317622505218304,360.0,3190.0,False,24260.0,0.0,0.9999999999999976,10,operational,52,10,0.385064292815131,0.1954144415762292,0.1302762943841535,0.0976274597915539,0.0781147212571226,0.0651026882115705,0.0558066440712345,0.0488137298957781
0.9453227590591377,0.0546772409408624,0.692110627114577,0.3078893728854229,360.0,4080.0,False,24260.0,0.0,0.9999999999999976,01,operational,52,1,0.3948735660646973,0.2188876475573671,0.1459250983715788,0.1093544818817225,0.0874978708720515,0.0729228308683241,0.062510144799399,0.0546772409408624
0.9393571161552864,0.0606428838447137,0.7682377494781696,0.2317622505218304,360.0,3830.0,False,24260.0,0.0,0.9999999999999976,11,operational,52,11,0.463197016078878,0.2427697147378172,0.161846476491879,0.1212857676894251,0.0970444581447069,0.0808791864014955,0.0693304085018888,0.0606428838447137
0.935607611794646,0.0643923882053539,0.75159588049923,0.2484041195007699,360.0,3680.0,False,24260.0,0.0,0.9999999999999976,00,operational,82,0,0.4865813867832629,0.2577799854626031,0.1718533236417362,0.1287847764107058,0.1030446447440336,0.0858798862836777,0.0736170560443848,0.0643923882053539
0.934469095113842,0.0655309048861578,0.7663727659910456,0.2336272340089543,360.0,3680.0,False,24260.0,0.0,0.9999999999999976,10,operational,82,10,0.4956969615151885,0.2623377728285661,0.174891848552378,0.1310618097723134,0.104866568890323,0.0873983217044557,0.0749186733416172,0.0655309048861578
0.9166762194738995,0.0833237805261004,0.75159588049923,0.2484041195007699,360.0,5040.0,False,24260.0,0.0,0.9999999999999976,01,operational,82,1,0.532587141263552,0.3335674220407544,0.2223782813605037,0.1666475610521984,0.1333398186080626,0.1111286131131978,0.0952605050345055,0.0833237805261004
0.9236539091244088,0.0763460908755913,0.7663727659910456,0.2336272340089543,360.0,4610.0,False,24260.0,0.0,0.9999999999999976,11,operational,82,11,0.5182508199972667,0.3056338605313632,0.2037559070209095,0.1526921817511801,0.1221736921261898,0.1018224946353821,0.0872832116869798,0.0763460908755913
0.977292460190176,0.022707539809824,0.561039020376368,0.438960979623632,360.0,2310.0,False,24260.0,0.0,0.9999999999999976,00,operational,112,0,0.181808733771451,0.0909043668857267,0.060602911257152,0.0454150796196459,0.0363379964298283,0.0302849605520236,0.0259605564787999,0.022707539809824
0.9749797780986807,0.0250202219013192,0.623798835358971,0.376201164641029,360.0,2310.0,False,24260.0,0.0,0.9999999999999976,10,operational,112,10,0.2003253060726377,0.1001626530363202,0.0667751020242142,0.0500404438026362,0.0400388920040694,0.0333693759707298,0.0286045467373922,0.0250202219013192
0.9755876618169732,0.0244123381830266,0.561039020376368,0.438960979623632,360.0,2900.0,False,24260.0,0.0,0.9999999999999976,01,operational,112,1,0.1949343414592798,0.0977291316150507,0.0651527544100346,0.048824676366051,0.0390661192347571,0.0325586437389296,0.0279095793506367,0.0244123381830266
0.9700134273306936,0.0299865726693062,0.623798835358971,0.376201164641029,360.0,3050.0,False,24260.0,0.0,0.9999999999999976,11,operational,112,11,0.2380667244845647,0.1200442860127386,0.0800295240084931,0.0599731453386102,0.047986350777138,0.0399929793357641,0.0342823625944002,0.0299865726693062
0.990430818364581,0.0095691816354189,0.275651954973056,0.7243480450269439,360.0,1150.0,False,24260.0,0.0,0.9999999999999976,00,operational,142,0,0.0766159967541557,0.0383079983770791,0.0255386655847201,0.0191383632708357,0.0153131907294413,0.0127623816041235,0.0109400350008286,0.0095691816354189
0.9885249628310144,0.0114750371689855,0.3413582742034664,0.6586417257965336,360.0,1150.0,False,24260.0,0.0,0.9999999999999976,10,operational,142,10,0.0918752975948027,0.0459376487974025,0.0306250991982691,0.0229500743379688,0.018363057520583,0.0153042139706113,0.013118917902013,0.0114750371689855
0.9882034920103262,0.0117965079896737,0.275651954973056,0.7243480450269439,360.0,1470.0,False,24260.0,0.0,0.9999999999999976,01,operational,142,1,0.0944491652767841,0.0472245826383932,0.031483055092263,0.0235930159793453,0.0188774948234481,0.015732958396679,0.013486441705413,0.0117965079896737
0.986796777884679,0.0132032221153209,0.3413582742034664,0.6586417257965336,360.0,1470.0,False,24260.0,0.0,0.9999999999999976,11,operational,142,11,0.1057120724919322,0.0528560362459673,0.0352373574973123,0.0264064442306395,0.0211286049526676,0.0176090877422617,0.0150946776400072,0.0132032221153209
0.9642070353128096,0.0357929646871905,0.4649112540875806,0.5350887459124194,360.0,2690.0,False,24260.0,0.0,0.9999999999999974,00,operational,172,0,0.2865776065655752,0.1432888292215876,0.095525886147726,0.0715859293743781,0.0572780950252215,0.0477369425604873,0.0409205615882483,0.0357929646871905
0.9638614299257696,0.0361385700742304,0.4670815335203945,0.5329184664796055,360.0,2690.0,False,24260.0,0.0,0.9999999999999974,10,operational,172,10,0.2893447085206347,0.1446723801991174,0.0964482534660792,0.0722771401484583,0.0578311539398187,0.0481978751670458,0.041315677406376,0.0361385700742304
0.9592486287120778,0.0407513712879221,0.4649112540875806,0.5350887459124194,360.0,3320.0,False,24260.0,0.0,0.9999999999999974,01,operational,172,1,0.3135709956236009,0.1631386595676546,0.1087591063784373,0.0815027425758417,0.0652128410551321,0.0543499508194926,0.0465892952195093,0.0407513712879221
0.9583924029716148,0.0416075970283853,0.4670815335203945,0.5329184664796055,360.0,3250.0,False,24260.0,0.0,0.9999999999999974,11,operational,172,11,0.3226692757324724,0.166566360652842,0.1110442404352288,0.083215194056768,0.0665830259435282,0.0554918958734581,0.0475681813903609,0.0416075970283853
0.9798102281468696,0.0201897718531304,0.4964113660855596,0.5035886339144404,360.0,1890.0,False,24260.0,0.0,0.9999999999999976,00,operational,202,0,0.1616501341181854,0.0808250670590938,0.0538833780393966,0.0403795437062587,0.032308909889071,0.0269270228852304,0.0230821003453891,0.0201897718531304
0.9791362768707934,0.0208637231292065,0.5192316909707952,0.4807683090292047,360.0,1890.0,False,24260.0,0.0,0.9999999999999976,10,operational,202,10,0.1670461492370955,0.0835230746185489,0.0556820497457001,0.0417274462584109,0.033387408012119,0.0278258691706884,0.02385259993773,0.0208637231292065
0.9769126899752189,0.0230873100247812,0.4964113660855596,0.5035886339144404,360.0,2360.0,False,24260.0,0.0,0.9999999999999976,01,operational,202,1,0.1848493776493734,0.0924246888246893,0.0616164592164604,0.0461746200495603,0.0369457279952398,0.0307914586612479,0.0263947314795676,0.0230873100247812
0.9765760591736758,0.0234239408263241,0.5192316909707952,0.4807683090292047,360.0,2360.0,False,24260.0,0.0,0.9999999999999976,11,operational,202,11,0.1875446242630328,0.0937723121315191,0.0625148747543469,0.0468478816526458,0.0374844252282768,0.0312404218968386,0.0267795870389609,0.0234239408263241
0.966745865162048,0.033254134837952,0.6387890951493325,0.3612109048506675,360.0,2480.0,False,24260.0,0.0,0.9999999999999976,00,operational,232,0,0.2662504259884106,0.1331252129950618,0.0887501419967087,0.0665082696759015,0.0532153039536121,0.0443509147267179,0.038018026296305,0.033254134837952
0.9658226228657668,0.034177377134233,0.6516597631970173,0.3483402368029826,360.0,2480.0,False,24260.0,0.0,0.9999999999999976,10,operational,232,10,0.2736423986220344,0.1368211993118739,0.0912141328745834,0.0683547542684639,0.0546927328405416,0.0455822395094553,0.039073529621498,0.034177377134233
0.9595651919856952,0.0404348080143048,0.638789095298901,0.3612109047010989,360.0,3140.0,False,24260.0,0.0,0.9999999999999976,01,operational,232,1,0.3193668849124218,0.1618713719526838,0.1079142479684567,0.0808696160286073,0.0647062571097615,0.0539277515705202,0.0462273820042211,0.0404348080143048
0.064819593071651,0.9351804069283488,0.6516597631970098,0.3483402368029902,360.0,,True,24260.0,1.0,0.0515580736061966,11,operational,232,11,0.8422630940723542,0.8953525102330788,0.9130489822866537,0.9219188874628944,0.9272200304497384,0.93075508769464,0.9332805998934004,0.9351804069283488
0.93767154346244,0.0623284565375601,0.7492284346483176,0.2507715653516825,360.0,3820.0,False,24260.0,0.0,0.9999999999999976,00,operational,262,0,0.464505827583163,0.2495175139166963,0.1663450092777982,0.1246569130751179,0.0997418148380278,0.0831272283707245,0.0712574514778449,0.0623284565375601
0.9331740725563356,0.0668259274436644,0.8045518564301184,0.1954481435698816,360.0,3820.0,False,24260.0,0.0,0.9999999999999976,10,operational,262,10,0.499965815679711,0.2675220951584534,0.1783480634389697,0.1336518548873264,0.1069389433291807,0.0891254884251367,0.0763992170961161,0.0668259274436644
0.9261389728017332,0.0738610271982669,0.7492284346483176,0.2507715653516825,360.0,5200.0,False,24260.0,0.0,0.9999999999999976,01,operational,262,1,0.4515854688549844,0.2956854846989373,0.1971236564659589,0.1477220543965315,0.1181969409769769,0.0985081745431423,0.0844421449536879,0.0738610271982669
0.9206137572813436,0.0793862427186564,0.8045518564301184,0.1954481435698816,360.0,5180.0,False,24260.0,0.0,0.9999999999999976,11,operational,262,11,0.500047492557306,0.317804403040366,0.2118696020269115,0.1587724854373106,0.1270387293668884,0.1058771337292906,0.0907588869158692,0.0793862427186564
0.985026469796878,0.0149735302031218,0.3428683917707955,0.6571316082292045,360.0,1620.0,False,24260.0,0.0,0.9999999999999976,00,operational,292,0,0.1198861078354358,0.0599430539177191,0.0399620359451469,0.0299470604062412,0.0239615604164901,0.0199701409894649,0.0171185949592383,0.0149735302031218
0.984324353992282,0.0156756460077178,0.3724413842579046,0.6275586157420954,360.0,1620.0,False,24260.0,0.0,0.9999999999999976,10,operational,292,10,0.1255076232643922,0.0627538116321972,0.0418358744214658,0.0313512920154336,0.0250851291436362,0.0209065502008207,0.017921293849234,0.0156756460077178
0.9835095814232796,0.0164904185767205,0.3428683917707955,0.6571316082292045,360.0,1880.0,False,24260.0,0.0,0.9999999999999976,01,operational,292,1,0.132031129127321,0.0660155645636617,0.0440103763757752,0.0329808371534385,0.0263889781273438,0.0219932093157124,0.0188527883868244,0.0164904185767205
0.9828314894009892,0.0171685105990109,0.3724413842579046,0.6275586157420954,360.0,1880.0,False,24260.0,0.0,0.9999999999999976,11,operational,292,11,0.1374602972796462,0.0687301486398243,0.0458200990932169,0.0343370211980194,0.0274741025261756,0.0228975780988434,0.019628021916741,0.0171685105990109
0.982883528347498,0.0171164716525019,0.5024670943699803,0.4975329056300197,360.0,1620.0,False,24260.0,0.0,0.9999999999999976,00,operational,23,0,0.1370436455837403,0.0685218227918713,0.0456812151945817,0.0342329433050014,0.027390826615694,0.022828173951349,0.0195685280208255,0.0171164716525019
0.9824262902250068,0.0175737097749932,0.5310641753634073,0.4689358246365927,360.0,1620.0,False,24260.0,0.0,0.9999999999999976,10,operational,23,10,0.1407045390481324,0.0703522695240673,0.0469015130160457,0.0351474195499842,0.0281225270729795,0.0234379907178726,0.0200912687581581,0.0175737097749932
0.9807211140506008,0.0192788859493991,0.5024670943699803,0.4975329056300197,360.0,1890.0,False,24260.0,0.0,0.9999999999999976,01,operational,23,1,0.1543570933856954,0.0771785466928489,0.0514523644619001,0.0385577718987959,0.0308512544585407,0.0257121777768244,0.0220407235539091,0.0192788859493991
0.9801644576622388,0.0198355423377613,0.5310641753634073,0.4689358246365927,360.0,1870.0,False,24260.0,0.0,0.9999999999999976,11,operational,23,11,0.1588139827696417,0.0794069913848221,0.0529379942565488,0.0396710846755204,0.0317420501159461,0.0264545883111125,0.022677124931178,0.0198355423377613
0.951550518414486,0.0484494815855138,0.659855011366304,0.340144988633696,360.0,3220.0,False,24260.0,0.0,0.9999999999999976,00,operational,53,0,0.3806648067692569,0.1939562579812169,0.1293041719874788,0.0968989631710255,0.0775318287945833,0.0646168916083328,0.0553902145984639,0.0484494815855138
0.9500091109687636,0.0499908890312362,0.6678813137682287,0.3321186862317713,360.0,3220.0,False,24260.0,0.0,0.9999999999999976,10,operational,53,10,0.3930020880783557,0.200126925043341,0.1334179500288947,0.0999817780624703,0.0799984834268628,0.0666726609289751,0.0571524396297378,0.0499908890312362
0.944899883638742,0.0551001163612581,0.659855011366304,0.340144988633696,360.0,4120.0,False,24260.0,0.0,0.9999999999999976,01,operational,53,1,0.3890164513834349,0.2205805311847675,0.1470536874565124,0.1102002327225136,0.0881745820281385,0.0734868182281333,0.0629936001330292,0.0551001163612581
0.781635719762228,0.218364280237772,0.6678813137682287,0.3321186862317713,360.0,,True,24260.0,1.0,0.8122470613902637,11,operational,53,11,0.4259378429154558,0.3102983421860232,0.2694498743272611,0.2489756218658079,0.2367390829524454,0.2285791699590491,0.2227495727621804,0.218364280237772
0.9875138447064308,0.0124861552935693,0.3271768612414986,0.6728231387585014,360.0,1560.0,False,24260.0,0.0,0.9999999999999976,00,operational,83,0,0.0999708512066656,0.0499854256033339,0.0333236170688902,0.0249723105871362,0.0199811106918632,0.0166527384154836,0.0142748858932542,0.0124861552935693
0.986504811190309,0.013495188809691,0.3469851429027001,0.6530148570972999,360.0,1560.0,False,24260.0,0.0,0.9999999999999976,10,operational,83,10,0.108049714325941,0.0540248571629716,0.0360165714419818,0.0269903776193797,0.0215958279449647,0.0179984826258799,0.015428470641037,0.013495188809691
0.987157468489704,0.0128425315102961,0.3271768612414986,0.6728231387585014,360.0,1640.0,False,24260.0,0.0,0.9999999999999976,01,operational,83,1,0.1028241901967983,0.0514120950984003,0.034274730065601,0.0256850630205898,0.020551405748023,0.0171280360371388,0.0146823155390689,0.0128425315102961
0.9859821213440988,0.0140178786559012,0.3469851429027001,0.6530148570972999,360.0,1650.0,False,24260.0,0.0,0.9999999999999976,11,operational,83,11,0.1122346493691268,0.0561173246845646,0.0374115497897106,0.0280357573118,0.022432268260585,0.0186955921104826,0.0160260395272782,0.0140178786559012
0.9561305064333654,0.0438694935666346,0.657328681240983,0.342671318759017,360.0,3110.0,False,24260.0,0.0,0.9999999999999976,00,operational,113,0,0.3472864374123685,0.1756213386245919,0.1170808924163954,0.0877389871332666,0.0702026513639795,0.058508578790557,0.0501541107038049,0.0438694935666346
0.9544364428088624,0.0455635571911375,0.6855677518530684,0.3144322481469316,360.0,3110.0,False,24260.0,0.0,0.9999999999999976,10,operational,113,10,0.3608500187196644,0.1824031292782397,0.1216020861854939,0.0911271143822728,0.072913595766352,0.0607679450834435,0.0520908609978004,0.0455635571911375
0.9531103042728222,0.0468896957271778,0.657328681240983,0.342671318759017,360.0,3620.0,False,24260.0,0.0,0.9999999999999976,01,operational,113,1,0.3527183033564336,0.1877120172084661,0.1251413448056448,0.0937793914543532,0.0750357639004465,0.0625366110678194,0.0536069783161853,0.0468896957271778
0.9516674372331906,0.0483325627668094,0.6855677518530684,0.3144322481469316,360.0,3620.0,False,24260.0,0.0,0.9999999999999976,11,operational,113,11,0.364270670177014,0.1934882006187561,0.1289921337458381,0.0966651255336165,0.0773447281376101,0.0644609574189883,0.0552565463269633,0.0483325627668094
0.9445720018203038,0.0554279981796962,0.6964738280328833,0.3035261719671168,360.0,3480.0,False,24260.0,0.0,0.9999999999999976,00,operational,143,0,0.4256814551267226,0.2218931299677309,0.1479287533118215,0.11085599635939,0.0886992786023864,0.0739241129778194,0.0633684533552286,0.0554279981796962
0.9431346399618188,0.0568653600381811,0.7038676061965234,0.2961323938034765,360.0,3480.0,False,24260.0,0.0,0.9999999999999976,10,operational,143,10,0.436796242050942,0.227647274662646,0.1517648497750982,0.1137307200763598,0.0909994331113923,0.0758411170895712,0.0650117275284848,0.0568653600381811
0.9144970796687284,0.0855029203312716,0.6964738280328833,0.3035261719671168,360.0,4540.0,False,24260.0,0.0,0.9999999999999976,01,operational,143,1,0.5983354942454341,0.3422911026333509,0.2281940684222346,0.1710058406625406,0.1368270116339732,0.1140349236862349,0.0977518221239451,0.0855029203312716
0.0598891803845029,0.940110819615497,0.7038676061965234,0.2961323938034765,360.0,,True,24260.0,1.0,0.0461443494733212,11,operational,143,11,0.8438071677410734,0.8988314091338762,0.917172822931477,0.9263659887043152,0.9318603299960484,0.9355242211677264,0.938141774776611,0.940110819615497
0.9726285403849826,0.0273714596150174,0.8448774025452388,0.1551225974547612,290.0,2390.0,False,24260.0,0.0,0.9999999999999976,00,operational,173,0,0.2191505753489639,0.1095752876744903,0.0730501917829943,0.0547429192300322,0.0438014866471524,0.0365052128779483,0.0312926159854372,0.0273714596150174
0.9702555011354564,0.0297444988645435,0.8863344326199731,0.1136655673800268,290.0,2390.0,False,24260.0,0.0,0.9999999999999976,10,operational,173,10,0.2381503994056288,0.1190751997028227,0.0793834664685491,0.0594889977290848,0.0475989694435858,0.0396701264116114,0.0340056099944614,0.0297444988645435
0.9660627551217836,0.0339372448782162,0.8448774025452388,0.1551225974547612,290.0,3120.0,False,24260.0,0.0,0.9999999999999976,01,operational,173,1,0.2676240513124441,0.135859885541872,0.0905732570279155,0.0678744897564301,0.0543084584922455,0.0452619760215725,0.0387989967109795,0.0339372448782162
0.9661006611463768,0.0338993388536231,0.8863344326199731,0.1136655673800268,290.0,3060.0,False,24260.0,0.0,0.9999999999999976,11,operational,173,11,0.2681697759956626,0.1357081375676019,0.0904720917117355,0.0677986777072439,0.0542477989492977,0.0452114208989524,0.0387556603786168,0.0338993388536231
0.9707982779369648,0.029201722063035,0.6656443563931996,0.3343556436068003,360.0,2210.0,False,24260.0,0.0,0.9999999999999976,00,operational,203,0,0.23380463743278,0.1169023187163912,0.0779348791442615,0.0584034441260676,0.0467303847514263,0.0389462270301766,0.0333850765536328,0.029201722063035
0.9691403789679136,0.0308596210320865,0.7031610051683124,0.2968389948316877,360.0,2210.0,False,24260.0,0.0,0.9999999999999976,10,operational,203,10,0.2470786651261662,0.1235393325630842,0.0823595550420569,0.0617192420641706,0.0493834562564403,0.0411573606579261,0.0352804813479287,0.0308596210320865
0.9687266933239288,0.031273306676071,0.6656443563931996,0.3343556436068003,360.0,2590.0,False,24260.0,0.0,0.9999999999999976,01,operational,203,1,0.2503908536858366,0.1251954270528915,0.0834636180352618,0.0625466133521396,0.0500454613692827,0.0417090916474538,0.0357534304042806,0.031273306676071
0.9648783697887924,0.0351216302112075,0.7031610051683124,0.2968389948316877,360.0,2690.0,False,24260.0,0.0,0.9999999999999976,11,operational,203,11,0.2812024840506029,0.1406012974141408,0.0937341982760947,0.0702432604224128,0.0562037844660069,0.0468415862914844,0.0401530536712354,0.0351216302112075
0.9465090352454772,0.0534909647545228,0.6727082782060361,0.3272917217939639,360.0,3740.0,False,24260.0,0.0,0.9999999999999976,00,operational,233,0,0.4067026486673734,0.2141386660924453,0.1427591107282977,0.1069819295090432,0.085599519038915,0.0713406987744037,0.0611539261075968,0.0534909647545228
0.9449278776546818,0.0550721223453182,0.6835971137302932,0.3164028862697068,360.0,3740.0,False,24260.0,0.0,0.9999999999999976,10,operational,233,10,0.4185961644728342,0.2204684636372964,0.1469789757581984,0.1101442446906342,0.0881297842887182,0.0734494827142233,0.0629615957750951,0.0550721223453182
0.9435657401405984,0.0564342598594016,0.6727082782060361,0.3272917217939639,360.0,4450.0,False,24260.0,0.0,0.9999999999999976,01,operational,233,1,0.3932551915346906,0.2259214651234143,0.150614310082277,0.1128685197188009,0.0903095601930319,0.0752661604003988,0.0645188691813034,0.0564342598594016
0.9413464768225652,0.0586535231774347,0.6835971137302932,0.3164028862697068,360.0,4500.0,False,24260.0,0.0,0.9999999999999976,11,operational,233,11,0.4051781517623647,0.2348057708900505,0.1565371805933679,0.1173070463548672,0.0938609613224776,0.0782259835518313,0.0670560577623493,0.0586535231774347
0.8999079856636903,0.1000920143363096,0.7900846224334228,0.2099153775665771,360.0,5150.0,False,24260.0,0.0,0.9999999999999976,00,operational,263,0,0.6674489918937448,0.4006951554312974,0.2671301036208657,0.2001840286726167,0.1601733736929826,0.1334923435623064,0.1144309076640027,0.1000920143363096
0.8983355851673469,0.1016644148326531,0.790960373737857,0.209039626262143,360.0,5150.0,False,24260.0,0.0,0.9999999999999976,10,operational,263,10,0.6800384729918509,0.4069898959803854,0.2713265973202576,0.2033288296653039,0.1626896253037217,0.1355894481981484,0.1162285657209517,0.1016644148326531
0.864173364705334,0.135826635294666,0.7900846224334228,0.2099153775665771,360.0,6660.0,False,24260.0,0.0,0.9999999999999976,01,operational,263,1,0.7722238752859611,0.5351898661016545,0.3625002793811855,0.2716532705893298,0.217358103508772,0.181151473310795,0.1552847673690766,0.135826635294666
0.0720955453259747,0.9279044546740252,0.790960373737857,0.209039626262143,360.0,,True,24260.0,1.0,0.0573586490545674,11,operational,263,11,0.8216143942880716,0.8836456060680666,0.903310854360522,0.913167558402618,0.9190584666443562,0.922986807741868,0.9257932894125592,0.9279044546740252
0.9873681208307814,0.0126318791692185,0.5087324415272565,0.4912675584727435,360.0,1460.0,False,24260.0,0.0,0.9999999999999976,00,operational,293,0,0.1011375946554917,0.0505687973277471,0.0337125315518321,0.0252637583384348,0.0202143069657632,0.01684708980108,0.0144414857510895,0.0126318791692185
0.9860553068582428,0.013944693141757,0.5741883111526365,0.4258116888473635,360.0,1460.0,False,24260.0,0.0,0.9999999999999976,10,operational,293,10,0.1116486869192794,0.0558243434596409,0.0372162289730947,0.0278893862835115,0.0223151523169841,0.0185979848651623,0.0159423696674306,0.013944693141757
0.9867521613893278,0.0132478386106722,0.5087324415272565,0.4912675584727435,360.0,1680.0,False,24260.0,0.0,0.9999999999999976,01,operational,293,1,0.1060692960658239,0.0530346480329131,0.0353564320219428,0.0264956772213422,0.0212000030020543,0.0176685925945268,0.0151456857658173,0.0132478386106722
0.9849588528689516,0.0150411471310485,0.5741883111526365,0.4258116888473635,360.0,1770.0,False,24260.0,0.0,0.9999999999999976,11,operational,293,11,0.1204274851995556,0.0602137425997788,0.04014249506652,0.0300822942620948,0.0240697651672548,0.0200603214322632,0.0171958984932656,0.0150411471310485
0.9698773603067892,0.0301226396932109,0.7260550689484022,0.2739449310515977,360.0,2030.0,False,24260.0,0.0,0.9999999999999974,00,operational,24,0,0.2411779975436641,0.1205889987718333,0.0803926658478898,0.0602452793864192,0.0482040935652283,0.0401744514144613,0.0344379221877583,0.0301226396932109
0.9673098423855426,0.0326901576144573,0.7883972379582823,0.2116027620417176,360.0,2030.0,False,24260.0,0.0,0.9999999999999974,10,operational,24,10,0.2617349220765187,0.1308674610382606,0.0872449740255081,0.0653803152289119,0.0523127930473011,0.0435987404221116,0.0373732553221745,0.0326901576144573
0.9641297216698116,0.0358702783301884,0.7260550689484022,0.2739449310515977,360.0,2640.0,False,24260.0,0.0,0.9999999999999974,01,operational,24,1,0.2871966680889442,0.1435983364525436,0.0957322243016965,0.071740556660374,0.0574018170535332,0.0478400554757539,0.0410089509607842,0.0358702783301884
0.8942694148948573,0.1057305851051426,0.7883972379582823,0.2116027620417176,360.0,,True,24260.0,1.0,0.9317812653019064,11,operational,24,11,0.3685587134473405,0.2183887240727179,0.1683320609478431,0.1432424355121917,0.1282474959634563,0.1182481486868091,0.1111044246174917,0.1057305851051426
0.9482020159149624,0.0517979840850375,0.6421971465536993,0.3578028534463007,360.0,3300.0,False,24260.0,0.0,0.9999999999999974,00,operational,54,0,0.4054666252199396,0.2073612107979365,0.1382408071986254,0.1035959681700725,0.0828903076475112,0.0690827768145566,0.059218413909632,0.0517979840850375
0.9453250332171867,0.0546749667828131,0.6686894352741835,0.3313105647258165,360.0,3300.0,False,24260.0,0.0,0.9999999999999974,10,operational,54,10,0.428067099134347,0.2188785434932796,0.1459190289955207,0.1093499335656235,0.0874942316250095,0.0729197978322758,0.0625075448520259,0.0546749667828131
0.937555647317373,0.062444352682627,0.6421971465536993,0.3578028534463007,360.0,4090.0,False,24260.0,0.0,0.9999999999999974,01,operational,54,1,0.4480413275166792,0.2499814772425351,0.1666543181616908,0.1248887053652515,0.0999272789499895,0.0832817986240799,0.0713899505704318,0.062444352682627
0.737288567832546,0.2627114321674539,0.6686894352741835,0.3313105647258165,360.0,,True,24260.0,1.0,0.7717890050583598,11,operational,54,11,0.493798586120846,0.3663254903717777,0.3202873252283983,0.297211869393268,0.2834207083337002,0.2742240984817837,0.267653865311796,0.2627114321674539
0.9812627093891664,0.0187372906108337,0.4285559507338582,0.5714440492661418,360.0,1690.0,False,24260.0,0.0,0.9999999999999976,00,operational,84,0,0.1500207908383584,0.0750103954191803,0.0500069302794543,0.0374745812216651,0.0299845604157679,0.0249898541080789,0.0214215408289976,0.0187372906108337
0.9797751783542566,0.0202248216457433,0.4728981403324205,0.5271018596675795,360.0,1690.0,False,24260.0,0.0,0.9999999999999976,10,operational,84,10,0.1619307615426992,0.0809653807713508,0.0539769205142347,0.0404496432914842,0.0323649987146107,0.0269737686619867,0.0231221712702148,0.0202248216457433
0.975895753897364,0.024104246102636,0.4285559507338582,0.5714440492661418,360.0,2140.0,False,24260.0,0.0,0.9999999999999976,01,operational,84,1,0.1929915129132458,0.0964957564566241,0.0643305043044168,0.0482084922052697,0.0385730914117937,0.0321477424885449,0.0275573508872877,0.024104246102636
0.9772180135447612,0.0227819864552388,0.4728981403324205,0.5271018596675795,360.0,2110.0,False,24260.0,0.0,0.9999999999999976,11,operational,84,11,0.1824047935141508,0.0912023967570766,0.0608015978380519,0.0455639729104753,0.0364571305129545,0.0303842497633824,0.0260456681359469,0.0227819864552388
0.9789361919068048,0.021063808093195,0.5094204520725092,0.4905795479274907,360.0,1940.0,False,24260.0,0.0,0.9999999999999976,00,operational,114,0,0.1686481366938652,0.0843240683469338,0.0562160455646234,0.0421276161863878,0.0337075962301278,0.0280927217356159,0.0240813484966528,0.021063808093195
0.9758191846486004,0.0241808153513994,0.6271465623256409,0.372853437674359,360.0,1940.0,False,24260.0,0.0,0.9999999999999976,10,operational,114,10,0.1936045673559601,0.0968022836779812,0.0645348557853214,0.0483616307027966,0.0386956222148445,0.0322498626080171,0.027644889225818,0.0241808153513994
0.9743835320271452,0.0256164679728546,0.5094204520725092,0.4905795479274907,360.0,2290.0,False,24260.0,0.0,0.9999999999999976,01,operational,114,1,0.2050991716780673,0.102549585839035,0.0683663905593574,0.0512329359457068,0.040993041498035,0.0341645871167622,0.0292862093016766,0.0256164679728546
0.971499297531312,0.0285007024686878,0.6271465623256409,0.372853437674359,360.0,2370.0,False,24260.0,0.0,0.9999999999999976,11,operational,114,11,0.2281918988505836,0.1140959494252952,0.0760639662835307,0.0570014049373731,0.0456085702470823,0.0380112798303121,0.032583630913805,0.0285007024686878
0.9801398072785584,0.0198601927214416,0.5029494219886761,0.4970505780113238,360.0,1750.0,False,24260.0,0.0,0.9999999999999976,00,operational,144,0,0.1590113469527025,0.0795056734763524,0.053003782317569,0.0397203854428809,0.0317814971701698,0.0264874644352371,0.0227053066577375,0.0198601927214416
0.9793389332363392,0.0206610667636608,0.5236415771979344,0.4763584228020656,360.0,1750.0,False,24260.0,0.0,0.9999999999999976,10,operational,144,10,0.1654235737613203,0.0827117868806613,0.055141191253775,0.0413221335273193,0.0330631048797955,0.0275555871371625,0.0236209116056782,0.0206610667636608
0.9781281052130149,0.0218718947869852,0.5029494219886761,0.4970505780113238,360.0,2070.0,False,24260.0,0.0,0.9999999999999976,01,operational,144,1,0.1751181118565636,0.087559055928283,0.0583727039521895,0.0437437895739678,0.035000746066696,0.0291704639238499,0.0250051993598287,0.0218718947869852
0.9772040782442304,0.0227959217557696,0.5236415771979344,0.4763584228020656,360.0,2080.0,False,24260.0,0.0,0.9999999999999976,11,operational,144,11,0.1825163669987917,0.091258183499397,0.0608387889995988,0.0455918435115366,0.0364794306346396,0.0304028352213576,0.026061599767445,0.0227959217557696
0.9841684794590752,0.0158315205409248,0.3576151259420319,0.6423848740579681,360.0,1760.0,False,24260.0,0.0,0.9999999999999976,00,operational,174,0,0.1267556383178452,0.0633778191589238,0.0422518794392833,0.0316630410818471,0.0253345691216614,0.0211144394802745,0.0180994985185558,0.0158315205409248
0.9816232390799616,0.0183767609200383,0.4200423525158467,0.5799576474841532,360.0,1760.0,False,24260.0,0.0,0.9999999999999976,10,operational,174,10,0.1471341969087876,0.0735670984543949,0.0490447323029307,0.0367535218400744,0.0294076187159321,0.0245090170136595,0.0210093626943972,0.0183767609200383
0.9807485553906684,0.0192514446093315,0.3576151259420319,0.6423848740579681,360.0,2160.0,False,24260.0,0.0,0.9999999999999976,01,operational,174,1,0.1541373833099916,0.0770686916549969,0.0513791277699987,0.0385028892186608,0.0308073411449121,0.0256755793646494,0.022009351046599,0.0192514446093315
0.9785823173252866,0.0214176826747134,0.4200423525158467,0.5799576474841532,360.0,2200.0,False,24260.0,0.0,0.9999999999999976,11,operational,174,11,0.1714814462517743,0.0857407231258884,0.0571604820839264,0.0428353653494246,0.0342738880163593,0.0285646829357901,0.0244859181302133,0.0214176826747134
0.938385742979028,0.061614257020972,0.693929378847292,0.306070621152708,360.0,4220.0,False,24260.0,0.0,0.9999999999999976,00,operational,204,0,0.4440421084476632,0.246658381864995,0.1644389212433308,0.1232285140419415,0.0985989090146174,0.0821747031580729,0.0704409377981244,0.061614257020972
0.9316141902946116,0.0683858097053883,0.729997367741527,0.270002632258473,360.0,4220.0,False,24260.0,0.0,0.9999999999999976,10,operational,204,10,0.4954982367785742,0.2737667218597995,0.1825111479065337,0.1367716194107745,0.1094351624939253,0.0912058975384867,0.0781825635922541,0.0683858097053883
0.9289983801888332,0.0710016198111668,0.693929378847292,0.306070621152708,360.0,5370.0,False,24260.0,0.0,0.9999999999999976,01,operational,204,1,0.4428416464873026,0.2842385106819516,0.1894923404546352,0.1420032396223313,0.1136211420884107,0.0946945936512559,0.081173107110293,0.0710016198111668
0.6282290948773975,0.3717709051226024,0.729997367741527,0.270002632258473,360.0,,True,24260.0,1.0,0.6470488565711302,11,operational,204,11,0.5027652542643255,0.4282916926929957,0.4031781762716202,0.3905906668163351,0.3830676791242617,0.3780509889104402,0.374466969910272,0.3717709051226024
0.9537314413754264,0.0462685586245735,0.6356955771518433,0.3643044228481567,360.0,3090.0,False,24260.0,0.0,0.9999999999999976,00,operational,234,0,0.3669068699893717,0.1852254389382367,0.1234836259588252,0.0925371172491447,0.0740417822535618,0.061708202847144,0.0528968589035018,0.0462685586245735
0.9513153904677312,0.0486846095322689,0.6644624739851619,0.3355375260148381,360.0,3090.0,False,24260.0,0.0,0.9999999999999976,10,operational,234,10,0.386039611342682,0.1948975381602196,0.1299316921068138,0.0973692190645353,0.0779080949405988,0.0649304808677504,0.0556590262968074,0.0486846095322689
0.9474930007545288,0.0525069992454713,0.6356955771518433,0.3643044228481567,360.0,4340.0,False,24260.0,0.0,0.9999999999999976,01,operational,234,1,0.3549373548010484,0.2101995884826804,0.1401330589884544,0.1050139984909402,0.0840249171465725,0.0700283876708782,0.0600290005372861,0.0525069992454713
0.9380435522119476,0.0619564477880525,0.6644624739851619,0.3355375260148381,360.0,4560.0,False,24260.0,0.0,0.9999999999999976,11,operational,234,11,0.401019561332904,0.2480282632037979,0.1653521754691994,0.1239128955761027,0.0991465036451512,0.0826310816988172,0.0708321498276846,0.0619564477880525
0.9311838223759308,0.0688161776240691,0.7325005417291992,0.2674994582708008,360.0,4120.0,False,24260.0,0.0,0.9999999999999976,00,operational,264,0,0.5068082314874751,0.2754895999656293,0.1836597333104203,0.1376323552481358,0.1101238636048121,0.0917798776151159,0.0786745847778668,0.0688161776240691
0.9275435128828128,0.0724564871171873,0.7555615969259715,0.2444384030740285,360.0,4120.0,False,24260.0,0.0,0.9999999999999976,10,operational,264,10,0.5334596256222524,0.2900627343743537,0.19337515624957,0.1449129742343722,0.1159493098870716,0.0966349447126333,0.0828363945110164,0.0724564871171873
0.9222087591616724,0.0777912408383276,0.7325005417291992,0.2674994582708008,360.0,5300.0,False,24260.0,0.0,0.9999999999999976,01,operational,264,1,0.4924898927104414,0.3114191830946052,0.2076127887297376,0.1555824816766529,0.1244863096367739,0.103749885712521,0.0889353896658432,0.0777912408383276
0.8670748012281384,0.1329251987718616,0.7555615969259715,0.2444384030740285,360.0,,True,24260.0,1.0,0.9317812656734458,11,operational,264,11,0.5005343971765988,0.3272560511419193,0.2409102788701309,0.1976316632171691,0.1717659831123174,0.1545175029117492,0.1421948602672931,0.1329251987718616
0.9718648173495495,0.0281351826504503,0.6181777219348015,0.3818222780651985,360.0,2300.0,False,24260.0,0.0,0.9999999999999976,00,operational,294,0,0.2252653512862694,0.1126326756431359,0.0750884504287581,0.0562703653008984,0.0450236430395829,0.0375237874216668,0.0321657477804958,0.0281351826504503
0.9696898702475332,0.0303101297524667,0.6627916757867942,0.3372083242132058,360.0,2300.0,False,24260.0,0.0,0.9999999999999976,10,operational,294,10,0.2426791434429352,0.1213395717214688,0.0808930478143133,0.0606202595049309,0.0485041266450301,0.0404245062022546,0.0346522715322177,0.0303101297524667
0.9685921859537686,0.0314078140462313,0.6181777219348015,0.3818222780651985,360.0,2750.0,False,24260.0,0.0,0.9999999999999976,01,operational,294,1,0.2514665297678073,0.1257338961001018,0.0838225974000689,0.0628156280924602,0.0502607083038959,0.0418884836218103,0.0359072069123966,0.0314078140462313
0.9668198011404804,0.0331801988595195,0.6627916757867942,0.3372083242132058,360.0,2800.0,False,24260.0,0.0,0.9999999999999976,11,operational,294,11,0.2655968330168172,0.1328292274604875,0.0885528183069924,0.0663603977190365,0.053096987071078,0.0442523065899952,0.0379334984628193,0.0331801988595195
0.98208178697346,0.01791821302654,0.3891301249985859,0.6108698750014141,360.0,2090.0,False,24260.0,0.0,0.9999999999999976,00,operational,25,0,0.1434628167157451,0.0717314083578737,0.0478209389052499,0.0358364260530776,0.0286738222828353,0.0238974534104635,0.0204851245520403,0.01791821302654
0.9818876108742992,0.0181123891257009,0.3936243795172625,0.6063756204827375,360.0,2090.0,False,24260.0,0.0,0.9999999999999976,10,operational,25,10,0.1450174946338632,0.0725087473169329,0.048339164877956,0.0362247782513994,0.028984554773328,0.0241564253445648,0.0207071177592003,0.0181123891257009
0.9815921499192414,0.0184078500807586,0.3891301249985859,0.6108698750014141,360.0,2210.0,False,24260.0,0.0,0.9999999999999976,01,operational,25,1,0.1473831133916777,0.07369155669584,0.0491277044638941,0.0368157001615148,0.0294573694956606,0.0245504805105374,0.0210449055986271,0.0184078500807586
0.9813925169306874,0.0186074830693125,0.3936243795172625,0.6063756204827375,360.0,2210.0,False,24260.0,0.0,0.9999999999999976,11,operational,25,11,0.1489814820908848,0.0744907410454436,0.0496604940302966,0.0372149661386228,0.0297768344348881,0.0248167302775256,0.0212731374334181,0.0186074830693125
0.9888922757319042,0.0111077242680958,0.345286246075658,0.654713753924342,360.0,1250.0,False,24260.0,0.0,0.9999999999999976,00,operational,55,0,0.0889343936497708,0.0444671968248865,0.0296447978832584,0.0222154485361893,0.0177752609123664,0.0148143301343677,0.0126989848142016,0.0111077242680958
0.9883499376592496,0.0116500623407503,0.3814773457667012,0.6185226542332988,360.0,1250.0,False,24260.0,0.0,0.9999999999999976,10,operational,55,10,0.093276642924292,0.0466383214621473,0.031092214308099,0.0233001246814984,0.0186431435237338,0.0155376443847777,0.0133190166751459,0.0116500623407503
0.9878950812235556,0.0121049187764442,0.345286246075658,0.654713753924342,360.0,1380.0,False,24260.0,0.0,0.9999999999999976,01,operational,55,1,0.0969184673277235,0.0484592336638629,0.0323061557759093,0.024209837552886,0.0193710326598867,0.0161442847045655,0.0138390345320987,0.0121049187764442
0.9869500936405464,0.0130499063594535,0.3814773457667012,0.6185226542332988,360.0,1420.0,False,24260.0,0.0,0.9999999999999976,11,operational,55,11,0.1044845443812287,0.0522422721906156,0.0348281814604112,0.0260998127189046,0.0208832596869099,0.0174046110945345,0.0149193983110875,0.0130499063594535
0.9916640281133876,0.0083359718866122,0.2847109145814881,0.7152890854185119,360.0,1070.0,False,24260.0,0.0,0.9999999999999976,00,operational,85,0,0.0667422585692648,0.0333711292846337,0.0222474195230897,0.0166719437732222,0.0133397329341594,0.0111176543942289,0.0095301591797476,0.0083359718866122
0.9916640281133876,0.0083359718866122,0.2847109145814881,0.7152890854185119,360.0,1070.0,False,24260.0,0.0,0.9999999999999976,10,operational,85,10,0.0667422585692648,0.0333711292846337,0.0222474195230897,0.0166719437732222,0.0133397329341594,0.0111176543942289,0.0095301591797476,0.0083359718866122
0.9912898805000352,0.0087101194999646,0.2847109145814881,0.7152890854185119,360.0,1130.0,False,24260.0,0.0,0.9999999999999976,01,operational,85,1,0.0697378848853214,0.0348689424426619,0.023245961628442,0.0174202389999269,0.0139384668680021,0.0116166536608122,0.0099579061012191,0.0087101194999646
0.9912898805000352,0.0087101194999646,0.2847109145814881,0.7152890854185119,360.0,1130.0,False,24260.0,0.0,0.9999999999999976,11,operational,85,11,0.0697378848853214,0.0348689424426619,0.023245961628442,0.0174202389999269,0.0139384668680021,0.0116166536608122,0.0099579061012191,0.0087101194999646
0.988660284114935,0.0113397158850649,0.4549658469194093,0.5450341530805907,360.0,1210.0,False,24260.0,0.0,0.9999999999999976,00,operational,115,0,0.0907918428706022,0.0453959214353022,0.0302639476235356,0.0226794317701276,0.0181465081113045,0.01512373648253,0.0129642108811984,0.0113397158850649
0.9869818923390136,0.0130181076609864,0.4814584934205651,0.5185415065794349,360.0,1220.0,False,24260.0,0.0,0.9999999999999976,10,operational,115,10,0.104229946958861,0.0521149734794317,0.0347433156529551,0.0260362153219704,0.0208323734614072,0.0173622012898286,0.0148830442227793,0.0130181076609864
0.98641540633768,0.01358459366232,0.4549658469194093,0.5450341530805907,360.0,1350.0,False,24260.0,0.0,0.9999999999999976,01,operational,115,1,0.1087655374924145,0.0543827687462085,0.0362551791641397,0.0271691873246375,0.0217388990677217,0.0181177215420156,0.0155306833750272,0.01358459366232
0.9857542744387668,0.0142457255612331,0.4814584934205651,0.5185415065794349,360.0,1410.0,False,24260.0,0.0,0.9999999999999976,11,operational,115,11,0.1140589138072419,0.0570294569036221,0.0380196379357488,0.0284914511224638,0.0227968828380268,0.0189994706723023,0.0162865271232013,0.0142457255612331
0.9748892785799428,0.0251107214200573,0.6131376181660303,0.3868623818339697,360.0,2050.0,False,24260.0,0.0,0.9999999999999976,00,operational,145,0,0.2010498937226645,0.1005249468613335,0.0670166312408897,0.0502214428401123,0.040183714878601,0.0334900748389433,0.0287080109562014,0.0251107214200573
0.9722304692642976,0.0277695307357025,0.6920468641555445,0.3079531358444555,360.0,2050.0,False,24260.0,0.0,0.9999999999999976,10,operational,145,10,0.2223377460864902,0.1111688730432463,0.0741125820288316,0.0555390614714026,0.0444385044431541,0.0370361188364015,0.031747713626911,0.0277695307357025
0.9704520198564002,0.0295479801435998,0.6131376181660303,0.3868623818339697,360.0,2380.0,False,24260.0,0.0,0.9999999999999976,01,operational,145,1,0.2365769652019995,0.1182884826010048,0.0788589884006707,0.0590959602871971,0.0472844881461903,0.0394080301316375,0.0337809385682775,0.0295479801435998
0.9695865150017998,0.0304134849982001,0.6920468641555445,0.3079531358444555,360.0,2390.0,False,24260.0,0.0,0.9999999999999976,11,operational,145,11,0.243506660933272,0.1217533304666438,0.0811688869777633,0.0608269699963979,0.0486695220415337,0.0405623507052743,0.0347704331523983,0.0304134849982001
0.9532508038153872,0.0467491961846127,0.6778017737051447,0.3221982262948552,360.0,3150.0,False,24260.0,0.0,0.9999999999999974,00,operational,175,0,0.3707133670901756,0.1871495598893731,0.1247663732595829,0.0934983923692227,0.0748109279244277,0.062349227355634,0.0534463512143259,0.0467491961846127
0.951609005716915,0.048390994283085,0.6836309958743669,0.316369004125633,360.0,3150.0,False,24260.0,0.0,0.9999999999999974,10,operational,175,10,0.3838580084955907,0.1937221176365252,0.129148078424351,0.0967819885661674,0.0774382338298863,0.064538887312769,0.0553233485737552,0.048390994283085
0.9445944968956212,0.0554055031043787,0.6778017737051447,0.3221982262948552,360.0,4080.0,False,24260.0,0.0,0.9999999999999974,01,operational,175,1,0.3992246293314057,0.2218030761531426,0.1478687174354293,0.110811006208755,0.0886632806046544,0.0738941113803628,0.0633427357002927,0.0554055031043787
0.633839773086569,0.366160226913431,0.6836309958743669,0.316369004125633,360.0,,True,24260.0,1.0,0.6474241866125544,11,operational,175,11,0.4609593987746995,0.4069578609996419,0.3888305117955765,0.3797446404394162,0.3743144241899695,0.370693294682309,0.3681062908203265,0.366160226913431
0.8981645642221835,0.1018354357778165,0.7969378207170372,0.2030621792829628,360.0,5650.0,False,24260.0,0.0,0.9999999999999974,00,operational,205,0,0.6744979837534073,0.4076745384059326,0.2717830257686779,0.2036708715556302,0.1629633034981371,0.1358175381903369,0.1164240866335275,0.1018354357778165
0.8918123143847492,0.1081876856152508,0.8310470634777795,0.1689529365222205,360.0,5650.0,False,24260.0,0.0,0.9999999999999974,10,operational,205,10,0.717712568390953,0.4331042967419763,0.2887361979927672,0.2163753712304988,0.1731285628722154,0.1442895099386841,0.1236863414640054,0.1081876856152508
0.8947026663842002,0.1052973336157998,0.7969378207170372,0.2030621792829628,360.0,7310.0,False,24260.0,0.0,0.9999999999999974,01,operational,205,1,0.5654614639307556,0.4033272723382503,0.2810222955977183,0.2105946672315969,0.1685032445190771,0.1404346583335373,0.1203819259723326,0.1052973336157998
0.7675303978436556,0.2324696021563443,0.8310470634777795,0.1689529365222205,360.0,,True,24260.0,1.0,0.8461534867332533,11,operational,205,11,0.6221111751777025,0.4652776842263167,0.3636793757716646,0.3110926910459423,0.2796639971201201,0.2587058316007231,0.2437329191367955,0.2324696021563443
0.9481400222327914,0.0518599777672086,0.6338052822688536,0.3661947177311463,360.0,3610.0,False,24260.0,0.0,0.9999999999999976,00,operational,235,0,0.3940340971639969,0.2076093881203543,0.1384062587469038,0.1037199555344149,0.0829895137358975,0.0691654575556123,0.059289288627933,0.0518599777672086
0.9447165993306176,0.0552834006693824,0.6686133032474736,0.3313866967525264,360.0,3610.0,False,24260.0,0.0,0.9999999999999976,10,operational,235,10,0.4210097193481041,0.2213142673855922,0.1475428449237288,0.1105668013387625,0.0884678848073055,0.0737312638214401,0.0632031412225787,0.0552834006693824
0.9340137592096888,0.0659862407903113,0.6338052822688536,0.3661947177311463,360.0,4700.0,False,24260.0,0.0,0.9999999999999976,01,operational,235,1,0.4365323722191371,0.2641606044710104,0.176107069647341,0.1319724815806202,0.1055952253012807,0.0880056014895271,0.0754392393542987,0.0659862407903113
0.8071637594650437,0.1928362405349563,0.6686133032474736,0.3313866967525264,360.0,,True,24260.0,1.0,0.8504660360830046,11,operational,235,11,0.4848300728919988,0.3228845810967409,0.2651010420368258,0.2361385171529173,0.2188289199679453,0.2072860475936443,0.1990395998078047,0.1928362405349563
0.938186457041642,0.061813542958358,0.7507550702456464,0.2492449297543536,360.0,3550.0,False,24260.0,0.0,0.9999999999999976,00,operational,265,0,0.472584638344556,0.2474561768757726,0.1649707845838492,0.1236270859167136,0.0989178185813033,0.0824404900642219,0.070668772864198,0.061813542958358
0.9363525270164716,0.0636474729835283,0.7643892480760267,0.2356107519239732,360.0,3550.0,False,24260.0,0.0,0.9999999999999976,10,operational,265,10,0.4867008643593739,0.2547978902118302,0.1698652601412209,0.1272949459670543,0.1018525857672387,0.0848863956503228,0.0727654264160726,0.0636474729835283
0.9241259282820566,0.0758740717179433,0.7507550702456464,0.2492449297543536,360.0,4490.0,False,24260.0,0.0,0.9999999999999976,01,operational,265,1,0.5234133873744996,0.3037442413545048,0.2024961609030039,0.1517481434358844,0.1214183381508551,0.1011929644577898,0.0867435724260198,0.0758740717179433
0.9227047290968288,0.0772952709031712,0.7643892480760267,0.2356107519239732,360.0,4340.0,False,24260.0,0.0,0.9999999999999976,11,operational,265,11,0.5450524392922524,0.3094336825371981,0.2062891216914661,0.1545905418063401,0.1236926281598742,0.1030884124729276,0.0883683685080582,0.0772952709031712
0.9250035381277848,0.0749964618722152,0.7777741447988696,0.2222258552011304,360.0,4230.0,False,24260.0,0.0,0.9999999999999974,00,operational,295,0,0.5430786964342089,0.3002309339655591,0.2001539559770402,0.1499929237444276,0.1200139331070703,0.1000224995029535,0.0857402387246506,0.0749964618722152
0.921697028311822,0.0783029716881779,0.7879878774225,0.2120121225775,360.0,4230.0,False,24260.0,0.0,0.9999999999999974,10,operational,295,10,0.5664690779354937,0.3134677788170443,0.2089785192113636,0.1566059433763532,0.1253052126949926,0.1044323792248418,0.0895204296015096,0.0783029716881779
0.9099218673847234,0.0900781326152766,0.7777741447988696,0.2222258552011304,360.0,5500.0,False,24260.0,0.0,0.9999999999999974,01,operational,295,1,0.5608915162929003,0.3606069034434137,0.2404046022956685,0.1801562652305506,0.1441485466410356,0.1201368671243474,0.1029824661257242,0.0900781326152766
0.8092580108664066,0.1907419891335934,0.7879878774225,0.2120121225775,360.0,,True,24260.0,1.0,0.8893731201557741,11,operational,295,11,0.6488600397907015,0.4313491310843405,0.3244417140043023,0.2708570984229607,0.2388319861531417,0.2174761001811611,0.2022190486538154,0.1907419891335934
0.9878355875397592,0.0121644124602406,0.2905072546021769,0.709492745397823,360.0,1650.0,False,24260.0,0.0,0.9999999999999976,00,operational,26,0,0.097394805645702,0.0486974028228521,0.0324649352152355,0.0243288249204791,0.019466238097706,0.0162236312071792,0.0139070511094676,0.0121644124602406
0.9854670041076816,0.0145329958923182,0.3853710025495513,0.6146289974504486,360.0,1650.0,False,24260.0,0.0,0.9999999999999976,10,operational,26,10,0.1163589540397861,0.0581794770198942,0.0387863180132636,0.029065991784634,0.0232565904220625,0.0193826020338477,0.0166149509734853,0.0145329958923182
0.9858827672519646,0.0141172327480354,0.2905072546021769,0.709492745397823,360.0,2030.0,False,24260.0,0.0,0.9999999999999976,01,operational,26,1,0.1130301314793519,0.0565150657396771,0.0376767104931188,0.0282344654960684,0.0225912607659599,0.0188281002899756,0.0161396268001334,0.0141172327480354
0.9810953796963304,0.0189046203036696,0.3853710025495513,0.6146289974504486,360.0,2010.0,False,24260.0,0.0,0.9999999999999976,11,operational,26,11,0.1513605220391676,0.075680261019585,0.0504535073463908,0.0378092406073367,0.0302523316420564,0.0252130210909031,0.0216128416910825,0.0189046203036696
0.9177917750873098,0.0822082249126902,0.773681879927407,0.226318120072593,360.0,4550.0,False,24260.0,0.0,0.9999999999999974,00,operational,56,0,0.5776927938936676,0.329101553980533,0.2194010359870228,0.1644164498253777,0.1315546381685752,0.109640800781758,0.0939851381409661,0.0822082249126902
0.9158144583256054,0.0841855416743946,0.7794974602127176,0.2205025397872824,360.0,4550.0,False,24260.0,0.0,0.9999999999999974,10,operational,56,10,0.5892569090629102,0.3370172828468333,0.2246781885645565,0.1683710833487867,0.1347188615952087,0.1122779407197961,0.0962457195997509,0.0841855416743946
0.9069737118042048,0.0930262881957952,0.773681879927407,0.226318120072593,360.0,5710.0,False,24260.0,0.0,0.9999999999999974,01,operational,56,1,0.5650317830849272,0.3724091558450451,0.2482727735072922,0.1860525763915878,0.1488663658260587,0.1240688111484468,0.106352965972794,0.0930262881957952
0.7181298202152293,0.2818701797847707,0.7794974602127176,0.2205025397872824,360.0,,True,24260.0,1.0,0.7717890050583598,11,operational,56,11,0.607989474942831,0.4430230911273755,0.3714190590654637,0.3355293646279014,0.3140797100727112,0.299776048216365,0.2895572398626247,0.2818701797847707
0.9680152616654588,0.0319847383345412,0.6555891877630379,0.3444108122369621,360.0,2060.0,False,24260.0,0.0,0.9999999999999976,00,operational,86,0,0.2560869572536641,0.1280434786268331,0.0853623190845562,0.0639694766690802,0.0511839378965539,0.04265792537813,0.0365667797105112,0.0319847383345412
0.966512650111153,0.033487349888847,0.672454740635837,0.327545259364163,360.0,2060.0,False,24260.0,0.0,0.9999999999999976,10,operational,86,10,0.2681176706786604,0.1340588353393312,0.0893725568928885,0.0669746997776916,0.0535885089664749,0.0446619527641121,0.0382846510628439,0.033487349888847
0.9666236097996144,0.0333763902003855,0.6555891877630379,0.3444108122369621,360.0,2390.0,False,24260.0,0.0,0.9999999999999976,01,operational,86,1,0.2672292679442335,0.1336146339721244,0.0890764226480838,0.0667527804007687,0.0534109444748154,0.0445139662443893,0.0381577956093998,0.0333763902003855
0.901858690103218,0.098141309896782,0.672454740635837,0.327545259364163,360.0,,True,24260.0,1.0,0.93178126576305,11,operational,86,11,0.307794911905539,0.1880068230712445,0.1480774601264796,0.1280638855566138,0.1161026730786145,0.1081263610015598,0.1024279317948541,0.098141309896782
0.9754648516087236,0.0245351483912763,0.361285741042971,0.6387142589570289,360.0,2750.0,False,24260.0,0.0,0.9999999999999976,00,operational,116,0,0.1964399802050271,0.0982207737885991,0.0654805158590668,0.0490702967825502,0.0392626476542291,0.0327224352523819,0.0280499829951592,0.0245351483912763
0.9733476476076652,0.0266523523923347,0.4026397846371512,0.5973602153628488,360.0,2750.0,False,24260.0,0.0,0.9999999999999976,10,operational,116,10,0.2133914501481422,0.1066965087601566,0.0711310058401052,0.0533047047846672,0.0426507272117687,0.0355461422761125,0.0304704915358,0.0266523523923347
0.9688144835741146,0.0311855164258854,0.361285741042971,0.6387142589570289,360.0,3550.0,False,24260.0,0.0,0.9999999999999976,01,operational,116,1,0.2329247204680032,0.1248439791559065,0.0832293194372718,0.0623710328517683,0.0499049740322775,0.0415920061205322,0.0356530635760234,0.0311855164258854
0.9676298926253748,0.032370107374625,0.4026397846371512,0.5973602153628488,360.0,3560.0,False,24260.0,0.0,0.9999999999999976,11,operational,116,11,0.2423487016120721,0.1295862141631162,0.0863908094420783,0.0647402147492478,0.0518006290449571,0.0431718906193957,0.0370073556079471,0.032370107374625
0.9840425400413434,0.0159574599586566,0.3271184615245405,0.6728815384754595,360.0,1790.0,False,24260.0,0.0,0.9999999999999976,00,operational,146,0,0.1277639767931484,0.0638819883965755,0.0425879922643844,0.0319149199173107,0.0255361050938643,0.0212824044086592,0.0182434796540866,0.0159574599586566
0.9812552199850376,0.0187447800149623,0.419022989327095,0.580977010672905,360.0,1790.0,False,24260.0,0.0,0.9999999999999976,10,operational,146,10,0.150080755021741,0.0750403775108716,0.0500269183405818,0.0374895600299223,0.0299965454191089,0.0249998426982341,0.0214301031435637,0.0187447800149623
0.9818012634205152,0.0181987365794846,0.3271184615245405,0.6728815384754595,360.0,2080.0,False,24260.0,0.0,0.9999999999999976,01,operational,146,1,0.1457088386265758,0.072854419313289,0.0485696128755268,0.0363974731589668,0.0291227332591347,0.0242715866193445,0.0208058351002038,0.0181987365794846
0.9785451895057324,0.0214548104942674,0.419022989327095,0.580977010672905,360.0,2160.0,False,24260.0,0.0,0.9999999999999976,11,operational,146,11,0.171778711473694,0.0858893557368482,0.0572595704912329,0.0429096209885326,0.0343333022279251,0.0286142001692726,0.0245283647741272,0.0214548104942674
0.9807174969754122,0.0192825030245877,0.4457054703564571,0.5542945296435429,360.0,1810.0,False,24260.0,0.0,0.9999999999999976,00,operational,176,0,0.1543860536282191,0.0771930268141106,0.0514620178760745,0.0385650060491732,0.0308570427238653,0.0257170018564173,0.0220448588008582,0.0192825030245877
0.9793437046406166,0.0206562953593834,0.4831917607438896,0.5168082392561104,360.0,1810.0,False,24260.0,0.0,0.9999999999999976,10,operational,176,10,0.1653853713414518,0.082692685670727,0.0551284571138188,0.0413125907187643,0.0330554693863404,0.0275492235331996,0.0236154566637837,0.0206562953593834
0.9764147838216009,0.0235852161783992,0.4457054703564571,0.5542945296435429,360.0,2180.0,False,24260.0,0.0,0.9999999999999976,01,operational,176,1,0.1888358811669057,0.0944179405834541,0.0629452937223035,0.0471704323567961,0.037742507927548,0.031455514228131,0.0269639662328873,0.0235852161783992
0.8728407461793936,0.1271592538206064,0.4831917607438896,0.5168082392561104,360.0,,True,24260.0,1.0,0.8893731202453783,11,operational,176,11,0.242993927014956,0.176810403384789,0.1547492288413999,0.143691627886591,0.1370829976263804,0.1326760449487766,0.1295276340531109,0.1271592538206064
0.968008430691923,0.031991569308077,0.5208959876539366,0.4791040123460633,360.0,2710.0,False,24260.0,0.0,0.9999999999999976,00,operational,206,0,0.2561414918608886,0.1280708248444191,0.0853805498962801,0.0639831386161517,0.0511948692389202,0.0426670358218765,0.0365745892696164,0.031991569308077
0.965453283694959,0.034546716305041,0.5679570902456625,0.4320429097543374,360.0,2710.0,False,24260.0,0.0,0.9999999999999976,10,operational,206,10,0.2765993681165991,0.1382997629858599,0.0921998419905739,0.0690934326100797,0.0552837720100252,0.0460748257742782,0.0394957792568128,0.034546716305041
0.963452291033014,0.0365477089669861,0.5208959876539366,0.4791040123460633,360.0,3360.0,False,24260.0,0.0,0.9999999999999976,01,operational,206,1,0.2810525033881679,0.1463102728253454,0.0975401818835645,0.0730954179339697,0.0584858830627783,0.0487435421715375,0.0417834283570299,0.0365477089669861
0.9592390743136756,0.0407609256863245,0.5679570902456625,0.4320429097543374,360.0,3300.0,False,24260.0,0.0,0.9999999999999976,11,operational,206,11,0.3164443985795265,0.1631769083847891,0.1087846055898602,0.0815218513726468,0.0652281305888264,0.0543626934847543,0.0466002183534738,0.0407609256863245
0.9368263612835032,0.0631736387164967,0.6702948542045862,0.3297051457954137,360.0,3960.0,False,24260.0,0.0,0.9999999999999974,00,operational,236,0,0.4621712791074803,0.2529010046657061,0.1686006697771382,0.1263472774329908,0.1010943271426614,0.084254444668163,0.072223712018393,0.0631736387164967
0.933771422907182,0.0662285770928179,0.6907665033101592,0.3092334966898408,360.0,3960.0,False,24260.0,0.0,0.9999999999999974,10,operational,236,10,0.4866307530355422,0.265130741629737,0.176753827753159,0.1324571541856332,0.1059830266998049,0.0883288045059349,0.075716292056651,0.0662285770928179
0.9234111169403662,0.0765888830596338,0.6702948542045862,0.3297051457954137,360.0,5170.0,False,24260.0,0.0,0.9999999999999974,01,operational,236,1,0.4715437526004057,0.3066058227060423,0.2044038818040291,0.1531777661192649,0.1225622230542785,0.102146305659282,0.0875607855791422,0.0765888830596338
0.9187969265320656,0.0812030734679345,0.6907665033101592,0.3092334966898408,360.0,4670.0,False,24260.0,0.0,0.9999999999999974,11,operational,236,11,0.5665827109639414,0.3250776633928675,0.2167184422619125,0.1624061469358664,0.1299461332439172,0.108300234075361,0.0928359915988982,0.0812030734679345
0.9798816899810968,0.0201183100189032,0.3981210820856407,0.6018789179143593,360.0,1960.0,False,24260.0,0.0,0.9999999999999976,00,operational,266,0,0.1610779723735558,0.0805389861867791,0.0536926574578535,0.0402366200378042,0.0321945522836779,0.0268317145053411,0.0230004010948727,0.0201183100189032
0.9789993877939676,0.0210006122060324,0.4215724089187096,0.5784275910812904,360.0,1960.0,False,24260.0,0.0,0.9999999999999976,10,operational,266,10,0.1681421565515506,0.0840710782757765,0.056047385517185,0.0420012244120625,0.0336064662996588,0.0280084376182787,0.0240090993489401,0.0210006122060324
0.976984307860688,0.0230156921393119,0.3981210820856407,0.6018789179143593,360.0,2280.0,False,24260.0,0.0,0.9999999999999976,01,operational,266,1,0.184275966474866,0.0921379832374342,0.0614253221582901,0.0460313842786214,0.0368311206670882,0.0306959421564031,0.0263128538223581,0.0230156921393119
0.9748220462372326,0.0251779537627674,0.4215724089187096,0.5784275910812904,360.0,2270.0,False,24260.0,0.0,0.9999999999999976,11,operational,266,11,0.201588191891422,0.1007940959457122,0.0671960639638089,0.0503559075255325,0.0402913041925395,0.0335797423618828,0.0287848748104431,0.0251779537627674
0.9868690270776316,0.0131309729223683,0.3498660094269101,0.6501339905730898,360.0,1410.0,False,24260.0,0.0,0.9999999999999976,00,operational,296,0,0.1051336067313633,0.0525668033656828,0.0350445355771227,0.0262619458447341,0.0210129873676029,0.0175127292649978,0.015012078236025,0.0131309729223683
0.9863611009431998,0.0136388990568001,0.3820499534456014,0.6179500465543986,360.0,1410.0,False,24260.0,0.0,0.9999999999999976,10,operational,296,10,0.1092003355854746,0.0546001677927384,0.0364001118618264,0.0272777981135978,0.0218258018871052,0.0181901484426558,0.0155927684037142,0.0136388990568001
0.9851932751579368,0.0148067248420631,0.3498660094269101,0.6501339905730898,360.0,1630.0,False,24260.0,0.0,0.9999999999999976,01,operational,296,1,0.1185505747158488,0.0592752873579256,0.0395168582386178,0.029613449684124,0.0236946282580358,0.0197476733059625,0.0169278935431889,0.0148067248420631
0.9846883992362988,0.0153116007637011,0.3820499534456014,0.6179500465543986,360.0,1630.0,False,24260.0,0.0,0.9999999999999976,11,operational,296,11,0.1225928819315773,0.0612964409657897,0.0408642939771939,0.0306232015273999,0.0245025616401474,0.0204210244262745,0.0175050965333957,0.0153116007637011
0.9676285112129808,0.0323714887870191,0.6180189548921871,0.3819810451078129,360.0,2410.0,False,24260.0,0.0,0.9999999999999976,00,operational,27,0,0.2591834886541808,0.1295917443271116,0.0863944962180753,0.0647429775740356,0.0518028396657052,0.0431737330039169,0.037008934917497,0.0323714887870191
0.966564935358161,0.0334350646418389,0.6479553045066899,0.35204469549331,360.0,2410.0,False,24260.0,0.0,0.9999999999999976,10,operational,27,10,0.2676990469689161,0.1338495234844793,0.0892330156563203,0.0668701292836757,0.053504838910845,0.0445922201265672,0.03822487558213,0.0334350646418389
0.9605113568374868,0.0394886431625132,0.6180189548921871,0.3819810451078129,360.0,2990.0,False,24260.0,0.0,0.9999999999999976,01,operational,27,1,0.3135036267160844,0.1580836205035177,0.1053890803356794,0.0789772863250239,0.0631921461451046,0.0526658550615981,0.0451456723043194,0.0394886431625132
0.9604810940802972,0.0395189059197027,0.6479553045066899,0.35204469549331,360.0,2990.0,False,24260.0,0.0,0.9999999999999976,11,operational,27,11,0.3137459265694,0.1582047704301756,0.1054698469534511,0.0790378118394031,0.0632405744632722,0.0527062163871911,0.045180270416832,0.0395189059197027
0.9635610892522712,0.0364389107477287,0.4210481165617235,0.5789518834382765,360.0,3230.0,False,24260.0,0.0,0.9999999999999976,00,operational,57,0,0.2854982098093777,0.1458747243985801,0.097249816265721,0.072877821495455,0.0583117774865666,0.0485984383951738,0.041659044018635,0.0364389107477287
0.9606901029541712,0.0393098970458287,0.4592537489788573,0.5407462510211427,360.0,3230.0,False,24260.0,0.0,0.9999999999999976,10,operational,57,10,0.3084848648105056,0.1573680518991441,0.1049120345994302,0.0786197940916552,0.0629061056579221,0.0524274620371688,0.0449413195344282,0.0393098970458287
0.95277649138545,0.04722350861455,0.4210481165617235,0.5789518834382765,360.0,4440.0,False,24260.0,0.0,0.9999999999999976,01,operational,57,1,0.3021586756688945,0.1890483596497437,0.1260322397664967,0.0944470172290977,0.0755699517345822,0.062981816061865,0.0539886122751501,0.04722350861455
0.8237393080007789,0.1762606919992211,0.4592537489788573,0.5407462510211427,360.0,,True,24260.0,1.0,0.8504660360830044,11,operational,57,11,0.3438927668866982,0.2565282184945324,0.2208634669686868,0.2029874200814466,0.1923037116645153,0.1851793007713519,0.1800894859895352,0.1762606919992211
0.978426758604498,0.0215732413955018,0.3827574494873959,0.6172425505126041,360.0,1970.0,False,24260.0,0.0,0.9999999999999976,00,operational,87,0,0.1727269327417467,0.0863634663708745,0.0575756442472505,0.0431464827910014,0.0345228226120035,0.0287721510174078,0.0246637617447404,0.0215732413955018
0.9777523827550324,0.0222476172449677,0.3880849301569669,0.6119150698430331,360.0,1970.0,False,24260.0,0.0,0.9999999999999976,10,operational,87,10,0.1781263472227636,0.0890631736113829,0.0593754490742561,0.0444952344899329,0.035602000163402,0.0296715635548009,0.0254347467336303,0.0222476172449677
0.9747895579149864,0.0252104420850135,0.3827574494873959,0.6172425505126041,360.0,2370.0,False,24260.0,0.0,0.9999999999999976,01,operational,87,1,0.2018483108113615,0.1009241554056845,0.0672827702704571,0.0504208841700247,0.0403432939962647,0.0336230719152323,0.0288220173160441,0.0252104420850135
0.9128942433505952,0.0871057566494049,0.3880849301569669,0.6119150698430331,360.0,,True,24260.0,1.0,0.9317812656734458,11,operational,87,11,0.2194383574997067,0.1438285459131305,0.1186252753842717,0.1059927789722559,0.0984429046015278,0.0934082850565404,0.0898114570008353,0.0871057566494049
0.9496871027144448,0.0503128972855551,0.6700370281738535,0.3299629718261465,360.0,3610.0,False,24260.0,0.0,0.9999999999999976,00,operational,117,0,0.3824219825886479,0.2014160103751724,0.1342773402501157,0.1006257945711077,0.0805137807639504,0.0671021221282571,0.0575205778579603,0.0503128972855551
0.9439327286396384,0.0560672713603616,0.7549459638881726,0.2450540361118274,360.0,3610.0,False,24260.0,0.0,0.9999999999999976,10,operational,117,10,0.4272459373290234,0.224452311818434,0.1496348745456235,0.1121345427207207,0.0897222827125304,0.0747767092176834,0.0640993069682152,0.0560672713603616
0.927495811211726,0.0725041887882741,0.6700370281738535,0.3299629718261465,360.0,4820.0,False,24260.0,0.0,0.9999999999999976,01,operational,117,1,0.48920889054069,0.2902536969465151,0.1935024646310109,0.1450083775765459,0.11602564502369,0.0966985642521884,0.0828909297859407,0.0725041887882741
0.3733803453910957,0.6266196546089042,0.7549459638881726,0.2450540361118274,360.0,,True,24260.0,1.0,0.3742628873627986,11,operational,117,11,0.6328032166590062,0.6292701646481038,0.6280924806444697,0.6275021965806072,0.6271494103711479,0.6269141555499245,0.626746085026689,0.6266196546089042
0.9688853315035804,0.0311146684964195,0.6146715878513669,0.3853284121486331,360.0,2460.0,False,24260.0,0.0,0.9999999999999976,00,operational,147,0,0.2491207118171005,0.1245603559088616,0.0830402372725752,0.0622293369928366,0.0497915988348958,0.0414975165031171,0.0355720661764942,0.0311146684964195
0.9662648717912335,0.0337351282087663,0.6534871244284524,0.3465128755715476,360.0,2460.0,False,24260.0,0.0,0.9999999999999976,10,operational,147,10,0.2701015167035379,0.1350507583520803,0.0900338389013877,0.0674702564175303,0.0539850190146802,0.0449924137787022,0.0385679253903298,0.0337351282087663
0.9677314078618582,0.0322685921381418,0.6146715878513669,0.3853284121486331,360.0,3020.0,False,24260.0,0.0,0.9999999999999976,01,operational,147,1,0.2566605717313361,0.129179821468044,0.0861198809786968,0.0645371842762811,0.0516381781439877,0.0430365001298018,0.0368912975914357,0.0322685921381418
0.9658585546717204,0.0341414453282795,0.6534871244284524,0.3465128755715476,360.0,3020.0,False,24260.0,0.0,0.9999999999999976,11,operational,147,11,0.2716556381229623,0.1366773546638571,0.0911182364425722,0.0682828906565566,0.0546352325632154,0.0455343173948195,0.039032450328644,0.0341414453282795
0.9696560472961564,0.0303439527038436,0.4052396854337852,0.5947603145662148,360.0,2770.0,False,24260.0,0.0,0.9999999999999976,00,operational,177,0,0.242944916594804,0.1214749740594971,0.0809833160396656,0.0606879054076847,0.048558252204059,0.0404696157454628,0.0346909398620699,0.0303439527038436
0.9688203572297682,0.0311796427702317,0.4229486571014438,0.5770513428985562,360.0,2770.0,False,24260.0,0.0,0.9999999999999976,10,operational,177,10,0.2496358991524875,0.1248204653383387,0.0832136435588933,0.0623592855404611,0.0498955746486385,0.0415841724480492,0.0356463484773995,0.0311796427702317
0.96642353925243,0.0335764607475699,0.4052396854337852,0.5947603145662148,360.0,3200.0,False,24260.0,0.0,0.9999999999999976,01,operational,177,1,0.2624361220258333,0.1344155699861795,0.0896103799907871,0.0671529214951374,0.0537311096221712,0.0447807995816792,0.0383865276862088,0.0335764607475699
0.9659226293974352,0.0340773706025648,0.4229486571014438,0.5770513428985562,360.0,3160.0,False,24260.0,0.0,0.9999999999999976,11,operational,177,11,0.2671148118654347,0.1364208463664702,0.090947230910981,0.0681547412051274,0.0545326962614515,0.0454488611738067,0.0389591964425026,0.0340773706025648
0.9642901665523556,0.0357098334476444,0.4402775127631549,0.559722487236845,360.0,3040.0,False,24260.0,0.0,0.9999999999999976,00,operational,207,0,0.283012791669641,0.1429560325926874,0.0953040217284593,0.0714196668952866,0.0571450633224867,0.0476260707385561,0.0408255212070592,0.0357098334476444
0.9615858834866584,0.0384141165133414,0.4875859265368549,0.512414073463145,360.0,3040.0,False,24260.0,0.0,0.9999999999999976,10,operational,207,10,0.3046647312479332,0.1537820023818334,0.1025213349212231,0.0768282330266805,0.0614726227679192,0.0512327629056532,0.0439172120661156,0.0384141165133414
0.957369925420799,0.0426300745792009,0.4402775127631549,0.559722487236845,360.0,3690.0,False,24260.0,0.0,0.9999999999999976,01,operational,207,1,0.3139236728551561,0.17065961228601,0.1137730748573407,0.0852601491583996,0.0682192571646247,0.0568555703424283,0.0487371361264776,0.0426300745792009
0.9553202735376956,0.0446797264623044,0.4875859265368549,0.512414073463145,360.0,3700.0,False,24260.0,0.0,0.9999999999999976,11,operational,207,11,0.3302599296574973,0.1788649180271918,0.1192432786847953,0.0893594529246064,0.0714992356842871,0.0595891833601766,0.0510804152275525,0.0446797264623044
0.9335040230613488,0.066495976938651,0.7031422868518119,0.2968577131481881,360.0,3810.0,False,24260.0,0.0,0.9999999999999976,00,operational,237,0,0.4948536461351254,0.2662012148687757,0.1774674765791846,0.1329919538772997,0.1064109363159327,0.0886854346759355,0.0760219988332685,0.066495976938651
0.9322388376430916,0.0677611623569084,0.70607690725856,0.2939230927414399,360.0,3810.0,False,24260.0,0.0,0.9999999999999976,10,operational,237,10,0.5039693315969274,0.2712660911346752,0.1808440607564509,0.1355223247138145,0.1084355635365276,0.0903728077160719,0.0774684310659938,0.0677611623569084
0.9256525957225302,0.0743474042774697,0.7031422868518119,0.2968577131481881,360.0,5010.0,False,24260.0,0.0,0.9999999999999976,01,operational,237,1,0.4593718697168024,0.2976325824833274,0.1984217216555525,0.148694808554937,0.1189752713780527,0.0991568538267825,0.0849981990106394,0.0743474042774697
0.7359694271368683,0.2640305728631317,0.70607690725856,0.2939230927414399,360.0,,True,24260.0,1.0,0.77178900505836,11,operational,237,11,0.4823814570599265,0.3716063640717943,0.323807907695076,0.2998501507846233,0.2855316780949087,0.2759834314727527,0.2691619822993881,0.2640305728631317
0.958990611526211,0.0410093884737889,0.6648983068570585,0.3351016931429414,360.0,2730.0,False,24260.0,0.0,0.9999999999999976,00,operational,267,0,0.3283426702428289,0.1641715715045406,0.1094477143363612,0.0820187769475757,0.0656257359639329,0.0546940673711386,0.0468842752033515,0.0410093884737889
0.9573960892252292,0.0426039107747707,0.6774164050315681,0.3225835949684319,360.0,2730.0,False,24260.0,0.0,0.9999999999999976,10,operational,267,10,0.3411092703650036,0.1705548715656603,0.113703247710441,0.0852078215495392,0.0681773882417939,0.0568206757747344,0.0487072241708761,0.0426039107747707
0.9517773252448604,0.0482226747551396,0.6648983068570585,0.3351016931429414,360.0,3700.0,False,24260.0,0.0,0.9999999999999976,01,operational,267,1,0.3574658183296915,0.1930482894609276,0.1286988596406191,0.0964453495102768,0.0771688786088112,0.0643144001905773,0.0551309160756375,0.0482226747551396
0.8186237113426873,0.1813762886573127,0.6774164050315681,0.3225835949684319,360.0,,True,24260.0,1.0,0.8506156213344934,11,operational,267,11,0.39672297816335,0.2774565673581943,0.2347658377939651,0.2133681986491188,0.2005797930874039,0.1920518688559936,0.1859593574242209,0.1813762886573127
0.9752048875557884,0.0247951124442117,0.6254275018620346,0.3745724981379655,360.0,2030.0,False,24260.0,0.0,0.9999999999999976,00,operational,297,0,0.1985229591121359,0.0992614795560691,0.0661743197040468,0.049590224888421,0.0396786580589918,0.0330691483333245,0.0283471887486318,0.0247951124442117
0.9748539984827486,0.0251460015172514,0.6340608685329256,0.3659391314670743,360.0,2030.0,False,24260.0,0.0,0.9999999999999976,10,operational,297,10,0.2013323650890883,0.1006661825445454,0.067110788363031,0.0502920030345005,0.040240172251642,0.0335371277720547,0.0287483451783786,0.0251460015172514
0.969377035139967,0.030622964860033,0.6254275018620346,0.3745724981379655,360.0,2660.0,False,24260.0,0.0,0.9999999999999976,01,operational,297,1,0.2451838539884085,0.1225919344886873,0.0817279563257923,0.0612459297200637,0.049004744550672,0.0408417332101684,0.0350099224951377,0.030622964860033
0.96925189909793,0.03074810090207,0.6340608685329256,0.3659391314670743,360.0,2670.0,False,24260.0,0.0,0.9999999999999976,11,operational,297,11,0.2461857561713146,0.1230928875981487,0.0820619250654332,0.0614962018041376,0.0492049949118675,0.0410086266794066,0.0351529851656886,0.03074810090207
0.965142275972096,0.0348577240279038,0.5430369060819707,0.4569630939180292,360.0,2850.0,False,24260.0,0.0,0.9999999999999974,00,operational,28,0,0.2788859075537401,0.1395448102424178,0.093029873494946,0.0697154480558051,0.0557814656227055,0.0464896156060767,0.0398513410491664,0.0348577240279038
0.9621050179449658,0.0378949820550341,0.5769696891910379,0.4230303108089622,360.0,2850.0,False,24260.0,0.0,0.9999999999999974,10,operational,28,10,0.3032037867473665,0.1517037680307663,0.1011358453538451,0.0757899641100657,0.0606418720018495,0.0505403952285423,0.0433237079023952,0.0378949820550341
0.9569937775847814,0.0430062224152185,0.5430369060819707,0.4569630939180292,360.0,3690.0,False,24260.0,0.0,0.9999999999999974,01,operational,28,1,0.3199238898085821,0.1721654328713736,0.1147769552475833,0.0860124448304345,0.068821191977324,0.057357237298467,0.0491671698167451,0.0430062224152185
0.9543822538504756,0.0456177461495245,0.5769696891910379,0.4230303108089621,360.0,3810.0,False,24260.0,0.0,0.9999999999999974,11,operational,28,11,0.3336461714930835,0.1826200621998854,0.121746708133258,0.0912354922990462,0.0730003122575652,0.0608402166937035,0.0521528129100953,0.0456177461495245
0.9831397825426036,0.0168602174573962,0.4115533811369014,0.5884466188630986,360.0,1640.0,False,24260.0,0.0,0.9999999999999976,00,operational,58,0,0.1349919371588762,0.0674959685794392,0.0449973123862936,0.0337204349147904,0.0269807529527231,0.0224864086938593,0.0192755635887168,0.0168602174573962
0.9824921270438404,0.0175078729561596,0.4441432945232885,0.5558567054767115,360.0,1640.0,False,24260.0,0.0,0.9999999999999976,10,operational,58,10,0.140177414191458,0.0700887070957301,0.0467258047304877,0.0350157459123169,0.0280171709618479,0.0233501843998856,0.0200160003465191,0.0175078729561596
0.9817237676463936,0.0182762323536063,0.4115533811369014,0.5884466188630986,360.0,1840.0,False,24260.0,0.0,0.9999999999999976,01,operational,58,1,0.1463293113278765,0.0731646556639394,0.0487764371092936,0.0365524647072101,0.0292467467448289,0.0243749424422066,0.020894432695443,0.0182762323536063
0.981225244610596,0.018774755389404,0.4441432945232885,0.5558567054767115,360.0,1840.0,False,24260.0,0.0,0.9999999999999976,11,operational,58,11,0.1503207539347543,0.0751603769673783,0.0501069179782531,0.0375495107788057,0.0300445138497961,0.0250398207425359,0.0214643727037047,0.018774755389404
0.9881378601437412,0.0118621398562587,0.5302422444387804,0.4697577555612195,360.0,1190.0,False,24260.0,0.0,0.9999999999999976,00,operational,88,0,0.094974649175911,0.0474873245879566,0.0316582163919718,0.023724279712515,0.0189825229574343,0.0158204913706218,0.0135614758039351,0.0118621398562587
0.9880825818326836,0.0119174181673165,0.5355381651325584,0.4644618348674417,300.0,1190.0,False,24260.0,0.0,0.9999999999999976,10,operational,88,10,0.0954172369605238,0.047708618480263,0.0318057456535096,0.0238348363346306,0.0190709826975331,0.0158942158464474,0.0136246731264231,0.0119174181673165
0.984729612105551,0.015270387894449,0.5302422444387804,0.4697577555612195,360.0,1490.0,False,24260.0,0.0,0.9999999999999976,01,operational,88,1,0.1222629096124024,0.0611314548062025,0.0407543032041357,0.0305407757888958,0.0244366102817754,0.0203660589773536,0.0174579796273445,0.015270387894449
0.9844140044291868,0.015585995570813,0.5355381651325584,0.4644618348674417,300.0,1490.0,False,24260.0,0.0,0.9999999999999976,11,operational,88,11,0.1247898338185845,0.0623949169092935,0.0415966112728631,0.0311719911416237,0.0249416650218744,0.0207869837498587,0.0178188003492726,0.015585995570813
0.9667759462843862,0.0332240537156137,0.646550278657212,0.3534497213427879,360.0,2550.0,False,24260.0,0.0,0.9999999999999974,00,operational,118,0,0.2660095803543606,0.133004790201387,0.0886698601342589,0.0664481074312248,0.0531671662986618,0.0443107956468439,0.0379836358391287,0.0332240537156137
0.965148423723474,0.0348515762765261,0.6627382657769088,0.3372617342230912,360.0,2550.0,False,24260.0,0.0,0.9999999999999974,10,operational,118,10,0.2790403982440151,0.1395201991462156,0.093013466097478,0.0697031525530494,0.0557716276142954,0.0464814163731559,0.0398443125886552,0.0348515762765261
0.9644345062351442,0.0355654937648558,0.646550278657212,0.3534497213427879,360.0,3050.0,False,24260.0,0.0,0.9999999999999974,01,operational,118,1,0.2826428606974736,0.1423782021632222,0.0949188014421491,0.0711309875297091,0.0569140821188076,0.0474335654457787,0.0406605038375623,0.0355654937648558
0.826104686030794,0.173895313969206,0.6627382657769088,0.3372617342230912,360.0,,True,24260.0,1.0,0.8461534867332533,11,operational,118,11,0.3143679567995072,0.2341072350331275,0.2073536611110005,0.193944114671665,0.1859298324836148,0.1805855234578327,0.1767674473409535,0.173895313969206
0.9763523431452088,0.0236476568547912,0.417821952333399,0.582178047666601,360.0,2360.0,False,24260.0,0.0,0.9999999999999976,00,operational,148,0,0.1893358146870344,0.09466790734352,0.0631119382290141,0.0472953137095801,0.0378424293234725,0.0315387911237,0.0270353519805122,0.0236476568547912
0.9738751202255423,0.0261248797744575,0.4692936789376162,0.5307063210623838,360.0,2360.0,False,24260.0,0.0,0.9999999999999976,10,operational,148,10,0.2091697890438397,0.1045848945219227,0.0697232630146158,0.0522497595489127,0.0418066332119001,0.0348426540269023,0.0298674547118152,0.0261248797744575
0.9741624041303284,0.0258375958696714,0.417821952333399,0.582178047666601,360.0,2730.0,False,24260.0,0.0,0.9999999999999976,01,operational,148,1,0.2068690877629672,0.1034348200664879,0.0689565467109928,0.0516751917393405,0.0413469039063965,0.0344595045621631,0.0295390153433011,0.0258375958696714
0.9716301004976212,0.0283698995023788,0.4692936789376162,0.5307063210623838,360.0,2760.0,False,24260.0,0.0,0.9999999999999976,11,operational,148,11,0.2271405303528071,0.1135723100993857,0.0757148733995912,0.0567397990047555,0.0453992513264703,0.0378368284054583,0.0324340894917534,0.0283698995023788
0.9608535681577112,0.0391464318422887,0.6042501252060553,0.3957498747939447,360.0,2810.0,False,24260.0,0.0,0.9999999999999976,00,operational,178,0,0.3133976697648428,0.1567136568849726,0.1044757712566492,0.0782928636845752,0.0626445186241708,0.052209449109203,0.0447544367772313,0.0391464318422887
0.9571194857838252,0.0428805142161747,0.6479101396361482,0.3520898603638518,360.0,2810.0,False,24260.0,0.0,0.9999999999999976,10,operational,178,10,0.343294734495652,0.1716621892640913,0.1144414595093952,0.0857610284323472,0.0686200260154318,0.057189580745578,0.0490234530236246,0.0428805142161747
0.9522818038570722,0.0477181961429278,0.6042501252060553,0.3957498747939447,360.0,3530.0,False,24260.0,0.0,0.9999999999999976,01,operational,178,1,0.3649090184575628,0.1910287263891651,0.1273524842594442,0.0954363922858535,0.0763615810255855,0.0636415789603548,0.0545541673122597,0.0477181961429278
0.8035164604367968,0.1964835395632032,0.6479101396361482,0.3520898603638518,360.0,,True,24260.0,1.0,0.8325521758208543,11,operational,178,11,0.3951283299793812,0.2836855736741467,0.2449396571758131,0.2255192549472605,0.2139125548721181,0.2061726487251124,0.2006431124157022,0.1964835395632032
0.9935018837688688,0.0064981162311311,0.2553514175422433,0.7446485824577567,360.0,1000.0,False,24260.0,0.0,0.9999999999999976,00,operational,208,0,0.0520274011969483,0.0260137005984754,0.017342467065651,0.0129962324622598,0.0103986837140882,0.0086665132097277,0.0074290176230846,0.0064981162311311
0.9930273266861052,0.0069726733138947,0.3101815059789299,0.6898184940210701,360.0,1000.0,False,24260.0,0.0,0.9999999999999976,10,operational,208,10,0.0558269595393368,0.0279134797696695,0.0186089865131138,0.0139453466277871,0.0111580990326844,0.0092994282085142,0.0079715583849936,0.0069726733138947
0.9931179951609987,0.0068820048390012,0.2553514175422433,0.7446485824577567,360.0,1090.0,False,24260.0,0.0,0.9999999999999976,01,operational,208,1,0.0551010191357776,0.02755050956789,0.0183670063785941,0.013764009678,0.0110130057841612,0.0091785040041107,0.0078679010058573,0.0068820048390012
0.9926122261995776,0.0073877738004223,0.3101815059789299,0.6898184940210701,360.0,1080.0,False,24260.0,0.0,0.9999999999999976,11,operational,208,11,0.0591504765066326,0.0295752382533175,0.0197168255022125,0.0147755476008422,0.011822368263248,0.0098530461682272,0.008446124970151,0.0073877738004223
0.9901533579217208,0.0098466420782791,0.3737533634106176,0.6262466365893824,360.0,1010.0,False,24260.0,0.0,0.9999999999999976,00,operational,238,0,0.0788374937639825,0.0394187468819924,0.0262791645879958,0.0196932841565558,0.0157571999293152,0.0131324295545902,0.0112572436265903,0.0098466420782791
0.9899850654985036,0.0100149345014964,0.3821400096226054,0.6178599903773946,360.0,1010.0,False,24260.0,0.0,0.9999999999999976,10,operational,238,10,0.0801849331002008,0.0400924665501015,0.0267283110334017,0.0200298690029906,0.0160265117757443,0.0133568805273081,0.0114496451370348,0.0100149345014964
0.9886592555574188,0.0113407444425811,0.3737533634106176,0.6262466365893824,360.0,1210.0,False,24260.0,0.0,0.9999999999999976,01,operational,238,1,0.0908000780533291,0.0454000390266657,0.0302666926844447,0.0226814888851599,0.0181481540720586,0.015125108265826,0.0129653867868982,0.0113407444425811
0.9888013265532872,0.0111986734467127,0.3821400096226054,0.6178599903773946,360.0,1200.0,False,24260.0,0.0,0.9999999999999976,11,operational,238,11,0.0896625815177819,0.0448312907588921,0.0298875271725954,0.0223973468934232,0.0179208033601857,0.0149356287122726,0.0128029631098672,0.0111986734467127
0.9654281263321618,0.0345718736678382,0.6838569734711739,0.3161430265288261,360.0,2640.0,False,24260.0,0.0,0.9999999999999976,00,operational,268,0,0.2768009438401118,0.138400474650652,0.0922669831004354,0.0691437473356738,0.0553240303632929,0.0461083780545465,0.0395245405908553,0.0345718736678382
0.9630245823200296,0.0369754176799704,0.7276155514246303,0.2723844485753697,360.0,2640.0,False,24260.0,0.0,0.9999999999999976,10,operational,268,10,0.2960450053737524,0.1480225054181749,0.0986816702787838,0.0739508353599384,0.059170328749788,0.0493139756755175,0.0422724093868065,0.0369754176799704
0.9597546701388344,0.0402453298611656,0.6838569734711739,0.3161430265288261,360.0,3120.0,False,24260.0,0.0,0.9999999999999976,01,operational,268,1,0.3182832713361038,0.1611128401304762,0.1074085600869848,0.0804906597223289,0.0644030425603224,0.0536750452693818,0.0460107597572819,0.0402453298611656
0.9572934110662462,0.0427065889337537,0.7276155514246303,0.2723844485753697,360.0,3170.0,False,24260.0,0.0,0.9999999999999976,11,operational,268,11,0.336358893865097,0.1709659197511315,0.1139772798340884,0.0854131778675052,0.0683417001225961,0.056957617249698,0.048824611706811,0.0427065889337537
0.9197280507424948,0.0802719492575051,0.7609593550092062,0.2390406449907938,360.0,4650.0,False,24260.0,0.0,0.9999999999999974,00,operational,298,0,0.5541099924932248,0.3213501236615732,0.214233415774383,0.1605438985150077,0.1284560912350655,0.1070583972133294,0.0917714772192659,0.0802719492575051
0.9157673326602814,0.0842326673397185,0.7857119408995483,0.2142880591004517,360.0,4650.0,False,24260.0,0.0,0.9999999999999974,10,operational,298,10,0.5824235900379191,0.3372059395135717,0.2248039596757154,0.1684653346794347,0.1347942749721152,0.1123407920426289,0.0962995963519878,0.0842326673397185
0.9113268626185728,0.0886731373814272,0.7609593550092062,0.2390406449907938,360.0,6260.0,False,24260.0,0.0,0.9999999999999974,01,operational,298,1,0.4780777331544869,0.3521774563508971,0.236654887346942,0.1773462747628518,0.1419001871877819,0.1182630302582989,0.1013761953264097,0.0886731373814272
0.5708272703971011,0.4291727296028989,0.7857119408995483,0.2142880591004517,360.0,,True,24260.0,1.0,0.5894503845278867,11,operational,298,11,0.5592435023000744,0.4851029318453561,0.4602518263876086,0.4477958437336844,0.4403514636892424,0.435387192837614,0.4318406232277944,0.4291727296028989
0.971876353574458,0.0281236464255421,0.6048493062045905,0.3951506937954094,360.0,2170.0,False,24260.0,0.0,0.9999999999999976,00,operational,29,0,0.2251729860868396,0.1125864930434209,0.0750576620289482,0.0562472928510816,0.045005182065693,0.0375084016018382,0.0321525589092754,0.0281236464255421
0.971643054348181,0.028356945651819,0.6048620096462485,0.3951379903537514,360.0,2170.0,False,24260.0,0.0,0.9999999999999976,10,operational,29,10,0.2270409047286,0.1135204523643012,0.0756803015762015,0.0567138913036356,0.0453785217811592,0.0378195519036228,0.0324192799099187,0.028356945651819
0.9710936455895356,0.0289063544104642,0.6048493062045905,0.3951506937954094,360.0,2290.0,False,24260.0,0.0,0.9999999999999976,01,operational,29,1,0.2314397657046804,0.1157198828523414,0.0771465885682285,0.0578127088209261,0.0462577193374494,0.0385522963013804,0.0330473953829382,0.0289063544104642
0.9708588104951884,0.0291411895048115,0.6048620096462485,0.3951379903537514,360.0,2290.0,False,24260.0,0.0,0.9999999999999976,11,operational,29,11,0.2333199813293568,0.1166599906646796,0.0777733271097872,0.0582823790096207,0.0466335168431,0.0388654949846417,0.0333158722756824,0.0291411895048115
0.9027927765869672,0.0972072234130327,0.7805419307807147,0.2194580692192853,300.0,5170.0,False,24260.0,0.0,0.9999999999999976,00,operational,59,0,0.6313774502068207,0.3891465643168726,0.2594310428779158,0.1944144468260632,0.1555569545146495,0.1296449087435649,0.1111328499122397,0.0972072234130327
0.8990250190449531,0.1009749809550468,0.7978513918882957,0.2021486081117043,360.0,5170.0,False,24260.0,0.0,0.9999999999999976,10,operational,59,10,0.6576295368548839,0.4042299074180731,0.2694866049453828,0.2019499619100915,0.1615863509731306,0.1346699528251843,0.1154403655342343,0.1009749809550468
0.8771969107440756,0.1228030892559244,0.7805419307807147,0.2194580692192853,300.0,6880.0,False,24260.0,0.0,0.9999999999999976,01,operational,59,1,0.6550653051380155,0.477557913465382,0.3277424495392276,0.2456061785118463,0.1965170272220852,0.1637820188769805,0.1403955056822277,0.1228030892559244
0.6780280511695669,0.3219719488304331,0.7978513918882957,0.2021486081117043,360.0,,True,24260.0,1.0,0.7505515843940664,11,operational,59,11,0.7261824501532658,0.5397795535144674,0.4430025075449573,0.3944954820549327,0.3655050167816515,0.3461727794600566,0.3323614610562481,0.3219719488304331
0.9530841415362036,0.0469158584637964,0.6225204830735639,0.3774795169264361,360.0,3320.0,False,24260.0,0.0,0.9999999999999976,00,operational,89,0,0.3670991529431642,0.18781675365408,0.1252111691027209,0.0938317169275904,0.0750776311144999,0.0625715042113771,0.0536368890510035,0.0469158584637964
0.9507512094435172,0.0492487905564827,0.6492573004149524,0.3507426995850476,360.0,3320.0,False,24260.0,0.0,0.9999999999999976,10,operational,89,10,0.3857778576068296,0.1971561059859128,0.1314374039906093,0.0984975811129632,0.078810931981307,0.0656829269806105,0.0563040302675604,0.0492487905564827
0.9496886984480438,0.0503113015519561,0.6225204830735639,0.3774795169264361,360.0,4500.0,False,24260.0,0.0,0.9999999999999976,01,operational,89,1,0.3339215601375255,0.201409622225961,0.1342730814839748,0.1006226031039099,0.0805112271732791,0.06709999390435,0.0575187535241679,0.0503113015519561
0.9485176950648344,0.0514823049351657,0.6492573004149524,0.3507426995850476,360.0,4500.0,False,24260.0,0.0,0.9999999999999976,11,operational,89,11,0.3434471474944479,0.206097462567241,0.1373983083781614,0.1029646098703289,0.0823851385311258,0.0686617567181026,0.0588575114751074,0.0514823049351657
0.9463110799544796,0.0536889200455203,0.7170946202014388,0.2829053797985612,360.0,3360.0,False,24260.0,0.0,0.9999999999999976,00,operational,119,0,0.4182160293573429,0.2149311341691514,0.1432874227794349,0.1073778400910383,0.085916299223725,0.0716047110024624,0.0613802399027177,0.0536889200455203
0.9446919765131108,0.0553080234868892,0.7247345967889125,0.2752654032110875,360.0,3360.0,False,24260.0,0.0,0.9999999999999976,10,operational,119,10,0.4307259222594345,0.2214128391223436,0.1476085594148966,0.1106160469737761,0.0885072877484497,0.0737641031806626,0.0632312914339141,0.0553080234868892
0.9378863369885934,0.0621136630114066,0.7170946202014388,0.2829053797985612,360.0,4610.0,False,24260.0,0.0,0.9999999999999976,01,operational,119,1,0.4078989806383128,0.2486576378724537,0.1657717585816365,0.1242273260228107,0.0993980890776904,0.0828407590516845,0.0710118872505578,0.0621136630114066
0.8074188832236202,0.1925811167763798,0.7247345967889125,0.2752654032110875,360.0,,True,24260.0,1.0,0.8462075581561571,11,operational,119,11,0.4312643065892516,0.309073901949587,0.2573134152476722,0.2313697917089165,0.2158644559422851,0.2055247519062898,0.1981378704881337,0.1925811167763798
0.964593957204532,0.0354060427954679,0.666365565533939,0.333634434466061,360.0,2710.0,False,24260.0,0.0,0.9999999999999976,00,operational,149,0,0.2834796051723728,0.1417398772040717,0.0944932514693819,0.0708120855909333,0.0566589189084874,0.0472209062868236,0.0404782103821257,0.0354060427954679
0.9637013412449345,0.0362986587550656,0.6821596473168685,0.3178403526831315,360.0,2710.0,False,24260.0,0.0,0.9999999999999976,10,operational,149,10,0.2906263669403935,0.145313258088082,0.0968755053920557,0.0725973175101287,0.0580873376550676,0.0484113848393626,0.0414986999299626,0.0362986587550656
0.9560898430223944,0.0439101569776057,0.666365565533939,0.333634434466061,360.0,3370.0,False,24260.0,0.0,0.9999999999999976,01,operational,149,1,0.341093871611866,0.1757841251554407,0.1171894167702947,0.087820313955209,0.0702677234455466,0.0585628114290326,0.0502005994377663,0.0439101569776057
0.9467936951122444,0.0532063048877556,0.6821596473168685,0.3178403526831315,360.0,3160.0,False,24260.0,0.0,0.9999999999999976,11,operational,149,11,0.4231468904524911,0.2129990963643744,0.1419993975762504,0.106412609775509,0.0851439888798167,0.0709610489793141,0.0608284866892211,0.0532063048877556
0.9649135581993714,0.0350864418006285,0.5917019123303857,0.4082980876696142,360.0,2690.0,False,24260.0,0.0,0.9999999999999976,00,operational,179,0,0.2809207761660363,0.140460428777019,0.0936402858513468,0.0701728836012548,0.0561474738155048,0.0467946556404674,0.0401128242704335,0.0350864418006285
0.963189262246618,0.0368107377533819,0.6220775835864054,0.3779224164135945,360.0,2690.0,False,24260.0,0.0,0.9999999999999976,10,operational,179,10,0.2947264136962513,0.1473632475421267,0.0982421650280852,0.0736214755067615,0.058906797841792,0.049094342675985,0.0420841378888404,0.0368107377533819
0.9576562663470038,0.0423437336529961,0.5917019123303857,0.4082980876696142,360.0,3440.0,False,24260.0,0.0,0.9999999999999976,01,operational,179,1,0.3234964539572272,0.1695133128265294,0.1130088752176871,0.0846874673059897,0.0677610368712203,0.0564736785246811,0.0484097748249369,0.0423437336529961
0.955411363439379,0.0445886365606209,0.6220775835864054,0.3779224164135945,360.0,3350.0,False,24260.0,0.0,0.9999999999999976,11,operational,179,11,0.3455318709557859,0.1785002607410406,0.1190001738273612,0.0891772731212395,0.0713534680427949,0.0594676971004463,0.0509762760492397,0.0445886365606209
0.9942260133571053,0.0057739866428948,0.2218708288607188,0.7781291711392812,360.0,840.0,False,24260.0,0.0,0.9999999999999976,00,operational,209,0,0.0462296316179323,0.0231148158089673,0.015409877205979,0.0115479732857873,0.0092398871816395,0.0077007442978176,0.0066011513182882,0.0057739866428948
0.9942260133571053,0.0057739866428948,0.2218708288607188,0.7781291711392812,360.0,840.0,False,24260.0,0.0,0.9999999999999976,10,operational,209,10,0.0462296316179323,0.0231148158089673,0.015409877205979,0.0115479732857873,0.0092398871816395,0.0077007442978176,0.0066011513182882,0.0057739866428948
0.9929758574884432,0.0070241425115569,0.2218708288607188,0.7781291711392812,360.0,1020.0,False,24260.0,0.0,0.9999999999999976,01,operational,209,1,0.0562390495206182,0.0281195247603104,0.0187463498402077,0.0140482850231113,0.0112404631961543,0.0093680724841116,0.0080304009114856,0.0070241425115569
0.9929758574884432,0.0070241425115569,0.2218708288607188,0.7781291711392812,360.0,1020.0,False,24260.0,0.0,0.9999999999999976,11,operational,209,11,0.0562390495206182,0.0281195247603104,0.0187463498402077,0.0140482850231113,0.0112404631961543,0.0093680724841116,0.0080304009114856,0.0070241425115569
0.9780284106564384,0.0219715893435615,0.3887777472716636,0.6112222527283364,360.0,2300.0,False,24260.0,0.0,0.9999999999999976,00,operational,239,0,0.175916319907584,0.0879581599537934,0.0586387733025297,0.0439431786871208,0.0351602834041304,0.0293034261794906,0.0251191758710803,0.0219715893435615
0.9776797563087326,0.0223202436912673,0.3902308881448926,0.6097691118551074,360.0,2300.0,False,24260.0,0.0,0.9999999999999976,10,operational,239,10,0.1787078334758164,0.0893539167379096,0.0595692778252738,0.0446404873825323,0.0357182214523859,0.0297684251734369,0.0255177774351863,0.0223202436912673
0.9749385817668974,0.0250614182331025,0.3887777472716636,0.6112222527283364,360.0,2710.0,False,24260.0,0.0,0.9999999999999976,01,operational,239,1,0.2006549298839869,0.1003275729919881,0.0668850486613261,0.0501228364662026,0.0401048168981704,0.0334243193636907,0.0286516447368644,0.0250614182331025
0.9745117853174506,0.0254882146825493,0.3902308881448926,0.6097691118551074,360.0,2720.0,False,24260.0,0.0,0.9999999999999976,11,operational,239,11,0.2040719469381718,0.1020361535494142,0.0680241023662769,0.0509764293650962,0.0407878027251755,0.0339935361852173,0.02913958281486,0.0254882146825493
0.959075129205588,0.040924870794412,0.6154720287191957,0.3845279712808043,360.0,2900.0,False,24260.0,0.0,0.9999999999999976,00,operational,269,0,0.3268115604212138,0.1638332245854664,0.1092221497236451,0.0818497415888219,0.0654904855952369,0.0545813464596127,0.0467876497649598,0.040924870794412
0.9577874610790568,0.0422125389209431,0.637127995604631,0.362872004395369,360.0,2900.0,False,24260.0,0.0,0.9999999999999976,10,operational,269,10,0.3371213215650067,0.1689881051573628,0.1126587367715762,0.0844250778418836,0.0675510910230623,0.0562987046033256,0.0482597855139104,0.0422125389209431
0.9555972532288332,0.0444027467711667,0.6154720287191957,0.3845279712808043,360.0,3560.0,False,24260.0,0.0,0.9999999999999976,01,operational,269,1,0.3352661827477529,0.1777560941002522,0.1185040627335022,0.0888054935423313,0.0710559958127738,0.0592197765864763,0.0507637562246187,0.0444027467711667
0.9535575999439,0.0464424000560999,0.637127995604631,0.362872004395369,360.0,3570.0,False,24260.0,0.0,0.9999999999999976,11,operational,269,11,0.3514670635580846,0.1859213727735953,0.1239475818490642,0.0928848001121974,0.0743199739630585,0.0619400545114008,0.0530956043571834,0.0464424000560999
0.9755487106789948,0.0244512893210051,0.5696279171697861,0.4303720828302139,360.0,2360.0,False,24260.0,0.0,0.9999999999999976,00,operational,299,0,0.1957701269165246,0.0978850634582654,0.0652567089721776,0.0489025786420079,0.0391284512321755,0.0326105927253463,0.0279541105163144,0.0244512893210051
0.9717370160006522,0.0282629839993477,0.618290870893701,0.3817091291062989,360.0,2360.0,False,24260.0,0.0,0.9999999999999976,10,operational,299,10,0.2262885973803791,0.1131442986901926,0.075429532460129,0.0565259679986932,0.0452281585881125,0.0376942356006536,0.0323118575820818,0.0282629839993477
0.9705261951902964,0.0294738048097035,0.5696279171697861,0.4303720828302139,360.0,2750.0,False,24260.0,0.0,0.9999999999999976,01,operational,299,1,0.2359817362466616,0.1179915388623681,0.0786610259082462,0.0589476096194047,0.0471657882323784,0.0393091027674318,0.0336961370899546,0.0294738048097035
0.9668843537153724,0.0331156462846276,0.618290870893701,0.3817091291062989,360.0,2840.0,False,24260.0,0.0,0.9999999999999976,11,operational,299,11,0.2649559812763863,0.1325708062047929,0.0883805374698627,0.0662312925692528,0.0529936860857841,0.0441662130633294,0.0378596982722057,0.0331156462846276
