R,loss,Lambda,F_min,t_min,T_rec,T_rec_censored,T_rec_bound,lock_in,F_end,arm,indicator,replication,arm_check
0.9842676791675496,0.0157323208324503,0.4037925032469533,0.5962074967530466,360.0,2670.0,False,34760.0,0.0,0.9999999999999976,00,operational,0,0
0.9797131745241172,0.0202868254758828,0.5149437635043853,0.4850562364956147,360.0,2670.0,False,34760.0,0.0,0.9999999999999976,10,operational,0,10
0.9802531883890112,0.0197468116109886,0.4037925032469533,0.5962074967530466,360.0,3160.0,False,34760.0,0.0,0.9999999999999976,01,operational,0,1
0.8750166895859428,0.1249833104140571,0.5149437635043853,0.4850562364956147,360.0,,True,34760.0,1.0,0.8893731201557741,11,operational,0,11
0.9730984742738814,0.0269015257261185,0.6283645024090005,0.3716354975909994,360.0,2880.0,False,34760.0,0.0,0.9999999999999976,00,operational,20,0
0.9711975070412068,0.0288024929587931,0.6610372901076691,0.3389627098923308,360.0,2880.0,False,34760.0,0.0,0.9999999999999976,10,operational,20,10
0.967473533493868,0.0325264665061321,0.6283645024090005,0.3716354975909994,360.0,3720.0,False,34760.0,0.0,0.9999999999999976,01,operational,20,1
0.636618912546066,0.363381087453934,0.6610372901076691,0.3389627098923308,360.0,,True,34760.0,1.0,0.6430575657833794,11,operational,20,11
0.991669710101826,0.0083302898981739,0.3575050466350971,0.6424949533649029,360.0,1180.0,False,34760.0,0.0,0.9999999999999976,00,operational,40,0
0.9911154688621416,0.0088845311378582,0.3810669080490714,0.6189330919509286,360.0,1180.0,False,34760.0,0.0,0.9999999999999976,10,operational,40,10
0.9914645417619016,0.0085354582380985,0.3575050466350971,0.6424949533649029,360.0,1230.0,False,34760.0,0.0,0.9999999999999976,01,operational,40,1
0.9906858486280282,0.0093141513719717,0.3810669080490714,0.6189330919509286,360.0,1280.0,False,34760.0,0.0,0.9999999999999976,11,operational,40,11
0.962795203546332,0.037204796453668,0.68745047270948,0.31254952729052,360.0,3490.0,False,34760.0,0.0,0.9999999999999974,00,operational,60,0
0.9619356752729472,0.0380643247270527,0.6888683381382015,0.3111316618617985,360.0,3490.0,False,34760.0,0.0,0.9999999999999974,10,operational,60,10
0.959783275635767,0.0402167243642329,0.68745047270948,0.31254952729052,360.0,4400.0,False,34760.0,0.0,0.9999999999999974,01,operational,60,1
0.8609291456931468,0.1390708543068531,0.6888683381382015,0.3111316618617985,360.0,,True,34760.0,1.0,0.8893731202453783,11,operational,60,11
0.9858977713297432,0.0141022286702566,0.425358040696032,0.574641959303968,360.0,1930.0,False,34760.0,0.0,0.9999999999999976,00,operational,80,0
0.9853928031674816,0.0146071968325185,0.4301924400172381,0.5698075599827619,360.0,1930.0,False,34760.0,0.0,0.9999999999999976,10,operational,80,10
0.9833947991191414,0.0166052008808585,0.425358040696032,0.574641959303968,360.0,2370.0,False,34760.0,0.0,0.9999999999999976,01,operational,80,1
0.9825120108346675,0.0174879891653324,0.4301924400172381,0.5698075599827619,360.0,2420.0,False,34760.0,0.0,0.9999999999999976,11,operational,80,11
0.980880454291279,0.0191195457087209,0.6687653108515829,0.3312346891484171,360.0,2510.0,False,34760.0,0.0,0.9999999999999976,00,operational,100,0
0.9790653180998896,0.0209346819001104,0.7335467974289636,0.2664532025710364,360.0,2510.0,False,34760.0,0.0,0.9999999999999976,10,operational,100,10
0.9798260167090794,0.0201739832909205,0.6687653108515829,0.3312346891484171,360.0,3050.0,False,34760.0,0.0,0.9999999999999976,01,operational,100,1
0.8219780713366817,0.1780219286633183,0.7335467974289636,0.2664532025710364,360.0,,True,34760.0,1.0,0.8325521758208543,11,operational,100,11
0.9753145774758684,0.0246854225241315,0.6121050306633256,0.3878949693366744,360.0,2880.0,False,34760.0,0.0,0.9999999999999976,00,operational,120,0
0.9718950429249804,0.0281049570750195,0.7061091159334991,0.2938908840665009,360.0,2880.0,False,34760.0,0.0,0.9999999999999976,10,operational,120,10
0.973725514281719,0.0262744857182809,0.6121050306633256,0.3878949693366744,360.0,3210.0,False,34760.0,0.0,0.9999999999999976,01,operational,120,1
0.966825774650416,0.0331742253495841,0.7061091159334991,0.2938908840665009,360.0,3300.0,False,34760.0,0.0,0.9999999999999976,11,operational,120,11
0.9532617470527768,0.0467382529472231,0.8227664988637727,0.1772335011362272,200.0,3730.0,False,34760.0,0.0,0.9999999999999976,00,operational,140,0
0.950168644840144,0.0498313551598561,0.8227664988637727,0.1772335011362272,200.0,3730.0,False,34760.0,0.0,0.9999999999999976,10,operational,140,10
0.9432057378621144,0.0567942621378856,0.8227664988637727,0.1772335011362272,200.0,4990.0,False,34760.0,0.0,0.9999999999999976,01,operational,140,1
0.9426806449001898,0.0573193550998102,0.8227664988637727,0.1772335011362272,200.0,5020.0,False,34760.0,0.0,0.9999999999999976,11,operational,140,11
0.9624057050807796,0.0375942949192203,0.7301773009845293,0.2698226990154707,360.0,3100.0,False,34760.0,0.0,0.9999999999999976,00,operational,160,0
0.96037237533103,0.0396276246689698,0.7752580293477765,0.2247419706522234,360.0,3100.0,False,34760.0,0.0,0.9999999999999976,10,operational,160,10
0.9560672272719268,0.0439327727280731,0.7301773009845293,0.2698226990154707,360.0,4490.0,False,34760.0,0.0,0.9999999999999976,01,operational,160,1
0.9576655204842124,0.0423344795157875,0.7752580293477765,0.2247419706522234,360.0,3970.0,False,34760.0,0.0,0.9999999999999976,11,operational,160,11
0.9834418193089955,0.0165581806910043,0.4155888978162152,0.5844111021837848,360.0,2200.0,False,34760.0,0.0,0.9999999999999974,00,operational,180,0
0.9830351787372376,0.0169648212627624,0.4352089863067897,0.5647910136932103,360.0,2200.0,False,34760.0,0.0,0.9999999999999974,10,operational,180,10
0.9807451768592854,0.0192548231407145,0.4155888978162152,0.5844111021837848,360.0,2580.0,False,34760.0,0.0,0.9999999999999974,01,operational,180,1
0.9803669208045114,0.0196330791954886,0.4352089863067897,0.5647910136932103,360.0,2580.0,False,34760.0,0.0,0.9999999999999974,11,operational,180,11
0.9623198114231668,0.037680188576833,0.6240722080898372,0.3759277919101628,360.0,3620.0,False,34760.0,0.0,0.9999999999999976,00,operational,1,0
0.9599544409603532,0.0400455590396466,0.6543668547044736,0.3456331452955264,360.0,3620.0,False,34760.0,0.0,0.9999999999999976,10,operational,1,10
0.956627465469245,0.0433725345307549,0.6240722080898372,0.3759277919101628,360.0,5350.0,False,34760.0,0.0,0.9999999999999976,01,operational,1,1
0.8253574203947052,0.1746425796052948,0.6543668547044736,0.3456331452955264,360.0,,True,34760.0,1.0,0.8504660360830044,11,operational,1,11
0.9756959741511824,0.0243040258488177,0.650513538822422,0.349486461177578,360.0,2830.0,False,34760.0,0.0,0.9999999999999976,00,operational,21,0
0.9749292453878086,0.0250707546121914,0.6654256381335728,0.3345743618664271,300.0,2830.0,False,34760.0,0.0,0.9999999999999976,10,operational,21,10
0.9729754781156758,0.0270245218843242,0.650513538822422,0.349486461177578,360.0,3440.0,False,34760.0,0.0,0.9999999999999976,01,operational,21,1
0.970765000956142,0.029234999043858,0.6654256381335728,0.3345743618664271,300.0,3500.0,False,34760.0,0.0,0.9999999999999976,11,operational,21,11
0.9869853911947956,0.0130146088052044,0.395665613538925,0.604334386461075,360.0,1870.0,False,34760.0,0.0,0.9999999999999976,00,operational,41,0
0.9869154143483932,0.0130845856516068,0.39925163097059,0.60074836902941,360.0,1870.0,False,34760.0,0.0,0.9999999999999976,10,operational,41,10
0.9850004249110196,0.0149995750889805,0.395665613538925,0.604334386461075,360.0,2190.0,False,34760.0,0.0,0.9999999999999976,01,operational,41,1
0.9848943065708534,0.0151056934291465,0.39925163097059,0.60074836902941,360.0,2190.0,False,34760.0,0.0,0.9999999999999976,11,operational,41,11
0.9862809835834998,0.0137190164165001,0.3669149355866843,0.6330850644133157,360.0,2260.0,False,34760.0,0.0,0.9999999999999976,00,operational,61,0
0.9842823552414588,0.0157176447585412,0.4259910827956042,0.5740089172043957,360.0,2270.0,False,34760.0,0.0,0.9999999999999976,10,operational,61,10
0.9845407650382024,0.0154592349617974,0.3669149355866843,0.6330850644133157,360.0,2670.0,False,34760.0,0.0,0.9999999999999976,01,operational,61,1
0.9821871225293672,0.0178128774706328,0.4259910827956042,0.5740089172043957,360.0,2810.0,False,34760.0,0.0,0.9999999999999976,11,operational,61,11
0.9592850616979808,0.0407149383020192,0.7876565042282779,0.212343495771722,360.0,3510.0,False,34760.0,0.0,0.9999999999999976,00,operational,81,0
0.9581946708576334,0.0418053291423665,0.8100473460550532,0.1899526539449468,360.0,3510.0,False,34760.0,0.0,0.9999999999999976,10,operational,81,10
0.946548597245918,0.0534514027540821,0.7876565042282779,0.212343495771722,360.0,4340.0,False,34760.0,0.0,0.9999999999999976,01,operational,81,1
0.0648573392273939,0.935142660772606,0.8100473460550532,0.1899526539449468,360.0,,True,34760.0,1.0,0.0573586490545674,11,operational,81,11
0.9834847396366796,0.0165152603633205,0.6211610546220666,0.3788389453779334,360.0,1780.0,False,34760.0,0.0,0.9999999999999976,00,operational,101,0
0.9821844960407358,0.0178155039592642,0.6734382995229895,0.3265617004770104,360.0,1780.0,False,34760.0,0.0,0.9999999999999976,10,operational,101,10
0.9826352437031984,0.0173647562968014,0.6211610546220666,0.3788389453779334,360.0,1960.0,False,34760.0,0.0,0.9999999999999976,01,operational,101,1
0.98061456823635,0.0193854317636499,0.6734382995229895,0.3265617004770104,360.0,1970.0,False,34760.0,0.0,0.9999999999999976,11,operational,101,11
0.9800110378006934,0.0199889621993065,0.401046218151965,0.5989537818480349,360.0,2760.0,False,34760.0,0.0,0.9999999999999976,00,operational,121,0
0.9773460157071976,0.0226539842928024,0.46413235436908,0.5358676456309199,360.0,2760.0,False,34760.0,0.0,0.9999999999999976,10,operational,121,10
0.9748167977773168,0.0251832022226831,0.401046218151965,0.5989537818480349,360.0,3620.0,False,34760.0,0.0,0.9999999999999976,01,operational,121,1
0.8725686692258846,0.1274313307741154,0.46413235436908,0.5358676456309199,360.0,,True,34760.0,1.0,0.8893731202250903,11,operational,121,11
0.9577096203606148,0.042290379639385,0.7459212964178621,0.2540787035821379,360.0,3570.0,False,34760.0,0.0,0.9999999999999976,00,operational,141,0
0.9552338318142208,0.0447661681857791,0.7837358120640139,0.2162641879359861,360.0,3570.0,False,34760.0,0.0,0.9999999999999976,10,operational,141,10
0.9520793183781224,0.0479206816218776,0.7459212964178621,0.2540787035821379,360.0,4550.0,False,34760.0,0.0,0.9999999999999976,01,operational,141,1
0.942074290394876,0.0579257096051238,0.7837358120640139,0.2162641879359861,360.0,4340.0,False,34760.0,0.0,0.9999999999999976,11,operational,141,11
0.9303978854644408,0.0696021145355592,0.7030557142067582,0.2969442857932419,360.0,5500.0,False,34760.0,0.0,0.9999999999999976,00,operational,161,0
0.9285725203754776,0.0714274796245224,0.7083374873028507,0.2916625126971492,360.0,5500.0,False,34760.0,0.0,0.9999999999999976,10,operational,161,10
0.9245231475287328,0.0754768524712671,0.7030557142067582,0.2969442857932419,360.0,7520.0,False,34760.0,0.0,0.9999999999999976,01,operational,161,1
0.7988683260176563,0.2011316739823436,0.7083374873028507,0.2916625126971492,360.0,,True,34760.0,1.0,0.8461534867332533,11,operational,161,11
0.9909532141146628,0.0090467858853371,0.3705164649438662,0.6294835350561337,360.0,1350.0,False,34760.0,0.0,0.9999999999999976,00,operational,181,0
0.9903241658884884,0.0096758341115117,0.4183143028552374,0.5816856971447626,360.0,1350.0,False,34760.0,0.0,0.9999999999999976,10,operational,181,10
0.9896557724182884,0.0103442275817114,0.3705164649438662,0.6294835350561337,360.0,1640.0,False,34760.0,0.0,0.9999999999999976,01,operational,181,1
0.9270828183780768,0.0729171816219232,0.4183143028552374,0.5816856971447626,360.0,,True,34760.0,1.0,0.93592348784348,11,operational,181,11
0.9785569975278112,0.0214430024721888,0.6230672862217694,0.3769327137782306,360.0,2500.0,False,34760.0,0.0,0.9999999999999976,00,operational,2,0
0.9773946371465038,0.0226053628534962,0.6504028151922738,0.3495971848077262,360.0,2500.0,False,34760.0,0.0,0.9999999999999976,10,operational,2,10
0.9749654760869422,0.0250345239130578,0.6230672862217694,0.3769327137782306,360.0,3010.0,False,34760.0,0.0,0.9999999999999976,01,operational,2,1
0.9741347026959616,0.0258652973040383,0.6504028151922738,0.3495971848077262,360.0,3040.0,False,34760.0,0.0,0.9999999999999976,11,operational,2,11
0.9803208941927724,0.0196791058072275,0.5972536278193474,0.4027463721806526,360.0,2340.0,False,34760.0,0.0,0.9999999999999976,00,operational,22,0
0.978614694564775,0.0213853054352249,0.6720515482899538,0.3279484517100461,360.0,2340.0,False,34760.0,0.0,0.9999999999999976,10,operational,22,10
0.9780909582385294,0.0219090417614705,0.5972536278193474,0.4027463721806526,360.0,2640.0,False,34760.0,0.0,0.9999999999999976,01,operational,22,1
0.9772568162671702,0.0227431837328297,0.6720515482899538,0.3279484517100461,360.0,2660.0,False,34760.0,0.0,0.9999999999999976,11,operational,22,11
0.9811774989625764,0.0188225010374236,0.4368658614968859,0.5631341385031141,360.0,2250.0,False,34760.0,0.0,0.9999999999999976,00,operational,42,0
0.9805851252405942,0.0194148747594058,0.4377673314503676,0.5622326685496324,360.0,2250.0,False,34760.0,0.0,0.9999999999999976,10,operational,42,10
0.9794081743381178,0.0205918256618822,0.4368658614968859,0.5631341385031141,360.0,2560.0,False,34760.0,0.0,0.9999999999999976,01,operational,42,1
0.9156157108831764,0.0843842891168237,0.4377673314503676,0.5622326685496324,360.0,,True,34760.0,1.0,0.9317812653019064,11,operational,42,11
0.996146830683277,0.0038531693167229,0.2494101611725575,0.7505898388274425,360.0,900.0,False,34760.0,0.0,0.9999999999999976,00,operational,62,0
0.995951568052445,0.0040484319475549,0.2495665609579846,0.7504334390420153,360.0,900.0,False,34760.0,0.0,0.9999999999999976,10,operational,62,10
0.9959161705419228,0.004083829458077,0.2494101611725575,0.7505898388274425,360.0,970.0,False,34760.0,0.0,0.9999999999999976,01,operational,62,1
0.9954791653834004,0.0045208346165994,0.2495665609579846,0.7504334390420153,360.0,1020.0,False,34760.0,0.0,0.9999999999999976,11,operational,62,11
0.9549253282562512,0.0450746717437486,0.75159588049923,0.2484041195007699,360.0,3680.0,False,34760.0,0.0,0.9999999999999976,00,operational,82,0
0.9541283665796888,0.0458716334203113,0.7663727659910456,0.2336272340089543,360.0,3680.0,False,34760.0,0.0,0.9999999999999976,10,operational,82,10
0.9416733536317288,0.0583266463682712,0.75159588049923,0.2484041195007699,360.0,5040.0,False,34760.0,0.0,0.9999999999999976,01,operational,82,1
0.9465577363870852,0.0534422636129147,0.7663727659910456,0.2336272340089543,360.0,4610.0,False,34760.0,0.0,0.9999999999999976,11,operational,82,11
0.9462359166100218,0.0537640833899781,0.7346832812154827,0.2653167187845174,360.0,4520.0,False,34760.0,0.0,0.9999999999999976,00,operational,102,0
0.944709645165664,0.0552903548343358,0.7477331059630052,0.2522668940369947,360.0,4520.0,False,34760.0,0.0,0.9999999999999976,10,operational,102,10
0.941301528005532,0.058698471994468,0.7346832812155457,0.2653167187844542,360.0,5700.0,False,34760.0,0.0,0.9999999999999976,01,operational,102,1
0.8473945288643507,0.1526054711356492,0.7477331059631735,0.2522668940368265,360.0,,True,34760.0,1.0,0.8893731202250903,11,operational,102,11
0.9814824592234817,0.0185175407765183,0.4088701008694105,0.5911298991305894,360.0,2430.0,False,34760.0,0.0,0.9999999999999976,00,operational,122,0
0.9801381305539822,0.0198618694460177,0.4316885527442429,0.5683114472557571,360.0,2430.0,False,34760.0,0.0,0.9999999999999976,10,operational,122,10
0.9761476852494592,0.0238523147505408,0.4088701008694105,0.5911298991305894,360.0,3290.0,False,34760.0,0.0,0.9999999999999976,01,operational,122,1
0.7618093738131996,0.2381906261868004,0.4316885527442429,0.5683114472557571,360.0,,True,34760.0,1.0,0.7717890050583598,11,operational,122,11
0.9933015728552058,0.0066984271447941,0.275651954973056,0.7243480450269439,360.0,1150.0,False,34760.0,0.0,0.9999999999999976,00,operational,142,0
0.9919674739817091,0.0080325260182907,0.3413582742034664,0.6586417257965336,360.0,1150.0,False,34760.0,0.0,0.9999999999999976,10,operational,142,10
0.9917424444072276,0.0082575555927725,0.275651954973056,0.7243480450269439,360.0,1470.0,False,34760.0,0.0,0.9999999999999976,01,operational,142,1
0.9907577445192745,0.0092422554807255,0.3413582742034664,0.6586417257965336,360.0,1470.0,False,34760.0,0.0,0.9999999999999976,11,operational,142,11
0.9750811250631536,0.0249188749368464,0.6318757152899913,0.3681242847100087,360.0,2660.0,False,34760.0,0.0,0.9999999999999976,00,operational,162,0
0.9737606734952764,0.0262393265047234,0.6660463068096195,0.3339536931903805,360.0,2660.0,False,34760.0,0.0,0.9999999999999976,10,operational,162,10
0.9722298431505764,0.0277701568494237,0.6318757152899913,0.3681242847100087,360.0,3390.0,False,34760.0,0.0,0.9999999999999976,01,operational,162,1
0.9057131650937842,0.0942868349062158,0.6660463068096195,0.3339536931903805,360.0,,True,34760.0,1.0,0.93178126576305,11,operational,162,11
0.9680304626770062,0.0319695373229937,0.7033598463964512,0.2966401536035487,360.0,2850.0,False,34760.0,0.0,0.9999999999999976,00,operational,182,0
0.9671956310499344,0.0328043689500656,0.7218436371002972,0.2781563628997028,360.0,2850.0,False,34760.0,0.0,0.9999999999999976,10,operational,182,10
0.9647148778194125,0.0352851221805875,0.7033598463964512,0.2966401536035487,360.0,4030.0,False,34760.0,0.0,0.9999999999999976,01,operational,182,1
0.8310741651322825,0.1689258348677175,0.7218436371002972,0.2781563628997028,360.0,,True,34760.0,1.0,0.8505201074724164,11,operational,182,11
0.9921672138438786,0.0078327861561213,0.299776422162981,0.7002235778370189,360.0,1400.0,False,34760.0,0.0,0.9999999999999976,00,operational,3,0
0.9908575343488514,0.0091424656511486,0.3652087288680494,0.6347912711319506,360.0,1400.0,False,34760.0,0.0,0.9999999999999976,10,operational,3,10
0.9915232981208532,0.0084767018791467,0.299776422162981,0.7002235778370189,360.0,1530.0,False,34760.0,0.0,0.9999999999999976,01,operational,3,1
0.9245077018842752,0.0754922981157246,0.3652087288680494,0.6347912711319506,360.0,,True,34760.0,1.0,0.93178126576305,11,operational,3,11
0.9880184698432468,0.0119815301567531,0.5024670943699803,0.4975329056300197,360.0,1620.0,False,34760.0,0.0,0.9999999999999976,00,operational,23,0
0.9876984031574364,0.0123015968425636,0.5310641753634073,0.4689358246365927,360.0,1620.0,False,34760.0,0.0,0.9999999999999976,10,operational,23,10
0.986504779835431,0.013495220164569,0.5024670943699803,0.4975329056300197,360.0,1890.0,False,34760.0,0.0,0.9999999999999976,01,operational,23,1
0.9861151203635656,0.0138848796364343,0.5310641753634073,0.4689358246365927,360.0,1870.0,False,34760.0,0.0,0.9999999999999976,11,operational,23,11
0.9818144787756674,0.0181855212243325,0.6368639088441097,0.3631360911558903,230.0,2190.0,False,34760.0,0.0,0.9999999999999976,00,operational,43,0
0.9805529884203849,0.0194470115796151,0.741812333363592,0.2581876666364079,230.0,2190.0,False,34760.0,0.0,0.9999999999999976,10,operational,43,10
0.9806054164746122,0.0193945835253878,0.6368639088441097,0.3631360911558903,230.0,2420.0,False,34760.0,0.0,0.9999999999999976,01,operational,43,1
0.9793559174930752,0.0206440825069248,0.741812333363592,0.2581876666364079,230.0,2440.0,False,34760.0,0.0,0.9999999999999976,11,operational,43,11
0.9084752989136956,0.0915247010863042,0.8513857787116225,0.1486142212883775,360.0,6390.0,False,34760.0,0.0,0.9999999999999976,00,operational,63,0
0.905592963965706,0.0944070360342941,0.8601019085639114,0.1398980914360885,360.0,6390.0,False,34760.0,0.0,0.9999999999999976,10,operational,63,10
0.8850572347729811,0.1149427652270188,0.8513857787116225,0.1486142212883775,360.0,8400.0,False,34760.0,0.0,0.9999999999999976,01,operational,63,1
0.8758799147797103,0.1241200852202897,0.8601019085639114,0.1398980914360885,360.0,7990.0,False,34760.0,0.0,0.9999999999999976,11,operational,63,11
0.9912596912945008,0.0087403087054992,0.3271768612414986,0.6728231387585014,360.0,1560.0,False,34760.0,0.0,0.9999999999999976,00,operational,83,0
0.9905533678332156,0.0094466321667845,0.3469851429027001,0.6530148570972999,360.0,1560.0,False,34760.0,0.0,0.9999999999999976,10,operational,83,10
0.991010227942792,0.008989772057208,0.3271768612414986,0.6728231387585014,360.0,1640.0,False,34760.0,0.0,0.9999999999999976,01,operational,83,1
0.9901874849408682,0.0098125150591318,0.3469851429027001,0.6530148570972999,360.0,1650.0,False,34760.0,0.0,0.9999999999999976,11,operational,83,11
0.9895691823738604,0.0104308176261397,0.3683988709721798,0.6316011290278202,360.0,1540.0,False,34760.0,0.0,0.9999999999999976,00,operational,103,0
0.9887122879294624,0.0112877120705375,0.403290524196955,0.596709475803045,360.0,1540.0,False,34760.0,0.0,0.9999999999999976,10,operational,103,10
0.9871844870835896,0.0128155129164103,0.3683988709721798,0.6316011290278202,360.0,1910.0,False,34760.0,0.0,0.9999999999999976,01,operational,103,1
0.9218979726972903,0.0781020273027095,0.403290524196955,0.596709475803045,360.0,,True,34760.0,1.0,0.9317812656734458,11,operational,103,11
0.9678168996772047,0.0321831003227951,0.6899855109112953,0.3100144890887046,360.0,2850.0,False,34760.0,0.0,0.9999999999999974,00,operational,123,0
0.9667373546484542,0.0332626453515457,0.6970279657129261,0.3029720342870738,360.0,2850.0,False,34760.0,0.0,0.9999999999999974,10,operational,123,10
0.9645689845772316,0.0354310154227685,0.6899855109112953,0.3100144890887046,360.0,3450.0,False,34760.0,0.0,0.9999999999999976,01,operational,123,1
0.8249187928723514,0.1750812071276486,0.6970279657129261,0.3029720342870738,360.0,,True,34760.0,1.0,0.8506156213344934,11,operational,123,11
0.9612004012742116,0.0387995987257883,0.6964738280328833,0.3035261719671168,360.0,3480.0,False,34760.0,0.0,0.9999999999999976,00,operational,143,0
0.9601942479732724,0.0398057520267275,0.7038676061965234,0.2961323938034765,360.0,3480.0,False,34760.0,0.0,0.9999999999999976,10,operational,143,10
0.9401479557681092,0.0598520442318907,0.6964738280328833,0.3035261719671168,360.0,4540.0,False,34760.0,0.0,0.9999999999999976,01,operational,143,1
0.0557657311111484,0.9442342688888516,0.7038676061965234,0.2961323938034765,360.0,,True,34760.0,1.0,0.0461443494733212,11,operational,143,11
0.9596382976447888,0.040361702355211,0.7707296768151248,0.2292703231848751,360.0,3600.0,False,34760.0,0.0,0.9999999999999976,00,operational,163,0
0.9577455245390132,0.0422544754609869,0.7952378572804135,0.2047621427195864,360.0,3600.0,False,34760.0,0.0,0.9999999999999976,10,operational,163,10
0.9542298242963934,0.0457701757036066,0.7707296768151248,0.2292703231848751,360.0,4960.0,False,34760.0,0.0,0.9999999999999976,01,operational,163,1
0.7807957894389713,0.2192042105610286,0.7952378572804135,0.2047621427195864,360.0,,True,34760.0,1.0,0.8087461958770292,11,operational,163,11
0.9524304380642108,0.0475695619357893,0.7509156147096673,0.2490843852903327,360.0,3900.0,False,34760.0,0.0,0.9999999999999976,00,operational,183,0
0.950952012489688,0.0490479875103121,0.7545697621727108,0.2454302378272893,360.0,3900.0,False,34760.0,0.0,0.9999999999999976,10,operational,183,10
0.9480811597888068,0.0519188402111933,0.7509156147096673,0.2490843852903327,360.0,5010.0,False,34760.0,0.0,0.9999999999999976,01,operational,183,1
0.8139587012609107,0.1860412987390892,0.7545697621727108,0.2454302378272893,360.0,,True,34760.0,1.0,0.8461534867332533,11,operational,183,11
0.9747858503574272,0.0252141496425727,0.6440110161619512,0.3559889838380487,360.0,2720.0,False,34760.0,0.0,0.9999999999999976,00,operational,4,0
0.9724960010109092,0.0275039989890907,0.6770644210481331,0.3229355789518668,360.0,2720.0,False,34760.0,0.0,0.9999999999999976,10,operational,4,10
0.9705797089661706,0.0294202910338293,0.6440110161619512,0.3559889838380487,360.0,3510.0,False,34760.0,0.0,0.9999999999999976,01,operational,4,1
0.597943729293435,0.402056270706565,0.6770644210481331,0.3229355789518668,360.0,,True,34760.0,1.0,0.601077660317667,11,operational,4,11
0.9789141522147516,0.0210858477852483,0.7260550689484022,0.2739449310515977,360.0,2030.0,False,34760.0,0.0,0.9999999999999974,00,operational,24,0
0.9771168896698792,0.0228831103301208,0.7883972379582824,0.2116027620417176,360.0,2030.0,False,34760.0,0.0,0.9999999999999974,10,operational,24,10
0.9748908051688676,0.0251091948311324,0.7260550689484022,0.2739449310515977,360.0,2640.0,False,34760.0,0.0,0.9999999999999974,01,operational,24,1
0.9055229700169722,0.0944770299830277,0.7883972379582824,0.2116027620417176,360.0,,True,34760.0,1.0,0.9317812653019064,11,operational,24,11
0.962417096927388,0.0375829030726119,0.7771610048958538,0.2228389951041461,360.0,3490.0,False,34760.0,0.0,0.9999999999999976,00,operational,44,0
0.9613614171700416,0.0386385828299584,0.7852660847588495,0.2147339152411504,360.0,3490.0,False,34760.0,0.0,0.9999999999999976,10,operational,44,10
0.9557390427470068,0.0442609572529931,0.7771610048958538,0.2228389951041461,360.0,4410.0,False,34760.0,0.0,0.9999999999999976,01,operational,44,1
0.8183492560120501,0.1816507439879499,0.7852660847588495,0.2147339152411504,360.0,,True,34760.0,1.0,0.8461534867332533,11,operational,44,11
0.9792349406258468,0.020765059374153,0.6033783214511395,0.3966216785488605,360.0,2350.0,False,34760.0,0.0,0.9999999999999976,00,operational,64,0
0.9783546625495008,0.0216453374504991,0.6366731105033093,0.3633268894966907,360.0,2350.0,False,34760.0,0.0,0.9999999999999976,10,operational,64,10
0.9751012756907492,0.0248987243092506,0.6033783214511395,0.3966216785488605,360.0,2870.0,False,34760.0,0.0,0.9999999999999976,01,operational,64,1
0.9745466270705512,0.0254533729294489,0.6366731105033093,0.3633268894966907,360.0,2780.0,False,34760.0,0.0,0.9999999999999976,11,operational,64,11
0.9868838965724156,0.0131161034275844,0.4285559507338582,0.5714440492661418,360.0,1690.0,False,34760.0,0.0,0.9999999999999976,00,operational,84,0
0.9858426248479788,0.0141573751520212,0.4728981403324205,0.5271018596675795,360.0,1690.0,False,34760.0,0.0,0.9999999999999976,10,operational,84,10
0.983127027728154,0.016872972271846,0.4285559507338582,0.5714440492661418,360.0,2140.0,False,34760.0,0.0,0.9999999999999976,01,operational,84,1
0.984052609481332,0.015947390518668,0.4728981403324205,0.5271018596675795,360.0,2110.0,False,34760.0,0.0,0.9999999999999976,11,operational,84,11
0.9757918970987776,0.0242081029012223,0.6968649274698753,0.3031350725301246,360.0,2570.0,False,34760.0,0.0,0.9999999999999976,00,operational,104,0
0.974775515972995,0.0252244840270049,0.7302150017646067,0.2697849982353933,360.0,2570.0,False,34760.0,0.0,0.9999999999999976,10,operational,104,10
0.9740437194493464,0.0259562805506535,0.6968649274698753,0.3031350725301246,360.0,3200.0,False,34760.0,0.0,0.9999999999999976,01,operational,104,1
0.9737668235027482,0.0262331764972517,0.7302150017646067,0.2697849982353933,360.0,3170.0,False,34760.0,0.0,0.9999999999999976,11,operational,104,11
0.9868386923776228,0.0131613076223771,0.4516355509436225,0.5483644490563775,360.0,1680.0,False,34760.0,0.0,0.9999999999999976,00,operational,124,0
0.986177684758164,0.0138223152418358,0.4905514978533692,0.5094485021466307,360.0,1680.0,False,34760.0,0.0,0.9999999999999976,10,operational,124,10
0.9858030526753352,0.0141969473246649,0.4516355509436226,0.5483644490563774,360.0,1900.0,False,34760.0,0.0,0.9999999999999976,01,operational,124,1
0.9851461960710428,0.014853803928957,0.4905514978533692,0.5094485021466307,360.0,1900.0,False,34760.0,0.0,0.9999999999999976,11,operational,124,11
0.98609786509499,0.01390213490501,0.5029494219886761,0.4970505780113238,360.0,1750.0,False,34760.0,0.0,0.9999999999999976,00,operational,144,0
0.9855372532654366,0.0144627467345633,0.5236415771979344,0.4763584228020656,360.0,1750.0,False,34760.0,0.0,0.9999999999999976,10,operational,144,10
0.9846896736491096,0.0153103263508904,0.5029494219886761,0.4970505780113238,360.0,2070.0,False,34760.0,0.0,0.9999999999999976,01,operational,144,1
0.9840428547709608,0.0159571452290393,0.5236415771979344,0.4763584228020656,360.0,2080.0,False,34760.0,0.0,0.9999999999999976,11,operational,144,11
0.9775224582134746,0.0224775417865253,0.6654454478680845,0.3345545521319155,360.0,2490.0,False,34760.0,0.0,0.9999999999999976,00,operational,164,0
0.977090297472186,0.0229097025278141,0.6713945388504136,0.3286054611495864,360.0,2490.0,False,34760.0,0.0,0.9999999999999976,10,operational,164,10
0.9673974944209804,0.0326025055790195,0.6654454478680845,0.3345545521319155,360.0,3480.0,False,34760.0,0.0,0.9999999999999976,01,operational,164,1
0.9670293355857036,0.0329706644142965,0.6713945388504136,0.3286054611495864,360.0,3490.0,False,34760.0,0.0,0.9999999999999976,11,operational,164,11
0.964817337186526,0.0351826628134739,0.7329763974207677,0.2670236025792322,360.0,3340.0,False,34760.0,0.0,0.9999999999999976,00,operational,184,0
0.9636348129709494,0.0363651870290505,0.7667741292804692,0.2332258707195308,360.0,3340.0,False,34760.0,0.0,0.9999999999999976,10,operational,184,10
0.9623453727912754,0.0376546272087245,0.7329763974207677,0.2670236025792322,360.0,4150.0,False,34760.0,0.0,0.9999999999999976,01,operational,184,1
0.9616122840153668,0.038387715984633,0.7667741292804692,0.2332258707195308,360.0,4090.0,False,34760.0,0.0,0.9999999999999976,11,operational,184,11
0.9983585993280936,0.0016414006719064,0.0722516265095652,0.9277483734904348,360.0,940.0,False,34760.0,0.0,0.9999999999999976,00,operational,5,0
0.9981839284939384,0.0018160715060616,0.0827171604537637,0.9172828395462362,360.0,940.0,False,34760.0,0.0,0.9999999999999976,10,operational,5,10
0.9982794790409592,0.0017205209590407,0.0722516265095652,0.9277483734904348,360.0,990.0,False,34760.0,0.0,0.9999999999999976,01,operational,5,1
0.9980483396203844,0.0019516603796154,0.0827171604537637,0.9172828395462362,360.0,1000.0,False,34760.0,0.0,0.9999999999999976,11,operational,5,11
0.9874572508814212,0.0125427491185787,0.3891301249985859,0.6108698750014141,360.0,2090.0,False,34760.0,0.0,0.9999999999999976,00,operational,25,0
0.9873213276120084,0.0126786723879914,0.3936243795172625,0.6063756204827375,360.0,2090.0,False,34760.0,0.0,0.9999999999999976,10,operational,25,10
0.9871145049434684,0.0128854950565316,0.3891301249985859,0.6108698750014141,360.0,2210.0,False,34760.0,0.0,0.9999999999999976,01,operational,25,1
0.9869747618514804,0.0130252381485196,0.3936243795172625,0.6063756204827375,360.0,2210.0,False,34760.0,0.0,0.9999999999999976,11,operational,25,11
0.984727502018662,0.0152724979813381,0.4475526071613604,0.5524473928386395,360.0,1830.0,False,34760.0,0.0,0.9999999999999974,00,operational,45,0
0.9844469616840908,0.0155530383159092,0.4538293693071212,0.5461706306928787,360.0,1830.0,False,34760.0,0.0,0.9999999999999974,10,operational,45,10
0.9831808414752792,0.0168191585247207,0.4475526071613604,0.5524473928386395,360.0,2110.0,False,34760.0,0.0,0.9999999999999974,01,operational,45,1
0.9829466014365792,0.0170533985634209,0.4538293693071212,0.5461706306928787,360.0,2110.0,False,34760.0,0.0,0.9999999999999974,11,operational,45,11
0.9542393443873336,0.0457606556126665,0.5794271352068364,0.4205728647931636,360.0,4120.0,False,34760.0,0.0,0.9999999999999976,00,operational,65,0
0.9519357481561734,0.0480642518438265,0.600524280500505,0.399475719499495,360.0,4120.0,False,34760.0,0.0,0.9999999999999976,10,operational,65,10
0.94872713501575,0.0512728649842498,0.5794271352068364,0.4205728647931636,360.0,5440.0,False,34760.0,0.0,0.9999999999999976,01,operational,65,1
0.7472056712538186,0.2527943287461813,0.600524280500505,0.399475719499495,360.0,,True,34760.0,1.0,0.7717890050583598,11,operational,65,11
0.9941648196793706,0.0058351803206293,0.2847109145814881,0.7152890854185119,360.0,1070.0,False,34760.0,0.0,0.9999999999999976,00,operational,85,0
0.9941648196793706,0.0058351803206293,0.2847109145814881,0.7152890854185119,360.0,1070.0,False,34760.0,0.0,0.9999999999999976,10,operational,85,10
0.993902916350024,0.0060970836499759,0.2847109145814881,0.7152890854185119,360.0,1130.0,False,34760.0,0.0,0.9999999999999976,01,operational,85,1
0.993902916350024,0.0060970836499759,0.2847109145814881,0.7152890854185119,360.0,1130.0,False,34760.0,0.0,0.9999999999999976,11,operational,85,11
0.9320728618007246,0.0679271381992754,0.759433078264447,0.240566921735553,360.0,4950.0,False,34760.0,0.0,0.9999999999999976,00,operational,105,0
0.9305201391803908,0.0694798608196093,0.7692728198069674,0.2307271801930326,360.0,4950.0,False,34760.0,0.0,0.9999999999999976,10,operational,105,10
0.9168983787897412,0.0831016212102586,0.759433078264447,0.240566921735553,360.0,7010.0,False,34760.0,0.0,0.9999999999999976,01,operational,105,1
0.0535859087278473,0.9464140912721526,0.7692728198069674,0.2307271801930326,360.0,,True,34760.0,1.0,0.0430744029437232,11,operational,105,11
0.9978720823834136,0.0021279176165864,0.1538503331845219,0.8461496668154781,360.0,630.0,False,34760.0,0.0,0.9999999999999976,00,operational,125,0
0.9975831206115656,0.0024168793884342,0.2206984783009583,0.7793015216990417,360.0,630.0,False,34760.0,0.0,0.9999999999999976,10,operational,125,10
0.9973040550508698,0.0026959449491301,0.1538503331845219,0.8461496668154781,360.0,780.0,False,34760.0,0.0,0.9999999999999976,01,operational,125,1
0.9967906619604088,0.0032093380395911,0.2206984783009583,0.7793015216990417,360.0,810.0,False,34760.0,0.0,0.9999999999999976,11,operational,125,11
0.9824224950059592,0.0175775049940408,0.6131376181660303,0.3868623818339697,360.0,2050.0,False,34760.0,0.0,0.9999999999999976,00,operational,145,0
0.9805613284850072,0.0194386715149926,0.6920468641555445,0.3079531358444555,360.0,2050.0,False,34760.0,0.0,0.9999999999999976,10,operational,145,10
0.9793164138994797,0.0206835861005204,0.6131376181660303,0.3868623818339697,360.0,2380.0,False,34760.0,0.0,0.9999999999999976,01,operational,145,1
0.9787105605012592,0.0212894394987408,0.6920468641555445,0.3079531358444555,360.0,2390.0,False,34760.0,0.0,0.9999999999999976,11,operational,145,11
0.9701854787719963,0.0298145212280035,0.6370803593905132,0.3629196406094867,360.0,3190.0,False,34760.0,0.0,0.9999999999999976,00,operational,165,0
0.969359799382779,0.0306402006172209,0.6375382621188714,0.3624617378811285,360.0,3190.0,False,34760.0,0.0,0.9999999999999976,10,operational,165,10
0.962565900334128,0.037434099665872,0.6370803593905132,0.3629196406094867,360.0,4140.0,False,34760.0,0.0,0.9999999999999976,01,operational,165,1
0.7320263749783579,0.2679736250216421,0.6375382621188714,0.3624617378811285,360.0,,True,34760.0,1.0,0.7505515843940664,11,operational,165,11
0.9606129933849054,0.0393870066150946,0.6956495848833069,0.3043504151166932,360.0,3590.0,False,34760.0,0.0,0.9999999999999976,00,operational,185,0
0.9574408111103226,0.0425591888896773,0.733496993380778,0.2665030066192219,360.0,3590.0,False,34760.0,0.0,0.9999999999999976,10,operational,185,10
0.9570025839194568,0.0429974160805431,0.6956495848833069,0.3043504151166932,360.0,4520.0,False,34760.0,0.0,0.9999999999999976,01,operational,185,1
0.8197811115936703,0.1802188884063297,0.733496993380778,0.2665030066192219,360.0,,True,34760.0,1.0,0.8506156213344934,11,operational,185,11
0.9536794157233514,0.0463205842766486,0.7085313730133058,0.2914686269866941,360.0,4090.0,False,34760.0,0.0,0.9999999999999976,00,operational,6,0
0.9522622020150676,0.0477377979849323,0.7254793440079894,0.2745206559920105,360.0,4090.0,False,34760.0,0.0,0.9999999999999976,10,operational,6,10
0.9462626580051188,0.0537373419948812,0.7085313730133058,0.2914686269866941,360.0,5260.0,False,34760.0,0.0,0.9999999999999976,01,operational,6,1
0.8820025400372382,0.1179974599627617,0.7254793440079894,0.2745206559920105,360.0,,True,34760.0,1.0,0.9320734204699792,11,operational,6,11
0.9914849112778308,0.0085150887221692,0.2905072546021769,0.709492745397823,360.0,1650.0,False,34760.0,0.0,0.9999999999999976,00,operational,26,0
0.9898269028753764,0.0101730971246236,0.3853710025495513,0.6146289974504486,360.0,1650.0,False,34760.0,0.0,0.9999999999999976,10,operational,26,10
0.9901179370763744,0.0098820629236254,0.2905072546021769,0.709492745397823,360.0,2030.0,False,34760.0,0.0,0.9999999999999976,01,operational,26,1
0.9867667657874304,0.0132332342125696,0.3853710025495513,0.6146289974504486,360.0,2010.0,False,34760.0,0.0,0.9999999999999976,11,operational,26,11
0.9522183617841716,0.0477816382158283,0.7860900976067374,0.2139099023932626,360.0,3770.0,False,34760.0,0.0,0.9999999999999976,00,operational,46,0
0.9507220960992564,0.0492779039007434,0.7988186925346853,0.2011813074653146,360.0,3770.0,False,34760.0,0.0,0.9999999999999976,10,operational,46,10
0.947008606496557,0.0529913935034429,0.7860900976067374,0.2139099023932626,360.0,4650.0,False,34760.0,0.0,0.9999999999999976,01,operational,46,1
0.8801731622345991,0.1198268377654009,0.7988186925346853,0.2011813074653146,360.0,,True,34760.0,1.0,0.9317812653019064,11,operational,46,11
0.98589015351757,0.0141098464824298,0.3698335253927547,0.6301664746072453,360.0,2070.0,False,34760.0,0.0,0.9999999999999976,00,operational,66,0
0.984797503658286,0.015202496341714,0.4121236018540815,0.5878763981459185,360.0,2070.0,False,34760.0,0.0,0.9999999999999976,10,operational,66,10
0.9810586916407744,0.0189413083592254,0.3698335253927547,0.6301664746072453,360.0,2770.0,False,34760.0,0.0,0.9999999999999976,01,operational,66,1
0.9804591807411734,0.0195408192588265,0.4121236018540815,0.5878763981459185,360.0,2850.0,False,34760.0,0.0,0.9999999999999976,11,operational,66,11
0.9776106831658204,0.0223893168341796,0.6555891877630379,0.3444108122369621,360.0,2060.0,False,34760.0,0.0,0.9999999999999976,00,operational,86,0
0.9765588550778276,0.0234411449221725,0.672454740635837,0.327545259364163,360.0,2060.0,False,34760.0,0.0,0.9999999999999976,10,operational,86,10
0.9766365268597296,0.0233634731402705,0.6555891877630379,0.3444108122369621,360.0,2390.0,False,34760.0,0.0,0.9999999999999976,01,operational,86,1
0.9108354628011676,0.0891645371988324,0.672454740635837,0.327545259364163,360.0,,True,34760.0,1.0,0.93178126576305,11,operational,86,11
0.9708178909133924,0.0291821090866075,0.6757431821980211,0.3242568178019788,360.0,2690.0,False,34760.0,0.0,0.9999999999999976,00,operational,106,0
0.969404556135778,0.0305954438642218,0.6911270164139618,0.3088729835860382,360.0,2690.0,False,34760.0,0.0,0.9999999999999976,10,operational,106,10
0.9695105613150128,0.0304894386849873,0.6757431821980211,0.3242568178019788,360.0,3230.0,False,34760.0,0.0,0.9999999999999976,01,operational,106,1
0.9669899560044616,0.0330100439955385,0.6911270164139618,0.3088729835860382,360.0,3370.0,False,34760.0,0.0,0.9999999999999976,11,operational,106,11
0.968390657932652,0.031609342067348,0.4360247265200226,0.5639752734799773,360.0,3680.0,False,34760.0,0.0,0.9999999999999976,00,operational,126,0
0.9664178046615008,0.0335821953384991,0.4571205212079563,0.5428794787920437,360.0,3680.0,False,34760.0,0.0,0.9999999999999976,10,operational,126,10
0.9626977247465236,0.0373022752534764,0.4360247265200226,0.5639752734799773,360.0,4830.0,False,34760.0,0.0,0.9999999999999976,01,operational,126,1
0.8248471607943356,0.1751528392056643,0.4571205212079563,0.5428794787920437,360.0,,True,34760.0,1.0,0.8461534867332533,11,operational,126,11
0.9888297780289396,0.0111702219710604,0.3271184615245405,0.6728815384754595,360.0,1790.0,False,34760.0,0.0,0.9999999999999976,00,operational,146,0
0.9868786539895256,0.0131213460104743,0.419022989327095,0.580977010672905,360.0,1790.0,False,34760.0,0.0,0.9999999999999976,10,operational,146,10
0.98726088439436,0.0127391156056401,0.3271184615245405,0.6728815384754595,360.0,2080.0,False,34760.0,0.0,0.9999999999999976,01,operational,146,1
0.984981632654012,0.015018367345988,0.419022989327095,0.580977010672905,360.0,2160.0,False,34760.0,0.0,0.9999999999999976,11,operational,146,11
0.9638209331936312,0.0361790668063687,0.7177117091002166,0.2822882908997833,360.0,3440.0,False,34760.0,0.0,0.9999999999999976,00,operational,166,0
0.9615192393705057,0.0384807606294944,0.7427240913167761,0.2572759086832238,360.0,3440.0,False,34760.0,0.0,0.9999999999999976,10,operational,166,10
0.9584962497502004,0.0415037502497995,0.7177117091002166,0.2822882908997833,360.0,4160.0,False,34760.0,0.0,0.9999999999999976,01,operational,166,1
0.8015967881548909,0.1984032118451091,0.7427240913167761,0.2572759086832238,360.0,,True,34760.0,1.0,0.8325521758208541,11,operational,166,11
0.971822112231546,0.0281778877684538,0.6339119130508777,0.3660880869491223,360.0,2870.0,False,34760.0,0.0,0.9999999999999976,00,operational,186,0
0.970834542194405,0.0291654578055949,0.6456285360987678,0.3543714639012322,360.0,2870.0,False,34760.0,0.0,0.9999999999999976,10,operational,186,10
0.9638443360800336,0.0361556639199664,0.6339119130508777,0.3660880869491223,360.0,3690.0,False,34760.0,0.0,0.9999999999999976,01,operational,186,1
0.9679712241800468,0.0320287758199533,0.6456285360987678,0.3543714639012322,360.0,3720.0,False,34760.0,0.0,0.9999999999999976,11,operational,186,11
0.9809587612921086,0.0190412387078914,0.5440981601916708,0.4559018398083291,220.0,2420.0,False,34760.0,0.0,0.9999999999999976,00,operational,7,0
0.9781982452251852,0.0218017547748149,0.8043281188347383,0.1956718811652617,220.0,2420.0,False,34760.0,0.0,0.9999999999999976,10,operational,7,10
0.9765984089139388,0.0234015910860611,0.5440981601916708,0.4559018398083291,220.0,2850.0,False,34760.0,0.0,0.9999999999999976,01,operational,7,1
0.9741384671286928,0.0258615328713071,0.8043281188347383,0.1956718811652617,220.0,3010.0,False,34760.0,0.0,0.9999999999999976,11,operational,7,11
0.9773399578490858,0.0226600421509142,0.6180189548921871,0.3819810451078129,360.0,2410.0,False,34760.0,0.0,0.9999999999999976,00,operational,27,0
0.976595454750712,0.0234045452492881,0.6479553045066899,0.35204469549331,360.0,2410.0,False,34760.0,0.0,0.9999999999999976,10,operational,27,10
0.97235794978624,0.02764205021376,0.6180189548921871,0.3819810451078129,360.0,2990.0,False,34760.0,0.0,0.9999999999999976,01,operational,27,1
0.9723367658562072,0.0276632341437926,0.6479553045066899,0.35204469549331,360.0,2990.0,False,34760.0,0.0,0.9999999999999976,11,operational,27,11
0.980958736412713,0.0190412635872869,0.5028107817166433,0.4971892182833567,360.0,2280.0,False,34760.0,0.0,0.9999999999999976,00,operational,47,0
0.9802781966640652,0.0197218033359348,0.5231846683861344,0.4768153316138656,360.0,2280.0,False,34760.0,0.0,0.9999999999999976,10,operational,47,10
0.9772865800082234,0.0227134199917765,0.5028107817166433,0.4971892182833567,360.0,2830.0,False,34760.0,0.0,0.9999999999999976,01,operational,47,1
0.9761706789322828,0.023829321067717,0.5231846683861344,0.4768153316138656,360.0,2570.0,False,34760.0,0.0,0.9999999999999976,11,operational,47,11
0.9944105360570058,0.0055894639429941,0.4051310883810561,0.5948689116189438,360.0,1090.0,False,34760.0,0.0,0.9999999999999976,00,operational,67,0
0.994311895184421,0.005688104815579,0.4091645718966707,0.5908354281033292,360.0,1090.0,False,34760.0,0.0,0.9999999999999976,10,operational,67,10
0.9943034986100776,0.0056965013899225,0.4051310883810561,0.5948689116189438,360.0,1150.0,False,34760.0,0.0,0.9999999999999976,01,operational,67,1
0.9940939147713338,0.0059060852286662,0.4091645718966707,0.5908354281033292,360.0,1170.0,False,34760.0,0.0,0.9999999999999976,11,operational,67,11
0.9848987310231478,0.0151012689768521,0.3827574494873959,0.6172425505126041,360.0,1970.0,False,34760.0,0.0,0.9999999999999976,00,operational,87,0
0.9844266679285218,0.0155733320714781,0.3880849301569669,0.6119150698430331,360.0,1970.0,False,34760.0,0.0,0.9999999999999976,10,operational,87,10
0.9823526905404896,0.0176473094595103,0.3827574494873959,0.6172425505126041,360.0,2370.0,False,34760.0,0.0,0.9999999999999976,01,operational,87,1
0.9185603500474502,0.0814396499525498,0.3880849301569669,0.6119150698430331,360.0,,True,34760.0,1.0,0.9317812656734458,11,operational,87,11
0.9951419967248412,0.0048580032751587,0.215029661415636,0.7849703385843639,360.0,1060.0,False,34760.0,0.0,0.9999999999999976,00,operational,107,0
0.994793097401837,0.005206902598163,0.2540021744919307,0.7459978255080693,360.0,1060.0,False,34760.0,0.0,0.9999999999999976,10,operational,107,10
0.9947772469853042,0.0052227530146957,0.215029661415636,0.7849703385843639,360.0,1150.0,False,34760.0,0.0,0.9999999999999976,01,operational,107,1
0.9943426787775144,0.0056573212224857,0.2540021744919307,0.7459978255080693,360.0,1150.0,False,34760.0,0.0,0.9999999999999976,11,operational,107,11
0.9864412864825618,0.0135587135174382,0.5341703180886819,0.465829681911318,360.0,1620.0,False,34760.0,0.0,0.9999999999999974,00,operational,127,0
0.9852733830160624,0.0147266169839376,0.5879681367471785,0.4120318632528215,360.0,1620.0,False,34760.0,0.0,0.9999999999999974,10,operational,127,10
0.984982138935692,0.0150178610643079,0.5341703180886819,0.465829681911318,360.0,1960.0,False,34760.0,0.0,0.9999999999999974,01,operational,127,1
0.9842061801853084,0.0157938198146917,0.5879681367471785,0.4120318632528215,360.0,1950.0,False,34760.0,0.0,0.9999999999999976,11,operational,127,11
0.9782197320525056,0.0217802679474943,0.6146715878513669,0.3853284121486331,360.0,2460.0,False,34760.0,0.0,0.9999999999999976,00,operational,147,0
0.9763854102538628,0.0236145897461371,0.6534871244284524,0.3465128755715476,360.0,2460.0,False,34760.0,0.0,0.9999999999999976,10,operational,147,10
0.9774119855033,0.0225880144966998,0.6146715878513669,0.3853284121486331,360.0,3020.0,False,34760.0,0.0,0.9999999999999976,01,operational,147,1
0.9761009882702036,0.0238990117297964,0.6534871244284524,0.3465128755715476,360.0,3020.0,False,34760.0,0.0,0.9999999999999976,11,operational,147,11
0.9808618059213065,0.0191381940786936,0.5592690341680394,0.4407309658319606,360.0,2120.0,False,34760.0,0.0,0.9999999999999976,00,operational,167,0
0.9791720385669476,0.0208279614330525,0.6026315761502927,0.3973684238497073,360.0,2120.0,False,34760.0,0.0,0.9999999999999976,10,operational,167,10
0.9793836194251576,0.0206163805748423,0.5592690341680394,0.4407309658319606,360.0,2440.0,False,34760.0,0.0,0.9999999999999976,01,operational,167,1
0.8745758857872581,0.1254241142127419,0.6026315761502927,0.3973684238497073,360.0,,True,34760.0,1.0,0.8893731201557741,11,operational,167,11
0.9185595313583784,0.0814404686416214,0.7976356285530575,0.2023643714469424,360.0,5570.0,False,34760.0,0.0,0.9999999999999974,00,operational,187,0
0.9163294192376882,0.0836705807623118,0.8041845183338601,0.1958154816661398,360.0,5570.0,False,34760.0,0.0,0.9999999999999974,10,operational,187,10
0.9114891043369048,0.0885108956630951,0.7976356285530575,0.2023643714469424,360.0,7780.0,False,34760.0,0.0,0.9999999999999974,01,operational,187,1
0.7883647410563717,0.2116352589436283,0.8041845183338601,0.1958154816661398,360.0,,True,34760.0,1.0,0.8461534867332533,11,operational,187,11
0.9868417434996626,0.0131582565003374,0.3628925834334968,0.6371074165665032,360.0,1910.0,False,34760.0,0.0,0.9999999999999976,00,operational,8,0
0.9864464632123128,0.0135535367876871,0.3816104696696534,0.6183895303303466,360.0,1910.0,False,34760.0,0.0,0.9999999999999976,10,operational,8,10
0.9840463508445428,0.0159536491554571,0.3628925834334968,0.6371074165665032,360.0,2470.0,False,34760.0,0.0,0.9999999999999976,01,operational,8,1
0.9838552080463376,0.0161447919536624,0.3816104696696534,0.6183895303303466,360.0,2460.0,False,34760.0,0.0,0.9999999999999976,11,operational,8,11
0.9755995931804666,0.0244004068195333,0.5430369060819707,0.4569630939180292,360.0,2850.0,False,34760.0,0.0,0.9999999999999974,00,operational,28,0
0.9734735125614754,0.0265264874385245,0.5769696891910379,0.4230303108089621,360.0,2850.0,False,34760.0,0.0,0.9999999999999974,10,operational,28,10
0.9698956443093464,0.0301043556906536,0.5430369060819707,0.4569630939180292,360.0,3690.0,False,34760.0,0.0,0.9999999999999974,01,operational,28,1
0.9680675776953322,0.0319324223046677,0.5769696891910379,0.4230303108089621,360.0,3810.0,False,34760.0,0.0,0.9999999999999974,11,operational,28,11
0.9430333697649028,0.0569666302350972,0.7485190669559947,0.2514809330440053,360.0,4630.0,False,34760.0,0.0,0.9999999999999976,00,operational,48,0
0.9412263157323636,0.0587736842676365,0.7582831232496536,0.2417168767503464,360.0,4630.0,False,34760.0,0.0,0.9999999999999976,10,operational,48,10
0.9329970733716167,0.0670029266283832,0.7485190669559947,0.2514809330440053,360.0,6250.0,False,34760.0,0.0,0.9999999999999974,01,operational,48,1
0.8038793159336638,0.1961206840663362,0.7582831232496536,0.2417168767503464,360.0,,True,34760.0,1.0,0.8462075581561569,11,operational,48,11
0.9554884125641748,0.0445115874358252,0.7752674758232995,0.2247325241767005,360.0,3830.0,False,34760.0,0.0,0.9999999999999976,00,operational,68,0
0.9536715425711138,0.0463284574288862,0.8109451289917186,0.1890548710082814,360.0,3830.0,False,34760.0,0.0,0.9999999999999976,10,operational,68,10
0.944562639117931,0.0554373608820689,0.7752674758232995,0.2247325241767005,360.0,5030.0,False,34760.0,0.0,0.9999999999999976,01,operational,68,1
0.8449192133929101,0.1550807866070899,0.8109451289917186,0.1890548710082814,360.0,,True,34760.0,1.0,0.8893731202453783,11,operational,68,11
0.991696502100618,0.0083034978993818,0.5302422444387804,0.4697577555612195,360.0,1190.0,False,34760.0,0.0,0.9999999999999976,00,operational,88,0
0.9916578072828776,0.0083421927171223,0.5355381651325584,0.4644618348674417,300.0,1190.0,False,34760.0,0.0,0.9999999999999976,10,operational,88,10
0.9893107284738972,0.0106892715261026,0.5302422444387804,0.4697577555612195,360.0,1490.0,False,34760.0,0.0,0.9999999999999976,01,operational,88,1
0.9890898031004142,0.0109101968995858,0.5355381651325584,0.4644618348674417,300.0,1490.0,False,34760.0,0.0,0.9999999999999976,11,operational,88,11
0.9507792415423812,0.0492207584576188,0.6720785984799916,0.3279214015200083,360.0,4470.0,False,34760.0,0.0,0.9999999999999976,00,operational,108,0
0.9476607075419032,0.0523392924580968,0.7313939928464719,0.2686060071535281,360.0,4470.0,False,34760.0,0.0,0.9999999999999976,10,operational,108,10
0.9381745307805291,0.0618254692194708,0.6720785984799916,0.3279214015200083,360.0,6110.0,False,34760.0,0.0,0.9999999999999976,01,operational,108,1
0.4763294923991765,0.5236705076008235,0.7313939928464719,0.2686060071535281,360.0,,True,34760.0,1.0,0.4827967470944836,11,operational,108,11
0.9942103602591092,0.0057896397408908,0.2471557969454553,0.7528442030545447,360.0,1220.0,False,34760.0,0.0,0.9999999999999976,00,operational,128,0
0.9937200574778972,0.0062799425221027,0.3015189572697196,0.6984810427302803,360.0,1220.0,False,34760.0,0.0,0.9999999999999976,10,operational,128,10
0.992629960681258,0.007370039318742,0.2471557969454553,0.7528442030545447,360.0,1510.0,False,34760.0,0.0,0.9999999999999976,01,operational,128,1
0.9917651735227314,0.0082348264772685,0.3015189572697196,0.6984810427302803,360.0,1530.0,False,34760.0,0.0,0.9999999999999976,11,operational,128,11
0.9834466402016452,0.0165533597983547,0.417821952333399,0.582178047666601,360.0,2360.0,False,34760.0,0.0,0.9999999999999976,00,operational,148,0
0.9817125841578788,0.0182874158421211,0.4692936789376162,0.5307063210623838,360.0,2360.0,False,34760.0,0.0,0.9999999999999976,10,operational,148,10
0.9819136828912292,0.0180863171087708,0.417821952333399,0.582178047666601,360.0,2730.0,False,34760.0,0.0,0.9999999999999976,01,operational,148,1
0.980141070348334,0.0198589296516661,0.4692936789376162,0.5307063210623838,360.0,2760.0,False,34760.0,0.0,0.9999999999999976,11,operational,148,11
0.9849875553472692,0.0150124446527308,0.6107293506692768,0.3892706493307231,360.0,1960.0,False,34760.0,0.0,0.9999999999999976,00,operational,168,0
0.9838656179637656,0.0161343820362344,0.6608839240506421,0.3391160759493578,360.0,1960.0,False,34760.0,0.0,0.9999999999999976,10,operational,168,10
0.9847326862056944,0.0152673137943054,0.6107293506692768,0.3892706493307231,360.0,2100.0,False,34760.0,0.0,0.9999999999999976,01,operational,168,1
0.9834577650178568,0.0165422349821431,0.6608839240506421,0.3391160759493578,360.0,2120.0,False,34760.0,0.0,0.9999999999999976,11,operational,168,11
0.984618102707652,0.015381897292348,0.4149165437952566,0.5850834562047433,360.0,2070.0,False,34760.0,0.0,0.9999999999999976,00,operational,188,0
0.9837915280963953,0.0162084719036048,0.4576367737012706,0.5423632262987294,360.0,2070.0,False,34760.0,0.0,0.9999999999999976,10,operational,188,10
0.9837181565270938,0.0162818434729061,0.4149165437952566,0.5850834562047433,360.0,2240.0,False,34760.0,0.0,0.9999999999999976,01,operational,188,1
0.9829445590040546,0.0170554409959453,0.4576367737012706,0.5423632262987294,360.0,2240.0,False,34760.0,0.0,0.9999999999999976,11,operational,188,11
0.98951046527944,0.01048953472056,0.5826139836680668,0.4173860163319331,360.0,1340.0,False,34760.0,0.0,0.9999999999999976,00,operational,9,0
0.9892683163808028,0.0107316836191972,0.6074436646383492,0.3925563353616507,360.0,1340.0,False,34760.0,0.0,0.9999999999999976,10,operational,9,10
0.9884449223588764,0.0115550776411236,0.5826139836680668,0.4173860163319331,360.0,1490.0,False,34760.0,0.0,0.9999999999999976,01,operational,9,1
0.9883869352065984,0.0116130647934015,0.6074436646383492,0.3925563353616507,360.0,1490.0,False,34760.0,0.0,0.9999999999999976,11,operational,9,11
0.9803134475021196,0.0196865524978803,0.6048493062045905,0.3951506937954094,360.0,2170.0,False,34760.0,0.0,0.9999999999999976,00,operational,29,0
0.9801501380437256,0.0198498619562742,0.6048620096462485,0.3951379903537514,360.0,2170.0,False,34760.0,0.0,0.9999999999999976,10,operational,29,10
0.9797655519126742,0.0202344480873257,0.6048493062045905,0.3951506937954094,360.0,2290.0,False,34760.0,0.0,0.9999999999999976,01,operational,29,1
0.979601167346631,0.0203988326533689,0.6048620096462485,0.3951379903537514,360.0,2290.0,False,34760.0,0.0,0.9999999999999976,11,operational,29,11
0.954730838505656,0.045269161494344,0.7289862578463762,0.2710137421536238,360.0,3940.0,False,34760.0,0.0,0.9999999999999976,00,operational,49,0
0.953205791387314,0.0467942086126861,0.7486051339670535,0.2513948660329465,360.0,3940.0,False,34760.0,0.0,0.9999999999999976,10,operational,49,10
0.9448737799788108,0.0551262200211891,0.7289862578463762,0.2710137421536238,360.0,5460.0,False,34760.0,0.0,0.9999999999999976,01,operational,49,1
0.9440117730459476,0.0559882269540524,0.7486051339670535,0.2513948660329465,360.0,5180.0,False,34760.0,0.0,0.9999999999999976,11,operational,49,11
0.946638289445662,0.053361710554338,0.6581900139410919,0.3418099860589081,360.0,4650.0,False,34760.0,0.0,0.9999999999999976,00,operational,69,0
0.9434864587809328,0.0565135412190672,0.676642628239592,0.323357371760408,360.0,4650.0,False,34760.0,0.0,0.9999999999999976,10,operational,69,10
0.9371351116765718,0.0628648883234281,0.658190013886244,0.3418099861137559,360.0,6070.0,False,34760.0,0.0,0.9999999999999976,01,operational,69,1
0.7383005005057686,0.2616994994942314,0.6766426282011775,0.3233573717988225,360.0,,True,34760.0,1.0,0.7717890050583598,11,operational,69,11
0.9671588990753416,0.0328411009246583,0.6225204830735639,0.3774795169264361,360.0,3320.0,False,34760.0,0.0,0.9999999999999976,00,operational,89,0
0.9655258466104611,0.0344741533895388,0.6492573004149524,0.3507426995850476,360.0,3320.0,False,34760.0,0.0,0.9999999999999976,10,operational,89,10
0.9647820889136298,0.0352179110863701,0.6225204830735639,0.3774795169264361,360.0,4500.0,False,34760.0,0.0,0.9999999999999976,01,operational,89,1
0.9639623865453832,0.0360376134546167,0.6492573004149524,0.3507426995850476,360.0,4500.0,False,34760.0,0.0,0.9999999999999976,11,operational,89,11
0.9559228314883744,0.0440771685116254,0.7256894816199018,0.2743105183800982,360.0,3860.0,False,34760.0,0.0,0.9999999999999976,00,operational,109,0
0.9537757027209446,0.0462242972790554,0.7610451383182064,0.2389548616817935,360.0,3860.0,False,34760.0,0.0,0.9999999999999976,10,operational,109,10
0.951891263076243,0.0481087369237569,0.7256894816199018,0.2743105183800982,360.0,5400.0,False,34760.0,0.0,0.9999999999999976,01,operational,109,1
0.8561222863609715,0.1438777136390284,0.7610451383182064,0.2389548616817935,360.0,,True,34760.0,1.0,0.8893731197842346,11,operational,109,11
0.9890925108769592,0.0109074891230407,0.3696951934396523,0.6303048065603477,360.0,1720.0,False,34760.0,0.0,0.9999999999999976,00,operational,129,0
0.9883529992804788,0.0116470007195211,0.4075789627144768,0.5924210372855232,360.0,1720.0,False,34760.0,0.0,0.9999999999999976,10,operational,129,10
0.9864420777913274,0.0135579222086725,0.3696951934396523,0.6303048065603477,360.0,2140.0,False,34760.0,0.0,0.9999999999999976,01,operational,129,1
0.985735245703844,0.0142647542961561,0.4075789627144768,0.5924210372855232,360.0,2150.0,False,34760.0,0.0,0.9999999999999976,11,operational,129,11
0.975215770043172,0.0247842299568279,0.666365565533939,0.333634434466061,360.0,2710.0,False,34760.0,0.0,0.9999999999999976,00,operational,149,0
0.9745909388714534,0.0254090611285465,0.6821596473168685,0.3178403526831315,360.0,2710.0,False,34760.0,0.0,0.9999999999999976,10,operational,149,10
0.9692628901156748,0.0307371098843253,0.666365565533939,0.333634434466061,360.0,3370.0,False,34760.0,0.0,0.9999999999999976,01,operational,149,1
0.9627555865785724,0.0372444134214275,0.6821596473168685,0.3178403526831315,360.0,3160.0,False,34760.0,0.0,0.9999999999999976,11,operational,149,11
0.972989329726048,0.027010670273952,0.6011363089315789,0.3988636910684211,360.0,2810.0,False,34760.0,0.0,0.9999999999999976,00,operational,169,0
0.9701956350083168,0.0298043649916832,0.6552492861030931,0.3447507138969069,360.0,2810.0,False,34760.0,0.0,0.9999999999999976,10,operational,169,10
0.968492303369798,0.031507696630202,0.6011363089315789,0.3988636910684211,360.0,3660.0,False,34760.0,0.0,0.9999999999999976,01,operational,169,1
0.6357863535063341,0.3642136464936659,0.6552492861030931,0.3447507138969069,360.0,,True,34760.0,1.0,0.6430575657833794,11,operational,169,11
0.9687461086272562,0.0312538913727438,0.6621859322878328,0.3378140677121671,360.0,2930.0,False,34760.0,0.0,0.9999999999999976,00,operational,189,0
0.9677250121071668,0.0322749878928331,0.6679972642171899,0.3320027357828101,360.0,2930.0,False,34760.0,0.0,0.9999999999999976,10,operational,189,10
0.9647180205243312,0.0352819794756689,0.6621859322878328,0.3378140677121671,360.0,4030.0,False,34760.0,0.0,0.9999999999999976,01,operational,189,1
0.7890167307791225,0.2109832692208775,0.6679972642171899,0.3320027357828101,360.0,,True,34760.0,1.0,0.8087461958770293,11,operational,189,11
0.9931215035445224,0.0068784964554776,0.285520056877349,0.714479943122651,360.0,1230.0,False,34760.0,0.0,0.9999999999999976,00,operational,10,0
0.9923566492336524,0.0076433507663474,0.3502894996177703,0.6497105003822297,360.0,1230.0,False,34760.0,0.0,0.9999999999999976,10,operational,10,10
0.991839151736331,0.008160848263669,0.285520056877349,0.714479943122651,360.0,1440.0,False,34760.0,0.0,0.9999999999999976,01,operational,10,1
0.9914841346673656,0.0085158653326342,0.3502894996177703,0.6497105003822297,360.0,1460.0,False,34760.0,0.0,0.9999999999999976,11,operational,10,11
0.9419907538711813,0.0580092461288187,0.8087232047341273,0.1912767952658726,360.0,4720.0,False,34760.0,0.0,0.9999999999999976,00,operational,30,0
0.9373043367531936,0.0626956632468063,0.8780660315751064,0.1219339684248935,360.0,4720.0,False,34760.0,0.0,0.9999999999999976,10,operational,30,10
0.9313088313858692,0.0686911686141307,0.8087232047341273,0.1912767952658726,360.0,6290.0,False,34760.0,0.0,0.9999999999999976,01,operational,30,1
0.8158530322860729,0.1841469677139271,0.8780660315751064,0.1219339684248935,360.0,,True,34760.0,1.0,0.8652945856693853,11,operational,30,11
0.981367029905178,0.0186329700948221,0.5568833178440324,0.4431166821559676,360.0,2300.0,False,34760.0,0.0,0.9999999999999976,00,operational,50,0
0.9785753466597802,0.0214246533402198,0.6318655549204941,0.3681344450795059,360.0,2300.0,False,34760.0,0.0,0.9999999999999976,10,operational,50,10
0.978425269593059,0.021574730406941,0.5568833178440324,0.4431166821559676,360.0,2790.0,False,34760.0,0.0,0.9999999999999976,01,operational,50,1
0.6465420438386776,0.3534579561613223,0.6318655549204941,0.3681344450795059,360.0,,True,34760.0,1.0,0.6511109436944912,11,operational,50,11
0.9813232438292472,0.0186767561707529,0.4461440572046422,0.5538559427953578,360.0,2730.0,False,34760.0,0.0,0.9999999999999976,00,operational,70,0
0.9762023283934258,0.0237976716065742,0.5688735792550449,0.4311264207449551,360.0,2730.0,False,34760.0,0.0,0.9999999999999976,10,operational,70,10
0.9770648578050874,0.0229351421949125,0.4461440572046422,0.5538559427953578,360.0,3490.0,False,34760.0,0.0,0.9999999999999976,01,operational,70,1
0.7413884614224515,0.2586115385775485,0.5688735792550449,0.4311264207449551,360.0,,True,34760.0,1.0,0.7505515843940664,11,operational,70,11
0.9851575934027784,0.0148424065972216,0.3732960941477025,0.6267039058522975,360.0,2410.0,False,34760.0,0.0,0.9999999999999976,00,operational,90,0
0.9833533792495572,0.0166466207504426,0.4109855772662689,0.5890144227337311,360.0,2410.0,False,34760.0,0.0,0.9999999999999976,10,operational,90,10
0.983041281575767,0.016958718424233,0.3732960941477025,0.6267039058522975,360.0,2860.0,False,34760.0,0.0,0.9999999999999976,01,operational,90,1
0.9818309181774916,0.0181690818225083,0.4109855772662689,0.5890144227337311,360.0,2850.0,False,34760.0,0.0,0.9999999999999976,11,operational,90,11
0.9538544768368185,0.0461455231631815,0.7471049584703093,0.2528950415296907,360.0,3740.0,False,34760.0,0.0,0.9999999999999976,00,operational,110,0
0.952869633711786,0.0471303662882141,0.7505970215442531,0.2494029784557468,360.0,3740.0,False,34760.0,0.0,0.9999999999999976,10,operational,110,10
0.9348842427242984,0.0651157572757017,0.7471049584703093,0.2528950415296907,360.0,4720.0,False,34760.0,0.0,0.9999999999999976,01,operational,110,1
0.0672750017055754,0.9327249982944246,0.7505970215442531,0.2494029784557468,360.0,,True,34760.0,1.0,0.0573586490545674,11,operational,110,11
0.981494456542646,0.0185055434573538,0.6506042165918722,0.3493957834081277,360.0,2230.0,False,34760.0,0.0,0.9999999999999976,00,operational,130,0
0.9788498362045788,0.0211501637954211,0.784005670832512,0.2159943291674879,360.0,2230.0,False,34760.0,0.0,0.9999999999999976,10,operational,130,10
0.9789929336457306,0.0210070663542694,0.6506042165918722,0.3493957834081277,360.0,2900.0,False,34760.0,0.0,0.9999999999999976,01,operational,130,1
0.9143254101616726,0.0856745898383274,0.784005670832512,0.2159943291674879,360.0,,True,34760.0,1.0,0.9317812653019064,11,operational,130,11
0.9711593637461,0.0288406362538998,0.6062688230265036,0.3937311769734963,360.0,2730.0,False,34760.0,0.0,0.9999999999999974,00,operational,150,0
0.9688392527363988,0.0311607472636012,0.6101805505756739,0.3898194494243261,360.0,2730.0,False,34760.0,0.0,0.9999999999999974,10,operational,150,10
0.9689604579146148,0.031039542085385,0.6062688230265036,0.3937311769734963,360.0,3680.0,False,34760.0,0.0,0.9999999999999974,01,operational,150,1
0.9650650727789384,0.0349349272210616,0.6101805505756739,0.3898194494243261,360.0,3830.0,False,34760.0,0.0,0.9999999999999974,11,operational,150,11
0.967536354924605,0.032463645075395,0.6855259971683584,0.3144740028316416,360.0,3210.0,False,34760.0,0.0,0.9999999999999976,00,operational,170,0
0.9636996547939388,0.036300345206061,0.767432319305424,0.2325676806945759,360.0,3210.0,False,34760.0,0.0,0.9999999999999976,10,operational,170,10
0.9622556635904708,0.0377443364095292,0.6855259971683584,0.3144740028316416,360.0,3930.0,False,34760.0,0.0,0.9999999999999976,01,operational,170,1
0.9597953802219448,0.0402046197780551,0.767432319305424,0.2325676806945759,360.0,3900.0,False,34760.0,0.0,0.9999999999999976,11,operational,170,11
0.95670164507189,0.04329835492811,0.7302169556957491,0.2697830443042509,360.0,3650.0,False,34760.0,0.0,0.9999999999999976,00,operational,190,0
0.9553136362575658,0.0446863637424341,0.8638606341869169,0.136139365813083,170.0,3650.0,False,34760.0,0.0,0.9999999999999976,10,operational,190,10
0.9467569144053136,0.0532430855946862,0.7302169556957491,0.2697830443042509,360.0,4620.0,False,34760.0,0.0,0.9999999999999976,01,operational,190,1
0.950595163210734,0.0494048367892659,0.8638606341869169,0.136139365813083,170.0,4370.0,False,34760.0,0.0,0.9999999999999976,11,operational,190,11
0.9544790749729436,0.0455209250270564,0.6246177379875699,0.37538226201243,360.0,4120.0,False,34760.0,0.0,0.9999999999999976,00,operational,11,0
0.9514096774271248,0.0485903225728753,0.646877959322016,0.353122040677984,360.0,4120.0,False,34760.0,0.0,0.9999999999999976,10,operational,11,10
0.940822005558783,0.0591779944412169,0.6246177379875699,0.37538226201243,360.0,5490.0,False,34760.0,0.0,0.9999999999999976,01,operational,11,1
0.9386175017150722,0.0613824982849278,0.646877959322016,0.353122040677984,360.0,5470.0,False,34760.0,0.0,0.9999999999999976,11,operational,11,11
0.9748190023123235,0.0251809976876763,0.599568483732559,0.400431516267441,360.0,2630.0,False,34760.0,0.0,0.9999999999999976,00,operational,31,0
0.9729830862137844,0.0270169137862157,0.6419814986580801,0.3580185013419199,360.0,2630.0,False,34760.0,0.0,0.9999999999999976,10,operational,31,10
0.9707505472554788,0.0292494527445211,0.599568483732559,0.400431516267441,360.0,3320.0,False,34760.0,0.0,0.9999999999999976,01,operational,31,1
0.968373165540504,0.0316268344594959,0.6419814986580801,0.3580185013419199,360.0,3370.0,False,34760.0,0.0,0.9999999999999976,11,operational,31,11
0.9785902299758612,0.0214097700241387,0.5811414331463891,0.4188585668536109,360.0,2550.0,False,34760.0,0.0,0.9999999999999976,00,operational,51,0
0.9766199898501168,0.0233800101498832,0.6010602619411161,0.3989397380588839,360.0,2550.0,False,34760.0,0.0,0.9999999999999976,10,operational,51,10
0.9718760237478946,0.0281239762521053,0.5811414331463891,0.4188585668536109,360.0,3270.0,False,34760.0,0.0,0.9999999999999976,01,operational,51,1
0.8371299781883429,0.1628700218116571,0.6010602619411161,0.3989397380588839,360.0,,True,34760.0,1.0,0.8505201075059082,11,operational,51,11
0.978818777443082,0.0211812225569181,0.4121107487077712,0.5878892512922288,360.0,2740.0,False,34760.0,0.0,0.9999999999999976,00,operational,71,0
0.9773053537559452,0.0226946462440548,0.4407657177947589,0.5592342822052411,360.0,2740.0,False,34760.0,0.0,0.9999999999999976,10,operational,71,10
0.9753770300107106,0.0246229699892893,0.4121107487077712,0.5878892512922288,360.0,3380.0,False,34760.0,0.0,0.9999999999999976,01,operational,71,1
0.9743002002406076,0.0256997997593924,0.4407657177947589,0.5592342822052411,360.0,3350.0,False,34760.0,0.0,0.9999999999999976,11,operational,71,11
0.9759493998272004,0.0240506001727996,0.4673462473497715,0.5326537526502285,360.0,2940.0,False,34760.0,0.0,0.9999999999999976,00,operational,91,0
0.974932572404804,0.0250674275951958,0.4948070202291589,0.5051929797708411,360.0,2940.0,False,34760.0,0.0,0.9999999999999976,10,operational,91,10
0.9687243771898768,0.0312756228101231,0.4673462473497715,0.5326537526502285,360.0,3790.0,False,34760.0,0.0,0.9999999999999976,01,operational,91,1
0.9551380974358682,0.0448619025641318,0.4948070202291589,0.5051929797708411,360.0,3370.0,False,34760.0,0.0,0.9999999999999976,11,operational,91,11
0.9860415571263194,0.0139584428736806,0.5143035700466791,0.4856964299533209,360.0,1960.0,False,34760.0,0.0,0.9999999999999976,00,operational,111,0
0.9853581510727034,0.0146418489272965,0.5660335560861929,0.433966443913807,360.0,1960.0,False,34760.0,0.0,0.9999999999999976,10,operational,111,10
0.985146515342668,0.0148534846573319,0.5143035700466791,0.4856964299533209,360.0,2160.0,False,34760.0,0.0,0.9999999999999976,01,operational,111,1
0.984463109289052,0.0155368907109481,0.5660335560861929,0.433966443913807,360.0,2160.0,False,34760.0,0.0,0.9999999999999976,11,operational,111,11
0.9602381768786944,0.0397618231213054,0.7230111040580316,0.2769888959419684,360.0,3700.0,False,34760.0,0.0,0.9999999999999976,00,operational,131,0
0.9577940979806968,0.0422059020193031,0.7561656796805503,0.2438343203194498,360.0,3700.0,False,34760.0,0.0,0.9999999999999976,10,operational,131,10
0.9565223282087276,0.0434776717912723,0.7230111040580316,0.2769888959419684,360.0,4320.0,False,34760.0,0.0,0.9999999999999976,01,operational,131,1
0.8932910167489453,0.1067089832510547,0.7561656796805503,0.2438343203194498,360.0,,True,34760.0,1.0,0.93592348784348,11,operational,131,11
0.9891120215830818,0.0108879784169182,0.5305260568188782,0.4694739431811218,360.0,1280.0,False,34760.0,0.0,0.9999999999999976,00,operational,151,0
0.9891120215830818,0.0108879784169182,0.5305260568188782,0.4694739431811218,360.0,1280.0,False,34760.0,0.0,0.9999999999999976,10,operational,151,10
0.9881960048412946,0.0118039951587054,0.5305260568188782,0.4694739431811218,360.0,1410.0,False,34760.0,0.0,0.9999999999999976,01,operational,151,1
0.9881960048412946,0.0118039951587054,0.5305260568188782,0.4694739431811218,360.0,1410.0,False,34760.0,0.0,0.9999999999999976,11,operational,151,11
0.9738932930085816,0.0261067069914183,0.67760869763228,0.3223913023677199,360.0,2810.0,False,34760.0,0.0,0.9999999999999976,00,operational,171,0
0.9720498864718832,0.0279501135281168,0.7120967111709071,0.2879032888290929,360.0,2810.0,False,34760.0,0.0,0.9999999999999976,10,operational,171,10
0.9709446848279328,0.0290553151720672,0.67760869763228,0.3223913023677199,360.0,3490.0,False,34760.0,0.0,0.9999999999999976,01,operational,171,1
0.968304137739786,0.0316958622602139,0.7120967111709071,0.2879032888290929,360.0,3610.0,False,34760.0,0.0,0.9999999999999976,11,operational,171,11
0.9861587832731956,0.0138412167268042,0.4183019714084269,0.581698028591573,360.0,1880.0,False,34760.0,0.0,0.9999999999999976,00,operational,191,0
0.9852933985154064,0.0147066014845936,0.43907906017256,0.56092093982744,360.0,1880.0,False,34760.0,0.0,0.9999999999999976,10,operational,191,10
0.9847037881083688,0.0152962118916311,0.4183019714084269,0.581698028591573,360.0,2120.0,False,34760.0,0.0,0.9999999999999976,01,operational,191,1
0.9193637180667664,0.0806362819332335,0.43907906017256,0.56092093982744,360.0,,True,34760.0,1.0,0.93178126576305,11,operational,191,11
0.9633279842109188,0.0366720157890813,0.715933749335823,0.284066250664177,360.0,3390.0,False,34760.0,0.0,0.9999999999999976,00,operational,12,0
0.9601204811196438,0.0398795188803562,0.7588862253919072,0.2411137746080928,360.0,3390.0,False,34760.0,0.0,0.9999999999999976,10,operational,12,10
0.9469614647766602,0.0530385352233397,0.715933749335823,0.284066250664177,360.0,4770.0,False,34760.0,0.0,0.9999999999999976,01,operational,12,1
0.7491755392489551,0.2508244607510449,0.7588862253919072,0.2411137746080928,360.0,,True,34760.0,1.0,0.7717890050583598,11,operational,12,11
0.97341200148113,0.0265879985188699,0.7092157799826242,0.2907842200173757,360.0,2850.0,False,34760.0,0.0,0.9999999999999976,00,operational,32,0
0.9714517705625304,0.0285482294374694,0.7592401476664694,0.2407598523335306,360.0,2850.0,False,34760.0,0.0,0.9999999999999976,10,operational,32,10
0.9645036435834592,0.0354963564165408,0.7092157799826242,0.2907842200173757,360.0,3700.0,False,34760.0,0.0,0.9999999999999976,01,operational,32,1
0.9647957472234168,0.0352042527765832,0.7592401476664694,0.2407598523335306,360.0,3740.0,False,34760.0,0.0,0.9999999999999976,11,operational,32,11
0.9685630782297224,0.0314369217702775,0.6921106271145772,0.3078893728854229,360.0,3190.0,False,34760.0,0.0,0.9999999999999976,00,operational,52,0
0.9658303890729544,0.0341696109270456,0.7682377494781696,0.2317622505218304,360.0,3190.0,False,34760.0,0.0,0.9999999999999976,10,operational,52,10
0.9617259313413954,0.0382740686586046,0.6921106271145772,0.3078893728854229,360.0,4080.0,False,34760.0,0.0,0.9999999999999976,01,operational,52,1
0.9575499813086996,0.0424500186913003,0.7682377494781696,0.2317622505218304,360.0,3830.0,False,34760.0,0.0,0.9999999999999976,11,operational,52,11
0.9750167004607052,0.0249832995392947,0.6431248482398598,0.3568751517601402,360.0,2330.0,False,34760.0,0.0,0.9999999999999976,00,operational,72,0
0.973949584138992,0.0260504158610078,0.6641305195846511,0.3358694804153489,360.0,2330.0,False,34760.0,0.0,0.9999999999999976,10,operational,72,10
0.974052079030976,0.0259479209690238,0.6431248482398598,0.3568751517601402,360.0,2760.0,False,34760.0,0.0,0.9999999999999976,01,operational,72,1
0.9733531988602662,0.0266468011397338,0.6641305195846511,0.3358694804153489,360.0,2800.0,False,34760.0,0.0,0.9999999999999976,11,operational,72,11
0.9938705663093872,0.0061294336906126,0.3604299704450466,0.6395700295549533,360.0,1000.0,False,34760.0,0.0,0.9999999999999976,00,operational,92,0
0.9935418219926933,0.0064581780073068,0.4130444131663098,0.5869555868336902,360.0,1000.0,False,34760.0,0.0,0.9999999999999976,10,operational,92,10
0.9934501879983808,0.0065498120016191,0.3604299704450466,0.6395700295549533,360.0,1130.0,False,34760.0,0.0,0.9999999999999976,01,operational,92,1
0.9931518109517266,0.0068481890482734,0.4130444131663098,0.5869555868336902,360.0,1130.0,False,34760.0,0.0,0.9999999999999976,11,operational,92,11
0.9841047221331224,0.0158952778668777,0.561039020376368,0.438960979623632,360.0,2310.0,False,34760.0,0.0,0.9999999999999976,00,operational,112,0
0.9824858446690756,0.0175141553309242,0.623798835358971,0.376201164641029,360.0,2310.0,False,34760.0,0.0,0.9999999999999976,10,operational,112,10
0.9829113632718804,0.0170886367281196,0.561039020376368,0.438960979623632,360.0,2900.0,False,34760.0,0.0,0.9999999999999976,01,operational,112,1
0.9790093991314848,0.0209906008685153,0.623798835358971,0.376201164641029,360.0,3050.0,False,34760.0,0.0,0.9999999999999976,11,operational,112,11
0.9952606740417008,0.0047393259582992,0.3748931310616308,0.6251068689383692,360.0,910.0,False,34760.0,0.0,0.9999999999999976,00,operational,132,0
0.9951104884586012,0.0048895115413989,0.3833963221193808,0.6166036778806192,360.0,910.0,False,34760.0,0.0,0.9999999999999976,10,operational,132,10
0.9950815655469272,0.0049184344530729,0.3748931310616308,0.6251068689383692,360.0,1010.0,False,34760.0,0.0,0.9999999999999976,01,operational,132,1
0.99497798880344,0.0050220111965598,0.3833963221193808,0.6166036778806192,360.0,1010.0,False,34760.0,0.0,0.9999999999999976,11,operational,132,11
0.9964924418743556,0.0035075581256444,0.204865097805159,0.795134902194841,360.0,1030.0,False,34760.0,0.0,0.9999999999999976,00,operational,152,0
0.9957243093961656,0.0042756906038343,0.3067211314899201,0.6932788685100799,360.0,1030.0,False,34760.0,0.0,0.9999999999999976,10,operational,152,10
0.9956258964645776,0.0043741035354223,0.2048650978051589,0.7951349021948411,360.0,1240.0,False,34760.0,0.0,0.9999999999999976,01,operational,152,1
0.9955114282129328,0.0044885717870671,0.3067211314899202,0.6932788685100798,360.0,1250.0,False,34760.0,0.0,0.9999999999999976,11,operational,152,11
0.974944924718966,0.025055075281034,0.4649112540875806,0.5350887459124194,360.0,2690.0,False,34760.0,0.0,0.9999999999999974,00,operational,172,0
0.974703000948038,0.0252969990519619,0.4670815335203945,0.5329184664796055,360.0,2690.0,False,34760.0,0.0,0.9999999999999974,10,operational,172,10
0.9714740400984538,0.0285259599015461,0.4649112540875806,0.5350887459124194,360.0,3320.0,False,34760.0,0.0,0.9999999999999974,01,operational,172,1
0.9708746820801296,0.0291253179198704,0.4670815335203945,0.5329184664796055,360.0,3250.0,False,34760.0,0.0,0.9999999999999974,11,operational,172,11
0.947749009811782,0.0522509901882179,0.775208006189561,0.224791993810439,360.0,4260.0,False,34760.0,0.0,0.9999999999999974,00,operational,192,0
0.9453966990373746,0.0546033009626254,0.7934068890471561,0.2065931109528439,360.0,4260.0,False,34760.0,0.0,0.9999999999999974,10,operational,192,10
0.9361634705956676,0.0638365294043323,0.775208006189561,0.224791993810439,360.0,5690.0,False,34760.0,0.0,0.9999999999999974,01,operational,192,1
0.9369444855128312,0.0630555144871687,0.7934068890471561,0.2065931109528439,360.0,5440.0,False,34760.0,0.0,0.9999999999999974,11,operational,192,11
0.9907975906343603,0.0092024093656395,0.3215856555238546,0.6784143444761453,360.0,1480.0,False,34760.0,0.0,0.9999999999999976,00,operational,13,0
0.990160978727086,0.0098390212729139,0.3712774930961567,0.6287225069038432,360.0,1480.0,False,34760.0,0.0,0.9999999999999976,10,operational,13,10
0.989975754124344,0.0100242458756559,0.3215856555238546,0.6784143444761453,360.0,1640.0,False,34760.0,0.0,0.9999999999999976,01,operational,13,1
0.9246005912399344,0.0753994087600654,0.3712774930961567,0.6287225069038432,360.0,,True,34760.0,1.0,0.931781265742762,11,operational,13,11
0.971788917899936,0.0282110821000639,0.6809553425720035,0.3190446574279965,360.0,2730.0,False,34760.0,0.0,0.9999999999999974,00,operational,33,0
0.9701457044693887,0.0298542955306111,0.7130575820353752,0.2869424179646248,360.0,2730.0,False,34760.0,0.0,0.9999999999999974,10,operational,33,10
0.9698047849006408,0.0301952150993591,0.6809553425720035,0.3190446574279965,360.0,3380.0,False,34760.0,0.0,0.9999999999999974,01,operational,33,1
0.9077051632472902,0.0922948367527097,0.7130575820353752,0.2869424179646248,360.0,,True,34760.0,1.0,0.9317812653019064,11,operational,33,11
0.9660853628901396,0.0339146371098605,0.659855011366304,0.340144988633696,360.0,3220.0,False,34760.0,0.0,0.9999999999999976,00,operational,53,0
0.9650063776781338,0.0349936223218662,0.6678813137682287,0.3321186862317713,360.0,3220.0,False,34760.0,0.0,0.9999999999999976,10,operational,53,10
0.9614299185471186,0.0385700814528814,0.659855011366304,0.340144988633696,360.0,4120.0,False,34760.0,0.0,0.9999999999999976,01,operational,53,1
0.7908191222506387,0.2091808777493613,0.6678813137682287,0.3321186862317713,360.0,,True,34760.0,1.0,0.8122470613902637,11,operational,53,11
0.9607404632274174,0.0392595367725826,0.6744777800325165,0.3255222199674835,360.0,3530.0,False,34760.0,0.0,0.9999999999999976,00,operational,73,0
0.9598852585992927,0.0401147414007072,0.6796482466184084,0.3203517533815915,360.0,3530.0,False,34760.0,0.0,0.9999999999999976,10,operational,73,10
0.9485051896183662,0.0514948103816338,0.6744777800325165,0.3255222199674835,360.0,4660.0,False,34760.0,0.0,0.9999999999999976,01,operational,73,1
0.8170914671206099,0.1829085328793901,0.6796482466184084,0.3203517533815915,360.0,,True,34760.0,1.0,0.8461534867332533,11,operational,73,11
0.9739890084182288,0.0260109915817713,0.6082505758307807,0.3917494241692193,360.0,2810.0,False,34760.0,0.0,0.9999999999999974,00,operational,93,0
0.9723673232302394,0.0276326767697605,0.6552726701102878,0.3447273298897121,360.0,2810.0,False,34760.0,0.0,0.9999999999999974,10,operational,93,10
0.9703227178906338,0.0296772821093661,0.6082505758307807,0.3917494241692193,360.0,3670.0,False,34760.0,0.0,0.9999999999999974,01,operational,93,1
0.9677289838288352,0.0322710161711649,0.6552726701102878,0.3447273298897121,360.0,3660.0,False,34760.0,0.0,0.9999999999999974,11,operational,93,11
0.9692913545033548,0.030708645496645,0.657328681240983,0.342671318759017,360.0,3110.0,False,34760.0,0.0,0.9999999999999976,00,operational,113,0
0.9681055099662028,0.0318944900337972,0.6855677518530684,0.3144322481469316,360.0,3110.0,False,34760.0,0.0,0.9999999999999976,10,operational,113,10
0.9671772129909748,0.0328227870090253,0.657328681240983,0.342671318759017,360.0,3620.0,False,34760.0,0.0,0.9999999999999976,01,operational,113,1
0.9661672060632326,0.0338327939367674,0.6855677518530684,0.3144322481469316,360.0,3620.0,False,34760.0,0.0,0.9999999999999976,11,operational,113,11
0.9879830882482497,0.0120169117517503,0.4047239355422591,0.5952760644577408,360.0,1690.0,False,34760.0,0.0,0.9999999999999974,00,operational,133,0
0.98778936278181,0.01221063721819,0.4102638657084214,0.5897361342915786,360.0,1690.0,False,34760.0,0.0,0.9999999999999974,10,operational,133,10
0.9865369364672903,0.0134630635327096,0.4047239355422591,0.5952760644577408,360.0,1960.0,False,34760.0,0.0,0.9999999999999974,01,operational,133,1
0.9861399725704978,0.0138600274295022,0.4102638657084214,0.5897361342915786,360.0,1960.0,False,34760.0,0.0,0.9999999999999974,11,operational,133,11
0.9815112765282742,0.0184887234717258,0.367589436810864,0.632410563189136,360.0,2790.0,False,34760.0,0.0,0.9999999999999976,00,operational,153,0
0.9793435958480048,0.0206564041519951,0.4092659459514852,0.5907340540485148,360.0,2790.0,False,34760.0,0.0,0.9999999999999976,10,operational,153,10
0.9786807351642208,0.021319264835779,0.367589436810864,0.632410563189136,360.0,3360.0,False,34760.0,0.0,0.9999999999999976,01,operational,153,1
0.6535078150319189,0.3464921849680811,0.4092659459514852,0.5907340540485148,360.0,,True,34760.0,1.0,0.6554775645236662,11,operational,153,11
0.980839978267914,0.019160021732086,0.8448774025452388,0.1551225974547612,290.0,2390.0,False,34760.0,0.0,0.9999999999999976,00,operational,173,0
0.9791788507993864,0.0208211492006137,0.8863344326199731,0.1136655673800268,290.0,2390.0,False,34760.0,0.0,0.9999999999999976,10,operational,173,10
0.9762439285852476,0.0237560714147523,0.8448774025452388,0.1551225974547612,290.0,3120.0,False,34760.0,0.0,0.9999999999999976,01,operational,173,1
0.9762704628024628,0.0237295371975371,0.8863344326199731,0.1136655673800268,290.0,3060.0,False,34760.0,0.0,0.9999999999999976,11,operational,173,11
0.9710396151844508,0.0289603848155491,0.5937750160091335,0.4062249839908665,360.0,3170.0,False,34760.0,0.0,0.9999999999999976,00,operational,193,0
0.968264972066594,0.0317350279334061,0.6457431774479172,0.3542568225520827,360.0,3170.0,False,34760.0,0.0,0.9999999999999976,10,operational,193,10
0.9639467884160198,0.0360532115839802,0.5937750160091335,0.4062249839908665,360.0,3990.0,False,34760.0,0.0,0.9999999999999976,01,operational,193,1
0.061863628643948,0.938136371356052,0.6457431774479172,0.3542568225520827,360.0,,True,34760.0,1.0,0.0507230432006392,11,operational,193,11
0.9858900262627124,0.0141099737372877,0.5339760532435103,0.4660239467564897,360.0,1710.0,False,34760.0,0.0,0.9999999999999976,00,operational,14,0
0.9851199288555392,0.0148800711444606,0.5685897056612705,0.4314102943387294,360.0,1710.0,False,34760.0,0.0,0.9999999999999976,10,operational,14,10
0.9839609803590488,0.0160390196409511,0.5339760532435103,0.4660239467564897,360.0,2040.0,False,34760.0,0.0,0.9999999999999976,01,operational,14,1
0.9826671767174804,0.0173328232825195,0.5685897056612705,0.4314102943387294,360.0,1950.0,False,34760.0,0.0,0.9999999999999976,11,operational,14,11
0.9692888202386304,0.0307111797613695,0.6385870472753246,0.3614129527246755,360.0,2780.0,False,34760.0,0.0,0.9999999999999976,00,operational,34,0
0.9677695079309506,0.0322304920690493,0.6578388359461637,0.3421611640538363,360.0,2780.0,False,34760.0,0.0,0.9999999999999976,10,operational,34,10
0.9651126431253718,0.0348873568746281,0.6385870472753246,0.3614129527246755,360.0,3550.0,False,34760.0,0.0,0.9999999999999976,01,operational,34,1
0.865871053380137,0.1341289466198629,0.6578388359461637,0.3421611640538363,360.0,,True,34760.0,1.0,0.8893731197842348,11,operational,34,11
0.963741411140473,0.036258588859527,0.6421971465536993,0.3578028534463007,360.0,3300.0,False,34760.0,0.0,0.9999999999999974,00,operational,54,0
0.96172752325203,0.0382724767479698,0.6686894352741835,0.3313105647258165,360.0,3300.0,False,34760.0,0.0,0.9999999999999974,10,operational,54,10
0.9562889531221602,0.0437110468778397,0.6421971465536993,0.3578028534463007,360.0,4090.0,False,34760.0,0.0,0.9999999999999974,01,operational,54,1
0.7476386990002903,0.2523613009997096,0.6686894352741835,0.3313105647258165,360.0,,True,34760.0,1.0,0.7717890050583598,11,operational,54,11
0.9741501081369408,0.0258498918630591,0.482737375236388,0.517262624763612,360.0,2960.0,False,34760.0,0.0,0.9999999999999976,00,operational,74,0
0.9734959842528548,0.0265040157471451,0.4873208426763584,0.5126791573236416,360.0,2960.0,False,34760.0,0.0,0.9999999999999976,10,operational,74,10
0.969647284994506,0.030352715005494,0.482737375236388,0.517262624763612,360.0,3700.0,False,34760.0,0.0,0.9999999999999976,01,operational,74,1
0.9693191798799686,0.0306808201200313,0.4873208426763584,0.5126791573236416,360.0,3660.0,False,34760.0,0.0,0.9999999999999976,11,operational,74,11
0.9627895745835778,0.0372104254164221,0.7590227746465203,0.2409772253534797,360.0,3150.0,False,34760.0,0.0,0.9999999999999976,00,operational,94,0
0.9613195986497066,0.0386804013502933,0.7779034371762454,0.2220965628237545,360.0,3150.0,False,34760.0,0.0,0.9999999999999976,10,operational,94,10
0.9519702636225584,0.0480297363774416,0.7590227746465203,0.2409772253534797,360.0,4230.0,False,34760.0,0.0,0.9999999999999976,01,operational,94,1
0.95679300299779,0.04320699700221,0.7779034371762454,0.2220965628237545,360.0,3940.0,False,34760.0,0.0,0.9999999999999976,11,operational,94,11
0.9852553343347628,0.0147446656652372,0.5094204520725092,0.4905795479274907,360.0,1940.0,False,34760.0,0.0,0.9999999999999976,00,operational,114,0
0.9830734292540196,0.0169265707459803,0.6271465623256409,0.372853437674359,360.0,1940.0,False,34760.0,0.0,0.9999999999999976,10,operational,114,10
0.9820684724190012,0.0179315275809989,0.5094204520725092,0.4905795479274907,360.0,2290.0,False,34760.0,0.0,0.9999999999999976,01,operational,114,1
0.9800495082719176,0.0199504917280823,0.6271465623256409,0.372853437674359,360.0,2370.0,False,34760.0,0.0,0.9999999999999976,11,operational,114,11
0.97261461035966,0.02738538964034,0.5862244647398752,0.4137755352601248,360.0,3020.0,False,34760.0,0.0,0.9999999999999976,00,operational,134,0
0.970323184323664,0.0296768156763359,0.6253024337369282,0.3746975662630718,360.0,3020.0,False,34760.0,0.0,0.9999999999999976,10,operational,134,10
0.9674356209128412,0.0325643790871587,0.5862244647398752,0.4137755352601248,360.0,4000.0,False,34760.0,0.0,0.9999999999999976,01,operational,134,1
0.9691611405500982,0.0308388594499018,0.6253024337369282,0.3746975662630718,360.0,3910.0,False,34760.0,0.0,0.9999999999999976,11,operational,134,11
0.9728279619314976,0.0271720380685024,0.6850637597814891,0.3149362402185108,360.0,2680.0,False,34760.0,0.0,0.9999999999999974,00,operational,154,0
0.9713973817614042,0.0286026182385957,0.7197213610229681,0.2802786389770318,360.0,2680.0,False,34760.0,0.0,0.9999999999999974,10,operational,154,10
0.9685386262644984,0.0314613737355017,0.6850637597814891,0.3149362402185108,360.0,3370.0,False,34760.0,0.0,0.9999999999999974,01,operational,154,1
0.9657152353608672,0.0342847646391326,0.7197213610229681,0.2802786389770318,360.0,3440.0,False,34760.0,0.0,0.9999999999999974,11,operational,154,11
0.9889179356213518,0.0110820643786482,0.3576151259420319,0.6423848740579681,360.0,1760.0,False,34760.0,0.0,0.9999999999999976,00,operational,174,0
0.9871362673559724,0.0128637326440277,0.4200423525158467,0.5799576474841532,360.0,1760.0,False,34760.0,0.0,0.9999999999999976,10,operational,174,10
0.9865239887734673,0.0134760112265328,0.3576151259420319,0.6423848740579681,360.0,2160.0,False,34760.0,0.0,0.9999999999999976,01,operational,174,1
0.9850076221276998,0.0149923778723002,0.4200423525158467,0.5799576474841532,360.0,2200.0,False,34760.0,0.0,0.9999999999999976,11,operational,174,11
0.950582481030208,0.0494175189697919,0.7276063541282038,0.2723936458717961,360.0,3940.0,False,34760.0,0.0,0.9999999999999976,00,operational,194,0
0.9467955195844378,0.0532044804155622,0.771226132063696,0.228773867936304,360.0,3940.0,False,34760.0,0.0,0.9999999999999976,10,operational,194,10
0.9468976427032572,0.0531023572967427,0.7276063541282038,0.2723936458717961,360.0,5220.0,False,34760.0,0.0,0.9999999999999976,01,operational,194,1
0.8093511229807175,0.1906488770192824,0.771226132063696,0.228773867936304,360.0,,True,34760.0,1.0,0.8506156213344934,11,operational,194,11
0.988040801343335,0.0119591986566649,0.3377609624694953,0.6622390375305047,360.0,1740.0,False,34760.0,0.0,0.9999999999999976,00,operational,15,0
0.9869628762829538,0.0130371237170462,0.3803263161729358,0.6196736838270642,360.0,1740.0,False,34760.0,0.0,0.9999999999999976,10,operational,15,10
0.9849513385881168,0.0150486614118833,0.3377609624694953,0.6622390375305047,360.0,2210.0,False,34760.0,0.0,0.9999999999999976,01,operational,15,1
0.983968919841087,0.0160310801589129,0.3803263161729358,0.6196736838270642,360.0,2240.0,False,34760.0,0.0,0.9999999999999976,11,operational,15,11
0.9649358514274884,0.0350641485725116,0.6365503068747425,0.3634496931252575,360.0,3260.0,False,34760.0,0.0,0.9999999999999976,00,operational,35,0
0.963180153721092,0.036819846278908,0.6613898633243169,0.338610136675683,360.0,3260.0,False,34760.0,0.0,0.9999999999999976,10,operational,35,10
0.9606371730641492,0.0393628269358509,0.6365503068747425,0.3634496931252575,360.0,4400.0,False,34760.0,0.0,0.9999999999999976,01,operational,35,1
0.957594350283188,0.042405649716812,0.6613898633243169,0.338610136675683,360.0,4400.0,False,34760.0,0.0,0.9999999999999976,11,operational,35,11
0.992224593012332,0.0077754069876678,0.345286246075658,0.654713753924342,360.0,1250.0,False,34760.0,0.0,0.9999999999999976,00,operational,55,0
0.991844956361474,0.008155043638526,0.3814773457667012,0.6185226542332988,360.0,1250.0,False,34760.0,0.0,0.9999999999999976,10,operational,55,10
0.9915265568564884,0.0084734431435117,0.345286246075658,0.654713753924342,360.0,1380.0,False,34760.0,0.0,0.9999999999999976,01,operational,55,1
0.9908650655483816,0.0091349344516183,0.3814773457667012,0.6185226542332988,360.0,1420.0,False,34760.0,0.0,0.9999999999999976,11,operational,55,11
0.9782446996038752,0.0217553003961249,0.4614383032054393,0.5385616967945607,360.0,2690.0,False,34760.0,0.0,0.9999999999999976,00,operational,75,0
0.9761658892511668,0.0238341107488331,0.509743469320165,0.490256530679835,360.0,2690.0,False,34760.0,0.0,0.9999999999999976,10,operational,75,10
0.9746059088496088,0.0253940911503911,0.4614383032054393,0.5385616967945607,360.0,3230.0,False,34760.0,0.0,0.9999999999999976,01,operational,75,1
0.9092582215607414,0.0907417784392585,0.509743469320165,0.490256530679835,360.0,,True,34760.0,1.0,0.9317812653019064,11,operational,75,11
0.9457930118923048,0.0542069881076952,0.7127943103063856,0.2872056896936143,360.0,4410.0,False,34760.0,0.0,0.9999999999999976,00,operational,95,0
0.944308811752104,0.0556911882478959,0.7166730900358917,0.2833269099641082,360.0,4410.0,False,34760.0,0.0,0.9999999999999976,10,operational,95,10
0.9309829116972396,0.0690170883027603,0.7127943103063856,0.2872056896936143,360.0,6150.0,False,34760.0,0.0,0.9999999999999976,01,operational,95,1
0.9383273925089074,0.0616726074910926,0.7166730900358917,0.2833269099641082,360.0,5970.0,False,34760.0,0.0,0.9999999999999976,11,operational,95,11
0.9920621988804535,0.0079378011195463,0.4549658469194093,0.5450341530805907,360.0,1210.0,False,34760.0,0.0,0.9999999999999976,00,operational,115,0
0.9908873246373088,0.0091126753626913,0.4814584934205651,0.5185415065794349,360.0,1220.0,False,34760.0,0.0,0.9999999999999976,10,operational,115,10
0.9904907844363752,0.0095092155636248,0.4549658469194093,0.5450341530805907,360.0,1350.0,False,34760.0,0.0,0.9999999999999976,01,operational,115,1
0.990027992107136,0.0099720078928638,0.4814584934205651,0.5185415065794349,360.0,1410.0,False,34760.0,0.0,0.9999999999999976,11,operational,115,11
0.9783806816581998,0.0216193183418001,0.53098201315485,0.4690179868451499,360.0,2600.0,False,34760.0,0.0,0.9999999999999976,00,operational,135,0
0.9764874445541012,0.0235125554458986,0.5765179972695873,0.4234820027304126,360.0,2600.0,False,34760.0,0.0,0.9999999999999976,10,operational,135,10
0.9754451962713252,0.0245548037286748,0.53098201315485,0.4690179868451499,360.0,3130.0,False,34760.0,0.0,0.9999999999999976,01,operational,135,1
0.7591804212776335,0.2408195787223664,0.5765179972695873,0.4234820027304126,360.0,,True,34760.0,1.0,0.77178900505836,11,operational,135,11
0.9900207644929392,0.0099792355070608,0.4101926136029681,0.5898073863970319,360.0,1260.0,False,34760.0,0.0,0.9999999999999976,00,operational,155,0
0.9900207644929392,0.0099792355070608,0.4101926136029681,0.5898073863970319,360.0,1260.0,False,34760.0,0.0,0.9999999999999976,10,operational,155,10
0.989333938120026,0.0106660618799738,0.4101926136029681,0.5898073863970319,360.0,1390.0,False,34760.0,0.0,0.9999999999999976,01,operational,155,1
0.989333938120026,0.0106660618799738,0.4101926136029681,0.5898073863970319,360.0,1390.0,False,34760.0,0.0,0.9999999999999976,11,operational,155,11
0.9672755626707704,0.0327244373292295,0.6778017737051447,0.3221982262948552,360.0,3150.0,False,34760.0,0.0,0.9999999999999974,00,operational,175,0
0.96612630400184,0.0338736959981601,0.6836309958743669,0.316369004125633,360.0,3150.0,False,34760.0,0.0,0.9999999999999974,10,operational,175,10
0.9612161478269342,0.0387838521730657,0.6778017737051447,0.3221982262948552,360.0,4080.0,False,34760.0,0.0,0.9999999999999974,01,operational,175,1
0.6379150971443645,0.3620849028556355,0.6836309958743669,0.316369004125633,360.0,,True,34760.0,1.0,0.6474241866125544,11,operational,175,11
0.9363373952445612,0.0636626047554388,0.8254157898991697,0.1745842101008302,360.0,4870.0,False,34760.0,0.0,0.9999999999999976,00,operational,195,0
0.9342458663240044,0.0657541336759954,0.8263128873878051,0.1736871126121949,360.0,4870.0,False,34760.0,0.0,0.9999999999999976,10,operational,195,10
0.9291446159270936,0.0708553840729064,0.8254157898991697,0.1745842101008302,360.0,6110.0,False,34760.0,0.0,0.9999999999999976,01,operational,195,1
0.9182187850044736,0.0817812149955264,0.8263128873878051,0.1736871126121949,360.0,5770.0,False,34760.0,0.0,0.9999999999999976,11,operational,195,11
0.9423901148170974,0.0576098851829025,0.6927727760497007,0.3072272239502993,360.0,5080.0,False,34760.0,0.0,0.9999999999999976,00,operational,16,0
0.9361969884444852,0.0638030115555148,0.7516744695780518,0.2483255304219481,360.0,5080.0,False,34760.0,0.0,0.9999999999999976,10,operational,16,10
0.9158023542976887,0.0841976457023111,0.6927727760497007,0.3072272239502993,360.0,7050.0,False,34760.0,0.0,0.9999999999999976,01,operational,16,1
0.7968047435051969,0.203195256494803,0.7516744695780518,0.2483255304219481,360.0,,True,34760.0,1.0,0.8461534867332533,11,operational,16,11
0.9843129131694224,0.0156870868305775,0.5779121051437192,0.4220878948562808,360.0,2160.0,False,34760.0,0.0,0.9999999999999976,00,operational,36,0
0.9836528691972544,0.0163471308027456,0.6139915615441232,0.3860084384558769,360.0,2160.0,False,34760.0,0.0,0.9999999999999976,10,operational,36,10
0.9811893548404688,0.0188106451595312,0.5779121051437192,0.4220878948562808,360.0,2580.0,False,34760.0,0.0,0.9999999999999976,01,operational,36,1
0.980733952139915,0.019266047860085,0.613991561544123,0.3860084384558769,360.0,2620.0,False,34760.0,0.0,0.9999999999999976,11,operational,36,11
0.9424542425611162,0.0575457574388837,0.773681879927407,0.226318120072593,360.0,4550.0,False,34760.0,0.0,0.9999999999999974,00,operational,56,0
0.9410701208279232,0.0589298791720769,0.7794974602127176,0.2205025397872824,360.0,4550.0,False,34760.0,0.0,0.9999999999999974,10,operational,56,10
0.9348815982629428,0.0651184017370573,0.773681879927407,0.226318120072593,360.0,5710.0,False,34760.0,0.0,0.9999999999999974,01,operational,56,1
0.7342275756681688,0.2657724243318312,0.7794974602127176,0.2205025397872824,360.0,,True,34760.0,1.0,0.7717890050583598,11,operational,56,11
0.93374153496295,0.06625846503705,0.7648319782141945,0.2351680217858055,360.0,4890.0,False,34760.0,0.0,0.9999999999999976,00,operational,76,0
0.9327103264057472,0.0672896735942528,0.7690163966262732,0.2309836033737268,360.0,4890.0,False,34760.0,0.0,0.9999999999999976,10,operational,76,10
0.9217973059157216,0.0782026940842784,0.7648319782141945,0.2351680217858055,360.0,6770.0,False,34760.0,0.0,0.9999999999999976,01,operational,76,1
0.4220967207390735,0.5779032792609264,0.7690163966262732,0.2309836033737268,360.0,,True,34760.0,1.0,0.4308911654063574,11,operational,76,11
0.9727111689763496,0.0272888310236503,0.6666744526137574,0.3333255473862427,360.0,2860.0,False,34760.0,0.0,0.9999999999999976,00,operational,96,0
0.9700720987414636,0.0299279012585363,0.7455018037832821,0.2544981962167179,360.0,2860.0,False,34760.0,0.0,0.9999999999999976,10,operational,96,10
0.961740604594538,0.0382593954054619,0.6666744526137574,0.3333255473862427,360.0,3770.0,False,34760.0,0.0,0.9999999999999976,01,operational,96,1
0.963391670975648,0.0366083290243519,0.7455018037832821,0.2544981962167179,360.0,3770.0,False,34760.0,0.0,0.9999999999999976,11,operational,96,11
0.982825396126106,0.0171746038738941,0.361285741042971,0.6387142589570289,360.0,2750.0,False,34760.0,0.0,0.9999999999999976,00,operational,116,0
0.9813433533253648,0.0186566466746352,0.4026397846371512,0.5973602153628488,360.0,2750.0,False,34760.0,0.0,0.9999999999999976,10,operational,116,10
0.9781701385018794,0.0218298614981206,0.361285741042971,0.6387142589570289,360.0,3550.0,False,34760.0,0.0,0.9999999999999976,01,operational,116,1
0.9773409248377616,0.0226590751622383,0.4026397846371512,0.5973602153628488,360.0,3560.0,False,34760.0,0.0,0.9999999999999976,11,operational,116,11
0.9769580241650472,0.0230419758349528,0.447398114717806,0.552601885282194,360.0,2710.0,False,34760.0,0.0,0.9999999999999976,00,operational,136,0
0.9763901046397302,0.0236098953602698,0.453476252837564,0.546523747162436,360.0,2710.0,False,34760.0,0.0,0.9999999999999976,10,operational,136,10
0.9735527604265038,0.0264472395734961,0.447398114717806,0.552601885282194,360.0,3390.0,False,34760.0,0.0,0.9999999999999976,01,operational,136,1
0.9730986502272572,0.0269013497727428,0.453476252837564,0.546523747162436,360.0,3390.0,False,34760.0,0.0,0.9999999999999976,11,operational,136,11
0.9746387980464468,0.0253612019535532,0.6456797027452612,0.3543202972547388,360.0,2470.0,False,34760.0,0.0,0.9999999999999976,00,operational,156,0
0.9740941306240448,0.025905869375955,0.6610554857556803,0.3389445142443196,360.0,2470.0,False,34760.0,0.0,0.9999999999999976,10,operational,156,10
0.9653852567189596,0.0346147432810404,0.6456797027452612,0.3543202972547388,360.0,3410.0,False,34760.0,0.0,0.9999999999999976,01,operational,156,1
0.9672081331799108,0.0327918668200891,0.6610554857556803,0.3389445142443196,360.0,3190.0,False,34760.0,0.0,0.9999999999999976,11,operational,156,11
0.9865022478827878,0.0134977521172121,0.4457054703564571,0.5542945296435429,360.0,1810.0,False,34760.0,0.0,0.9999999999999976,00,operational,176,0
0.9855405932484308,0.0144594067515693,0.4831917607438896,0.5168082392561104,360.0,1810.0,False,34760.0,0.0,0.9999999999999976,10,operational,176,10
0.9834903486751196,0.0165096513248803,0.4457054703564571,0.5542945296435429,360.0,2180.0,False,34760.0,0.0,0.9999999999999976,01,operational,176,1
0.8778004583991887,0.1221995416008112,0.4831917607438896,0.5168082392561104,360.0,,True,34760.0,1.0,0.8893731202453783,11,operational,176,11
0.9637091005664028,0.0362908994335972,0.6948005867137985,0.3051994132862015,360.0,3500.0,False,34760.0,0.0,0.9999999999999976,00,operational,196,0
0.9615836214519689,0.0384163785480312,0.7349197169701741,0.2650802830298259,360.0,3500.0,False,34760.0,0.0,0.9999999999999976,10,operational,196,10
0.958416023546186,0.0415839764538139,0.6948005867137985,0.3051994132862015,360.0,4590.0,False,34760.0,0.0,0.9999999999999976,01,operational,196,1
0.8158073044828335,0.1841926955171665,0.7349197169701741,0.2650802830298259,360.0,,True,34760.0,1.0,0.8506156213344934,11,operational,196,11
0.9796250742530412,0.0203749257469587,0.6277674077034128,0.3722325922965872,360.0,2230.0,False,34760.0,0.0,0.9999999999999976,00,operational,17,0
0.9790546812066936,0.0209453187933063,0.6329346443295893,0.3670653556704107,360.0,2230.0,False,34760.0,0.0,0.9999999999999976,10,operational,17,10
0.9780384590334672,0.0219615409665326,0.6277674077034128,0.3722325922965872,360.0,2700.0,False,34760.0,0.0,0.9999999999999976,01,operational,17,1
0.97718979521674,0.02281020478326,0.6329346443295893,0.3670653556704107,360.0,2750.0,False,34760.0,0.0,0.9999999999999976,11,operational,17,11
0.99000928052668,0.0099907194733199,0.5417427748187302,0.4582572251812697,360.0,1370.0,False,34760.0,0.0,0.9999999999999976,00,operational,37,0
0.9896536309983964,0.0103463690016034,0.5493379625792096,0.4506620374207903,360.0,1370.0,False,34760.0,0.0,0.9999999999999976,10,operational,37,10
0.9890204356601644,0.0109795643398354,0.5417427748187302,0.4582572251812697,360.0,1620.0,False,34760.0,0.0,0.9999999999999976,01,operational,37,1
0.9884006929750232,0.0115993070249768,0.5493379625792096,0.4506620374207903,360.0,1690.0,False,34760.0,0.0,0.9999999999999976,11,operational,37,11
0.9744927624765892,0.0255072375234108,0.4210481165617235,0.5789518834382765,360.0,3230.0,False,34760.0,0.0,0.9999999999999976,00,operational,57,0
0.972483072067919,0.027516927932081,0.4592537489788573,0.5407462510211427,360.0,3230.0,False,34760.0,0.0,0.9999999999999976,10,operational,57,10
0.966943543969814,0.0330564560301859,0.4210481165617235,0.5789518834382765,360.0,4440.0,False,34760.0,0.0,0.9999999999999976,01,operational,57,1
0.8317573264254466,0.1682426735745533,0.4592537489788573,0.5407462510211427,360.0,,True,34760.0,1.0,0.8504660360830044,11,operational,57,11
0.9703884101652214,0.0296115898347786,0.4186381860097862,0.5813618139902138,360.0,3400.0,False,34760.0,0.0,0.9999999999999976,00,operational,77,0
0.967671202293909,0.0323287977060909,0.4438494413025522,0.5561505586974478,360.0,3400.0,False,34760.0,0.0,0.9999999999999976,10,operational,77,10
0.9625323100899114,0.0374676899100886,0.4186381860097862,0.5813618139902138,360.0,4480.0,False,34760.0,0.0,0.9999999999999976,01,operational,77,1
0.7913828909044149,0.208617109095585,0.4438494413025522,0.5561505586974478,360.0,,True,34760.0,1.0,0.8087461958770292,11,operational,77,11
0.978441404694461,0.021558595305539,0.6234820508842474,0.3765179491157526,360.0,2140.0,False,34760.0,0.0,0.9999999999999976,00,operational,97,0
0.9775523001873748,0.022447699812625,0.6500841112984245,0.3499158887015755,360.0,2140.0,False,34760.0,0.0,0.9999999999999976,10,operational,97,10
0.9771751126381082,0.0228248873618918,0.6234820508842474,0.3765179491157526,360.0,2500.0,False,34760.0,0.0,0.9999999999999976,01,operational,97,1
0.976698572055475,0.023301427944525,0.6500841112984245,0.3499158887015755,360.0,2500.0,False,34760.0,0.0,0.9999999999999976,11,operational,97,11
0.9647809719001104,0.0352190280998895,0.6700370281738535,0.3299629718261465,360.0,3610.0,False,34760.0,0.0,0.9999999999999976,00,operational,117,0
0.960752910047746,0.0392470899522539,0.7549459638881726,0.2450540361118274,360.0,3610.0,False,34760.0,0.0,0.9999999999999976,10,operational,117,10
0.9492470678482072,0.0507529321517926,0.6700370281738535,0.3299629718261465,360.0,4820.0,False,34760.0,0.0,0.9999999999999976,01,operational,117,1
0.3736451079826065,0.6263548920173935,0.7549459638881726,0.2450540361118274,360.0,,True,34760.0,1.0,0.3742628873627986,11,operational,117,11
0.9849143664947608,0.015085633505239,0.4968799865189337,0.5031200134810663,360.0,1930.0,False,34760.0,0.0,0.9999999999999976,00,operational,137,0
0.9844233851211142,0.0155766148788858,0.526035140648599,0.4739648593514009,360.0,1930.0,False,34760.0,0.0,0.9999999999999976,10,operational,137,10
0.9840429633335606,0.0159570366664394,0.4968799865189337,0.5031200134810663,360.0,2130.0,False,34760.0,0.0,0.9999999999999976,01,operational,137,1
0.9836016224891684,0.0163983775108317,0.526035140648599,0.4739648593514009,360.0,2130.0,False,34760.0,0.0,0.9999999999999976,11,operational,137,11
0.9916484095014568,0.0083515904985432,0.3399719817905045,0.6600280182094955,360.0,1350.0,False,34760.0,0.0,0.9999999999999976,00,operational,157,0
0.9912739641439926,0.0087260358560073,0.3462500984424557,0.6537499015575443,360.0,1350.0,False,34760.0,0.0,0.9999999999999976,10,operational,157,10
0.9904280590030922,0.0095719409969078,0.3399719817905045,0.6600280182094955,360.0,1560.0,False,34760.0,0.0,0.9999999999999976,01,operational,157,1
0.9907959764115692,0.0092040235884308,0.3462500984424557,0.6537499015575443,360.0,1610.0,False,34760.0,0.0,0.9999999999999976,11,operational,157,11
0.9787592331073088,0.0212407668926912,0.4052396854337852,0.5947603145662148,360.0,2770.0,False,34760.0,0.0,0.9999999999999976,00,operational,177,0
0.9781742500608368,0.021825749939163,0.4229486571014438,0.5770513428985562,360.0,2770.0,False,34760.0,0.0,0.9999999999999976,10,operational,177,10
0.9764964774767004,0.0235035225232996,0.4052396854337852,0.5947603145662148,360.0,3200.0,False,34760.0,0.0,0.9999999999999976,01,operational,177,1
0.9761458405782036,0.0238541594217963,0.4229486571014438,0.5770513428985562,360.0,3160.0,False,34760.0,0.0,0.9999999999999976,11,operational,177,11
0.9731363155478956,0.0268636844521042,0.6447129171650239,0.355287082834976,360.0,2650.0,False,34760.0,0.0,0.9999999999999976,00,operational,197,0
0.971927422331323,0.0280725776686769,0.6648233461129092,0.3351766538870908,360.0,2650.0,False,34760.0,0.0,0.9999999999999976,10,operational,197,10
0.969455281643587,0.030544718356413,0.6447129171650239,0.355287082834976,360.0,3690.0,False,34760.0,0.0,0.9999999999999976,01,operational,197,1
0.974204175549888,0.0257958244501118,0.6648233461129092,0.3351766538870908,360.0,3170.0,False,34760.0,0.0,0.9999999999999976,11,operational,197,11
0.9840115206597938,0.0159884793402061,0.4028605731046323,0.5971394268953677,360.0,2280.0,False,34760.0,0.0,0.9999999999999976,00,operational,18,0
0.982029322811358,0.017970677188642,0.4465544370832141,0.5534455629167859,360.0,2280.0,False,34760.0,0.0,0.9999999999999976,10,operational,18,10
0.9815799543205784,0.0184200456794214,0.4028605731046323,0.5971394268953677,360.0,2630.0,False,34760.0,0.0,0.9999999999999976,01,operational,18,1
0.9784790003837336,0.0215209996162664,0.4465544370832141,0.5534455629167859,360.0,2660.0,False,34760.0,0.0,0.9999999999999976,11,operational,18,11
0.9528920929906456,0.0471079070093545,0.7178484400513079,0.2821515599486921,360.0,3920.0,False,34760.0,0.0,0.9999999999999976,00,operational,38,0
0.9515096920285404,0.0484903079714594,0.7234916228564663,0.2765083771435337,360.0,3920.0,False,34760.0,0.0,0.9999999999999976,10,operational,38,10
0.9434477568667794,0.0565522431332206,0.7178484400513079,0.2821515599486921,360.0,4920.0,False,34760.0,0.0,0.9999999999999974,01,operational,38,1
0.940801259991686,0.0591987400083139,0.7234916228564663,0.2765083771435337,360.0,4940.0,False,34760.0,0.0,0.9999999999999976,11,operational,38,11
0.9881978477798218,0.0118021522201782,0.4115533811369014,0.5884466188630986,360.0,1640.0,False,34760.0,0.0,0.9999999999999976,00,operational,58,0
0.9877444889306874,0.0122555110693125,0.4441432945232885,0.5558567054767115,360.0,1640.0,False,34760.0,0.0,0.9999999999999976,10,operational,58,10
0.9872066373524748,0.0127933626475251,0.4115533811369014,0.5884466188630986,360.0,1840.0,False,34760.0,0.0,0.9999999999999976,01,operational,58,1
0.9868576712274164,0.0131423287725837,0.4441432945232885,0.5558567054767115,360.0,1840.0,False,34760.0,0.0,0.9999999999999976,11,operational,58,11
0.9596158380532592,0.0403841619467406,0.6799364228313874,0.3200635771686125,360.0,3710.0,False,34760.0,0.0,0.9999999999999974,00,operational,78,0
0.9579415102686688,0.0420584897313313,0.69892330003629,0.3010766999637099,360.0,3710.0,False,34760.0,0.0,0.9999999999999974,10,operational,78,10
0.9542633235192958,0.0457366764807042,0.6799364228313874,0.3200635771686125,360.0,4700.0,False,34760.0,0.0,0.9999999999999974,01,operational,78,1
0.9528964622289932,0.0471035377710068,0.69892330003629,0.3010766999637099,360.0,4500.0,False,34760.0,0.0,0.9999999999999976,11,operational,78,11
0.990768161862989,0.009231838137011,0.4197835825839736,0.5802164174160264,360.0,1420.0,False,34760.0,0.0,0.9999999999999976,00,operational,98,0
0.9898553248169109,0.0101446751830891,0.4420862751681017,0.5579137248318983,360.0,1420.0,False,34760.0,0.0,0.9999999999999976,10,operational,98,10
0.9894079028819742,0.0105920971180257,0.4197835825839736,0.5802164174160264,360.0,1610.0,False,34760.0,0.0,0.9999999999999976,01,operational,98,1
0.9883874597691158,0.0116125402308842,0.4420862751681017,0.5579137248318983,360.0,1680.0,False,34760.0,0.0,0.9999999999999976,11,operational,98,11
0.9767431623990698,0.0232568376009302,0.646550278657212,0.3534497213427879,360.0,2550.0,False,34760.0,0.0,0.9999999999999974,00,operational,118,0
0.9756038966064312,0.0243961033935687,0.6627382657769088,0.3372617342230912,360.0,2550.0,False,34760.0,0.0,0.9999999999999974,10,operational,118,10
0.9751041543646004,0.0248958456353997,0.646550278657212,0.3534497213427879,360.0,3050.0,False,34760.0,0.0,0.9999999999999974,01,operational,118,1
0.8321193262415318,0.1678806737584681,0.6627382657769088,0.3372617342230912,360.0,,True,34760.0,1.0,0.8461534867332533,11,operational,118,11
0.9957083044210748,0.0042916955789251,0.2766365330950011,0.7233634669049989,360.0,910.0,False,34760.0,0.0,0.9999999999999976,00,operational,138,0
0.9957083044210748,0.0042916955789251,0.2766365330950011,0.7233634669049989,360.0,910.0,False,34760.0,0.0,0.9999999999999976,10,operational,138,10
0.9955576628536128,0.0044423371463873,0.2766365330950011,0.7233634669049989,360.0,960.0,False,34760.0,0.0,0.9999999999999976,01,operational,138,1
0.9955576628536128,0.0044423371463873,0.2766365330950011,0.7233634669049989,360.0,960.0,False,34760.0,0.0,0.9999999999999976,11,operational,138,11
0.9833049272467654,0.0166950727532345,0.6349766482592842,0.3650233517407157,360.0,1920.0,False,34760.0,0.0,0.9999999999999976,00,operational,158,0
0.9823766133520646,0.0176233866479353,0.6712935247041399,0.32870647529586,360.0,1920.0,False,34760.0,0.0,0.9999999999999976,10,operational,158,10
0.9811405967809184,0.0188594032190815,0.6349766482592842,0.3650233517407157,360.0,2220.0,False,34760.0,0.0,0.9999999999999976,01,operational,158,1
0.9797067147087116,0.0202932852912883,0.6712935247041399,0.32870647529586,360.0,2240.0,False,34760.0,0.0,0.9999999999999976,11,operational,158,11
0.972597497710397,0.0274025022896029,0.6042501252060553,0.3957498747939447,360.0,2810.0,False,34760.0,0.0,0.9999999999999976,00,operational,178,0
0.9699836400486768,0.0300163599513232,0.6479101396361482,0.3520898603638518,360.0,2810.0,False,34760.0,0.0,0.9999999999999976,10,operational,178,10
0.9665972626999496,0.0334027373000503,0.6042501252060553,0.3957498747939447,360.0,3530.0,False,34760.0,0.0,0.9999999999999976,01,operational,178,1
0.8122271750520139,0.187772824947986,0.6479101396361482,0.3520898603638518,360.0,,True,34760.0,1.0,0.8325521758208543,11,operational,178,11
0.988426229706745,0.011573770293255,0.358795403713428,0.641204596286572,360.0,1790.0,False,34760.0,0.0,0.9999999999999976,00,operational,198,0
0.9874282898550076,0.0125717101449924,0.3883954779175678,0.6116045220824322,360.0,1790.0,False,34760.0,0.0,0.9999999999999976,10,operational,198,10
0.9858786477841136,0.0141213522158862,0.358795403713428,0.641204596286572,360.0,2180.0,False,34760.0,0.0,0.9999999999999976,01,operational,198,1
0.9841081492379298,0.0158918507620702,0.3883954779175678,0.6116045220824322,360.0,2260.0,False,34760.0,0.0,0.9999999999999976,11,operational,198,11
0.9387079531058058,0.0612920468941942,0.7402819485930702,0.2597180514069298,360.0,4750.0,False,34760.0,0.0,0.9999999999999974,00,operational,19,0
0.9355394511991494,0.0644605488008506,0.7706157896102046,0.2293842103897954,360.0,4750.0,False,34760.0,0.0,0.9999999999999974,10,operational,19,10
0.9234729481803158,0.0765270518196842,0.7402819485930702,0.2597180514069298,360.0,6600.0,False,34760.0,0.0,0.9999999999999974,01,operational,19,1
0.6208013333246422,0.3791986666753578,0.7706157896102046,0.2293842103897954,360.0,,True,34760.0,1.0,0.6470488565711302,11,operational,19,11
0.979653699490993,0.0203463005090069,0.4066388775194876,0.5933611224805124,360.0,2940.0,False,34760.0,0.0,0.9999999999999976,00,operational,39,0
0.9775988506513856,0.0224011493486144,0.4556162795161976,0.5443837204838023,360.0,2940.0,False,34760.0,0.0,0.9999999999999976,10,operational,39,10
0.9769537735584588,0.023046226441541,0.4066388775194876,0.5933611224805124,360.0,3420.0,False,34760.0,0.0,0.9999999999999976,01,operational,39,1
0.8942148410802755,0.1057851589197245,0.4556162795161976,0.5443837204838023,360.0,,True,34760.0,1.0,0.9133830890319292,11,operational,39,11
0.9319549436108762,0.0680450563891238,0.7805419307807147,0.2194580692192853,300.0,5170.0,False,34760.0,0.0,0.9999999999999976,00,operational,59,0
0.9293175133314664,0.0706824866685336,0.7978513918882957,0.2021486081117043,360.0,5170.0,False,34760.0,0.0,0.9999999999999976,10,operational,59,10
0.9140378375208522,0.0859621624791477,0.7805419307807147,0.2194580692192853,300.0,6880.0,False,34760.0,0.0,0.9999999999999976,01,operational,59,1
0.6997851111369164,0.3002148888630835,0.7978513918882957,0.2021486081117043,360.0,,True,34760.0,1.0,0.7505515843940664,11,operational,59,11
0.975692760775986,0.0243072392240141,0.4462880614993281,0.5537119385006719,360.0,2750.0,False,34760.0,0.0,0.9999999999999974,00,operational,79,0
0.9749439533548758,0.0250560466451241,0.4630072747283786,0.5369927252716213,360.0,2750.0,False,34760.0,0.0,0.9999999999999974,10,operational,79,10
0.9729074744060652,0.0270925255939348,0.4462880614993281,0.5537119385006719,360.0,3230.0,False,34760.0,0.0,0.9999999999999974,01,operational,79,1
0.9722679501220072,0.0277320498779927,0.4630072747283786,0.5369927252716213,360.0,3230.0,False,34760.0,0.0,0.9999999999999974,11,operational,79,11
0.9761066965867894,0.0238933034132106,0.5962022934101538,0.4037977065898461,360.0,2650.0,False,34760.0,0.0,0.9999999999999976,00,operational,99,0
0.9734279589510596,0.0265720410489402,0.6515678894106939,0.3484321105893061,360.0,2650.0,False,34760.0,0.0,0.9999999999999976,10,operational,99,10
0.9737874646236624,0.0262125353763374,0.5962022934101538,0.4037977065898461,360.0,3140.0,False,34760.0,0.0,0.9999999999999976,01,operational,99,1
0.970599026118166,0.0294009738818339,0.6515678894106939,0.3484321105893061,360.0,3170.0,False,34760.0,0.0,0.9999999999999976,11,operational,99,11
0.962417755968135,0.037582244031865,0.7170946202014388,0.2829053797985612,360.0,3360.0,False,34760.0,0.0,0.9999999999999976,00,operational,119,0
0.9612843835591768,0.0387156164408233,0.7247345967889125,0.2752654032110875,360.0,3360.0,False,34760.0,0.0,0.9999999999999976,10,operational,119,10
0.9565204358920149,0.0434795641079852,0.7170946202014388,0.2829053797985612,360.0,4610.0,False,34760.0,0.0,0.9999999999999976,01,operational,119,1
0.8190554857033815,0.1809445142966185,0.7247345967889125,0.2752654032110875,360.0,,True,34760.0,1.0,0.8462075581561571,11,operational,119,11
0.9921245274594976,0.0078754725405023,0.2573623946047396,0.7426376053952604,360.0,1650.0,False,34760.0,0.0,0.9999999999999976,00,operational,139,0
0.990685409169888,0.0093145908301118,0.335461226536887,0.664538773463113,360.0,1650.0,False,34760.0,0.0,0.9999999999999976,10,operational,139,10
0.9907641498295456,0.0092358501704542,0.2573623946047396,0.7426376053952604,360.0,2020.0,False,34760.0,0.0,0.9999999999999976,01,operational,139,1
0.9887790506345612,0.0112209493654387,0.335461226536887,0.664538773463113,360.0,2040.0,False,34760.0,0.0,0.9999999999999976,11,operational,139,11
0.9907993259141248,0.0092006740858753,0.3401056941978686,0.6598943058021314,360.0,1450.0,False,34760.0,0.0,0.9999999999999976,00,operational,159,0
0.9900162717052552,0.0099837282947448,0.397321363039387,0.602678636960613,360.0,1450.0,False,34760.0,0.0,0.9999999999999976,10,operational,159,10
0.989430717298034,0.0105692827019659,0.3401056941978686,0.6598943058021314,360.0,1730.0,False,34760.0,0.0,0.9999999999999976,01,operational,159,1
0.9887485212825908,0.0112514787174091,0.397321363039387,0.602678636960613,360.0,1730.0,False,34760.0,0.0,0.9999999999999976,11,operational,159,11
0.975439490739559,0.0245605092604409,0.5917019123303857,0.4082980876696142,360.0,2690.0,False,34760.0,0.0,0.9999999999999976,00,operational,179,0
0.974232483572632,0.0257675164273678,0.6220775835864054,0.3779224164135946,360.0,2690.0,False,34760.0,0.0,0.9999999999999976,10,operational,179,10
0.970359386442898,0.0296406135571019,0.5917019123303857,0.4082980876696143,360.0,3440.0,False,34760.0,0.0,0.9999999999999976,01,operational,179,1
0.9687879544075768,0.031212045592423,0.6220775835864054,0.3779224164135946,360.0,3350.0,False,34760.0,0.0,0.9999999999999976,11,operational,179,11
0.9703999992941608,0.0296000007058393,0.6637420823309399,0.3362579176690601,360.0,2970.0,False,34760.0,0.0,0.9999999999999976,00,operational,199,0
0.9692877595218992,0.0307122404781008,0.6860589412545613,0.3139410587454386,360.0,2970.0,False,34760.0,0.0,0.9999999999999976,10,operational,199,10
0.9618093446385048,0.0381906553614951,0.6637420823309399,0.3362579176690601,360.0,3790.0,False,34760.0,0.0,0.9999999999999976,01,operational,199,1
0.962478108425529,0.0375218915744709,0.6860589412545613,0.3139410587454386,360.0,3730.0,False,34760.0,0.0,0.9999999999999976,11,operational,199,11
