R,loss,Lambda,F_min,t_min,T_rec,T_rec_censored,T_rec_bound,lock_in,F_end,arm,indicator,q_prop,kappa_prop,q_rec,kappa_rec,replication,psi_prop,psi_rec
0.9353926388888889,0.0646073611111111,0.4325000000000001,0.5674999999999999,44.0,213.0,False,876.0,0.0,1.0,00,operational,0.2,0.2,0.2,0.2,0,0.04000000000000001,0.04000000000000001
0.9348825267361112,0.06511747326388884,0.4325000000000001,0.5674999999999999,44.0,213.0,False,876.0,0.0,1.0,10,operational,0.2,0.2,0.2,0.2,0,0.04000000000000001,0.04000000000000001
0.9345276297453703,0.06547237025462971,0.4325000000000001,0.5674999999999999,44.0,215.0,False,876.0,0.0,1.0,01,operational,0.2,0.2,0.2,0.2,0,0.04000000000000001,0.04000000000000001
0.9340032979295809,0.06599670207041908,0.4325000000000001,0.5674999999999999,44.0,215.0,False,876.0,0.0,1.0,11,operational,0.2,0.2,0.2,0.2,0,0.04000000000000001,0.04000000000000001
0.9353926388888889,0.0646073611111111,0.4325000000000001,0.5674999999999999,44.0,213.0,False,876.0,0.0,1.0,00,operational,0.2,0.4,0.2,0.4,0,0.08000000000000002,0.08000000000000002
0.9337684388888888,0.06623156111111117,0.4425000000000001,0.5574999999999999,51.0,213.0,False,876.0,0.0,1.0,10,operational,0.2,0.4,0.2,0.4,0,0.08000000000000002,0.08000000000000002
0.9333292096688034,0.0666707903311966,0.4325000000000001,0.5674999999999999,44.0,218.0,False,876.0,0.0,1.0,01,operational,0.2,0.4,0.2,0.4,0,0.08000000000000002,0.08000000000000002
0.9316231802799615,0.0683768197200385,0.4425000000000001,0.5574999999999999,51.0,218.0,False,876.0,0.0,1.0,11,operational,0.2,0.4,0.2,0.4,0,0.08000000000000002,0.08000000000000002
0.9353926388888889,0.0646073611111111,0.4325000000000001,0.5674999999999999,44.0,213.0,False,876.0,0.0,1.0,00,operational,0.2,0.6,0.2,0.6,0,0.12,0.12
0.9326563388888888,0.06734366111111123,0.4475000000000001,0.5524999999999999,44.0,213.0,False,876.0,0.0,1.0,10,operational,0.2,0.6,0.2,0.6,0,0.12,0.12
0.9315775859233806,0.06842241407661942,0.4325000000000001,0.5674999999999999,44.0,222.0,False,876.0,0.0,1.0,01,operational,0.2,0.6,0.2,0.6,0,0.12,0.12
0.9286171618424182,0.07138283815758184,0.4475000000000001,0.5524999999999999,44.0,223.0,False,876.0,0.0,1.0,11,operational,0.2,0.6,0.2,0.6,0,0.12,0.12
0.9353926388888889,0.0646073611111111,0.4325000000000001,0.5674999999999999,44.0,213.0,False,876.0,0.0,1.0,00,operational,0.2,0.8,0.2,0.8,0,0.16000000000000003,0.16000000000000003
0.9315575722222221,0.06844242777777787,0.45250000000000024,0.5474999999999998,44.0,213.0,False,876.0,0.0,1.0,10,operational,0.2,0.8,0.2,0.8,0,0.16000000000000003,0.16000000000000003
0.930137304287037,0.069862695712963,0.4325000000000001,0.5674999999999999,44.0,226.0,False,876.0,0.0,1.0,01,operational,0.2,0.8,0.2,0.8,0,0.16000000000000003,0.16000000000000003
0.9259318728799527,0.07406812712004729,0.45250000000000024,0.5474999999999998,44.0,227.0,False,876.0,0.0,1.0,11,operational,0.2,0.8,0.2,0.8,0,0.16000000000000003,0.16000000000000003
0.9353926388888889,0.0646073611111111,0.4325000000000001,0.5674999999999999,44.0,213.0,False,876.0,0.0,1.0,00,operational,0.2,1.0,0.2,1.0,0,0.2,0.2
0.9304616527777777,0.0695383472222223,0.45750000000000013,0.5424999999999999,44.0,213.0,False,876.0,0.0,1.0,10,operational,0.2,1.0,0.2,1.0,0,0.2,0.2
0.9301528410300925,0.06984715896990745,0.4325000000000001,0.5674999999999999,44.0,228.0,False,876.0,0.0,1.0,01,operational,0.2,1.0,0.2,1.0,0,0.2,0.2
0.9247450174868252,0.07525498251317475,0.45750000000000013,0.5424999999999999,44.0,229.0,False,876.0,0.0,1.0,11,operational,0.2,1.0,0.2,1.0,0,0.2,0.2
0.9353926388888889,0.0646073611111111,0.4325000000000001,0.5674999999999999,44.0,213.0,False,876.0,0.0,1.0,00,operational,0.4,0.2,0.4,0.2,0,0.08000000000000002,0.08000000000000002
0.9336585005671295,0.06634149943287049,0.4325000000000001,0.5674999999999999,44.0,213.0,False,876.0,0.0,1.0,10,operational,0.4,0.2,0.4,0.2,0,0.08000000000000002,0.08000000000000002
0.9351566544444444,0.0648433455555556,0.4325000000000001,0.5674999999999999,44.0,214.0,False,876.0,0.0,1.0,01,operational,0.4,0.2,0.4,0.2,0,0.08000000000000002,0.08000000000000002
0.9331913986940301,0.06680860130596988,0.4325000000000001,0.5674999999999999,44.0,214.0,False,876.0,0.0,1.0,11,operational,0.4,0.2,0.4,0.2,0,0.08000000000000002,0.08000000000000002
0.9353926388888889,0.0646073611111111,0.4325000000000001,0.5674999999999999,44.0,213.0,False,876.0,0.0,1.0,00,operational,0.4,0.4,0.4,0.4,0,0.16000000000000003,0.16000000000000003
0.9306594872453704,0.0693405127546296,0.4665,0.5335,54.0,213.0,False,876.0,0.0,1.0,10,operational,0.4,0.4,0.4,0.4,0,0.16000000000000003,0.16000000000000003
0.9349071042248938,0.06509289577510624,0.4325000000000001,0.5674999999999999,44.0,215.0,False,876.0,0.0,1.0,01,operational,0.4,0.4,0.4,0.4,0,0.16000000000000003,0.16000000000000003
0.9290414644146912,0.07095853558530885,0.4665,0.5335,54.0,217.0,False,876.0,0.0,1.0,11,operational,0.4,0.4,0.4,0.4,0,0.16000000000000003,0.16000000000000003
0.9353926388888889,0.0646073611111111,0.4325000000000001,0.5674999999999999,44.0,213.0,False,876.0,0.0,1.0,00,operational,0.4,0.6,0.4,0.6,0,0.24,0.24
0.9276800147222222,0.07231998527777783,0.48350000000000004,0.5165,48.0,213.0,False,876.0,0.0,1.0,10,operational,0.4,0.6,0.4,0.6,0,0.24,0.24
0.934631249074074,0.06536875092592598,0.4325000000000001,0.5674999999999999,44.0,216.0,False,876.0,0.0,1.0,01,operational,0.4,0.6,0.4,0.6,0,0.24,0.24
0.9237346468406014,0.07626535315939864,0.48350000000000004,0.5165,48.0,223.0,False,876.0,0.0,1.0,11,operational,0.4,0.6,0.4,0.6,0,0.24,0.24
0.9353926388888889,0.0646073611111111,0.4325000000000001,0.5674999999999999,44.0,213.0,False,876.0,0.0,1.0,00,operational,0.4,0.8,0.4,0.8,0,0.32000000000000006,0.32000000000000006
0.9247335474074073,0.07526645259259268,0.5005000000000002,0.49949999999999983,44.0,213.0,False,876.0,0.0,1.0,10,operational,0.4,0.8,0.4,0.8,0,0.32000000000000006,0.32000000000000006
0.9343381101260505,0.0656618898739495,0.4325000000000001,0.5674999999999999,44.0,217.0,False,876.0,0.0,1.0,01,operational,0.4,0.8,0.4,0.8,0,0.32000000000000006,0.32000000000000006
0.8551136836128598,0.14488631638714022,0.5005000000000002,0.49949999999999983,44.0,,True,876.0,1.0,0.9100000000000001,11,operational,0.4,0.8,0.4,0.8,0,0.32000000000000006,0.32000000000000006
0.9353926388888889,0.0646073611111111,0.4325000000000001,0.5674999999999999,44.0,213.0,False,876.0,0.0,1.0,00,operational,0.4,1.0,0.4,1.0,0,0.4,0.4
0.9217919689814814,0.07820803101851859,0.51990625,0.48009375,56.0,213.0,False,876.0,0.0,1.0,10,operational,0.4,1.0,0.4,1.0,0,0.4,0.4
0.9339905922182821,0.06600940778171793,0.4325000000000001,0.5674999999999999,44.0,218.0,False,876.0,0.0,1.0,01,operational,0.4,1.0,0.4,1.0,0,0.4,0.4
0.8436072960838159,0.1563927039161841,0.51990625,0.48009375,56.0,,True,876.0,1.0,0.9,11,operational,0.4,1.0,0.4,1.0,0,0.4,0.4
0.9353926388888889,0.0646073611111111,0.4325000000000001,0.5674999999999999,44.0,213.0,False,876.0,0.0,1.0,00,operational,0.6,0.2,0.6,0.2,0,0.12,0.12
0.9330019550491897,0.0669980449508103,0.4325000000000001,0.5674999999999999,44.0,213.0,False,876.0,0.0,1.0,10,operational,0.6,0.2,0.6,0.2,0,0.12,0.12
0.934165144710648,0.06583485528935196,0.4325000000000001,0.5674999999999999,44.0,216.0,False,876.0,0.0,1.0,01,operational,0.6,0.2,0.6,0.2,0,0.12,0.12
0.9313533966584333,0.06864660334156669,0.4325000000000001,0.5674999999999999,44.0,217.0,False,876.0,0.0,1.0,11,operational,0.6,0.2,0.6,0.2,0,0.12,0.12
0.9353926388888889,0.0646073611111111,0.4325000000000001,0.5674999999999999,44.0,213.0,False,876.0,0.0,1.0,00,operational,0.6,0.4,0.6,0.4,0,0.24,0.24
0.9288775841435184,0.0711224158564816,0.4495,0.5505,56.0,213.0,False,876.0,0.0,1.0,10,operational,0.6,0.4,0.6,0.4,0,0.24,0.24
0.9326148403872869,0.06738515961271307,0.4325000000000001,0.5674999999999999,44.0,220.0,False,876.0,0.0,1.0,01,operational,0.6,0.4,0.6,0.4,0,0.24,0.24
0.9240755167535356,0.07592448324646439,0.4495,0.5505,56.0,225.0,False,876.0,0.0,1.0,11,operational,0.6,0.4,0.6,0.4,0,0.24,0.24
0.9353926388888889,0.0646073611111111,0.4325000000000001,0.5674999999999999,44.0,213.0,False,876.0,0.0,1.0,00,operational,0.6,0.6,0.6,0.6,0,0.36,0.36
0.9247875454861111,0.07521245451388892,0.4766250000000001,0.5233749999999999,56.0,213.0,False,876.0,0.0,1.0,10,operational,0.6,0.6,0.6,0.6,0,0.36,0.36
0.9303947810845057,0.06960521891549432,0.4325000000000001,0.5674999999999999,44.0,226.0,False,876.0,0.0,1.0,01,operational,0.6,0.6,0.6,0.6,0,0.36,0.36
0.9138874110024908,0.08611258899750918,0.4766250000000001,0.5233749999999999,56.0,238.0,False,876.0,0.0,1.0,11,operational,0.6,0.6,0.6,0.6,0,0.36,0.36
0.9353926388888889,0.0646073611111111,0.4325000000000001,0.5674999999999999,44.0,213.0,False,876.0,0.0,1.0,00,operational,0.6,0.8,0.6,0.8,0,0.48,0.48
0.9207120606481481,0.07928793935185185,0.49450000000000016,0.5054999999999998,53.0,213.0,False,876.0,0.0,1.0,10,operational,0.6,0.8,0.6,0.8,0,0.48,0.48
0.928544578471444,0.071455421528556,0.4325000000000001,0.5674999999999999,44.0,231.0,False,876.0,0.0,1.0,01,operational,0.6,0.8,0.6,0.8,0,0.48,0.48
0.8152234404965109,0.18477655950348915,0.49450000000000016,0.5054999999999998,53.0,,True,876.0,1.0,0.8650000000000002,11,operational,0.6,0.8,0.6,0.8,0,0.48,0.48
0.9353926388888889,0.0646073611111111,0.4325000000000001,0.5674999999999999,44.0,213.0,False,876.0,0.0,1.0,00,operational,0.6,1.0,0.6,1.0,0,0.6,0.6
0.9166347980324073,0.08336520196759267,0.51240625,0.48759375,56.0,213.0,False,876.0,0.0,1.0,10,operational,0.6,1.0,0.6,1.0,0,0.6,0.6
0.9280765190972222,0.07192348090277778,0.4325000000000001,0.5674999999999999,44.0,234.0,False,876.0,0.0,1.0,01,operational,0.6,1.0,0.6,1.0,0,0.6,0.6
0.7425710530536705,0.25742894694632945,0.51240625,0.48759375,56.0,,True,876.0,1.0,0.78,11,operational,0.6,1.0,0.6,1.0,0,0.6,0.6
0.9353926388888889,0.0646073611111111,0.4325000000000001,0.5674999999999999,44.0,213.0,False,876.0,0.0,1.0,00,operational,0.8,0.2,0.8,0.2,0,0.16000000000000003,0.16000000000000003
0.9323933231626158,0.0676066768373842,0.4325000000000001,0.5674999999999999,44.0,213.0,False,876.0,0.0,1.0,10,operational,0.8,0.2,0.8,0.2,0,0.16000000000000003,0.16000000000000003
0.933657342160978,0.06634265783902205,0.4325000000000001,0.5674999999999999,44.0,218.0,False,876.0,0.0,1.0,01,operational,0.8,0.2,0.8,0.2,0,0.16000000000000003,0.16000000000000003
0.9300240335658679,0.06997596643413206,0.4325000000000001,0.5674999999999999,44.0,219.0,False,876.0,0.0,1.0,11,operational,0.8,0.2,0.8,0.2,0,0.16000000000000003,0.16000000000000003
0.9353926388888889,0.0646073611111111,0.4325000000000001,0.5674999999999999,44.0,213.0,False,876.0,0.0,1.0,00,operational,0.8,0.4,0.8,0.4,0,0.32000000000000006,0.32000000000000006
0.9270894557870369,0.07291054421296306,0.47350000000000003,0.5265,56.0,213.0,False,876.0,0.0,1.0,10,operational,0.8,0.4,0.8,0.4,0,0.32000000000000006,0.32000000000000006
0.9315793139834243,0.0684206860165757,0.4325000000000001,0.5674999999999999,44.0,223.0,False,876.0,0.0,1.0,01,operational,0.8,0.4,0.8,0.4,0,0.32000000000000006,0.32000000000000006
0.919972137390488,0.080027862609512,0.47350000000000003,0.5265,56.0,230.0,False,876.0,0.0,1.0,11,operational,0.8,0.4,0.8,0.4,0,0.32000000000000006,0.32000000000000006
0.9353926388888889,0.0646073611111111,0.4325000000000001,0.5674999999999999,44.0,213.0,False,876.0,0.0,1.0,00,operational,0.8,0.6,0.8,0.6,0,0.48,0.48
0.921804721875,0.07819527812500005,0.5036875000000001,0.4963125,56.0,213.0,False,876.0,0.0,1.0,10,operational,0.8,0.6,0.8,0.6,0,0.48,0.48
0.9287942201489742,0.07120577985102583,0.4325000000000001,0.5674999999999999,44.0,231.0,False,876.0,0.0,1.0,01,operational,0.8,0.6,0.8,0.6,0,0.48,0.48
0.9052749280775384,0.0947250719224616,0.5036875000000001,0.4963125,56.0,250.0,False,876.0,0.0,1.0,11,operational,0.8,0.6,0.8,0.6,0,0.48,0.48
0.9353926388888889,0.0646073611111111,0.4325000000000001,0.5674999999999999,44.0,213.0,False,876.0,0.0,1.0,00,operational,0.8,0.8,0.8,0.8,0,0.6400000000000001,0.6400000000000001
0.9165615921296296,0.08343840787037038,0.5285000000000001,0.4714999999999999,52.0,213.0,False,876.0,0.0,1.0,10,operational,0.8,0.8,0.8,0.8,0,0.6400000000000001,0.6400000000000001
0.9262443998358232,0.07375560016417682,0.4325000000000001,0.5674999999999999,44.0,239.0,False,876.0,0.0,1.0,01,operational,0.8,0.8,0.8,0.8,0,0.6400000000000001,0.6400000000000001
0.7402491075597102,0.2597508924402898,0.5285000000000001,0.4714999999999999,52.0,,True,876.0,1.0,0.7749999999999999,11,operational,0.8,0.8,0.8,0.8,0,0.6400000000000001,0.6400000000000001
0.9353926388888889,0.0646073611111111,0.4325000000000001,0.5674999999999999,44.0,213.0,False,876.0,0.0,1.0,00,operational,0.8,1.0,0.8,1.0,0,0.8,0.8
0.9113070596064814,0.0886929403935186,0.55521875,0.44478125,56.0,213.0,False,876.0,0.0,1.0,10,operational,0.8,1.0,0.8,1.0,0,0.8,0.8
0.9249267563078704,0.07507324369212964,0.4325000000000001,0.5674999999999999,44.0,244.0,False,876.0,0.0,1.0,01,operational,0.8,1.0,0.8,1.0,0,0.8,0.8
0.6566942090461865,0.3433057909538135,0.55521875,0.44478125,56.0,,True,876.0,1.0,0.68,11,operational,0.8,1.0,0.8,1.0,0,0.8,0.8
0.9353926388888889,0.0646073611111111,0.4325000000000001,0.5674999999999999,44.0,213.0,False,876.0,0.0,1.0,00,operational,1.0,0.2,1.0,0.2,0,0.2,0.2
0.9313782677228009,0.06862173227719914,0.4325000000000001,0.5674999999999999,44.0,213.0,False,876.0,0.0,1.0,10,operational,1.0,0.2,1.0,0.2,0,0.2,0.2
0.9336418296643518,0.06635817033564817,0.4325000000000001,0.5674999999999999,44.0,218.0,False,876.0,0.0,1.0,01,operational,1.0,0.2,1.0,0.2,0,0.2,0.2
0.9286328093353559,0.07136719066464414,0.4325000000000001,0.5674999999999999,44.0,220.0,False,876.0,0.0,1.0,11,operational,1.0,0.2,1.0,0.2,0,0.2,0.2
0.9353926388888889,0.0646073611111111,0.4325000000000001,0.5674999999999999,44.0,213.0,False,876.0,0.0,1.0,00,operational,1.0,0.4,1.0,0.4,0,0.4,0.4
0.9244234508101852,0.07557654918981482,0.48350000000000004,0.5165,56.0,213.0,False,876.0,0.0,1.0,10,operational,1.0,0.4,1.0,0.4,0,0.4,0.4
0.9315429767607771,0.06845702323922287,0.4325000000000001,0.5674999999999999,44.0,223.0,False,876.0,0.0,1.0,01,operational,1.0,0.4,1.0,0.4,0,0.4,0.4
0.9154466571097843,0.08455334289021565,0.48350000000000004,0.5165,56.0,234.0,False,876.0,0.0,1.0,11,operational,1.0,0.4,1.0,0.4,0,0.4,0.4
0.9353926388888889,0.0646073611111111,0.4325000000000001,0.5674999999999999,44.0,213.0,False,876.0,0.0,1.0,00,operational,1.0,0.6,1.0,0.6,0,0.6,0.6
0.9175055190972221,0.08249448090277789,0.5276250000000001,0.4723749999999999,56.0,213.0,False,876.0,0.0,1.0,10,operational,1.0,0.6,1.0,0.6,0,0.6,0.6
0.9287423732359478,0.07125762676405223,0.4325000000000001,0.5674999999999999,44.0,231.0,False,876.0,0.0,1.0,01,operational,1.0,0.6,1.0,0.6,0,0.6,0.6
0.8956523909994626,0.10434760900053741,0.5276250000000001,0.4723749999999999,56.0,259.0,False,876.0,0.0,1.0,11,operational,1.0,0.6,1.0,0.6,0,0.6,0.6
0.9353926388888889,0.0646073611111111,0.4325000000000001,0.5674999999999999,44.0,213.0,False,876.0,0.0,1.0,00,operational,1.0,0.8,1.0,0.8,0,0.8,0.8
0.910640988425926,0.089359011574074,0.5625000000000001,0.4374999999999999,53.0,213.0,False,876.0,0.0,1.0,10,operational,1.0,0.8,1.0,0.8,0,0.8,0.8
0.9261750325326796,0.07382496746732037,0.4325000000000001,0.5674999999999999,44.0,239.0,False,876.0,0.0,1.0,01,operational,1.0,0.8,1.0,0.8,0,0.8,0.8
0.6602649735413046,0.33973502645869535,0.5625000000000001,0.4374999999999999,53.0,,True,876.0,1.0,0.6849999999999998,11,operational,1.0,0.8,1.0,0.8,0,0.8,0.8
0.9353926388888889,0.0646073611111111,0.4325000000000001,0.5674999999999999,44.0,213.0,False,876.0,0.0,1.0,00,operational,1.0,1.0,1.0,1.0,0,1.0,1.0
0.9037708883101851,0.09622911168981485,0.59771875,0.40228125000000003,56.0,213.0,False,876.0,0.0,1.0,10,operational,1.0,1.0,1.0,1.0,0,1.0,1.0
0.9248357114583333,0.07516428854166668,0.4325000000000001,0.5674999999999999,44.0,244.0,False,876.0,0.0,1.0,01,operational,1.0,1.0,1.0,1.0,0,1.0,1.0
0.505217383175555,0.494782616824445,0.59771875,0.40228125000000003,56.0,,True,876.0,1.0,0.51,11,operational,1.0,1.0,1.0,1.0,0,1.0,1.0
0.9191608333333334,0.08083916666666657,0.5199999999999999,0.4800000000000001,44.0,230.0,False,876.0,0.0,1.0,00,operational,0.2,0.2,0.2,0.2,1,0.04000000000000001,0.04000000000000001
0.9182932380401234,0.08170676195987658,0.5199999999999999,0.4800000000000001,44.0,230.0,False,876.0,0.0,1.0,10,operational,0.2,0.2,0.2,0.2,1,0.04000000000000001,0.04000000000000001
0.9175999837962963,0.08240001620370374,0.5199999999999999,0.4800000000000001,44.0,233.0,False,876.0,0.0,1.0,01,operational,0.2,0.2,0.2,0.2,1,0.04000000000000001,0.04000000000000001
0.9166775604918825,0.08332243950811746,0.5199999999999999,0.4800000000000001,44.0,233.0,False,876.0,0.0,1.0,11,operational,0.2,0.2,0.2,0.2,1,0.04000000000000001,0.04000000000000001
0.9191608333333334,0.08083916666666657,0.5199999999999999,0.4800000000000001,44.0,230.0,False,876.0,0.0,1.0,00,operational,0.2,0.4,0.2,0.4,1,0.08000000000000002,0.08000000000000002
0.9170650524691358,0.08293494753086417,0.5302624999999999,0.4697375000000001,56.0,230.0,False,876.0,0.0,1.0,10,operational,0.2,0.4,0.2,0.4,1,0.08000000000000002,0.08000000000000002
0.9156963888888889,0.08430361111111107,0.5199999999999999,0.4800000000000001,44.0,237.0,False,876.0,0.0,1.0,01,operational,0.2,0.4,0.2,0.4,1,0.08000000000000002,0.08000000000000002
0.9133846139878989,0.08661538601210106,0.5302624999999999,0.4697375000000001,56.0,238.0,False,876.0,0.0,1.0,11,operational,0.2,0.4,0.2,0.4,1,0.08000000000000002,0.08000000000000002
0.9191608333333334,0.08083916666666657,0.5199999999999999,0.4800000000000001,44.0,230.0,False,876.0,0.0,1.0,00,operational,0.2,0.6,0.2,0.6,1,0.12,0.12
0.9158393842592591,0.08416061574074085,0.5404375,0.4595625,56.0,230.0,False,876.0,0.0,1.0,10,operational,0.2,0.6,0.2,0.6,1,0.12,0.12
0.9129487465277778,0.0870512534722222,0.5199999999999999,0.4800000000000001,44.0,244.0,False,876.0,0.0,1.0,01,operational,0.2,0.6,0.2,0.6,1,0.12,0.12
0.9090427744013728,0.09095722559862718,0.5404375,0.4595625,56.0,245.0,False,876.0,0.0,1.0,11,operational,0.2,0.6,0.2,0.6,1,0.12,0.12
0.9191608333333334,0.08083916666666657,0.5199999999999999,0.4800000000000001,44.0,230.0,False,876.0,0.0,1.0,00,operational,0.2,0.8,0.2,0.8,1,0.16000000000000003,0.16000000000000003
0.9146241604938272,0.08537583950617278,0.5484,0.4516,54.0,230.0,False,876.0,0.0,1.0,10,operational,0.2,0.8,0.2,0.8,1,0.16000000000000003,0.16000000000000003
0.9088550570987655,0.09114494290123454,0.5199999999999999,0.4800000000000001,44.0,253.0,False,876.0,0.0,1.0,01,operational,0.2,0.8,0.2,0.8,1,0.16000000000000003,0.16000000000000003
0.9032262583985086,0.09677374160149144,0.5484,0.4516,54.0,255.0,False,876.0,0.0,1.0,11,operational,0.2,0.8,0.2,0.8,1,0.16000000000000003,0.16000000000000003
0.9191608333333334,0.08083916666666657,0.5199999999999999,0.4800000000000001,44.0,230.0,False,876.0,0.0,1.0,00,operational,0.2,1.0,0.2,1.0,1,0.2,0.2
0.9134023186728395,0.0865976813271605,0.5555,0.4445,51.0,230.0,False,876.0,0.0,1.0,10,operational,0.2,1.0,0.2,1.0,1,0.2,0.2
0.9087722010030864,0.09122779899691358,0.5199999999999999,0.4800000000000001,44.0,258.0,False,876.0,0.0,1.0,01,operational,0.2,1.0,0.2,1.0,1,0.2,0.2
0.8778009085648147,0.12219909143518526,0.5555,0.4445,51.0,,True,876.0,1.0,0.9649999999999999,11,operational,0.2,1.0,0.2,1.0,1,0.2,0.2
0.9191608333333334,0.08083916666666657,0.5199999999999999,0.4800000000000001,44.0,230.0,False,876.0,0.0,1.0,00,operational,0.4,0.2,0.4,0.2,1,0.08000000000000002,0.08000000000000002
0.9172194002700617,0.08278059972993834,0.5199999999999999,0.4800000000000001,44.0,230.0,False,876.0,0.0,1.0,10,operational,0.4,0.2,0.4,0.2,1,0.08000000000000002,0.08000000000000002
0.9172910567210851,0.08270894327891487,0.5199999999999999,0.4800000000000001,44.0,234.0,False,876.0,0.0,1.0,01,operational,0.4,0.2,0.4,0.2,1,0.08000000000000002,0.08000000000000002
0.9150955234790318,0.08490447652096822,0.5199999999999999,0.4800000000000001,44.0,234.0,False,876.0,0.0,1.0,11,operational,0.4,0.2,0.4,0.2,1,0.08000000000000002,0.08000000000000002
0.9191608333333334,0.08083916666666657,0.5199999999999999,0.4800000000000001,44.0,230.0,False,876.0,0.0,1.0,00,operational,0.4,0.4,0.4,0.4,1,0.16000000000000003,0.16000000000000003
0.9139526199845679,0.0860473800154321,0.5400375,0.45996250000000005,56.0,230.0,False,876.0,0.0,1.0,10,operational,0.4,0.4,0.4,0.4,1,0.16000000000000003,0.16000000000000003
0.9150767924382716,0.08492320756172844,0.5199999999999999,0.4800000000000001,44.0,239.0,False,876.0,0.0,1.0,01,operational,0.4,0.4,0.4,0.4,1,0.16000000000000003,0.16000000000000003
0.908489860866152,0.09151013913384798,0.5400375,0.45996250000000005,56.0,241.0,False,876.0,0.0,1.0,11,operational,0.4,0.4,0.4,0.4,1,0.16000000000000003,0.16000000000000003
0.9191608333333334,0.08083916666666657,0.5199999999999999,0.4800000000000001,44.0,230.0,False,876.0,0.0,1.0,00,operational,0.4,0.6,0.4,0.6,1,0.24,0.24
0.9107127876157407,0.0892872123842593,0.5710249999999999,0.42897500000000005,56.0,230.0,False,876.0,0.0,1.0,10,operational,0.4,0.6,0.4,0.6,1,0.24,0.24
0.9119911354166668,0.08800886458333324,0.5199999999999999,0.4800000000000001,44.0,245.0,False,876.0,0.0,1.0,01,operational,0.4,0.6,0.4,0.6,1,0.24,0.24
0.8996115626100278,0.10038843738997216,0.5710249999999999,0.42897500000000005,56.0,252.0,False,876.0,0.0,1.0,11,operational,0.4,0.6,0.4,0.6,1,0.24,0.24
0.9191608333333334,0.08083916666666657,0.5199999999999999,0.4800000000000001,44.0,230.0,False,876.0,0.0,1.0,00,operational,0.4,0.8,0.4,0.8,1,0.32000000000000006,0.32000000000000006
0.9074843510802468,0.09251564891975317,0.5922,0.40780000000000005,53.0,230.0,False,876.0,0.0,1.0,10,operational,0.4,0.8,0.4,0.8,1,0.32000000000000006,0.32000000000000006
0.907592915812714,0.09240708418728605,0.5199999999999999,0.4800000000000001,44.0,255.0,False,876.0,0.0,1.0,01,operational,0.4,0.8,0.4,0.8,1,0.32000000000000006,0.32000000000000006
0.8639356926412468,0.1360643073587532,0.5922,0.40780000000000005,53.0,,True,876.0,1.0,0.9550000000000001,11,operational,0.4,0.8,0.4,0.8,1,0.32000000000000006,0.32000000000000006
0.9191608333333334,0.08083916666666657,0.5199999999999999,0.4800000000000001,44.0,230.0,False,876.0,0.0,1.0,00,operational,0.4,1.0,0.4,1.0,1,0.4,0.4
0.9042568537808642,0.09574314621913582,0.6124375,0.38756250000000003,56.0,230.0,False,876.0,0.0,1.0,10,operational,0.4,1.0,0.4,1.0,1,0.4,0.4
0.9071150806327161,0.09288491936728394,0.5199999999999999,0.4800000000000001,44.0,261.0,False,876.0,0.0,1.0,01,operational,0.4,1.0,0.4,1.0,1,0.4,0.4
0.8062195968943764,0.1937804031056236,0.6124375,0.38756250000000003,56.0,,True,876.0,1.0,0.8800000000000001,11,operational,0.4,1.0,0.4,1.0,1,0.4,0.4
0.9191608333333334,0.08083916666666657,0.5199999999999999,0.4800000000000001,44.0,230.0,False,876.0,0.0,1.0,00,operational,0.6,0.2,0.6,0.2,1,0.12,0.12
0.9172168289583333,0.08278317104166666,0.5199999999999999,0.4800000000000001,44.0,230.0,False,876.0,0.0,1.0,10,operational,0.6,0.2,0.6,0.2,1,0.12,0.12
0.9178241020617284,0.08217589793827162,0.5199999999999999,0.4800000000000001,44.0,233.0,False,876.0,0.0,1.0,01,operational,0.6,0.2,0.6,0.2,1,0.12,0.12
0.9155678491118678,0.08443215088813216,0.5199999999999999,0.4800000000000001,44.0,234.0,False,876.0,0.0,1.0,11,operational,0.6,0.2,0.6,0.2,1,0.12,0.12
0.9191608333333334,0.08083916666666657,0.5199999999999999,0.4800000000000001,44.0,230.0,False,876.0,0.0,1.0,00,operational,0.6,0.4,0.6,0.4,1,0.24,0.24
0.9140391926388889,0.08596080736111111,0.5330374999999999,0.46696250000000006,56.0,230.0,False,876.0,0.0,1.0,10,operational,0.6,0.4,0.6,0.4,1,0.24,0.24
0.9162246695253998,0.08377533047460017,0.5199999999999999,0.4800000000000001,44.0,237.0,False,876.0,0.0,1.0,01,operational,0.6,0.4,0.6,0.4,1,0.24,0.24
0.909583041132594,0.09041695886740597,0.5330374999999999,0.46696250000000006,56.0,240.0,False,876.0,0.0,1.0,11,operational,0.6,0.4,0.6,0.4,1,0.24,0.24
0.9191608333333334,0.08083916666666657,0.5199999999999999,0.4800000000000001,44.0,230.0,False,876.0,0.0,1.0,00,operational,0.6,0.6,0.6,0.6,1,0.36,0.36
0.9108772299305555,0.08912277006944447,0.5570062499999999,0.44299375,56.0,230.0,False,876.0,0.0,1.0,10,operational,0.6,0.6,0.6,0.6,1,0.36,0.36
0.9140413270600891,0.08595867293991089,0.5199999999999999,0.4800000000000001,44.0,242.0,False,876.0,0.0,1.0,01,operational,0.6,0.6,0.6,0.6,1,0.36,0.36
0.9012909371873447,0.09870906281265535,0.5570062499999999,0.44299375,56.0,251.0,False,876.0,0.0,1.0,11,operational,0.6,0.6,0.6,0.6,1,0.36,0.36
0.9191608333333334,0.08083916666666657,0.5199999999999999,0.4800000000000001,44.0,230.0,False,876.0,0.0,1.0,00,operational,0.6,0.8,0.6,0.8,1,0.48,0.48
0.9077067186111112,0.09229328138888881,0.5726,0.4274,53.0,230.0,False,876.0,0.0,1.0,10,operational,0.6,0.8,0.6,0.8,1,0.48,0.48
0.9121303381437389,0.0878696618562611,0.5199999999999999,0.4800000000000001,44.0,247.0,False,876.0,0.0,1.0,01,operational,0.6,0.8,0.6,0.8,1,0.48,0.48
0.8378688624302746,0.16213113756972541,0.5726,0.4274,53.0,,True,876.0,1.0,0.9100000000000001,11,operational,0.6,0.8,0.6,0.8,1,0.48,0.48
0.9191608333333334,0.08083916666666657,0.5199999999999999,0.4800000000000001,44.0,230.0,False,876.0,0.0,1.0,00,operational,0.6,1.0,0.6,1.0,1,0.6,0.6
0.9045242923611111,0.09547570763888891,0.5860624999999999,0.4139375,56.0,231.0,False,876.0,0.0,1.0,10,operational,0.6,1.0,0.6,1.0,1,0.6,0.6
0.9109459604938271,0.08905403950617286,0.5199999999999999,0.4800000000000001,44.0,251.0,False,876.0,0.0,1.0,01,operational,0.6,1.0,0.6,1.0,1,0.6,0.6
0.7743269547570933,0.22567304524290666,0.5860624999999999,0.4139375,56.0,,True,876.0,1.0,0.8300000000000001,11,operational,0.6,1.0,0.6,1.0,1,0.6,0.6
0.9191608333333334,0.08083916666666657,0.5199999999999999,0.4800000000000001,44.0,230.0,False,876.0,0.0,1.0,00,operational,0.8,0.2,0.8,0.2,1,0.16000000000000003,0.16000000000000003
0.9164019791087963,0.08359802089120372,0.5199999999999999,0.4800000000000001,44.0,230.0,False,876.0,0.0,1.0,10,operational,0.8,0.2,0.8,0.2,1,0.16000000000000003,0.16000000000000003
0.91616510315,0.08383489685,0.5199999999999999,0.4800000000000001,44.0,236.0,False,876.0,0.0,1.0,01,operational,0.8,0.2,0.8,0.2,1,0.16000000000000003,0.16000000000000003
0.9128000508955163,0.0871999491044837,0.5199999999999999,0.4800000000000001,44.0,238.0,False,876.0,0.0,1.0,11,operational,0.8,0.2,0.8,0.2,1,0.16000000000000003,0.16000000000000003
0.9191608333333334,0.08083916666666657,0.5199999999999999,0.4800000000000001,44.0,230.0,False,876.0,0.0,1.0,00,operational,0.8,0.4,0.8,0.4,1,0.32000000000000006,0.32000000000000006
0.9115034113425925,0.0884965886574075,0.536,0.46399999999999997,52.0,230.0,False,876.0,0.0,1.0,10,operational,0.8,0.4,0.8,0.4,1,0.32000000000000006,0.32000000000000006
0.9124005020643594,0.08759949793564059,0.5199999999999999,0.4800000000000001,44.0,245.0,False,876.0,0.0,1.0,01,operational,0.8,0.4,0.8,0.4,1,0.32000000000000006,0.32000000000000006
0.9016322976773373,0.09836770232266268,0.536,0.46399999999999997,52.0,251.0,False,876.0,0.0,1.0,11,operational,0.8,0.4,0.8,0.4,1,0.32000000000000006,0.32000000000000006
0.9191608333333334,0.08083916666666657,0.5199999999999999,0.4800000000000001,44.0,230.0,False,876.0,0.0,1.0,00,operational,0.8,0.6,0.8,0.6,1,0.48,0.48
0.9066660371527777,0.09333396284722228,0.5695812499999999,0.43041875,56.0,231.0,False,876.0,0.0,1.0,10,operational,0.8,0.6,0.8,0.6,1,0.48,0.48
0.9071176711757799,0.0928823288242201,0.5199999999999999,0.4800000000000001,44.0,257.0,False,876.0,0.0,1.0,01,operational,0.8,0.6,0.8,0.6,1,0.48,0.48
0.8855035301054406,0.11449646989455942,0.5695812499999999,0.43041875,56.0,273.0,False,876.0,0.0,1.0,11,operational,0.8,0.6,0.8,0.6,1,0.48,0.48
0.9191608333333334,0.08083916666666657,0.5199999999999999,0.4800000000000001,44.0,230.0,False,876.0,0.0,1.0,00,operational,0.8,0.8,0.8,0.8,1,0.6400000000000001,0.6400000000000001
0.901844461574074,0.09815553842592595,0.5926,0.4074,54.0,231.0,False,876.0,0.0,1.0,10,operational,0.8,0.8,0.8,0.8,1,0.6400000000000001,0.6400000000000001
0.9002959755445327,0.09970402445546733,0.5199999999999999,0.4800000000000001,44.0,273.0,False,876.0,0.0,1.0,01,operational,0.8,0.8,0.8,0.8,1,0.6400000000000001,0.6400000000000001
0.7904163118525411,0.20958368814745887,0.5926,0.4074,54.0,,True,876.0,1.0,0.8649999999999999,11,operational,0.8,0.8,0.8,0.8,1,0.6400000000000001,0.6400000000000001
0.9191608333333334,0.08083916666666657,0.5199999999999999,0.4800000000000001,44.0,230.0,False,876.0,0.0,1.0,00,operational,0.8,1.0,0.8,1.0,1,0.8,0.8
0.8970220613425925,0.10297793865740745,0.61325,0.38675000000000004,56.0,231.0,False,876.0,0.0,1.0,10,operational,0.8,1.0,0.8,1.0,1,0.8,0.8
0.8985671540895063,0.10143284591049373,0.5199999999999999,0.4800000000000001,44.0,282.0,False,876.0,0.0,1.0,01,operational,0.8,1.0,0.8,1.0,1,0.8,0.8
0.639139824960611,0.36086017503938905,0.61325,0.38675000000000004,56.0,,True,876.0,1.0,0.6750000000000002,11,operational,0.8,1.0,0.8,1.0,1,0.8,0.8
0.9191608333333334,0.08083916666666657,0.5199999999999999,0.4800000000000001,44.0,230.0,False,876.0,0.0,1.0,00,operational,1.0,0.2,1.0,0.2,1,0.2,0.2
0.915702515628858,0.08429748437114204,0.5199999999999999,0.4800000000000001,44.0,230.0,False,876.0,0.0,1.0,10,operational,1.0,0.2,1.0,0.2,1,0.2,0.2
0.9149660780808642,0.08503392191913584,0.5199999999999999,0.4800000000000001,44.0,239.0,False,876.0,0.0,1.0,01,operational,1.0,0.2,1.0,0.2,1,0.2,0.2
0.910505084660807,0.08949491533919296,0.5199999999999999,0.4800000000000001,44.0,241.0,False,876.0,0.0,1.0,11,operational,1.0,0.2,1.0,0.2,1,0.2,0.2
0.9191608333333334,0.08083916666666657,0.5199999999999999,0.4800000000000001,44.0,230.0,False,876.0,0.0,1.0,00,operational,1.0,0.4,1.0,0.4,1,0.4,0.4
0.9096572447993827,0.0903427552006173,0.5460375,0.4539625,56.0,231.0,False,876.0,0.0,1.0,10,operational,1.0,0.4,1.0,0.4,1,0.4,0.4
0.9096703828839506,0.09032961711604937,0.5199999999999999,0.4800000000000001,44.0,251.0,False,876.0,0.0,1.0,01,operational,1.0,0.4,1.0,0.4,1,0.4,0.4
0.8947435925167015,0.10525640748329845,0.5460375,0.4539625,56.0,261.0,False,876.0,0.0,1.0,11,operational,1.0,0.4,1.0,0.4,1,0.4,0.4
0.9191608333333334,0.08083916666666657,0.5199999999999999,0.4800000000000001,44.0,230.0,False,876.0,0.0,1.0,00,operational,1.0,0.6,1.0,0.6,1,0.6,0.6
0.9036711484490741,0.09632885155092585,0.58773125,0.41226874999999996,56.0,231.0,False,876.0,0.0,1.0,10,operational,1.0,0.6,1.0,0.6,1,0.6,0.6
0.9021156306794605,0.09788436932053945,0.5199999999999999,0.4800000000000001,44.0,268.0,False,876.0,0.0,1.0,01,operational,1.0,0.6,1.0,0.6,1,0.6,0.6
0.8700170356125814,0.12998296438741863,0.58773125,0.41226874999999996,56.0,294.0,False,876.0,0.0,1.0,11,operational,1.0,0.6,1.0,0.6,1,0.6,0.6
0.9191608333333334,0.08083916666666657,0.5199999999999999,0.4800000000000001,44.0,230.0,False,876.0,0.0,1.0,00,operational,1.0,0.8,1.0,0.8,1,0.8,0.8
0.8976881840432098,0.10231181595679018,0.6168,0.38319999999999993,54.0,231.0,False,876.0,0.0,1.0,10,operational,1.0,0.8,1.0,0.8,1,0.8,0.8
0.8918150777108622,0.10818492228913779,0.5199999999999999,0.4800000000000001,44.0,291.0,False,876.0,0.0,1.0,01,operational,1.0,0.8,1.0,0.8,1,0.8,0.8
0.6869671841573952,0.3130328158426048,0.6168,0.38319999999999993,54.0,,True,876.0,1.0,0.7299999999999999,11,operational,1.0,0.8,1.0,0.8,1,0.8,0.8
0.9191608333333334,0.08083916666666657,0.5199999999999999,0.4800000000000001,44.0,230.0,False,876.0,0.0,1.0,00,operational,1.0,1.0,1.0,1.0,1,1.0,1.0
0.8916923394290124,0.10830766057098762,0.6435,0.3565,56.0,231.0,False,876.0,0.0,1.0,10,operational,1.0,1.0,1.0,1.0,1,1.0,1.0
0.89004644375,0.10995355625000003,0.5199999999999999,0.4800000000000001,44.0,303.0,False,876.0,0.0,1.0,01,operational,1.0,1.0,1.0,1.0,1,1.0,1.0
0.48353625957213087,0.5164637404278691,0.6435,0.3565,56.0,,True,876.0,1.0,0.4900000000000002,11,operational,1.0,1.0,1.0,1.0,1,1.0,1.0
0.9379070833333334,0.06209291666666661,0.4625,0.5375,44.0,196.0,False,876.0,0.0,1.0,00,operational,0.2,0.2,0.2,0.2,2,0.04000000000000001,0.04000000000000001
0.9367164277777779,0.06328357222222214,0.4625,0.5375,44.0,196.0,False,876.0,0.0,1.0,10,operational,0.2,0.2,0.2,0.2,2,0.04000000000000001,0.04000000000000001
0.9375960788684585,0.06240392113154147,0.4625,0.5375,44.0,197.0,False,876.0,0.0,1.0,01,operational,0.2,0.2,0.2,0.2,2,0.04000000000000001,0.04000000000000001
0.9362971941202081,0.06370280587979193,0.4625,0.5375,44.0,197.0,False,876.0,0.0,1.0,11,operational,0.2,0.2,0.2,0.2,2,0.04000000000000001,0.04000000000000001
0.9379070833333334,0.06209291666666661,0.4625,0.5375,44.0,196.0,False,876.0,0.0,1.0,00,operational,0.2,0.4,0.2,0.4,2,0.08000000000000002,0.08000000000000002
0.93470355,0.06529644999999995,0.48949999999999994,0.5105000000000001,56.0,196.0,False,876.0,0.0,1.0,10,operational,0.2,0.4,0.2,0.4,2,0.08000000000000002,0.08000000000000002
0.9372529862052216,0.06274701379477843,0.4625,0.5375,44.0,198.0,False,876.0,0.0,1.0,01,operational,0.2,0.4,0.2,0.4,2,0.08000000000000002,0.08000000000000002
0.9335968778454546,0.06640312215454536,0.48949999999999994,0.5105000000000001,56.0,199.0,False,876.0,0.0,1.0,11,operational,0.2,0.4,0.2,0.4,2,0.08000000000000002,0.08000000000000002
0.9379070833333334,0.06209291666666661,0.4625,0.5375,44.0,196.0,False,876.0,0.0,1.0,00,operational,0.2,0.6,0.2,0.6,2,0.12,0.12
0.9326986374999999,0.06730136250000007,0.5126875,0.4873125,56.0,196.0,False,876.0,0.0,1.0,10,operational,0.2,0.6,0.2,0.6,2,0.12,0.12
0.9368126817547012,0.06318731824529877,0.4625,0.5375,44.0,200.0,False,876.0,0.0,1.0,01,operational,0.2,0.6,0.2,0.6,2,0.12,0.12
0.9303395822330014,0.0696604177669986,0.5126875,0.4873125,56.0,202.0,False,876.0,0.0,1.0,11,operational,0.2,0.6,0.2,0.6,2,0.12,0.12
0.9379070833333334,0.06209291666666661,0.4625,0.5375,44.0,196.0,False,876.0,0.0,1.0,00,operational,0.2,0.8,0.2,0.8,2,0.16000000000000003,0.16000000000000003
0.9307359888888889,0.06926401111111113,0.5305000000000001,0.4694999999999999,52.0,196.0,False,876.0,0.0,1.0,10,operational,0.2,0.8,0.2,0.8,2,0.16000000000000003,0.16000000000000003
0.9364334459539372,0.06356655404606282,0.4625,0.5375,44.0,201.0,False,876.0,0.0,1.0,01,operational,0.2,0.8,0.2,0.8,2,0.16000000000000003,0.16000000000000003
0.8946625588095238,0.10533744119047617,0.5305000000000001,0.4694999999999999,52.0,,True,876.0,1.0,0.9550000000000001,11,operational,0.2,0.8,0.2,0.8,2,0.16000000000000003,0.16000000000000003
0.9379070833333334,0.06209291666666661,0.4625,0.5375,44.0,196.0,False,876.0,0.0,1.0,00,operational,0.2,1.0,0.2,1.0,2,0.2,0.2
0.9287532152777778,0.07124678472222223,0.5475,0.4525,49.0,196.0,False,876.0,0.0,1.0,10,operational,0.2,1.0,0.2,1.0,2,0.2,0.2
0.9359247243055555,0.06407527569444449,0.4625,0.5375,44.0,202.0,False,876.0,0.0,1.0,01,operational,0.2,1.0,0.2,1.0,2,0.2,0.2
0.888295940972222,0.11170405902777802,0.5475,0.4525,49.0,,True,876.0,1.0,0.95,11,operational,0.2,1.0,0.2,1.0,2,0.2,0.2
0.9379070833333334,0.06209291666666661,0.4625,0.5375,44.0,196.0,False,876.0,0.0,1.0,00,operational,0.4,0.2,0.4,0.2,2,0.08000000000000002,0.08000000000000002
0.9367122096064815,0.0632877903935185,0.4625,0.5375,44.0,196.0,False,876.0,0.0,1.0,10,operational,0.4,0.2,0.4,0.2,2,0.08000000000000002,0.08000000000000002
0.9370924783333333,0.06290752166666669,0.4625,0.5375,44.0,198.0,False,876.0,0.0,1.0,01,operational,0.4,0.2,0.4,0.2,2,0.08000000000000002,0.08000000000000002
0.9356936694385622,0.06430633056143775,0.4625,0.5375,44.0,199.0,False,876.0,0.0,1.0,11,operational,0.4,0.2,0.4,0.2,2,0.08000000000000002,0.08000000000000002
0.9379070833333334,0.06209291666666661,0.4625,0.5375,44.0,196.0,False,876.0,0.0,1.0,00,operational,0.4,0.4,0.4,0.4,2,0.16000000000000003,0.16000000000000003
0.9341453888888888,0.06585461111111124,0.49649999999999994,0.5035000000000001,56.0,196.0,False,876.0,0.0,1.0,10,operational,0.4,0.4,0.4,0.4,2,0.16000000000000003,0.16000000000000003
0.9362215906100789,0.06377840938992108,0.4625,0.5375,44.0,201.0,False,876.0,0.0,1.0,01,operational,0.4,0.4,0.4,0.4,2,0.16000000000000003,0.16000000000000003
0.9312063847711347,0.06879361522886529,0.49649999999999994,0.5035000000000001,56.0,203.0,False,876.0,0.0,1.0,11,operational,0.4,0.4,0.4,0.4,2,0.16000000000000003,0.16000000000000003
0.9379070833333334,0.06209291666666661,0.4625,0.5375,44.0,196.0,False,876.0,0.0,1.0,00,operational,0.4,0.6,0.4,0.6,2,0.24,0.24
0.9316990902777778,0.06830090972222225,0.5135,0.48650000000000004,49.0,196.0,False,876.0,0.0,1.0,10,operational,0.4,0.6,0.4,0.6,2,0.24,0.24
0.9351491001851852,0.06485089981481484,0.4625,0.5375,44.0,204.0,False,876.0,0.0,1.0,01,operational,0.4,0.6,0.4,0.6,2,0.24,0.24
0.9252653400522223,0.07473465994777773,0.5135,0.48650000000000004,49.0,211.0,False,876.0,0.0,1.0,11,operational,0.4,0.6,0.4,0.6,2,0.24,0.24
0.9379070833333334,0.06209291666666661,0.4625,0.5375,44.0,196.0,False,876.0,0.0,1.0,00,operational,0.4,0.8,0.4,0.8,2,0.32000000000000006,0.32000000000000006
0.9293235555555556,0.07067644444444443,0.5305000000000001,0.4694999999999999,46.0,197.0,False,876.0,0.0,1.0,10,operational,0.4,0.8,0.4,0.8,2,0.32000000000000006,0.32000000000000006
0.9339880509082893,0.06601194909171071,0.4625,0.5375,44.0,207.0,False,876.0,0.0,1.0,01,operational,0.4,0.8,0.4,0.8,2,0.32000000000000006,0.32000000000000006
0.8585678685733206,0.14143213142667943,0.5305000000000001,0.4694999999999999,46.0,,True,876.0,1.0,0.9100000000000001,11,operational,0.4,0.8,0.4,0.8,2,0.32000000000000006,0.32000000000000006
0.9379070833333334,0.06209291666666661,0.4625,0.5375,44.0,196.0,False,876.0,0.0,1.0,00,operational,0.4,1.0,0.4,1.0,2,0.4,0.4
0.9269366319444445,0.07306336805555547,0.549125,0.450875,56.0,197.0,False,876.0,0.0,1.0,10,operational,0.4,1.0,0.4,1.0,2,0.4,0.4
0.9326153217494089,0.06738467825059113,0.4625,0.5375,44.0,211.0,False,876.0,0.0,1.0,01,operational,0.4,1.0,0.4,1.0,2,0.4,0.4
0.8471777793401655,0.15282222065983453,0.549125,0.450875,56.0,,True,876.0,1.0,0.9,11,operational,0.4,1.0,0.4,1.0,2,0.4,0.4
0.9379070833333334,0.06209291666666661,0.4625,0.5375,44.0,196.0,False,876.0,0.0,1.0,00,operational,0.6,0.2,0.6,0.2,2,0.12,0.12
0.9364946359953703,0.0635053640046297,0.4625,0.5375,44.0,196.0,False,876.0,0.0,1.0,10,operational,0.6,0.2,0.6,0.2,2,0.12,0.12
0.9370406586341655,0.06295934136583448,0.4625,0.5375,44.0,198.0,False,876.0,0.0,1.0,01,operational,0.6,0.2,0.6,0.2,2,0.12,0.12
0.9353728080739238,0.06462719192607624,0.4625,0.5375,44.0,199.0,False,876.0,0.0,1.0,11,operational,0.6,0.2,0.6,0.2,2,0.12,0.12
0.9379070833333334,0.06209291666666661,0.4625,0.5375,44.0,196.0,False,876.0,0.0,1.0,00,operational,0.6,0.4,0.6,0.4,2,0.24,0.24
0.9335672295138888,0.06643277048611118,0.4764999999999999,0.5235000000000001,54.0,196.0,False,876.0,0.0,1.0,10,operational,0.6,0.4,0.6,0.4,2,0.24,0.24
0.9361102796296296,0.06388972037037044,0.4625,0.5375,44.0,201.0,False,876.0,0.0,1.0,01,operational,0.6,0.4,0.6,0.4,2,0.24,0.24
0.930079487358509,0.06992051264149102,0.4764999999999999,0.5235000000000001,54.0,205.0,False,876.0,0.0,1.0,11,operational,0.6,0.4,0.6,0.4,2,0.24,0.24
0.9379070833333334,0.06209291666666661,0.4625,0.5375,44.0,196.0,False,876.0,0.0,1.0,00,operational,0.6,0.6,0.6,0.6,2,0.36,0.36
0.9307792340277778,0.06922076597222215,0.5008125,0.4991875,56.0,196.0,False,876.0,0.0,1.0,10,operational,0.6,0.6,0.6,0.6,2,0.36,0.36
0.9349729125048025,0.06502708749519748,0.4625,0.5375,44.0,204.0,False,876.0,0.0,1.0,01,operational,0.6,0.6,0.6,0.6,2,0.36,0.36
0.922968760277204,0.07703123972279602,0.5008125,0.4991875,56.0,214.0,False,876.0,0.0,1.0,11,operational,0.6,0.6,0.6,0.6,2,0.36,0.36
0.9379070833333334,0.06209291666666661,0.4625,0.5375,44.0,196.0,False,876.0,0.0,1.0,00,operational,0.6,0.8,0.6,0.8,2,0.48,0.48
0.9280329138888889,0.07196708611111113,0.5185,0.48150000000000004,54.0,196.0,False,876.0,0.0,1.0,10,operational,0.6,0.8,0.6,0.8,2,0.48,0.48
0.9337354234567901,0.06626457654320994,0.4625,0.5375,44.0,207.0,False,876.0,0.0,1.0,01,operational,0.6,0.8,0.6,0.8,2,0.48,0.48
0.8549400334236764,0.14505996657632358,0.5185,0.48150000000000004,54.0,,True,876.0,1.0,0.9100000000000001,11,operational,0.6,0.8,0.6,0.8,2,0.48,0.48
0.9379070833333334,0.06209291666666661,0.4625,0.5375,44.0,196.0,False,876.0,0.0,1.0,00,operational,0.6,1.0,0.6,1.0,2,0.6,0.6
0.9252865243055556,0.07471347569444442,0.5330937499999999,0.4669062500000001,56.0,196.0,False,876.0,0.0,1.0,10,operational,0.6,1.0,0.6,1.0,2,0.6,0.6
0.9322740640432099,0.0677259359567901,0.4625,0.5375,44.0,211.0,False,876.0,0.0,1.0,01,operational,0.6,1.0,0.6,1.0,2,0.6,0.6
0.7596907576735685,0.24030924232643147,0.5330937499999999,0.4669062500000001,56.0,,True,876.0,1.0,0.7950000000000002,11,operational,0.6,1.0,0.6,1.0,2,0.6,0.6
0.9379070833333334,0.06209291666666661,0.4625,0.5375,44.0,196.0,False,876.0,0.0,1.0,00,operational,0.8,0.2,0.8,0.2,2,0.16000000000000003,0.16000000000000003
0.9354468125,0.06455318750000005,0.4625,0.5375,44.0,196.0,False,876.0,0.0,1.0,10,operational,0.8,0.2,0.8,0.2,2,0.16000000000000003,0.16000000000000003
0.9371820487529989,0.06281795124700107,0.4625,0.5375,44.0,198.0,False,876.0,0.0,1.0,01,operational,0.8,0.2,0.8,0.2,2,0.16000000000000003,0.16000000000000003
0.9342185659923304,0.06578143400766956,0.4625,0.5375,44.0,199.0,False,876.0,0.0,1.0,11,operational,0.8,0.2,0.8,0.2,2,0.16000000000000003,0.16000000000000003
0.9379070833333334,0.06209291666666661,0.4625,0.5375,44.0,196.0,False,876.0,0.0,1.0,00,operational,0.8,0.4,0.8,0.4,2,0.32000000000000006,0.32000000000000006
0.9304434795138888,0.06955652048611116,0.4926125,0.5073875,56.0,197.0,False,876.0,0.0,1.0,10,operational,0.8,0.4,0.8,0.4,2,0.32000000000000006,0.32000000000000006
0.9364030966185185,0.0635969033814815,0.4625,0.5375,44.0,200.0,False,876.0,0.0,1.0,01,operational,0.8,0.4,0.8,0.4,2,0.32000000000000006,0.32000000000000006
0.9262245369504185,0.07377546304958149,0.4926125,0.5073875,56.0,207.0,False,876.0,0.0,1.0,11,operational,0.8,0.4,0.8,0.4,2,0.32000000000000006,0.32000000000000006
0.9379070833333334,0.06209291666666661,0.4625,0.5375,44.0,196.0,False,876.0,0.0,1.0,00,operational,0.8,0.6,0.8,0.6,2,0.48,0.48
0.9255899493055555,0.07441005069444451,0.5384625000000002,0.4615374999999998,56.0,197.0,False,876.0,0.0,1.0,10,operational,0.8,0.6,0.8,0.6,2,0.48,0.48
0.9354773542511099,0.0645226457488901,0.4625,0.5375,44.0,203.0,False,876.0,0.0,1.0,01,operational,0.8,0.6,0.8,0.6,2,0.48,0.48
0.9157617309826495,0.08423826901735054,0.5384625000000002,0.4615374999999998,56.0,218.0,False,876.0,0.0,1.0,11,operational,0.8,0.6,0.8,0.6,2,0.48,0.48
0.9379070833333334,0.06209291666666661,0.4625,0.5375,44.0,196.0,False,876.0,0.0,1.0,00,operational,0.8,0.8,0.8,0.8,2,0.6400000000000001,0.6400000000000001
0.9208130527777778,0.07918694722222219,0.5687000000000001,0.4312999999999999,54.0,197.0,False,876.0,0.0,1.0,10,operational,0.8,0.8,0.8,0.8,2,0.6400000000000001,0.6400000000000001
0.9344475945793131,0.06555240542068685,0.4625,0.5375,44.0,206.0,False,876.0,0.0,1.0,01,operational,0.8,0.8,0.8,0.8,2,0.6400000000000001,0.6400000000000001
0.8079062518756086,0.1920937481243914,0.5687000000000001,0.4312999999999999,54.0,,True,876.0,1.0,0.8650000000000002,11,operational,0.8,0.8,0.8,0.8,2,0.6400000000000001,0.6400000000000001
0.9379070833333334,0.06209291666666661,0.4625,0.5375,44.0,196.0,False,876.0,0.0,1.0,00,operational,0.8,1.0,0.8,1.0,2,0.8,0.8
0.9160270451388889,0.08397295486111112,0.59671875,0.40328125000000004,56.0,197.0,False,876.0,0.0,1.0,10,operational,0.8,1.0,0.8,1.0,2,0.8,0.8
0.9332580351851851,0.06674196481481487,0.4625,0.5375,44.0,210.0,False,876.0,0.0,1.0,01,operational,0.8,1.0,0.8,1.0,2,0.8,0.8
0.6783828933586173,0.32161710664138266,0.59671875,0.40328125000000004,56.0,,True,876.0,1.0,0.7100000000000001,11,operational,0.8,1.0,0.8,1.0,2,0.8,0.8
0.9379070833333334,0.06209291666666661,0.4625,0.5375,44.0,196.0,False,876.0,0.0,1.0,00,operational,1.0,0.2,1.0,0.2,2,0.2,0.2
0.9349859290509259,0.06501407094907408,0.4625,0.5375,44.0,196.0,False,876.0,0.0,1.0,10,operational,1.0,0.2,1.0,0.2,2,0.2,0.2
0.9369546606944444,0.06304533930555556,0.4625,0.5375,44.0,199.0,False,876.0,0.0,1.0,01,operational,1.0,0.2,1.0,0.2,2,0.2,0.2
0.9332924589741787,0.06670754102582133,0.4625,0.5375,44.0,201.0,False,876.0,0.0,1.0,11,operational,1.0,0.2,1.0,0.2,2,0.2,0.2
0.9379070833333334,0.06209291666666661,0.4625,0.5375,44.0,196.0,False,876.0,0.0,1.0,00,operational,1.0,0.4,1.0,0.4,2,0.4,0.4
0.9290983295138888,0.07090167048611118,0.5066124999999999,0.49338750000000015,56.0,197.0,False,876.0,0.0,1.0,10,operational,1.0,0.4,1.0,0.4,2,0.4,0.4
0.9359290889933819,0.0640709110066181,0.4625,0.5375,44.0,202.0,False,876.0,0.0,1.0,01,operational,1.0,0.4,1.0,0.4,2,0.4,0.4
0.9228530106236132,0.07714698937638675,0.5066124999999999,0.49338750000000015,56.0,211.0,False,876.0,0.0,1.0,11,operational,1.0,0.4,1.0,0.4,2,0.4,0.4
0.9379070833333334,0.06209291666666661,0.4625,0.5375,44.0,196.0,False,876.0,0.0,1.0,00,operational,1.0,0.6,1.0,0.6,2,0.6,0.6
0.9233834534722222,0.07661654652777783,0.5594625000000001,0.4405374999999999,56.0,197.0,False,876.0,0.0,1.0,10,operational,1.0,0.6,1.0,0.6,2,0.6,0.6
0.934704015424343,0.065295984575657,0.4625,0.5375,44.0,205.0,False,876.0,0.0,1.0,01,operational,1.0,0.6,1.0,0.6,2,0.6,0.6
0.9080468815995142,0.09195311840048581,0.5594625000000001,0.4405374999999999,56.0,229.0,False,876.0,0.0,1.0,11,operational,1.0,0.6,1.0,0.6,2,0.6,0.6
0.9379070833333334,0.06209291666666661,0.4625,0.5375,44.0,196.0,False,876.0,0.0,1.0,00,operational,1.0,0.8,1.0,0.8,2,0.8,0.8
0.9177578916666667,0.08224210833333334,0.5967,0.40329999999999994,54.0,197.0,False,876.0,0.0,1.0,10,operational,1.0,0.8,1.0,0.8,2,0.8,0.8
0.9333688058040253,0.06663119419597474,0.4625,0.5375,44.0,210.0,False,876.0,0.0,1.0,01,operational,1.0,0.8,1.0,0.8,2,0.8,0.8
0.7350192855174899,0.26498071448251015,0.5967,0.40329999999999994,54.0,,True,876.0,1.0,0.7749999999999999,11,operational,1.0,0.8,1.0,0.8,2,0.8,0.8
0.9379070833333334,0.06209291666666661,0.4625,0.5375,44.0,196.0,False,876.0,0.0,1.0,00,operational,1.0,1.0,1.0,1.0,2,1.0,1.0
0.9121180937500001,0.08788190624999992,0.6320937499999999,0.36790625000000005,56.0,197.0,False,876.0,0.0,1.0,10,operational,1.0,1.0,1.0,1.0,2,1.0,1.0
0.9318042353205935,0.06819576467940647,0.4625,0.5375,44.0,214.0,False,876.0,0.0,1.0,01,operational,1.0,1.0,1.0,1.0,2,1.0,1.0
0.5623459333270484,0.4376540666729516,0.6320937499999999,0.36790625000000005,56.0,,True,876.0,1.0,0.5750000000000001,11,operational,1.0,1.0,1.0,1.0,2,1.0,1.0
0.9565138888888889,0.043486111111111114,0.3975000000000001,0.6024999999999999,44.0,159.0,False,876.0,0.0,1.0,00,operational,0.2,0.2,0.2,0.2,3,0.04000000000000001,0.04000000000000001
0.9562997567708333,0.04370024322916666,0.3975000000000001,0.6024999999999999,44.0,159.0,False,876.0,0.0,1.0,10,operational,0.2,0.2,0.2,0.2,3,0.04000000000000001,0.04000000000000001
0.9564089907407408,0.043591009259259184,0.3975000000000001,0.6024999999999999,44.0,160.0,False,876.0,0.0,1.0,01,operational,0.2,0.2,0.2,0.2,3,0.04000000000000001,0.04000000000000001
0.956194855288018,0.04380514471198205,0.3975000000000001,0.6024999999999999,44.0,160.0,False,876.0,0.0,1.0,11,operational,0.2,0.2,0.2,0.2,3,0.04000000000000001,0.04000000000000001
0.9565138888888889,0.043486111111111114,0.3975000000000001,0.6024999999999999,44.0,159.0,False,876.0,0.0,1.0,00,operational,0.2,0.4,0.2,0.4,3,0.08000000000000002,0.08000000000000002
0.9553888763888888,0.04461112361111119,0.4005000000000001,0.5994999999999999,52.0,159.0,False,876.0,0.0,1.0,10,operational,0.2,0.4,0.2,0.4,3,0.08000000000000002,0.08000000000000002
0.9562851851851851,0.04371481481481487,0.3975000000000001,0.6024999999999999,44.0,160.0,False,876.0,0.0,1.0,01,operational,0.2,0.4,0.2,0.4,3,0.08000000000000002,0.08000000000000002
0.9551383041429587,0.04486169585704125,0.4005000000000001,0.5994999999999999,52.0,160.0,False,876.0,0.0,1.0,11,operational,0.2,0.4,0.2,0.4,3,0.08000000000000002,0.08000000000000002
0.9565138888888889,0.043486111111111114,0.3975000000000001,0.6024999999999999,44.0,159.0,False,876.0,0.0,1.0,00,operational,0.2,0.6,0.2,0.6,3,0.12,0.12
0.9544879118055556,0.04551208819444441,0.40878125,0.59121875,56.0,159.0,False,876.0,0.0,1.0,10,operational,0.2,0.6,0.2,0.6,3,0.12,0.12
0.956140912037037,0.043859087962963006,0.3975000000000001,0.6024999999999999,44.0,161.0,False,876.0,0.0,1.0,01,operational,0.2,0.6,0.2,0.6,3,0.12,0.12
0.9540599075155768,0.04594009248442321,0.40878125,0.59121875,56.0,161.0,False,876.0,0.0,1.0,11,operational,0.2,0.6,0.2,0.6,3,0.12,0.12
0.9565138888888889,0.043486111111111114,0.3975000000000001,0.6024999999999999,44.0,159.0,False,876.0,0.0,1.0,00,operational,0.2,0.8,0.2,0.8,3,0.16000000000000003,0.16000000000000003
0.9535830027777779,0.046416997222222145,0.4133000000000001,0.5866999999999999,52.0,160.0,False,876.0,0.0,1.0,10,operational,0.2,0.8,0.2,0.8,3,0.16000000000000003,0.16000000000000003
0.9559662851851851,0.044033714814814884,0.3975000000000001,0.6024999999999999,44.0,161.0,False,876.0,0.0,1.0,01,operational,0.2,0.8,0.2,0.8,3,0.16000000000000003,0.16000000000000003
0.9529180581527193,0.04708194184728065,0.4133000000000001,0.5866999999999999,52.0,162.0,False,876.0,0.0,1.0,11,operational,0.2,0.8,0.2,0.8,3,0.16000000000000003,0.16000000000000003
0.9565138888888889,0.043486111111111114,0.3975000000000001,0.6024999999999999,44.0,159.0,False,876.0,0.0,1.0,00,operational,0.2,1.0,0.2,1.0,3,0.2,0.2
0.9526695520833333,0.04733044791666674,0.41725,0.58275,49.0,160.0,False,876.0,0.0,1.0,10,operational,0.2,1.0,0.2,1.0,3,0.2,0.2
0.9557588240740741,0.04424117592592591,0.3975000000000001,0.6024999999999999,44.0,162.0,False,876.0,0.0,1.0,01,operational,0.2,1.0,0.2,1.0,3,0.2,0.2
0.9517360475888889,0.048263952411111144,0.41725,0.58275,49.0,163.0,False,876.0,0.0,1.0,11,operational,0.2,1.0,0.2,1.0,3,0.2,0.2
0.9565138888888889,0.043486111111111114,0.3975000000000001,0.6024999999999999,44.0,159.0,False,876.0,0.0,1.0,00,operational,0.4,0.2,0.4,0.2,3,0.08000000000000002,0.08000000000000002
0.9561546722222223,0.04384532777777772,0.3975000000000001,0.6024999999999999,44.0,159.0,False,876.0,0.0,1.0,10,operational,0.4,0.2,0.4,0.2,3,0.08000000000000002,0.08000000000000002
0.9554855462813016,0.044514453718698443,0.3975000000000001,0.6024999999999999,44.0,162.0,False,876.0,0.0,1.0,01,operational,0.4,0.2,0.4,0.2,3,0.08000000000000002,0.08000000000000002
0.9550308691664986,0.0449691308335014,0.3975000000000001,0.6024999999999999,44.0,162.0,False,876.0,0.0,1.0,11,operational,0.4,0.2,0.4,0.2,3,0.08000000000000002,0.08000000000000002
0.9565138888888889,0.043486111111111114,0.3975000000000001,0.6024999999999999,44.0,159.0,False,876.0,0.0,1.0,00,operational,0.4,0.4,0.4,0.4,3,0.16000000000000003,0.16000000000000003
0.9542739555555555,0.0457260444444445,0.4045000000000001,0.5954999999999999,54.0,160.0,False,876.0,0.0,1.0,10,operational,0.4,0.4,0.4,0.4,3,0.16000000000000003,0.16000000000000003
0.9541971138888888,0.04580288611111116,0.3975000000000001,0.6024999999999999,44.0,165.0,False,876.0,0.0,1.0,01,operational,0.4,0.4,0.4,0.4,3,0.16000000000000003,0.16000000000000003
0.9512643773740301,0.048735622625969865,0.4045000000000001,0.5954999999999999,54.0,167.0,False,876.0,0.0,1.0,11,operational,0.4,0.4,0.4,0.4,3,0.16000000000000003,0.16000000000000003
0.9565138888888889,0.043486111111111114,0.3975000000000001,0.6024999999999999,44.0,159.0,False,876.0,0.0,1.0,00,operational,0.4,0.6,0.4,0.6,3,0.24,0.24
0.9524105166666667,0.04758948333333335,0.4185000000000001,0.5814999999999999,56.0,160.0,False,876.0,0.0,1.0,10,operational,0.4,0.6,0.4,0.6,3,0.24,0.24
0.9523481175397649,0.04765188246023511,0.3975000000000001,0.6024999999999999,44.0,170.0,False,876.0,0.0,1.0,01,operational,0.4,0.6,0.4,0.6,3,0.24,0.24
0.9462851184784219,0.053714881521578106,0.4185000000000001,0.5814999999999999,56.0,174.0,False,876.0,0.0,1.0,11,operational,0.4,0.6,0.4,0.6,3,0.24,0.24
0.9565138888888889,0.043486111111111114,0.3975000000000001,0.6024999999999999,44.0,159.0,False,876.0,0.0,1.0,00,operational,0.4,0.8,0.4,0.8,3,0.32000000000000006,0.32000000000000006
0.9505584111111111,0.04944158888888894,0.4255,0.5745,51.0,160.0,False,876.0,0.0,1.0,10,operational,0.4,0.8,0.4,0.8,3,0.32000000000000006,0.32000000000000006
0.9495683900326798,0.05043160996732021,0.3975000000000001,0.6024999999999999,44.0,177.0,False,876.0,0.0,1.0,01,operational,0.4,0.8,0.4,0.8,3,0.32000000000000006,0.32000000000000006
0.9064324856025348,0.09356751439746525,0.4255,0.5745,51.0,,True,876.0,1.0,0.9550000000000001,11,operational,0.4,0.8,0.4,0.8,3,0.32000000000000006,0.32000000000000006
0.9565138888888889,0.043486111111111114,0.3975000000000001,0.6024999999999999,44.0,159.0,False,876.0,0.0,1.0,00,operational,0.4,1.0,0.4,1.0,3,0.4,0.4
0.9486969722222222,0.05130302777777784,0.4346875,0.5653125,56.0,160.0,False,876.0,0.0,1.0,10,operational,0.4,1.0,0.4,1.0,3,0.4,0.4
0.9498284504629629,0.05017154953703706,0.3975000000000001,0.6024999999999999,44.0,180.0,False,876.0,0.0,1.0,01,operational,0.4,1.0,0.4,1.0,3,0.4,0.4
0.8723271343400294,0.1276728656599706,0.4346875,0.5653125,56.0,,True,876.0,1.0,0.915,11,operational,0.4,1.0,0.4,1.0,3,0.4,0.4
0.9565138888888889,0.043486111111111114,0.3975000000000001,0.6024999999999999,44.0,159.0,False,876.0,0.0,1.0,00,operational,0.6,0.2,0.6,0.2,3,0.12,0.12
0.9555337092592592,0.04446629074074082,0.3975000000000001,0.6024999999999999,44.0,159.0,False,876.0,0.0,1.0,10,operational,0.6,0.2,0.6,0.2,3,0.12,0.12
0.9561551272592593,0.04384487274074067,0.3975000000000001,0.6024999999999999,44.0,160.0,False,876.0,0.0,1.0,01,operational,0.6,0.2,0.6,0.2,3,0.12,0.12
0.9550021231812962,0.04499787681870382,0.3975000000000001,0.6024999999999999,44.0,161.0,False,876.0,0.0,1.0,11,operational,0.6,0.2,0.6,0.2,3,0.12,0.12
0.9565138888888889,0.043486111111111114,0.3975000000000001,0.6024999999999999,44.0,159.0,False,876.0,0.0,1.0,00,operational,0.6,0.4,0.6,0.4,3,0.24,0.24
0.9525200203703703,0.04747997962962969,0.4148750000000001,0.5851249999999999,56.0,159.0,False,876.0,0.0,1.0,10,operational,0.6,0.4,0.6,0.4,3,0.24,0.24
0.9557310781481482,0.04426892185185183,0.3975000000000001,0.6024999999999999,44.0,162.0,False,876.0,0.0,1.0,01,operational,0.6,0.4,0.6,0.4,3,0.24,0.24
0.950389465698345,0.04961053430165496,0.4148750000000001,0.5851249999999999,56.0,166.0,False,876.0,0.0,1.0,11,operational,0.6,0.4,0.6,0.4,3,0.24,0.24
0.9565138888888889,0.043486111111111114,0.3975000000000001,0.6024999999999999,44.0,159.0,False,876.0,0.0,1.0,00,operational,0.6,0.6,0.6,0.6,3,0.36,0.36
0.9495919055555555,0.050408094444444496,0.44715625000000003,0.55284375,56.0,159.0,False,876.0,0.0,1.0,10,operational,0.6,0.6,0.6,0.6,3,0.36,0.36
0.9552375360189027,0.04476246398109729,0.3975000000000001,0.6024999999999999,44.0,164.0,False,876.0,0.0,1.0,01,operational,0.6,0.6,0.6,0.6,3,0.36,0.36
0.9445408881379354,0.05545911186206465,0.44715625000000003,0.55284375,56.0,173.0,False,876.0,0.0,1.0,11,operational,0.6,0.6,0.6,0.6,3,0.36,0.36
0.9565138888888889,0.043486111111111114,0.3975000000000001,0.6024999999999999,44.0,159.0,False,876.0,0.0,1.0,00,operational,0.6,0.8,0.6,0.8,3,0.48,0.48
0.9466931333333334,0.05330686666666662,0.46929999999999994,0.5307000000000001,54.0,160.0,False,876.0,0.0,1.0,10,operational,0.6,0.8,0.6,0.8,3,0.48,0.48
0.954703220925926,0.045296779074074034,0.3975000000000001,0.6024999999999999,44.0,165.0,False,876.0,0.0,1.0,01,operational,0.6,0.8,0.6,0.8,3,0.48,0.48
0.8688594858841413,0.1311405141158587,0.46929999999999994,0.5307000000000001,54.0,,True,876.0,1.0,0.9099999999999999,11,operational,0.6,0.8,0.6,0.8,3,0.48,0.48
0.9565138888888889,0.043486111111111114,0.3975000000000001,0.6024999999999999,44.0,159.0,False,876.0,0.0,1.0,00,operational,0.6,1.0,0.6,1.0,3,0.6,0.6
0.9437765208333334,0.05622347916666659,0.48724999999999996,0.51275,52.0,160.0,False,876.0,0.0,1.0,10,operational,0.6,1.0,0.6,1.0,3,0.6,0.6
0.9540440268518519,0.045955973148148144,0.3975000000000001,0.6024999999999999,44.0,168.0,False,876.0,0.0,1.0,01,operational,0.6,1.0,0.6,1.0,3,0.6,0.6
0.7714119195397651,0.22858808046023493,0.48724999999999996,0.51275,52.0,,True,876.0,1.0,0.7950000000000002,11,operational,0.6,1.0,0.6,1.0,3,0.6,0.6
0.9565138888888889,0.043486111111111114,0.3975000000000001,0.6024999999999999,44.0,159.0,False,876.0,0.0,1.0,00,operational,0.8,0.2,0.8,0.2,3,0.16000000000000003,0.16000000000000003
0.9548433132523148,0.04515668674768525,0.3975000000000001,0.6024999999999999,44.0,159.0,False,876.0,0.0,1.0,10,operational,0.8,0.2,0.8,0.2,3,0.16000000000000003,0.16000000000000003
0.9552889367725671,0.0447110632274329,0.3975000000000001,0.6024999999999999,44.0,163.0,False,876.0,0.0,1.0,01,operational,0.8,0.2,0.8,0.2,3,0.16000000000000003,0.16000000000000003
0.9532197878677695,0.04678021213223049,0.3975000000000001,0.6024999999999999,44.0,164.0,False,876.0,0.0,1.0,11,operational,0.8,0.2,0.8,0.2,3,0.16000000000000003,0.16000000000000003
0.9565138888888889,0.043486111111111114,0.3975000000000001,0.6024999999999999,44.0,159.0,False,876.0,0.0,1.0,00,operational,0.8,0.4,0.8,0.4,3,0.32000000000000006,0.32000000000000006
0.9506088444444444,0.04939115555555562,0.427875,0.572125,56.0,160.0,False,876.0,0.0,1.0,10,operational,0.8,0.4,0.8,0.4,3,0.32000000000000006,0.32000000000000006
0.9537490499691358,0.04625095003086421,0.3975000000000001,0.6024999999999999,44.0,167.0,False,876.0,0.0,1.0,01,operational,0.8,0.4,0.8,0.4,3,0.32000000000000006,0.32000000000000006
0.9449710212491964,0.05502897875080359,0.427875,0.572125,56.0,174.0,False,876.0,0.0,1.0,11,operational,0.8,0.4,0.8,0.4,3,0.32000000000000006,0.32000000000000006
0.9565138888888889,0.043486111111111114,0.3975000000000001,0.6024999999999999,44.0,159.0,False,876.0,0.0,1.0,00,operational,0.8,0.6,0.8,0.6,3,0.48,0.48
0.946467867361111,0.05353213263888901,0.48684375,0.51315625,56.0,160.0,False,876.0,0.0,1.0,10,operational,0.8,0.6,0.8,0.6,3,0.48,0.48
0.9516369547918164,0.048363045208183575,0.3975000000000001,0.6024999999999999,44.0,173.0,False,876.0,0.0,1.0,01,operational,0.8,0.6,0.8,0.6,3,0.48,0.48
0.9329677618230754,0.06703223817692461,0.48684375,0.51315625,56.0,190.0,False,876.0,0.0,1.0,11,operational,0.8,0.6,0.8,0.6,3,0.48,0.48
0.9565138888888889,0.043486111111111114,0.3975000000000001,0.6024999999999999,44.0,159.0,False,876.0,0.0,1.0,00,operational,0.8,0.8,0.8,0.8,3,0.6400000000000001,0.6400000000000001
0.9423693694444445,0.057630630555555507,0.5233000000000001,0.47669999999999985,54.0,160.0,False,876.0,0.0,1.0,10,operational,0.8,0.8,0.8,0.8,3,0.6400000000000001,0.6400000000000001
0.9485527079111734,0.05144729208882659,0.3975000000000001,0.6024999999999999,44.0,181.0,False,876.0,0.0,1.0,01,operational,0.8,0.8,0.8,0.8,3,0.6400000000000001,0.6400000000000001
0.790309493438234,0.20969050656176602,0.5233000000000001,0.47669999999999985,54.0,,True,876.0,1.0,0.82,11,operational,0.8,0.8,0.8,0.8,3,0.6400000000000001,0.6400000000000001
0.9565138888888889,0.043486111111111114,0.3975000000000001,0.6024999999999999,44.0,159.0,False,876.0,0.0,1.0,00,operational,0.8,1.0,0.8,1.0,3,0.8,0.8
0.9382376145833334,0.061762385416666565,0.5569374999999999,0.4430625000000001,56.0,160.0,False,876.0,0.0,1.0,10,operational,0.8,1.0,0.8,1.0,3,0.8,0.8
0.9483785336337668,0.051621466366233215,0.3975000000000001,0.6024999999999999,44.0,186.0,False,876.0,0.0,1.0,01,operational,0.8,1.0,0.8,1.0,3,0.8,0.8
0.6193256241184685,0.3806743758815315,0.5569374999999999,0.4430625000000001,56.0,,True,876.0,1.0,0.6250000000000001,11,operational,0.8,1.0,0.8,1.0,3,0.8,0.8
0.9565138888888889,0.043486111111111114,0.3975000000000001,0.6024999999999999,44.0,159.0,False,876.0,0.0,1.0,00,operational,1.0,0.2,1.0,0.2,3,0.2,0.2
0.9548403183449075,0.04515968165509254,0.3975000000000001,0.6024999999999999,44.0,160.0,False,876.0,0.0,1.0,10,operational,1.0,0.2,1.0,0.2,3,0.2,0.2
0.9552791581949692,0.044720841805030775,0.3975000000000001,0.6024999999999999,44.0,163.0,False,876.0,0.0,1.0,01,operational,1.0,0.2,1.0,0.2,3,0.2,0.2
0.9531723503241599,0.04682764967584008,0.3975000000000001,0.6024999999999999,44.0,164.0,False,876.0,0.0,1.0,11,operational,1.0,0.2,1.0,0.2,3,0.2,0.2
0.9565138888888889,0.043486111111111114,0.3975000000000001,0.6024999999999999,44.0,159.0,False,876.0,0.0,1.0,00,operational,1.0,0.4,1.0,0.4,3,0.4,0.4
0.9497749981481481,0.05022500185185186,0.427875,0.572125,56.0,160.0,False,876.0,0.0,1.0,10,operational,1.0,0.4,1.0,0.4,3,0.4,0.4
0.9537278714991904,0.04627212850080964,0.3975000000000001,0.6024999999999999,44.0,167.0,False,876.0,0.0,1.0,01,operational,1.0,0.4,1.0,0.4,3,0.4,0.4
0.9437214300391009,0.05627856996089908,0.427875,0.572125,56.0,175.0,False,876.0,0.0,1.0,11,operational,1.0,0.4,1.0,0.4,3,0.4,0.4
0.9565138888888889,0.043486111111111114,0.3975000000000001,0.6024999999999999,44.0,159.0,False,876.0,0.0,1.0,00,operational,1.0,0.6,1.0,0.6,3,0.6,0.6
0.9448480006944444,0.05515199930555559,0.48684375,0.51315625,56.0,160.0,False,876.0,0.0,1.0,10,operational,1.0,0.6,1.0,0.6,3,0.6,0.6
0.9516048073234901,0.048395192676509935,0.3975000000000001,0.6024999999999999,44.0,173.0,False,876.0,0.0,1.0,01,operational,1.0,0.6,1.0,0.6,3,0.6,0.6
0.930178945799232,0.069821054200768,0.48684375,0.51315625,56.0,193.0,False,876.0,0.0,1.0,11,operational,1.0,0.6,1.0,0.6,3,0.6,0.6
0.9565138888888889,0.043486111111111114,0.3975000000000001,0.6024999999999999,44.0,159.0,False,876.0,0.0,1.0,00,operational,1.0,0.8,1.0,0.8,3,0.8,0.8
0.9399651027777778,0.06003489722222222,0.5233000000000001,0.47669999999999985,54.0,160.0,False,876.0,0.0,1.0,10,operational,1.0,0.8,1.0,0.8,3,0.8,0.8
0.9485115361151882,0.051488463884811764,0.3975000000000001,0.6024999999999999,44.0,181.0,False,876.0,0.0,1.0,01,operational,1.0,0.8,1.0,0.8,3,0.8,0.8
0.7872800524188099,0.21271994758119006,0.5233000000000001,0.47669999999999985,54.0,,True,876.0,1.0,0.82,11,operational,1.0,0.8,1.0,0.8,3,0.8,0.8
0.9565138888888889,0.043486111111111114,0.3975000000000001,0.6024999999999999,44.0,159.0,False,876.0,0.0,1.0,00,operational,1.0,1.0,1.0,1.0,3,1.0,1.0
0.9350489479166667,0.0649510520833333,0.5569374999999999,0.4430625000000001,56.0,160.0,False,876.0,0.0,1.0,10,operational,1.0,1.0,1.0,1.0,3,1.0,1.0
0.9483231006944444,0.051676899305555635,0.3975000000000001,0.6024999999999999,44.0,186.0,False,876.0,0.0,1.0,01,operational,1.0,1.0,1.0,1.0,3,1.0,1.0
0.5859830935126774,0.4140169064873226,0.5569374999999999,0.4430625000000001,56.0,,True,876.0,1.0,0.5900000000000001,11,operational,1.0,1.0,1.0,1.0,3,1.0,1.0
0.9295133333333332,0.07048666666666681,0.48749999999999993,0.5125000000000001,44.0,213.0,False,876.0,0.0,1.0,00,operational,0.2,0.2,0.2,0.2,4,0.04000000000000001,0.04000000000000001
0.9289872174074074,0.07101278259259258,0.48749999999999993,0.5125000000000001,44.0,213.0,False,876.0,0.0,1.0,10,operational,0.2,0.2,0.2,0.2,4,0.04000000000000001,0.04000000000000001
0.9291586808542011,0.07084131914579894,0.48749999999999993,0.5125000000000001,44.0,214.0,False,876.0,0.0,1.0,01,operational,0.2,0.2,0.2,0.2,4,0.04000000000000001,0.04000000000000001
0.9286220027060529,0.07137799729394712,0.48749999999999993,0.5125000000000001,44.0,214.0,False,876.0,0.0,1.0,11,operational,0.2,0.2,0.2,0.2,4,0.04000000000000001,0.04000000000000001
0.9295133333333332,0.07048666666666681,0.48749999999999993,0.5125000000000001,44.0,213.0,False,876.0,0.0,1.0,00,operational,0.2,0.4,0.2,0.4,4,0.08000000000000002,0.08000000000000002
0.9280833237037037,0.07191667629629628,0.49749999999999983,0.5025000000000002,54.0,213.0,False,876.0,0.0,1.0,10,operational,0.2,0.4,0.2,0.4,4,0.08000000000000002,0.08000000000000002
0.9287700938271605,0.07122990617283953,0.48749999999999993,0.5125000000000001,44.0,215.0,False,876.0,0.0,1.0,01,operational,0.2,0.4,0.2,0.4,4,0.08000000000000002,0.08000000000000002
0.9273129404938272,0.07268705950617282,0.49749999999999983,0.5025000000000002,54.0,215.0,False,876.0,0.0,1.0,11,operational,0.2,0.4,0.2,0.4,4,0.08000000000000002,0.08000000000000002
0.9295133333333332,0.07048666666666681,0.48749999999999993,0.5125000000000001,44.0,213.0,False,876.0,0.0,1.0,00,operational,0.2,0.6,0.2,0.6,4,0.12,0.12
0.9271747425,0.07282525750000002,0.5024999999999998,0.49750000000000016,47.0,213.0,False,876.0,0.0,1.0,10,operational,0.2,0.6,0.2,0.6,4,0.12,0.12
0.9282732387352083,0.07172676126479172,0.48749999999999993,0.5125000000000001,44.0,216.0,False,876.0,0.0,1.0,01,operational,0.2,0.6,0.2,0.6,4,0.12,0.12
0.9258748934574306,0.07412510654256943,0.5024999999999998,0.49750000000000016,47.0,217.0,False,876.0,0.0,1.0,11,operational,0.2,0.6,0.2,0.6,4,0.12,0.12
0.9295133333333332,0.07048666666666681,0.48749999999999993,0.5125000000000001,44.0,213.0,False,876.0,0.0,1.0,00,operational,0.2,0.8,0.2,0.8,4,0.16000000000000003,0.16000000000000003
0.9262716196296296,0.07372838037037044,0.5075,0.49250000000000005,44.0,213.0,False,876.0,0.0,1.0,10,operational,0.2,0.8,0.2,0.8,4,0.16000000000000003,0.16000000000000003
0.9276978040493827,0.07230219595061727,0.48749999999999993,0.5125000000000001,44.0,218.0,False,876.0,0.0,1.0,01,operational,0.2,0.8,0.2,0.8,4,0.16000000000000003,0.16000000000000003
0.9243484207160494,0.07565157928395061,0.5075,0.49250000000000005,44.0,218.0,False,876.0,0.0,1.0,11,operational,0.2,0.8,0.2,0.8,4,0.16000000000000003,0.16000000000000003
0.9295133333333332,0.07048666666666681,0.48749999999999993,0.5125000000000001,44.0,213.0,False,876.0,0.0,1.0,00,operational,0.2,1.0,0.2,1.0,4,0.2,0.2
0.9253510523148147,0.07464894768518526,0.5125,0.4875000000000001,44.0,213.0,False,876.0,0.0,1.0,10,operational,0.2,1.0,0.2,1.0,4,0.2,0.2
0.9270685645061728,0.07293143549382719,0.48749999999999993,0.5125000000000001,44.0,220.0,False,876.0,0.0,1.0,01,operational,0.2,1.0,0.2,1.0,4,0.2,0.2
0.9227286186728395,0.0772713813271605,0.5125,0.4875000000000001,44.0,220.0,False,876.0,0.0,1.0,11,operational,0.2,1.0,0.2,1.0,4,0.2,0.2
0.9295133333333332,0.07048666666666681,0.48749999999999993,0.5125000000000001,44.0,213.0,False,876.0,0.0,1.0,00,operational,0.4,0.2,0.4,0.2,4,0.08000000000000002,0.08000000000000002
0.9282189644290123,0.0717810355709877,0.48749999999999993,0.5125000000000001,44.0,213.0,False,876.0,0.0,1.0,10,operational,0.4,0.2,0.4,0.2,4,0.08000000000000002,0.08000000000000002
0.9289586900987654,0.07104130990123458,0.48749999999999993,0.5125000000000001,44.0,214.0,False,876.0,0.0,1.0,01,operational,0.4,0.2,0.4,0.2,4,0.08000000000000002,0.08000000000000002
0.9274264922434814,0.07257350775651861,0.48749999999999993,0.5125000000000001,44.0,215.0,False,876.0,0.0,1.0,11,operational,0.4,0.2,0.4,0.2,4,0.08000000000000002,0.08000000000000002
0.9295133333333332,0.07048666666666681,0.48749999999999993,0.5125000000000001,44.0,213.0,False,876.0,0.0,1.0,00,operational,0.4,0.4,0.4,0.4,4,0.16000000000000003,0.16000000000000003
0.9260936209876544,0.07390637901234565,0.5005,0.4995000000000001,54.0,213.0,False,876.0,0.0,1.0,10,operational,0.4,0.4,0.4,0.4,4,0.16000000000000003,0.16000000000000003
0.9283512679012346,0.07164873209876543,0.48749999999999993,0.5125000000000001,44.0,216.0,False,876.0,0.0,1.0,01,operational,0.4,0.4,0.4,0.4,4,0.16000000000000003,0.16000000000000003
0.9237962716986242,0.07620372830137578,0.5005,0.4995000000000001,54.0,219.0,False,876.0,0.0,1.0,11,operational,0.4,0.4,0.4,0.4,4,0.16000000000000003,0.16000000000000003
0.9295133333333332,0.07048666666666681,0.48749999999999993,0.5125000000000001,44.0,213.0,False,876.0,0.0,1.0,00,operational,0.4,0.6,0.4,0.6,4,0.24,0.24
0.9239828550925927,0.0760171449074073,0.52264375,0.47735625000000004,56.0,213.0,False,876.0,0.0,1.0,10,operational,0.4,0.6,0.4,0.6,4,0.24,0.24
0.9275844987667127,0.07241550123328733,0.48749999999999993,0.5125000000000001,44.0,218.0,False,876.0,0.0,1.0,01,operational,0.4,0.6,0.4,0.6,4,0.24,0.24
0.9190324906373801,0.08096750936261987,0.52264375,0.47735625000000004,56.0,225.0,False,876.0,0.0,1.0,11,operational,0.4,0.6,0.4,0.6,4,0.24,0.24
0.9295133333333332,0.07048666666666681,0.48749999999999993,0.5125000000000001,44.0,213.0,False,876.0,0.0,1.0,00,operational,0.4,0.8,0.4,0.8,4,0.32000000000000006,0.32000000000000006
0.9218856586419754,0.07811434135802464,0.5415,0.4585,55.0,213.0,False,876.0,0.0,1.0,10,operational,0.4,0.8,0.4,0.8,4,0.32000000000000006,0.32000000000000006
0.9267283722938063,0.07327162770619366,0.48749999999999993,0.5125000000000001,44.0,221.0,False,876.0,0.0,1.0,01,operational,0.4,0.8,0.4,0.8,4,0.32000000000000006,0.32000000000000006
0.8842220323816552,0.1157779676183448,0.5415,0.4585,55.0,,True,876.0,1.0,0.9550000000000001,11,operational,0.4,0.8,0.4,0.8,4,0.32000000000000006,0.32000000000000006
0.9295133333333332,0.07048666666666681,0.48749999999999993,0.5125000000000001,44.0,213.0,False,876.0,0.0,1.0,00,operational,0.4,1.0,0.4,1.0,4,0.4,0.4
0.9197839830246913,0.08021601697530867,0.5549999999999999,0.4450000000000001,52.0,213.0,False,876.0,0.0,1.0,10,operational,0.4,1.0,0.4,1.0,4,0.4,0.4
0.9257582077094825,0.07424179229051753,0.48749999999999993,0.5125000000000001,44.0,223.0,False,876.0,0.0,1.0,01,operational,0.4,1.0,0.4,1.0,4,0.4,0.4
0.824005652777778,0.17599434722222196,0.5549999999999999,0.4450000000000001,52.0,,True,876.0,1.0,0.8800000000000001,11,operational,0.4,1.0,0.4,1.0,4,0.4,0.4
0.9295133333333332,0.07048666666666681,0.48749999999999993,0.5125000000000001,44.0,213.0,False,876.0,0.0,1.0,00,operational,0.6,0.2,0.6,0.2,4,0.12,0.12
0.9273967278819444,0.07260327211805562,0.48749999999999993,0.5125000000000001,44.0,213.0,False,876.0,0.0,1.0,10,operational,0.6,0.2,0.6,0.2,4,0.12,0.12
0.9279320643305466,0.07206793566945335,0.48749999999999993,0.5125000000000001,44.0,216.0,False,876.0,0.0,1.0,01,operational,0.6,0.2,0.6,0.2,4,0.12,0.12
0.9252739128743193,0.07472608712568074,0.48749999999999993,0.5125000000000001,44.0,217.0,False,876.0,0.0,1.0,11,operational,0.6,0.2,0.6,0.2,4,0.12,0.12
0.9295133333333332,0.07048666666666681,0.48749999999999993,0.5125000000000001,44.0,213.0,False,876.0,0.0,1.0,00,operational,0.6,0.4,0.6,0.4,4,0.24,0.24
0.9237976797222223,0.07620232027777774,0.5104999999999998,0.48950000000000016,51.0,213.0,False,876.0,0.0,1.0,10,operational,0.6,0.4,0.6,0.4,4,0.24,0.24
0.9258857395123457,0.07411426048765435,0.48749999999999993,0.5125000000000001,44.0,221.0,False,876.0,0.0,1.0,01,operational,0.6,0.4,0.6,0.4,4,0.24,0.24
0.9174868743549465,0.08251312564505353,0.5104999999999998,0.48950000000000016,51.0,227.0,False,876.0,0.0,1.0,11,operational,0.6,0.4,0.6,0.4,4,0.24,0.24
0.9295133333333332,0.07048666666666681,0.48749999999999993,0.5125000000000001,44.0,213.0,False,876.0,0.0,1.0,00,operational,0.6,0.6,0.6,0.6,4,0.36,0.36
0.9201857973611112,0.07981420263888883,0.54330625,0.45669375,56.0,213.0,False,876.0,0.0,1.0,10,operational,0.6,0.6,0.6,0.6,4,0.36,0.36
0.9229819129920469,0.0770180870079531,0.48749999999999993,0.5125000000000001,44.0,228.0,False,876.0,0.0,1.0,01,operational,0.6,0.6,0.6,0.6,4,0.36,0.36
0.9059171537550311,0.09408284624496888,0.54330625,0.45669375,56.0,242.0,False,876.0,0.0,1.0,11,operational,0.6,0.6,0.6,0.6,4,0.36,0.36
0.9295133333333332,0.07048666666666681,0.48749999999999993,0.5125000000000001,44.0,213.0,False,876.0,0.0,1.0,00,operational,0.6,0.8,0.6,0.8,4,0.48,0.48
0.9165839983333333,0.08341600166666674,0.5699000000000001,0.4300999999999999,55.0,213.0,False,876.0,0.0,1.0,10,operational,0.6,0.8,0.6,0.8,4,0.48,0.48
0.9183740835449736,0.08162591645502637,0.48749999999999993,0.5125000000000001,44.0,239.0,False,876.0,0.0,1.0,01,operational,0.6,0.8,0.6,0.8,4,0.48,0.48
0.8106795669217812,0.18932043307821877,0.5699000000000001,0.4300999999999999,55.0,,True,876.0,1.0,0.865,11,operational,0.6,0.8,0.6,0.8,4,0.48,0.48
0.9295133333333332,0.07048666666666681,0.48749999999999993,0.5125000000000001,44.0,213.0,False,876.0,0.0,1.0,00,operational,0.6,1.0,0.6,1.0,4,0.6,0.6
0.9129892340277778,0.08701076597222224,0.5904999999999999,0.4095000000000001,52.0,214.0,False,876.0,0.0,1.0,10,operational,0.6,1.0,0.6,1.0,4,0.6,0.6
0.9187221907407407,0.08127780925925931,0.48749999999999993,0.5125000000000001,44.0,244.0,False,876.0,0.0,1.0,01,operational,0.6,1.0,0.6,1.0,4,0.6,0.6
0.7391269021896834,0.26087309781031665,0.5904999999999999,0.4095000000000001,52.0,,True,876.0,1.0,0.78,11,operational,0.6,1.0,0.6,1.0,4,0.6,0.6
0.9295133333333332,0.07048666666666681,0.48749999999999993,0.5125000000000001,44.0,213.0,False,876.0,0.0,1.0,00,operational,0.8,0.2,0.8,0.2,4,0.16000000000000003,0.16000000000000003
0.9268473250462963,0.0731526749537037,0.48749999999999993,0.5125000000000001,44.0,213.0,False,876.0,0.0,1.0,10,operational,0.8,0.2,0.8,0.2,4,0.16000000000000003,0.16000000000000003
0.9260119768407408,0.07398802315925923,0.48749999999999993,0.5125000000000001,44.0,221.0,False,876.0,0.0,1.0,01,operational,0.8,0.2,0.8,0.2,4,0.16000000000000003,0.16000000000000003
0.9226763724081729,0.0773236275918271,0.48749999999999993,0.5125000000000001,44.0,222.0,False,876.0,0.0,1.0,11,operational,0.8,0.2,0.8,0.2,4,0.16000000000000003,0.16000000000000003
0.9295133333333332,0.07048666666666681,0.48749999999999993,0.5125000000000001,44.0,213.0,False,876.0,0.0,1.0,00,operational,0.8,0.4,0.8,0.4,4,0.32000000000000006,0.32000000000000006
0.9224618699999999,0.0775381300000001,0.5244999999999999,0.47550000000000014,54.0,213.0,False,876.0,0.0,1.0,10,operational,0.8,0.4,0.8,0.4,4,0.32000000000000006,0.32000000000000006
0.9213905644748633,0.07860943552513666,0.48749999999999993,0.5125000000000001,44.0,232.0,False,876.0,0.0,1.0,01,operational,0.8,0.4,0.8,0.4,4,0.32000000000000006,0.32000000000000006
0.9111714771346434,0.08882852286535659,0.5244999999999999,0.47550000000000014,54.0,238.0,False,876.0,0.0,1.0,11,operational,0.8,0.4,0.8,0.4,4,0.32000000000000006,0.32000000000000006
0.9295133333333332,0.07048666666666681,0.48749999999999993,0.5125000000000001,44.0,213.0,False,876.0,0.0,1.0,00,operational,0.8,0.6,0.8,0.6,4,0.48,0.48
0.9180883813888888,0.08191161861111118,0.5594937499999999,0.44050625000000004,56.0,214.0,False,876.0,0.0,1.0,10,operational,0.8,0.6,0.8,0.6,4,0.48,0.48
0.9140638337749731,0.08593616622502687,0.48749999999999993,0.5125000000000001,44.0,249.0,False,876.0,0.0,1.0,01,operational,0.8,0.6,0.8,0.6,4,0.48,0.48
0.8932864474873997,0.10671355251260028,0.5594937499999999,0.44050625000000004,56.0,264.0,False,876.0,0.0,1.0,11,operational,0.8,0.6,0.8,0.6,4,0.48,0.48
0.9295133333333332,0.07048666666666681,0.48749999999999993,0.5125000000000001,44.0,213.0,False,876.0,0.0,1.0,00,operational,0.8,0.8,0.8,0.8,4,0.6400000000000001,0.6400000000000001
0.9137534344444445,0.08624656555555554,0.5881,0.41190000000000004,55.0,214.0,False,876.0,0.0,1.0,10,operational,0.8,0.8,0.8,0.8,4,0.6400000000000001,0.6400000000000001
0.9089434969202822,0.0910565030797178,0.48749999999999993,0.5125000000000001,44.0,263.0,False,876.0,0.0,1.0,01,operational,0.8,0.8,0.8,0.8,4,0.6400000000000001,0.6400000000000001
0.7643624240712178,0.2356375759287822,0.5881,0.41190000000000004,55.0,,True,876.0,1.0,0.82,11,operational,0.8,0.8,0.8,0.8,4,0.6400000000000001,0.6400000000000001
0.9295133333333332,0.07048666666666681,0.48749999999999993,0.5125000000000001,44.0,213.0,False,876.0,0.0,1.0,00,operational,0.8,1.0,0.8,1.0,4,0.8,0.8
0.9093955430555555,0.09060445694444452,0.61325,0.38675000000000004,52.0,214.0,False,876.0,0.0,1.0,10,operational,0.8,1.0,0.8,1.0,4,0.8,0.8
0.9091455185185184,0.09085448148148156,0.48749999999999993,0.5125000000000001,44.0,270.0,False,876.0,0.0,1.0,01,operational,0.8,1.0,0.8,1.0,4,0.8,0.8
0.6338770223407184,0.3661229776592816,0.61325,0.38675000000000004,52.0,,True,876.0,1.0,0.66,11,operational,0.8,1.0,0.8,1.0,4,0.8,0.8
0.9295133333333332,0.07048666666666681,0.48749999999999993,0.5125000000000001,44.0,213.0,False,876.0,0.0,1.0,00,operational,1.0,0.2,1.0,0.2,4,0.2,0.2
0.9261552232523148,0.07384477674768519,0.48749999999999993,0.5125000000000001,44.0,213.0,False,876.0,0.0,1.0,10,operational,1.0,0.2,1.0,0.2,4,0.2,0.2
0.9258115461739241,0.07418845382607586,0.48749999999999993,0.5125000000000001,44.0,221.0,False,876.0,0.0,1.0,01,operational,1.0,0.2,1.0,0.2,4,0.2,0.2
0.9212591452510253,0.07874085474897474,0.48749999999999993,0.5125000000000001,44.0,223.0,False,876.0,0.0,1.0,11,operational,1.0,0.2,1.0,0.2,4,0.2,0.2
0.9295133333333332,0.07048666666666681,0.48749999999999993,0.5125000000000001,44.0,213.0,False,876.0,0.0,1.0,00,operational,1.0,0.4,1.0,0.4,4,0.4,0.4
0.9206242167592592,0.0793757832407408,0.5374999999999999,0.4625000000000001,54.0,213.0,False,876.0,0.0,1.0,10,operational,1.0,0.4,1.0,0.4,4,0.4,0.4
0.9209744010489375,0.07902559895106254,0.48749999999999993,0.5125000000000001,44.0,233.0,False,876.0,0.0,1.0,01,operational,1.0,0.4,1.0,0.4,4,0.4,0.4
0.9061336072920105,0.09386639270798947,0.5374999999999999,0.4625000000000001,54.0,243.0,False,876.0,0.0,1.0,11,operational,1.0,0.4,1.0,0.4,4,0.4,0.4
0.9295133333333332,0.07048666666666681,0.48749999999999993,0.5125000000000001,44.0,213.0,False,876.0,0.0,1.0,00,operational,1.0,0.6,1.0,0.6,4,0.6,0.6
0.9150900404166666,0.08490995958333336,0.58380625,0.41619375000000003,56.0,214.0,False,876.0,0.0,1.0,10,operational,1.0,0.6,1.0,0.6,4,0.6,0.6
0.9133740927453511,0.08662590725464892,0.48749999999999993,0.5125000000000001,44.0,251.0,False,876.0,0.0,1.0,01,operational,1.0,0.6,1.0,0.6,4,0.6,0.6
0.8812675114767694,0.1187324885232306,0.58380625,0.41619375000000003,56.0,279.0,False,876.0,0.0,1.0,11,operational,1.0,0.6,1.0,0.6,4,0.6,0.6
0.9295133333333332,0.07048666666666681,0.48749999999999993,0.5125000000000001,44.0,213.0,False,876.0,0.0,1.0,00,operational,1.0,0.8,1.0,0.8,4,0.8,0.8
0.909601239074074,0.09039876092592602,0.6239,0.3761,55.0,214.0,False,876.0,0.0,1.0,10,operational,1.0,0.8,1.0,0.8,4,0.8,0.8
0.9079382399165888,0.09206176008341116,0.48749999999999993,0.5125000000000001,44.0,266.0,False,876.0,0.0,1.0,01,operational,1.0,0.8,1.0,0.8,4,0.8,0.8
0.6192902766652368,0.38070972333476316,0.6239,0.3761,55.0,,True,876.0,1.0,0.6399999999999999,11,operational,1.0,0.8,1.0,0.8,4,0.8,0.8
0.9295133333333332,0.07048666666666681,0.48749999999999993,0.5125000000000001,44.0,213.0,False,876.0,0.0,1.0,00,operational,1.0,1.0,1.0,1.0,4,1.0,1.0
0.9040924516203703,0.09590754837962967,0.6579999999999999,0.342,52.0,214.0,False,876.0,0.0,1.0,10,operational,1.0,1.0,1.0,1.0,4,1.0,1.0
0.9076894465212109,0.09231055347878914,0.48749999999999993,0.5125000000000001,44.0,273.0,False,876.0,0.0,1.0,01,operational,1.0,1.0,1.0,1.0,4,1.0,1.0
0.4284001905688065,0.5715998094311935,0.6579999999999999,0.342,52.0,,True,876.0,1.0,0.4250000000000001,11,operational,1.0,1.0,1.0,1.0,4,1.0,1.0
0.9633745833333333,0.036625416666666744,0.3500000000000001,0.6499999999999999,44.0,147.0,False,876.0,0.0,1.0,00,operational,0.2,0.2,0.2,0.2,5,0.04000000000000001,0.04000000000000001
0.963121831712963,0.03687816828703705,0.3500000000000001,0.6499999999999999,44.0,147.0,False,876.0,0.0,1.0,10,operational,0.2,0.2,0.2,0.2,5,0.04000000000000001,0.04000000000000001
0.963291179185785,0.036708820814215004,0.3500000000000001,0.6499999999999999,44.0,148.0,False,876.0,0.0,1.0,01,operational,0.2,0.2,0.2,0.2,5,0.04000000000000001,0.04000000000000001
0.9630346627505997,0.03696533724940032,0.3500000000000001,0.6499999999999999,44.0,148.0,False,876.0,0.0,1.0,11,operational,0.2,0.2,0.2,0.2,5,0.04000000000000001,0.04000000000000001
0.9633745833333333,0.036625416666666744,0.3500000000000001,0.6499999999999999,44.0,147.0,False,876.0,0.0,1.0,00,operational,0.2,0.4,0.2,0.4,5,0.08000000000000002,0.08000000000000002
0.962476012962963,0.037523987037036965,0.357,0.643,54.0,147.0,False,876.0,0.0,1.0,10,operational,0.2,0.4,0.2,0.4,5,0.08000000000000002,0.08000000000000002
0.9631925218518518,0.03680747814814822,0.3500000000000001,0.6499999999999999,44.0,148.0,False,876.0,0.0,1.0,01,operational,0.2,0.4,0.2,0.4,5,0.08000000000000002,0.08000000000000002
0.96226911225772,0.03773088774227995,0.357,0.643,54.0,148.0,False,876.0,0.0,1.0,11,operational,0.2,0.4,0.2,0.4,5,0.08000000000000002,0.08000000000000002
0.9633745833333333,0.036625416666666744,0.3500000000000001,0.6499999999999999,44.0,147.0,False,876.0,0.0,1.0,00,operational,0.2,0.6,0.2,0.6,5,0.12,0.12
0.9618312069444445,0.03816879305555554,0.36050000000000004,0.6395,47.0,147.0,False,876.0,0.0,1.0,10,operational,0.2,0.6,0.2,0.6,5,0.12,0.12
0.9630786282326725,0.03692137176732746,0.3500000000000001,0.6499999999999999,44.0,149.0,False,876.0,0.0,1.0,01,operational,0.2,0.6,0.2,0.6,5,0.12,0.12
0.9614734288909671,0.0385265711090329,0.36050000000000004,0.6395,47.0,149.0,False,876.0,0.0,1.0,11,operational,0.2,0.6,0.2,0.6,5,0.12,0.12
0.9633745833333333,0.036625416666666744,0.3500000000000001,0.6499999999999999,44.0,147.0,False,876.0,0.0,1.0,00,operational,0.2,0.8,0.2,0.8,5,0.16000000000000003,0.16000000000000003
0.9611908314814814,0.038809168518518566,0.3640000000000001,0.6359999999999999,44.0,147.0,False,876.0,0.0,1.0,10,operational,0.2,0.8,0.2,0.8,5,0.16000000000000003,0.16000000000000003
0.9629759392063492,0.03702406079365084,0.3500000000000001,0.6499999999999999,44.0,149.0,False,876.0,0.0,1.0,01,operational,0.2,0.8,0.2,0.8,5,0.16000000000000003,0.16000000000000003
0.9606744611063709,0.03932553889362911,0.3640000000000001,0.6359999999999999,44.0,149.0,False,876.0,0.0,1.0,11,operational,0.2,0.8,0.2,0.8,5,0.16000000000000003,0.16000000000000003
0.9633745833333333,0.036625416666666744,0.3500000000000001,0.6499999999999999,44.0,147.0,False,876.0,0.0,1.0,00,operational,0.2,1.0,0.2,1.0,5,0.2,0.2
0.9605435046296296,0.03945649537037044,0.3678125000000001,0.6321874999999999,56.0,147.0,False,876.0,0.0,1.0,10,operational,0.2,1.0,0.2,1.0,5,0.2,0.2
0.962815724074074,0.03718427592592599,0.3500000000000001,0.6499999999999999,44.0,150.0,False,876.0,0.0,1.0,01,operational,0.2,1.0,0.2,1.0,5,0.2,0.2
0.9598136093703703,0.0401863906296297,0.3678125000000001,0.6321874999999999,56.0,151.0,False,876.0,0.0,1.0,11,operational,0.2,1.0,0.2,1.0,5,0.2,0.2
0.9633745833333333,0.036625416666666744,0.3500000000000001,0.6499999999999999,44.0,147.0,False,876.0,0.0,1.0,00,operational,0.4,0.2,0.4,0.2,5,0.08000000000000002,0.08000000000000002
0.9631325722222221,0.03686742777777785,0.3500000000000001,0.6499999999999999,44.0,147.0,False,876.0,0.0,1.0,10,operational,0.4,0.2,0.4,0.2,5,0.08000000000000002,0.08000000000000002
0.9631706472222222,0.03682935277777777,0.3500000000000001,0.6499999999999999,44.0,148.0,False,876.0,0.0,1.0,01,operational,0.4,0.2,0.4,0.2,5,0.08000000000000002,0.08000000000000002
0.9629041565379116,0.037095843462088385,0.3500000000000001,0.6499999999999999,44.0,148.0,False,876.0,0.0,1.0,11,operational,0.4,0.2,0.4,0.2,5,0.08000000000000002,0.08000000000000002
0.9633745833333333,0.036625416666666744,0.3500000000000001,0.6499999999999999,44.0,147.0,False,876.0,0.0,1.0,00,operational,0.4,0.4,0.4,0.4,5,0.16000000000000003,0.16000000000000003
0.9619013051388889,0.03809869486111106,0.3576125,0.6423875,56.0,147.0,False,876.0,0.0,1.0,10,operational,0.4,0.4,0.4,0.4,5,0.16000000000000003,0.16000000000000003
0.962934054888889,0.037065945111111054,0.3500000000000001,0.6499999999999999,44.0,149.0,False,876.0,0.0,1.0,01,operational,0.4,0.4,0.4,0.4,5,0.16000000000000003,0.16000000000000003
0.9612419690075538,0.038758030992446235,0.3576125,0.6423875,56.0,150.0,False,876.0,0.0,1.0,11,operational,0.4,0.4,0.4,0.4,5,0.16000000000000003,0.16000000000000003
0.9633745833333333,0.036625416666666744,0.3500000000000001,0.6499999999999999,44.0,147.0,False,876.0,0.0,1.0,00,operational,0.4,0.6,0.4,0.6,5,0.24,0.24
0.9606163405208334,0.039383659479166555,0.36785,0.63215,54.0,147.0,False,876.0,0.0,1.0,10,operational,0.4,0.6,0.4,0.6,5,0.24,0.24
0.9626665661925925,0.0373334338074075,0.3500000000000001,0.6499999999999999,44.0,150.0,False,876.0,0.0,1.0,01,operational,0.4,0.6,0.4,0.6,5,0.24,0.24
0.959365167652194,0.04063483234780596,0.36785,0.63215,54.0,152.0,False,876.0,0.0,1.0,11,operational,0.4,0.6,0.4,0.6,5,0.24,0.24
0.9633745833333333,0.036625416666666744,0.3500000000000001,0.6499999999999999,44.0,147.0,False,876.0,0.0,1.0,00,operational,0.4,0.8,0.4,0.8,5,0.32000000000000006,0.32000000000000006
0.9593448602777778,0.04065513972222223,0.3738,0.6262,49.0,148.0,False,876.0,0.0,1.0,10,operational,0.4,0.8,0.4,0.8,5,0.32000000000000006,0.32000000000000006
0.9623771708814816,0.03762282911851844,0.3500000000000001,0.6499999999999999,44.0,151.0,False,876.0,0.0,1.0,01,operational,0.4,0.8,0.4,0.8,5,0.32000000000000006,0.32000000000000006
0.9570758902177444,0.04292410978225558,0.3738,0.6262,49.0,156.0,False,876.0,0.0,1.0,11,operational,0.4,0.8,0.4,0.8,5,0.32000000000000006,0.32000000000000006
0.9633745833333333,0.036625416666666744,0.3500000000000001,0.6499999999999999,44.0,147.0,False,876.0,0.0,1.0,00,operational,0.4,1.0,0.4,1.0,5,0.4,0.4
0.9580976508680555,0.04190234913194446,0.38006249999999997,0.6199375,56.0,148.0,False,876.0,0.0,1.0,10,operational,0.4,1.0,0.4,1.0,5,0.4,0.4
0.9620076919814815,0.037992308018518495,0.3500000000000001,0.6499999999999999,44.0,153.0,False,876.0,0.0,1.0,01,operational,0.4,1.0,0.4,1.0,5,0.4,0.4
0.9273634284329433,0.07263657156705672,0.38006249999999997,0.6199375,56.0,,True,876.0,1.0,0.9649999999999999,11,operational,0.4,1.0,0.4,1.0,5,0.4,0.4
0.9633745833333333,0.036625416666666744,0.3500000000000001,0.6499999999999999,44.0,147.0,False,876.0,0.0,1.0,00,operational,0.6,0.2,0.6,0.2,5,0.12,0.12
0.9627947478395061,0.03720525216049386,0.3500000000000001,0.6499999999999999,44.0,147.0,False,876.0,0.0,1.0,10,operational,0.6,0.2,0.6,0.2,5,0.12,0.12
0.9630637896296296,0.036936210370370426,0.3500000000000001,0.6499999999999999,44.0,148.0,False,876.0,0.0,1.0,01,operational,0.6,0.2,0.6,0.2,5,0.12,0.12
0.9623611093549087,0.037638890645091294,0.3500000000000001,0.6499999999999999,44.0,149.0,False,876.0,0.0,1.0,11,operational,0.6,0.2,0.6,0.2,5,0.12,0.12
0.9633745833333333,0.036625416666666744,0.3500000000000001,0.6499999999999999,44.0,147.0,False,876.0,0.0,1.0,00,operational,0.6,0.4,0.6,0.4,5,0.24,0.24
0.9606261843364198,0.039373815663580225,0.35787500000000005,0.642125,56.0,147.0,False,876.0,0.0,1.0,10,operational,0.6,0.4,0.6,0.4,5,0.24,0.24
0.9627063930418943,0.037293606958105685,0.3500000000000001,0.6499999999999999,44.0,150.0,False,876.0,0.0,1.0,01,operational,0.6,0.4,0.6,0.4,5,0.24,0.24
0.9592228993971428,0.04077710060285722,0.35787500000000005,0.642125,56.0,152.0,False,876.0,0.0,1.0,11,operational,0.6,0.4,0.6,0.4,5,0.24,0.24
0.9633745833333333,0.036625416666666744,0.3500000000000001,0.6499999999999999,44.0,147.0,False,876.0,0.0,1.0,00,operational,0.6,0.6,0.6,0.6,5,0.36,0.36
0.9583925273726852,0.04160747262731479,0.3827687500000001,0.6172312499999999,56.0,147.0,False,876.0,0.0,1.0,10,operational,0.6,0.6,0.6,0.6,5,0.36,0.36
0.9622743121484555,0.03772568785154451,0.3500000000000001,0.6499999999999999,44.0,152.0,False,876.0,0.0,1.0,01,operational,0.6,0.6,0.6,0.6,5,0.36,0.36
0.9552998590874106,0.04470014091258945,0.3827687500000001,0.6172312499999999,56.0,157.0,False,876.0,0.0,1.0,11,operational,0.6,0.6,0.6,0.6,5,0.36,0.36
0.9633745833333333,0.036625416666666744,0.3500000000000001,0.6499999999999999,44.0,147.0,False,876.0,0.0,1.0,00,operational,0.6,0.8,0.6,0.8,5,0.48,0.48
0.956177424228395,0.04382257577160498,0.39759999999999995,0.6024,55.0,147.0,False,876.0,0.0,1.0,10,operational,0.6,0.8,0.6,0.8,5,0.48,0.48
0.9618633471272954,0.038136652872704624,0.3500000000000001,0.6499999999999999,44.0,153.0,False,876.0,0.0,1.0,01,operational,0.6,0.8,0.6,0.8,5,0.48,0.48
0.9160773631531492,0.08392263684685075,0.39759999999999995,0.6024,55.0,,True,876.0,1.0,0.9550000000000001,11,operational,0.6,0.8,0.6,0.8,5,0.48,0.48
0.9633745833333333,0.036625416666666744,0.3500000000000001,0.6499999999999999,44.0,147.0,False,876.0,0.0,1.0,00,operational,0.6,1.0,0.6,1.0,5,0.6,0.6
0.9539594669174383,0.04604053308256173,0.41012499999999996,0.589875,56.0,147.0,False,876.0,0.0,1.0,10,operational,0.6,1.0,0.6,1.0,5,0.6,0.6
0.961297364184397,0.03870263581560296,0.3500000000000001,0.6499999999999999,44.0,155.0,False,876.0,0.0,1.0,01,operational,0.6,1.0,0.6,1.0,5,0.6,0.6
0.8525813481877101,0.14741865181228986,0.41012499999999996,0.589875,56.0,,True,876.0,1.0,0.8800000000000001,11,operational,0.6,1.0,0.6,1.0,5,0.6,0.6
0.9633745833333333,0.036625416666666744,0.3500000000000001,0.6499999999999999,44.0,147.0,False,876.0,0.0,1.0,00,operational,0.8,0.2,0.8,0.2,5,0.16000000000000003,0.16000000000000003
0.9624910795524692,0.03750892044753085,0.3500000000000001,0.6499999999999999,44.0,147.0,False,876.0,0.0,1.0,10,operational,0.8,0.2,0.8,0.2,5,0.16000000000000003,0.16000000000000003
0.96243488595679,0.037565114043209946,0.3500000000000001,0.6499999999999999,44.0,151.0,False,876.0,0.0,1.0,01,operational,0.8,0.2,0.8,0.2,5,0.16000000000000003,0.16000000000000003
0.9612466750096772,0.0387533249903228,0.3500000000000001,0.6499999999999999,44.0,151.0,False,876.0,0.0,1.0,11,operational,0.8,0.2,0.8,0.2,5,0.16000000000000003,0.16000000000000003
0.9633745833333333,0.036625416666666744,0.3500000000000001,0.6499999999999999,44.0,147.0,False,876.0,0.0,1.0,00,operational,0.8,0.4,0.8,0.4,5,0.32000000000000006,0.32000000000000006
0.9592543289660493,0.04074567103395066,0.37426250000000005,0.6257375,56.0,147.0,False,876.0,0.0,1.0,10,operational,0.8,0.4,0.8,0.4,5,0.32000000000000006,0.32000000000000006
0.9613865550147338,0.0386134449852662,0.3500000000000001,0.6499999999999999,44.0,154.0,False,876.0,0.0,1.0,01,operational,0.8,0.4,0.8,0.4,5,0.32000000000000006,0.32000000000000006
0.9551177267945357,0.04488227320546434,0.37426250000000005,0.6257375,56.0,160.0,False,876.0,0.0,1.0,11,operational,0.8,0.4,0.8,0.4,5,0.32000000000000006,0.32000000000000006
0.9633745833333333,0.036625416666666744,0.3500000000000001,0.6499999999999999,44.0,147.0,False,876.0,0.0,1.0,00,operational,0.8,0.6,0.8,0.6,5,0.48,0.48
0.9559295220949074,0.04407047790509255,0.40091875,0.59908125,56.0,147.0,False,876.0,0.0,1.0,10,operational,0.8,0.6,0.8,0.6,5,0.48,0.48
0.9601264016666666,0.03987359833333337,0.3500000000000001,0.6499999999999999,44.0,159.0,False,876.0,0.0,1.0,01,operational,0.8,0.6,0.8,0.6,5,0.48,0.48
0.9464483065837771,0.0535516934162229,0.40091875,0.59908125,56.0,174.0,False,876.0,0.0,1.0,11,operational,0.8,0.6,0.8,0.6,5,0.48,0.48
0.9633745833333333,0.036625416666666744,0.3500000000000001,0.6499999999999999,44.0,147.0,False,876.0,0.0,1.0,00,operational,0.8,0.8,0.8,0.8,5,0.6400000000000001,0.6400000000000001
0.9526397134876543,0.047360286512345695,0.42179999999999995,0.5782,55.0,148.0,False,876.0,0.0,1.0,10,operational,0.8,0.8,0.8,0.8,5,0.6400000000000001,0.6400000000000001
0.9587850234592074,0.04121497654079265,0.3500000000000001,0.6499999999999999,44.0,164.0,False,876.0,0.0,1.0,01,operational,0.8,0.8,0.8,0.8,5,0.6400000000000001,0.6400000000000001
0.8355956178556461,0.16440438214435393,0.42179999999999995,0.5782,55.0,,True,876.0,1.0,0.865,11,operational,0.8,0.8,0.8,0.8,5,0.6400000000000001,0.6400000000000001
0.9633745833333333,0.036625416666666744,0.3500000000000001,0.6499999999999999,44.0,147.0,False,876.0,0.0,1.0,00,operational,0.8,1.0,0.8,1.0,5,0.8,0.8
0.9493550368248458,0.05064496317515421,0.4412499999999999,0.5587500000000001,56.0,148.0,False,876.0,0.0,1.0,10,operational,0.8,1.0,0.8,1.0,5,0.8,0.8
0.9570175984350374,0.04298240156496258,0.3500000000000001,0.6499999999999999,44.0,170.0,False,876.0,0.0,1.0,01,operational,0.8,1.0,0.8,1.0,5,0.8,0.8
0.7011617522624164,0.2988382477375836,0.4412499999999999,0.5587500000000001,56.0,,True,876.0,1.0,0.7100000000000002,11,operational,0.8,1.0,0.8,1.0,5,0.8,0.8
0.9633745833333333,0.036625416666666744,0.3500000000000001,0.6499999999999999,44.0,147.0,False,876.0,0.0,1.0,00,operational,1.0,0.2,1.0,0.2,5,0.2,0.2
0.9623706795524691,0.03762932044753087,0.3500000000000001,0.6499999999999999,44.0,147.0,False,876.0,0.0,1.0,10,operational,1.0,0.2,1.0,0.2,5,0.2,0.2
0.9624199538492778,0.03758004615072219,0.3500000000000001,0.6499999999999999,44.0,151.0,False,876.0,0.0,1.0,01,operational,1.0,0.2,1.0,0.2,5,0.2,0.2
0.9610712270134268,0.03892877298657316,0.3500000000000001,0.6499999999999999,44.0,152.0,False,876.0,0.0,1.0,11,operational,1.0,0.2,1.0,0.2,5,0.2,0.2
0.9633745833333333,0.036625416666666744,0.3500000000000001,0.6499999999999999,44.0,147.0,False,876.0,0.0,1.0,00,operational,1.0,0.4,1.0,0.4,5,0.4,0.4
0.958667195632716,0.04133280436728404,0.37487500000000007,0.6251249999999999,56.0,147.0,False,876.0,0.0,1.0,10,operational,1.0,0.4,1.0,0.4,5,0.4,0.4
0.9613550950987655,0.03864490490123451,0.3500000000000001,0.6499999999999999,44.0,154.0,False,876.0,0.0,1.0,01,operational,1.0,0.4,1.0,0.4,5,0.4,0.4
0.9542022969432149,0.0457977030567851,0.37487500000000007,0.6251249999999999,56.0,161.0,False,876.0,0.0,1.0,11,operational,1.0,0.4,1.0,0.4,5,0.4,0.4
0.9633745833333333,0.036625416666666744,0.3500000000000001,0.6499999999999999,44.0,147.0,False,876.0,0.0,1.0,00,operational,1.0,0.6,1.0,0.6,5,0.6,0.6
0.9548599332060184,0.04514006679398164,0.40826875000000007,0.5917312499999999,56.0,147.0,False,876.0,0.0,1.0,10,operational,1.0,0.6,1.0,0.6,5,0.6,0.6
0.9600777640832949,0.03992223591670507,0.3500000000000001,0.6499999999999999,44.0,159.0,False,876.0,0.0,1.0,01,operational,1.0,0.6,1.0,0.6,5,0.6,0.6
0.9445066570102996,0.055493342989700434,0.40826875000000007,0.5917312499999999,56.0,177.0,False,876.0,0.0,1.0,11,operational,1.0,0.6,1.0,0.6,5,0.6,0.6
0.9633745833333333,0.036625416666666744,0.3500000000000001,0.6499999999999999,44.0,147.0,False,876.0,0.0,1.0,00,operational,1.0,0.8,1.0,0.8,5,0.8,0.8
0.9510876690432098,0.04891233095679015,0.4316,0.5684,55.0,148.0,False,876.0,0.0,1.0,10,operational,1.0,0.8,1.0,0.8,5,0.8,0.8
0.9587186442630563,0.04128135573694369,0.3500000000000001,0.6499999999999999,44.0,164.0,False,876.0,0.0,1.0,01,operational,1.0,0.8,1.0,0.8,5,0.8,0.8
0.8331093120951578,0.16689068790484218,0.4316,0.5684,55.0,,True,876.0,1.0,0.865,11,operational,1.0,0.8,1.0,0.8,5,0.8,0.8
0.9633745833333333,0.036625416666666744,0.3500000000000001,0.6499999999999999,44.0,147.0,False,876.0,0.0,1.0,00,operational,1.0,1.0,1.0,1.0,5,1.0,1.0
0.9473205368248457,0.05267946317515426,0.45381249999999984,0.5461875000000002,56.0,148.0,False,876.0,0.0,1.0,10,operational,1.0,1.0,1.0,1.0,5,1.0,1.0
0.9569354311728395,0.043064568827160477,0.3500000000000001,0.6499999999999999,44.0,171.0,False,876.0,0.0,1.0,01,operational,1.0,1.0,1.0,1.0,5,1.0,1.0
0.6687096004099988,0.33129039959000117,0.45381249999999984,0.5461875000000002,56.0,,True,876.0,1.0,0.6750000000000002,11,operational,1.0,1.0,1.0,1.0,5,1.0,1.0
0.8655709722222222,0.13442902777777777,0.645,0.3549999999999999,44.0,314.0,False,876.0,0.0,1.0,00,operational,0.2,0.2,0.2,0.2,6,0.04000000000000001,0.04000000000000001
0.8645935844907406,0.13540641550925936,0.645,0.3549999999999999,44.0,314.0,False,876.0,0.0,1.0,10,operational,0.2,0.2,0.2,0.2,6,0.04000000000000001,0.04000000000000001
0.8612999958611112,0.13870000413888883,0.645,0.3549999999999999,44.0,321.0,False,876.0,0.0,1.0,01,operational,0.2,0.2,0.2,0.2,6,0.04000000000000001,0.04000000000000001
0.8602148809774128,0.13978511902258717,0.645,0.3549999999999999,44.0,321.0,False,876.0,0.0,1.0,11,operational,0.2,0.2,0.2,0.2,6,0.04000000000000001,0.04000000000000001
0.8655709722222222,0.13442902777777777,0.645,0.3549999999999999,44.0,314.0,False,876.0,0.0,1.0,00,operational,0.2,0.4,0.2,0.4,6,0.08000000000000002,0.08000000000000002
0.8632944675925925,0.13670553240740746,0.6480000000000001,0.3519999999999999,49.0,314.0,False,876.0,0.0,1.0,10,operational,0.2,0.4,0.2,0.4,6,0.08000000000000002,0.08000000000000002
0.855524525925926,0.14447547407407402,0.645,0.3549999999999999,44.0,331.0,False,876.0,0.0,1.0,01,operational,0.2,0.4,0.2,0.4,6,0.08000000000000002,0.08000000000000002
0.8525851372387188,0.14741486276128124,0.6480000000000001,0.3519999999999999,49.0,332.0,False,876.0,0.0,1.0,11,operational,0.2,0.4,0.2,0.4,6,0.08000000000000002,0.08000000000000002
0.8655709722222222,0.13442902777777777,0.645,0.3549999999999999,44.0,314.0,False,876.0,0.0,1.0,00,operational,0.2,0.6,0.2,0.6,6,0.12,0.12
0.8619974375,0.13800256249999998,0.65628125,0.34371874999999996,56.0,314.0,False,876.0,0.0,1.0,10,operational,0.2,0.6,0.2,0.6,6,0.12,0.12
0.8462243590662747,0.1537756409337253,0.645,0.3549999999999999,44.0,347.0,False,876.0,0.0,1.0,01,operational,0.2,0.6,0.2,0.6,6,0.12,0.12
0.8403506935919762,0.15964930640802377,0.65628125,0.34371874999999996,56.0,351.0,False,876.0,0.0,1.0,11,operational,0.2,0.6,0.2,0.6,6,0.12,0.12
0.8655709722222222,0.13442902777777777,0.645,0.3549999999999999,44.0,314.0,False,876.0,0.0,1.0,00,operational,0.2,0.8,0.2,0.8,6,0.16000000000000003,0.16000000000000003
0.8606875185185185,0.13931248148148145,0.6608,0.33919999999999995,52.0,314.0,False,876.0,0.0,1.0,10,operational,0.2,0.8,0.2,0.8,6,0.16000000000000003,0.16000000000000003
0.839771153855431,0.160228846144569,0.645,0.3549999999999999,44.0,361.0,False,876.0,0.0,1.0,01,operational,0.2,0.8,0.2,0.8,6,0.16000000000000003,0.16000000000000003
0.8156132195961717,0.18438678040382828,0.6608,0.33919999999999995,52.0,,True,876.0,1.0,0.9550000000000001,11,operational,0.2,0.8,0.2,0.8,6,0.16000000000000003,0.16000000000000003
0.8655709722222222,0.13442902777777777,0.645,0.3549999999999999,44.0,314.0,False,876.0,0.0,1.0,00,operational,0.2,1.0,0.2,1.0,6,0.2,0.2
0.8593811689814814,0.14061883101851858,0.6647500000000001,0.33524999999999994,49.0,314.0,False,876.0,0.0,1.0,10,operational,0.2,1.0,0.2,1.0,6,0.2,0.2
0.8439759842592592,0.15602401574074076,0.645,0.3549999999999999,44.0,365.0,False,876.0,0.0,1.0,01,operational,0.2,1.0,0.2,1.0,6,0.2,0.2
0.8132748188041763,0.1867251811958237,0.6647500000000001,0.33524999999999994,49.0,,True,876.0,1.0,0.95,11,operational,0.2,1.0,0.2,1.0,6,0.2,0.2
0.8655709722222222,0.13442902777777777,0.645,0.3549999999999999,44.0,314.0,False,876.0,0.0,1.0,00,operational,0.4,0.2,0.4,0.2,6,0.08000000000000002,0.08000000000000002
0.8626985092013888,0.1373014907986112,0.645,0.3549999999999999,44.0,314.0,False,876.0,0.0,1.0,10,operational,0.4,0.2,0.4,0.2,6,0.08000000000000002,0.08000000000000002
0.8614126229166666,0.13858737708333335,0.645,0.3549999999999999,44.0,321.0,False,876.0,0.0,1.0,01,operational,0.4,0.2,0.4,0.2,6,0.08000000000000002,0.08000000000000002
0.8578148239503399,0.14218517604966008,0.645,0.3549999999999999,44.0,322.0,False,876.0,0.0,1.0,11,operational,0.4,0.2,0.4,0.2,6,0.08000000000000002,0.08000000000000002
0.8655709722222222,0.13442902777777777,0.645,0.3549999999999999,44.0,314.0,False,876.0,0.0,1.0,00,operational,0.4,0.4,0.4,0.4,6,0.16000000000000003,0.16000000000000003
0.8588559680555555,0.14114403194444447,0.6842500000000001,0.31574999999999986,56.0,314.0,False,876.0,0.0,1.0,10,operational,0.4,0.4,0.4,0.4,6,0.16000000000000003,0.16000000000000003
0.8563484895721513,0.14365151042784874,0.645,0.3549999999999999,44.0,331.0,False,876.0,0.0,1.0,01,operational,0.4,0.4,0.4,0.4,6,0.16000000000000003,0.16000000000000003
0.845520676446078,0.15447932355392202,0.6842500000000001,0.31574999999999986,56.0,336.0,False,876.0,0.0,1.0,11,operational,0.4,0.4,0.4,0.4,6,0.16000000000000003,0.16000000000000003
0.8655709722222222,0.13442902777777777,0.645,0.3549999999999999,44.0,314.0,False,876.0,0.0,1.0,00,operational,0.4,0.6,0.4,0.6,6,0.24,0.24
0.85493693125,0.14506306874999997,0.7050000000000001,0.2949999999999999,50.0,314.0,False,876.0,0.0,1.0,10,operational,0.4,0.6,0.4,0.6,6,0.24,0.24
0.8496111766203703,0.15038882337962967,0.645,0.3549999999999999,44.0,343.0,False,876.0,0.0,1.0,01,operational,0.4,0.6,0.4,0.6,6,0.24,0.24
0.8264993564379404,0.17350064356205963,0.7050000000000001,0.2949999999999999,50.0,361.0,False,876.0,0.0,1.0,11,operational,0.4,0.6,0.4,0.6,6,0.24,0.24
0.8655709722222222,0.13442902777777777,0.645,0.3549999999999999,44.0,314.0,False,876.0,0.0,1.0,00,operational,0.4,0.8,0.4,0.8,6,0.32000000000000006,0.32000000000000006
0.8510015472222221,0.1489984527777779,0.725,0.275,47.0,314.0,False,876.0,0.0,1.0,10,operational,0.4,0.8,0.4,0.8,6,0.32000000000000006,0.32000000000000006
0.8400457693744164,0.15995423062558356,0.645,0.3549999999999999,44.0,360.0,False,876.0,0.0,1.0,01,operational,0.4,0.8,0.4,0.8,6,0.32000000000000006,0.32000000000000006
0.690021437962963,0.309978562037037,0.725,0.275,47.0,,True,876.0,1.0,0.7749999999999999,11,operational,0.4,0.8,0.4,0.8,6,0.32000000000000006,0.32000000000000006
0.8655709722222222,0.13442902777777777,0.645,0.3549999999999999,44.0,314.0,False,876.0,0.0,1.0,00,operational,0.4,1.0,0.4,1.0,6,0.4,0.4
0.8470755104166666,0.15292448958333338,0.7450000000000001,0.25499999999999995,45.0,314.0,False,876.0,0.0,1.0,10,operational,0.4,1.0,0.4,1.0,6,0.4,0.4
0.8398535717592592,0.16014642824074077,0.645,0.3549999999999999,44.0,371.0,False,876.0,0.0,1.0,01,operational,0.4,1.0,0.4,1.0,6,0.4,0.4
0.6672631944444445,0.3327368055555555,0.7450000000000001,0.25499999999999995,45.0,,True,876.0,1.0,0.75,11,operational,0.4,1.0,0.4,1.0,6,0.4,0.4
0.8655709722222222,0.13442902777777777,0.645,0.3549999999999999,44.0,314.0,False,876.0,0.0,1.0,00,operational,0.6,0.2,0.6,0.2,6,0.12,0.12
0.8619903899884259,0.13800961001157408,0.645,0.3549999999999999,44.0,314.0,False,876.0,0.0,1.0,10,operational,0.6,0.2,0.6,0.2,6,0.12,0.12
0.8605533458820662,0.13944665411793378,0.645,0.3549999999999999,44.0,322.0,False,876.0,0.0,1.0,01,operational,0.6,0.2,0.6,0.2,6,0.12,0.12
0.8560590959451388,0.14394090405486115,0.645,0.3549999999999999,44.0,324.0,False,876.0,0.0,1.0,11,operational,0.6,0.2,0.6,0.2,6,0.12,0.12
0.8655709722222222,0.13442902777777777,0.645,0.3549999999999999,44.0,314.0,False,876.0,0.0,1.0,00,operational,0.6,0.4,0.6,0.4,6,0.24,0.24
0.857301924074074,0.14269807592592598,0.6930000000000001,0.30699999999999994,56.0,314.0,False,876.0,0.0,1.0,10,operational,0.6,0.4,0.6,0.4,6,0.24,0.24
0.8542865214834074,0.14571347851659255,0.645,0.3549999999999999,44.0,334.0,False,876.0,0.0,1.0,01,operational,0.6,0.4,0.6,0.4,6,0.24,0.24
0.8412092750235698,0.1587907249764302,0.6930000000000001,0.30699999999999994,56.0,341.0,False,876.0,0.0,1.0,11,operational,0.6,0.4,0.6,0.4,6,0.24,0.24
0.8655709722222222,0.13442902777777777,0.645,0.3549999999999999,44.0,314.0,False,876.0,0.0,1.0,00,operational,0.6,0.6,0.6,0.6,6,0.36,0.36
0.852578525,0.14742147500000002,0.7170000000000001,0.2829999999999999,49.0,314.0,False,876.0,0.0,1.0,10,operational,0.6,0.6,0.6,0.6,6,0.36,0.36
0.8448422904988133,0.15515770950118668,0.645,0.3549999999999999,44.0,351.0,False,876.0,0.0,1.0,01,operational,0.6,0.6,0.6,0.6,6,0.36,0.36
0.817163826995124,0.18283617300487598,0.7170000000000001,0.2829999999999999,49.0,372.0,False,876.0,0.0,1.0,11,operational,0.6,0.6,0.6,0.6,6,0.36,0.36
0.8655709722222222,0.13442902777777777,0.645,0.3549999999999999,44.0,314.0,False,876.0,0.0,1.0,00,operational,0.6,0.8,0.6,0.8,6,0.48,0.48
0.8478462092592591,0.15215379074074087,0.741,0.259,46.0,314.0,False,876.0,0.0,1.0,10,operational,0.6,0.8,0.6,0.8,6,0.48,0.48
0.8395175277544351,0.1604824722455649,0.645,0.3549999999999999,44.0,364.0,False,876.0,0.0,1.0,01,operational,0.6,0.8,0.6,0.8,6,0.48,0.48
0.6558326634195568,0.3441673365804432,0.741,0.259,46.0,,True,876.0,1.0,0.7299999999999999,11,operational,0.6,0.8,0.6,0.8,6,0.48,0.48
0.8655709722222222,0.13442902777777777,0.645,0.3549999999999999,44.0,314.0,False,876.0,0.0,1.0,00,operational,0.6,1.0,0.6,1.0,6,0.6,0.6
0.8431075532407408,0.15689244675925917,0.765,0.23500000000000001,44.0,314.0,False,876.0,0.0,1.0,10,operational,0.6,1.0,0.6,1.0,6,0.6,0.6
0.8389821160617776,0.16101788393822236,0.645,0.3549999999999999,44.0,372.0,False,876.0,0.0,1.0,01,operational,0.6,1.0,0.6,1.0,6,0.6,0.6
0.6287706639396414,0.3712293360603586,0.765,0.23500000000000001,44.0,,True,876.0,1.0,0.7,11,operational,0.6,1.0,0.6,1.0,6,0.6,0.6
0.8655709722222222,0.13442902777777777,0.645,0.3549999999999999,44.0,314.0,False,876.0,0.0,1.0,00,operational,0.8,0.2,0.8,0.2,6,0.16000000000000003,0.16000000000000003
0.8604541299189815,0.13954587008101849,0.645,0.3549999999999999,44.0,314.0,False,876.0,0.0,1.0,10,operational,0.8,0.2,0.8,0.2,6,0.16000000000000003,0.16000000000000003
0.8594168506822611,0.14058314931773885,0.645,0.3549999999999999,44.0,325.0,False,876.0,0.0,1.0,01,operational,0.8,0.2,0.8,0.2,6,0.16000000000000003,0.16000000000000003
0.8532124797074241,0.1467875202925759,0.645,0.3549999999999999,44.0,326.0,False,876.0,0.0,1.0,11,operational,0.8,0.2,0.8,0.2,6,0.16000000000000003,0.16000000000000003
0.8655709722222222,0.13442902777777777,0.645,0.3549999999999999,44.0,314.0,False,876.0,0.0,1.0,00,operational,0.8,0.4,0.8,0.4,6,0.32000000000000006,0.32000000000000006
0.8537817824074074,0.14621821759259257,0.6952500000000001,0.3047499999999999,56.0,314.0,False,876.0,0.0,1.0,10,operational,0.8,0.4,0.8,0.4,6,0.32000000000000006,0.32000000000000006
0.8517710582974498,0.1482289417025502,0.645,0.3549999999999999,44.0,340.0,False,876.0,0.0,1.0,01,operational,0.8,0.4,0.8,0.4,6,0.32000000000000006,0.32000000000000006
0.8343413643527068,0.16565863564729322,0.6952500000000001,0.3047499999999999,56.0,347.0,False,876.0,0.0,1.0,11,operational,0.8,0.4,0.8,0.4,6,0.32000000000000006,0.32000000000000006
0.8655709722222222,0.13442902777777777,0.645,0.3549999999999999,44.0,314.0,False,876.0,0.0,1.0,00,operational,0.8,0.6,0.8,0.6,6,0.48,0.48
0.8470398124999999,0.15296018750000007,0.73563125,0.26436875,56.0,314.0,False,876.0,0.0,1.0,10,operational,0.8,0.6,0.8,0.6,6,0.48,0.48
0.8406225651149914,0.15937743488500855,0.645,0.3549999999999999,44.0,360.0,False,876.0,0.0,1.0,01,operational,0.8,0.6,0.8,0.6,6,0.48,0.48
0.8051998413873591,0.19480015861264088,0.73563125,0.26436875,56.0,383.0,False,876.0,0.0,1.0,11,operational,0.8,0.6,0.8,0.6,6,0.48,0.48
0.8655709722222222,0.13442902777777777,0.645,0.3549999999999999,44.0,314.0,False,876.0,0.0,1.0,00,operational,0.8,0.8,0.8,0.8,6,0.6400000000000001,0.6400000000000001
0.8402839814814815,0.15971601851851847,0.7666000000000001,0.23339999999999997,52.0,314.0,False,876.0,0.0,1.0,10,operational,0.8,0.8,0.8,0.8,6,0.6400000000000001,0.6400000000000001
0.8327957820913476,0.16720421790865236,0.645,0.3549999999999999,44.0,378.0,False,876.0,0.0,1.0,01,operational,0.8,0.8,0.8,0.8,6,0.6400000000000001,0.6400000000000001
0.6129294404842168,0.3870705595157832,0.7666000000000001,0.23339999999999997,52.0,,True,876.0,1.0,0.6849999999999998,11,operational,0.8,0.8,0.8,0.8,6,0.6400000000000001,0.6400000000000001
0.8655709722222222,0.13442902777777777,0.645,0.3549999999999999,44.0,314.0,False,876.0,0.0,1.0,00,operational,0.8,1.0,0.8,1.0,6,0.8,0.8
0.8335104282407407,0.16648957175925927,0.7969999999999999,0.203,49.0,314.0,False,876.0,0.0,1.0,10,operational,0.8,1.0,0.8,1.0,6,0.8,0.8
0.8305676857670902,0.16943231423290983,0.645,0.3549999999999999,44.0,390.0,False,876.0,0.0,1.0,01,operational,0.8,1.0,0.8,1.0,6,0.8,0.8
0.526618731633396,0.473381268366604,0.7969999999999999,0.203,49.0,,True,876.0,1.0,0.5800000000000001,11,operational,0.8,1.0,0.8,1.0,6,0.8,0.8
0.8655709722222222,0.13442902777777777,0.645,0.3549999999999999,44.0,314.0,False,876.0,0.0,1.0,00,operational,1.0,0.2,1.0,0.2,6,0.2,0.2
0.8590892902199074,0.14091070978009257,0.645,0.3549999999999999,44.0,314.0,False,876.0,0.0,1.0,10,operational,1.0,0.2,1.0,0.2,6,0.2,0.2
0.8549212909589518,0.14507870904104825,0.645,0.3549999999999999,44.0,332.0,False,876.0,0.0,1.0,01,operational,1.0,0.2,1.0,0.2,6,0.2,0.2
0.8463700241911243,0.15362997580887572,0.645,0.3549999999999999,44.0,335.0,False,876.0,0.0,1.0,11,operational,1.0,0.2,1.0,0.2,6,0.2,0.2
0.8655709722222222,0.13442902777777777,0.645,0.3549999999999999,44.0,314.0,False,876.0,0.0,1.0,00,operational,1.0,0.4,1.0,0.4,6,0.4,0.4
0.8506039259259259,0.14939607407407407,0.71525,0.28474999999999995,56.0,314.0,False,876.0,0.0,1.0,10,operational,1.0,0.4,1.0,0.4,6,0.4,0.4
0.8411750048381906,0.15882499516180937,0.645,0.3549999999999999,44.0,358.0,False,876.0,0.0,1.0,01,operational,1.0,0.4,1.0,0.4,6,0.4,0.4
0.8148815054506203,0.18511849454937968,0.71525,0.28474999999999995,56.0,372.0,False,876.0,0.0,1.0,11,operational,1.0,0.4,1.0,0.4,6,0.4,0.4
0.8655709722222222,0.13442902777777777,0.645,0.3549999999999999,44.0,314.0,False,876.0,0.0,1.0,00,operational,1.0,0.6,1.0,0.6,6,0.6,0.6
0.8420245972222222,0.15797540277777777,0.76563125,0.23436874999999996,56.0,314.0,False,876.0,0.0,1.0,10,operational,1.0,0.6,1.0,0.6,6,0.6,0.6
0.8203492048689257,0.1796507951310743,0.645,0.3549999999999999,44.0,394.0,False,876.0,0.0,1.0,01,operational,1.0,0.6,1.0,0.6,6,0.6,0.6
0.7605857849864035,0.2394142150135965,0.76563125,0.23436874999999996,56.0,439.0,False,876.0,0.0,1.0,11,operational,1.0,0.6,1.0,0.6,6,0.6,0.6
0.8655709722222222,0.13442902777777777,0.645,0.3549999999999999,44.0,314.0,False,876.0,0.0,1.0,00,operational,1.0,0.8,1.0,0.8,6,0.8,0.8
0.8334096574074074,0.16659034259259264,0.8066000000000001,0.1933999999999999,52.0,314.0,False,876.0,0.0,1.0,10,operational,1.0,0.8,1.0,0.8,6,0.8,0.8
0.8052015937223779,0.19479840627762213,0.645,0.3549999999999999,44.0,427.0,False,876.0,0.0,1.0,01,operational,1.0,0.8,1.0,0.8,6,0.8,0.8
0.36296990685996217,0.6370300931400379,0.8066000000000001,0.1933999999999999,52.0,,True,876.0,1.0,0.3699999999999998,11,operational,1.0,0.8,1.0,0.8,6,0.8,0.8
0.8655709722222222,0.13442902777777777,0.645,0.3549999999999999,44.0,314.0,False,876.0,0.0,1.0,00,operational,1.0,1.0,1.0,1.0,6,1.0,1.0
0.824787662037037,0.17521233796296298,0.847,0.153,49.0,314.0,False,876.0,0.0,1.0,10,operational,1.0,1.0,1.0,1.0,6,1.0,1.0
0.8047132650462963,0.19528673495370374,0.645,0.3549999999999999,44.0,444.0,False,876.0,0.0,1.0,01,operational,1.0,1.0,1.0,1.0,6,1.0,1.0
0.2347576219995711,0.7652423780004289,0.847,0.153,49.0,,True,876.0,1.0,0.22999999999999998,11,operational,1.0,1.0,1.0,1.0,6,1.0,1.0
0.9683646527777777,0.031635347222222276,0.3125,0.6875,42.0,138.0,False,876.0,0.0,1.0,00,operational,0.2,0.2,0.2,0.2,7,0.04000000000000001,0.04000000000000001
0.9679639302083333,0.03203606979166673,0.3125,0.6875,42.0,138.0,False,876.0,0.0,1.0,10,operational,0.2,0.2,0.2,0.2,7,0.04000000000000001,0.04000000000000001
0.9681064776975308,0.031893522302469224,0.3125,0.6875,42.0,139.0,False,876.0,0.0,1.0,01,operational,0.2,0.2,0.2,0.2,7,0.04000000000000001,0.04000000000000001
0.9676784018639443,0.03232159813605573,0.3125,0.6875,42.0,139.0,False,876.0,0.0,1.0,11,operational,0.2,0.2,0.2,0.2,7,0.04000000000000001,0.04000000000000001
0.9683646527777777,0.031635347222222276,0.3125,0.6875,42.0,138.0,False,876.0,0.0,1.0,00,operational,0.2,0.4,0.2,0.4,7,0.08000000000000002,0.08000000000000002
0.966775225,0.033224774999999984,0.3233750000000001,0.6766249999999999,56.0,138.0,False,876.0,0.0,1.0,10,operational,0.2,0.4,0.2,0.4,7,0.08000000000000002,0.08000000000000002
0.9678206502098765,0.03217934979012349,0.3125,0.6875,42.0,140.0,False,876.0,0.0,1.0,01,operational,0.2,0.4,0.2,0.4,7,0.08000000000000002,0.08000000000000002
0.9660847073993818,0.03391529260061821,0.3233750000000001,0.6766249999999999,56.0,140.0,False,876.0,0.0,1.0,11,operational,0.2,0.4,0.2,0.4,7,0.08000000000000002,0.08000000000000002
0.9683646527777777,0.031635347222222276,0.3125,0.6875,42.0,138.0,False,876.0,0.0,1.0,00,operational,0.2,0.6,0.2,0.6,7,0.12,0.12
0.9655694,0.03443059999999998,0.34535000000000005,0.65465,56.0,138.0,False,876.0,0.0,1.0,10,operational,0.2,0.6,0.2,0.6,7,0.12,0.12
0.9674631592592593,0.0325368407407407,0.3125,0.6875,42.0,142.0,False,876.0,0.0,1.0,01,operational,0.2,0.6,0.2,0.6,7,0.12,0.12
0.9643177542701502,0.03568224572984979,0.34535000000000005,0.65465,56.0,143.0,False,876.0,0.0,1.0,11,operational,0.2,0.6,0.2,0.6,7,0.12,0.12
0.9683646527777777,0.031635347222222276,0.3125,0.6875,42.0,138.0,False,876.0,0.0,1.0,00,operational,0.2,0.8,0.2,0.8,7,0.16000000000000003,0.16000000000000003
0.9643702416666666,0.03562975833333337,0.35630000000000006,0.6436999999999999,51.0,138.0,False,876.0,0.0,1.0,10,operational,0.2,0.8,0.2,0.8,7,0.16000000000000003,0.16000000000000003
0.9670787143028322,0.03292128569716779,0.3125,0.6875,42.0,143.0,False,876.0,0.0,1.0,01,operational,0.2,0.8,0.2,0.8,7,0.16000000000000003,0.16000000000000003
0.9622244241339348,0.03777557586606517,0.35630000000000006,0.6436999999999999,51.0,146.0,False,876.0,0.0,1.0,11,operational,0.2,0.8,0.2,0.8,7,0.16000000000000003,0.16000000000000003
0.9683646527777777,0.031635347222222276,0.3125,0.6875,42.0,138.0,False,876.0,0.0,1.0,00,operational,0.2,1.0,0.2,1.0,7,0.2,0.2
0.9631782708333334,0.036821729166666595,0.3675625,0.6324375,56.0,138.0,False,876.0,0.0,1.0,10,operational,0.2,1.0,0.2,1.0,7,0.2,0.2
0.9665876929012345,0.033412307098765526,0.3125,0.6875,42.0,145.0,False,876.0,0.0,1.0,01,operational,0.2,1.0,0.2,1.0,7,0.2,0.2
0.9322347337962962,0.06776526620370382,0.3675625,0.6324375,56.0,,True,876.0,1.0,0.9649999999999999,11,operational,0.2,1.0,0.2,1.0,7,0.2,0.2
0.9683646527777777,0.031635347222222276,0.3125,0.6875,42.0,138.0,False,876.0,0.0,1.0,00,operational,0.4,0.2,0.4,0.2,7,0.08000000000000002,0.08000000000000002
0.9678716315972221,0.032128368402777885,0.3125,0.6875,42.0,138.0,False,876.0,0.0,1.0,10,operational,0.4,0.2,0.4,0.2,7,0.08000000000000002,0.08000000000000002
0.9682141481301545,0.031785851869845505,0.3125,0.6875,42.0,138.0,False,876.0,0.0,1.0,01,operational,0.4,0.2,0.4,0.2,7,0.08000000000000002,0.08000000000000002
0.9676071557379838,0.03239284426201616,0.3125,0.6875,42.0,139.0,False,876.0,0.0,1.0,11,operational,0.4,0.2,0.4,0.2,7,0.08000000000000002,0.08000000000000002
0.9683646527777777,0.031635347222222276,0.3125,0.6875,42.0,138.0,False,876.0,0.0,1.0,00,operational,0.4,0.4,0.4,0.4,7,0.16000000000000003,0.16000000000000003
0.9664835976851851,0.0335164023148149,0.333375,0.666625,56.0,138.0,False,876.0,0.0,1.0,10,operational,0.4,0.4,0.4,0.4,7,0.16000000000000003,0.16000000000000003
0.9680477818184577,0.03195221818154226,0.3125,0.6875,42.0,139.0,False,876.0,0.0,1.0,01,operational,0.4,0.4,0.4,0.4,7,0.16000000000000003,0.16000000000000003
0.9654853241089305,0.03451467589106949,0.333375,0.666625,56.0,141.0,False,876.0,0.0,1.0,11,operational,0.4,0.4,0.4,0.4,7,0.16000000000000003,0.16000000000000003
0.9683646527777777,0.031635347222222276,0.3125,0.6875,42.0,138.0,False,876.0,0.0,1.0,00,operational,0.4,0.6,0.4,0.6,7,0.24,0.24
0.9651264416666666,0.03487355833333339,0.35719999999999996,0.6428,55.0,138.0,False,876.0,0.0,1.0,10,operational,0.4,0.6,0.4,0.6,7,0.24,0.24
0.9678565216374674,0.03214347836253262,0.3125,0.6875,42.0,140.0,False,876.0,0.0,1.0,01,operational,0.4,0.6,0.4,0.6,7,0.24,0.24
0.9628060213205578,0.037193978679442186,0.35719999999999996,0.6428,55.0,145.0,False,876.0,0.0,1.0,11,operational,0.4,0.6,0.4,0.6,7,0.24,0.24
0.9683646527777777,0.031635347222222276,0.3125,0.6875,42.0,138.0,False,876.0,0.0,1.0,00,operational,0.4,0.8,0.4,0.8,7,0.32000000000000006,0.32000000000000006
0.9637929638888889,0.03620703611111109,0.3721,0.6279,50.0,138.0,False,876.0,0.0,1.0,10,operational,0.4,0.8,0.4,0.8,7,0.32000000000000006,0.32000000000000006
0.9676821817195767,0.03231781828042335,0.3125,0.6875,42.0,141.0,False,876.0,0.0,1.0,01,operational,0.4,0.8,0.4,0.8,7,0.32000000000000006,0.32000000000000006
0.9254917990143134,0.07450820098568656,0.3721,0.6279,50.0,,True,876.0,1.0,0.9550000000000001,11,operational,0.4,0.8,0.4,0.8,7,0.32000000000000006,0.32000000000000006
0.9683646527777777,0.031635347222222276,0.3125,0.6875,42.0,138.0,False,876.0,0.0,1.0,00,operational,0.4,1.0,0.4,1.0,7,0.4,0.4
0.9624695208333333,0.03753047916666674,0.387,0.613,47.0,138.0,False,876.0,0.0,1.0,10,operational,0.4,1.0,0.4,1.0,7,0.4,0.4
0.9674075657407407,0.032592434259259284,0.3125,0.6875,42.0,142.0,False,876.0,0.0,1.0,01,operational,0.4,1.0,0.4,1.0,7,0.4,0.4
0.890458170833333,0.10954182916666699,0.387,0.613,47.0,,True,876.0,1.0,0.9149999999999998,11,operational,0.4,1.0,0.4,1.0,7,0.4,0.4
0.9683646527777777,0.031635347222222276,0.3125,0.6875,42.0,138.0,False,876.0,0.0,1.0,00,operational,0.6,0.2,0.6,0.2,7,0.12,0.12
0.9676691726851852,0.03233082731481485,0.3125,0.6875,42.0,138.0,False,876.0,0.0,1.0,10,operational,0.6,0.2,0.6,0.2,7,0.12,0.12
0.9681455832530864,0.03185441674691358,0.3125,0.6875,42.0,139.0,False,876.0,0.0,1.0,01,operational,0.6,0.2,0.6,0.2,7,0.12,0.12
0.9672913220459896,0.032708677954010446,0.3125,0.6875,42.0,139.0,False,876.0,0.0,1.0,11,operational,0.6,0.2,0.6,0.2,7,0.12,0.12
0.9683646527777777,0.031635347222222276,0.3125,0.6875,42.0,138.0,False,876.0,0.0,1.0,00,operational,0.6,0.4,0.6,0.4,7,0.24,0.24
0.9654845437345678,0.034515456265432176,0.333375,0.666625,56.0,138.0,False,876.0,0.0,1.0,10,operational,0.6,0.4,0.6,0.4,7,0.24,0.24
0.9679088148209269,0.032091185179073056,0.3125,0.6875,42.0,140.0,False,876.0,0.0,1.0,01,operational,0.6,0.4,0.6,0.4,7,0.24,0.24
0.9640361193435759,0.035963880656424085,0.333375,0.666625,56.0,143.0,False,876.0,0.0,1.0,11,operational,0.6,0.4,0.6,0.4,7,0.24,0.24
0.9683646527777777,0.031635347222222276,0.3125,0.6875,42.0,138.0,False,876.0,0.0,1.0,00,operational,0.6,0.6,0.6,0.6,7,0.36,0.36
0.9632945274074074,0.0367054725925926,0.3708500000000001,0.6291499999999999,56.0,138.0,False,876.0,0.0,1.0,10,operational,0.6,0.6,0.6,0.6,7,0.36,0.36
0.9676128931481481,0.032387106851851866,0.3125,0.6875,42.0,141.0,False,876.0,0.0,1.0,01,operational,0.6,0.6,0.6,0.6,7,0.36,0.36
0.9598899342316924,0.04011006576830756,0.3708500000000001,0.6291499999999999,56.0,149.0,False,876.0,0.0,1.0,11,operational,0.6,0.6,0.6,0.6,7,0.36,0.36
0.9683646527777777,0.031635347222222276,0.3125,0.6875,42.0,138.0,False,876.0,0.0,1.0,00,operational,0.6,0.8,0.6,0.8,7,0.48,0.48
0.961136522654321,0.038863477345678965,0.3903000000000001,0.6096999999999999,51.0,138.0,False,876.0,0.0,1.0,10,operational,0.6,0.8,0.6,0.8,7,0.48,0.48
0.9672769490564375,0.03272305094356254,0.3125,0.6875,42.0,143.0,False,876.0,0.0,1.0,01,operational,0.6,0.8,0.6,0.8,7,0.48,0.48
0.9214260796156272,0.07857392038437283,0.3903000000000001,0.6096999999999999,51.0,,True,876.0,1.0,0.9550000000000001,11,operational,0.6,0.8,0.6,0.8,7,0.48,0.48
0.9683646527777777,0.031635347222222276,0.3125,0.6875,42.0,138.0,False,876.0,0.0,1.0,00,operational,0.6,1.0,0.6,1.0,7,0.6,0.6
0.9589784831790124,0.04102151682098765,0.40974999999999995,0.59025,48.0,138.0,False,876.0,0.0,1.0,10,operational,0.6,1.0,0.6,1.0,7,0.6,0.6
0.9668881037037037,0.033111896296296295,0.3125,0.6875,42.0,145.0,False,876.0,0.0,1.0,01,operational,0.6,1.0,0.6,1.0,7,0.6,0.6
0.8268569943659562,0.17314300563404383,0.40974999999999995,0.59025,48.0,,True,876.0,1.0,0.8450000000000001,11,operational,0.6,1.0,0.6,1.0,7,0.6,0.6
0.9683646527777777,0.031635347222222276,0.3125,0.6875,42.0,138.0,False,876.0,0.0,1.0,00,operational,0.8,0.2,0.8,0.2,7,0.16000000000000003,0.16000000000000003
0.9677436686342593,0.03225633136574069,0.3125,0.6875,42.0,138.0,False,876.0,0.0,1.0,10,operational,0.8,0.2,0.8,0.2,7,0.16000000000000003,0.16000000000000003
0.9681241558641975,0.03187584413580247,0.3125,0.6875,42.0,139.0,False,876.0,0.0,1.0,01,operational,0.8,0.2,0.8,0.2,7,0.16000000000000003,0.16000000000000003
0.9672889145049407,0.0327110854950593,0.3125,0.6875,42.0,139.0,False,876.0,0.0,1.0,11,operational,0.8,0.2,0.8,0.2,7,0.16000000000000003,0.16000000000000003
0.9683646527777777,0.031635347222222276,0.3125,0.6875,42.0,138.0,False,876.0,0.0,1.0,00,operational,0.8,0.4,0.8,0.4,7,0.32000000000000006,0.32000000000000006
0.965346606419753,0.034653393580246994,0.33250000000000013,0.6674999999999999,52.0,138.0,False,876.0,0.0,1.0,10,operational,0.8,0.4,0.8,0.4,7,0.32000000000000006,0.32000000000000006
0.967866720042542,0.03213327995745796,0.3125,0.6875,42.0,140.0,False,876.0,0.0,1.0,01,operational,0.8,0.4,0.8,0.4,7,0.32000000000000006,0.32000000000000006
0.963387897948881,0.03661210205111898,0.33250000000000013,0.6674999999999999,52.0,145.0,False,876.0,0.0,1.0,11,operational,0.8,0.4,0.8,0.4,7,0.32000000000000006,0.32000000000000006
0.9683646527777777,0.031635347222222276,0.3125,0.6875,42.0,138.0,False,876.0,0.0,1.0,00,operational,0.8,0.6,0.8,0.6,7,0.48,0.48
0.9629376596296295,0.03706234037037048,0.36350000000000005,0.6365,56.0,138.0,False,876.0,0.0,1.0,10,operational,0.8,0.6,0.8,0.6,7,0.48,0.48
0.9675488936222223,0.032451106377777705,0.3125,0.6875,42.0,142.0,False,876.0,0.0,1.0,01,operational,0.8,0.6,0.8,0.6,7,0.48,0.48
0.9580554774640333,0.0419445225359667,0.36350000000000005,0.6365,56.0,153.0,False,876.0,0.0,1.0,11,operational,0.8,0.6,0.8,0.6,7,0.48,0.48
0.9683646527777777,0.031635347222222276,0.3125,0.6875,42.0,138.0,False,876.0,0.0,1.0,00,operational,0.8,0.8,0.8,0.8,7,0.6400000000000001,0.6400000000000001
0.9605577359876543,0.03944226401234574,0.38050000000000006,0.6194999999999999,51.0,138.0,False,876.0,0.0,1.0,10,operational,0.8,0.8,0.8,0.8,7,0.6400000000000001,0.6400000000000001
0.9671903923015873,0.03280960769841268,0.3125,0.6875,42.0,143.0,False,876.0,0.0,1.0,01,operational,0.8,0.8,0.8,0.8,7,0.6400000000000001,0.6400000000000001
0.8843219752643896,0.1156780247356104,0.38050000000000006,0.6194999999999999,51.0,,True,876.0,1.0,0.9099999999999999,11,operational,0.8,0.8,0.8,0.8,7,0.6400000000000001,0.6400000000000001
0.9683646527777777,0.031635347222222276,0.3125,0.6875,42.0,138.0,False,876.0,0.0,1.0,00,operational,0.8,1.0,0.8,1.0,7,0.8,0.8
0.9581889929012345,0.04181100709876551,0.40087499999999987,0.5991250000000001,56.0,138.0,False,876.0,0.0,1.0,10,operational,0.8,1.0,0.8,1.0,7,0.8,0.8
0.9667781703703703,0.03322182962962972,0.3125,0.6875,42.0,145.0,False,876.0,0.0,1.0,01,operational,0.8,1.0,0.8,1.0,7,0.8,0.8
0.8132010467761236,0.1867989532238764,0.40087499999999987,0.5991250000000001,56.0,,True,876.0,1.0,0.8300000000000001,11,operational,0.8,1.0,0.8,1.0,7,0.8,0.8
0.9683646527777777,0.031635347222222276,0.3125,0.6875,42.0,138.0,False,876.0,0.0,1.0,00,operational,1.0,0.2,1.0,0.2,7,0.2,0.2
0.9674112811342593,0.03258871886574066,0.3125,0.6875,42.0,138.0,False,876.0,0.0,1.0,10,operational,1.0,0.2,1.0,0.2,7,0.2,0.2
0.9679884230931675,0.03201157690683254,0.3125,0.6875,42.0,139.0,False,876.0,0.0,1.0,01,operational,1.0,0.2,1.0,0.2,7,0.2,0.2
0.9666569572253108,0.03334304277468925,0.3125,0.6875,42.0,140.0,False,876.0,0.0,1.0,11,operational,1.0,0.2,1.0,0.2,7,0.2,0.2
0.9683646527777777,0.031635347222222276,0.3125,0.6875,42.0,138.0,False,876.0,0.0,1.0,00,operational,1.0,0.4,1.0,0.4,7,0.4,0.4
0.9639551230864197,0.03604487691358027,0.3433750000000001,0.6566249999999999,56.0,138.0,False,876.0,0.0,1.0,10,operational,1.0,0.4,1.0,0.4,7,0.4,0.4
0.9675772812505565,0.03242271874944347,0.3125,0.6875,42.0,141.0,False,876.0,0.0,1.0,01,operational,1.0,0.4,1.0,0.4,7,0.4,0.4
0.9605996045249255,0.03940039547507446,0.3433750000000001,0.6566249999999999,56.0,149.0,False,876.0,0.0,1.0,11,operational,1.0,0.4,1.0,0.4,7,0.4,0.4
0.9683646527777777,0.031635347222222276,0.3125,0.6875,42.0,138.0,False,876.0,0.0,1.0,00,operational,1.0,0.6,1.0,0.6,7,0.6,0.6
0.9604726568518519,0.0395273431481481,0.3932,0.6068,56.0,138.0,False,876.0,0.0,1.0,10,operational,1.0,0.6,1.0,0.6,7,0.6,0.6
0.9670793380666666,0.03292066193333343,0.3125,0.6875,42.0,144.0,False,876.0,0.0,1.0,01,operational,1.0,0.6,1.0,0.6,7,0.6,0.6
0.9519296705583028,0.0480703294416972,0.3932,0.6068,56.0,163.0,False,876.0,0.0,1.0,11,operational,1.0,0.6,1.0,0.6,7,0.6,0.6
0.9683646527777777,0.031635347222222276,0.3125,0.6875,42.0,138.0,False,876.0,0.0,1.0,00,operational,1.0,0.8,1.0,0.8,7,0.8,0.8
0.9570325470987655,0.04296745290123449,0.42010000000000003,0.5799,51.0,138.0,False,876.0,0.0,1.0,10,operational,1.0,0.8,1.0,0.8,7,0.8,0.8
0.9665549440299824,0.03344505597001757,0.3125,0.6875,42.0,146.0,False,876.0,0.0,1.0,01,operational,1.0,0.8,1.0,0.8,7,0.8,0.8
0.8412430340255709,0.15875696597442912,0.42010000000000003,0.5799,51.0,,True,876.0,1.0,0.865,11,operational,1.0,0.8,1.0,0.8,7,0.8,0.8
0.9683646527777777,0.031635347222222276,0.3125,0.6875,42.0,138.0,False,876.0,0.0,1.0,00,operational,1.0,1.0,1.0,1.0,7,1.0,1.0
0.9536030276234568,0.046396972376543166,0.45037499999999986,0.5496250000000001,56.0,138.0,False,876.0,0.0,1.0,10,operational,1.0,1.0,1.0,1.0,7,1.0,1.0
0.9658751530864197,0.03412484691358031,0.3125,0.6875,42.0,149.0,False,876.0,0.0,1.0,01,operational,1.0,1.0,1.0,1.0,7,1.0,1.0
0.6725872160792166,0.32741278392078343,0.45037499999999986,0.5496250000000001,56.0,,True,876.0,1.0,0.675,11,operational,1.0,1.0,1.0,1.0,7,1.0,1.0
0.9515415277777778,0.048458472222222215,0.42000000000000004,0.58,44.0,169.0,False,876.0,0.0,1.0,00,operational,0.2,0.2,0.2,0.2,8,0.04000000000000001,0.04000000000000001
0.9511381397530865,0.048861860246913524,0.42000000000000004,0.58,44.0,169.0,False,876.0,0.0,1.0,10,operational,0.2,0.2,0.2,0.2,8,0.04000000000000001,0.04000000000000001
0.9511094593913112,0.048890540608688804,0.42000000000000004,0.58,44.0,170.0,False,876.0,0.0,1.0,01,operational,0.2,0.2,0.2,0.2,8,0.04000000000000001,0.04000000000000001
0.9506957596916897,0.049304240308310265,0.42000000000000004,0.58,44.0,170.0,False,876.0,0.0,1.0,11,operational,0.2,0.2,0.2,0.2,8,0.04000000000000001,0.04000000000000001
0.9515415277777778,0.048458472222222215,0.42000000000000004,0.58,44.0,169.0,False,876.0,0.0,1.0,00,operational,0.2,0.4,0.2,0.4,8,0.08000000000000002,0.08000000000000002
0.9500580083950616,0.049941991604938396,0.4201125,0.5798875,56.0,169.0,False,876.0,0.0,1.0,10,operational,0.2,0.4,0.2,0.4,8,0.08000000000000002,0.08000000000000002
0.950610158896863,0.049389841103137044,0.42000000000000004,0.58,44.0,171.0,False,876.0,0.0,1.0,01,operational,0.2,0.4,0.2,0.4,8,0.08000000000000002,0.08000000000000002
0.949075769387042,0.05092423061295803,0.4201125,0.5798875,56.0,172.0,False,876.0,0.0,1.0,11,operational,0.2,0.4,0.2,0.4,8,0.08000000000000002,0.08000000000000002
0.9515415277777778,0.048458472222222215,0.42000000000000004,0.58,44.0,169.0,False,876.0,0.0,1.0,00,operational,0.2,0.6,0.2,0.6,8,0.12,0.12
0.9489829153703704,0.05101708462962962,0.43364999999999987,0.5663500000000001,55.0,169.0,False,876.0,0.0,1.0,10,operational,0.2,0.6,0.2,0.6,8,0.12,0.12
0.9499398826887927,0.0500601173112073,0.42000000000000004,0.58,44.0,174.0,False,876.0,0.0,1.0,01,operational,0.2,0.6,0.2,0.6,8,0.12,0.12
0.9472438873745571,0.052756112625442886,0.43364999999999987,0.5663500000000001,55.0,174.0,False,876.0,0.0,1.0,11,operational,0.2,0.6,0.2,0.6,8,0.12,0.12
0.9515415277777778,0.048458472222222215,0.42000000000000004,0.58,44.0,169.0,False,876.0,0.0,1.0,00,operational,0.2,0.8,0.2,0.8,8,0.16000000000000003,0.16000000000000003
0.9479059334567901,0.052094066543209916,0.4381999999999999,0.5618000000000001,50.0,169.0,False,876.0,0.0,1.0,10,operational,0.2,0.8,0.2,0.8,8,0.16000000000000003,0.16000000000000003
0.9490958667548501,0.05090413324514986,0.42000000000000004,0.58,44.0,176.0,False,876.0,0.0,1.0,01,operational,0.2,0.8,0.2,0.8,8,0.16000000000000003,0.16000000000000003
0.9452033037101656,0.05479669628983441,0.4381999999999999,0.5618000000000001,50.0,177.0,False,876.0,0.0,1.0,11,operational,0.2,0.8,0.2,0.8,8,0.16000000000000003,0.16000000000000003
0.9515415277777778,0.048458472222222215,0.42000000000000004,0.58,44.0,169.0,False,876.0,0.0,1.0,00,operational,0.2,1.0,0.2,1.0,8,0.2,0.2
0.9468202293209876,0.05317977067901236,0.44399999999999995,0.556,56.0,170.0,False,876.0,0.0,1.0,10,operational,0.2,1.0,0.2,1.0,8,0.2,0.2
0.9482374772376544,0.05176252276234561,0.42000000000000004,0.58,44.0,179.0,False,876.0,0.0,1.0,01,operational,0.2,1.0,0.2,1.0,8,0.2,0.2
0.9430496410686827,0.05695035893131728,0.44399999999999995,0.556,56.0,180.0,False,876.0,0.0,1.0,11,operational,0.2,1.0,0.2,1.0,8,0.2,0.2
0.9515415277777778,0.048458472222222215,0.42000000000000004,0.58,44.0,169.0,False,876.0,0.0,1.0,00,operational,0.4,0.2,0.4,0.2,8,0.08000000000000002,0.08000000000000002
0.9509641860493827,0.04903581395061729,0.42000000000000004,0.58,44.0,169.0,False,876.0,0.0,1.0,10,operational,0.4,0.2,0.4,0.2,8,0.08000000000000002,0.08000000000000002
0.9511080982801999,0.04889190171980007,0.42000000000000004,0.58,44.0,170.0,False,876.0,0.0,1.0,01,operational,0.4,0.2,0.4,0.2,8,0.08000000000000002,0.08000000000000002
0.950511385797563,0.049488614202437,0.42000000000000004,0.58,44.0,171.0,False,876.0,0.0,1.0,11,operational,0.4,0.2,0.4,0.2,8,0.08000000000000002,0.08000000000000002
0.9515415277777778,0.048458472222222215,0.42000000000000004,0.58,44.0,169.0,False,876.0,0.0,1.0,00,operational,0.4,0.4,0.4,0.4,8,0.16000000000000003,0.16000000000000003
0.9495545454320987,0.05044545456790128,0.42113750000000005,0.5788625,56.0,169.0,False,876.0,0.0,1.0,10,operational,0.4,0.4,0.4,0.4,8,0.16000000000000003,0.16000000000000003
0.9506074366746406,0.04939256332535935,0.42000000000000004,0.58,44.0,171.0,False,876.0,0.0,1.0,01,operational,0.4,0.4,0.4,0.4,8,0.16000000000000003,0.16000000000000003
0.9483725372211312,0.05162746277886876,0.42113750000000005,0.5788625,56.0,173.0,False,876.0,0.0,1.0,11,operational,0.4,0.4,0.4,0.4,8,0.16000000000000003,0.16000000000000003
0.9515415277777778,0.048458472222222215,0.42000000000000004,0.58,44.0,169.0,False,876.0,0.0,1.0,00,operational,0.4,0.6,0.4,0.6,8,0.24,0.24
0.9481499431481482,0.051850056851851845,0.44043124999999994,0.5595687500000001,56.0,169.0,False,876.0,0.0,1.0,10,operational,0.4,0.6,0.4,0.6,8,0.24,0.24
0.9499357993554594,0.050064200644540646,0.42000000000000004,0.58,44.0,174.0,False,876.0,0.0,1.0,01,operational,0.4,0.6,0.4,0.6,8,0.24,0.24
0.9458495495988621,0.05415045040113786,0.44043124999999994,0.5595687500000001,56.0,176.0,False,876.0,0.0,1.0,11,operational,0.4,0.6,0.4,0.6,8,0.24,0.24
0.9515415277777778,0.048458472222222215,0.42000000000000004,0.58,44.0,169.0,False,876.0,0.0,1.0,00,operational,0.4,0.8,0.4,0.8,8,0.32000000000000006,0.32000000000000006
0.9467453408641975,0.05325465913580252,0.44799999999999995,0.552,52.0,169.0,False,876.0,0.0,1.0,10,operational,0.4,0.8,0.4,0.8,8,0.32000000000000006,0.32000000000000006
0.9490904223104056,0.050909577689594365,0.42000000000000004,0.58,44.0,176.0,False,876.0,0.0,1.0,01,operational,0.4,0.8,0.4,0.8,8,0.32000000000000006,0.32000000000000006
0.9429218592842935,0.057078140715706494,0.44799999999999995,0.552,52.0,181.0,False,876.0,0.0,1.0,11,operational,0.4,0.8,0.4,0.8,8,0.32000000000000006,0.32000000000000006
0.9515415277777778,0.048458472222222215,0.42000000000000004,0.58,44.0,169.0,False,876.0,0.0,1.0,00,operational,0.4,1.0,0.4,1.0,8,0.4,0.4
0.945340599691358,0.054659400308642025,0.45624999999999993,0.5437500000000001,56.0,170.0,False,876.0,0.0,1.0,10,operational,0.4,1.0,0.4,1.0,8,0.4,0.4
0.9482355868055555,0.05176441319444447,0.42000000000000004,0.58,44.0,179.0,False,876.0,0.0,1.0,01,operational,0.4,1.0,0.4,1.0,8,0.4,0.4
0.8857974818876578,0.11420251811234217,0.45624999999999993,0.5437500000000001,56.0,,True,876.0,1.0,0.93,11,operational,0.4,1.0,0.4,1.0,8,0.4,0.4
0.9515415277777778,0.048458472222222215,0.42000000000000004,0.58,44.0,169.0,False,876.0,0.0,1.0,00,operational,0.6,0.2,0.6,0.2,8,0.12,0.12
0.9506766727777778,0.04932332722222221,0.42000000000000004,0.58,44.0,169.0,False,876.0,0.0,1.0,10,operational,0.6,0.2,0.6,0.2,8,0.12,0.12
0.9508389506422752,0.049161049357724806,0.42000000000000004,0.58,44.0,171.0,False,876.0,0.0,1.0,01,operational,0.6,0.2,0.6,0.2,8,0.12,0.12
0.9499115639556422,0.050088436044357754,0.42000000000000004,0.58,44.0,172.0,False,876.0,0.0,1.0,11,operational,0.6,0.2,0.6,0.2,8,0.12,0.12
0.9515415277777778,0.048458472222222215,0.42000000000000004,0.58,44.0,169.0,False,876.0,0.0,1.0,00,operational,0.6,0.4,0.6,0.4,8,0.24,0.24
0.9488561577777778,0.051143842222222236,0.42075000000000007,0.5792499999999999,56.0,169.0,False,876.0,0.0,1.0,10,operational,0.6,0.4,0.6,0.4,8,0.24,0.24
0.949910598768468,0.05008940123153205,0.42000000000000004,0.58,44.0,174.0,False,876.0,0.0,1.0,01,operational,0.6,0.4,0.6,0.4,8,0.24,0.24
0.9466687982851382,0.05333120171486183,0.42075000000000007,0.5792499999999999,56.0,176.0,False,876.0,0.0,1.0,11,operational,0.6,0.4,0.6,0.4,8,0.24,0.24
0.9515415277777778,0.048458472222222215,0.42000000000000004,0.58,44.0,169.0,False,876.0,0.0,1.0,00,operational,0.6,0.6,0.6,0.6,8,0.36,0.36
0.9470730283333334,0.0529269716666666,0.4488875,0.5511125,56.0,169.0,False,876.0,0.0,1.0,10,operational,0.6,0.6,0.6,0.6,8,0.36,0.36
0.9485356516597511,0.05146434834024893,0.42000000000000004,0.58,44.0,178.0,False,876.0,0.0,1.0,01,operational,0.6,0.6,0.6,0.6,8,0.36,0.36
0.942472052788085,0.05752794721191501,0.4488875,0.5511125,56.0,183.0,False,876.0,0.0,1.0,11,operational,0.6,0.6,0.6,0.6,8,0.36,0.36
0.9515415277777778,0.048458472222222215,0.42000000000000004,0.58,44.0,169.0,False,876.0,0.0,1.0,00,operational,0.6,0.8,0.6,0.8,8,0.48,0.48
0.945305621111111,0.05469437888888895,0.4606,0.5394,53.0,169.0,False,876.0,0.0,1.0,10,operational,0.6,0.8,0.6,0.8,8,0.48,0.48
0.9474659285714285,0.05253407142857147,0.42000000000000004,0.58,44.0,181.0,False,876.0,0.0,1.0,01,operational,0.6,0.8,0.6,0.8,8,0.48,0.48
0.9382288648505775,0.06177113514942245,0.4606,0.5394,53.0,191.0,False,876.0,0.0,1.0,11,operational,0.6,0.8,0.6,0.8,8,0.48,0.48
0.9515415277777778,0.048458472222222215,0.42000000000000004,0.58,44.0,169.0,False,876.0,0.0,1.0,00,operational,0.6,1.0,0.6,1.0,8,0.6,0.6
0.9435345611111111,0.056465438888888886,0.47075,0.52925,50.0,170.0,False,876.0,0.0,1.0,10,operational,0.6,1.0,0.6,1.0,8,0.6,0.6
0.9471280780864199,0.052871921913580144,0.42000000000000004,0.58,44.0,184.0,False,876.0,0.0,1.0,01,operational,0.6,1.0,0.6,1.0,8,0.6,0.6
0.8261122918930524,0.17388770810694765,0.47075,0.52925,50.0,,True,876.0,1.0,0.8600000000000001,11,operational,0.6,1.0,0.6,1.0,8,0.6,0.6
0.9515415277777778,0.048458472222222215,0.42000000000000004,0.58,44.0,169.0,False,876.0,0.0,1.0,00,operational,0.8,0.2,0.8,0.2,8,0.16000000000000003,0.16000000000000003
0.9497204983603396,0.05027950163966044,0.42000000000000004,0.58,44.0,169.0,False,876.0,0.0,1.0,10,operational,0.8,0.2,0.8,0.2,8,0.16000000000000003,0.16000000000000003
0.9510744914259259,0.04892550857407407,0.42000000000000004,0.58,44.0,170.0,False,876.0,0.0,1.0,01,operational,0.8,0.2,0.8,0.2,8,0.16000000000000003,0.16000000000000003
0.9491337995113652,0.05086620048863477,0.42000000000000004,0.58,44.0,171.0,False,876.0,0.0,1.0,11,operational,0.8,0.2,0.8,0.2,8,0.16000000000000003,0.16000000000000003
0.9515415277777778,0.048458472222222215,0.42000000000000004,0.58,44.0,169.0,False,876.0,0.0,1.0,00,operational,0.8,0.4,0.8,0.4,8,0.32000000000000006,0.32000000000000006
0.946207137345679,0.05379286265432104,0.4213625000000001,0.5786374999999999,56.0,169.0,False,876.0,0.0,1.0,10,operational,0.8,0.4,0.8,0.4,8,0.32000000000000006,0.32000000000000006
0.9505149695555555,0.04948503044444452,0.42000000000000004,0.58,44.0,172.0,False,876.0,0.0,1.0,01,operational,0.8,0.4,0.8,0.4,8,0.32000000000000006,0.32000000000000006
0.9441868702630357,0.055813129736964284,0.4213625000000001,0.5786374999999999,56.0,176.0,False,876.0,0.0,1.0,11,operational,0.8,0.4,0.8,0.4,8,0.32000000000000006,0.32000000000000006
0.9515415277777778,0.048458472222222215,0.42000000000000004,0.58,44.0,169.0,False,876.0,0.0,1.0,00,operational,0.8,0.6,0.8,0.6,8,0.48,0.48
0.9427249560185185,0.05727504398148153,0.4735187499999999,0.5264812500000001,56.0,169.0,False,876.0,0.0,1.0,10,operational,0.8,0.6,0.8,0.6,8,0.48,0.48
0.949772696462963,0.05022730353703697,0.42000000000000004,0.58,44.0,175.0,False,876.0,0.0,1.0,01,operational,0.8,0.6,0.8,0.6,8,0.48,0.48
0.9380805042804056,0.06191949571959443,0.4735187499999999,0.5264812500000001,56.0,183.0,False,876.0,0.0,1.0,11,operational,0.8,0.6,0.8,0.6,8,0.48,0.48
0.9515415277777778,0.048458472222222215,0.42000000000000004,0.58,44.0,169.0,False,876.0,0.0,1.0,00,operational,0.8,0.8,0.8,0.8,8,0.6400000000000001,0.6400000000000001
0.9392308024691358,0.06076919753086418,0.4942,0.5058,53.0,169.0,False,876.0,0.0,1.0,10,operational,0.8,0.8,0.8,0.8,8,0.6400000000000001,0.6400000000000001
0.9488416424836601,0.0511583575163399,0.42000000000000004,0.58,44.0,178.0,False,876.0,0.0,1.0,01,operational,0.8,0.8,0.8,0.8,8,0.6400000000000001,0.6400000000000001
0.9304765041212661,0.06952349587873385,0.4942,0.5058,53.0,195.0,False,876.0,0.0,1.0,11,operational,0.8,0.8,0.8,0.8,8,0.6400000000000001,0.6400000000000001
0.9515415277777778,0.048458472222222215,0.42000000000000004,0.58,44.0,169.0,False,876.0,0.0,1.0,00,operational,0.8,1.0,0.8,1.0,8,0.8,0.8
0.9357120447530864,0.06428795524691355,0.5161874999999999,0.4838125000000001,56.0,170.0,False,876.0,0.0,1.0,10,operational,0.8,1.0,0.8,1.0,8,0.8,0.8
0.9478772157407408,0.0521227842592592,0.42000000000000004,0.58,44.0,182.0,False,876.0,0.0,1.0,01,operational,0.8,1.0,0.8,1.0,8,0.8,0.8
0.7318781789543212,0.26812182104567883,0.5161874999999999,0.4838125000000001,56.0,,True,876.0,1.0,0.7550000000000001,11,operational,0.8,1.0,0.8,1.0,8,0.8,0.8
0.9515415277777778,0.048458472222222215,0.42000000000000004,0.58,44.0,169.0,False,876.0,0.0,1.0,00,operational,1.0,0.2,1.0,0.2,8,0.2,0.2
0.9495594982986111,0.05044050170138892,0.42000000000000004,0.58,44.0,169.0,False,876.0,0.0,1.0,10,operational,1.0,0.2,1.0,0.2,8,0.2,0.2
0.9499538585255508,0.05004614147444919,0.42000000000000004,0.58,44.0,174.0,False,876.0,0.0,1.0,01,operational,1.0,0.2,1.0,0.2,8,0.2,0.2
0.9475415016331853,0.05245849836681471,0.42000000000000004,0.58,44.0,175.0,False,876.0,0.0,1.0,11,operational,1.0,0.2,1.0,0.2,8,0.2,0.2
0.9515415277777778,0.048458472222222215,0.42000000000000004,0.58,44.0,169.0,False,876.0,0.0,1.0,00,operational,1.0,0.4,1.0,0.4,8,0.4,0.4
0.945507255,0.05449274500000001,0.421625,0.578375,56.0,169.0,False,876.0,0.0,1.0,10,operational,1.0,0.4,1.0,0.4,8,0.4,0.4
0.947829325483303,0.05217067451669699,0.42000000000000004,0.58,44.0,180.0,False,876.0,0.0,1.0,01,operational,1.0,0.4,1.0,0.4,8,0.4,0.4
0.9394044439939266,0.06059555600607336,0.421625,0.578375,56.0,186.0,False,876.0,0.0,1.0,11,operational,1.0,0.4,1.0,0.4,8,0.4,0.4
0.9515415277777778,0.048458472222222215,0.42000000000000004,0.58,44.0,169.0,False,876.0,0.0,1.0,00,operational,1.0,0.6,1.0,0.6,8,0.6,0.6
0.9415235769444444,0.05847642305555556,0.47666875,0.52333125,56.0,170.0,False,876.0,0.0,1.0,10,operational,1.0,0.6,1.0,0.6,8,0.6,0.6
0.9447920495908253,0.0552079504091747,0.42000000000000004,0.58,44.0,188.0,False,876.0,0.0,1.0,01,operational,1.0,0.6,1.0,0.6,8,0.6,0.6
0.9276230244277183,0.07237697557228173,0.47666875,0.52333125,56.0,204.0,False,876.0,0.0,1.0,11,operational,1.0,0.6,1.0,0.6,8,0.6,0.6
0.9515415277777778,0.048458472222222215,0.42000000000000004,0.58,44.0,169.0,False,876.0,0.0,1.0,00,operational,1.0,0.8,1.0,0.8,8,0.8,0.8
0.9375455377777777,0.062454462222222284,0.49839999999999995,0.5016,53.0,170.0,False,876.0,0.0,1.0,10,operational,1.0,0.8,1.0,0.8,8,0.8,0.8
0.9422270985890653,0.05777290141093472,0.42000000000000004,0.58,44.0,196.0,False,876.0,0.0,1.0,01,operational,1.0,0.8,1.0,0.8,8,0.8,0.8
0.8195545575101062,0.1804454424898938,0.49839999999999995,0.5016,53.0,,True,876.0,1.0,0.8649999999999999,11,operational,1.0,0.8,1.0,0.8,8,0.8,0.8
0.9515415277777778,0.048458472222222215,0.42000000000000004,0.58,44.0,169.0,False,876.0,0.0,1.0,00,operational,1.0,1.0,1.0,1.0,8,1.0,1.0
0.9335490055555556,0.06645099444444436,0.5214375,0.47856250000000006,56.0,170.0,False,876.0,0.0,1.0,10,operational,1.0,1.0,1.0,1.0,8,1.0,1.0
0.9410159983024692,0.05898400169753082,0.42000000000000004,0.58,44.0,202.0,False,876.0,0.0,1.0,01,operational,1.0,1.0,1.0,1.0,8,1.0,1.0
0.5690414724212138,0.43095852757878617,0.5214375,0.47856250000000006,56.0,,True,876.0,1.0,0.5700000000000002,11,operational,1.0,1.0,1.0,1.0,8,1.0,1.0
0.9205475,0.07945250000000004,0.4950000000000001,0.5049999999999999,44.0,233.0,False,876.0,0.0,1.0,00,operational,0.2,0.2,0.2,0.2,9,0.04000000000000001,0.04000000000000001
0.9198258462962963,0.08017415370370373,0.4950000000000001,0.5049999999999999,44.0,233.0,False,876.0,0.0,1.0,10,operational,0.2,0.2,0.2,0.2,9,0.04000000000000001,0.04000000000000001
0.9198208425925926,0.08017915740740744,0.4950000000000001,0.5049999999999999,44.0,234.0,False,876.0,0.0,1.0,01,operational,0.2,0.2,0.2,0.2,9,0.04000000000000001,0.04000000000000001
0.9190892211805556,0.08091077881944442,0.4950000000000001,0.5049999999999999,44.0,234.0,False,876.0,0.0,1.0,11,operational,0.2,0.2,0.2,0.2,9,0.04000000000000001,0.04000000000000001
0.9205475,0.07945250000000004,0.4950000000000001,0.5049999999999999,44.0,233.0,False,876.0,0.0,1.0,00,operational,0.2,0.4,0.2,0.4,9,0.08000000000000002,0.08000000000000002
0.9186418777777778,0.08135812222222216,0.5050000000000001,0.49499999999999994,52.0,233.0,False,876.0,0.0,1.0,10,operational,0.2,0.4,0.2,0.4,9,0.08000000000000002,0.08000000000000002
0.919043463782635,0.08095653621736498,0.4950000000000001,0.5049999999999999,44.0,236.0,False,876.0,0.0,1.0,01,operational,0.2,0.4,0.2,0.4,9,0.08000000000000002,0.08000000000000002
0.9171015323011537,0.08289846769884635,0.5050000000000001,0.49499999999999994,52.0,236.0,False,876.0,0.0,1.0,11,operational,0.2,0.4,0.2,0.4,9,0.08000000000000002,0.08000000000000002
0.9205475,0.07945250000000004,0.4950000000000001,0.5049999999999999,44.0,233.0,False,876.0,0.0,1.0,00,operational,0.2,0.6,0.2,0.6,9,0.12,0.12
0.9174668444444444,0.08253315555555563,0.5162562500000001,0.4837437499999999,56.0,233.0,False,876.0,0.0,1.0,10,operational,0.2,0.6,0.2,0.6,9,0.12,0.12
0.9181234940083756,0.08187650599162444,0.4950000000000001,0.5049999999999999,44.0,239.0,False,876.0,0.0,1.0,01,operational,0.2,0.6,0.2,0.6,9,0.12,0.12
0.9149514162305978,0.08504858376940216,0.5162562500000001,0.4837437499999999,56.0,239.0,False,876.0,0.0,1.0,11,operational,0.2,0.6,0.2,0.6,9,0.12,0.12
0.9205475,0.07945250000000004,0.4950000000000001,0.5049999999999999,44.0,233.0,False,876.0,0.0,1.0,00,operational,0.2,0.8,0.2,0.8,9,0.16000000000000003,0.16000000000000003
0.9163051444444444,0.08369485555555556,0.5248000000000002,0.4751999999999999,53.0,233.0,False,876.0,0.0,1.0,10,operational,0.2,0.8,0.2,0.8,9,0.16000000000000003,0.16000000000000003
0.9171863470185184,0.08281365298148158,0.4950000000000001,0.5049999999999999,44.0,241.0,False,876.0,0.0,1.0,01,operational,0.2,0.8,0.2,0.8,9,0.16000000000000003,0.16000000000000003
0.9127748951666667,0.08722510483333334,0.5248000000000002,0.4751999999999999,53.0,241.0,False,876.0,0.0,1.0,11,operational,0.2,0.8,0.2,0.8,9,0.16000000000000003,0.16000000000000003
0.9205475,0.07945250000000004,0.4950000000000001,0.5049999999999999,44.0,233.0,False,876.0,0.0,1.0,00,operational,0.2,1.0,0.2,1.0,9,0.2,0.2
0.9151470208333333,0.08485297916666668,0.5322500000000001,0.46774999999999994,50.0,233.0,False,876.0,0.0,1.0,10,operational,0.2,1.0,0.2,1.0,9,0.2,0.2
0.9159731368695824,0.08402686313041763,0.4950000000000001,0.5049999999999999,44.0,244.0,False,876.0,0.0,1.0,01,operational,0.2,1.0,0.2,1.0,9,0.2,0.2
0.9102815697399528,0.08971843026004722,0.5322500000000001,0.46774999999999994,50.0,244.0,False,876.0,0.0,1.0,11,operational,0.2,1.0,0.2,1.0,9,0.2,0.2
0.9205475,0.07945250000000004,0.4950000000000001,0.5049999999999999,44.0,233.0,False,876.0,0.0,1.0,00,operational,0.4,0.2,0.4,0.2,9,0.08000000000000002,0.08000000000000002
0.9192799583376735,0.08072004166232649,0.4950000000000001,0.5049999999999999,44.0,233.0,False,876.0,0.0,1.0,10,operational,0.4,0.2,0.4,0.2,9,0.08000000000000002,0.08000000000000002
0.9187074622736728,0.08129253772632716,0.4950000000000001,0.5049999999999999,44.0,237.0,False,876.0,0.0,1.0,01,operational,0.4,0.2,0.4,0.2,9,0.08000000000000002,0.08000000000000002
0.9172179056537665,0.08278209434623351,0.4950000000000001,0.5049999999999999,44.0,237.0,False,876.0,0.0,1.0,11,operational,0.4,0.2,0.4,0.2,9,0.08000000000000002,0.08000000000000002
0.9205475,0.07945250000000004,0.4950000000000001,0.5049999999999999,44.0,233.0,False,876.0,0.0,1.0,00,operational,0.4,0.4,0.4,0.4,9,0.16000000000000003,0.16000000000000003
0.9170234355555554,0.08297656444444457,0.5120000000000001,0.4879999999999999,52.0,233.0,False,876.0,0.0,1.0,10,operational,0.4,0.4,0.4,0.4,9,0.16000000000000003,0.16000000000000003
0.9164243831944443,0.0835756168055557,0.4950000000000001,0.5049999999999999,44.0,242.0,False,876.0,0.0,1.0,01,operational,0.4,0.4,0.4,0.4,9,0.16000000000000003,0.16000000000000003
0.9117195840877784,0.08828041591222158,0.5120000000000001,0.4879999999999999,52.0,244.0,False,876.0,0.0,1.0,11,operational,0.4,0.4,0.4,0.4,9,0.16000000000000003,0.16000000000000003
0.9205475,0.07945250000000004,0.4950000000000001,0.5049999999999999,44.0,233.0,False,876.0,0.0,1.0,00,operational,0.4,0.6,0.4,0.6,9,0.24,0.24
0.9147678477777776,0.08523215222222236,0.5231812500000002,0.4768187499999999,56.0,233.0,False,876.0,0.0,1.0,10,operational,0.4,0.6,0.4,0.6,9,0.24,0.24
0.913364900836575,0.08663509916342504,0.4950000000000001,0.5049999999999999,44.0,248.0,False,876.0,0.0,1.0,01,operational,0.4,0.6,0.4,0.6,9,0.24,0.24
0.9037601473952238,0.09623985260477619,0.5231812500000002,0.4768187499999999,56.0,255.0,False,876.0,0.0,1.0,11,operational,0.4,0.6,0.4,0.6,9,0.24,0.24
0.9205475,0.07945250000000004,0.4950000000000001,0.5049999999999999,44.0,233.0,False,876.0,0.0,1.0,00,operational,0.4,0.8,0.4,0.8,9,0.32000000000000006,0.32000000000000006
0.91252001,0.08747998999999995,0.5332000000000001,0.46679999999999994,53.0,233.0,False,876.0,0.0,1.0,10,operational,0.4,0.8,0.4,0.8,9,0.32000000000000006,0.32000000000000006
0.910468338234127,0.08953166176587302,0.4950000000000001,0.5049999999999999,44.0,255.0,False,876.0,0.0,1.0,01,operational,0.4,0.8,0.4,0.8,9,0.32000000000000006,0.32000000000000006
0.8449910199550489,0.15500898004495112,0.5332000000000001,0.46679999999999994,53.0,,True,876.0,1.0,0.9100000000000001,11,operational,0.4,0.8,0.4,0.8,9,0.32000000000000006,0.32000000000000006
0.9205475,0.07945250000000004,0.4950000000000001,0.5049999999999999,44.0,233.0,False,876.0,0.0,1.0,00,operational,0.4,1.0,0.4,1.0,9,0.4,0.4
0.9102811236111111,0.08971887638888887,0.543625,0.456375,56.0,233.0,False,876.0,0.0,1.0,10,operational,0.4,1.0,0.4,1.0,9,0.4,0.4
0.9089835864583333,0.09101641354166667,0.4950000000000001,0.5049999999999999,44.0,260.0,False,876.0,0.0,1.0,01,operational,0.4,1.0,0.4,1.0,9,0.4,0.4
0.8336334117647736,0.16636658823522643,0.543625,0.456375,56.0,,True,876.0,1.0,0.9,11,operational,0.4,1.0,0.4,1.0,9,0.4,0.4
0.9205475,0.07945250000000004,0.4950000000000001,0.5049999999999999,44.0,233.0,False,876.0,0.0,1.0,00,operational,0.6,0.2,0.6,0.2,9,0.12,0.12
0.9184547524348958,0.08154524756510417,0.4950000000000001,0.5049999999999999,44.0,233.0,False,876.0,0.0,1.0,10,operational,0.6,0.2,0.6,0.2,9,0.12,0.12
0.9174797622345288,0.08252023776547124,0.4950000000000001,0.5049999999999999,44.0,240.0,False,876.0,0.0,1.0,01,operational,0.6,0.2,0.6,0.2,9,0.12,0.12
0.9148651430628952,0.08513485693710476,0.4950000000000001,0.5049999999999999,44.0,240.0,False,876.0,0.0,1.0,11,operational,0.6,0.2,0.6,0.2,9,0.12,0.12
0.9205475,0.07945250000000004,0.4950000000000001,0.5049999999999999,44.0,233.0,False,876.0,0.0,1.0,00,operational,0.6,0.4,0.6,0.4,9,0.24,0.24
0.914998353611111,0.08500164638888896,0.5077375000000002,0.4922624999999998,56.0,233.0,False,876.0,0.0,1.0,10,operational,0.6,0.4,0.6,0.4,9,0.24,0.24
0.9135496874258501,0.08645031257414992,0.4950000000000001,0.5049999999999999,44.0,249.0,False,876.0,0.0,1.0,01,operational,0.6,0.4,0.6,0.4,9,0.24,0.24
0.9055809770008648,0.09441902299913518,0.5077375000000002,0.4922624999999998,56.0,253.0,False,876.0,0.0,1.0,11,operational,0.6,0.4,0.6,0.4,9,0.24,0.24
0.9205475,0.07945250000000004,0.4950000000000001,0.5049999999999999,44.0,233.0,False,876.0,0.0,1.0,00,operational,0.6,0.6,0.6,0.6,9,0.36,0.36
0.9115083915277779,0.08849160847222215,0.533325,0.46667499999999995,56.0,233.0,False,876.0,0.0,1.0,10,operational,0.6,0.6,0.6,0.6,9,0.36,0.36
0.9081146450104368,0.09188535498956318,0.4950000000000001,0.5049999999999999,44.0,261.0,False,876.0,0.0,1.0,01,operational,0.6,0.6,0.6,0.6,9,0.36,0.36
0.8914212361125884,0.10857876388741161,0.533325,0.46667499999999995,56.0,274.0,False,876.0,0.0,1.0,11,operational,0.6,0.6,0.6,0.6,9,0.36,0.36
0.9205475,0.07945250000000004,0.4950000000000001,0.5049999999999999,44.0,233.0,False,876.0,0.0,1.0,00,operational,0.6,0.8,0.6,0.8,9,0.48,0.48
0.9080128183333332,0.09198718166666675,0.5546,0.44539999999999996,55.0,233.0,False,876.0,0.0,1.0,10,operational,0.6,0.8,0.6,0.8,9,0.48,0.48
0.9011828767382456,0.0988171232617544,0.4950000000000001,0.5049999999999999,44.0,277.0,False,876.0,0.0,1.0,01,operational,0.6,0.8,0.6,0.8,9,0.48,0.48
0.7688571644718023,0.2311428355281977,0.5546,0.44539999999999996,55.0,,True,876.0,1.0,0.82,11,operational,0.6,0.8,0.6,0.8,9,0.48,0.48
0.9205475,0.07945250000000004,0.4950000000000001,0.5049999999999999,44.0,233.0,False,876.0,0.0,1.0,00,operational,0.6,1.0,0.6,1.0,9,0.6,0.6
0.9045106409722221,0.09548935902777789,0.570375,0.42962500000000003,56.0,233.0,False,876.0,0.0,1.0,10,operational,0.6,1.0,0.6,1.0,9,0.6,0.6
0.8997984898032407,0.10020151019675927,0.4950000000000001,0.5049999999999999,44.0,285.0,False,876.0,0.0,1.0,01,operational,0.6,1.0,0.6,1.0,9,0.6,0.6
0.693522167063518,0.306477832936482,0.570375,0.42962500000000003,56.0,,True,876.0,1.0,0.7300000000000001,11,operational,0.6,1.0,0.6,1.0,9,0.6,0.6
0.9205475,0.07945250000000004,0.4950000000000001,0.5049999999999999,44.0,233.0,False,876.0,0.0,1.0,00,operational,0.8,0.2,0.8,0.2,9,0.16000000000000003,0.16000000000000003
0.9175932129282407,0.0824067870717593,0.4950000000000001,0.5049999999999999,44.0,233.0,False,876.0,0.0,1.0,10,operational,0.8,0.2,0.8,0.2,9,0.16000000000000003,0.16000000000000003
0.9171614252292094,0.0828385747707906,0.4950000000000001,0.5049999999999999,44.0,241.0,False,876.0,0.0,1.0,01,operational,0.8,0.2,0.8,0.2,9,0.16000000000000003,0.16000000000000003
0.9134165857045455,0.08658341429545446,0.4950000000000001,0.5049999999999999,44.0,242.0,False,876.0,0.0,1.0,11,operational,0.8,0.2,0.8,0.2,9,0.16000000000000003,0.16000000000000003
0.9205475,0.07945250000000004,0.4950000000000001,0.5049999999999999,44.0,233.0,False,876.0,0.0,1.0,00,operational,0.8,0.4,0.8,0.4,9,0.32000000000000006,0.32000000000000006
0.9125213072222221,0.08747869277777787,0.5347375000000001,0.46526249999999986,56.0,233.0,False,876.0,0.0,1.0,10,operational,0.8,0.4,0.8,0.4,9,0.32000000000000006,0.32000000000000006
0.9129034954793563,0.08709650452064366,0.4950000000000001,0.5049999999999999,44.0,251.0,False,876.0,0.0,1.0,01,operational,0.8,0.4,0.8,0.4,9,0.32000000000000006,0.32000000000000006
0.9008670433523813,0.09913295664761868,0.5347375000000001,0.46526249999999986,56.0,258.0,False,876.0,0.0,1.0,11,operational,0.8,0.4,0.8,0.4,9,0.32000000000000006,0.32000000000000006
0.9205475,0.07945250000000004,0.4950000000000001,0.5049999999999999,44.0,233.0,False,876.0,0.0,1.0,00,operational,0.8,0.6,0.8,0.6,9,0.48,0.48
0.9073892247222222,0.09261077527777783,0.5701937500000002,0.42980624999999983,56.0,233.0,False,876.0,0.0,1.0,10,operational,0.8,0.6,0.8,0.6,9,0.48,0.48
0.9070414671112609,0.09295853288873912,0.4950000000000001,0.5049999999999999,44.0,265.0,False,876.0,0.0,1.0,01,operational,0.8,0.6,0.8,0.6,9,0.48,0.48
0.8816535809247049,0.11834641907529508,0.5701937500000002,0.42980624999999983,56.0,284.0,False,876.0,0.0,1.0,11,operational,0.8,0.6,0.8,0.6,9,0.48,0.48
0.9205475,0.07945250000000004,0.4950000000000001,0.5049999999999999,44.0,233.0,False,876.0,0.0,1.0,00,operational,0.8,0.8,0.8,0.8,9,0.6400000000000001,0.6400000000000001
0.9022580311111111,0.09774196888888886,0.5988,0.40119999999999995,53.0,233.0,False,876.0,0.0,1.0,10,operational,0.8,0.8,0.8,0.8,9,0.6400000000000001,0.6400000000000001
0.8996390802276896,0.10036091977231043,0.4950000000000001,0.5049999999999999,44.0,282.0,False,876.0,0.0,1.0,01,operational,0.8,0.8,0.8,0.8,9,0.6400000000000001,0.6400000000000001
0.7236383845694331,0.2763616154305669,0.5988,0.40119999999999995,53.0,,True,876.0,1.0,0.7749999999999999,11,operational,0.8,0.8,0.8,0.8,9,0.6400000000000001,0.6400000000000001
0.9205475,0.07945250000000004,0.4950000000000001,0.5049999999999999,44.0,233.0,False,876.0,0.0,1.0,00,operational,0.8,1.0,0.8,1.0,9,0.8,0.8
0.8971294486111111,0.1028705513888889,0.62475,0.37525,50.0,233.0,False,876.0,0.0,1.0,10,operational,0.8,1.0,0.8,1.0,9,0.8,0.8
0.8976021673303289,0.10239783266967106,0.4950000000000001,0.5049999999999999,44.0,292.0,False,876.0,0.0,1.0,01,operational,0.8,1.0,0.8,1.0,9,0.8,0.8
0.6157599562881794,0.38424004371182063,0.62475,0.37525,50.0,,True,876.0,1.0,0.645,11,operational,0.8,1.0,0.8,1.0,9,0.8,0.8
0.9205475,0.07945250000000004,0.4950000000000001,0.5049999999999999,44.0,233.0,False,876.0,0.0,1.0,00,operational,1.0,0.2,1.0,0.2,9,0.2,0.2
0.9169472021339699,0.08305279786603015,0.4950000000000001,0.5049999999999999,44.0,233.0,False,876.0,0.0,1.0,10,operational,1.0,0.2,1.0,0.2,9,0.2,0.2
0.9158044376855075,0.08419556231449254,0.4950000000000001,0.5049999999999999,44.0,244.0,False,876.0,0.0,1.0,01,operational,1.0,0.2,1.0,0.2,9,0.2,0.2
0.9109908093860741,0.08900919061392587,0.4950000000000001,0.5049999999999999,44.0,245.0,False,876.0,0.0,1.0,11,operational,1.0,0.2,1.0,0.2,9,0.2,0.2
0.9205475,0.07945250000000004,0.4950000000000001,0.5049999999999999,44.0,233.0,False,876.0,0.0,1.0,00,operational,1.0,0.4,1.0,0.4,9,0.4,0.4
0.910847136111111,0.08915286388888899,0.5347375000000001,0.46526249999999986,56.0,233.0,False,876.0,0.0,1.0,10,operational,1.0,0.4,1.0,0.4,9,0.4,0.4
0.9098371005651437,0.09016289943485634,0.4950000000000001,0.5049999999999999,44.0,257.0,False,876.0,0.0,1.0,01,operational,1.0,0.4,1.0,0.4,9,0.4,0.4
0.8936108603864242,0.10638913961357577,0.5347375000000001,0.46526249999999986,56.0,268.0,False,876.0,0.0,1.0,11,operational,1.0,0.4,1.0,0.4,9,0.4,0.4
0.9205475,0.07945250000000004,0.4950000000000001,0.5049999999999999,44.0,233.0,False,876.0,0.0,1.0,00,operational,1.0,0.6,1.0,0.6,9,0.6,0.6
0.9046890791666667,0.09531092083333326,0.5765062500000001,0.4234937499999999,56.0,233.0,False,876.0,0.0,1.0,10,operational,1.0,0.6,1.0,0.6,9,0.6,0.6
0.9016000407722932,0.09839995922770683,0.4950000000000001,0.5049999999999999,44.0,277.0,False,876.0,0.0,1.0,01,operational,1.0,0.6,1.0,0.6,9,0.6,0.6
0.8654486243778936,0.1345513756221064,0.5765062500000001,0.4234937499999999,56.0,308.0,False,876.0,0.0,1.0,11,operational,1.0,0.6,1.0,0.6,9,0.6,0.6
0.9205475,0.07945250000000004,0.4950000000000001,0.5049999999999999,44.0,233.0,False,876.0,0.0,1.0,00,operational,1.0,0.8,1.0,0.8,9,0.8,0.8
0.8985319111111111,0.10146808888888892,0.6128,0.38719999999999993,55.0,233.0,False,876.0,0.0,1.0,10,operational,1.0,0.8,1.0,0.8,9,0.8,0.8
0.8907111444049383,0.10928885559506174,0.4950000000000001,0.5049999999999999,44.0,302.0,False,876.0,0.0,1.0,01,operational,1.0,0.8,1.0,0.8,9,0.8,0.8
0.6176100821071644,0.3823899178928356,0.6128,0.38719999999999993,55.0,,True,876.0,1.0,0.6399999999999999,11,operational,1.0,0.8,1.0,0.8,9,0.8,0.8
0.9205475,0.07945250000000004,0.4950000000000001,0.5049999999999999,44.0,233.0,False,876.0,0.0,1.0,00,operational,1.0,1.0,1.0,1.0,9,1.0,1.0
0.8923783958333333,0.10762160416666666,0.643125,0.356875,56.0,233.0,False,876.0,0.0,1.0,10,operational,1.0,1.0,1.0,1.0,9,1.0,1.0
0.887848952662037,0.112151047337963,0.4950000000000001,0.5049999999999999,44.0,316.0,False,876.0,0.0,1.0,01,operational,1.0,1.0,1.0,1.0,9,1.0,1.0
0.4580159735166909,0.5419840264833091,0.643125,0.356875,56.0,,True,876.0,1.0,0.4600000000000001,11,operational,1.0,1.0,1.0,1.0,9,1.0,1.0
0.9726275,0.027372500000000022,0.29500000000000015,0.7049999999999998,44.0,127.0,False,876.0,0.0,1.0,00,operational,0.2,0.2,0.2,0.2,10,0.04000000000000001,0.04000000000000001
0.9726275,0.027372500000000022,0.29500000000000015,0.7049999999999998,44.0,127.0,False,876.0,0.0,1.0,10,operational,0.2,0.2,0.2,0.2,10,0.04000000000000001,0.04000000000000001
0.9725509124636377,0.027449087536362327,0.29500000000000015,0.7049999999999998,44.0,127.0,False,876.0,0.0,1.0,01,operational,0.2,0.2,0.2,0.2,10,0.04000000000000001,0.04000000000000001
0.9725509124636377,0.027449087536362327,0.29500000000000015,0.7049999999999998,44.0,127.0,False,876.0,0.0,1.0,11,operational,0.2,0.2,0.2,0.2,10,0.04000000000000001,0.04000000000000001
0.9726275,0.027372500000000022,0.29500000000000015,0.7049999999999998,44.0,127.0,False,876.0,0.0,1.0,00,operational,0.2,0.4,0.2,0.4,10,0.08000000000000002,0.08000000000000002
0.9721660755555556,0.027833924444444436,0.29500000000000015,0.7049999999999998,44.0,127.0,False,876.0,0.0,1.0,10,operational,0.2,0.4,0.2,0.4,10,0.08000000000000002,0.08000000000000002
0.9724597155555555,0.02754028444444445,0.29500000000000015,0.7049999999999998,44.0,127.0,False,876.0,0.0,1.0,01,operational,0.2,0.4,0.2,0.4,10,0.08000000000000002,0.08000000000000002
0.9719750308730178,0.028024969126982158,0.29500000000000015,0.7049999999999998,44.0,128.0,False,876.0,0.0,1.0,11,operational,0.2,0.4,0.2,0.4,10,0.08000000000000002,0.08000000000000002
0.9726275,0.027372500000000022,0.29500000000000015,0.7049999999999998,44.0,127.0,False,876.0,0.0,1.0,00,operational,0.2,0.6,0.2,0.6,10,0.12,0.12
0.9715242522222222,0.028475747777777838,0.29500000000000015,0.7049999999999998,44.0,127.0,False,876.0,0.0,1.0,10,operational,0.2,0.6,0.2,0.6,10,0.12,0.12
0.9723530042154602,0.027646995784539774,0.29500000000000015,0.7049999999999998,44.0,128.0,False,876.0,0.0,1.0,01,operational,0.2,0.6,0.2,0.6,10,0.12,0.12
0.9711861097925003,0.028813890207499693,0.29500000000000015,0.7049999999999998,44.0,128.0,False,876.0,0.0,1.0,11,operational,0.2,0.6,0.2,0.6,10,0.12,0.12
0.9726275,0.027372500000000022,0.29500000000000015,0.7049999999999998,44.0,127.0,False,876.0,0.0,1.0,00,operational,0.2,0.8,0.2,0.8,10,0.16000000000000003,0.16000000000000003
0.9708824288888889,0.02911757111111113,0.29500000000000015,0.7049999999999998,44.0,127.0,False,876.0,0.0,1.0,10,operational,0.2,0.8,0.2,0.8,10,0.16000000000000003,0.16000000000000003
0.9722595128571428,0.02774048714285715,0.29500000000000015,0.7049999999999998,44.0,128.0,False,876.0,0.0,1.0,01,operational,0.2,0.8,0.2,0.8,10,0.16000000000000003,0.16000000000000003
0.9703986471176985,0.02960135288230148,0.29500000000000015,0.7049999999999998,44.0,129.0,False,876.0,0.0,1.0,11,operational,0.2,0.8,0.2,0.8,10,0.16000000000000003,0.16000000000000003
0.9726275,0.027372500000000022,0.29500000000000015,0.7049999999999998,44.0,127.0,False,876.0,0.0,1.0,00,operational,0.2,1.0,0.2,1.0,10,0.2,0.2
0.9702406055555556,0.02975939444444442,0.29718750000000005,0.7028125,56.0,127.0,False,876.0,0.0,1.0,10,operational,0.2,1.0,0.2,1.0,10,0.2,0.2
0.9721083444444445,0.027891655555555506,0.29500000000000015,0.7049999999999998,44.0,129.0,False,876.0,0.0,1.0,01,operational,0.2,1.0,0.2,1.0,10,0.2,0.2
0.969524639437037,0.03047536056296296,0.29718750000000005,0.7028125,56.0,130.0,False,876.0,0.0,1.0,11,operational,0.2,1.0,0.2,1.0,10,0.2,0.2
0.9726275,0.027372500000000022,0.29500000000000015,0.7049999999999998,44.0,127.0,False,876.0,0.0,1.0,00,operational,0.4,0.2,0.4,0.2,10,0.08000000000000002,0.08000000000000002
0.9724206996527778,0.027579300347222224,0.29500000000000015,0.7049999999999998,44.0,127.0,False,876.0,0.0,1.0,10,operational,0.4,0.2,0.4,0.2,10,0.08000000000000002,0.08000000000000002
0.9717667032784526,0.028233296721547396,0.29500000000000015,0.7049999999999998,44.0,130.0,False,876.0,0.0,1.0,01,operational,0.4,0.2,0.4,0.2,10,0.08000000000000002,0.08000000000000002
0.9715437832370661,0.02845621676293386,0.29500000000000015,0.7049999999999998,44.0,130.0,False,876.0,0.0,1.0,11,operational,0.4,0.2,0.4,0.2,10,0.08000000000000002,0.08000000000000002
0.9726275,0.027372500000000022,0.29500000000000015,0.7049999999999998,44.0,127.0,False,876.0,0.0,1.0,00,operational,0.4,0.4,0.4,0.4,10,0.16000000000000003,0.16000000000000003
0.9715440311111111,0.028455968888888905,0.29500000000000015,0.7049999999999998,44.0,127.0,False,876.0,0.0,1.0,10,operational,0.4,0.4,0.4,0.4,10,0.16000000000000003,0.16000000000000003
0.9705281649999999,0.029471835000000057,0.29500000000000015,0.7049999999999998,44.0,134.0,False,876.0,0.0,1.0,01,operational,0.4,0.4,0.4,0.4,10,0.16000000000000003,0.16000000000000003
0.9692060796674854,0.0307939203325146,0.29500000000000015,0.7049999999999998,44.0,134.0,False,876.0,0.0,1.0,11,operational,0.4,0.4,0.4,0.4,10,0.16000000000000003,0.16000000000000003
0.9726275,0.027372500000000022,0.29500000000000015,0.7049999999999998,44.0,127.0,False,876.0,0.0,1.0,00,operational,0.4,0.6,0.4,0.6,10,0.24,0.24
0.97045538,0.02954462000000002,0.3046875000000001,0.6953124999999999,56.0,127.0,False,876.0,0.0,1.0,10,operational,0.4,0.6,0.4,0.6,10,0.24,0.24
0.9683056212679576,0.031694378732042394,0.29500000000000015,0.7049999999999998,44.0,141.0,False,876.0,0.0,1.0,01,operational,0.4,0.6,0.4,0.6,10,0.24,0.24
0.9652492242725182,0.03475077572748175,0.3046875000000001,0.6953124999999999,56.0,143.0,False,876.0,0.0,1.0,11,operational,0.4,0.6,0.4,0.6,10,0.24,0.24
0.9726275,0.027372500000000022,0.29500000000000015,0.7049999999999998,44.0,127.0,False,876.0,0.0,1.0,00,operational,0.4,0.8,0.4,0.8,10,0.32000000000000006,0.32000000000000006
0.9693492844444445,0.03065071555555554,0.30900000000000016,0.6909999999999998,52.0,127.0,False,876.0,0.0,1.0,10,operational,0.4,0.8,0.4,0.8,10,0.32000000000000006,0.32000000000000006
0.968488296031746,0.03151170396825398,0.29500000000000015,0.7049999999999998,44.0,142.0,False,876.0,0.0,1.0,01,operational,0.4,0.8,0.4,0.8,10,0.32000000000000006,0.32000000000000006
0.9319682669043677,0.06803173309563226,0.30900000000000016,0.6909999999999998,52.0,,True,876.0,1.0,0.9550000000000001,11,operational,0.4,0.8,0.4,0.8,10,0.32000000000000006,0.32000000000000006
0.9726275,0.027372500000000022,0.29500000000000015,0.7049999999999998,44.0,127.0,False,876.0,0.0,1.0,00,operational,0.4,1.0,0.4,1.0,10,0.4,0.4
0.9682377513888888,0.03176224861111121,0.3146875,0.6853125,56.0,127.0,False,876.0,0.0,1.0,10,operational,0.4,1.0,0.4,1.0,10,0.4,0.4
0.9691962222222221,0.030803777777777874,0.29500000000000015,0.7049999999999998,44.0,140.0,False,876.0,0.0,1.0,01,operational,0.4,1.0,0.4,1.0,10,0.4,0.4
0.926226773314271,0.07377322668572905,0.3146875,0.6853125,56.0,,True,876.0,1.0,0.95,11,operational,0.4,1.0,0.4,1.0,10,0.4,0.4
0.9726275,0.027372500000000022,0.29500000000000015,0.7049999999999998,44.0,127.0,False,876.0,0.0,1.0,00,operational,0.6,0.2,0.6,0.2,10,0.12,0.12
0.9723399367476853,0.027660063252314737,0.29500000000000015,0.7049999999999998,44.0,127.0,False,876.0,0.0,1.0,10,operational,0.6,0.2,0.6,0.2,10,0.12,0.12
0.9716463069821563,0.02835369301784374,0.29500000000000015,0.7049999999999998,44.0,130.0,False,876.0,0.0,1.0,01,operational,0.6,0.2,0.6,0.2,10,0.12,0.12
0.9712852389599149,0.02871476104008508,0.29500000000000015,0.7049999999999998,44.0,130.0,False,876.0,0.0,1.0,11,operational,0.6,0.2,0.6,0.2,10,0.12,0.12
0.9726275,0.027372500000000022,0.29500000000000015,0.7049999999999998,44.0,127.0,False,876.0,0.0,1.0,00,operational,0.6,0.4,0.6,0.4,10,0.24,0.24
0.9707180577777778,0.029281942222222246,0.29500000000000015,0.7049999999999998,44.0,127.0,False,876.0,0.0,1.0,10,operational,0.6,0.4,0.6,0.4,10,0.24,0.24
0.9702601609684275,0.029739839031572513,0.29500000000000015,0.7049999999999998,44.0,135.0,False,876.0,0.0,1.0,01,operational,0.6,0.4,0.6,0.4,10,0.24,0.24
0.967717056756349,0.032282943243651,0.29500000000000015,0.7049999999999998,44.0,137.0,False,876.0,0.0,1.0,11,operational,0.6,0.4,0.6,0.4,10,0.24,0.24
0.9726275,0.027372500000000022,0.29500000000000015,0.7049999999999998,44.0,127.0,False,876.0,0.0,1.0,00,operational,0.6,0.6,0.6,0.6,10,0.36,0.36
0.9687946144444445,0.03120538555555552,0.31680625000000007,0.6831937499999999,56.0,127.0,False,876.0,0.0,1.0,10,operational,0.6,0.6,0.6,0.6,10,0.36,0.36
0.9678596231198093,0.03214037688019067,0.29500000000000015,0.7049999999999998,44.0,143.0,False,876.0,0.0,1.0,01,operational,0.6,0.6,0.6,0.6,10,0.36,0.36
0.9620298293774736,0.03797017062252639,0.31680625000000007,0.6831937499999999,56.0,148.0,False,876.0,0.0,1.0,11,operational,0.6,0.6,0.6,0.6,10,0.36,0.36
0.9726275,0.027372500000000022,0.29500000000000015,0.7049999999999998,44.0,127.0,False,876.0,0.0,1.0,00,operational,0.6,0.8,0.6,0.8,10,0.48,0.48
0.9668567266666667,0.033143273333333334,0.3286000000000001,0.6713999999999999,54.0,127.0,False,876.0,0.0,1.0,10,operational,0.6,0.8,0.6,0.8,10,0.48,0.48
0.9678831423280423,0.03211685767195771,0.29500000000000015,0.7049999999999998,44.0,145.0,False,876.0,0.0,1.0,01,operational,0.6,0.8,0.6,0.8,10,0.48,0.48
0.9276859602108589,0.07231403978914108,0.3286000000000001,0.6713999999999999,54.0,,True,876.0,1.0,0.9550000000000001,11,operational,0.6,0.8,0.6,0.8,10,0.48,0.48
0.9726275,0.027372500000000022,0.29500000000000015,0.7049999999999998,44.0,127.0,False,876.0,0.0,1.0,00,operational,0.6,1.0,0.6,1.0,10,0.6,0.6
0.9649195888888887,0.035080411111111265,0.3409374999999999,0.6590625000000001,56.0,127.0,False,876.0,0.0,1.0,10,operational,0.6,1.0,0.6,1.0,10,0.6,0.6
0.9683204046296296,0.03167959537037035,0.29500000000000015,0.7049999999999998,44.0,145.0,False,876.0,0.0,1.0,01,operational,0.6,1.0,0.6,1.0,10,0.6,0.6
0.862505340213402,0.13749465978659803,0.3409374999999999,0.6590625000000001,56.0,,True,876.0,1.0,0.8800000000000001,11,operational,0.6,1.0,0.6,1.0,10,0.6,0.6
0.9726275,0.027372500000000022,0.29500000000000015,0.7049999999999998,44.0,127.0,False,876.0,0.0,1.0,00,operational,0.8,0.2,0.8,0.2,10,0.16000000000000003,0.16000000000000003
0.9724309818865742,0.027569018113425825,0.29500000000000015,0.7049999999999998,44.0,127.0,False,876.0,0.0,1.0,10,operational,0.8,0.2,0.8,0.2,10,0.16000000000000003,0.16000000000000003
0.9707919257407408,0.029208074259259198,0.29500000000000015,0.7049999999999998,44.0,133.0,False,876.0,0.0,1.0,01,operational,0.8,0.2,0.8,0.2,10,0.16000000000000003,0.16000000000000003
0.9705080707649767,0.029491929235023306,0.29500000000000015,0.7049999999999998,44.0,133.0,False,876.0,0.0,1.0,11,operational,0.8,0.2,0.8,0.2,10,0.16000000000000003,0.16000000000000003
0.9726275,0.027372500000000022,0.29500000000000015,0.7049999999999998,44.0,127.0,False,876.0,0.0,1.0,00,operational,0.8,0.4,0.8,0.4,10,0.32000000000000006,0.32000000000000006
0.9706655222222222,0.029334477777777757,0.29500000000000015,0.7049999999999998,44.0,127.0,False,876.0,0.0,1.0,10,operational,0.8,0.4,0.8,0.4,10,0.32000000000000006,0.32000000000000006
0.9681720965288889,0.031827903471111085,0.29500000000000015,0.7049999999999998,44.0,142.0,False,876.0,0.0,1.0,01,operational,0.8,0.4,0.8,0.4,10,0.32000000000000006,0.32000000000000006
0.965120179508289,0.03487982049171101,0.29500000000000015,0.7049999999999998,44.0,144.0,False,876.0,0.0,1.0,11,operational,0.8,0.4,0.8,0.4,10,0.32000000000000006,0.32000000000000006
0.9726275,0.027372500000000022,0.29500000000000015,0.7049999999999998,44.0,127.0,False,876.0,0.0,1.0,00,operational,0.8,0.6,0.8,0.6,10,0.48,0.48
0.9684396722222222,0.03156032777777784,0.3071187500000001,0.6928812499999999,56.0,127.0,False,876.0,0.0,1.0,10,operational,0.8,0.6,0.8,0.6,10,0.48,0.48
0.9635390850801598,0.03646091491984016,0.29500000000000015,0.7049999999999998,44.0,158.0,False,876.0,0.0,1.0,01,operational,0.8,0.6,0.8,0.6,10,0.48,0.48
0.9560582491091871,0.04394175089081287,0.3071187500000001,0.6928812499999999,56.0,163.0,False,876.0,0.0,1.0,11,operational,0.8,0.6,0.8,0.6,10,0.48,0.48
0.9726275,0.027372500000000022,0.29500000000000015,0.7049999999999998,44.0,127.0,False,876.0,0.0,1.0,00,operational,0.8,0.8,0.8,0.8,10,0.6400000000000001,0.6400000000000001
0.9662108222222222,0.03378917777777779,0.3146000000000001,0.6853999999999999,54.0,127.0,False,876.0,0.0,1.0,10,operational,0.8,0.8,0.8,0.8,10,0.6400000000000001,0.6400000000000001
0.9635997753174603,0.03640022468253967,0.29500000000000015,0.7049999999999998,44.0,160.0,False,876.0,0.0,1.0,01,operational,0.8,0.8,0.8,0.8,10,0.6400000000000001,0.6400000000000001
0.921803822396766,0.07819617760323405,0.3146000000000001,0.6853999999999999,54.0,,True,876.0,1.0,0.9550000000000001,11,operational,0.8,0.8,0.8,0.8,10,0.6400000000000001,0.6400000000000001
0.9726275,0.027372500000000022,0.29500000000000015,0.7049999999999998,44.0,127.0,False,876.0,0.0,1.0,00,operational,0.8,1.0,0.8,1.0,10,0.8,0.8
0.9639772430555555,0.036022756944444456,0.3215625,0.6784375,56.0,127.0,False,876.0,0.0,1.0,10,operational,0.8,1.0,0.8,1.0,10,0.8,0.8
0.9647352615740741,0.03526473842592592,0.29500000000000015,0.7049999999999998,44.0,158.0,False,876.0,0.0,1.0,01,operational,0.8,1.0,0.8,1.0,10,0.8,0.8
0.8577215795220681,0.14227842047793193,0.3215625,0.6784375,56.0,,True,876.0,1.0,0.8800000000000001,11,operational,0.8,1.0,0.8,1.0,10,0.8,0.8
0.9726275,0.027372500000000022,0.29500000000000015,0.7049999999999998,44.0,127.0,False,876.0,0.0,1.0,00,operational,1.0,0.2,1.0,0.2,10,0.2,0.2
0.9722820591435185,0.027717940856481493,0.29500000000000015,0.7049999999999998,44.0,127.0,False,876.0,0.0,1.0,10,operational,1.0,0.2,1.0,0.2,10,0.2,0.2
0.9707919257407408,0.029208074259259198,0.29500000000000015,0.7049999999999998,44.0,133.0,False,876.0,0.0,1.0,01,operational,1.0,0.2,1.0,0.2,10,0.2,0.2
0.9703223361881073,0.02967766381189274,0.29500000000000015,0.7049999999999998,44.0,133.0,False,876.0,0.0,1.0,11,operational,1.0,0.2,1.0,0.2,10,0.2,0.2
0.9726275,0.027372500000000022,0.29500000000000015,0.7049999999999998,44.0,127.0,False,876.0,0.0,1.0,00,operational,1.0,0.4,1.0,0.4,10,0.4,0.4
0.9700070777777778,0.029992922222222163,0.29500000000000015,0.7049999999999998,44.0,127.0,False,876.0,0.0,1.0,10,operational,1.0,0.4,1.0,0.4,10,0.4,0.4
0.9681720965288889,0.031827903471111085,0.29500000000000015,0.7049999999999998,44.0,142.0,False,876.0,0.0,1.0,01,operational,1.0,0.4,1.0,0.4,10,0.4,0.4
0.9640697299000385,0.035930270099961525,0.29500000000000015,0.7049999999999998,44.0,145.0,False,876.0,0.0,1.0,11,operational,1.0,0.4,1.0,0.4,10,0.4,0.4
0.9726275,0.027372500000000022,0.29500000000000015,0.7049999999999998,44.0,127.0,False,876.0,0.0,1.0,00,operational,1.0,0.6,1.0,0.6,10,0.6,0.6
0.9672055055555556,0.03279449444444438,0.31680625000000007,0.6831937499999999,56.0,127.0,False,876.0,0.0,1.0,10,operational,1.0,0.6,1.0,0.6,10,0.6,0.6
0.9635390850801598,0.03646091491984016,0.29500000000000015,0.7049999999999998,44.0,158.0,False,876.0,0.0,1.0,01,operational,1.0,0.6,1.0,0.6,10,0.6,0.6
0.953434868341124,0.04656513165887599,0.31680625000000007,0.6831937499999999,56.0,166.0,False,876.0,0.0,1.0,11,operational,1.0,0.6,1.0,0.6,10,0.6,0.6
0.9726275,0.027372500000000022,0.29500000000000015,0.7049999999999998,44.0,127.0,False,876.0,0.0,1.0,00,operational,1.0,0.8,1.0,0.8,10,0.8,0.8
0.9643864888888889,0.03561351111111111,0.3286000000000001,0.6713999999999999,54.0,127.0,False,876.0,0.0,1.0,10,operational,1.0,0.8,1.0,0.8,10,0.8,0.8
0.9635997753174603,0.03640022468253967,0.29500000000000015,0.7049999999999998,44.0,160.0,False,876.0,0.0,1.0,01,operational,1.0,0.8,1.0,0.8,10,0.8,0.8
0.8872246653083987,0.11277533469160128,0.3286000000000001,0.6713999999999999,54.0,,True,876.0,1.0,0.9100000000000001,11,operational,1.0,0.8,1.0,0.8,10,0.8,0.8
0.9726275,0.027372500000000022,0.29500000000000015,0.7049999999999998,44.0,127.0,False,876.0,0.0,1.0,00,operational,1.0,1.0,1.0,1.0,10,1.0,1.0
0.961562763888889,0.03843723611111105,0.34124999999999983,0.6587500000000002,56.0,127.0,False,876.0,0.0,1.0,10,operational,1.0,1.0,1.0,1.0,10,1.0,1.0
0.9647352615740741,0.03526473842592592,0.29500000000000015,0.7049999999999998,44.0,158.0,False,876.0,0.0,1.0,01,operational,1.0,1.0,1.0,1.0,10,1.0,1.0
0.7851136063996832,0.2148863936003168,0.34124999999999983,0.6587500000000002,56.0,,True,876.0,1.0,0.7950000000000002,11,operational,1.0,1.0,1.0,1.0,10,1.0,1.0
0.8271726388888889,0.17282736111111108,0.7174999999999999,0.2825000000000001,44.0,370.0,False,876.0,0.0,1.0,00,operational,0.2,0.2,0.2,0.2,11,0.04000000000000001,0.04000000000000001
0.8265517680555556,0.17344823194444436,0.7174999999999999,0.2825000000000001,44.0,370.0,False,876.0,0.0,1.0,10,operational,0.2,0.2,0.2,0.2,11,0.04000000000000001,0.04000000000000001
0.8234608583333334,0.17653914166666662,0.7174999999999999,0.2825000000000001,44.0,376.0,False,876.0,0.0,1.0,01,operational,0.2,0.2,0.2,0.2,11,0.04000000000000001,0.04000000000000001
0.8228152785282984,0.1771847214717016,0.7174999999999999,0.2825000000000001,44.0,376.0,False,876.0,0.0,1.0,11,operational,0.2,0.2,0.2,0.2,11,0.04000000000000001,0.04000000000000001
0.8271726388888889,0.17282736111111108,0.7174999999999999,0.2825000000000001,44.0,370.0,False,876.0,0.0,1.0,00,operational,0.2,0.4,0.2,0.4,11,0.08000000000000002,0.08000000000000002
0.825860688888889,0.17413931111111103,0.7174999999999999,0.2825000000000001,44.0,370.0,False,876.0,0.0,1.0,10,operational,0.2,0.4,0.2,0.4,11,0.08000000000000002,0.08000000000000002
0.8184114319444443,0.18158856805555568,0.7174999999999999,0.2825000000000001,44.0,383.0,False,876.0,0.0,1.0,01,operational,0.2,0.4,0.2,0.4,11,0.08000000000000002,0.08000000000000002
0.8170061362436584,0.18299386375634163,0.7174999999999999,0.2825000000000001,44.0,383.0,False,876.0,0.0,1.0,11,operational,0.2,0.4,0.2,0.4,11,0.08000000000000002,0.08000000000000002
0.8271726388888889,0.17282736111111108,0.7174999999999999,0.2825000000000001,44.0,370.0,False,876.0,0.0,1.0,00,operational,0.2,0.6,0.2,0.6,11,0.12,0.12
0.8251713805555556,0.1748286194444444,0.7174999999999999,0.2825000000000001,44.0,370.0,False,876.0,0.0,1.0,10,operational,0.2,0.6,0.2,0.6,11,0.12,0.12
0.8106707862847222,0.18932921371527778,0.7174999999999999,0.2825000000000001,44.0,395.0,False,876.0,0.0,1.0,01,operational,0.2,0.6,0.2,0.6,11,0.12,0.12
0.8084398076631742,0.19156019233682575,0.7174999999999999,0.2825000000000001,44.0,395.0,False,876.0,0.0,1.0,11,operational,0.2,0.6,0.2,0.6,11,0.12,0.12
0.8271726388888889,0.17282736111111108,0.7174999999999999,0.2825000000000001,44.0,370.0,False,876.0,0.0,1.0,00,operational,0.2,0.8,0.2,0.8,11,0.16000000000000003,0.16000000000000003
0.8244820722222223,0.17551792777777775,0.7174999999999999,0.2825000000000001,44.0,371.0,False,876.0,0.0,1.0,10,operational,0.2,0.8,0.2,0.8,11,0.16000000000000003,0.16000000000000003
0.8040063666666667,0.1959936333333333,0.7174999999999999,0.2825000000000001,44.0,406.0,False,876.0,0.0,1.0,01,operational,0.2,0.8,0.2,0.8,11,0.16000000000000003,0.16000000000000003
0.8008767321042314,0.19912326789576862,0.7174999999999999,0.2825000000000001,44.0,407.0,False,876.0,0.0,1.0,11,operational,0.2,0.8,0.2,0.8,11,0.16000000000000003,0.16000000000000003
0.8271726388888889,0.17282736111111108,0.7174999999999999,0.2825000000000001,44.0,370.0,False,876.0,0.0,1.0,00,operational,0.2,1.0,0.2,1.0,11,0.2,0.2
0.8237927638888889,0.1762072361111111,0.7174999999999999,0.2825000000000001,44.0,371.0,False,876.0,0.0,1.0,10,operational,0.2,1.0,0.2,1.0,11,0.2,0.2
0.8043619991319444,0.1956380008680556,0.7174999999999999,0.2825000000000001,44.0,410.0,False,876.0,0.0,1.0,01,operational,0.2,1.0,0.2,1.0,11,0.2,0.2
0.8001546809397132,0.1998453190602868,0.7174999999999999,0.2825000000000001,44.0,411.0,False,876.0,0.0,1.0,11,operational,0.2,1.0,0.2,1.0,11,0.2,0.2
0.8271726388888889,0.17282736111111108,0.7174999999999999,0.2825000000000001,44.0,370.0,False,876.0,0.0,1.0,00,operational,0.4,0.2,0.4,0.2,11,0.08000000000000002,0.08000000000000002
0.8240436768518519,0.17595632314814813,0.7174999999999999,0.2825000000000001,44.0,370.0,False,876.0,0.0,1.0,10,operational,0.4,0.2,0.4,0.2,11,0.08000000000000002,0.08000000000000002
0.8221109691696632,0.1778890308303368,0.7174999999999999,0.2825000000000001,44.0,378.0,False,876.0,0.0,1.0,01,operational,0.4,0.2,0.4,0.2,11,0.08000000000000002,0.08000000000000002
0.8186357431769599,0.18136425682304014,0.7174999999999999,0.2825000000000001,44.0,379.0,False,876.0,0.0,1.0,11,operational,0.4,0.2,0.4,0.2,11,0.08000000000000002,0.08000000000000002
0.8271726388888889,0.17282736111111108,0.7174999999999999,0.2825000000000001,44.0,370.0,False,876.0,0.0,1.0,00,operational,0.4,0.4,0.4,0.4,11,0.16000000000000003,0.16000000000000003
0.8202401800925926,0.17975981990740741,0.7444999999999999,0.2555,56.0,370.0,False,876.0,0.0,1.0,10,operational,0.4,0.4,0.4,0.4,11,0.16000000000000003,0.16000000000000003
0.8152362444444444,0.18476375555555558,0.7174999999999999,0.2825000000000001,44.0,390.0,False,876.0,0.0,1.0,01,operational,0.4,0.4,0.4,0.4,11,0.16000000000000003,0.16000000000000003
0.8066507951744238,0.19334920482557616,0.7444999999999999,0.2555,56.0,392.0,False,876.0,0.0,1.0,11,operational,0.4,0.4,0.4,0.4,11,0.16000000000000003,0.16000000000000003
0.8271726388888889,0.17282736111111108,0.7174999999999999,0.2825000000000001,44.0,370.0,False,876.0,0.0,1.0,00,operational,0.4,0.6,0.4,0.6,11,0.24,0.24
0.81639988125,0.18360011875000004,0.758,0.24200000000000005,49.0,370.0,False,876.0,0.0,1.0,10,operational,0.4,0.6,0.4,0.6,11,0.24,0.24
0.8042373906639101,0.1957626093360899,0.7174999999999999,0.2825000000000001,44.0,408.0,False,876.0,0.0,1.0,01,operational,0.4,0.6,0.4,0.6,11,0.24,0.24
0.7879386523655171,0.21206134763448292,0.758,0.24200000000000005,49.0,415.0,False,876.0,0.0,1.0,11,operational,0.4,0.6,0.4,0.6,11,0.24,0.24
0.8271726388888889,0.17282736111111108,0.7174999999999999,0.2825000000000001,44.0,370.0,False,876.0,0.0,1.0,00,operational,0.4,0.8,0.4,0.8,11,0.32000000000000006,0.32000000000000006
0.8125416101851851,0.18745838981481489,0.7715,0.2285,46.0,371.0,False,876.0,0.0,1.0,10,operational,0.4,0.8,0.4,0.8,11,0.32000000000000006,0.32000000000000006
0.7976610551684563,0.2023389448315437,0.7174999999999999,0.2825000000000001,44.0,423.0,False,876.0,0.0,1.0,01,operational,0.4,0.8,0.4,0.8,11,0.32000000000000006,0.32000000000000006
0.7194494881232981,0.2805505118767019,0.7715,0.2285,46.0,,True,876.0,1.0,0.865,11,operational,0.4,0.8,0.4,0.8,11,0.32000000000000006,0.32000000000000006
0.8271726388888889,0.17282736111111108,0.7174999999999999,0.2825000000000001,44.0,370.0,False,876.0,0.0,1.0,00,operational,0.4,1.0,0.4,1.0,11,0.4,0.4
0.8086905543981482,0.1913094456018518,0.7849999999999999,0.21500000000000002,44.0,371.0,False,876.0,0.0,1.0,10,operational,0.4,1.0,0.4,1.0,11,0.4,0.4
0.8009799172552206,0.19902008274477945,0.7174999999999999,0.2825000000000001,44.0,427.0,False,876.0,0.0,1.0,01,operational,0.4,1.0,0.4,1.0,11,0.4,0.4
0.7050886164803464,0.2949113835196536,0.7849999999999999,0.21500000000000002,44.0,,True,876.0,1.0,0.85,11,operational,0.4,1.0,0.4,1.0,11,0.4,0.4
0.8271726388888889,0.17282736111111108,0.7174999999999999,0.2825000000000001,44.0,370.0,False,876.0,0.0,1.0,00,operational,0.6,0.2,0.6,0.2,11,0.12,0.12
0.8240411086082176,0.17595889139178245,0.7174999999999999,0.2825000000000001,44.0,370.0,False,876.0,0.0,1.0,10,operational,0.6,0.2,0.6,0.2,11,0.12,0.12
0.8185319046412036,0.18146809535879638,0.7174999999999999,0.2825000000000001,44.0,385.0,False,876.0,0.0,1.0,01,operational,0.6,0.2,0.6,0.2,11,0.12,0.12
0.8148830810715747,0.1851169189284253,0.7174999999999999,0.2825000000000001,44.0,385.0,False,876.0,0.0,1.0,11,operational,0.6,0.2,0.6,0.2,11,0.12,0.12
0.8271726388888889,0.17282736111111108,0.7174999999999999,0.2825000000000001,44.0,370.0,False,876.0,0.0,1.0,00,operational,0.6,0.4,0.6,0.4,11,0.24,0.24
0.8203943469907408,0.17960565300925924,0.7304999999999999,0.2695,52.0,370.0,False,876.0,0.0,1.0,10,operational,0.6,0.4,0.6,0.4,11,0.24,0.24
0.8070080149089506,0.19299198509104942,0.7174999999999999,0.2825000000000001,44.0,404.0,False,876.0,0.0,1.0,01,operational,0.6,0.4,0.6,0.4,11,0.24,0.24
0.7974040730159825,0.20259592698401752,0.7304999999999999,0.2695,52.0,409.0,False,876.0,0.0,1.0,11,operational,0.6,0.4,0.6,0.4,11,0.24,0.24
0.8271726388888889,0.17282736111111108,0.7174999999999999,0.2825000000000001,44.0,370.0,False,876.0,0.0,1.0,00,operational,0.6,0.6,0.6,0.6,11,0.36,0.36
0.8166913260416666,0.1833086739583334,0.74435,0.25565000000000004,55.0,370.0,False,876.0,0.0,1.0,10,operational,0.6,0.6,0.6,0.6,11,0.36,0.36
0.7893076116763293,0.21069238832367065,0.7174999999999999,0.2825000000000001,44.0,434.0,False,876.0,0.0,1.0,01,operational,0.6,0.6,0.6,0.6,11,0.36,0.36
0.7692398959749446,0.23076010402505542,0.74435,0.25565000000000004,55.0,447.0,False,876.0,0.0,1.0,11,operational,0.6,0.6,0.6,0.6,11,0.36,0.36
0.8271726388888889,0.17282736111111108,0.7174999999999999,0.2825000000000001,44.0,370.0,False,876.0,0.0,1.0,00,operational,0.6,0.8,0.6,0.8,11,0.48,0.48
0.8129295273148149,0.18707047268518506,0.7533,0.2467,50.0,371.0,False,876.0,0.0,1.0,10,operational,0.6,0.8,0.6,0.8,11,0.48,0.48
0.7733448134239808,0.22665518657601924,0.7174999999999999,0.2825000000000001,44.0,465.0,False,876.0,0.0,1.0,01,operational,0.6,0.8,0.6,0.8,11,0.48,0.48
0.6583391901776945,0.3416608098223055,0.7533,0.2467,50.0,,True,876.0,1.0,0.7749999999999999,11,operational,0.6,0.8,0.6,0.8,11,0.48,0.48
0.8271726388888889,0.17282736111111108,0.7174999999999999,0.2825000000000001,44.0,370.0,False,876.0,0.0,1.0,00,operational,0.6,1.0,0.6,1.0,11,0.6,0.6
0.8091487841435185,0.19085121585648146,0.76225,0.23775000000000004,47.0,371.0,False,876.0,0.0,1.0,10,operational,0.6,1.0,0.6,1.0,11,0.6,0.6
0.7779614797946217,0.2220385202053783,0.7174999999999999,0.2825000000000001,44.0,476.0,False,876.0,0.0,1.0,01,operational,0.6,1.0,0.6,1.0,11,0.6,0.6
0.6139097835412729,0.3860902164587271,0.76225,0.23775000000000004,47.0,,True,876.0,1.0,0.715,11,operational,0.6,1.0,0.6,1.0,11,0.6,0.6
0.8271726388888889,0.17282736111111108,0.7174999999999999,0.2825000000000001,44.0,370.0,False,876.0,0.0,1.0,00,operational,0.8,0.2,0.8,0.2,11,0.16000000000000003,0.16000000000000003
0.8219973979600694,0.17800260203993057,0.7174999999999999,0.2825000000000001,44.0,370.0,False,876.0,0.0,1.0,10,operational,0.8,0.2,0.8,0.2,11,0.16000000000000003,0.16000000000000003
0.8163338338768368,0.18366616612316322,0.7174999999999999,0.2825000000000001,44.0,388.0,False,876.0,0.0,1.0,01,operational,0.8,0.2,0.8,0.2,11,0.16000000000000003,0.16000000000000003
0.8099308046784732,0.19006919532152677,0.7174999999999999,0.2825000000000001,44.0,389.0,False,876.0,0.0,1.0,11,operational,0.8,0.2,0.8,0.2,11,0.16000000000000003,0.16000000000000003
0.8271726388888889,0.17282736111111108,0.7174999999999999,0.2825000000000001,44.0,370.0,False,876.0,0.0,1.0,00,operational,0.8,0.4,0.8,0.4,11,0.32000000000000006,0.32000000000000006
0.8160824934027778,0.18391750659722217,0.7505,0.24950000000000006,56.0,370.0,False,876.0,0.0,1.0,10,operational,0.8,0.4,0.8,0.4,11,0.32000000000000006,0.32000000000000006
0.8016906241234062,0.1983093758765938,0.7174999999999999,0.2825000000000001,44.0,412.0,False,876.0,0.0,1.0,01,operational,0.8,0.4,0.8,0.4,11,0.32000000000000006,0.32000000000000006
0.7847030607952522,0.2152969392047478,0.7505,0.24950000000000006,56.0,420.0,False,876.0,0.0,1.0,11,operational,0.8,0.4,0.8,0.4,11,0.32000000000000006,0.32000000000000006
0.8271726388888889,0.17282736111111108,0.7174999999999999,0.2825000000000001,44.0,370.0,False,876.0,0.0,1.0,00,operational,0.8,0.6,0.8,0.6,11,0.48,0.48
0.8101496428819446,0.18985035711805542,0.7669999999999999,0.2330000000000001,49.0,370.0,False,876.0,0.0,1.0,10,operational,0.8,0.6,0.8,0.6,11,0.48,0.48
0.7783926035951668,0.22160739640483318,0.7174999999999999,0.2825000000000001,44.0,450.0,False,876.0,0.0,1.0,01,operational,0.8,0.6,0.8,0.6,11,0.48,0.48
0.7423582878184102,0.2576417121815898,0.7669999999999999,0.2330000000000001,49.0,474.0,False,876.0,0.0,1.0,11,operational,0.8,0.6,0.8,0.6,11,0.48,0.48
0.8271726388888889,0.17282736111111108,0.7174999999999999,0.2825000000000001,44.0,370.0,False,876.0,0.0,1.0,00,operational,0.8,0.8,0.8,0.8,11,0.6400000000000001,0.6400000000000001
0.8041896812499999,0.1958103187500001,0.7835000000000001,0.21649999999999997,46.0,370.0,False,876.0,0.0,1.0,10,operational,0.8,0.8,0.8,0.8,11,0.6400000000000001,0.6400000000000001
0.7642627773478836,0.23573722265211638,0.7174999999999999,0.2825000000000001,44.0,480.0,False,876.0,0.0,1.0,01,operational,0.8,0.8,0.8,0.8,11,0.6400000000000001,0.6400000000000001
0.494805801993853,0.505194198006147,0.7835000000000001,0.21649999999999997,46.0,,True,876.0,1.0,0.5499999999999998,11,operational,0.8,0.8,0.8,0.8,11,0.6400000000000001,0.6400000000000001
0.8271726388888889,0.17282736111111108,0.7174999999999999,0.2825000000000001,44.0,370.0,False,876.0,0.0,1.0,00,operational,0.8,1.0,0.8,1.0,11,0.8,0.8
0.7981761640625,0.20182383593749997,0.8,0.2,44.0,370.0,False,876.0,0.0,1.0,10,operational,0.8,1.0,0.8,1.0,11,0.8,0.8
0.7680622002893518,0.2319377997106482,0.7174999999999999,0.2825000000000001,44.0,490.0,False,876.0,0.0,1.0,01,operational,0.8,1.0,0.8,1.0,11,0.8,0.8
0.450400293908179,0.549599706091821,0.8,0.2,44.0,,True,876.0,1.0,0.5,11,operational,0.8,1.0,0.8,1.0,11,0.8,0.8
0.8271726388888889,0.17282736111111108,0.7174999999999999,0.2825000000000001,44.0,370.0,False,876.0,0.0,1.0,00,operational,1.0,0.2,1.0,0.2,11,0.2,0.2
0.8203768862702547,0.17962311372974527,0.7174999999999999,0.2825000000000001,44.0,370.0,False,876.0,0.0,1.0,10,operational,1.0,0.2,1.0,0.2,11,0.2,0.2
0.813589987070882,0.18641001292911796,0.7174999999999999,0.2825000000000001,44.0,392.0,False,876.0,0.0,1.0,01,operational,1.0,0.2,1.0,0.2,11,0.2,0.2
0.8047400641580293,0.19525993584197066,0.7174999999999999,0.2825000000000001,44.0,394.0,False,876.0,0.0,1.0,11,operational,1.0,0.2,1.0,0.2,11,0.2,0.2
0.8271726388888889,0.17282736111111108,0.7174999999999999,0.2825000000000001,44.0,370.0,False,876.0,0.0,1.0,00,operational,1.0,0.4,1.0,0.4,11,0.4,0.4
0.8123940012731482,0.1876059987268518,0.7605,0.2395,56.0,370.0,False,876.0,0.0,1.0,10,operational,1.0,0.4,1.0,0.4,11,0.4,0.4
0.7953396023337888,0.20466039766621125,0.7174999999999999,0.2825000000000001,44.0,422.0,False,876.0,0.0,1.0,01,operational,1.0,0.4,1.0,0.4,11,0.4,0.4
0.7701794395884392,0.22982056041156085,0.7605,0.2395,56.0,435.0,False,876.0,0.0,1.0,11,operational,1.0,0.4,1.0,0.4,11,0.4,0.4
0.8271726388888889,0.17282736111111108,0.7174999999999999,0.2825000000000001,44.0,370.0,False,876.0,0.0,1.0,00,operational,1.0,0.6,1.0,0.6,11,0.6,0.6
0.8043495088541667,0.19565049114583333,0.78935,0.21065000000000006,55.0,370.0,False,876.0,0.0,1.0,10,operational,1.0,0.6,1.0,0.6,11,0.6,0.6
0.766661081475584,0.23333891852441602,0.7174999999999999,0.2825000000000001,44.0,469.0,False,876.0,0.0,1.0,01,operational,1.0,0.6,1.0,0.6,11,0.6,0.6
0.7102931934457839,0.2897068065542161,0.78935,0.21065000000000006,55.0,510.0,False,876.0,0.0,1.0,11,operational,1.0,0.6,1.0,0.6,11,0.6,0.6
0.8271726388888889,0.17282736111111108,0.7174999999999999,0.2825000000000001,44.0,370.0,False,876.0,0.0,1.0,00,operational,1.0,0.8,1.0,0.8,11,0.8,0.8
0.7962530303240741,0.20374696967592587,0.8133000000000001,0.18669999999999992,50.0,371.0,False,876.0,0.0,1.0,10,operational,1.0,0.8,1.0,0.8,11,0.8,0.8
0.745540187297697,0.254459812702303,0.7174999999999999,0.2825000000000001,44.0,510.0,False,876.0,0.0,1.0,01,operational,1.0,0.8,1.0,0.8,11,0.8,0.8
0.3155618121014389,0.684438187898561,0.8133000000000001,0.18669999999999992,50.0,,True,876.0,1.0,0.32499999999999984,11,operational,1.0,0.8,1.0,0.8,11,0.8,0.8
0.8271726388888889,0.17282736111111108,0.7174999999999999,0.2825000000000001,44.0,370.0,False,876.0,0.0,1.0,00,operational,1.0,1.0,1.0,1.0,11,1.0,1.0
0.7881142045717593,0.2118857954282407,0.83725,0.16275,47.0,371.0,False,876.0,0.0,1.0,10,operational,1.0,1.0,1.0,1.0,11,1.0,1.0
0.7489359890046298,0.25106401099537023,0.7174999999999999,0.2825000000000001,44.0,524.0,False,876.0,0.0,1.0,01,operational,1.0,1.0,1.0,1.0,11,1.0,1.0
0.21776043681062296,0.782239563189377,0.83725,0.16275,47.0,,True,876.0,1.0,0.215,11,operational,1.0,1.0,1.0,1.0,11,1.0,1.0
0.9214294444444444,0.07857055555555559,0.5425,0.4575,44.0,219.0,False,876.0,0.0,1.0,00,operational,0.2,0.2,0.2,0.2,12,0.04000000000000001,0.04000000000000001
0.9207957361111111,0.0792042638888889,0.5425,0.4575,44.0,219.0,False,876.0,0.0,1.0,10,operational,0.2,0.2,0.2,0.2,12,0.04000000000000001,0.04000000000000001
0.921260612654321,0.07873938734567898,0.5425,0.4575,44.0,220.0,False,876.0,0.0,1.0,01,operational,0.2,0.2,0.2,0.2,12,0.04000000000000001,0.04000000000000001
0.9206188145251503,0.07938118547484974,0.5425,0.4575,44.0,220.0,False,876.0,0.0,1.0,11,operational,0.2,0.2,0.2,0.2,12,0.04000000000000001,0.04000000000000001
0.9214294444444444,0.07857055555555559,0.5425,0.4575,44.0,219.0,False,876.0,0.0,1.0,00,operational,0.2,0.4,0.2,0.4,12,0.08000000000000002,0.08000000000000002
0.9197166666666666,0.08028333333333337,0.5525,0.44749999999999995,55.0,219.0,False,876.0,0.0,1.0,10,operational,0.2,0.4,0.2,0.4,12,0.08000000000000002,0.08000000000000002
0.9210706012345679,0.07892939876543215,0.5425,0.4575,44.0,221.0,False,876.0,0.0,1.0,01,operational,0.2,0.4,0.2,0.4,12,0.08000000000000002,0.08000000000000002
0.9193280200527516,0.0806719799472484,0.5525,0.44749999999999995,55.0,221.0,False,876.0,0.0,1.0,11,operational,0.2,0.4,0.2,0.4,12,0.08000000000000002,0.08000000000000002
0.9214294444444444,0.07857055555555559,0.5425,0.4575,44.0,219.0,False,876.0,0.0,1.0,00,operational,0.2,0.6,0.2,0.6,12,0.12,0.12
0.91863325,0.08136675000000004,0.5575,0.4425,48.0,219.0,False,876.0,0.0,1.0,10,operational,0.2,0.6,0.2,0.6,12,0.12,0.12
0.9208056712962962,0.0791943287037038,0.5425,0.4575,44.0,221.0,False,876.0,0.0,1.0,01,operational,0.2,0.6,0.2,0.6,12,0.12,0.12
0.9179281256567295,0.08207187434327046,0.5575,0.4425,48.0,222.0,False,876.0,0.0,1.0,11,operational,0.2,0.6,0.2,0.6,12,0.12,0.12
0.9214294444444444,0.07857055555555559,0.5425,0.4575,44.0,219.0,False,876.0,0.0,1.0,00,operational,0.2,0.8,0.2,0.8,12,0.16000000000000003,0.16000000000000003
0.9175596944444444,0.08244030555555559,0.5625,0.4375,45.0,220.0,False,876.0,0.0,1.0,10,operational,0.2,0.8,0.2,0.8,12,0.16000000000000003,0.16000000000000003
0.9204604580246912,0.07953954197530877,0.5425,0.4575,44.0,222.0,False,876.0,0.0,1.0,01,operational,0.2,0.8,0.2,0.8,12,0.16000000000000003,0.16000000000000003
0.9164368736793992,0.08356312632060081,0.5625,0.4375,45.0,223.0,False,876.0,0.0,1.0,11,operational,0.2,0.8,0.2,0.8,12,0.16000000000000003,0.16000000000000003
0.9214294444444444,0.07857055555555559,0.5425,0.4575,44.0,219.0,False,876.0,0.0,1.0,00,operational,0.2,1.0,0.2,1.0,12,0.2,0.2
0.9164726736111112,0.08352732638888882,0.5675,0.4325,44.0,220.0,False,876.0,0.0,1.0,10,operational,0.2,1.0,0.2,1.0,12,0.2,0.2
0.9201337314814815,0.07986626851851852,0.5425,0.4575,44.0,223.0,False,876.0,0.0,1.0,01,operational,0.2,1.0,0.2,1.0,12,0.2,0.2
0.9149716169617284,0.08502838303827165,0.5675,0.4325,44.0,224.0,False,876.0,0.0,1.0,11,operational,0.2,1.0,0.2,1.0,12,0.2,0.2
0.9214294444444444,0.07857055555555559,0.5425,0.4575,44.0,219.0,False,876.0,0.0,1.0,00,operational,0.4,0.2,0.4,0.2,12,0.08000000000000002,0.08000000000000002
0.9195696495563273,0.08043035044367275,0.5425,0.4575,44.0,219.0,False,876.0,0.0,1.0,10,operational,0.4,0.2,0.4,0.2,12,0.08000000000000002,0.08000000000000002
0.9202007052469136,0.07979929475308645,0.5425,0.4575,44.0,222.0,False,876.0,0.0,1.0,01,operational,0.4,0.2,0.4,0.2,12,0.08000000000000002,0.08000000000000002
0.9181671165310602,0.0818328834689398,0.5425,0.4575,44.0,223.0,False,876.0,0.0,1.0,11,operational,0.4,0.2,0.4,0.2,12,0.08000000000000002,0.08000000000000002
0.9214294444444444,0.07857055555555559,0.5425,0.4575,44.0,219.0,False,876.0,0.0,1.0,00,operational,0.4,0.4,0.4,0.4,12,0.16000000000000003,0.16000000000000003
0.9165234987654322,0.08347650123456785,0.5625,0.4375,56.0,220.0,False,876.0,0.0,1.0,10,operational,0.4,0.4,0.4,0.4,12,0.16000000000000003,0.16000000000000003
0.918476438271605,0.08152356172839503,0.5425,0.4575,44.0,226.0,False,876.0,0.0,1.0,01,operational,0.4,0.4,0.4,0.4,12,0.16000000000000003,0.16000000000000003
0.9125877423423182,0.08741225765768179,0.5625,0.4375,56.0,229.0,False,876.0,0.0,1.0,11,operational,0.4,0.4,0.4,0.4,12,0.16000000000000003,0.16000000000000003
0.9214294444444444,0.07857055555555559,0.5425,0.4575,44.0,219.0,False,876.0,0.0,1.0,00,operational,0.4,0.6,0.4,0.6,12,0.24,0.24
0.913476963425926,0.08652303657407401,0.59271875,0.40728125000000004,56.0,220.0,False,876.0,0.0,1.0,10,operational,0.4,0.6,0.4,0.6,12,0.24,0.24
0.915852875,0.08414712499999999,0.5425,0.4575,44.0,232.0,False,876.0,0.0,1.0,01,operational,0.4,0.6,0.4,0.6,12,0.24,0.24
0.9050626911050521,0.09493730889494789,0.59271875,0.40728125000000004,56.0,237.0,False,876.0,0.0,1.0,11,operational,0.4,0.6,0.4,0.6,12,0.24,0.24
0.9214294444444444,0.07857055555555559,0.5425,0.4575,44.0,219.0,False,876.0,0.0,1.0,00,operational,0.4,0.8,0.4,0.8,12,0.32000000000000006,0.32000000000000006
0.9104488586419753,0.08955114135802467,0.6147,0.3853,54.0,220.0,False,876.0,0.0,1.0,10,operational,0.4,0.8,0.4,0.8,12,0.32000000000000006,0.32000000000000006
0.9142040459876544,0.08579595401234563,0.5425,0.4575,44.0,236.0,False,876.0,0.0,1.0,01,operational,0.4,0.8,0.4,0.8,12,0.32000000000000006,0.32000000000000006
0.86946903819328,0.13053096180671997,0.6147,0.3853,54.0,,True,876.0,1.0,0.9550000000000001,11,operational,0.4,0.8,0.4,0.8,12,0.32000000000000006,0.32000000000000006
0.9214294444444444,0.07857055555555559,0.5425,0.4575,44.0,219.0,False,876.0,0.0,1.0,00,operational,0.4,1.0,0.4,1.0,12,0.4,0.4
0.9073908649691358,0.09260913503086421,0.6327499999999999,0.36725,51.0,220.0,False,876.0,0.0,1.0,10,operational,0.4,1.0,0.4,1.0,12,0.4,0.4
0.9144337638888889,0.08556623611111114,0.5425,0.4575,44.0,237.0,False,876.0,0.0,1.0,01,operational,0.4,1.0,0.4,1.0,12,0.4,0.4
0.7839457342574074,0.21605426574259257,0.6327499999999999,0.36725,51.0,,True,876.0,1.0,0.8450000000000001,11,operational,0.4,1.0,0.4,1.0,12,0.4,0.4
0.9214294444444444,0.07857055555555559,0.5425,0.4575,44.0,219.0,False,876.0,0.0,1.0,00,operational,0.6,0.2,0.6,0.2,12,0.12,0.12
0.9191587277199074,0.08084127228009264,0.5425,0.4575,44.0,219.0,False,876.0,0.0,1.0,10,operational,0.6,0.2,0.6,0.2,12,0.12,0.12
0.9204745373456791,0.07952546265432092,0.5425,0.4575,44.0,222.0,False,876.0,0.0,1.0,01,operational,0.6,0.2,0.6,0.2,12,0.12,0.12
0.9180757762996056,0.08192422370039443,0.5425,0.4575,44.0,223.0,False,876.0,0.0,1.0,11,operational,0.6,0.2,0.6,0.2,12,0.12,0.12
0.9214294444444444,0.07857055555555559,0.5425,0.4575,44.0,219.0,False,876.0,0.0,1.0,00,operational,0.6,0.4,0.6,0.4,12,0.24,0.24
0.9154341759259258,0.0845658240740742,0.5498625,0.45013749999999997,56.0,220.0,False,876.0,0.0,1.0,10,operational,0.6,0.4,0.6,0.4,12,0.24,0.24
0.9192068722469136,0.08079312775308645,0.5425,0.4575,44.0,225.0,False,876.0,0.0,1.0,01,operational,0.6,0.4,0.6,0.4,12,0.24,0.24
0.9122722315253307,0.08772776847466934,0.5498625,0.45013749999999997,56.0,228.0,False,876.0,0.0,1.0,11,operational,0.6,0.4,0.6,0.4,12,0.24,0.24
0.9214294444444444,0.07857055555555559,0.5425,0.4575,44.0,219.0,False,876.0,0.0,1.0,00,operational,0.6,0.6,0.6,0.6,12,0.36,0.36
0.9117024097222222,0.08829759027777784,0.5987750000000001,0.401225,56.0,220.0,False,876.0,0.0,1.0,10,operational,0.6,0.6,0.6,0.6,12,0.36,0.36
0.9173856194444444,0.08261438055555559,0.5425,0.4575,44.0,229.0,False,876.0,0.0,1.0,01,operational,0.6,0.6,0.6,0.6,12,0.36,0.36
0.905017487471195,0.09498251252880496,0.5987750000000001,0.401225,56.0,235.0,False,876.0,0.0,1.0,11,operational,0.6,0.6,0.6,0.6,12,0.36,0.36
0.9214294444444444,0.07857055555555559,0.5425,0.4575,44.0,219.0,False,876.0,0.0,1.0,00,operational,0.6,0.8,0.6,0.8,12,0.48,0.48
0.9079549907407407,0.09204500925925929,0.6231000000000001,0.3768999999999999,54.0,220.0,False,876.0,0.0,1.0,10,operational,0.6,0.8,0.6,0.8,12,0.48,0.48
0.9159296755757858,0.08407032442421425,0.5425,0.4575,44.0,233.0,False,876.0,0.0,1.0,01,operational,0.6,0.8,0.6,0.8,12,0.48,0.48
0.8974309015410878,0.10256909845891216,0.6231000000000001,0.3768999999999999,54.0,245.0,False,876.0,0.0,1.0,11,operational,0.6,0.8,0.6,0.8,12,0.48,0.48
0.9214294444444444,0.07857055555555559,0.5425,0.4575,44.0,219.0,False,876.0,0.0,1.0,00,operational,0.6,1.0,0.6,1.0,12,0.6,0.6
0.9041923148148148,0.09580768518518523,0.64325,0.35675,51.0,221.0,False,876.0,0.0,1.0,10,operational,0.6,1.0,0.6,1.0,12,0.6,0.6
0.9154053148148148,0.0845946851851852,0.5425,0.4575,44.0,236.0,False,876.0,0.0,1.0,01,operational,0.6,1.0,0.6,1.0,12,0.6,0.6
0.7650109718259258,0.2349890281740742,0.64325,0.35675,51.0,,True,876.0,1.0,0.825,11,operational,0.6,1.0,0.6,1.0,12,0.6,0.6
0.9214294444444444,0.07857055555555559,0.5425,0.4575,44.0,219.0,False,876.0,0.0,1.0,00,operational,0.8,0.2,0.8,0.2,12,0.16000000000000003,0.16000000000000003
0.9185736553240741,0.08142634467592591,0.5425,0.4575,44.0,219.0,False,876.0,0.0,1.0,10,operational,0.8,0.2,0.8,0.2,12,0.16000000000000003,0.16000000000000003
0.9173609708979982,0.08263902910200183,0.5425,0.4575,44.0,228.0,False,876.0,0.0,1.0,01,operational,0.8,0.2,0.8,0.2,12,0.16000000000000003,0.16000000000000003
0.9138119153092544,0.08618808469074557,0.5425,0.4575,44.0,229.0,False,876.0,0.0,1.0,11,operational,0.8,0.2,0.8,0.2,12,0.16000000000000003,0.16000000000000003
0.9214294444444444,0.07857055555555559,0.5425,0.4575,44.0,219.0,False,876.0,0.0,1.0,00,operational,0.8,0.4,0.8,0.4,12,0.32000000000000006,0.32000000000000006
0.9142223592592592,0.08577764074074079,0.5626125,0.4373875,56.0,220.0,False,876.0,0.0,1.0,10,operational,0.8,0.4,0.8,0.4,12,0.32000000000000006,0.32000000000000006
0.9121056486111111,0.0878943513888889,0.5425,0.4575,44.0,239.0,False,876.0,0.0,1.0,01,operational,0.8,0.4,0.8,0.4,12,0.32000000000000006,0.32000000000000006
0.9010737655391426,0.09892623446085735,0.5626125,0.4373875,56.0,246.0,False,876.0,0.0,1.0,11,operational,0.8,0.4,0.8,0.4,12,0.32000000000000006,0.32000000000000006
0.9214294444444444,0.07857055555555559,0.5425,0.4575,44.0,219.0,False,876.0,0.0,1.0,00,operational,0.8,0.6,0.8,0.6,12,0.48,0.48
0.9098731083333333,0.09012689166666665,0.604925,0.39507499999999995,56.0,220.0,False,876.0,0.0,1.0,10,operational,0.8,0.6,0.8,0.6,12,0.48,0.48
0.9042970177760488,0.09570298222395124,0.5425,0.4575,44.0,255.0,False,876.0,0.0,1.0,01,operational,0.8,0.6,0.8,0.6,12,0.48,0.48
0.8813948602142254,0.11860513978577458,0.604925,0.39507499999999995,56.0,272.0,False,876.0,0.0,1.0,11,operational,0.8,0.6,0.8,0.6,12,0.48,0.48
0.9214294444444444,0.07857055555555559,0.5425,0.4575,44.0,219.0,False,876.0,0.0,1.0,00,operational,0.8,0.8,0.8,0.8,12,0.6400000000000001,0.6400000000000001
0.9055266907407408,0.09447330925925923,0.6329,0.3670999999999999,54.0,220.0,False,876.0,0.0,1.0,10,operational,0.8,0.8,0.8,0.8,12,0.6400000000000001,0.6400000000000001
0.89474259395679,0.10525740604320999,0.5425,0.4575,44.0,274.0,False,876.0,0.0,1.0,01,operational,0.8,0.8,0.8,0.8,12,0.6400000000000001,0.6400000000000001
0.719241232674017,0.28075876732598304,0.6329,0.3670999999999999,54.0,,True,876.0,1.0,0.7749999999999999,11,operational,0.8,0.8,0.8,0.8,12,0.6400000000000001,0.6400000000000001
0.9214294444444444,0.07857055555555559,0.5425,0.4575,44.0,219.0,False,876.0,0.0,1.0,00,operational,0.8,1.0,0.8,1.0,12,0.8,0.8
0.901149474537037,0.09885052546296302,0.6555,0.3445,51.0,221.0,False,876.0,0.0,1.0,10,operational,0.8,1.0,0.8,1.0,12,0.8,0.8
0.894911274691358,0.105088725308642,0.5425,0.4575,44.0,283.0,False,876.0,0.0,1.0,01,operational,0.8,1.0,0.8,1.0,12,0.8,0.8
0.5553735891203705,0.4446264108796295,0.6555,0.3445,51.0,,True,876.0,1.0,0.5750000000000001,11,operational,0.8,1.0,0.8,1.0,12,0.8,0.8
0.9214294444444444,0.07857055555555559,0.5425,0.4575,44.0,219.0,False,876.0,0.0,1.0,00,operational,1.0,0.2,1.0,0.2,12,0.2,0.2
0.9176265670717592,0.08237343292824084,0.5425,0.4575,44.0,220.0,False,876.0,0.0,1.0,10,operational,1.0,0.2,1.0,0.2,12,0.2,0.2
0.9171501917313315,0.0828498082686685,0.5425,0.4575,44.0,229.0,False,876.0,0.0,1.0,01,operational,1.0,0.2,1.0,0.2,12,0.2,0.2
0.912436460637229,0.08756353936277095,0.5425,0.4575,44.0,231.0,False,876.0,0.0,1.0,11,operational,1.0,0.2,1.0,0.2,12,0.2,0.2
0.9214294444444444,0.07857055555555559,0.5425,0.4575,44.0,219.0,False,876.0,0.0,1.0,00,operational,1.0,0.4,1.0,0.4,12,0.4,0.4
0.9115891462962962,0.08841085370370383,0.5668625,0.43313749999999995,56.0,220.0,False,876.0,0.0,1.0,10,operational,1.0,0.4,1.0,0.4,12,0.4,0.4
0.9116109432962963,0.08838905670370367,0.5425,0.4575,44.0,240.0,False,876.0,0.0,1.0,01,operational,1.0,0.4,1.0,0.4,12,0.4,0.4
0.8962654711744356,0.10373452882556444,0.5668625,0.43313749999999995,56.0,250.0,False,876.0,0.0,1.0,11,operational,1.0,0.4,1.0,0.4,12,0.4,0.4
0.9214294444444444,0.07857055555555559,0.5425,0.4575,44.0,219.0,False,876.0,0.0,1.0,00,operational,1.0,0.6,1.0,0.6,12,0.6,0.6
0.9055509347222223,0.09444906527777774,0.6296125,0.3703875,56.0,221.0,False,876.0,0.0,1.0,10,operational,1.0,0.6,1.0,0.6,12,0.6,0.6
0.9035151319185107,0.09648486808148926,0.5425,0.4575,44.0,257.0,False,876.0,0.0,1.0,01,operational,1.0,0.6,1.0,0.6,12,0.6,0.6
0.870796994977861,0.129203005022139,0.6296125,0.3703875,56.0,283.0,False,876.0,0.0,1.0,11,operational,1.0,0.6,1.0,0.6,12,0.6,0.6
0.9214294444444444,0.07857055555555559,0.5425,0.4575,44.0,219.0,False,876.0,0.0,1.0,00,operational,1.0,0.8,1.0,0.8,12,0.8,0.8
0.8995115703703704,0.10048842962962956,0.6669,0.3330999999999999,54.0,221.0,False,876.0,0.0,1.0,10,operational,1.0,0.8,1.0,0.8,12,0.8,0.8
0.8936096209850607,0.1063903790149393,0.5425,0.4575,44.0,278.0,False,876.0,0.0,1.0,01,operational,1.0,0.8,1.0,0.8,12,0.8,0.8
0.6823512829229058,0.3176487170770942,0.6669,0.3330999999999999,54.0,,True,876.0,1.0,0.7299999999999999,11,operational,1.0,0.8,1.0,0.8,12,0.8,0.8
0.9214294444444444,0.07857055555555559,0.5425,0.4575,44.0,219.0,False,876.0,0.0,1.0,00,operational,1.0,1.0,1.0,1.0,12,1.0,1.0
0.8934322407407408,0.10656775925925921,0.698,0.302,51.0,221.0,False,876.0,0.0,1.0,10,operational,1.0,1.0,1.0,1.0,12,1.0,1.0
0.8932145850242973,0.10678541497570271,0.5425,0.4575,44.0,288.0,False,876.0,0.0,1.0,01,operational,1.0,1.0,1.0,1.0,12,1.0,1.0
0.38915549759259266,0.6108445024074074,0.698,0.302,51.0,,True,876.0,1.0,0.3850000000000001,11,operational,1.0,1.0,1.0,1.0,12,1.0,1.0
0.8690199999999999,0.1309800000000001,0.6625000000000001,0.33749999999999997,44.0,301.0,False,876.0,0.0,1.0,00,operational,0.2,0.2,0.2,0.2,13,0.04000000000000001,0.04000000000000001
0.8676028009259259,0.1323971990740741,0.6625000000000001,0.33749999999999997,44.0,301.0,False,876.0,0.0,1.0,10,operational,0.2,0.2,0.2,0.2,13,0.04000000000000001,0.04000000000000001
0.8670573494015178,0.1329426505984822,0.6625000000000001,0.33749999999999997,44.0,304.0,False,876.0,0.0,1.0,01,operational,0.2,0.2,0.2,0.2,13,0.04000000000000001,0.04000000000000001
0.8655755374728074,0.13442446252719265,0.6625000000000001,0.33749999999999997,44.0,304.0,False,876.0,0.0,1.0,11,operational,0.2,0.2,0.2,0.2,13,0.04000000000000001,0.04000000000000001
0.8690199999999999,0.1309800000000001,0.6625000000000001,0.33749999999999997,44.0,301.0,False,876.0,0.0,1.0,00,operational,0.2,0.4,0.2,0.4,13,0.08000000000000002,0.08000000000000002
0.8658300462962962,0.13416995370370377,0.6755000000000001,0.3244999999999999,56.0,301.0,False,876.0,0.0,1.0,10,operational,0.2,0.4,0.2,0.4,13,0.08000000000000002,0.08000000000000002
0.8646044444444444,0.1353955555555556,0.6625000000000001,0.33749999999999997,44.0,309.0,False,876.0,0.0,1.0,01,operational,0.2,0.4,0.2,0.4,13,0.08000000000000002,0.08000000000000002
0.8611634936930725,0.13883650630692745,0.6755000000000001,0.3244999999999999,56.0,309.0,False,876.0,0.0,1.0,11,operational,0.2,0.4,0.2,0.4,13,0.08000000000000002,0.08000000000000002
0.8690199999999999,0.1309800000000001,0.6625000000000001,0.33749999999999997,44.0,301.0,False,876.0,0.0,1.0,00,operational,0.2,0.6,0.2,0.6,13,0.12,0.12
0.8640603194444445,0.1359396805555555,0.6851500000000001,0.3148499999999999,54.0,301.0,False,876.0,0.0,1.0,10,operational,0.2,0.6,0.2,0.6,13,0.12,0.12
0.8612104074074073,0.13878959259259271,0.6625000000000001,0.33749999999999997,44.0,315.0,False,876.0,0.0,1.0,01,operational,0.2,0.6,0.2,0.6,13,0.12,0.12
0.8555708868628908,0.14442911313710916,0.6851500000000001,0.3148499999999999,54.0,316.0,False,876.0,0.0,1.0,11,operational,0.2,0.6,0.2,0.6,13,0.12,0.12
0.8690199999999999,0.1309800000000001,0.6625000000000001,0.33749999999999997,44.0,301.0,False,876.0,0.0,1.0,00,operational,0.2,0.8,0.2,0.8,13,0.16000000000000003,0.16000000000000003
0.8623064814814815,0.13769351851851852,0.6927000000000001,0.30729999999999996,49.0,301.0,False,876.0,0.0,1.0,10,operational,0.2,0.8,0.2,0.8,13,0.16000000000000003,0.16000000000000003
0.8562354412443144,0.1437645587556856,0.6625000000000001,0.33749999999999997,44.0,324.0,False,876.0,0.0,1.0,01,operational,0.2,0.8,0.2,0.8,13,0.16000000000000003,0.16000000000000003
0.848302551377739,0.15169744862226098,0.6927000000000001,0.30729999999999996,49.0,326.0,False,876.0,0.0,1.0,11,operational,0.2,0.8,0.2,0.8,13,0.16000000000000003,0.16000000000000003
0.8690199999999999,0.1309800000000001,0.6625000000000001,0.33749999999999997,44.0,301.0,False,876.0,0.0,1.0,00,operational,0.2,1.0,0.2,1.0,13,0.2,0.2
0.8605233101851851,0.13947668981481487,0.70025,0.2997499999999999,46.0,301.0,False,876.0,0.0,1.0,10,operational,0.2,1.0,0.2,1.0,13,0.2,0.2
0.8565189737654321,0.14348102623456793,0.6625000000000001,0.33749999999999997,44.0,330.0,False,876.0,0.0,1.0,01,operational,0.2,1.0,0.2,1.0,13,0.2,0.2
0.8254551967592592,0.17454480324074084,0.70025,0.2997499999999999,46.0,,True,876.0,1.0,0.9649999999999999,11,operational,0.2,1.0,0.2,1.0,13,0.2,0.2
0.8690199999999999,0.1309800000000001,0.6625000000000001,0.33749999999999997,44.0,301.0,False,876.0,0.0,1.0,00,operational,0.4,0.2,0.4,0.2,13,0.08000000000000002,0.08000000000000002
0.8667895740162036,0.1332104259837964,0.6625000000000001,0.33749999999999997,44.0,301.0,False,876.0,0.0,1.0,10,operational,0.4,0.2,0.4,0.2,13,0.08000000000000002,0.08000000000000002
0.8650759270833333,0.13492407291666675,0.6625000000000001,0.33749999999999997,44.0,308.0,False,876.0,0.0,1.0,01,operational,0.4,0.2,0.4,0.2,13,0.08000000000000002,0.08000000000000002
0.8625528097656916,0.1374471902343084,0.6625000000000001,0.33749999999999997,44.0,308.0,False,876.0,0.0,1.0,11,operational,0.4,0.2,0.4,0.2,13,0.08000000000000002,0.08000000000000002
0.8690199999999999,0.1309800000000001,0.6625000000000001,0.33749999999999997,44.0,301.0,False,876.0,0.0,1.0,00,operational,0.4,0.4,0.4,0.4,13,0.16000000000000003,0.16000000000000003
0.8640663355324073,0.1359336644675927,0.6628750000000001,0.33712499999999995,56.0,301.0,False,876.0,0.0,1.0,10,operational,0.4,0.4,0.4,0.4,13,0.16000000000000003,0.16000000000000003
0.8600529722222222,0.1399470277777778,0.6625000000000001,0.33749999999999997,44.0,317.0,False,876.0,0.0,1.0,01,operational,0.4,0.4,0.4,0.4,13,0.16000000000000003,0.16000000000000003
0.8538728421870807,0.1461271578129193,0.6628750000000001,0.33712499999999995,56.0,319.0,False,876.0,0.0,1.0,11,operational,0.4,0.4,0.4,0.4,13,0.16000000000000003,0.16000000000000003
0.8690199999999999,0.1309800000000001,0.6625000000000001,0.33749999999999997,44.0,301.0,False,876.0,0.0,1.0,00,operational,0.4,0.6,0.4,0.6,13,0.24,0.24
0.8613638930555555,0.1386361069444445,0.6732750000000001,0.32672499999999993,56.0,301.0,False,876.0,0.0,1.0,10,operational,0.4,0.6,0.4,0.6,13,0.24,0.24
0.8530630836226851,0.14693691637731487,0.6625000000000001,0.33749999999999997,44.0,329.0,False,876.0,0.0,1.0,01,operational,0.4,0.6,0.4,0.6,13,0.24,0.24
0.8418257712443566,0.15817422875564335,0.6732750000000001,0.32672499999999993,56.0,335.0,False,876.0,0.0,1.0,11,operational,0.4,0.6,0.4,0.6,13,0.24,0.24
0.8690199999999999,0.1309800000000001,0.6625000000000001,0.33749999999999997,44.0,301.0,False,876.0,0.0,1.0,00,operational,0.4,0.8,0.4,0.8,13,0.32000000000000006,0.32000000000000006
0.8586576814814815,0.14134231851851853,0.6807000000000001,0.3192999999999999,54.0,301.0,False,876.0,0.0,1.0,10,operational,0.4,0.8,0.4,0.8,13,0.32000000000000006,0.32000000000000006
0.8422664112654321,0.1577335887345679,0.6625000000000001,0.33749999999999997,44.0,348.0,False,876.0,0.0,1.0,01,operational,0.4,0.8,0.4,0.8,13,0.32000000000000006,0.32000000000000006
0.799817808455086,0.200182191544914,0.6807000000000001,0.3192999999999999,54.0,,True,876.0,1.0,0.9550000000000001,11,operational,0.4,0.8,0.4,0.8,13,0.32000000000000006,0.32000000000000006
0.8690199999999999,0.1309800000000001,0.6625000000000001,0.33749999999999997,44.0,301.0,False,876.0,0.0,1.0,00,operational,0.4,1.0,0.4,1.0,13,0.4,0.4
0.8559396712962962,0.14406032870370378,0.6854687500000001,0.31453124999999993,56.0,301.0,False,876.0,0.0,1.0,10,operational,0.4,1.0,0.4,1.0,13,0.4,0.4
0.8435073418209875,0.15649265817901248,0.6625000000000001,0.33749999999999997,44.0,358.0,False,876.0,0.0,1.0,01,operational,0.4,1.0,0.4,1.0,13,0.4,0.4
0.7297962601851853,0.2702037398148147,0.6854687500000001,0.31453124999999993,56.0,,True,876.0,1.0,0.8450000000000001,11,operational,0.4,1.0,0.4,1.0,13,0.4,0.4
0.8690199999999999,0.1309800000000001,0.6625000000000001,0.33749999999999997,44.0,301.0,False,876.0,0.0,1.0,00,operational,0.6,0.2,0.6,0.2,13,0.12,0.12
0.8640620606481482,0.13593793935185183,0.6625000000000001,0.33749999999999997,44.0,301.0,False,876.0,0.0,1.0,10,operational,0.6,0.2,0.6,0.2,13,0.12,0.12
0.8643580560532408,0.1356419439467592,0.6625000000000001,0.33749999999999997,44.0,309.0,False,876.0,0.0,1.0,01,operational,0.6,0.2,0.6,0.2,13,0.12,0.12
0.8586786454016714,0.14132135459832862,0.6625000000000001,0.33749999999999997,44.0,310.0,False,876.0,0.0,1.0,11,operational,0.6,0.2,0.6,0.2,13,0.12,0.12
0.8690199999999999,0.1309800000000001,0.6625000000000001,0.33749999999999997,44.0,301.0,False,876.0,0.0,1.0,00,operational,0.6,0.4,0.6,0.4,13,0.24,0.24
0.8578988782407407,0.14210112175925926,0.6795,0.32049999999999995,56.0,301.0,False,876.0,0.0,1.0,10,operational,0.6,0.4,0.6,0.4,13,0.24,0.24
0.8581360523148147,0.1418639476851853,0.6625000000000001,0.33749999999999997,44.0,320.0,False,876.0,0.0,1.0,01,operational,0.6,0.4,0.6,0.4,13,0.24,0.24
0.8436565840904515,0.15634341590954848,0.6795,0.32049999999999995,56.0,324.0,False,876.0,0.0,1.0,11,operational,0.6,0.4,0.6,0.4,13,0.24,0.24
0.8690199999999999,0.1309800000000001,0.6625000000000001,0.33749999999999997,44.0,301.0,False,876.0,0.0,1.0,00,operational,0.6,0.6,0.6,0.6,13,0.36,0.36
0.8517833972222222,0.14821660277777782,0.71318125,0.28681875,56.0,301.0,False,876.0,0.0,1.0,10,operational,0.6,0.6,0.6,0.6,13,0.36,0.36
0.8483365742592592,0.15166342574074076,0.6625000000000001,0.33749999999999997,44.0,336.0,False,876.0,0.0,1.0,01,operational,0.6,0.6,0.6,0.6,13,0.36,0.36
0.8216038285592946,0.1783961714407054,0.71318125,0.28681875,56.0,348.0,False,876.0,0.0,1.0,11,operational,0.6,0.6,0.6,0.6,13,0.36,0.36
0.8690199999999999,0.1309800000000001,0.6625000000000001,0.33749999999999997,44.0,301.0,False,876.0,0.0,1.0,00,operational,0.6,0.8,0.6,0.8,13,0.48,0.48
0.8456984092592592,0.1543015907407408,0.7385,0.26149999999999995,54.0,301.0,False,876.0,0.0,1.0,10,operational,0.6,0.8,0.6,0.8,13,0.48,0.48
0.8432127732622678,0.15678722673773215,0.6625000000000001,0.33749999999999997,44.0,349.0,False,876.0,0.0,1.0,01,operational,0.6,0.8,0.6,0.8,13,0.48,0.48
0.7247913174083563,0.27520868259164366,0.7385,0.26149999999999995,54.0,,True,876.0,1.0,0.8649999999999999,11,operational,0.6,0.8,0.6,0.8,13,0.48,0.48
0.8690199999999999,0.1309800000000001,0.6625000000000001,0.33749999999999997,44.0,301.0,False,876.0,0.0,1.0,00,operational,0.6,1.0,0.6,1.0,13,0.6,0.6
0.839599400462963,0.160400599537037,0.7578750000000001,0.24212499999999998,56.0,301.0,False,876.0,0.0,1.0,10,operational,0.6,1.0,0.6,1.0,13,0.6,0.6
0.845083973371421,0.15491602662857895,0.6625000000000001,0.33749999999999997,44.0,354.0,False,876.0,0.0,1.0,01,operational,0.6,1.0,0.6,1.0,13,0.6,0.6
0.6180031816318066,0.38199681836819344,0.7578750000000001,0.24212499999999998,56.0,,True,876.0,1.0,0.7100000000000002,11,operational,0.6,1.0,0.6,1.0,13,0.6,0.6
0.8690199999999999,0.1309800000000001,0.6625000000000001,0.33749999999999997,44.0,301.0,False,876.0,0.0,1.0,00,operational,0.8,0.2,0.8,0.2,13,0.16000000000000003,0.16000000000000003
0.8644972307291666,0.13550276927083338,0.6625000000000001,0.33749999999999997,44.0,301.0,False,876.0,0.0,1.0,10,operational,0.8,0.2,0.8,0.2,13,0.16000000000000003,0.16000000000000003
0.8650717087822856,0.13492829121771444,0.6625000000000001,0.33749999999999997,44.0,308.0,False,876.0,0.0,1.0,01,operational,0.8,0.2,0.8,0.2,13,0.16000000000000003,0.16000000000000003
0.8595309996537903,0.14046900034620968,0.6625000000000001,0.33749999999999997,44.0,310.0,False,876.0,0.0,1.0,11,operational,0.8,0.2,0.8,0.2,13,0.16000000000000003,0.16000000000000003
0.8690199999999999,0.1309800000000001,0.6625000000000001,0.33749999999999997,44.0,301.0,False,876.0,0.0,1.0,00,operational,0.8,0.4,0.8,0.4,13,0.32000000000000006,0.32000000000000006
0.8587391732638889,0.14126082673611107,0.6881250000000001,0.3118749999999999,56.0,301.0,False,876.0,0.0,1.0,10,operational,0.8,0.4,0.8,0.4,13,0.32000000000000006,0.32000000000000006
0.8600771515434528,0.13992284845654723,0.6625000000000001,0.33749999999999997,44.0,318.0,False,876.0,0.0,1.0,01,operational,0.8,0.4,0.8,0.4,13,0.32000000000000006,0.32000000000000006
0.8450568796445864,0.15494312035541358,0.6881250000000001,0.3118749999999999,56.0,325.0,False,876.0,0.0,1.0,11,operational,0.8,0.4,0.8,0.4,13,0.32000000000000006,0.32000000000000006
0.8690199999999999,0.1309800000000001,0.6625000000000001,0.33749999999999997,44.0,301.0,False,876.0,0.0,1.0,00,operational,0.8,0.6,0.8,0.6,13,0.48,0.48
0.8529785472222222,0.14702145277777778,0.70828125,0.29171874999999997,56.0,302.0,False,876.0,0.0,1.0,10,operational,0.8,0.6,0.8,0.6,13,0.48,0.48
0.8533788755714462,0.1466211244285538,0.6625000000000001,0.33749999999999997,44.0,331.0,False,876.0,0.0,1.0,01,operational,0.8,0.6,0.8,0.6,13,0.48,0.48
0.823067927640125,0.17693207235987496,0.70828125,0.29171874999999997,56.0,351.0,False,876.0,0.0,1.0,11,operational,0.8,0.6,0.8,0.6,13,0.48,0.48
0.8690199999999999,0.1309800000000001,0.6625000000000001,0.33749999999999997,44.0,301.0,False,876.0,0.0,1.0,00,operational,0.8,0.8,0.8,0.8,13,0.6400000000000001,0.6400000000000001
0.8472193777777778,0.15278062222222222,0.7242999999999999,0.2757,52.0,302.0,False,876.0,0.0,1.0,10,operational,0.8,0.8,0.8,0.8,13,0.6400000000000001,0.6400000000000001
0.8448138534402738,0.15518614655972618,0.6625000000000001,0.33749999999999997,44.0,347.0,False,876.0,0.0,1.0,01,operational,0.8,0.8,0.8,0.8,13,0.6400000000000001,0.6400000000000001
0.6168688703726765,0.38313112962732354,0.7242999999999999,0.2757,52.0,,True,876.0,1.0,0.6849999999999998,11,operational,0.8,0.8,0.8,0.8,13,0.6400000000000001,0.6400000000000001
0.8690199999999999,0.1309800000000001,0.6625000000000001,0.33749999999999997,44.0,301.0,False,876.0,0.0,1.0,00,operational,0.8,1.0,0.8,1.0,13,0.8,0.8
0.8414249513888888,0.15857504861111116,0.74065625,0.25934375000000004,56.0,302.0,False,876.0,0.0,1.0,10,operational,0.8,1.0,0.8,1.0,13,0.8,0.8
0.8431803891203703,0.1568196108796297,0.6625000000000001,0.33749999999999997,44.0,357.0,False,876.0,0.0,1.0,01,operational,0.8,1.0,0.8,1.0,13,0.8,0.8
0.5059249749808964,0.4940750250191036,0.74065625,0.25934375000000004,56.0,,True,876.0,1.0,0.545,11,operational,0.8,1.0,0.8,1.0,13,0.8,0.8
0.8690199999999999,0.1309800000000001,0.6625000000000001,0.33749999999999997,44.0,301.0,False,876.0,0.0,1.0,00,operational,1.0,0.2,1.0,0.2,13,0.2,0.2
0.8626353033564814,0.13736469664351858,0.6625000000000001,0.33749999999999997,44.0,301.0,False,876.0,0.0,1.0,10,operational,1.0,0.2,1.0,0.2,13,0.2,0.2
0.8618969530479166,0.13810304695208342,0.6625000000000001,0.33749999999999997,44.0,313.0,False,876.0,0.0,1.0,01,operational,1.0,0.2,1.0,0.2,13,0.2,0.2
0.8540337710777652,0.14596622892223476,0.6625000000000001,0.33749999999999997,44.0,315.0,False,876.0,0.0,1.0,11,operational,1.0,0.2,1.0,0.2,13,0.2,0.2
0.8690199999999999,0.1309800000000001,0.6625000000000001,0.33749999999999997,44.0,301.0,False,876.0,0.0,1.0,00,operational,1.0,0.4,1.0,0.4,13,0.4,0.4
0.8544634087962962,0.14553659120370377,0.6885000000000001,0.3114999999999999,56.0,301.0,False,876.0,0.0,1.0,10,operational,1.0,0.4,1.0,0.4,13,0.4,0.4
0.8524865152197936,0.14751348478020643,0.6625000000000001,0.33749999999999997,44.0,330.0,False,876.0,0.0,1.0,01,operational,1.0,0.4,1.0,0.4,13,0.4,0.4
0.8305305018654522,0.1694694981345478,0.6885000000000001,0.3114999999999999,56.0,341.0,False,876.0,0.0,1.0,11,operational,1.0,0.4,1.0,0.4,13,0.4,0.4
0.8690199999999999,0.1309800000000001,0.6625000000000001,0.33749999999999997,44.0,301.0,False,876.0,0.0,1.0,00,operational,1.0,0.6,1.0,0.6,13,0.6,0.6
0.8463072486111111,0.15369275138888894,0.7266812500000001,0.27331874999999994,56.0,302.0,False,876.0,0.0,1.0,10,operational,1.0,0.6,1.0,0.6,13,0.6,0.6
0.8383500909111111,0.16164990908888888,0.6625000000000001,0.33749999999999997,44.0,355.0,False,876.0,0.0,1.0,01,operational,1.0,0.6,1.0,0.6,13,0.6,0.6
0.7926695648912018,0.20733043510879823,0.7266812500000001,0.27331874999999994,56.0,384.0,False,876.0,0.0,1.0,11,operational,1.0,0.6,1.0,0.6,13,0.6,0.6
0.8690199999999999,0.1309800000000001,0.6625000000000001,0.33749999999999997,44.0,301.0,False,876.0,0.0,1.0,00,operational,1.0,0.8,1.0,0.8,13,0.8,0.8
0.8381539425925927,0.16184605740740732,0.7565000000000001,0.24349999999999997,54.0,302.0,False,876.0,0.0,1.0,10,operational,1.0,0.8,1.0,0.8,13,0.8,0.8
0.8263671601453263,0.1736328398546737,0.6625000000000001,0.33749999999999997,44.0,379.0,False,876.0,0.0,1.0,01,operational,1.0,0.8,1.0,0.8,13,0.8,0.8
0.5402479569179419,0.4597520430820581,0.7565000000000001,0.24349999999999997,54.0,,True,876.0,1.0,0.5949999999999999,11,operational,1.0,0.8,1.0,0.8,13,0.8,0.8
0.8690199999999999,0.1309800000000001,0.6625000000000001,0.33749999999999997,44.0,301.0,False,876.0,0.0,1.0,00,operational,1.0,1.0,1.0,1.0,13,1.0,1.0
0.8299628796296297,0.17003712037037033,0.78090625,0.21909375,56.0,302.0,False,876.0,0.0,1.0,10,operational,1.0,1.0,1.0,1.0,13,1.0,1.0
0.8271040532308905,0.17289594676910947,0.6625000000000001,0.33749999999999997,44.0,391.0,False,876.0,0.0,1.0,01,operational,1.0,1.0,1.0,1.0,13,1.0,1.0
0.30335701901827683,0.6966429809817232,0.78090625,0.21909375,56.0,,True,876.0,1.0,0.30500000000000005,11,operational,1.0,1.0,1.0,1.0,13,1.0,1.0
0.9186868055555556,0.0813131944444444,0.5050000000000001,0.49499999999999983,44.0,236.0,False,876.0,0.0,1.0,00,operational,0.2,0.2,0.2,0.2,14,0.04000000000000001,0.04000000000000001
0.9173332812499999,0.08266671875000009,0.5050000000000001,0.49499999999999983,44.0,236.0,False,876.0,0.0,1.0,10,operational,0.2,0.2,0.2,0.2,14,0.04000000000000001,0.04000000000000001
0.9158812701597855,0.08411872984021451,0.5050000000000001,0.49499999999999983,44.0,242.0,False,876.0,0.0,1.0,01,operational,0.2,0.2,0.2,0.2,14,0.04000000000000001,0.04000000000000001
0.9143507955037389,0.08564920449626112,0.5050000000000001,0.49499999999999983,44.0,242.0,False,876.0,0.0,1.0,11,operational,0.2,0.2,0.2,0.2,14,0.04000000000000001,0.04000000000000001
0.9186868055555556,0.0813131944444444,0.5050000000000001,0.49499999999999983,44.0,236.0,False,876.0,0.0,1.0,00,operational,0.2,0.4,0.2,0.4,14,0.08000000000000002,0.08000000000000002
0.9153748472222222,0.08462515277777782,0.5320000000000001,0.46799999999999986,55.0,236.0,False,876.0,0.0,1.0,10,operational,0.2,0.4,0.2,0.4,14,0.08000000000000002,0.08000000000000002
0.9120425759259259,0.08795742407407414,0.5050000000000001,0.49499999999999983,44.0,250.0,False,876.0,0.0,1.0,01,operational,0.2,0.4,0.2,0.4,14,0.08000000000000002,0.08000000000000002
0.9077370089609601,0.0922629910390399,0.5320000000000001,0.46799999999999986,55.0,251.0,False,876.0,0.0,1.0,11,operational,0.2,0.4,0.2,0.4,14,0.08000000000000002,0.08000000000000002
0.9186868055555556,0.0813131944444444,0.5050000000000001,0.49499999999999983,44.0,236.0,False,876.0,0.0,1.0,00,operational,0.2,0.6,0.2,0.6,14,0.12,0.12
0.9134194305555555,0.08658056944444448,0.5455000000000001,0.4544999999999999,48.0,236.0,False,876.0,0.0,1.0,10,operational,0.2,0.6,0.2,0.6,14,0.12,0.12
0.905934953125,0.09406504687499995,0.5050000000000001,0.49499999999999983,44.0,263.0,False,876.0,0.0,1.0,01,operational,0.2,0.6,0.2,0.6,14,0.12,0.12
0.8976154510741962,0.10238454892580384,0.5455000000000001,0.4544999999999999,48.0,267.0,False,876.0,0.0,1.0,11,operational,0.2,0.6,0.2,0.6,14,0.12,0.12
0.9186868055555556,0.0813131944444444,0.5050000000000001,0.49499999999999983,44.0,236.0,False,876.0,0.0,1.0,00,operational,0.2,0.8,0.2,0.8,14,0.16000000000000003,0.16000000000000003
0.9115018888888888,0.08849811111111117,0.5590000000000002,0.44099999999999984,45.0,236.0,False,876.0,0.0,1.0,10,operational,0.2,0.8,0.2,0.8,14,0.16000000000000003,0.16000000000000003
0.9043495770308123,0.09565042296918769,0.5050000000000001,0.49499999999999983,44.0,269.0,False,876.0,0.0,1.0,01,operational,0.2,0.8,0.2,0.8,14,0.16000000000000003,0.16000000000000003
0.8666095868055556,0.13339041319444445,0.5590000000000002,0.44099999999999984,45.0,,True,876.0,1.0,0.9550000000000001,11,operational,0.2,0.8,0.2,0.8,14,0.16000000000000003,0.16000000000000003
0.9186868055555556,0.0813131944444444,0.5050000000000001,0.49499999999999983,44.0,236.0,False,876.0,0.0,1.0,00,operational,0.2,1.0,0.2,1.0,14,0.2,0.2
0.9095708680555555,0.09042913194444446,0.5725,0.42749999999999994,44.0,236.0,False,876.0,0.0,1.0,10,operational,0.2,1.0,0.2,1.0,14,0.2,0.2
0.9050475998263889,0.09495240017361106,0.5050000000000001,0.49499999999999983,44.0,271.0,False,876.0,0.0,1.0,01,operational,0.2,1.0,0.2,1.0,14,0.2,0.2
0.8621168156828702,0.13788318431712976,0.5725,0.42749999999999994,44.0,,True,876.0,1.0,0.95,11,operational,0.2,1.0,0.2,1.0,14,0.2,0.2
0.9186868055555556,0.0813131944444444,0.5050000000000001,0.49499999999999983,44.0,236.0,False,876.0,0.0,1.0,00,operational,0.4,0.2,0.4,0.2,14,0.08000000000000002,0.08000000000000002
0.9166752001388888,0.08332479986111119,0.5050000000000001,0.49499999999999983,44.0,236.0,False,876.0,0.0,1.0,10,operational,0.4,0.2,0.4,0.2,14,0.08000000000000002,0.08000000000000002
0.9162347205218173,0.08376527947818269,0.5050000000000001,0.49499999999999983,44.0,242.0,False,876.0,0.0,1.0,01,operational,0.4,0.2,0.4,0.2,14,0.08000000000000002,0.08000000000000002
0.9139564954044848,0.08604350459551524,0.5050000000000001,0.49499999999999983,44.0,242.0,False,876.0,0.0,1.0,11,operational,0.4,0.2,0.4,0.2,14,0.08000000000000002,0.08000000000000002
0.9186868055555556,0.0813131944444444,0.5050000000000001,0.49499999999999983,44.0,236.0,False,876.0,0.0,1.0,00,operational,0.4,0.4,0.4,0.4,14,0.16000000000000003,0.16000000000000003
0.9135253516666666,0.0864746483333334,0.5314750000000001,0.4685249999999999,56.0,236.0,False,876.0,0.0,1.0,10,operational,0.4,0.4,0.4,0.4,14,0.16000000000000003,0.16000000000000003
0.9129654962644201,0.08703450373557986,0.5050000000000001,0.49499999999999983,44.0,249.0,False,876.0,0.0,1.0,01,operational,0.4,0.4,0.4,0.4,14,0.16000000000000003,0.16000000000000003
0.9062701921568076,0.0937298078431924,0.5314750000000001,0.4685249999999999,56.0,251.0,False,876.0,0.0,1.0,11,operational,0.4,0.4,0.4,0.4,14,0.16000000000000003,0.16000000000000003
0.9186868055555556,0.0813131944444444,0.5050000000000001,0.49499999999999983,44.0,236.0,False,876.0,0.0,1.0,00,operational,0.4,0.6,0.4,0.6,14,0.24,0.24
0.9103826525,0.08961734750000006,0.5544375,0.4455625,56.0,236.0,False,876.0,0.0,1.0,10,operational,0.4,0.6,0.4,0.6,14,0.24,0.24
0.9077593710546796,0.09224062894532037,0.5050000000000001,0.49499999999999983,44.0,261.0,False,876.0,0.0,1.0,01,operational,0.4,0.6,0.4,0.6,14,0.24,0.24
0.8947239308121526,0.10527606918784738,0.5544375,0.4455625,56.0,268.0,False,876.0,0.0,1.0,11,operational,0.4,0.6,0.4,0.6,14,0.24,0.24
0.9186868055555556,0.0813131944444444,0.5050000000000001,0.49499999999999983,44.0,236.0,False,876.0,0.0,1.0,00,operational,0.4,0.8,0.4,0.8,14,0.32000000000000006,0.32000000000000006
0.9072735088888889,0.09272649111111109,0.5730000000000001,0.42699999999999994,53.0,237.0,False,876.0,0.0,1.0,10,operational,0.4,0.8,0.4,0.8,14,0.32000000000000006,0.32000000000000006
0.9063427948148147,0.09365720518518528,0.5050000000000001,0.49499999999999983,44.0,267.0,False,876.0,0.0,1.0,01,operational,0.4,0.8,0.4,0.8,14,0.32000000000000006,0.32000000000000006
0.8331861557921858,0.1668138442078142,0.5730000000000001,0.42699999999999994,53.0,,True,876.0,1.0,0.9100000000000001,11,operational,0.4,0.8,0.4,0.8,14,0.32000000000000006,0.32000000000000006
0.9186868055555556,0.0813131944444444,0.5050000000000001,0.49499999999999983,44.0,236.0,False,876.0,0.0,1.0,00,operational,0.4,1.0,0.4,1.0,14,0.4,0.4
0.9041406708333333,0.09585932916666673,0.59021875,0.40978125,56.0,237.0,False,876.0,0.0,1.0,10,operational,0.4,1.0,0.4,1.0,14,0.4,0.4
0.9062910373263888,0.09370896267361117,0.5050000000000001,0.49499999999999983,44.0,270.0,False,876.0,0.0,1.0,01,operational,0.4,1.0,0.4,1.0,14,0.4,0.4
0.7968687419291549,0.2031312580708451,0.59021875,0.40978125,56.0,,True,876.0,1.0,0.8649999999999999,11,operational,0.4,1.0,0.4,1.0,14,0.4,0.4
0.9186868055555556,0.0813131944444444,0.5050000000000001,0.49499999999999983,44.0,236.0,False,876.0,0.0,1.0,00,operational,0.6,0.2,0.6,0.2,14,0.12,0.12
0.9156973083550348,0.08430269164496518,0.5050000000000001,0.49499999999999983,44.0,236.0,False,876.0,0.0,1.0,10,operational,0.6,0.2,0.6,0.2,14,0.12,0.12
0.9173149665695757,0.08268503343042433,0.5050000000000001,0.49499999999999983,44.0,240.0,False,876.0,0.0,1.0,01,operational,0.6,0.2,0.6,0.2,14,0.12,0.12
0.9139405288050937,0.08605947119490631,0.5050000000000001,0.49499999999999983,44.0,241.0,False,876.0,0.0,1.0,11,operational,0.6,0.2,0.6,0.2,14,0.12,0.12
0.9186868055555556,0.0813131944444444,0.5050000000000001,0.49499999999999983,44.0,236.0,False,876.0,0.0,1.0,00,operational,0.6,0.4,0.6,0.4,14,0.24,0.24
0.9115013552083333,0.08849864479166669,0.5314750000000001,0.4685249999999999,56.0,236.0,False,876.0,0.0,1.0,10,operational,0.6,0.4,0.6,0.4,14,0.24,0.24
0.9157205429999999,0.08427945700000006,0.5050000000000001,0.49499999999999983,44.0,244.0,False,876.0,0.0,1.0,01,operational,0.6,0.4,0.6,0.4,14,0.24,0.24
0.9063912334770128,0.09360876652298722,0.5314750000000001,0.4685249999999999,56.0,248.0,False,876.0,0.0,1.0,11,operational,0.6,0.4,0.6,0.4,14,0.24,0.24
0.9186868055555556,0.0813131944444444,0.5050000000000001,0.49499999999999983,44.0,236.0,False,876.0,0.0,1.0,00,operational,0.6,0.6,0.6,0.6,14,0.36,0.36
0.9073117272569444,0.09268827274305558,0.57015625,0.42984374999999997,56.0,236.0,False,876.0,0.0,1.0,10,operational,0.6,0.6,0.6,0.6,14,0.36,0.36
0.9137865516797296,0.08621344832027045,0.5050000000000001,0.49499999999999983,44.0,249.0,False,876.0,0.0,1.0,01,operational,0.6,0.6,0.6,0.6,14,0.36,0.36
0.896117501062519,0.10388249893748103,0.57015625,0.42984374999999997,56.0,262.0,False,876.0,0.0,1.0,11,operational,0.6,0.6,0.6,0.6,14,0.36,0.36
0.9186868055555556,0.0813131944444444,0.5050000000000001,0.49499999999999983,44.0,236.0,False,876.0,0.0,1.0,00,operational,0.6,0.8,0.6,0.8,14,0.48,0.48
0.9031555159722222,0.09684448402777779,0.5968000000000001,0.4031999999999999,53.0,236.0,False,876.0,0.0,1.0,10,operational,0.6,0.8,0.6,0.8,14,0.48,0.48
0.9111457505640213,0.08885424943597875,0.5050000000000001,0.49499999999999983,44.0,256.0,False,876.0,0.0,1.0,01,operational,0.6,0.8,0.6,0.8,14,0.48,0.48
0.7974876826321977,0.20251231736780229,0.5968000000000001,0.4031999999999999,53.0,,True,876.0,1.0,0.8649999999999999,11,operational,0.6,0.8,0.6,0.8,14,0.48,0.48
0.9186868055555556,0.0813131944444444,0.5050000000000001,0.49499999999999983,44.0,236.0,False,876.0,0.0,1.0,00,operational,0.6,1.0,0.6,1.0,14,0.6,0.6
0.8989796380208334,0.10102036197916664,0.61975,0.38025000000000003,50.0,236.0,False,876.0,0.0,1.0,10,operational,0.6,1.0,0.6,1.0,14,0.6,0.6
0.9092554481481481,0.09074455185185193,0.5050000000000001,0.49499999999999983,44.0,263.0,False,876.0,0.0,1.0,01,operational,0.6,1.0,0.6,1.0,14,0.6,0.6
0.7009599229166669,0.29904007708333313,0.61975,0.38025000000000003,50.0,,True,876.0,1.0,0.7450000000000001,11,operational,0.6,1.0,0.6,1.0,14,0.6,0.6
0.9186868055555556,0.0813131944444444,0.5050000000000001,0.49499999999999983,44.0,236.0,False,876.0,0.0,1.0,00,operational,0.8,0.2,0.8,0.2,14,0.16000000000000003,0.16000000000000003
0.9157293076953124,0.08427069230468764,0.5050000000000001,0.49499999999999983,44.0,236.0,False,876.0,0.0,1.0,10,operational,0.8,0.2,0.8,0.2,14,0.16000000000000003,0.16000000000000003
0.9165403446064814,0.08345965539351863,0.5050000000000001,0.49499999999999983,44.0,241.0,False,876.0,0.0,1.0,01,operational,0.8,0.2,0.8,0.2,14,0.16000000000000003,0.16000000000000003
0.9130116727665656,0.08698832723343441,0.5050000000000001,0.49499999999999983,44.0,243.0,False,876.0,0.0,1.0,11,operational,0.8,0.2,0.8,0.2,14,0.16000000000000003,0.16000000000000003
0.9186868055555556,0.0813131944444444,0.5050000000000001,0.49499999999999983,44.0,236.0,False,876.0,0.0,1.0,00,operational,0.8,0.4,0.8,0.4,14,0.32000000000000006,0.32000000000000006
0.9114948729861111,0.0885051270138889,0.5310000000000001,0.46899999999999986,55.0,236.0,False,876.0,0.0,1.0,10,operational,0.8,0.4,0.8,0.4,14,0.32000000000000006,0.32000000000000006
0.9138466111602914,0.08615338883970858,0.5050000000000001,0.49499999999999983,44.0,248.0,False,876.0,0.0,1.0,01,operational,0.8,0.4,0.8,0.4,14,0.32000000000000006,0.32000000000000006
0.9039441833359613,0.09605581666403873,0.5310000000000001,0.46899999999999986,55.0,253.0,False,876.0,0.0,1.0,11,operational,0.8,0.4,0.8,0.4,14,0.32000000000000006,0.32000000000000006
0.9186868055555556,0.0813131944444444,0.5050000000000001,0.49499999999999983,44.0,236.0,False,876.0,0.0,1.0,00,operational,0.8,0.6,0.8,0.6,14,0.48,0.48
0.9072507330902777,0.0927492669097223,0.5529375000000002,0.4470624999999998,56.0,236.0,False,876.0,0.0,1.0,10,operational,0.8,0.6,0.8,0.6,14,0.48,0.48
0.9101737771273148,0.08982622287268516,0.5050000000000001,0.49499999999999983,44.0,257.0,False,876.0,0.0,1.0,01,operational,0.8,0.6,0.8,0.6,14,0.48,0.48
0.8906451437015062,0.10935485629849384,0.5529375000000002,0.4470624999999998,56.0,272.0,False,876.0,0.0,1.0,11,operational,0.8,0.6,0.8,0.6,14,0.48,0.48
0.9186868055555556,0.0813131944444444,0.5050000000000001,0.49499999999999983,44.0,236.0,False,876.0,0.0,1.0,00,operational,0.8,0.8,0.8,0.8,14,0.6400000000000001,0.6400000000000001
0.9030209681944443,0.09697903180555567,0.5710000000000002,0.4289999999999998,53.0,237.0,False,876.0,0.0,1.0,10,operational,0.8,0.8,0.8,0.8,14,0.6400000000000001,0.6400000000000001
0.90615587065,0.09384412934999997,0.5050000000000001,0.49499999999999983,44.0,267.0,False,876.0,0.0,1.0,01,operational,0.8,0.8,0.8,0.8,14,0.6400000000000001,0.6400000000000001
0.727091135062708,0.27290886493729205,0.5710000000000002,0.4289999999999998,53.0,,True,876.0,1.0,0.7749999999999999,11,operational,0.8,0.8,0.8,0.8,14,0.6400000000000001,0.6400000000000001
0.9186868055555556,0.0813131944444444,0.5050000000000001,0.49499999999999983,44.0,236.0,False,876.0,0.0,1.0,00,operational,0.8,1.0,0.8,1.0,14,0.8,0.8
0.8987748907986111,0.10122510920138894,0.58859375,0.41140625000000003,56.0,237.0,False,876.0,0.0,1.0,10,operational,0.8,1.0,0.8,1.0,14,0.8,0.8
0.9046930794560184,0.0953069205439816,0.5050000000000001,0.49499999999999983,44.0,273.0,False,876.0,0.0,1.0,01,operational,0.8,1.0,0.8,1.0,14,0.8,0.8
0.6471053289454428,0.3528946710545572,0.58859375,0.41140625000000003,56.0,,True,876.0,1.0,0.68,11,operational,0.8,1.0,0.8,1.0,14,0.8,0.8
0.9186868055555556,0.0813131944444444,0.5050000000000001,0.49499999999999983,44.0,236.0,False,876.0,0.0,1.0,00,operational,1.0,0.2,1.0,0.2,14,0.2,0.2
0.9143218056119791,0.08567819438802093,0.5050000000000001,0.49499999999999983,44.0,236.0,False,876.0,0.0,1.0,10,operational,1.0,0.2,1.0,0.2,14,0.2,0.2
0.9139039860771084,0.08609601392289157,0.5050000000000001,0.49499999999999983,44.0,247.0,False,876.0,0.0,1.0,01,operational,1.0,0.2,1.0,0.2,14,0.2,0.2
0.9084127880664435,0.09158721193355646,0.5050000000000001,0.49499999999999983,44.0,249.0,False,876.0,0.0,1.0,11,operational,1.0,0.2,1.0,0.2,14,0.2,0.2
0.9186868055555556,0.0813131944444444,0.5050000000000001,0.49499999999999983,44.0,236.0,False,876.0,0.0,1.0,00,operational,1.0,0.4,1.0,0.4,14,0.4,0.4
0.9079860702083333,0.09201392979166667,0.544475,0.4555249999999999,56.0,236.0,False,876.0,0.0,1.0,10,operational,1.0,0.4,1.0,0.4,14,0.4,0.4
0.9075914554685539,0.09240854453144609,0.5050000000000001,0.49499999999999983,44.0,261.0,False,876.0,0.0,1.0,01,operational,1.0,0.4,1.0,0.4,14,0.4,0.4
0.8909633449566865,0.1090366550433135,0.544475,0.4555249999999999,56.0,271.0,False,876.0,0.0,1.0,11,operational,1.0,0.4,1.0,0.4,14,0.4,0.4
0.9186868055555556,0.0813131944444444,0.5050000000000001,0.49499999999999983,44.0,236.0,False,876.0,0.0,1.0,00,operational,1.0,0.6,1.0,0.6,14,0.6,0.6
0.9016451886458334,0.09835481135416657,0.5896562500000001,0.4103437499999999,56.0,236.0,False,876.0,0.0,1.0,10,operational,1.0,0.6,1.0,0.6,14,0.6,0.6
0.8980811783357537,0.10191882166424626,0.5050000000000001,0.49499999999999983,44.0,283.0,False,876.0,0.0,1.0,01,operational,1.0,0.6,1.0,0.6,14,0.6,0.6
0.8625712846998412,0.13742871530015877,0.5896562500000001,0.4103437499999999,56.0,311.0,False,876.0,0.0,1.0,11,operational,1.0,0.6,1.0,0.6,14,0.6,0.6
0.9186868055555556,0.0813131944444444,0.5050000000000001,0.49499999999999983,44.0,236.0,False,876.0,0.0,1.0,00,operational,1.0,0.8,1.0,0.8,14,0.8,0.8
0.8953291681944444,0.10467083180555559,0.6228,0.3771999999999999,53.0,237.0,False,876.0,0.0,1.0,10,operational,1.0,0.8,1.0,0.8,14,0.8,0.8
0.8911656630648147,0.1088343369351853,0.5050000000000001,0.49499999999999983,44.0,301.0,False,876.0,0.0,1.0,01,operational,1.0,0.8,1.0,0.8,14,0.8,0.8
0.5762067540870094,0.4237932459129906,0.6228,0.3771999999999999,53.0,,True,876.0,1.0,0.5949999999999999,11,operational,1.0,0.8,1.0,0.8,14,0.8,0.8
0.9186868055555556,0.0813131944444444,0.5050000000000001,0.49499999999999983,44.0,236.0,False,876.0,0.0,1.0,00,operational,1.0,1.0,1.0,1.0,14,1.0,1.0
0.8889835435763889,0.11101645642361113,0.65334375,0.34665625,56.0,237.0,False,876.0,0.0,1.0,10,operational,1.0,1.0,1.0,1.0,14,1.0,1.0
0.8909877206018518,0.10901227939814817,0.5050000000000001,0.49499999999999983,44.0,310.0,False,876.0,0.0,1.0,01,operational,1.0,1.0,1.0,1.0,14,1.0,1.0
0.41224294592356536,0.5877570540764346,0.65334375,0.34665625,56.0,,True,876.0,1.0,0.41000000000000003,11,operational,1.0,1.0,1.0,1.0,14,1.0,1.0
0.91812,0.08187999999999995,0.5325,0.4675000000000001,44.0,229.0,False,876.0,0.0,1.0,00,operational,0.2,0.2,0.2,0.2,15,0.04000000000000001,0.04000000000000001
0.9175449936342592,0.08245500636574077,0.5325,0.4675000000000001,44.0,229.0,False,876.0,0.0,1.0,10,operational,0.2,0.2,0.2,0.2,15,0.04000000000000001,0.04000000000000001
0.9180965999999999,0.08190340000000007,0.5325,0.4675000000000001,44.0,229.0,False,876.0,0.0,1.0,01,operational,0.2,0.2,0.2,0.2,15,0.04000000000000001,0.04000000000000001
0.9175215936342591,0.08247840636574089,0.5325,0.4675000000000001,44.0,229.0,False,876.0,0.0,1.0,11,operational,0.2,0.2,0.2,0.2,15,0.04000000000000001,0.04000000000000001
0.91812,0.08187999999999995,0.5325,0.4675000000000001,44.0,229.0,False,876.0,0.0,1.0,00,operational,0.2,0.4,0.2,0.4,15,0.08000000000000002,0.08000000000000002
0.9166745601851851,0.08332543981481488,0.5424999999999999,0.45750000000000013,55.0,229.0,False,876.0,0.0,1.0,10,operational,0.2,0.4,0.2,0.4,15,0.08000000000000002,0.08000000000000002
0.9180731999999999,0.08192680000000008,0.5325,0.4675000000000001,44.0,229.0,False,876.0,0.0,1.0,01,operational,0.2,0.4,0.2,0.4,15,0.08000000000000002,0.08000000000000002
0.9166277601851852,0.08337223981481479,0.5424999999999999,0.45750000000000013,55.0,229.0,False,876.0,0.0,1.0,11,operational,0.2,0.4,0.2,0.4,15,0.08000000000000002,0.08000000000000002
0.91812,0.08187999999999995,0.5325,0.4675000000000001,44.0,229.0,False,876.0,0.0,1.0,00,operational,0.2,0.6,0.2,0.6,15,0.12,0.12
0.9158019652777777,0.08419803472222231,0.55018125,0.44981875000000004,56.0,229.0,False,876.0,0.0,1.0,10,operational,0.2,0.6,0.2,0.6,15,0.12,0.12
0.9180497999999999,0.08195020000000008,0.5325,0.4675000000000001,44.0,230.0,False,876.0,0.0,1.0,01,operational,0.2,0.6,0.2,0.6,15,0.12,0.12
0.9157317652777778,0.08426823472222222,0.55018125,0.44981875000000004,56.0,230.0,False,876.0,0.0,1.0,11,operational,0.2,0.6,0.2,0.6,15,0.12,0.12
0.91812,0.08187999999999995,0.5325,0.4675000000000001,44.0,229.0,False,876.0,0.0,1.0,00,operational,0.2,0.8,0.2,0.8,15,0.16000000000000003,0.16000000000000003
0.9149325370370371,0.08506746296296286,0.5567,0.4433000000000001,53.0,229.0,False,876.0,0.0,1.0,10,operational,0.2,0.8,0.2,0.8,15,0.16000000000000003,0.16000000000000003
0.9180264,0.08197359999999998,0.5325,0.4675000000000001,44.0,230.0,False,876.0,0.0,1.0,01,operational,0.2,0.8,0.2,0.8,15,0.16000000000000003,0.16000000000000003
0.9148389370370369,0.08516106296296311,0.5567,0.4433000000000001,53.0,230.0,False,876.0,0.0,1.0,11,operational,0.2,0.8,0.2,0.8,15,0.16000000000000003,0.16000000000000003
0.91812,0.08187999999999995,0.5325,0.4675000000000001,44.0,229.0,False,876.0,0.0,1.0,00,operational,0.2,1.0,0.2,1.0,15,0.2,0.2
0.9140441087962962,0.08595589120370384,0.56275,0.43725,50.0,229.0,False,876.0,0.0,1.0,10,operational,0.2,1.0,0.2,1.0,15,0.2,0.2
0.918003,0.08199699999999999,0.5325,0.4675000000000001,44.0,230.0,False,876.0,0.0,1.0,01,operational,0.2,1.0,0.2,1.0,15,0.2,0.2
0.9139271087962962,0.08607289120370376,0.56275,0.43725,50.0,230.0,False,876.0,0.0,1.0,11,operational,0.2,1.0,0.2,1.0,15,0.2,0.2
0.91812,0.08187999999999995,0.5325,0.4675000000000001,44.0,229.0,False,876.0,0.0,1.0,00,operational,0.4,0.2,0.4,0.2,15,0.08000000000000002,0.08000000000000002
0.9169378495370369,0.08306215046296306,0.5325,0.4675000000000001,44.0,229.0,False,876.0,0.0,1.0,10,operational,0.4,0.2,0.4,0.2,15,0.08000000000000002,0.08000000000000002
0.917131261231069,0.08286873876893097,0.5325,0.4675000000000001,44.0,232.0,False,876.0,0.0,1.0,01,operational,0.4,0.2,0.4,0.2,15,0.08000000000000002,0.08000000000000002
0.9157578435226033,0.08424215647739675,0.5325,0.4675000000000001,44.0,232.0,False,876.0,0.0,1.0,11,operational,0.4,0.2,0.4,0.2,15,0.08000000000000002,0.08000000000000002
0.91812,0.08187999999999995,0.5325,0.4675000000000001,44.0,229.0,False,876.0,0.0,1.0,00,operational,0.4,0.4,0.4,0.4,15,0.16000000000000003,0.16000000000000003
0.9151101087962963,0.08488989120370372,0.5394999999999999,0.46050000000000013,55.0,229.0,False,876.0,0.0,1.0,10,operational,0.4,0.4,0.4,0.4,15,0.16000000000000003,0.16000000000000003
0.9160800185185185,0.0839199814814815,0.5325,0.4675000000000001,44.0,234.0,False,876.0,0.0,1.0,01,operational,0.4,0.4,0.4,0.4,15,0.16000000000000003,0.16000000000000003
0.9122239236454844,0.08777607635451556,0.5394999999999999,0.46050000000000013,55.0,236.0,False,876.0,0.0,1.0,11,operational,0.4,0.4,0.4,0.4,15,0.16000000000000003,0.16000000000000003
0.91812,0.08187999999999995,0.5325,0.4675000000000001,44.0,229.0,False,876.0,0.0,1.0,00,operational,0.4,0.6,0.4,0.6,15,0.24,0.24
0.91331153125,0.08668846875000003,0.5496374999999999,0.4503625000000001,56.0,229.0,False,876.0,0.0,1.0,10,operational,0.4,0.6,0.4,0.6,15,0.24,0.24
0.9147987096432206,0.08520129035677937,0.5325,0.4675000000000001,44.0,237.0,False,876.0,0.0,1.0,01,operational,0.4,0.6,0.4,0.6,15,0.24,0.24
0.9077140034562258,0.09228599654377423,0.5496374999999999,0.4503625000000001,56.0,242.0,False,876.0,0.0,1.0,11,operational,0.4,0.6,0.4,0.6,15,0.24,0.24
0.91812,0.08187999999999995,0.5325,0.4675000000000001,44.0,229.0,False,876.0,0.0,1.0,00,operational,0.4,0.8,0.4,0.8,15,0.32000000000000006,0.32000000000000006
0.9115236342592592,0.0884763657407408,0.5590999999999998,0.4409000000000002,55.0,229.0,False,876.0,0.0,1.0,10,operational,0.4,0.8,0.4,0.8,15,0.32000000000000006,0.32000000000000006
0.9134125578271605,0.08658744217283953,0.5325,0.4675000000000001,44.0,241.0,False,876.0,0.0,1.0,01,operational,0.4,0.8,0.4,0.8,15,0.32000000000000006,0.32000000000000006
0.8721197332407007,0.1278802667592993,0.5590999999999998,0.4409000000000002,55.0,,True,876.0,1.0,0.9550000000000001,11,operational,0.4,0.8,0.4,0.8,15,0.32000000000000006,0.32000000000000006
0.91812,0.08187999999999995,0.5325,0.4675000000000001,44.0,229.0,False,876.0,0.0,1.0,00,operational,0.4,1.0,0.4,1.0,15,0.4,0.4
0.9097246122685184,0.09027538773148158,0.56575,0.43425,52.0,229.0,False,876.0,0.0,1.0,10,operational,0.4,1.0,0.4,1.0,15,0.4,0.4
0.9117677239969135,0.08823227600308647,0.5325,0.4675000000000001,44.0,245.0,False,876.0,0.0,1.0,01,operational,0.4,1.0,0.4,1.0,15,0.4,0.4
0.8145496998456793,0.18545030015432074,0.56575,0.43425,52.0,,True,876.0,1.0,0.8800000000000001,11,operational,0.4,1.0,0.4,1.0,15,0.4,0.4
0.91812,0.08187999999999995,0.5325,0.4675000000000001,44.0,229.0,False,876.0,0.0,1.0,00,operational,0.6,0.2,0.6,0.2,15,0.12,0.12
0.9166108980555555,0.08338910194444449,0.5325,0.4675000000000001,44.0,229.0,False,876.0,0.0,1.0,10,operational,0.6,0.2,0.6,0.2,15,0.12,0.12
0.9166111626800272,0.08338883731997282,0.5325,0.4675000000000001,44.0,233.0,False,876.0,0.0,1.0,01,operational,0.6,0.2,0.6,0.2,15,0.12,0.12
0.9148219796047367,0.08517802039526334,0.5325,0.4675000000000001,44.0,234.0,False,876.0,0.0,1.0,11,operational,0.6,0.2,0.6,0.2,15,0.12,0.12
0.91812,0.08187999999999995,0.5325,0.4675000000000001,44.0,229.0,False,876.0,0.0,1.0,00,operational,0.6,0.4,0.6,0.4,15,0.24,0.24
0.9142513586111111,0.08574864138888894,0.5355,0.4645,55.0,229.0,False,876.0,0.0,1.0,10,operational,0.6,0.4,0.6,0.4,15,0.24,0.24
0.9147866318989678,0.0852133681010322,0.5325,0.4675000000000001,44.0,238.0,False,876.0,0.0,1.0,01,operational,0.6,0.4,0.6,0.4,15,0.24,0.24
0.9096956606315509,0.09030433936844906,0.5355,0.4645,55.0,240.0,False,876.0,0.0,1.0,11,operational,0.6,0.4,0.6,0.4,15,0.24,0.24
0.91812,0.08187999999999995,0.5325,0.4675000000000001,44.0,229.0,False,876.0,0.0,1.0,00,operational,0.6,0.6,0.6,0.6,15,0.36,0.36
0.9119594476388888,0.08804055236111119,0.5451499999999999,0.4548500000000001,56.0,229.0,False,876.0,0.0,1.0,10,operational,0.6,0.6,0.6,0.6,15,0.36,0.36
0.9124741011314738,0.08752589886852624,0.5325,0.4675000000000001,44.0,243.0,False,876.0,0.0,1.0,01,operational,0.6,0.6,0.6,0.6,15,0.36,0.36
0.9025668449372947,0.09743315506270533,0.5451499999999999,0.4548500000000001,56.0,250.0,False,876.0,0.0,1.0,11,operational,0.6,0.6,0.6,0.6,15,0.36,0.36
0.91812,0.08187999999999995,0.5325,0.4675000000000001,44.0,229.0,False,876.0,0.0,1.0,00,operational,0.6,0.8,0.6,0.8,15,0.48,0.48
0.9096641616666666,0.09033583833333336,0.5525,0.44750000000000006,55.0,229.0,False,876.0,0.0,1.0,10,operational,0.6,0.8,0.6,0.8,15,0.48,0.48
0.9092118867712856,0.09078811322871438,0.5325,0.4675000000000001,44.0,251.0,False,876.0,0.0,1.0,01,operational,0.6,0.8,0.6,0.8,15,0.48,0.48
0.8357995588855897,0.16420044111441034,0.5525,0.44750000000000006,55.0,,True,876.0,1.0,0.9099999999999999,11,operational,0.6,0.8,0.6,0.8,15,0.48,0.48
0.91812,0.08187999999999995,0.5325,0.4675000000000001,44.0,229.0,False,876.0,0.0,1.0,00,operational,0.6,1.0,0.6,1.0,15,0.6,0.6
0.9073548201388889,0.0926451798611111,0.5574999999999999,0.44250000000000006,52.0,229.0,False,876.0,0.0,1.0,10,operational,0.6,1.0,0.6,1.0,15,0.6,0.6
0.9068554898148149,0.0931445101851851,0.5325,0.4675000000000001,44.0,259.0,False,876.0,0.0,1.0,01,operational,0.6,1.0,0.6,1.0,15,0.6,0.6
0.7730847872268396,0.2269152127731604,0.5574999999999999,0.44250000000000006,52.0,,True,876.0,1.0,0.8300000000000001,11,operational,0.6,1.0,0.6,1.0,15,0.6,0.6
0.91812,0.08187999999999995,0.5325,0.4675000000000001,44.0,229.0,False,876.0,0.0,1.0,00,operational,0.8,0.2,0.8,0.2,15,0.16000000000000003,0.16000000000000003
0.9159439348379629,0.08405606516203712,0.5325,0.4675000000000001,44.0,229.0,False,876.0,0.0,1.0,10,operational,0.8,0.2,0.8,0.2,15,0.16000000000000003,0.16000000000000003
0.9144340663572124,0.08556593364278764,0.5325,0.4675000000000001,44.0,237.0,False,876.0,0.0,1.0,01,operational,0.8,0.2,0.8,0.2,15,0.16000000000000003,0.16000000000000003
0.9116632301198249,0.08833676988017514,0.5325,0.4675000000000001,44.0,238.0,False,876.0,0.0,1.0,11,operational,0.8,0.2,0.8,0.2,15,0.16000000000000003,0.16000000000000003
0.91812,0.08187999999999995,0.5325,0.4675000000000001,44.0,229.0,False,876.0,0.0,1.0,00,operational,0.8,0.4,0.8,0.4,15,0.32000000000000006,0.32000000000000006
0.9124852921296296,0.08751470787037041,0.5494999999999999,0.45050000000000007,55.0,230.0,False,876.0,0.0,1.0,10,operational,0.8,0.4,0.8,0.4,15,0.32000000000000006,0.32000000000000006
0.9097350019370369,0.09026499806296306,0.5325,0.4675000000000001,44.0,248.0,False,876.0,0.0,1.0,01,operational,0.8,0.4,0.8,0.4,15,0.32000000000000006,0.32000000000000006
0.9009839256152417,0.09901607438475835,0.5494999999999999,0.45050000000000007,55.0,253.0,False,876.0,0.0,1.0,11,operational,0.8,0.4,0.8,0.4,15,0.32000000000000006,0.32000000000000006
0.91812,0.08187999999999995,0.5325,0.4675000000000001,44.0,229.0,False,876.0,0.0,1.0,00,operational,0.8,0.6,0.8,0.6,15,0.48,0.48
0.9091542368055555,0.09084576319444448,0.5627437499999999,0.43725625000000007,56.0,230.0,False,876.0,0.0,1.0,10,operational,0.8,0.6,0.8,0.6,15,0.48,0.48
0.902569561092508,0.09743043890749203,0.5325,0.4675000000000001,44.0,263.0,False,876.0,0.0,1.0,01,operational,0.8,0.6,0.8,0.6,15,0.48,0.48
0.8840684272813557,0.1159315727186443,0.5627437499999999,0.43725625000000007,56.0,279.0,False,876.0,0.0,1.0,11,operational,0.8,0.6,0.8,0.6,15,0.48,0.48
0.91812,0.08187999999999995,0.5325,0.4675000000000001,44.0,229.0,False,876.0,0.0,1.0,00,operational,0.8,0.8,0.8,0.8,15,0.6400000000000001,0.6400000000000001
0.9058405842592593,0.09415941574074072,0.5748999999999999,0.42510000000000014,54.0,230.0,False,876.0,0.0,1.0,10,operational,0.8,0.8,0.8,0.8,15,0.6400000000000001,0.6400000000000001
0.8987868382443854,0.10121316175561457,0.5325,0.4675000000000001,44.0,274.0,False,876.0,0.0,1.0,01,operational,0.8,0.8,0.8,0.8,15,0.6400000000000001,0.6400000000000001
0.7282137512015524,0.2717862487984476,0.5748999999999999,0.42510000000000014,54.0,,True,876.0,1.0,0.7749999999999999,11,operational,0.8,0.8,0.8,0.8,15,0.6400000000000001,0.6400000000000001
0.91812,0.08187999999999995,0.5325,0.4675000000000001,44.0,229.0,False,876.0,0.0,1.0,00,operational,0.8,1.0,0.8,1.0,15,0.8,0.8
0.9024926747685186,0.09750732523148142,0.5861562499999999,0.41384375,56.0,230.0,False,876.0,0.0,1.0,10,operational,0.8,1.0,0.8,1.0,15,0.8,0.8
0.896554141796362,0.10344585820363805,0.5325,0.4675000000000001,44.0,282.0,False,876.0,0.0,1.0,01,operational,0.8,1.0,0.8,1.0,15,0.8,0.8
0.6204181800426974,0.37958181995730256,0.5861562499999999,0.41384375,56.0,,True,876.0,1.0,0.6450000000000001,11,operational,0.8,1.0,0.8,1.0,15,0.8,0.8
0.91812,0.08187999999999995,0.5325,0.4675000000000001,44.0,229.0,False,876.0,0.0,1.0,00,operational,1.0,0.2,1.0,0.2,15,0.2,0.2
0.9153901292824074,0.08460987071759263,0.5325,0.4675000000000001,44.0,229.0,False,876.0,0.0,1.0,10,operational,1.0,0.2,1.0,0.2,15,0.2,0.2
0.9143911486873969,0.0856088513126031,0.5325,0.4675000000000001,44.0,237.0,False,876.0,0.0,1.0,01,operational,1.0,0.2,1.0,0.2,15,0.2,0.2
0.9109328190019546,0.08906718099804545,0.5325,0.4675000000000001,44.0,239.0,False,876.0,0.0,1.0,11,operational,1.0,0.2,1.0,0.2,15,0.2,0.2
0.91812,0.08187999999999995,0.5325,0.4675000000000001,44.0,229.0,False,876.0,0.0,1.0,00,operational,1.0,0.4,1.0,0.4,15,0.4,0.4
0.9109332365740741,0.0890667634259259,0.5494999999999999,0.45050000000000007,55.0,230.0,False,876.0,0.0,1.0,10,operational,1.0,0.4,1.0,0.4,15,0.4,0.4
0.9096577825275652,0.09034221747243476,0.5325,0.4675000000000001,44.0,248.0,False,876.0,0.0,1.0,01,operational,1.0,0.4,1.0,0.4,15,0.4,0.4
0.8986943679326396,0.10130563206736043,0.5494999999999999,0.45050000000000007,55.0,255.0,False,876.0,0.0,1.0,11,operational,1.0,0.4,1.0,0.4,15,0.4,0.4
0.91812,0.08187999999999995,0.5325,0.4675000000000001,44.0,229.0,False,876.0,0.0,1.0,00,operational,1.0,0.6,1.0,0.6,15,0.6,0.6
0.90660393125,0.09339606874999995,0.5708937499999999,0.42910625000000013,56.0,230.0,False,876.0,0.0,1.0,10,operational,1.0,0.6,1.0,0.6,15,0.6,0.6
0.9024436481183341,0.09755635188166589,0.5325,0.4675000000000001,44.0,264.0,False,876.0,0.0,1.0,01,operational,1.0,0.6,1.0,0.6,15,0.6,0.6
0.879577787530199,0.120422212469801,0.5708937499999999,0.42910625000000013,56.0,283.0,False,876.0,0.0,1.0,11,operational,1.0,0.6,1.0,0.6,15,0.6,0.6
0.91812,0.08187999999999995,0.5325,0.4675000000000001,44.0,229.0,False,876.0,0.0,1.0,00,operational,1.0,0.8,1.0,0.8,15,0.8,0.8
0.9022920287037037,0.09770797129629627,0.5888999999999999,0.41110000000000013,55.0,230.0,False,876.0,0.0,1.0,10,operational,1.0,0.8,1.0,0.8,15,0.8,0.8
0.8986136545017405,0.10138634549825953,0.5325,0.4675000000000001,44.0,275.0,False,876.0,0.0,1.0,01,operational,1.0,0.8,1.0,0.8,15,0.8,0.8
0.7235529138208181,0.2764470861791819,0.5888999999999999,0.41110000000000013,55.0,,True,876.0,1.0,0.7749999999999999,11,operational,1.0,0.8,1.0,0.8,15,0.8,0.8
0.91812,0.08187999999999995,0.5325,0.4675000000000001,44.0,229.0,False,876.0,0.0,1.0,00,operational,1.0,1.0,1.0,1.0,15,1.0,1.0
0.8979469108796296,0.10205308912037037,0.60365625,0.39634375000000005,56.0,230.0,False,876.0,0.0,1.0,10,operational,1.0,1.0,1.0,1.0,15,1.0,1.0
0.8963274340277778,0.10367256597222219,0.5325,0.4675000000000001,44.0,283.0,False,876.0,0.0,1.0,01,operational,1.0,1.0,1.0,1.0,15,1.0,1.0
0.5592049621898837,0.4407950378101163,0.60365625,0.39634375000000005,56.0,,True,876.0,1.0,0.5750000000000001,11,operational,1.0,1.0,1.0,1.0,15,1.0,1.0
0.8870542361111111,0.11294576388888888,0.63,0.37,44.0,272.0,False,876.0,0.0,1.0,00,operational,0.2,0.2,0.2,0.2,16,0.04000000000000001,0.04000000000000001
0.8858984490740741,0.11410155092592589,0.63,0.37,44.0,272.0,False,876.0,0.0,1.0,10,operational,0.2,0.2,0.2,0.2,16,0.04000000000000001,0.04000000000000001
0.8841185301900198,0.11588146980998015,0.63,0.37,44.0,277.0,False,876.0,0.0,1.0,01,operational,0.2,0.2,0.2,0.2,16,0.04000000000000001,0.04000000000000001
0.8828826539455963,0.11711734605440371,0.63,0.37,44.0,277.0,False,876.0,0.0,1.0,11,operational,0.2,0.2,0.2,0.2,16,0.04000000000000001,0.04000000000000001
0.8870542361111111,0.11294576388888888,0.63,0.37,44.0,272.0,False,876.0,0.0,1.0,00,operational,0.2,0.4,0.2,0.4,16,0.08000000000000002,0.08000000000000002
0.8841648842592593,0.11583511574074068,0.64,0.36,55.0,272.0,False,876.0,0.0,1.0,10,operational,0.2,0.4,0.2,0.4,16,0.08000000000000002,0.08000000000000002
0.8803259299768518,0.11967407002314823,0.63,0.37,44.0,283.0,False,876.0,0.0,1.0,01,operational,0.2,0.4,0.2,0.4,16,0.08000000000000002,0.08000000000000002
0.87708855245827,0.12291144754173,0.64,0.36,55.0,284.0,False,876.0,0.0,1.0,11,operational,0.2,0.4,0.2,0.4,16,0.08000000000000002,0.08000000000000002
0.8870542361111111,0.11294576388888888,0.63,0.37,44.0,272.0,False,876.0,0.0,1.0,00,operational,0.2,0.6,0.2,0.6,16,0.12,0.12
0.8824336805555556,0.1175663194444444,0.65004375,0.34995624999999997,56.0,272.0,False,876.0,0.0,1.0,10,operational,0.2,0.6,0.2,0.6,16,0.12,0.12
0.874780261863426,0.12521973813657405,0.63,0.37,44.0,293.0,False,876.0,0.0,1.0,01,operational,0.2,0.6,0.2,0.6,16,0.12,0.12
0.869231220029794,0.13076877997020597,0.65004375,0.34995624999999997,56.0,294.0,False,876.0,0.0,1.0,11,operational,0.2,0.6,0.2,0.6,16,0.12,0.12
0.8870542361111111,0.11294576388888888,0.63,0.37,44.0,272.0,False,876.0,0.0,1.0,00,operational,0.2,0.8,0.2,0.8,16,0.16000000000000003,0.16000000000000003
0.8807202546296296,0.11927974537037045,0.6584000000000001,0.34159999999999996,55.0,272.0,False,876.0,0.0,1.0,10,operational,0.2,0.8,0.2,0.8,16,0.16000000000000003,0.16000000000000003
0.8680048885030863,0.13199511149691368,0.63,0.37,44.0,304.0,False,876.0,0.0,1.0,01,operational,0.2,0.8,0.2,0.8,16,0.16000000000000003,0.16000000000000003
0.8599629927302163,0.14003700726978374,0.6584000000000001,0.34159999999999996,55.0,307.0,False,876.0,0.0,1.0,11,operational,0.2,0.8,0.2,0.8,16,0.16000000000000003,0.16000000000000003
0.8870542361111111,0.11294576388888888,0.63,0.37,44.0,272.0,False,876.0,0.0,1.0,00,operational,0.2,1.0,0.2,1.0,16,0.2,0.2
0.8790002662037036,0.12099973379629636,0.6655,0.33449999999999996,52.0,272.0,False,876.0,0.0,1.0,10,operational,0.2,1.0,0.2,1.0,16,0.2,0.2
0.8680192206790124,0.13198077932098762,0.63,0.37,44.0,310.0,False,876.0,0.0,1.0,01,operational,0.2,1.0,0.2,1.0,16,0.2,0.2
0.8364156973379628,0.16358430266203716,0.6655,0.33449999999999996,52.0,,True,876.0,1.0,0.9649999999999999,11,operational,0.2,1.0,0.2,1.0,16,0.2,0.2
0.8870542361111111,0.11294576388888888,0.63,0.37,44.0,272.0,False,876.0,0.0,1.0,00,operational,0.4,0.2,0.4,0.2,16,0.08000000000000002,0.08000000000000002
0.885379174537037,0.11462082546296304,0.63,0.37,44.0,272.0,False,876.0,0.0,1.0,10,operational,0.4,0.2,0.4,0.2,16,0.08000000000000002,0.08000000000000002
0.8850852581018518,0.11491474189814821,0.63,0.37,44.0,275.0,False,876.0,0.0,1.0,01,operational,0.4,0.2,0.4,0.2,16,0.08000000000000002,0.08000000000000002
0.8832635039470978,0.11673649605290215,0.63,0.37,44.0,276.0,False,876.0,0.0,1.0,11,operational,0.4,0.2,0.4,0.2,16,0.08000000000000002,0.08000000000000002
0.8870542361111111,0.11294576388888888,0.63,0.37,44.0,272.0,False,876.0,0.0,1.0,00,operational,0.4,0.4,0.4,0.4,16,0.16000000000000003,0.16000000000000003
0.8829336065972221,0.11706639340277791,0.63,0.37,44.0,272.0,False,876.0,0.0,1.0,10,operational,0.4,0.4,0.4,0.4,16,0.16000000000000003,0.16000000000000003
0.8825623834104939,0.11743761658950613,0.63,0.37,44.0,280.0,False,876.0,0.0,1.0,01,operational,0.4,0.4,0.4,0.4,16,0.16000000000000003,0.16000000000000003
0.8777685042837109,0.1222314957162891,0.63,0.37,44.0,282.0,False,876.0,0.0,1.0,11,operational,0.4,0.4,0.4,0.4,16,0.16000000000000003,0.16000000000000003
0.8870542361111111,0.11294576388888888,0.63,0.37,44.0,272.0,False,876.0,0.0,1.0,00,operational,0.4,0.6,0.4,0.6,16,0.24,0.24
0.8805156138888889,0.11948438611111112,0.6368625,0.3631375,56.0,272.0,False,876.0,0.0,1.0,10,operational,0.4,0.6,0.4,0.6,16,0.24,0.24
0.8790055302714647,0.12099446972853534,0.63,0.37,44.0,287.0,False,876.0,0.0,1.0,01,operational,0.4,0.6,0.4,0.6,16,0.24,0.24
0.8706293123558052,0.1293706876441948,0.6368625,0.3631375,56.0,290.0,False,876.0,0.0,1.0,11,operational,0.4,0.6,0.4,0.6,16,0.24,0.24
0.8870542361111111,0.11294576388888888,0.63,0.37,44.0,272.0,False,876.0,0.0,1.0,00,operational,0.4,0.8,0.4,0.8,16,0.32000000000000006,0.32000000000000006
0.8780990361111112,0.12190096388888882,0.6426000000000001,0.35739999999999994,55.0,272.0,False,876.0,0.0,1.0,10,operational,0.4,0.8,0.4,0.8,16,0.32000000000000006,0.32000000000000006
0.875576643287037,0.124423356712963,0.63,0.37,44.0,293.0,False,876.0,0.0,1.0,01,operational,0.4,0.8,0.4,0.8,16,0.32000000000000006,0.32000000000000006
0.8627008045342149,0.13729919546578506,0.6426000000000001,0.35739999999999994,55.0,301.0,False,876.0,0.0,1.0,11,operational,0.4,0.8,0.4,0.8,16,0.32000000000000006,0.32000000000000006
0.8870542361111111,0.11294576388888888,0.63,0.37,44.0,272.0,False,876.0,0.0,1.0,00,operational,0.4,1.0,0.4,1.0,16,0.4,0.4
0.8756826666666666,0.12431733333333339,0.64575,0.35424999999999995,52.0,272.0,False,876.0,0.0,1.0,10,operational,0.4,1.0,0.4,1.0,16,0.4,0.4
0.8743421626157407,0.12565783738425929,0.63,0.37,44.0,298.0,False,876.0,0.0,1.0,01,operational,0.4,1.0,0.4,1.0,16,0.4,0.4
0.790766570430901,0.20923342956909896,0.64575,0.35424999999999995,52.0,,True,876.0,1.0,0.8950000000000001,11,operational,0.4,1.0,0.4,1.0,16,0.4,0.4
0.8870542361111111,0.11294576388888888,0.63,0.37,44.0,272.0,False,876.0,0.0,1.0,00,operational,0.6,0.2,0.6,0.2,16,0.12,0.12
0.8837800766550926,0.11621992334490738,0.63,0.37,44.0,272.0,False,876.0,0.0,1.0,10,operational,0.6,0.2,0.6,0.2,16,0.12,0.12
0.8846733283702579,0.11532667162974208,0.63,0.37,44.0,276.0,False,876.0,0.0,1.0,01,operational,0.6,0.2,0.6,0.2,16,0.12,0.12
0.880722960138375,0.11927703986162497,0.63,0.37,44.0,277.0,False,876.0,0.0,1.0,11,operational,0.6,0.2,0.6,0.2,16,0.12,0.12
0.8870542361111111,0.11294576388888888,0.63,0.37,44.0,272.0,False,876.0,0.0,1.0,00,operational,0.6,0.4,0.6,0.4,16,0.24,0.24
0.878974186875,0.12102581312500005,0.66,0.33999999999999997,56.0,272.0,False,876.0,0.0,1.0,10,operational,0.6,0.4,0.6,0.4,16,0.24,0.24
0.8815926581711596,0.11840734182884038,0.63,0.37,44.0,282.0,False,876.0,0.0,1.0,01,operational,0.6,0.4,0.6,0.4,16,0.24,0.24
0.8703988799180907,0.12960112008190927,0.66,0.33999999999999997,56.0,287.0,False,876.0,0.0,1.0,11,operational,0.6,0.4,0.6,0.4,16,0.24,0.24
0.8870542361111111,0.11294576388888888,0.63,0.37,44.0,272.0,False,876.0,0.0,1.0,00,operational,0.6,0.6,0.6,0.6,16,0.36,0.36
0.8741712343055554,0.12582876569444457,0.6880625,0.3119374999999999,56.0,272.0,False,876.0,0.0,1.0,10,operational,0.6,0.6,0.6,0.6,16,0.36,0.36
0.8772115288775856,0.12278847112241442,0.63,0.37,44.0,291.0,False,876.0,0.0,1.0,01,operational,0.6,0.6,0.6,0.6,16,0.36,0.36
0.85542834703498,0.14457165296501995,0.6880625,0.3119374999999999,56.0,303.0,False,876.0,0.0,1.0,11,operational,0.6,0.6,0.6,0.6,16,0.36,0.36
0.8870542361111111,0.11294576388888888,0.63,0.37,44.0,272.0,False,876.0,0.0,1.0,00,operational,0.6,0.8,0.6,0.8,16,0.48,0.48
0.8693858911111112,0.1306141088888888,0.7124,0.28759999999999997,55.0,272.0,False,876.0,0.0,1.0,10,operational,0.6,0.8,0.6,0.8,16,0.48,0.48
0.8718635957387487,0.12813640426125128,0.63,0.37,44.0,301.0,False,876.0,0.0,1.0,01,operational,0.6,0.8,0.6,0.8,16,0.48,0.48
0.7672011522014043,0.23279884779859572,0.7124,0.28759999999999997,55.0,,True,876.0,1.0,0.8649999999999999,11,operational,0.6,0.8,0.6,0.8,16,0.48,0.48
0.8870542361111111,0.11294576388888888,0.63,0.37,44.0,272.0,False,876.0,0.0,1.0,00,operational,0.6,1.0,0.6,1.0,16,0.6,0.6
0.8646059229166667,0.1353940770833333,0.73321875,0.26678125,56.0,272.0,False,876.0,0.0,1.0,10,operational,0.6,1.0,0.6,1.0,16,0.6,0.6
0.8723495919753086,0.1276504080246914,0.63,0.37,44.0,305.0,False,876.0,0.0,1.0,01,operational,0.6,1.0,0.6,1.0,16,0.6,0.6
0.7007743083677425,0.29922569163225754,0.73321875,0.26678125,56.0,,True,876.0,1.0,0.78,11,operational,0.6,1.0,0.6,1.0,16,0.6,0.6
0.8870542361111111,0.11294576388888888,0.63,0.37,44.0,272.0,False,876.0,0.0,1.0,00,operational,0.8,0.2,0.8,0.2,16,0.16000000000000003,0.16000000000000003
0.88264470234375,0.11735529765624997,0.63,0.37,44.0,272.0,False,876.0,0.0,1.0,10,operational,0.8,0.2,0.8,0.2,16,0.16000000000000003,0.16000000000000003
0.8843305073524516,0.11566949264754844,0.63,0.37,44.0,277.0,False,876.0,0.0,1.0,01,operational,0.8,0.2,0.8,0.2,16,0.16000000000000003,0.16000000000000003
0.8789768032585287,0.12102319674147133,0.63,0.37,44.0,279.0,False,876.0,0.0,1.0,11,operational,0.8,0.2,0.8,0.2,16,0.16000000000000003,0.16000000000000003
0.8870542361111111,0.11294576388888888,0.63,0.37,44.0,272.0,False,876.0,0.0,1.0,00,operational,0.8,0.4,0.8,0.4,16,0.32000000000000006,0.32000000000000006
0.8764571486111111,0.12354285138888887,0.667,0.333,56.0,272.0,False,876.0,0.0,1.0,10,operational,0.8,0.4,0.8,0.4,16,0.32000000000000006,0.32000000000000006
0.8810507109567901,0.1189492890432099,0.63,0.37,44.0,284.0,False,876.0,0.0,1.0,01,operational,0.8,0.4,0.8,0.4,16,0.32000000000000006,0.32000000000000006
0.8659594993958611,0.13404050060413886,0.667,0.333,56.0,292.0,False,876.0,0.0,1.0,11,operational,0.8,0.4,0.8,0.4,16,0.32000000000000006,0.32000000000000006
0.8870542361111111,0.11294576388888888,0.63,0.37,44.0,272.0,False,876.0,0.0,1.0,00,operational,0.8,0.6,0.8,0.6,16,0.48,0.48
0.8703129269097223,0.12968707309027772,0.6994250000000001,0.3005749999999999,56.0,272.0,False,876.0,0.0,1.0,10,operational,0.8,0.6,0.8,0.6,16,0.48,0.48
0.8766001810918164,0.12339981890818363,0.63,0.37,44.0,293.0,False,876.0,0.0,1.0,01,operational,0.8,0.6,0.8,0.6,16,0.48,0.48
0.846947789405719,0.15305221059428098,0.6994250000000001,0.3005749999999999,56.0,313.0,False,876.0,0.0,1.0,11,operational,0.8,0.6,0.8,0.6,16,0.48,0.48
0.8870542361111111,0.11294576388888888,0.63,0.37,44.0,272.0,False,876.0,0.0,1.0,00,operational,0.8,0.8,0.8,0.8,16,0.6400000000000001,0.6400000000000001
0.8642026756944444,0.13579732430555558,0.7264,0.27359999999999995,54.0,272.0,False,876.0,0.0,1.0,10,operational,0.8,0.8,0.8,0.8,16,0.6400000000000001,0.6400000000000001
0.8703352119954144,0.12966478800458558,0.63,0.37,44.0,306.0,False,876.0,0.0,1.0,01,operational,0.8,0.8,0.8,0.8,16,0.6400000000000001,0.6400000000000001
0.7252769329350235,0.2747230670649765,0.7264,0.27359999999999995,54.0,,True,876.0,1.0,0.82,11,operational,0.8,0.8,0.8,0.8,16,0.6400000000000001,0.6400000000000001
0.8870542361111111,0.11294576388888888,0.63,0.37,44.0,272.0,False,876.0,0.0,1.0,00,operational,0.8,1.0,0.8,1.0,16,0.8,0.8
0.8580827369791666,0.1419172630208334,0.7505,0.2495,51.0,273.0,False,876.0,0.0,1.0,10,operational,0.8,1.0,0.8,1.0,16,0.8,0.8
0.8686498716820987,0.13135012831790127,0.63,0.37,44.0,315.0,False,876.0,0.0,1.0,01,operational,0.8,1.0,0.8,1.0,16,0.8,0.8
0.5491695138020284,0.4508304861979716,0.7505,0.2495,51.0,,True,876.0,1.0,0.5900000000000001,11,operational,0.8,1.0,0.8,1.0,16,0.8,0.8
0.8870542361111111,0.11294576388888888,0.63,0.37,44.0,272.0,False,876.0,0.0,1.0,00,operational,1.0,0.2,1.0,0.2,16,0.2,0.2
0.8819619908622685,0.11803800913773155,0.63,0.37,44.0,272.0,False,876.0,0.0,1.0,10,operational,1.0,0.2,1.0,0.2,16,0.2,0.2
0.8820217492392145,0.1179782507607855,0.63,0.37,44.0,281.0,False,876.0,0.0,1.0,01,operational,1.0,0.2,1.0,0.2,16,0.2,0.2
0.8754645566346807,0.1245354433653193,0.63,0.37,44.0,284.0,False,876.0,0.0,1.0,11,operational,1.0,0.2,1.0,0.2,16,0.2,0.2
0.8870542361111111,0.11294576388888888,0.63,0.37,44.0,272.0,False,876.0,0.0,1.0,00,operational,1.0,0.4,1.0,0.4,16,0.4,0.4
0.8747300126851852,0.12526998731481476,0.667,0.333,56.0,272.0,False,876.0,0.0,1.0,10,operational,1.0,0.4,1.0,0.4,16,0.4,0.4
0.8756903497756932,0.12430965022430684,0.63,0.37,44.0,293.0,False,876.0,0.0,1.0,01,operational,1.0,0.4,1.0,0.4,16,0.4,0.4
0.856463282745483,0.143536717254517,0.667,0.333,56.0,304.0,False,876.0,0.0,1.0,11,operational,1.0,0.4,1.0,0.4,16,0.4,0.4
0.8870542361111111,0.11294576388888888,0.63,0.37,44.0,272.0,False,876.0,0.0,1.0,00,operational,1.0,0.6,1.0,0.6,16,0.6,0.6
0.8675444452430555,0.13245555475694448,0.7040000000000001,0.29599999999999993,56.0,273.0,False,876.0,0.0,1.0,10,operational,1.0,0.6,1.0,0.6,16,0.6,0.6
0.8668126432420951,0.13318735675790494,0.63,0.37,44.0,311.0,False,876.0,0.0,1.0,01,operational,1.0,0.6,1.0,0.6,16,0.6,0.6
0.8267814176580454,0.17321858234195464,0.7040000000000001,0.29599999999999993,56.0,340.0,False,876.0,0.0,1.0,11,operational,1.0,0.6,1.0,0.6,16,0.6,0.6
0.8870542361111111,0.11294576388888888,0.63,0.37,44.0,272.0,False,876.0,0.0,1.0,00,operational,1.0,0.8,1.0,0.8,16,0.8,0.8
0.8603928482870371,0.1396071517129629,0.7348000000000001,0.26519999999999994,55.0,273.0,False,876.0,0.0,1.0,10,operational,1.0,0.8,1.0,0.8,16,0.8,0.8
0.8567545576329028,0.14324544236709724,0.63,0.37,44.0,330.0,False,876.0,0.0,1.0,01,operational,1.0,0.8,1.0,0.8,16,0.8,0.8
0.6179733448008006,0.3820266551991994,0.7348000000000001,0.26519999999999994,55.0,,True,876.0,1.0,0.6849999999999998,11,operational,1.0,0.8,1.0,0.8,16,0.8,0.8
0.8870542361111111,0.11294576388888888,0.63,0.37,44.0,272.0,False,876.0,0.0,1.0,00,operational,1.0,1.0,1.0,1.0,16,1.0,1.0
0.8532321888310185,0.14676781116898152,0.76121875,0.23878125,56.0,273.0,False,876.0,0.0,1.0,10,operational,1.0,1.0,1.0,1.0,16,1.0,1.0
0.8539555184446415,0.14604448155535854,0.63,0.37,44.0,342.0,False,876.0,0.0,1.0,01,operational,1.0,1.0,1.0,1.0,16,1.0,1.0
0.36347822564425847,0.6365217743557415,0.76121875,0.23878125,56.0,,True,876.0,1.0,0.3700000000000001,11,operational,1.0,1.0,1.0,1.0,16,1.0,1.0
0.931191875,0.068808125,0.4850000000000001,0.5149999999999999,44.0,210.0,False,876.0,0.0,1.0,00,operational,0.2,0.2,0.2,0.2,17,0.04000000000000001,0.04000000000000001
0.9305662481944443,0.06943375180555567,0.4850000000000001,0.5149999999999999,44.0,210.0,False,876.0,0.0,1.0,10,operational,0.2,0.2,0.2,0.2,17,0.04000000000000001,0.04000000000000001
0.9306723334098066,0.0693276665901934,0.4850000000000001,0.5149999999999999,44.0,211.0,False,876.0,0.0,1.0,01,operational,0.2,0.2,0.2,0.2,17,0.04000000000000001,0.04000000000000001
0.929992742928111,0.07000725707188904,0.4850000000000001,0.5149999999999999,44.0,211.0,False,876.0,0.0,1.0,11,operational,0.2,0.2,0.2,0.2,17,0.04000000000000001,0.04000000000000001
0.931191875,0.068808125,0.4850000000000001,0.5149999999999999,44.0,210.0,False,876.0,0.0,1.0,00,operational,0.2,0.4,0.2,0.4,17,0.08000000000000002,0.08000000000000002
0.9293978088888889,0.0706021911111111,0.4920000000000001,0.5079999999999999,52.0,210.0,False,876.0,0.0,1.0,10,operational,0.2,0.4,0.2,0.4,17,0.08000000000000002,0.08000000000000002
0.9301072898148148,0.06989271018518517,0.4850000000000001,0.5149999999999999,44.0,213.0,False,876.0,0.0,1.0,01,operational,0.2,0.4,0.2,0.4,17,0.08000000000000002,0.08000000000000002
0.9276463042055182,0.07235369579448181,0.4920000000000001,0.5079999999999999,52.0,214.0,False,876.0,0.0,1.0,11,operational,0.2,0.4,0.2,0.4,17,0.08000000000000002,0.08000000000000002
0.931191875,0.068808125,0.4850000000000001,0.5149999999999999,44.0,210.0,False,876.0,0.0,1.0,00,operational,0.2,0.6,0.2,0.6,17,0.12,0.12
0.9282257758333334,0.07177422416666657,0.502375,0.49762499999999993,56.0,210.0,False,876.0,0.0,1.0,10,operational,0.2,0.6,0.2,0.6,17,0.12,0.12
0.9294614341593668,0.07053856584063323,0.4850000000000001,0.5149999999999999,44.0,214.0,False,876.0,0.0,1.0,01,operational,0.2,0.6,0.2,0.6,17,0.12,0.12
0.9244338271178386,0.07556617288216139,0.502375,0.49762499999999993,56.0,218.0,False,876.0,0.0,1.0,11,operational,0.2,0.6,0.2,0.6,17,0.12,0.12
0.931191875,0.068808125,0.4850000000000001,0.5149999999999999,44.0,210.0,False,876.0,0.0,1.0,00,operational,0.2,0.8,0.2,0.8,17,0.16000000000000003,0.16000000000000003
0.9270554094444444,0.07294459055555558,0.5130000000000001,0.4869999999999998,54.0,210.0,False,876.0,0.0,1.0,10,operational,0.2,0.8,0.2,0.8,17,0.16000000000000003,0.16000000000000003
0.9287855939814814,0.07121440601851858,0.4850000000000001,0.5149999999999999,44.0,216.0,False,876.0,0.0,1.0,01,operational,0.2,0.8,0.2,0.8,17,0.16000000000000003,0.16000000000000003
0.893358461904762,0.10664153809523802,0.5130000000000001,0.4869999999999998,54.0,,True,876.0,1.0,0.9550000000000001,11,operational,0.2,0.8,0.2,0.8,17,0.16000000000000003,0.16000000000000003
0.931191875,0.068808125,0.4850000000000001,0.5149999999999999,44.0,210.0,False,876.0,0.0,1.0,00,operational,0.2,1.0,0.2,1.0,17,0.2,0.2
0.9258851819444445,0.07411481805555553,0.5200000000000001,0.47999999999999987,52.0,210.0,False,876.0,0.0,1.0,10,operational,0.2,1.0,0.2,1.0,17,0.2,0.2
0.9279101092592593,0.07208989074074068,0.4850000000000001,0.5149999999999999,44.0,218.0,False,876.0,0.0,1.0,01,operational,0.2,1.0,0.2,1.0,17,0.2,0.2
0.8877819777777776,0.11221802222222244,0.5200000000000001,0.47999999999999987,52.0,,True,876.0,1.0,0.95,11,operational,0.2,1.0,0.2,1.0,17,0.2,0.2
0.931191875,0.068808125,0.4850000000000001,0.5149999999999999,44.0,210.0,False,876.0,0.0,1.0,00,operational,0.4,0.2,0.4,0.2,17,0.08000000000000002,0.08000000000000002
0.9301578091782406,0.06984219082175935,0.4850000000000001,0.5149999999999999,44.0,210.0,False,876.0,0.0,1.0,10,operational,0.4,0.2,0.4,0.2,17,0.08000000000000002,0.08000000000000002
0.9300406648879143,0.06995933511208574,0.4850000000000001,0.5149999999999999,44.0,213.0,False,876.0,0.0,1.0,01,operational,0.4,0.2,0.4,0.2,17,0.08000000000000002,0.08000000000000002
0.9288571900248664,0.07114280997513356,0.4850000000000001,0.5149999999999999,44.0,213.0,False,876.0,0.0,1.0,11,operational,0.4,0.2,0.4,0.2,17,0.08000000000000002,0.08000000000000002
0.931191875,0.068808125,0.4850000000000001,0.5149999999999999,44.0,210.0,False,876.0,0.0,1.0,00,operational,0.4,0.4,0.4,0.4,17,0.16000000000000003,0.16000000000000003
0.9284728492592592,0.07152715074074079,0.4990000000000001,0.5009999999999999,52.0,210.0,False,876.0,0.0,1.0,10,operational,0.4,0.4,0.4,0.4,17,0.16000000000000003,0.16000000000000003
0.9287661954310868,0.07123380456891315,0.4850000000000001,0.5149999999999999,44.0,216.0,False,876.0,0.0,1.0,01,operational,0.4,0.4,0.4,0.4,17,0.16000000000000003,0.16000000000000003
0.9245470447908933,0.07545295520910666,0.4990000000000001,0.5009999999999999,52.0,219.0,False,876.0,0.0,1.0,11,operational,0.4,0.4,0.4,0.4,17,0.16000000000000003,0.16000000000000003
0.931191875,0.068808125,0.4850000000000001,0.5149999999999999,44.0,210.0,False,876.0,0.0,1.0,00,operational,0.4,0.6,0.4,0.6,17,0.24,0.24
0.9267773502777777,0.07322264972222225,0.5060000000000001,0.4939999999999999,46.0,210.0,False,876.0,0.0,1.0,10,operational,0.4,0.6,0.4,0.6,17,0.24,0.24
0.9273447625,0.07265523750000003,0.4850000000000001,0.5149999999999999,44.0,220.0,False,876.0,0.0,1.0,01,operational,0.4,0.6,0.4,0.6,17,0.24,0.24
0.9181345976712061,0.08186540232879391,0.5060000000000001,0.4939999999999999,46.0,230.0,False,876.0,0.0,1.0,11,operational,0.4,0.6,0.4,0.6,17,0.24,0.24
0.931191875,0.068808125,0.4850000000000001,0.5149999999999999,44.0,210.0,False,876.0,0.0,1.0,00,operational,0.4,0.8,0.4,0.8,17,0.32000000000000006,0.32000000000000006
0.9250641846296296,0.07493581537037042,0.5130000000000001,0.48699999999999993,44.0,210.0,False,876.0,0.0,1.0,10,operational,0.4,0.8,0.4,0.8,17,0.32000000000000006,0.32000000000000006
0.9257418174618736,0.07425818253812644,0.4850000000000001,0.5149999999999999,44.0,224.0,False,876.0,0.0,1.0,01,operational,0.4,0.8,0.4,0.8,17,0.32000000000000006,0.32000000000000006
0.8551119141159831,0.14488808588401692,0.5130000000000001,0.48699999999999993,44.0,,True,876.0,1.0,0.9100000000000001,11,operational,0.4,0.8,0.4,0.8,17,0.32000000000000006,0.32000000000000006
0.931191875,0.068808125,0.4850000000000001,0.5149999999999999,44.0,210.0,False,876.0,0.0,1.0,00,operational,0.4,1.0,0.4,1.0,17,0.4,0.4
0.9233519842592592,0.07664801574074076,0.5202187500000001,0.47978124999999994,56.0,210.0,False,876.0,0.0,1.0,10,operational,0.4,1.0,0.4,1.0,17,0.4,0.4
0.923756738425926,0.07624326157407402,0.4850000000000001,0.5149999999999999,44.0,229.0,False,876.0,0.0,1.0,01,operational,0.4,1.0,0.4,1.0,17,0.4,0.4
0.7904660722222222,0.2095339277777778,0.5202187500000001,0.47978124999999994,56.0,,True,876.0,1.0,0.8300000000000001,11,operational,0.4,1.0,0.4,1.0,17,0.4,0.4
0.931191875,0.068808125,0.4850000000000001,0.5149999999999999,44.0,210.0,False,876.0,0.0,1.0,00,operational,0.6,0.2,0.6,0.2,17,0.12,0.12
0.9287986994907407,0.07120130050925932,0.4850000000000001,0.5149999999999999,44.0,210.0,False,876.0,0.0,1.0,10,operational,0.6,0.2,0.6,0.2,17,0.12,0.12
0.9293619583442045,0.07063804165579546,0.4850000000000001,0.5149999999999999,44.0,214.0,False,876.0,0.0,1.0,01,operational,0.6,0.2,0.6,0.2,17,0.12,0.12
0.9265102156791964,0.07348978432080355,0.4850000000000001,0.5149999999999999,44.0,216.0,False,876.0,0.0,1.0,11,operational,0.6,0.2,0.6,0.2,17,0.12,0.12
0.931191875,0.068808125,0.4850000000000001,0.5149999999999999,44.0,210.0,False,876.0,0.0,1.0,00,operational,0.6,0.4,0.6,0.4,17,0.24,0.24
0.9250257809259259,0.07497421907407409,0.5122625000000001,0.4877375,56.0,210.0,False,876.0,0.0,1.0,10,operational,0.6,0.4,0.6,0.4,17,0.24,0.24
0.9272094938236793,0.07279050617632066,0.4850000000000001,0.5149999999999999,44.0,220.0,False,876.0,0.0,1.0,01,operational,0.6,0.4,0.6,0.4,17,0.24,0.24
0.9183432367732779,0.0816567632267221,0.5122625000000001,0.4877375,56.0,226.0,False,876.0,0.0,1.0,11,operational,0.6,0.4,0.6,0.4,17,0.24,0.24
0.931191875,0.068808125,0.4850000000000001,0.5149999999999999,44.0,210.0,False,876.0,0.0,1.0,00,operational,0.6,0.6,0.6,0.6,17,0.36,0.36
0.9212491227777778,0.07875087722222218,0.539725,0.46027499999999993,56.0,210.0,False,876.0,0.0,1.0,10,operational,0.6,0.6,0.6,0.6,17,0.36,0.36
0.9245080795992776,0.07549192040072239,0.4850000000000001,0.5149999999999999,44.0,227.0,False,876.0,0.0,1.0,01,operational,0.6,0.6,0.6,0.6,17,0.36,0.36
0.9066814929758743,0.0933185070241257,0.539725,0.46027499999999993,56.0,243.0,False,876.0,0.0,1.0,11,operational,0.6,0.6,0.6,0.6,17,0.36,0.36
0.931191875,0.068808125,0.4850000000000001,0.5149999999999999,44.0,210.0,False,876.0,0.0,1.0,00,operational,0.6,0.8,0.6,0.8,17,0.48,0.48
0.9174939924074074,0.08250600759259263,0.5628000000000001,0.4371999999999999,54.0,210.0,False,876.0,0.0,1.0,10,operational,0.6,0.8,0.6,0.8,17,0.48,0.48
0.9221431192079053,0.07785688079209474,0.4850000000000001,0.5149999999999999,44.0,234.0,False,876.0,0.0,1.0,01,operational,0.6,0.8,0.6,0.8,17,0.48,0.48
0.769713697983595,0.230286302016405,0.5628000000000001,0.4371999999999999,54.0,,True,876.0,1.0,0.82,11,operational,0.6,0.8,0.6,0.8,17,0.48,0.48
0.931191875,0.068808125,0.4850000000000001,0.5149999999999999,44.0,210.0,False,876.0,0.0,1.0,00,operational,0.6,1.0,0.6,1.0,17,0.6,0.6
0.9137180981481481,0.08628190185185192,0.58225,0.41774999999999995,52.0,210.0,False,876.0,0.0,1.0,10,operational,0.6,1.0,0.6,1.0,17,0.6,0.6
0.9200529886805556,0.07994701131944437,0.4850000000000001,0.5149999999999999,44.0,240.0,False,876.0,0.0,1.0,01,operational,0.6,1.0,0.6,1.0,17,0.6,0.6
0.6373268638691884,0.36267313613081165,0.58225,0.41774999999999995,52.0,,True,876.0,1.0,0.66,11,operational,0.6,1.0,0.6,1.0,17,0.6,0.6
0.931191875,0.068808125,0.4850000000000001,0.5149999999999999,44.0,210.0,False,876.0,0.0,1.0,00,operational,0.8,0.2,0.8,0.2,17,0.16000000000000003,0.16000000000000003
0.9283776128356481,0.07162238716435188,0.4850000000000001,0.5149999999999999,44.0,210.0,False,876.0,0.0,1.0,10,operational,0.8,0.2,0.8,0.2,17,0.16000000000000003,0.16000000000000003
0.9286533647664567,0.07134663523354334,0.4850000000000001,0.5149999999999999,44.0,216.0,False,876.0,0.0,1.0,01,operational,0.8,0.2,0.8,0.2,17,0.16000000000000003,0.16000000000000003
0.9252813261513679,0.07471867384863207,0.4850000000000001,0.5149999999999999,44.0,217.0,False,876.0,0.0,1.0,11,operational,0.8,0.2,0.8,0.2,17,0.16000000000000003,0.16000000000000003
0.931191875,0.068808125,0.4850000000000001,0.5149999999999999,44.0,210.0,False,876.0,0.0,1.0,00,operational,0.8,0.4,0.8,0.4,17,0.32000000000000006,0.32000000000000006
0.923575144074074,0.07642485592592596,0.526,0.4739999999999999,56.0,210.0,False,876.0,0.0,1.0,10,operational,0.8,0.4,0.8,0.4,17,0.32000000000000006,0.32000000000000006
0.9252257295481482,0.07477427045185181,0.4850000000000001,0.5149999999999999,44.0,224.0,False,876.0,0.0,1.0,01,operational,0.8,0.4,0.8,0.4,17,0.32000000000000006,0.32000000000000006
0.9145952665904157,0.08540473340958432,0.526,0.4739999999999999,56.0,229.0,False,876.0,0.0,1.0,11,operational,0.8,0.4,0.8,0.4,17,0.32000000000000006,0.32000000000000006
0.931191875,0.068808125,0.4850000000000001,0.5149999999999999,44.0,210.0,False,876.0,0.0,1.0,00,operational,0.8,0.6,0.8,0.6,17,0.48,0.48
0.9187839175,0.08121608250000001,0.560725,0.43927499999999997,56.0,210.0,False,876.0,0.0,1.0,10,operational,0.8,0.6,0.8,0.6,17,0.48,0.48
0.9197312517481482,0.08026874825185182,0.4850000000000001,0.5149999999999999,44.0,236.0,False,876.0,0.0,1.0,01,operational,0.8,0.6,0.8,0.6,17,0.48,0.48
0.8984401507391939,0.10155984926080608,0.560725,0.43927499999999997,56.0,251.0,False,876.0,0.0,1.0,11,operational,0.8,0.6,0.8,0.6,17,0.48,0.48
0.931191875,0.068808125,0.4850000000000001,0.5149999999999999,44.0,210.0,False,876.0,0.0,1.0,00,operational,0.8,0.8,0.8,0.8,17,0.6400000000000001,0.6400000000000001
0.9140376075925926,0.08596239240740744,0.5908000000000001,0.4091999999999999,54.0,210.0,False,876.0,0.0,1.0,10,operational,0.8,0.8,0.8,0.8,17,0.6400000000000001,0.6400000000000001
0.9190074714814814,0.08099252851851857,0.4850000000000001,0.5149999999999999,44.0,242.0,False,876.0,0.0,1.0,01,operational,0.8,0.8,0.8,0.8,17,0.6400000000000001,0.6400000000000001
0.7650009960369643,0.23499900396303575,0.5908000000000001,0.4091999999999999,54.0,,True,876.0,1.0,0.82,11,operational,0.8,0.8,0.8,0.8,17,0.6400000000000001,0.6400000000000001
0.931191875,0.068808125,0.4850000000000001,0.5149999999999999,44.0,210.0,False,876.0,0.0,1.0,00,operational,0.8,1.0,0.8,1.0,17,0.8,0.8
0.9092561587962963,0.09074384120370371,0.61746875,0.38253125,56.0,210.0,False,876.0,0.0,1.0,10,operational,0.8,1.0,0.8,1.0,17,0.8,0.8
0.9194756810185184,0.0805243189814816,0.4850000000000001,0.5149999999999999,44.0,244.0,False,876.0,0.0,1.0,01,operational,0.8,1.0,0.8,1.0,17,0.8,0.8
0.6895959294343182,0.31040407056568176,0.61746875,0.38253125,56.0,,True,876.0,1.0,0.73,11,operational,0.8,1.0,0.8,1.0,17,0.8,0.8
0.931191875,0.068808125,0.4850000000000001,0.5149999999999999,44.0,210.0,False,876.0,0.0,1.0,00,operational,1.0,0.2,1.0,0.2,17,0.2,0.2
0.9276088769560185,0.07239112304398154,0.4850000000000001,0.5149999999999999,44.0,210.0,False,876.0,0.0,1.0,10,operational,1.0,0.2,1.0,0.2,17,0.2,0.2
0.927734297725671,0.07226570227432905,0.4850000000000001,0.5149999999999999,44.0,218.0,False,876.0,0.0,1.0,01,operational,1.0,0.2,1.0,0.2,17,0.2,0.2
0.9232130313318218,0.07678696866817825,0.4850000000000001,0.5149999999999999,44.0,220.0,False,876.0,0.0,1.0,11,operational,1.0,0.2,1.0,0.2,17,0.2,0.2
0.931191875,0.068808125,0.4850000000000001,0.5149999999999999,44.0,210.0,False,876.0,0.0,1.0,00,operational,1.0,0.4,1.0,0.4,17,0.4,0.4
0.9217083181481482,0.07829168185185176,0.5332625,0.46673749999999997,56.0,210.0,False,876.0,0.0,1.0,10,operational,1.0,0.4,1.0,0.4,17,0.4,0.4
0.9232996958148149,0.07670030418518514,0.4850000000000001,0.5149999999999999,44.0,229.0,False,876.0,0.0,1.0,01,operational,1.0,0.4,1.0,0.4,17,0.4,0.4
0.9083897860905212,0.09161021390947877,0.5332625,0.46673749999999997,56.0,239.0,False,876.0,0.0,1.0,11,operational,1.0,0.4,1.0,0.4,17,0.4,0.4
0.931191875,0.068808125,0.4850000000000001,0.5149999999999999,44.0,210.0,False,876.0,0.0,1.0,00,operational,1.0,0.6,1.0,0.6,17,0.6,0.6
0.9158079147222222,0.08419208527777777,0.5785750000000001,0.421425,56.0,210.0,False,876.0,0.0,1.0,10,operational,1.0,0.6,1.0,0.6,17,0.6,0.6
0.9166601764444443,0.08333982355555569,0.4850000000000001,0.5149999999999999,44.0,245.0,False,876.0,0.0,1.0,01,operational,1.0,0.6,1.0,0.6,17,0.6,0.6
0.8845870232252704,0.11541297677472961,0.5785750000000001,0.421425,56.0,273.0,False,876.0,0.0,1.0,11,operational,1.0,0.6,1.0,0.6,17,0.6,0.6
0.931191875,0.068808125,0.4850000000000001,0.5149999999999999,44.0,210.0,False,876.0,0.0,1.0,00,operational,1.0,0.8,1.0,0.8,17,0.8,0.8
0.909939927962963,0.09006007203703703,0.6146,0.38539999999999996,54.0,210.0,False,876.0,0.0,1.0,10,operational,1.0,0.8,1.0,0.8,17,0.8,0.8
0.9146897462679737,0.08531025373202628,0.4850000000000001,0.5149999999999999,44.0,253.0,False,876.0,0.0,1.0,01,operational,1.0,0.8,1.0,0.8,17,0.8,0.8
0.6188256010384099,0.3811743989615901,0.6146,0.38539999999999996,54.0,,True,876.0,1.0,0.6399999999999999,11,operational,1.0,0.8,1.0,0.8,17,0.8,0.8
0.931191875,0.068808125,0.4850000000000001,0.5149999999999999,44.0,210.0,False,876.0,0.0,1.0,00,operational,1.0,1.0,1.0,1.0,17,1.0,1.0
0.9040271842592592,0.09597281574074079,0.64721875,0.35278125000000005,56.0,210.0,False,876.0,0.0,1.0,10,operational,1.0,1.0,1.0,1.0,17,1.0,1.0
0.9135221055555556,0.08647789444444443,0.4850000000000001,0.5149999999999999,44.0,259.0,False,876.0,0.0,1.0,01,operational,1.0,1.0,1.0,1.0,17,1.0,1.0
0.42825673104138157,0.5717432689586184,0.64721875,0.35278125000000005,56.0,,True,876.0,1.0,0.4250000000000001,11,operational,1.0,1.0,1.0,1.0,17,1.0,1.0
0.8727599999999999,0.12724000000000013,0.64,0.36,44.0,299.0,False,876.0,0.0,1.0,00,operational,0.2,0.2,0.2,0.2,18,0.04000000000000001,0.04000000000000001
0.8719592299382715,0.12804077006172854,0.64,0.36,44.0,299.0,False,876.0,0.0,1.0,10,operational,0.2,0.2,0.2,0.2,18,0.04000000000000001,0.04000000000000001
0.8701558968103298,0.1298441031896702,0.64,0.36,44.0,303.0,False,876.0,0.0,1.0,01,operational,0.2,0.2,0.2,0.2,18,0.04000000000000001,0.04000000000000001
0.8693428462115392,0.13065715378846077,0.64,0.36,44.0,303.0,False,876.0,0.0,1.0,11,operational,0.2,0.2,0.2,0.2,18,0.04000000000000001,0.04000000000000001
0.8727599999999999,0.12724000000000013,0.64,0.36,44.0,299.0,False,876.0,0.0,1.0,00,operational,0.2,0.4,0.2,0.4,18,0.08000000000000002,0.08000000000000002
0.8708658209876542,0.1291341790123458,0.64,0.36,44.0,299.0,False,876.0,0.0,1.0,10,operational,0.2,0.4,0.2,0.4,18,0.08000000000000002,0.08000000000000002
0.8667308618055555,0.13326913819444453,0.64,0.36,44.0,308.0,False,876.0,0.0,1.0,01,operational,0.2,0.4,0.2,0.4,18,0.08000000000000002,0.08000000000000002
0.8647553515301254,0.1352446484698746,0.64,0.36,44.0,308.0,False,876.0,0.0,1.0,11,operational,0.2,0.4,0.2,0.4,18,0.08000000000000002,0.08000000000000002
0.8727599999999999,0.12724000000000013,0.64,0.36,44.0,299.0,False,876.0,0.0,1.0,00,operational,0.2,0.6,0.2,0.6,18,0.12,0.12
0.8697101898148148,0.13028981018518515,0.6431500000000001,0.35684999999999995,56.0,299.0,False,876.0,0.0,1.0,10,operational,0.2,0.6,0.2,0.6,18,0.12,0.12
0.8615770128673927,0.13842298713260726,0.64,0.36,44.0,317.0,False,876.0,0.0,1.0,01,operational,0.2,0.6,0.2,0.6,18,0.12,0.12
0.8582986779721913,0.14170132202780872,0.6431500000000001,0.35684999999999995,56.0,317.0,False,876.0,0.0,1.0,11,operational,0.2,0.6,0.2,0.6,18,0.12,0.12
0.8727599999999999,0.12724000000000013,0.64,0.36,44.0,299.0,False,876.0,0.0,1.0,00,operational,0.2,0.8,0.2,0.8,18,0.16000000000000003,0.16000000000000003
0.8685105308641975,0.1314894691358025,0.6442000000000001,0.35579999999999995,51.0,299.0,False,876.0,0.0,1.0,10,operational,0.2,0.8,0.2,0.8,18,0.16000000000000003,0.16000000000000003
0.8568828295518208,0.14311717044817918,0.64,0.36,44.0,325.0,False,876.0,0.0,1.0,01,operational,0.2,0.8,0.2,0.8,18,0.16000000000000003,0.16000000000000003
0.8521956867190236,0.14780431328097643,0.6442000000000001,0.35579999999999995,51.0,326.0,False,876.0,0.0,1.0,11,operational,0.2,0.8,0.2,0.8,18,0.16000000000000003,0.16000000000000003
0.8727599999999999,0.12724000000000013,0.64,0.36,44.0,299.0,False,876.0,0.0,1.0,00,operational,0.2,1.0,0.2,1.0,18,0.2,0.2
0.8673025385802469,0.13269746141975314,0.6474375000000001,0.35256249999999995,56.0,299.0,False,876.0,0.0,1.0,10,operational,0.2,1.0,0.2,1.0,18,0.2,0.2
0.8562832927563534,0.1437167072436466,0.64,0.36,44.0,328.0,False,876.0,0.0,1.0,01,operational,0.2,1.0,0.2,1.0,18,0.2,0.2
0.8501012985668225,0.14989870143317752,0.6474375000000001,0.35256249999999995,56.0,329.0,False,876.0,0.0,1.0,11,operational,0.2,1.0,0.2,1.0,18,0.2,0.2
0.8727599999999999,0.12724000000000013,0.64,0.36,44.0,299.0,False,876.0,0.0,1.0,00,operational,0.4,0.2,0.4,0.2,18,0.08000000000000002,0.08000000000000002
0.8703514376543209,0.12964856234567912,0.64,0.36,44.0,299.0,False,876.0,0.0,1.0,10,operational,0.4,0.2,0.4,0.2,18,0.08000000000000002,0.08000000000000002
0.8679255860266253,0.13207441397337472,0.64,0.36,44.0,307.0,False,876.0,0.0,1.0,01,operational,0.4,0.2,0.4,0.2,18,0.08000000000000002,0.08000000000000002
0.8653414277165782,0.13465857228342182,0.64,0.36,44.0,307.0,False,876.0,0.0,1.0,11,operational,0.4,0.2,0.4,0.2,18,0.08000000000000002,0.08000000000000002
0.8727599999999999,0.12724000000000013,0.64,0.36,44.0,299.0,False,876.0,0.0,1.0,00,operational,0.4,0.4,0.4,0.4,18,0.16000000000000003,0.16000000000000003
0.8672074169753086,0.13279258302469144,0.647375,0.3526249999999999,56.0,299.0,False,876.0,0.0,1.0,10,operational,0.4,0.4,0.4,0.4,18,0.16000000000000003,0.16000000000000003
0.8610829782021604,0.1389170217978396,0.64,0.36,44.0,318.0,False,876.0,0.0,1.0,01,operational,0.4,0.4,0.4,0.4,18,0.16000000000000003,0.16000000000000003
0.8545412500837899,0.1454587499162101,0.647375,0.3526249999999999,56.0,320.0,False,876.0,0.0,1.0,11,operational,0.4,0.4,0.4,0.4,18,0.16000000000000003,0.16000000000000003
0.8727599999999999,0.12724000000000013,0.64,0.36,44.0,299.0,False,876.0,0.0,1.0,00,operational,0.4,0.6,0.4,0.6,18,0.24,0.24
0.8640135837962963,0.13598641620370366,0.6673,0.33269999999999994,56.0,299.0,False,876.0,0.0,1.0,10,operational,0.4,0.6,0.4,0.6,18,0.24,0.24
0.84925679375,0.15074320625000004,0.64,0.36,44.0,338.0,False,876.0,0.0,1.0,01,operational,0.4,0.6,0.4,0.6,18,0.24,0.24
0.8373610249339826,0.16263897506601743,0.6673,0.33269999999999994,56.0,342.0,False,876.0,0.0,1.0,11,operational,0.4,0.6,0.4,0.6,18,0.24,0.24
0.8727599999999999,0.12724000000000013,0.64,0.36,44.0,299.0,False,876.0,0.0,1.0,00,operational,0.4,0.8,0.4,0.8,18,0.32000000000000006,0.32000000000000006
0.8607925839506172,0.1392074160493828,0.6764000000000001,0.32359999999999994,51.0,299.0,False,876.0,0.0,1.0,10,operational,0.4,0.8,0.4,0.8,18,0.32000000000000006,0.32000000000000006
0.8483489459876543,0.1516510540123457,0.64,0.36,44.0,345.0,False,876.0,0.0,1.0,01,operational,0.4,0.8,0.4,0.8,18,0.32000000000000006,0.32000000000000006
0.8122638685242208,0.18773613147577917,0.6764000000000001,0.32359999999999994,51.0,,True,876.0,1.0,0.9550000000000001,11,operational,0.4,0.8,0.4,0.8,18,0.32000000000000006,0.32000000000000006
0.8727599999999999,0.12724000000000013,0.64,0.36,44.0,299.0,False,876.0,0.0,1.0,00,operational,0.4,1.0,0.4,1.0,18,0.4,0.4
0.8575574660493827,0.14244253395061734,0.6876875,0.31231249999999994,56.0,299.0,False,876.0,0.0,1.0,10,operational,0.4,1.0,0.4,1.0,18,0.4,0.4
0.8516124850501543,0.1483875149498457,0.64,0.36,44.0,344.0,False,876.0,0.0,1.0,01,operational,0.4,1.0,0.4,1.0,18,0.4,0.4
0.7389973697192902,0.2610026302807098,0.6876875,0.31231249999999994,56.0,,True,876.0,1.0,0.8450000000000001,11,operational,0.4,1.0,0.4,1.0,18,0.4,0.4
0.8727599999999999,0.12724000000000013,0.64,0.36,44.0,299.0,False,876.0,0.0,1.0,00,operational,0.6,0.2,0.6,0.2,18,0.12,0.12
0.8687893734813851,0.13121062651861493,0.64,0.36,44.0,299.0,False,876.0,0.0,1.0,10,operational,0.6,0.2,0.6,0.2,18,0.12,0.12
0.8687330331763633,0.1312669668236367,0.64,0.36,44.0,306.0,False,876.0,0.0,1.0,01,operational,0.6,0.2,0.6,0.2,18,0.12,0.12
0.8643936644386102,0.1356063355613898,0.64,0.36,44.0,306.0,False,876.0,0.0,1.0,11,operational,0.6,0.2,0.6,0.2,18,0.12,0.12
0.8727599999999999,0.12724000000000013,0.64,0.36,44.0,299.0,False,876.0,0.0,1.0,00,operational,0.6,0.4,0.6,0.4,18,0.24,0.24
0.8633043296450617,0.13669567035493835,0.6619875000000001,0.33801249999999994,56.0,299.0,False,876.0,0.0,1.0,10,operational,0.6,0.4,0.6,0.4,18,0.24,0.24
0.8631038260714531,0.13689617392854692,0.64,0.36,44.0,316.0,False,876.0,0.0,1.0,01,operational,0.6,0.4,0.6,0.4,18,0.24,0.24
0.8517148698812327,0.14828513011876732,0.6619875000000001,0.33801249999999994,56.0,319.0,False,876.0,0.0,1.0,11,operational,0.6,0.4,0.6,0.4,18,0.24,0.24
0.8727599999999999,0.12724000000000013,0.64,0.36,44.0,299.0,False,876.0,0.0,1.0,00,operational,0.6,0.6,0.6,0.6,18,0.36,0.36
0.8577795916898148,0.14222040831018523,0.6925000000000001,0.30749999999999994,56.0,299.0,False,876.0,0.0,1.0,10,operational,0.6,0.6,0.6,0.6,18,0.36,0.36
0.8532154773413247,0.14678452265867525,0.64,0.36,44.0,333.0,False,876.0,0.0,1.0,01,operational,0.6,0.6,0.6,0.6,18,0.36,0.36
0.8322150453464863,0.16778495465351373,0.6925000000000001,0.30749999999999994,56.0,341.0,False,876.0,0.0,1.0,11,operational,0.6,0.6,0.6,0.6,18,0.36,0.36
0.8727599999999999,0.12724000000000013,0.64,0.36,44.0,299.0,False,876.0,0.0,1.0,00,operational,0.6,0.8,0.6,0.8,18,0.48,0.48
0.8522531870679012,0.1477468129320988,0.71,0.29,51.0,299.0,False,876.0,0.0,1.0,10,operational,0.6,0.8,0.6,0.8,18,0.48,0.48
0.8543163440026559,0.14568365599734412,0.64,0.36,44.0,337.0,False,876.0,0.0,1.0,01,operational,0.6,0.8,0.6,0.8,18,0.48,0.48
0.7580770493956268,0.2419229506043732,0.71,0.29,51.0,,True,876.0,1.0,0.8650000000000002,11,operational,0.6,0.8,0.6,0.8,18,0.48,0.48
0.8727599999999999,0.12724000000000013,0.64,0.36,44.0,299.0,False,876.0,0.0,1.0,00,operational,0.6,1.0,0.6,1.0,18,0.6,0.6
0.8466955463348765,0.15330445366512346,0.7305625,0.2694375,56.0,299.0,False,876.0,0.0,1.0,10,operational,0.6,1.0,0.6,1.0,18,0.6,0.6
0.8569099238096927,0.14309007619030734,0.64,0.36,44.0,337.0,False,876.0,0.0,1.0,01,operational,0.6,1.0,0.6,1.0,18,0.6,0.6
0.6915414380781851,0.30845856192181487,0.7305625,0.2694375,56.0,,True,876.0,1.0,0.78,11,operational,0.6,1.0,0.6,1.0,18,0.6,0.6
0.8727599999999999,0.12724000000000013,0.64,0.36,44.0,299.0,False,876.0,0.0,1.0,00,operational,0.8,0.2,0.8,0.2,18,0.16000000000000003,0.16000000000000003
0.8681109476109181,0.13188905238908188,0.64,0.36,44.0,299.0,False,876.0,0.0,1.0,10,operational,0.8,0.2,0.8,0.2,18,0.16000000000000003,0.16000000000000003
0.8635864659954391,0.1364135340045609,0.64,0.36,44.0,314.0,False,876.0,0.0,1.0,01,operational,0.8,0.2,0.8,0.2,18,0.16000000000000003,0.16000000000000003
0.8581475919440911,0.14185240805590893,0.64,0.36,44.0,315.0,False,876.0,0.0,1.0,11,operational,0.8,0.2,0.8,0.2,18,0.16000000000000003,0.16000000000000003
0.8727599999999999,0.12724000000000013,0.64,0.36,44.0,299.0,False,876.0,0.0,1.0,00,operational,0.8,0.4,0.8,0.4,18,0.32000000000000006,0.32000000000000006
0.861963018919753,0.13803698108024698,0.65475,0.34524999999999995,56.0,299.0,False,876.0,0.0,1.0,10,operational,0.8,0.4,0.8,0.4,18,0.32000000000000006,0.32000000000000006
0.8508814418085711,0.14911855819142894,0.64,0.36,44.0,336.0,False,876.0,0.0,1.0,01,operational,0.8,0.4,0.8,0.4,18,0.32000000000000006,0.32000000000000006
0.8357221390789611,0.1642778609210389,0.65475,0.34524999999999995,56.0,343.0,False,876.0,0.0,1.0,11,operational,0.8,0.4,0.8,0.4,18,0.32000000000000006,0.32000000000000006
0.8727599999999999,0.12724000000000013,0.64,0.36,44.0,299.0,False,876.0,0.0,1.0,00,operational,0.8,0.6,0.8,0.6,18,0.48,0.48
0.8557266811574074,0.14427331884259265,0.6883,0.3117,56.0,299.0,False,876.0,0.0,1.0,10,operational,0.8,0.6,0.8,0.6,18,0.48,0.48
0.8286197490703704,0.1713802509296296,0.64,0.36,44.0,375.0,False,876.0,0.0,1.0,01,operational,0.8,0.6,0.8,0.6,18,0.48,0.48
0.7976979443080234,0.20230205569197657,0.6883,0.3117,56.0,391.0,False,876.0,0.0,1.0,11,operational,0.8,0.6,0.8,0.6,18,0.48,0.48
0.8727599999999999,0.12724000000000013,0.64,0.36,44.0,299.0,False,876.0,0.0,1.0,00,operational,0.8,0.8,0.8,0.8,18,0.6400000000000001,0.6400000000000001
0.8494487878395062,0.15055121216049383,0.7043999999999999,0.29560000000000003,51.0,299.0,False,876.0,0.0,1.0,10,operational,0.8,0.8,0.8,0.8,18,0.6400000000000001,0.6400000000000001
0.8275777781872238,0.17242222181277622,0.64,0.36,44.0,386.0,False,876.0,0.0,1.0,01,operational,0.8,0.8,0.8,0.8,18,0.6400000000000001,0.6400000000000001
0.6491826218588356,0.3508173781411644,0.7043999999999999,0.29560000000000003,51.0,,True,876.0,1.0,0.7299999999999999,11,operational,0.8,0.8,0.8,0.8,18,0.6400000000000001,0.6400000000000001
0.8727599999999999,0.12724000000000013,0.64,0.36,44.0,299.0,False,876.0,0.0,1.0,00,operational,0.8,1.0,0.8,1.0,18,0.8,0.8
0.8431442486882715,0.15685575131172846,0.72225,0.27775000000000005,56.0,299.0,False,876.0,0.0,1.0,10,operational,0.8,1.0,0.8,1.0,18,0.8,0.8
0.8321961158179012,0.1678038841820988,0.64,0.36,44.0,386.0,False,876.0,0.0,1.0,01,operational,0.8,1.0,0.8,1.0,18,0.8,0.8
0.4906574921117116,0.5093425078882884,0.72225,0.27775000000000005,56.0,,True,876.0,1.0,0.5250000000000001,11,operational,0.8,1.0,0.8,1.0,18,0.8,0.8
0.8727599999999999,0.12724000000000013,0.64,0.36,44.0,299.0,False,876.0,0.0,1.0,00,operational,1.0,0.2,1.0,0.2,18,0.2,0.2
0.8667928962220294,0.13320710377797063,0.64,0.36,44.0,299.0,False,876.0,0.0,1.0,10,operational,1.0,0.2,1.0,0.2,18,0.2,0.2
0.8623799171524228,0.1376200828475772,0.64,0.36,44.0,316.0,False,876.0,0.0,1.0,01,operational,1.0,0.2,1.0,0.2,18,0.2,0.2
0.8552004214497566,0.1447995785502434,0.64,0.36,44.0,318.0,False,876.0,0.0,1.0,11,operational,1.0,0.2,1.0,0.2,18,0.2,0.2
0.8727599999999999,0.12724000000000013,0.64,0.36,44.0,299.0,False,876.0,0.0,1.0,00,operational,1.0,0.4,1.0,0.4,18,0.4,0.4
0.858793582808642,0.14120641719135796,0.6623625000000001,0.3376374999999999,56.0,299.0,False,876.0,0.0,1.0,10,operational,1.0,0.4,1.0,0.4,18,0.4,0.4
0.8480871591350738,0.15191284086492618,0.64,0.36,44.0,341.0,False,876.0,0.0,1.0,01,operational,1.0,0.4,1.0,0.4,18,0.4,0.4
0.8274610479036799,0.1725389520963201,0.6623625000000001,0.3376374999999999,56.0,350.0,False,876.0,0.0,1.0,11,operational,1.0,0.4,1.0,0.4,18,0.4,0.4
0.8727599999999999,0.12724000000000013,0.64,0.36,44.0,299.0,False,876.0,0.0,1.0,00,operational,1.0,0.6,1.0,0.6,18,0.6,0.6
0.8506873533796296,0.14931264662037036,0.70615,0.29384999999999994,56.0,299.0,False,876.0,0.0,1.0,10,operational,1.0,0.6,1.0,0.6,18,0.6,0.6
0.8233431966425119,0.17665680335748812,0.64,0.36,44.0,383.0,False,876.0,0.0,1.0,01,operational,1.0,0.6,1.0,0.6,18,0.6,0.6
0.7799580152500228,0.22004198474997716,0.70615,0.29384999999999994,56.0,408.0,False,876.0,0.0,1.0,11,operational,1.0,0.6,1.0,0.6,18,0.6,0.6
0.8727599999999999,0.12724000000000013,0.64,0.36,44.0,299.0,False,876.0,0.0,1.0,00,operational,1.0,0.8,1.0,0.8,18,0.8,0.8
0.8425313322839506,0.1574686677160494,0.7282,0.2718,51.0,299.0,False,876.0,0.0,1.0,10,operational,1.0,0.8,1.0,0.8,18,0.8,0.8
0.8197351084776533,0.1802648915223467,0.64,0.36,44.0,399.0,False,876.0,0.0,1.0,01,operational,1.0,0.8,1.0,0.8,18,0.8,0.8
0.5478324690981317,0.45216753090186834,0.7282,0.2718,51.0,,True,876.0,1.0,0.5949999999999999,11,operational,1.0,0.8,1.0,0.8,18,0.8,0.8
0.8727599999999999,0.12724000000000013,0.64,0.36,44.0,299.0,False,876.0,0.0,1.0,00,operational,1.0,1.0,1.0,1.0,18,1.0,1.0
0.8343324639660493,0.16566753603395068,0.7541875,0.2458125,56.0,299.0,False,876.0,0.0,1.0,10,operational,1.0,1.0,1.0,1.0,18,1.0,1.0
0.8239306962770062,0.1760693037229938,0.64,0.36,44.0,400.0,False,876.0,0.0,1.0,01,operational,1.0,1.0,1.0,1.0,18,1.0,1.0
0.3349260116369781,0.6650739883630219,0.7541875,0.2458125,56.0,,True,876.0,1.0,0.34,11,operational,1.0,1.0,1.0,1.0,18,1.0,1.0
0.9050534722222221,0.0949465277777779,0.5600000000000002,0.43999999999999984,44.0,252.0,False,876.0,0.0,1.0,00,operational,0.2,0.2,0.2,0.2,19,0.04000000000000001,0.04000000000000001
0.9039839385918209,0.09601606140817909,0.5600000000000002,0.43999999999999984,44.0,252.0,False,876.0,0.0,1.0,10,operational,0.2,0.2,0.2,0.2,19,0.04000000000000001,0.04000000000000001
0.904728053073924,0.09527194692607599,0.5600000000000002,0.43999999999999984,44.0,253.0,False,876.0,0.0,1.0,01,operational,0.2,0.2,0.2,0.2,19,0.04000000000000001,0.04000000000000001
0.9036420096680446,0.09635799033195536,0.5600000000000002,0.43999999999999984,44.0,253.0,False,876.0,0.0,1.0,11,operational,0.2,0.2,0.2,0.2,19,0.04000000000000001,0.04000000000000001
0.9050534722222221,0.0949465277777779,0.5600000000000002,0.43999999999999984,44.0,252.0,False,876.0,0.0,1.0,00,operational,0.2,0.4,0.2,0.4,19,0.08000000000000002,0.08000000000000002
0.9023099691975307,0.0976900308024693,0.5682500000000001,0.4317499999999999,56.0,252.0,False,876.0,0.0,1.0,10,operational,0.2,0.4,0.2,0.4,19,0.08000000000000002,0.08000000000000002
0.9043682868548877,0.09563171314511232,0.5600000000000002,0.43999999999999984,44.0,254.0,False,876.0,0.0,1.0,01,operational,0.2,0.4,0.2,0.4,19,0.08000000000000002,0.08000000000000002
0.9014470787852001,0.09855292121479986,0.5682500000000001,0.4317499999999999,56.0,255.0,False,876.0,0.0,1.0,11,operational,0.2,0.4,0.2,0.4,19,0.08000000000000002,0.08000000000000002
0.9050534722222221,0.0949465277777779,0.5600000000000002,0.43999999999999984,44.0,252.0,False,876.0,0.0,1.0,00,operational,0.2,0.6,0.2,0.6,19,0.12,0.12
0.9006298843518519,0.09937011564814813,0.5832875000000001,0.41671249999999993,56.0,252.0,False,876.0,0.0,1.0,10,operational,0.2,0.6,0.2,0.6,19,0.12,0.12
0.9039428422621791,0.09605715773782086,0.5600000000000002,0.43999999999999984,44.0,255.0,False,876.0,0.0,1.0,01,operational,0.2,0.6,0.2,0.6,19,0.12,0.12
0.8990510278086539,0.10094897219134613,0.5832875000000001,0.41671249999999993,56.0,256.0,False,876.0,0.0,1.0,11,operational,0.2,0.6,0.2,0.6,19,0.12,0.12
0.9050534722222221,0.0949465277777779,0.5600000000000002,0.43999999999999984,44.0,252.0,False,876.0,0.0,1.0,00,operational,0.2,0.8,0.2,0.8,19,0.16000000000000003,0.16000000000000003
0.8989514661728395,0.1010485338271605,0.5922000000000002,0.40779999999999983,54.0,252.0,False,876.0,0.0,1.0,10,operational,0.2,0.8,0.2,0.8,19,0.16000000000000003,0.16000000000000003
0.9035119395518207,0.09648806044817926,0.5600000000000002,0.43999999999999984,44.0,256.0,False,876.0,0.0,1.0,01,operational,0.2,0.8,0.2,0.8,19,0.16000000000000003,0.16000000000000003
0.8964478512293684,0.10355214877063157,0.5922000000000002,0.40779999999999983,54.0,259.0,False,876.0,0.0,1.0,11,operational,0.2,0.8,0.2,0.8,19,0.16000000000000003,0.16000000000000003
0.9050534722222221,0.0949465277777779,0.5600000000000002,0.43999999999999984,44.0,252.0,False,876.0,0.0,1.0,00,operational,0.2,1.0,0.2,1.0,19,0.2,0.2
0.8972714160493828,0.10272858395061724,0.601125,0.398875,56.0,252.0,False,876.0,0.0,1.0,10,operational,0.2,1.0,0.2,1.0,19,0.2,0.2
0.9029549533096927,0.09704504669030733,0.5600000000000002,0.43999999999999984,44.0,258.0,False,876.0,0.0,1.0,01,operational,0.2,1.0,0.2,1.0,19,0.2,0.2
0.8690816094004464,0.13091839059955357,0.601125,0.398875,56.0,,True,876.0,1.0,0.9649999999999999,11,operational,0.2,1.0,0.2,1.0,19,0.2,0.2
0.9050534722222221,0.0949465277777779,0.5600000000000002,0.43999999999999984,44.0,252.0,False,876.0,0.0,1.0,00,operational,0.4,0.2,0.4,0.2,19,0.08000000000000002,0.08000000000000002
0.9029768735532406,0.09702312644675937,0.5600000000000002,0.43999999999999984,44.0,252.0,False,876.0,0.0,1.0,10,operational,0.4,0.2,0.4,0.2,19,0.08000000000000002,0.08000000000000002
0.903700704058642,0.096299295941358,0.5600000000000002,0.43999999999999984,44.0,255.0,False,876.0,0.0,1.0,01,operational,0.4,0.2,0.4,0.2,19,0.08000000000000002,0.08000000000000002
0.9012781204956946,0.09872187950430544,0.5600000000000002,0.43999999999999984,44.0,256.0,False,876.0,0.0,1.0,11,operational,0.4,0.2,0.4,0.2,19,0.08000000000000002,0.08000000000000002
0.9050534722222221,0.0949465277777779,0.5600000000000002,0.43999999999999984,44.0,252.0,False,876.0,0.0,1.0,00,operational,0.4,0.4,0.4,0.4,19,0.16000000000000003,0.16000000000000003
0.9001162575231481,0.09988374247685194,0.5753625000000001,0.4246374999999999,56.0,252.0,False,876.0,0.0,1.0,10,operational,0.4,0.4,0.4,0.4,19,0.16000000000000003,0.16000000000000003
0.9022426877395061,0.09775731226049389,0.5600000000000002,0.43999999999999984,44.0,259.0,False,876.0,0.0,1.0,01,operational,0.4,0.4,0.4,0.4,19,0.16000000000000003,0.16000000000000003
0.8951933223101943,0.10480667768980567,0.5753625000000001,0.4246374999999999,56.0,262.0,False,876.0,0.0,1.0,11,operational,0.4,0.4,0.4,0.4,19,0.16000000000000003,0.16000000000000003
0.9050534722222221,0.0949465277777779,0.5600000000000002,0.43999999999999984,44.0,252.0,False,876.0,0.0,1.0,00,operational,0.4,0.6,0.4,0.6,19,0.24,0.24
0.8972324097222222,0.10276759027777782,0.5988312500000001,0.4011687499999999,56.0,252.0,False,876.0,0.0,1.0,10,operational,0.4,0.6,0.4,0.6,19,0.24,0.24
0.9005320838638677,0.09946791613613226,0.5600000000000002,0.43999999999999984,44.0,262.0,False,876.0,0.0,1.0,01,operational,0.4,0.6,0.4,0.6,19,0.24,0.24
0.8865041039867795,0.11349589601322052,0.5988312500000001,0.4011687499999999,56.0,274.0,False,876.0,0.0,1.0,11,operational,0.4,0.6,0.4,0.6,19,0.24,0.24
0.9050534722222221,0.0949465277777779,0.5600000000000002,0.43999999999999984,44.0,252.0,False,876.0,0.0,1.0,00,operational,0.4,0.8,0.4,0.8,19,0.32000000000000006,0.32000000000000006
0.8943258796296296,0.10567412037037038,0.6146,0.3853999999999999,55.0,252.0,False,876.0,0.0,1.0,10,operational,0.4,0.8,0.4,0.8,19,0.32000000000000006,0.32000000000000006
0.8986739972787633,0.10132600272123671,0.5600000000000002,0.43999999999999984,44.0,267.0,False,876.0,0.0,1.0,01,operational,0.4,0.8,0.4,0.8,19,0.32000000000000006,0.32000000000000006
0.8273076934027942,0.1726923065972058,0.6146,0.3853999999999999,55.0,,True,876.0,1.0,0.9100000000000001,11,operational,0.4,0.8,0.4,0.8,19,0.32000000000000006,0.32000000000000006
0.9050534722222221,0.0949465277777779,0.5600000000000002,0.43999999999999984,44.0,252.0,False,876.0,0.0,1.0,00,operational,0.4,1.0,0.4,1.0,19,0.4,0.4
0.8914299884259258,0.1085700115740742,0.6282500000000001,0.3717499999999999,52.0,252.0,False,876.0,0.0,1.0,10,operational,0.4,1.0,0.4,1.0,19,0.4,0.4
0.8964232204282407,0.10357677957175926,0.5600000000000002,0.43999999999999984,44.0,272.0,False,876.0,0.0,1.0,01,operational,0.4,1.0,0.4,1.0,19,0.4,0.4
0.7381827595679012,0.26181724043209875,0.6282500000000001,0.3717499999999999,52.0,,True,876.0,1.0,0.795,11,operational,0.4,1.0,0.4,1.0,19,0.4,0.4
0.9050534722222221,0.0949465277777779,0.5600000000000002,0.43999999999999984,44.0,252.0,False,876.0,0.0,1.0,00,operational,0.6,0.2,0.6,0.2,19,0.12,0.12
0.9008443214891975,0.09915567851080254,0.5600000000000002,0.43999999999999984,44.0,252.0,False,876.0,0.0,1.0,10,operational,0.6,0.2,0.6,0.2,19,0.12,0.12
0.9028180955246914,0.09718190447530861,0.5600000000000002,0.43999999999999984,44.0,257.0,False,876.0,0.0,1.0,01,operational,0.6,0.2,0.6,0.2,19,0.12,0.12
0.897767956925403,0.10223204307459699,0.5600000000000002,0.43999999999999984,44.0,258.0,False,876.0,0.0,1.0,11,operational,0.6,0.2,0.6,0.2,19,0.12,0.12
0.9050534722222221,0.0949465277777779,0.5600000000000002,0.43999999999999984,44.0,252.0,False,876.0,0.0,1.0,00,operational,0.6,0.4,0.6,0.4,19,0.24,0.24
0.8947803877700616,0.10521961222993836,0.6129750000000002,0.38702499999999984,56.0,252.0,False,876.0,0.0,1.0,10,operational,0.6,0.4,0.6,0.4,19,0.24,0.24
0.9004378072345679,0.0995621927654321,0.5600000000000002,0.43999999999999984,44.0,263.0,False,876.0,0.0,1.0,01,operational,0.6,0.4,0.6,0.4,19,0.24,0.24
0.8858180518412384,0.11418194815876159,0.6129750000000002,0.38702499999999984,56.0,269.0,False,876.0,0.0,1.0,11,operational,0.6,0.4,0.6,0.4,19,0.24,0.24
0.9050534722222221,0.0949465277777779,0.5600000000000002,0.43999999999999984,44.0,252.0,False,876.0,0.0,1.0,00,operational,0.6,0.6,0.6,0.6,19,0.36,0.36
0.8887348967592591,0.1112651032407409,0.66473125,0.33526874999999995,56.0,252.0,False,876.0,0.0,1.0,10,operational,0.6,0.6,0.6,0.6,19,0.36,0.36
0.8975559523393652,0.10244404766063475,0.5600000000000002,0.43999999999999984,44.0,269.0,False,876.0,0.0,1.0,01,operational,0.6,0.6,0.6,0.6,19,0.36,0.36
0.8689654507085458,0.1310345492914542,0.66473125,0.33526874999999995,56.0,288.0,False,876.0,0.0,1.0,11,operational,0.6,0.6,0.6,0.6,19,0.36,0.36
0.9050534722222221,0.0949465277777779,0.5600000000000002,0.43999999999999984,44.0,252.0,False,876.0,0.0,1.0,00,operational,0.6,0.8,0.6,0.8,19,0.48,0.48
0.8827476123456789,0.11725238765432111,0.7040000000000001,0.29599999999999993,55.0,252.0,False,876.0,0.0,1.0,10,operational,0.6,0.8,0.6,0.8,19,0.48,0.48
0.8944262459530864,0.1055737540469136,0.5600000000000002,0.43999999999999984,44.0,276.0,False,876.0,0.0,1.0,01,operational,0.6,0.8,0.6,0.8,19,0.48,0.48
0.746172407969546,0.253827592030454,0.7040000000000001,0.29599999999999993,55.0,,True,876.0,1.0,0.82,11,operational,0.6,0.8,0.6,0.8,19,0.48,0.48
0.9050534722222221,0.0949465277777779,0.5600000000000002,0.43999999999999984,44.0,252.0,False,876.0,0.0,1.0,00,operational,0.6,1.0,0.6,1.0,19,0.6,0.6
0.8767512515432099,0.12324874845679012,0.74,0.25999999999999995,52.0,252.0,False,876.0,0.0,1.0,10,operational,0.6,1.0,0.6,1.0,19,0.6,0.6
0.8906328053913843,0.10936719460861566,0.5600000000000002,0.43999999999999984,44.0,286.0,False,876.0,0.0,1.0,01,operational,0.6,1.0,0.6,1.0,19,0.6,0.6
0.6168954730184528,0.3831045269815472,0.74,0.25999999999999995,52.0,,True,876.0,1.0,0.66,11,operational,0.6,1.0,0.6,1.0,19,0.6,0.6
0.9050534722222221,0.0949465277777779,0.5600000000000002,0.43999999999999984,44.0,252.0,False,876.0,0.0,1.0,00,operational,0.8,0.2,0.8,0.2,19,0.16000000000000003,0.16000000000000003
0.8999218353896605,0.10007816461033947,0.5600000000000002,0.43999999999999984,44.0,252.0,False,876.0,0.0,1.0,10,operational,0.8,0.2,0.8,0.2,19,0.16000000000000003,0.16000000000000003
0.9010426328070176,0.09895736719298243,0.5600000000000002,0.43999999999999984,44.0,260.0,False,876.0,0.0,1.0,01,operational,0.8,0.2,0.8,0.2,19,0.16000000000000003,0.16000000000000003
0.8946383045079659,0.10536169549203411,0.5600000000000002,0.43999999999999984,44.0,262.0,False,876.0,0.0,1.0,11,operational,0.8,0.2,0.8,0.2,19,0.16000000000000003,0.16000000000000003
0.9050534722222221,0.0949465277777779,0.5600000000000002,0.43999999999999984,44.0,252.0,False,876.0,0.0,1.0,00,operational,0.8,0.4,0.8,0.4,19,0.32000000000000006,0.32000000000000006
0.8923331603626543,0.10766683963734569,0.6208500000000001,0.3791499999999999,56.0,252.0,False,876.0,0.0,1.0,10,operational,0.8,0.4,0.8,0.4,19,0.32000000000000006,0.32000000000000006
0.8961982274925926,0.10380177250740741,0.5600000000000002,0.43999999999999984,44.0,271.0,False,876.0,0.0,1.0,01,operational,0.8,0.4,0.8,0.4,19,0.32000000000000006,0.32000000000000006
0.87695913642905,0.12304086357095001,0.6208500000000001,0.3791499999999999,56.0,281.0,False,876.0,0.0,1.0,11,operational,0.8,0.4,0.8,0.4,19,0.32000000000000006,0.32000000000000006
0.9050534722222221,0.0949465277777779,0.5600000000000002,0.43999999999999984,44.0,252.0,False,876.0,0.0,1.0,00,operational,0.8,0.6,0.8,0.6,19,0.48,0.48
0.884732458425926,0.11526754157407404,0.67725,0.32275,56.0,252.0,False,876.0,0.0,1.0,10,operational,0.8,0.6,0.8,0.6,19,0.48,0.48
0.8889285273591747,0.11107147264082529,0.5600000000000002,0.43999999999999984,44.0,286.0,False,876.0,0.0,1.0,01,operational,0.8,0.6,0.8,0.6,19,0.48,0.48
0.8495692915387509,0.15043070846124906,0.67725,0.32275,56.0,312.0,False,876.0,0.0,1.0,11,operational,0.8,0.6,0.8,0.6,19,0.48,0.48
0.9050534722222221,0.0949465277777779,0.5600000000000002,0.43999999999999984,44.0,252.0,False,876.0,0.0,1.0,00,operational,0.8,0.8,0.8,0.8,19,0.6400000000000001,0.6400000000000001
0.8771905741975309,0.12280942580246912,0.7240000000000001,0.2759999999999999,54.0,252.0,False,876.0,0.0,1.0,10,operational,0.8,0.8,0.8,0.8,19,0.6400000000000001,0.6400000000000001
0.8860648974945534,0.11393510250544658,0.5600000000000002,0.43999999999999984,44.0,295.0,False,876.0,0.0,1.0,01,operational,0.8,0.8,0.8,0.8,19,0.6400000000000001,0.6400000000000001
0.6349714524905302,0.3650285475094698,0.7240000000000001,0.2759999999999999,54.0,,True,876.0,1.0,0.6849999999999998,11,operational,0.8,0.8,0.8,0.8,19,0.6400000000000001,0.6400000000000001
0.9050534722222221,0.0949465277777779,0.5600000000000002,0.43999999999999984,44.0,252.0,False,876.0,0.0,1.0,00,operational,0.8,1.0,0.8,1.0,19,0.8,0.8
0.8696292594135802,0.13037074058641984,0.765875,0.234125,56.0,252.0,False,876.0,0.0,1.0,10,operational,0.8,1.0,0.8,1.0,19,0.8,0.8
0.8832669959104937,0.11673300408950626,0.5600000000000002,0.43999999999999984,44.0,304.0,False,876.0,0.0,1.0,01,operational,0.8,1.0,0.8,1.0,19,0.8,0.8
0.45835627953480573,0.5416437204651943,0.765875,0.234125,56.0,,True,876.0,1.0,0.4750000000000001,11,operational,0.8,1.0,0.8,1.0,19,0.8,0.8
0.9050534722222221,0.0949465277777779,0.5600000000000002,0.43999999999999984,44.0,252.0,False,876.0,0.0,1.0,00,operational,1.0,0.2,1.0,0.2,19,0.2,0.2
0.8986193265740741,0.10138067342592594,0.5600000000000002,0.43999999999999984,44.0,252.0,False,876.0,0.0,1.0,10,operational,1.0,0.2,1.0,0.2,19,0.2,0.2
0.9009493469273879,0.09905065307261207,0.5600000000000002,0.43999999999999984,44.0,261.0,False,876.0,0.0,1.0,01,operational,1.0,0.2,1.0,0.2,19,0.2,0.2
0.8928063104930859,0.1071936895069141,0.5600000000000002,0.43999999999999984,44.0,263.0,False,876.0,0.0,1.0,11,operational,1.0,0.2,1.0,0.2,19,0.2,0.2
0.9050534722222221,0.0949465277777779,0.5600000000000002,0.43999999999999984,44.0,252.0,False,876.0,0.0,1.0,00,operational,1.0,0.4,1.0,0.4,19,0.4,0.4
0.8891246791898149,0.11087532081018514,0.6299750000000002,0.3700249999999999,56.0,252.0,False,876.0,0.0,1.0,10,operational,1.0,0.4,1.0,0.4,19,0.4,0.4
0.8959900546689739,0.10400994533102614,0.5600000000000002,0.43999999999999984,44.0,272.0,False,876.0,0.0,1.0,01,operational,1.0,0.4,1.0,0.4,19,0.4,0.4
0.8709234252569663,0.1290765747430337,0.6299750000000002,0.3700249999999999,56.0,285.0,False,876.0,0.0,1.0,11,operational,1.0,0.4,1.0,0.4,19,0.4,0.4
0.9050534722222221,0.0949465277777779,0.5600000000000002,0.43999999999999984,44.0,252.0,False,876.0,0.0,1.0,00,operational,1.0,0.6,1.0,0.6,19,0.6,0.6
0.8796150699999999,0.12038493000000006,0.70749375,0.29250624999999997,56.0,252.0,False,876.0,0.0,1.0,10,operational,1.0,0.6,1.0,0.6,19,0.6,0.6
0.8886015180999155,0.1113984819000845,0.5600000000000002,0.43999999999999984,44.0,287.0,False,876.0,0.0,1.0,01,operational,1.0,0.6,1.0,0.6,19,0.6,0.6
0.836215035984201,0.163784964015799,0.70749375,0.29250624999999997,56.0,325.0,False,876.0,0.0,1.0,11,operational,1.0,0.6,1.0,0.6,19,0.6,0.6
0.9050534722222221,0.0949465277777779,0.5600000000000002,0.43999999999999984,44.0,252.0,False,876.0,0.0,1.0,00,operational,1.0,0.8,1.0,0.8,19,0.8,0.8
0.8701586951851851,0.12984130481481493,0.766,0.23399999999999999,55.0,252.0,False,876.0,0.0,1.0,10,operational,1.0,0.8,1.0,0.8,19,0.8,0.8
0.885611527124183,0.114388472875817,0.5600000000000002,0.43999999999999984,44.0,297.0,False,876.0,0.0,1.0,01,operational,1.0,0.8,1.0,0.8,19,0.8,0.8
0.5569729911775034,0.44302700882249657,0.766,0.23399999999999999,55.0,,True,876.0,1.0,0.5949999999999999,11,operational,1.0,0.8,1.0,0.8,19,0.8,0.8
0.9050534722222221,0.0949465277777779,0.5600000000000002,0.43999999999999984,44.0,252.0,False,876.0,0.0,1.0,00,operational,1.0,1.0,1.0,1.0,19,1.0,1.0
0.8606885773148149,0.13931142268518515,0.8183750000000001,0.18162499999999998,56.0,252.0,False,876.0,0.0,1.0,10,operational,1.0,1.0,1.0,1.0,19,1.0,1.0
0.8826250616512346,0.11737493834876545,0.5600000000000002,0.43999999999999984,44.0,306.0,False,876.0,0.0,1.0,01,operational,1.0,1.0,1.0,1.0,19,1.0,1.0
0.24437305881065305,0.7556269411893469,0.8183750000000001,0.18162499999999998,56.0,,True,876.0,1.0,0.23499999999999996,11,operational,1.0,1.0,1.0,1.0,19,1.0,1.0
0.9255259027777778,0.0744740972222222,0.49,0.51,44.0,224.0,False,876.0,0.0,1.0,00,operational,0.2,0.2,0.2,0.2,20,0.04000000000000001,0.04000000000000001
0.9245522447916668,0.07544775520833324,0.49,0.51,44.0,224.0,False,876.0,0.0,1.0,10,operational,0.2,0.2,0.2,0.2,20,0.04000000000000001,0.04000000000000001
0.9249620099090319,0.07503799009096812,0.49,0.51,44.0,225.0,False,876.0,0.0,1.0,01,operational,0.2,0.2,0.2,0.2,20,0.04000000000000001,0.04000000000000001
0.9239665276539888,0.07603347234601121,0.49,0.51,44.0,225.0,False,876.0,0.0,1.0,11,operational,0.2,0.2,0.2,0.2,20,0.04000000000000001,0.04000000000000001
0.9255259027777778,0.0744740972222222,0.49,0.51,44.0,224.0,False,876.0,0.0,1.0,00,operational,0.2,0.4,0.2,0.4,20,0.08000000000000002,0.08000000000000002
0.9228988472222222,0.07710115277777785,0.5,0.5,53.0,224.0,False,876.0,0.0,1.0,10,operational,0.2,0.4,0.2,0.4,20,0.08000000000000002,0.08000000000000002
0.9243583719135802,0.07564162808641983,0.49,0.51,44.0,227.0,False,876.0,0.0,1.0,01,operational,0.2,0.4,0.2,0.4,20,0.08000000000000002,0.08000000000000002
0.9216535434552691,0.07834645654473094,0.5,0.5,53.0,227.0,False,876.0,0.0,1.0,11,operational,0.2,0.4,0.2,0.4,20,0.08000000000000002,0.08000000000000002
0.9255259027777778,0.0744740972222222,0.49,0.51,44.0,224.0,False,876.0,0.0,1.0,00,operational,0.2,0.6,0.2,0.6,20,0.12,0.12
0.921252125,0.07874787500000002,0.5050000000000001,0.49499999999999994,46.0,224.0,False,876.0,0.0,1.0,10,operational,0.2,0.6,0.2,0.6,20,0.12,0.12
0.9236333333333333,0.0763666666666667,0.49,0.51,44.0,229.0,False,876.0,0.0,1.0,01,operational,0.2,0.6,0.2,0.6,20,0.12,0.12
0.9191652709830629,0.08083472901693711,0.5050000000000001,0.49499999999999994,46.0,229.0,False,876.0,0.0,1.0,11,operational,0.2,0.6,0.2,0.6,20,0.12,0.12
0.9255259027777778,0.0744740972222222,0.49,0.51,44.0,224.0,False,876.0,0.0,1.0,00,operational,0.2,0.8,0.2,0.8,20,0.16000000000000003,0.16000000000000003
0.919622625,0.08037737499999997,0.51,0.48999999999999994,44.0,224.0,False,876.0,0.0,1.0,10,operational,0.2,0.8,0.2,0.8,20,0.16000000000000003,0.16000000000000003
0.9228071478395062,0.07719285216049376,0.49,0.51,44.0,231.0,False,876.0,0.0,1.0,01,operational,0.2,0.8,0.2,0.8,20,0.16000000000000003,0.16000000000000003
0.916551584332607,0.08344841566739303,0.51,0.48999999999999994,44.0,232.0,False,876.0,0.0,1.0,11,operational,0.2,0.8,0.2,0.8,20,0.16000000000000003,0.16000000000000003
0.9255259027777778,0.0744740972222222,0.49,0.51,44.0,224.0,False,876.0,0.0,1.0,00,operational,0.2,1.0,0.2,1.0,20,0.2,0.2
0.9179909027777777,0.08200909722222227,0.5153125,0.48468750000000005,56.0,224.0,False,876.0,0.0,1.0,10,operational,0.2,1.0,0.2,1.0,20,0.2,0.2
0.9218573225308642,0.07814267746913584,0.49,0.51,44.0,234.0,False,876.0,0.0,1.0,01,operational,0.2,1.0,0.2,1.0,20,0.2,0.2
0.9137731074980785,0.0862268925019215,0.5153125,0.48468750000000005,56.0,235.0,False,876.0,0.0,1.0,11,operational,0.2,1.0,0.2,1.0,20,0.2,0.2
0.9255259027777778,0.0744740972222222,0.49,0.51,44.0,224.0,False,876.0,0.0,1.0,00,operational,0.4,0.2,0.4,0.2,20,0.08000000000000002,0.08000000000000002
0.924630113275463,0.07536988672453704,0.49,0.51,44.0,224.0,False,876.0,0.0,1.0,10,operational,0.4,0.2,0.4,0.2,20,0.08000000000000002,0.08000000000000002
0.9241293014447444,0.07587069855525563,0.49,0.51,44.0,227.0,False,876.0,0.0,1.0,01,operational,0.4,0.2,0.4,0.2,20,0.08000000000000002,0.08000000000000002
0.9230836181677743,0.07691638183222571,0.49,0.51,44.0,227.0,False,876.0,0.0,1.0,11,operational,0.4,0.2,0.4,0.2,20,0.08000000000000002,0.08000000000000002
0.9255259027777778,0.0744740972222222,0.49,0.51,44.0,224.0,False,876.0,0.0,1.0,00,operational,0.4,0.4,0.4,0.4,20,0.16000000000000003,0.16000000000000003
0.923206009537037,0.07679399046296298,0.4957750000000001,0.5042249999999999,56.0,224.0,False,876.0,0.0,1.0,10,operational,0.4,0.4,0.4,0.4,20,0.16000000000000003,0.16000000000000003
0.9223011384443837,0.07769886155561634,0.49,0.51,44.0,231.0,False,876.0,0.0,1.0,01,operational,0.4,0.4,0.4,0.4,20,0.16000000000000003,0.16000000000000003
0.9191782089530404,0.08082179104695963,0.4957750000000001,0.5042249999999999,56.0,233.0,False,876.0,0.0,1.0,11,operational,0.4,0.4,0.4,0.4,20,0.16000000000000003,0.16000000000000003
0.9255259027777778,0.0744740972222222,0.49,0.51,44.0,224.0,False,876.0,0.0,1.0,00,operational,0.4,0.6,0.4,0.6,20,0.24,0.24
0.92175633375,0.07824366625000001,0.499,0.501,50.0,224.0,False,876.0,0.0,1.0,10,operational,0.4,0.6,0.4,0.6,20,0.24,0.24
0.9197165987444443,0.08028340125555566,0.49,0.51,44.0,238.0,False,876.0,0.0,1.0,01,operational,0.4,0.6,0.4,0.6,20,0.24,0.24
0.9130790338393121,0.0869209661606879,0.499,0.501,50.0,244.0,False,876.0,0.0,1.0,11,operational,0.4,0.6,0.4,0.6,20,0.24,0.24
0.9255259027777778,0.0744740972222222,0.49,0.51,44.0,224.0,False,876.0,0.0,1.0,00,operational,0.4,0.8,0.4,0.8,20,0.32000000000000006,0.32000000000000006
0.9202988107407407,0.07970118925925929,0.5020000000000001,0.4979999999999999,47.0,224.0,False,876.0,0.0,1.0,10,operational,0.4,0.8,0.4,0.8,20,0.32000000000000006,0.32000000000000006
0.9155629013359787,0.08443709866402127,0.49,0.51,44.0,247.0,False,876.0,0.0,1.0,01,operational,0.4,0.8,0.4,0.8,20,0.32000000000000006,0.32000000000000006
0.8525971060984526,0.14740289390154737,0.5020000000000001,0.4979999999999999,47.0,,True,876.0,1.0,0.9100000000000001,11,operational,0.4,0.8,0.4,0.8,20,0.32000000000000006,0.32000000000000006
0.9255259027777778,0.0744740972222222,0.49,0.51,44.0,224.0,False,876.0,0.0,1.0,00,operational,0.4,1.0,0.4,1.0,20,0.4,0.4
0.9188390863425927,0.0811609136574073,0.5050000000000001,0.49499999999999994,45.0,224.0,False,876.0,0.0,1.0,10,operational,0.4,1.0,0.4,1.0,20,0.4,0.4
0.9166296662037038,0.08337033379629621,0.49,0.51,44.0,252.0,False,876.0,0.0,1.0,01,operational,0.4,1.0,0.4,1.0,20,0.4,0.4
0.842873944085985,0.15712605591401496,0.5050000000000001,0.49499999999999994,45.0,,True,876.0,1.0,0.9,11,operational,0.4,1.0,0.4,1.0,20,0.4,0.4
0.9255259027777778,0.0744740972222222,0.49,0.51,44.0,224.0,False,876.0,0.0,1.0,00,operational,0.6,0.2,0.6,0.2,20,0.12,0.12
0.9231953677121914,0.07680463228780865,0.49,0.51,44.0,224.0,False,876.0,0.0,1.0,10,operational,0.6,0.2,0.6,0.2,20,0.12,0.12
0.9234901631363522,0.07650983686364776,0.49,0.51,44.0,229.0,False,876.0,0.0,1.0,01,operational,0.6,0.2,0.6,0.2,20,0.12,0.12
0.9208636420265108,0.07913635797348917,0.49,0.51,44.0,229.0,False,876.0,0.0,1.0,11,operational,0.6,0.2,0.6,0.2,20,0.12,0.12
0.9255259027777778,0.0744740972222222,0.49,0.51,44.0,224.0,False,876.0,0.0,1.0,00,operational,0.6,0.4,0.6,0.4,20,0.24,0.24
0.9192963274382715,0.0807036725617285,0.5197749999999999,0.48022500000000007,56.0,224.0,False,876.0,0.0,1.0,10,operational,0.6,0.4,0.6,0.4,20,0.24,0.24
0.921083343269075,0.07891665673092496,0.49,0.51,44.0,235.0,False,876.0,0.0,1.0,01,operational,0.6,0.4,0.6,0.4,20,0.24,0.24
0.9130627321183109,0.0869372678816891,0.5197749999999999,0.48022500000000007,56.0,238.0,False,876.0,0.0,1.0,11,operational,0.6,0.4,0.6,0.4,20,0.24,0.24
0.9255259027777778,0.0744740972222222,0.49,0.51,44.0,224.0,False,876.0,0.0,1.0,00,operational,0.6,0.6,0.6,0.6,20,0.36,0.36
0.9153384078240739,0.08466159217592606,0.5445187499999999,0.45548125000000006,56.0,224.0,False,876.0,0.0,1.0,10,operational,0.6,0.6,0.6,0.6,20,0.36,0.36
0.9178534494145074,0.08214655058549258,0.49,0.51,44.0,242.0,False,876.0,0.0,1.0,01,operational,0.6,0.6,0.6,0.6,20,0.36,0.36
0.9020283002453724,0.0979716997546276,0.5445187499999999,0.45548125000000006,56.0,252.0,False,876.0,0.0,1.0,11,operational,0.6,0.6,0.6,0.6,20,0.36,0.36
0.9255259027777778,0.0744740972222222,0.49,0.51,44.0,224.0,False,876.0,0.0,1.0,00,operational,0.6,0.8,0.6,0.8,20,0.48,0.48
0.9113876132098766,0.0886123867901234,0.5682,0.43179999999999996,55.0,224.0,False,876.0,0.0,1.0,10,operational,0.6,0.8,0.6,0.8,20,0.48,0.48
0.9133778788356546,0.08662212116434542,0.49,0.51,44.0,253.0,False,876.0,0.0,1.0,01,operational,0.6,0.8,0.6,0.8,20,0.48,0.48
0.8418375781183275,0.1581624218816725,0.5682,0.43179999999999996,55.0,,True,876.0,1.0,0.9100000000000001,11,operational,0.6,0.8,0.6,0.8,20,0.48,0.48
0.9255259027777778,0.0744740972222222,0.49,0.51,44.0,224.0,False,876.0,0.0,1.0,00,operational,0.6,1.0,0.6,1.0,20,0.6,0.6
0.9074434574845678,0.09255654251543222,0.5880625,0.41193749999999996,56.0,224.0,False,876.0,0.0,1.0,10,operational,0.6,1.0,0.6,1.0,20,0.6,0.6
0.9124597429012347,0.08754025709876534,0.49,0.51,44.0,261.0,False,876.0,0.0,1.0,01,operational,0.6,1.0,0.6,1.0,20,0.6,0.6
0.7756015417755281,0.2243984582244719,0.5880625,0.41193749999999996,56.0,,True,876.0,1.0,0.8300000000000001,11,operational,0.6,1.0,0.6,1.0,20,0.6,0.6
0.9255259027777778,0.0744740972222222,0.49,0.51,44.0,224.0,False,876.0,0.0,1.0,00,operational,0.8,0.2,0.8,0.2,20,0.16000000000000003,0.16000000000000003
0.9219814830478394,0.07801851695216055,0.49,0.51,44.0,224.0,False,876.0,0.0,1.0,10,operational,0.8,0.2,0.8,0.2,20,0.16000000000000003,0.16000000000000003
0.9215897401732619,0.0784102598267381,0.49,0.51,44.0,233.0,False,876.0,0.0,1.0,01,operational,0.8,0.2,0.8,0.2,20,0.16000000000000003,0.16000000000000003
0.9171656483618823,0.0828343516381177,0.49,0.51,44.0,234.0,False,876.0,0.0,1.0,11,operational,0.8,0.2,0.8,0.2,20,0.16000000000000003,0.16000000000000003
0.9255259027777778,0.0744740972222222,0.49,0.51,44.0,224.0,False,876.0,0.0,1.0,00,operational,0.8,0.4,0.8,0.4,20,0.32000000000000006,0.32000000000000006
0.916475210308642,0.08352478969135801,0.5337749999999999,0.4662250000000001,56.0,224.0,False,876.0,0.0,1.0,10,operational,0.8,0.4,0.8,0.4,20,0.32000000000000006,0.32000000000000006
0.9165046688246307,0.08349533117536934,0.49,0.51,44.0,245.0,False,876.0,0.0,1.0,01,operational,0.8,0.4,0.8,0.4,20,0.32000000000000006,0.32000000000000006
0.9028714709395429,0.0971285290604571,0.5337749999999999,0.4662250000000001,56.0,252.0,False,876.0,0.0,1.0,11,operational,0.8,0.4,0.8,0.4,20,0.32000000000000006,0.32000000000000006
0.9255259027777778,0.0744740972222222,0.49,0.51,44.0,224.0,False,876.0,0.0,1.0,00,operational,0.8,0.6,0.8,0.6,20,0.48,0.48
0.9109522946296296,0.08904770537037043,0.57601875,0.4239812499999999,56.0,224.0,False,876.0,0.0,1.0,10,operational,0.8,0.6,0.8,0.6,20,0.48,0.48
0.9087953035731982,0.09120469642680185,0.49,0.51,44.0,262.0,False,876.0,0.0,1.0,01,operational,0.8,0.6,0.8,0.6,20,0.48,0.48
0.8805089121024687,0.11949108789753127,0.57601875,0.4239812499999999,56.0,283.0,False,876.0,0.0,1.0,11,operational,0.8,0.6,0.8,0.6,20,0.48,0.48
0.9255259027777778,0.0744740972222222,0.49,0.51,44.0,224.0,False,876.0,0.0,1.0,00,operational,0.8,0.8,0.8,0.8,20,0.6400000000000001,0.6400000000000001
0.9054721289506172,0.09452787104938276,0.6102,0.38980000000000004,55.0,224.0,False,876.0,0.0,1.0,10,operational,0.8,0.8,0.8,0.8,20,0.6400000000000001,0.6400000000000001
0.9035151478321143,0.09648485216788572,0.49,0.51,44.0,277.0,False,876.0,0.0,1.0,01,operational,0.8,0.8,0.8,0.8,20,0.6400000000000001,0.6400000000000001
0.6841759914404854,0.31582400855951465,0.6102,0.38980000000000004,55.0,,True,876.0,1.0,0.7299999999999999,11,operational,0.8,0.8,0.8,0.8,20,0.6400000000000001,0.6400000000000001
0.9255259027777778,0.0744740972222222,0.49,0.51,44.0,224.0,False,876.0,0.0,1.0,00,operational,0.8,1.0,0.8,1.0,20,0.8,0.8
0.8999883035493826,0.10001169645061736,0.64121875,0.35878125000000005,56.0,225.0,False,876.0,0.0,1.0,10,operational,0.8,1.0,0.8,1.0,20,0.8,0.8
0.9031999444444444,0.0968000555555556,0.49,0.51,44.0,286.0,False,876.0,0.0,1.0,01,operational,0.8,1.0,0.8,1.0,20,0.8,0.8
0.60011099271008,0.39988900728992005,0.64121875,0.35878125000000005,56.0,,True,876.0,1.0,0.6300000000000001,11,operational,0.8,1.0,0.8,1.0,20,0.8,0.8
0.9255259027777778,0.0744740972222222,0.49,0.51,44.0,224.0,False,876.0,0.0,1.0,00,operational,1.0,0.2,1.0,0.2,20,0.2,0.2
0.9216048733834875,0.07839512661651249,0.49,0.51,44.0,224.0,False,876.0,0.0,1.0,10,operational,1.0,0.2,1.0,0.2,20,0.2,0.2
0.9213935671192527,0.07860643288074731,0.49,0.51,44.0,233.0,False,876.0,0.0,1.0,01,operational,1.0,0.2,1.0,0.2,20,0.2,0.2
0.9163705794588095,0.08362942054119049,0.49,0.51,44.0,235.0,False,876.0,0.0,1.0,11,operational,1.0,0.2,1.0,0.2,20,0.2,0.2
0.9255259027777778,0.0744740972222222,0.49,0.51,44.0,224.0,False,876.0,0.0,1.0,00,operational,1.0,0.4,1.0,0.4,20,0.4,0.4
0.9154289718827161,0.0845710281172839,0.5367749999999999,0.4632250000000001,56.0,224.0,False,876.0,0.0,1.0,10,operational,1.0,0.4,1.0,0.4,20,0.4,0.4
0.9161132526209269,0.08388674737907309,0.49,0.51,44.0,246.0,False,876.0,0.0,1.0,01,operational,1.0,0.4,1.0,0.4,20,0.4,0.4
0.9001005142909109,0.09989948570908913,0.5367749999999999,0.4632250000000001,56.0,256.0,False,876.0,0.0,1.0,11,operational,1.0,0.4,1.0,0.4,20,0.4,0.4
0.9255259027777778,0.0744740972222222,0.49,0.51,44.0,224.0,False,876.0,0.0,1.0,00,operational,1.0,0.6,1.0,0.6,20,0.6,0.6
0.9092023189351852,0.09079768106481478,0.5805187500000001,0.4194812499999999,56.0,224.0,False,876.0,0.0,1.0,10,operational,1.0,0.6,1.0,0.6,20,0.6,0.6
0.9081377344253113,0.09186226557468868,0.49,0.51,44.0,264.0,False,876.0,0.0,1.0,01,operational,1.0,0.6,1.0,0.6,20,0.6,0.6
0.8735189742446388,0.12648102575536124,0.5805187500000001,0.4194812499999999,56.0,293.0,False,876.0,0.0,1.0,11,operational,1.0,0.6,1.0,0.6,20,0.6,0.6
0.9255259027777778,0.0744740972222222,0.49,0.51,44.0,224.0,False,876.0,0.0,1.0,00,operational,1.0,0.8,1.0,0.8,20,0.8,0.8
0.9030067354320988,0.09699326456790125,0.6162,0.38380000000000003,55.0,224.0,False,876.0,0.0,1.0,10,operational,1.0,0.8,1.0,0.8,20,0.8,0.8
0.9025730269785507,0.09742697302144931,0.49,0.51,44.0,280.0,False,876.0,0.0,1.0,01,operational,1.0,0.8,1.0,0.8,20,0.8,0.8
0.58047074666928,0.41952925333072,0.6162,0.38380000000000003,55.0,,True,876.0,1.0,0.5949999999999999,11,operational,1.0,0.8,1.0,0.8,20,0.8,0.8
0.9255259027777778,0.0744740972222222,0.49,0.51,44.0,224.0,False,876.0,0.0,1.0,00,operational,1.0,1.0,1.0,1.0,20,1.0,1.0
0.8968078463734567,0.10319215362654333,0.64871875,0.35128125000000004,56.0,225.0,False,876.0,0.0,1.0,10,operational,1.0,1.0,1.0,1.0,20,1.0,1.0
0.9018225582479642,0.0981774417520358,0.49,0.51,44.0,289.0,False,876.0,0.0,1.0,01,operational,1.0,1.0,1.0,1.0,20,1.0,1.0
0.4451435474259498,0.5548564525740503,0.64871875,0.35128125000000004,56.0,,True,876.0,1.0,0.445,11,operational,1.0,1.0,1.0,1.0,20,1.0,1.0
0.8843590277777779,0.11564097222222214,0.6175,0.38249999999999995,44.0,282.0,False,876.0,0.0,1.0,00,operational,0.2,0.2,0.2,0.2,21,0.04000000000000001,0.04000000000000001
0.8832194784722222,0.11678052152777785,0.6175,0.38249999999999995,44.0,282.0,False,876.0,0.0,1.0,10,operational,0.2,0.2,0.2,0.2,21,0.04000000000000001,0.04000000000000001
0.884009287037037,0.11599071296296304,0.6175,0.38249999999999995,44.0,283.0,False,876.0,0.0,1.0,01,operational,0.2,0.2,0.2,0.2,21,0.04000000000000001,0.04000000000000001
0.8828379222036854,0.1171620777963146,0.6175,0.38249999999999995,44.0,283.0,False,876.0,0.0,1.0,11,operational,0.2,0.2,0.2,0.2,21,0.04000000000000001,0.04000000000000001
0.8843590277777779,0.11564097222222214,0.6175,0.38249999999999995,44.0,282.0,False,876.0,0.0,1.0,00,operational,0.2,0.4,0.2,0.4,21,0.08000000000000002,0.08000000000000002
0.8816998527777776,0.11830014722222237,0.6245,0.37549999999999994,47.0,282.0,False,876.0,0.0,1.0,10,operational,0.2,0.4,0.2,0.4,21,0.08000000000000002,0.08000000000000002
0.8836121240740741,0.11638787592592592,0.6175,0.38249999999999995,44.0,284.0,False,876.0,0.0,1.0,01,operational,0.2,0.4,0.2,0.4,21,0.08000000000000002,0.08000000000000002
0.8808307683647889,0.11916923163521109,0.6245,0.37549999999999994,47.0,285.0,False,876.0,0.0,1.0,11,operational,0.2,0.4,0.2,0.4,21,0.08000000000000002,0.08000000000000002
0.8843590277777779,0.11564097222222214,0.6175,0.38249999999999995,44.0,282.0,False,876.0,0.0,1.0,00,operational,0.2,0.6,0.2,0.6,21,0.12,0.12
0.8802088555555555,0.1197911444444445,0.6353500000000001,0.36465,55.0,282.0,False,876.0,0.0,1.0,10,operational,0.2,0.6,0.2,0.6,21,0.12,0.12
0.8831524962962963,0.11684750370370367,0.6175,0.38249999999999995,44.0,285.0,False,876.0,0.0,1.0,01,operational,0.2,0.6,0.2,0.6,21,0.12,0.12
0.8785802163112683,0.12141978368873174,0.6353500000000001,0.36465,55.0,287.0,False,876.0,0.0,1.0,11,operational,0.2,0.6,0.2,0.6,21,0.12,0.12
0.8843590277777779,0.11564097222222214,0.6175,0.38249999999999995,44.0,282.0,False,876.0,0.0,1.0,00,operational,0.2,0.8,0.2,0.8,21,0.16000000000000003,0.16000000000000003
0.8787083444444443,0.12129165555555566,0.6413,0.35869999999999996,50.0,283.0,False,876.0,0.0,1.0,10,operational,0.2,0.8,0.2,0.8,21,0.16000000000000003,0.16000000000000003
0.8825531956790122,0.11744680432098775,0.6175,0.38249999999999995,44.0,287.0,False,876.0,0.0,1.0,01,operational,0.2,0.8,0.2,0.8,21,0.16000000000000003,0.16000000000000003
0.875876870479174,0.12412312952082605,0.6413,0.35869999999999996,50.0,290.0,False,876.0,0.0,1.0,11,operational,0.2,0.8,0.2,0.8,21,0.16000000000000003,0.16000000000000003
0.8843590277777779,0.11564097222222214,0.6175,0.38249999999999995,44.0,282.0,False,876.0,0.0,1.0,00,operational,0.2,1.0,0.2,1.0,21,0.2,0.2
0.8772150486111111,0.1227849513888889,0.64725,0.35275,47.0,283.0,False,876.0,0.0,1.0,10,operational,0.2,1.0,0.2,1.0,21,0.2,0.2
0.881930524691358,0.11806947530864198,0.6175,0.38249999999999995,44.0,289.0,False,876.0,0.0,1.0,01,operational,0.2,1.0,0.2,1.0,21,0.2,0.2
0.8509868179012344,0.14901318209876557,0.64725,0.35275,47.0,,True,876.0,1.0,0.9649999999999999,11,operational,0.2,1.0,0.2,1.0,21,0.2,0.2
0.8843590277777779,0.11564097222222214,0.6175,0.38249999999999995,44.0,282.0,False,876.0,0.0,1.0,00,operational,0.4,0.2,0.4,0.2,21,0.08000000000000002,0.08000000000000002
0.8821703271050347,0.11782967289496526,0.6175,0.38249999999999995,44.0,282.0,False,876.0,0.0,1.0,10,operational,0.4,0.2,0.4,0.2,21,0.08000000000000002,0.08000000000000002
0.8804323450836017,0.11956765491639831,0.6175,0.38249999999999995,44.0,290.0,False,876.0,0.0,1.0,01,operational,0.4,0.2,0.4,0.2,21,0.08000000000000002,0.08000000000000002
0.877855323888954,0.12214467611104596,0.6175,0.38249999999999995,44.0,290.0,False,876.0,0.0,1.0,11,operational,0.4,0.2,0.4,0.2,21,0.08000000000000002,0.08000000000000002
0.8843590277777779,0.11564097222222214,0.6175,0.38249999999999995,44.0,282.0,False,876.0,0.0,1.0,00,operational,0.4,0.4,0.4,0.4,21,0.16000000000000003,0.16000000000000003
0.8793943284722222,0.12060567152777779,0.6305000000000001,0.3694999999999999,56.0,282.0,False,876.0,0.0,1.0,10,operational,0.4,0.4,0.4,0.4,21,0.16000000000000003,0.16000000000000003
0.875444962191358,0.12455503780864197,0.6175,0.38249999999999995,44.0,299.0,False,876.0,0.0,1.0,01,operational,0.4,0.4,0.4,0.4,21,0.16000000000000003,0.16000000000000003
0.8687250002772753,0.13127499972272472,0.6305000000000001,0.3694999999999999,56.0,302.0,False,876.0,0.0,1.0,11,operational,0.4,0.4,0.4,0.4,21,0.16000000000000003,0.16000000000000003
0.8843590277777779,0.11564097222222214,0.6175,0.38249999999999995,44.0,282.0,False,876.0,0.0,1.0,00,operational,0.4,0.6,0.4,0.6,21,0.24,0.24
0.8766216524305555,0.12337834756944455,0.6466875000000001,0.3533124999999999,56.0,282.0,False,876.0,0.0,1.0,10,operational,0.4,0.6,0.4,0.6,21,0.24,0.24
0.8685496889467592,0.1314503110532408,0.6175,0.38249999999999995,44.0,312.0,False,876.0,0.0,1.0,01,operational,0.4,0.6,0.4,0.6,21,0.24,0.24
0.8545043011822009,0.1454956988177991,0.6466875000000001,0.3533124999999999,56.0,322.0,False,876.0,0.0,1.0,11,operational,0.4,0.6,0.4,0.6,21,0.24,0.24
0.8843590277777779,0.11564097222222214,0.6175,0.38249999999999995,44.0,282.0,False,876.0,0.0,1.0,00,operational,0.4,0.8,0.4,0.8,21,0.32000000000000006,0.32000000000000006
0.8738332124999999,0.1261667875000001,0.6575000000000001,0.3424999999999999,52.0,283.0,False,876.0,0.0,1.0,10,operational,0.4,0.8,0.4,0.8,21,0.32000000000000006,0.32000000000000006
0.8596793185648147,0.14032068143518528,0.6175,0.38249999999999995,44.0,328.0,False,876.0,0.0,1.0,01,operational,0.4,0.8,0.4,0.8,21,0.32000000000000006,0.32000000000000006
0.7744645894085181,0.22553541059148186,0.6575000000000001,0.3424999999999999,52.0,,True,876.0,1.0,0.865,11,operational,0.4,0.8,0.4,0.8,21,0.32000000000000006,0.32000000000000006
0.8843590277777779,0.11564097222222214,0.6175,0.38249999999999995,44.0,282.0,False,876.0,0.0,1.0,00,operational,0.4,1.0,0.4,1.0,21,0.4,0.4
0.8710396406250001,0.12896035937499994,0.6675000000000001,0.3324999999999999,49.0,283.0,False,876.0,0.0,1.0,10,operational,0.4,1.0,0.4,1.0,21,0.4,0.4
0.8585249635416666,0.14147503645833337,0.6175,0.38249999999999995,44.0,338.0,False,876.0,0.0,1.0,01,operational,0.4,1.0,0.4,1.0,21,0.4,0.4
0.7095183371913579,0.29048166280864207,0.6675000000000001,0.3324999999999999,49.0,,True,876.0,1.0,0.78,11,operational,0.4,1.0,0.4,1.0,21,0.4,0.4
0.8843590277777779,0.11564097222222214,0.6175,0.38249999999999995,44.0,282.0,False,876.0,0.0,1.0,00,operational,0.6,0.2,0.6,0.2,21,0.12,0.12
0.8809002012731482,0.11909979872685184,0.6175,0.38249999999999995,44.0,282.0,False,876.0,0.0,1.0,10,operational,0.6,0.2,0.6,0.2,21,0.12,0.12
0.8809669185262424,0.11903308147375757,0.6175,0.38249999999999995,44.0,289.0,False,876.0,0.0,1.0,01,operational,0.6,0.2,0.6,0.2,21,0.12,0.12
0.8767721294931203,0.12322787050687967,0.6175,0.38249999999999995,44.0,290.0,False,876.0,0.0,1.0,11,operational,0.6,0.2,0.6,0.2,21,0.12,0.12
0.8843590277777779,0.11564097222222214,0.6175,0.38249999999999995,44.0,282.0,False,876.0,0.0,1.0,00,operational,0.6,0.4,0.6,0.4,21,0.24,0.24
0.8760987694444444,0.12390123055555557,0.6507375000000001,0.3492624999999999,56.0,282.0,False,876.0,0.0,1.0,10,operational,0.6,0.4,0.6,0.4,21,0.24,0.24
0.8765232115962103,0.12347678840378973,0.6175,0.38249999999999995,44.0,297.0,False,876.0,0.0,1.0,01,operational,0.6,0.4,0.6,0.4,21,0.24,0.24
0.8647170217120533,0.13528297828794666,0.6507375000000001,0.3492624999999999,56.0,303.0,False,876.0,0.0,1.0,11,operational,0.6,0.4,0.6,0.4,21,0.24,0.24
0.8843590277777779,0.11564097222222214,0.6175,0.38249999999999995,44.0,282.0,False,876.0,0.0,1.0,00,operational,0.6,0.6,0.6,0.6,21,0.36,0.36
0.8712720013888889,0.12872799861111106,0.6817000000000001,0.3182999999999999,55.0,282.0,False,876.0,0.0,1.0,10,operational,0.6,0.6,0.6,0.6,21,0.36,0.36
0.8703205637699074,0.1296794362300926,0.6175,0.38249999999999995,44.0,309.0,False,876.0,0.0,1.0,01,operational,0.6,0.6,0.6,0.6,21,0.36,0.36
0.846766046664968,0.15323395333503198,0.6817000000000001,0.3182999999999999,55.0,325.0,False,876.0,0.0,1.0,11,operational,0.6,0.6,0.6,0.6,21,0.36,0.36
0.8843590277777779,0.11564097222222214,0.6175,0.38249999999999995,44.0,282.0,False,876.0,0.0,1.0,00,operational,0.6,0.8,0.6,0.8,21,0.48,0.48
0.8664603166666666,0.13353968333333344,0.7031000000000001,0.2968999999999999,50.0,283.0,False,876.0,0.0,1.0,10,operational,0.6,0.8,0.6,0.8,21,0.48,0.48
0.8623337390432099,0.13766626095679013,0.6175,0.38249999999999995,44.0,324.0,False,876.0,0.0,1.0,01,operational,0.6,0.8,0.6,0.8,21,0.48,0.48
0.7277596684671022,0.27224033153289784,0.7031000000000001,0.2968999999999999,50.0,,True,876.0,1.0,0.82,11,operational,0.6,0.8,0.6,0.8,21,0.48,0.48
0.8843590277777779,0.11564097222222214,0.6175,0.38249999999999995,44.0,282.0,False,876.0,0.0,1.0,00,operational,0.6,1.0,0.6,1.0,21,0.6,0.6
0.8616408819444444,0.13835911805555556,0.7245,0.27549999999999997,47.0,283.0,False,876.0,0.0,1.0,10,operational,0.6,1.0,0.6,1.0,21,0.6,0.6
0.8620685801504628,0.13793141984953716,0.6175,0.38249999999999995,44.0,333.0,False,876.0,0.0,1.0,01,operational,0.6,1.0,0.6,1.0,21,0.6,0.6
0.6321823392795421,0.36781766072045785,0.7245,0.27549999999999997,47.0,,True,876.0,1.0,0.6950000000000001,11,operational,0.6,1.0,0.6,1.0,21,0.6,0.6
0.8843590277777779,0.11564097222222214,0.6175,0.38249999999999995,44.0,282.0,False,876.0,0.0,1.0,00,operational,0.8,0.2,0.8,0.2,21,0.16000000000000003,0.16000000000000003
0.8801138607277198,0.1198861392722802,0.6175,0.38249999999999995,44.0,282.0,False,876.0,0.0,1.0,10,operational,0.8,0.2,0.8,0.2,21,0.16000000000000003,0.16000000000000003
0.8800235589037246,0.11997644109627537,0.6175,0.38249999999999995,44.0,290.0,False,876.0,0.0,1.0,01,operational,0.8,0.2,0.8,0.2,21,0.16000000000000003,0.16000000000000003
0.8749816331437401,0.1250183668562599,0.6175,0.38249999999999995,44.0,291.0,False,876.0,0.0,1.0,11,operational,0.8,0.2,0.8,0.2,21,0.16000000000000003,0.16000000000000003
0.8843590277777779,0.11564097222222214,0.6175,0.38249999999999995,44.0,282.0,False,876.0,0.0,1.0,00,operational,0.8,0.4,0.8,0.4,21,0.32000000000000006,0.32000000000000006
0.8742395247685185,0.12576047523148148,0.6381125000000001,0.3618874999999999,56.0,283.0,False,876.0,0.0,1.0,10,operational,0.8,0.4,0.8,0.4,21,0.32000000000000006,0.32000000000000006
0.8745744363950617,0.12542556360493828,0.6175,0.38249999999999995,44.0,301.0,False,876.0,0.0,1.0,01,operational,0.8,0.4,0.8,0.4,21,0.32000000000000006,0.32000000000000006
0.8602060958686283,0.13979390413137172,0.6381125000000001,0.3618874999999999,56.0,307.0,False,876.0,0.0,1.0,11,operational,0.8,0.4,0.8,0.4,21,0.32000000000000006,0.32000000000000006
0.8843590277777779,0.11564097222222214,0.6175,0.38249999999999995,44.0,282.0,False,876.0,0.0,1.0,00,operational,0.8,0.6,0.8,0.6,21,0.48,0.48
0.8683788565972222,0.13162114340277775,0.6818187499999999,0.31818125,56.0,283.0,False,876.0,0.0,1.0,10,operational,0.8,0.6,0.8,0.6,21,0.48,0.48
0.8672049875,0.13279501250000003,0.6175,0.38249999999999995,44.0,314.0,False,876.0,0.0,1.0,01,operational,0.8,0.6,0.8,0.6,21,0.48,0.48
0.8382145556245476,0.1617854443754524,0.6818187499999999,0.31818125,56.0,333.0,False,876.0,0.0,1.0,11,operational,0.8,0.6,0.8,0.6,21,0.48,0.48
0.8843590277777779,0.11564097222222214,0.6175,0.38249999999999995,44.0,282.0,False,876.0,0.0,1.0,00,operational,0.8,0.8,0.8,0.8,21,0.6400000000000001,0.6400000000000001
0.8624910773148147,0.13750892268518533,0.7051000000000001,0.29489999999999994,52.0,283.0,False,876.0,0.0,1.0,10,operational,0.8,0.8,0.8,0.8,21,0.6400000000000001,0.6400000000000001
0.8579291473765431,0.14207085262345687,0.6175,0.38249999999999995,44.0,332.0,False,876.0,0.0,1.0,01,operational,0.8,0.8,0.8,0.8,21,0.6400000000000001,0.6400000000000001
0.7288819429000197,0.27111805709998027,0.7051000000000001,0.29489999999999994,52.0,,True,876.0,1.0,0.82,11,operational,0.8,0.8,0.8,0.8,21,0.6400000000000001,0.6400000000000001
0.8843590277777779,0.11564097222222214,0.6175,0.38249999999999995,44.0,282.0,False,876.0,0.0,1.0,00,operational,0.8,1.0,0.8,1.0,21,0.8,0.8
0.8566056521990741,0.14339434780092586,0.727,0.273,49.0,283.0,False,876.0,0.0,1.0,10,operational,0.8,1.0,0.8,1.0,21,0.8,0.8
0.8561656762152777,0.14383432378472227,0.6175,0.38249999999999995,44.0,342.0,False,876.0,0.0,1.0,01,operational,0.8,1.0,0.8,1.0,21,0.8,0.8
0.6042120838713262,0.3957879161286738,0.727,0.273,49.0,,True,876.0,1.0,0.6600000000000001,11,operational,0.8,1.0,0.8,1.0,21,0.8,0.8
0.8843590277777779,0.11564097222222214,0.6175,0.38249999999999995,44.0,282.0,False,876.0,0.0,1.0,00,operational,1.0,0.2,1.0,0.2,21,0.2,0.2
0.8786768633318865,0.12132313666811345,0.6175,0.38249999999999995,44.0,282.0,False,876.0,0.0,1.0,10,operational,1.0,0.2,1.0,0.2,21,0.2,0.2
0.8780271211744639,0.12197287882553609,0.6175,0.38249999999999995,44.0,294.0,False,876.0,0.0,1.0,01,operational,1.0,0.2,1.0,0.2,21,0.2,0.2
0.8709517349498803,0.12904826505011968,0.6175,0.38249999999999995,44.0,296.0,False,876.0,0.0,1.0,11,operational,1.0,0.2,1.0,0.2,21,0.2,0.2
0.8843590277777779,0.11564097222222214,0.6175,0.38249999999999995,44.0,282.0,False,876.0,0.0,1.0,00,operational,1.0,0.4,1.0,0.4,21,0.4,0.4
0.8709173025462963,0.1290826974537037,0.6577375000000001,0.3422624999999999,56.0,283.0,False,876.0,0.0,1.0,10,operational,1.0,0.4,1.0,0.4,21,0.4,0.4
0.8698120551539414,0.13018794484605856,0.6175,0.38249999999999995,44.0,309.0,False,876.0,0.0,1.0,01,operational,1.0,0.4,1.0,0.4,21,0.4,0.4
0.8487709068091411,0.15122909319085887,0.6577375000000001,0.3422624999999999,56.0,320.0,False,876.0,0.0,1.0,11,operational,1.0,0.4,1.0,0.4,21,0.4,0.4
0.8843590277777779,0.11564097222222214,0.6175,0.38249999999999995,44.0,282.0,False,876.0,0.0,1.0,00,operational,1.0,0.6,1.0,0.6,21,0.6,0.6
0.8631531899305555,0.13684681006944455,0.71181875,0.28818125,56.0,283.0,False,876.0,0.0,1.0,10,operational,1.0,0.6,1.0,0.6,21,0.6,0.6
0.8574794396990741,0.14252056030092586,0.6175,0.38249999999999995,44.0,332.0,False,876.0,0.0,1.0,01,operational,1.0,0.6,1.0,0.6,21,0.6,0.6
0.8126953667828314,0.18730463321716861,0.71181875,0.28818125,56.0,365.0,False,876.0,0.0,1.0,11,operational,1.0,0.6,1.0,0.6,21,0.6,0.6
0.8843590277777779,0.11564097222222214,0.6175,0.38249999999999995,44.0,282.0,False,876.0,0.0,1.0,00,operational,1.0,0.8,1.0,0.8,21,0.8,0.8
0.8553749939814814,0.14462500601851858,0.7451000000000001,0.25489999999999996,52.0,283.0,False,876.0,0.0,1.0,10,operational,1.0,0.8,1.0,0.8,21,0.8,0.8
0.8482402909722223,0.1517597090277777,0.6175,0.38249999999999995,44.0,352.0,False,876.0,0.0,1.0,01,operational,1.0,0.8,1.0,0.8,21,0.8,0.8
0.5888334723086674,0.41116652769133255,0.7451000000000001,0.25489999999999996,52.0,,True,876.0,1.0,0.6399999999999999,11,operational,1.0,0.8,1.0,0.8,21,0.8,0.8
0.8843590277777779,0.11564097222222214,0.6175,0.38249999999999995,44.0,282.0,False,876.0,0.0,1.0,00,operational,1.0,1.0,1.0,1.0,21,1.0,1.0
0.8475902008101851,0.1524097991898149,0.777,0.223,49.0,283.0,False,876.0,0.0,1.0,10,operational,1.0,1.0,1.0,1.0,21,1.0,1.0
0.8470233400848765,0.15297665991512355,0.6175,0.38249999999999995,44.0,363.0,False,876.0,0.0,1.0,01,operational,1.0,1.0,1.0,1.0,21,1.0,1.0
0.3511106173106909,0.6488893826893092,0.777,0.223,49.0,,True,876.0,1.0,0.3550000000000001,11,operational,1.0,1.0,1.0,1.0,21,1.0,1.0
0.9672931250000001,0.03270687499999991,0.3350000000000001,0.6649999999999999,44.0,138.0,False,876.0,0.0,1.0,00,operational,0.2,0.2,0.2,0.2,22,0.04000000000000001,0.04000000000000001
0.9671484837962963,0.032851516203703746,0.3350000000000001,0.6649999999999999,44.0,138.0,False,876.0,0.0,1.0,10,operational,0.2,0.2,0.2,0.2,22,0.04000000000000001,0.04000000000000001
0.9667588635818096,0.033241136418190376,0.3350000000000001,0.6649999999999999,44.0,140.0,False,876.0,0.0,1.0,01,operational,0.2,0.2,0.2,0.2,22,0.04000000000000001,0.04000000000000001
0.9666129260818096,0.0333870739181904,0.3350000000000001,0.6649999999999999,44.0,140.0,False,876.0,0.0,1.0,11,operational,0.2,0.2,0.2,0.2,22,0.04000000000000001,0.04000000000000001
0.9672931250000001,0.03270687499999991,0.3350000000000001,0.6649999999999999,44.0,138.0,False,876.0,0.0,1.0,00,operational,0.2,0.4,0.2,0.4,22,0.08000000000000002,0.08000000000000002
0.9664499027777778,0.03355009722222224,0.3350000000000001,0.6649999999999999,44.0,138.0,False,876.0,0.0,1.0,10,operational,0.2,0.4,0.2,0.4,22,0.08000000000000002,0.08000000000000002
0.9660462574901335,0.03395374250986649,0.3350000000000001,0.6649999999999999,44.0,142.0,False,876.0,0.0,1.0,01,operational,0.2,0.4,0.2,0.4,22,0.08000000000000002,0.08000000000000002
0.9651556278605039,0.034844372139496094,0.3350000000000001,0.6649999999999999,44.0,142.0,False,876.0,0.0,1.0,11,operational,0.2,0.4,0.2,0.4,22,0.08000000000000002,0.08000000000000002
0.9672931250000001,0.03270687499999991,0.3350000000000001,0.6649999999999999,44.0,138.0,False,876.0,0.0,1.0,00,operational,0.2,0.6,0.2,0.6,22,0.12,0.12
0.9656949583333332,0.03430504166666681,0.3439375000000001,0.6560624999999999,56.0,138.0,False,876.0,0.0,1.0,10,operational,0.2,0.6,0.2,0.6,22,0.12,0.12
0.9651514009712617,0.03484859902873827,0.3350000000000001,0.6649999999999999,44.0,145.0,False,876.0,0.0,1.0,01,operational,0.2,0.6,0.2,0.6,22,0.12,0.12
0.9634269565268173,0.03657304347318269,0.3439375000000001,0.6560624999999999,56.0,145.0,False,876.0,0.0,1.0,11,operational,0.2,0.6,0.2,0.6,22,0.12,0.12
0.9672931250000001,0.03270687499999991,0.3350000000000001,0.6649999999999999,44.0,138.0,False,876.0,0.0,1.0,00,operational,0.2,0.8,0.2,0.8,22,0.16000000000000003,0.16000000000000003
0.964940013888889,0.03505998611111105,0.3490000000000001,0.6509999999999999,53.0,138.0,False,876.0,0.0,1.0,10,operational,0.2,0.8,0.2,0.8,22,0.16000000000000003,0.16000000000000003
0.9637271523544974,0.03627284764550265,0.3350000000000001,0.6649999999999999,44.0,150.0,False,876.0,0.0,1.0,01,operational,0.2,0.8,0.2,0.8,22,0.16000000000000003,0.16000000000000003
0.961076781984127,0.03892321801587295,0.3490000000000001,0.6509999999999999,53.0,150.0,False,876.0,0.0,1.0,11,operational,0.2,0.8,0.2,0.8,22,0.16000000000000003,0.16000000000000003
0.9672931250000001,0.03270687499999991,0.3350000000000001,0.6649999999999999,44.0,138.0,False,876.0,0.0,1.0,00,operational,0.2,1.0,0.2,1.0,22,0.2,0.2
0.9641861111111111,0.03581388888888892,0.35250000000000015,0.6474999999999999,50.0,138.0,False,876.0,0.0,1.0,10,operational,0.2,1.0,0.2,1.0,22,0.2,0.2
0.9629862231481482,0.03701377685185181,0.3350000000000001,0.6649999999999999,44.0,153.0,False,876.0,0.0,1.0,01,operational,0.2,1.0,0.2,1.0,22,0.2,0.2
0.9594218018518518,0.040578198148148226,0.35250000000000015,0.6474999999999999,50.0,153.0,False,876.0,0.0,1.0,11,operational,0.2,1.0,0.2,1.0,22,0.2,0.2
0.9672931250000001,0.03270687499999991,0.3350000000000001,0.6649999999999999,44.0,138.0,False,876.0,0.0,1.0,00,operational,0.4,0.2,0.4,0.2,22,0.08000000000000002,0.08000000000000002
0.9669387347222222,0.03306126527777775,0.3350000000000001,0.6649999999999999,44.0,138.0,False,876.0,0.0,1.0,10,operational,0.4,0.2,0.4,0.2,22,0.08000000000000002,0.08000000000000002
0.9666355148148149,0.03336448518518509,0.3350000000000001,0.6649999999999999,44.0,140.0,False,876.0,0.0,1.0,01,operational,0.4,0.2,0.4,0.2,22,0.08000000000000002,0.08000000000000002
0.966232120651165,0.03376787934883496,0.3350000000000001,0.6649999999999999,44.0,140.0,False,876.0,0.0,1.0,11,operational,0.4,0.2,0.4,0.2,22,0.08000000000000002,0.08000000000000002
0.9672931250000001,0.03270687499999991,0.3350000000000001,0.6649999999999999,44.0,138.0,False,876.0,0.0,1.0,00,operational,0.4,0.4,0.4,0.4,22,0.16000000000000003,0.16000000000000003
0.9656596916666667,0.03434030833333335,0.3367500000000001,0.6632499999999999,56.0,138.0,False,876.0,0.0,1.0,10,operational,0.4,0.4,0.4,0.4,22,0.16000000000000003,0.16000000000000003
0.9657021324074074,0.03429786759259257,0.3350000000000001,0.6649999999999999,44.0,143.0,False,876.0,0.0,1.0,01,operational,0.4,0.4,0.4,0.4,22,0.16000000000000003,0.16000000000000003
0.9637643751384513,0.03623562486154874,0.3367500000000001,0.6632499999999999,56.0,144.0,False,876.0,0.0,1.0,11,operational,0.4,0.4,0.4,0.4,22,0.16000000000000003,0.16000000000000003
0.9672931250000001,0.03270687499999991,0.3350000000000001,0.6649999999999999,44.0,138.0,False,876.0,0.0,1.0,00,operational,0.4,0.6,0.4,0.6,22,0.24,0.24
0.9643207527777777,0.035679247222222266,0.3528500000000001,0.6471499999999999,54.0,138.0,False,876.0,0.0,1.0,10,operational,0.4,0.6,0.4,0.6,22,0.24,0.24
0.9643831814814815,0.0356168185185185,0.3350000000000001,0.6649999999999999,44.0,147.0,False,876.0,0.0,1.0,01,operational,0.4,0.6,0.4,0.6,22,0.24,0.24
0.960450588580308,0.03954941141969204,0.3528500000000001,0.6471499999999999,54.0,150.0,False,876.0,0.0,1.0,11,operational,0.4,0.6,0.4,0.6,22,0.24,0.24
0.9672931250000001,0.03270687499999991,0.3350000000000001,0.6649999999999999,44.0,138.0,False,876.0,0.0,1.0,00,operational,0.4,0.8,0.4,0.8,22,0.32000000000000006,0.32000000000000006
0.9629813972222222,0.0370186027777778,0.3588000000000001,0.6411999999999999,49.0,138.0,False,876.0,0.0,1.0,10,operational,0.4,0.8,0.4,0.8,22,0.32000000000000006,0.32000000000000006
0.9629784194444445,0.03702158055555549,0.3350000000000001,0.6649999999999999,44.0,152.0,False,876.0,0.0,1.0,01,operational,0.4,0.8,0.4,0.8,22,0.32000000000000006,0.32000000000000006
0.9225727229539643,0.07742727704603569,0.3588000000000001,0.6411999999999999,49.0,,True,876.0,1.0,0.9550000000000001,11,operational,0.4,0.8,0.4,0.8,22,0.32000000000000006,0.32000000000000006
0.9672931250000001,0.03270687499999991,0.3350000000000001,0.6649999999999999,44.0,138.0,False,876.0,0.0,1.0,00,operational,0.4,1.0,0.4,1.0,22,0.4,0.4
0.9616358958333333,0.03836410416666669,0.3669375,0.6330625,56.0,138.0,False,876.0,0.0,1.0,10,operational,0.4,1.0,0.4,1.0,22,0.4,0.4
0.9629396157407407,0.03706038425925928,0.3350000000000001,0.6649999999999999,44.0,154.0,False,876.0,0.0,1.0,01,operational,0.4,1.0,0.4,1.0,22,0.4,0.4
0.9164692288037035,0.08353077119629648,0.3669375,0.6330625,56.0,,True,876.0,1.0,0.95,11,operational,0.4,1.0,0.4,1.0,22,0.4,0.4
0.9672931250000001,0.03270687499999991,0.3350000000000001,0.6649999999999999,44.0,138.0,False,876.0,0.0,1.0,00,operational,0.6,0.2,0.6,0.2,22,0.12,0.12
0.9667937372685185,0.03320626273148153,0.3350000000000001,0.6649999999999999,44.0,138.0,False,876.0,0.0,1.0,10,operational,0.6,0.2,0.6,0.2,22,0.12,0.12
0.9669175633333333,0.03308243666666666,0.3350000000000001,0.6649999999999999,44.0,139.0,False,876.0,0.0,1.0,01,operational,0.6,0.2,0.6,0.2,22,0.12,0.12
0.9663702763812186,0.03362972361878136,0.3350000000000001,0.6649999999999999,44.0,139.0,False,876.0,0.0,1.0,11,operational,0.6,0.2,0.6,0.2,22,0.12,0.12
0.9672931250000001,0.03270687499999991,0.3350000000000001,0.6649999999999999,44.0,138.0,False,876.0,0.0,1.0,00,operational,0.6,0.4,0.6,0.4,22,0.24,0.24
0.9653434638888888,0.03465653611111119,0.33587500000000015,0.6641249999999999,56.0,138.0,False,876.0,0.0,1.0,10,operational,0.6,0.4,0.6,0.4,22,0.24,0.24
0.9663910132425015,0.03360898675749846,0.3350000000000001,0.6649999999999999,44.0,141.0,False,876.0,0.0,1.0,01,operational,0.6,0.4,0.6,0.4,22,0.24,0.24
0.9640656980260496,0.03593430197395042,0.33587500000000015,0.6641249999999999,56.0,142.0,False,876.0,0.0,1.0,11,operational,0.6,0.4,0.6,0.4,22,0.24,0.24
0.9672931250000001,0.03270687499999991,0.3350000000000001,0.6649999999999999,44.0,138.0,False,876.0,0.0,1.0,00,operational,0.6,0.6,0.6,0.6,22,0.36,0.36
0.9638797444444445,0.036120255555555536,0.3544375000000002,0.6455624999999998,56.0,138.0,False,876.0,0.0,1.0,10,operational,0.6,0.6,0.6,0.6,22,0.36,0.36
0.9656207223777779,0.03437927762222215,0.3350000000000001,0.6649999999999999,44.0,144.0,False,876.0,0.0,1.0,01,operational,0.6,0.6,0.6,0.6,22,0.36,0.36
0.9610656265714411,0.03893437342855888,0.3544375000000002,0.6455624999999998,56.0,147.0,False,876.0,0.0,1.0,11,operational,0.6,0.6,0.6,0.6,22,0.36,0.36
0.9672931250000001,0.03270687499999991,0.3350000000000001,0.6649999999999999,44.0,138.0,False,876.0,0.0,1.0,00,operational,0.6,0.8,0.6,0.8,22,0.48,0.48
0.962416025,0.03758397499999999,0.3630000000000002,0.6369999999999998,53.0,138.0,False,876.0,0.0,1.0,10,operational,0.6,0.8,0.6,0.8,22,0.48,0.48
0.9651878764814814,0.03481212351851859,0.3350000000000001,0.6649999999999999,44.0,145.0,False,876.0,0.0,1.0,01,operational,0.6,0.8,0.6,0.8,22,0.48,0.48
0.9237436070995737,0.0762563929004263,0.3630000000000002,0.6369999999999998,53.0,,True,876.0,1.0,0.9550000000000001,11,operational,0.6,0.8,0.6,0.8,22,0.48,0.48
0.9672931250000001,0.03270687499999991,0.3350000000000001,0.6649999999999999,44.0,138.0,False,876.0,0.0,1.0,00,operational,0.6,1.0,0.6,1.0,22,0.6,0.6
0.9609524097222223,0.03904759027777771,0.37021875000000004,0.62978125,56.0,138.0,False,876.0,0.0,1.0,10,operational,0.6,1.0,0.6,1.0,22,0.6,0.6
0.9653146583333334,0.03468534166666659,0.3350000000000001,0.6649999999999999,44.0,146.0,False,876.0,0.0,1.0,01,operational,0.6,1.0,0.6,1.0,22,0.6,0.6
0.8883689037434968,0.11163109625650325,0.37021875000000004,0.62978125,56.0,,True,876.0,1.0,0.915,11,operational,0.6,1.0,0.6,1.0,22,0.6,0.6
0.9672931250000001,0.03270687499999991,0.3350000000000001,0.6649999999999999,44.0,138.0,False,876.0,0.0,1.0,00,operational,0.8,0.2,0.8,0.2,22,0.16000000000000003,0.16000000000000003
0.9666870900462963,0.03331290995370373,0.3350000000000001,0.6649999999999999,44.0,138.0,False,876.0,0.0,1.0,10,operational,0.8,0.2,0.8,0.2,22,0.16000000000000003,0.16000000000000003
0.9666453423605061,0.03335465763949386,0.3350000000000001,0.6649999999999999,44.0,140.0,False,876.0,0.0,1.0,01,operational,0.8,0.2,0.8,0.2,22,0.16000000000000003,0.16000000000000003
0.9659627405562111,0.03403725944378888,0.3350000000000001,0.6649999999999999,44.0,140.0,False,876.0,0.0,1.0,11,operational,0.8,0.2,0.8,0.2,22,0.16000000000000003,0.16000000000000003
0.9672931250000001,0.03270687499999991,0.3350000000000001,0.6649999999999999,44.0,138.0,False,876.0,0.0,1.0,00,operational,0.8,0.4,0.8,0.4,22,0.32000000000000006,0.32000000000000006
0.9640821490740741,0.03591785092592592,0.33887500000000015,0.6611249999999999,56.0,138.0,False,876.0,0.0,1.0,10,operational,0.8,0.4,0.8,0.4,22,0.32000000000000006,0.32000000000000006
0.9657694728370371,0.03423052716296293,0.3350000000000001,0.6649999999999999,44.0,143.0,False,876.0,0.0,1.0,01,operational,0.8,0.4,0.8,0.4,22,0.32000000000000006,0.32000000000000006
0.9617469360966079,0.038253063903392115,0.33887500000000015,0.6611249999999999,56.0,146.0,False,876.0,0.0,1.0,11,operational,0.8,0.4,0.8,0.4,22,0.32000000000000006,0.32000000000000006
0.9672931250000001,0.03270687499999991,0.3350000000000001,0.6649999999999999,44.0,138.0,False,876.0,0.0,1.0,00,operational,0.8,0.6,0.8,0.6,22,0.48,0.48
0.9613778486111111,0.038622151388888915,0.36341250000000014,0.6365874999999999,56.0,138.0,False,876.0,0.0,1.0,10,operational,0.8,0.6,0.8,0.6,22,0.48,0.48
0.9645855500461041,0.035414449953895866,0.3350000000000001,0.6649999999999999,44.0,147.0,False,876.0,0.0,1.0,01,operational,0.8,0.6,0.8,0.6,22,0.48,0.48
0.9562671784701893,0.04373282152981073,0.36341250000000014,0.6365874999999999,56.0,154.0,False,876.0,0.0,1.0,11,operational,0.8,0.6,0.8,0.6,22,0.48,0.48
0.9672931250000001,0.03270687499999991,0.3350000000000001,0.6649999999999999,44.0,138.0,False,876.0,0.0,1.0,00,operational,0.8,0.8,0.8,0.8,22,0.6400000000000001,0.6400000000000001
0.9586937009259259,0.041306299074074126,0.37880000000000014,0.6211999999999999,54.0,138.0,False,876.0,0.0,1.0,10,operational,0.8,0.8,0.8,0.8,22,0.6400000000000001,0.6400000000000001
0.9636065412962963,0.036393458703703696,0.3350000000000001,0.6649999999999999,44.0,151.0,False,876.0,0.0,1.0,01,operational,0.8,0.8,0.8,0.8,22,0.6400000000000001,0.6400000000000001
0.9163065316980828,0.08369346830191715,0.37880000000000014,0.6211999999999999,54.0,,True,876.0,1.0,0.9550000000000001,11,operational,0.8,0.8,0.8,0.8,22,0.6400000000000001,0.6400000000000001
0.9672931250000001,0.03270687499999991,0.3350000000000001,0.6649999999999999,44.0,138.0,False,876.0,0.0,1.0,00,operational,0.8,1.0,0.8,1.0,22,0.8,0.8
0.9560045393518519,0.04399546064814808,0.3924687499999999,0.6075312500000001,56.0,139.0,False,876.0,0.0,1.0,10,operational,0.8,1.0,0.8,1.0,22,0.8,0.8
0.9631089180555555,0.03689108194444446,0.3350000000000001,0.6649999999999999,44.0,153.0,False,876.0,0.0,1.0,01,operational,0.8,1.0,0.8,1.0,22,0.8,0.8
0.8516223766590323,0.1483776233409677,0.3924687499999999,0.6075312500000001,56.0,,True,876.0,1.0,0.8800000000000001,11,operational,0.8,1.0,0.8,1.0,22,0.8,0.8
0.9672931250000001,0.03270687499999991,0.3350000000000001,0.6649999999999999,44.0,138.0,False,876.0,0.0,1.0,00,operational,1.0,0.2,1.0,0.2,22,0.2,0.2
0.9664465275462963,0.03355347245370366,0.3350000000000001,0.6649999999999999,44.0,138.0,False,876.0,0.0,1.0,10,operational,1.0,0.2,1.0,0.2,22,0.2,0.2
0.9663360005879841,0.03366399941201592,0.3350000000000001,0.6649999999999999,44.0,141.0,False,876.0,0.0,1.0,01,operational,1.0,0.2,1.0,0.2,22,0.2,0.2
0.9652807345992621,0.034719265400737886,0.3350000000000001,0.6649999999999999,44.0,142.0,False,876.0,0.0,1.0,11,operational,1.0,0.2,1.0,0.2,22,0.2,0.2
0.9672931250000001,0.03270687499999991,0.3350000000000001,0.6649999999999999,44.0,138.0,False,876.0,0.0,1.0,00,operational,1.0,0.4,1.0,0.4,22,0.4,0.4
0.9633682601851851,0.036631739814814934,0.3397500000000001,0.6602499999999999,56.0,138.0,False,876.0,0.0,1.0,10,operational,1.0,0.4,1.0,0.4,22,0.4,0.4
0.9650464186518518,0.03495358134814819,0.3350000000000001,0.6649999999999999,44.0,146.0,False,876.0,0.0,1.0,01,operational,1.0,0.4,1.0,0.4,22,0.4,0.4
0.9594633791550125,0.04053662084498755,0.3397500000000001,0.6602499999999999,56.0,151.0,False,876.0,0.0,1.0,11,operational,1.0,0.4,1.0,0.4,22,0.4,0.4
0.9672931250000001,0.03270687499999991,0.3350000000000001,0.6649999999999999,44.0,138.0,False,876.0,0.0,1.0,00,operational,1.0,0.6,1.0,0.6,22,0.6,0.6
0.9601959041666667,0.03980409583333333,0.3739125000000001,0.6260874999999999,56.0,138.0,False,876.0,0.0,1.0,10,operational,1.0,0.6,1.0,0.6,22,0.6,0.6
0.9632878587925926,0.0367121412074074,0.3350000000000001,0.6649999999999999,44.0,152.0,False,876.0,0.0,1.0,01,operational,1.0,0.6,1.0,0.6,22,0.6,0.6
0.95111273769662,0.04888726230338003,0.3739125000000001,0.6260874999999999,56.0,164.0,False,876.0,0.0,1.0,11,operational,1.0,0.6,1.0,0.6,22,0.6,0.6
0.9672931250000001,0.03270687499999991,0.3350000000000001,0.6649999999999999,44.0,138.0,False,876.0,0.0,1.0,00,operational,1.0,0.8,1.0,0.8,22,0.8,0.8
0.957043700925926,0.042956299074073945,0.39280000000000004,0.6072,54.0,138.0,False,876.0,0.0,1.0,10,operational,1.0,0.8,1.0,0.8,22,0.8,0.8
0.9613173923492064,0.038682607650793566,0.3350000000000001,0.6649999999999999,44.0,159.0,False,876.0,0.0,1.0,01,operational,1.0,0.8,1.0,0.8,22,0.8,0.8
0.839942440699836,0.16005755930016397,0.39280000000000004,0.6072,54.0,,True,876.0,1.0,0.865,11,operational,1.0,0.8,1.0,0.8,22,0.8,0.8
0.9672931250000001,0.03270687499999991,0.3350000000000001,0.6649999999999999,44.0,138.0,False,876.0,0.0,1.0,00,operational,1.0,1.0,1.0,1.0,22,1.0,1.0
0.9538855462962963,0.046114453703703706,0.40996875,0.59003125,56.0,139.0,False,876.0,0.0,1.0,10,operational,1.0,1.0,1.0,1.0,22,1.0,1.0
0.9605421703703703,0.03945782962962974,0.3350000000000001,0.6649999999999999,44.0,163.0,False,876.0,0.0,1.0,01,operational,1.0,1.0,1.0,1.0,22,1.0,1.0
0.7031342715217836,0.29686572847821635,0.40996875,0.59003125,56.0,,True,876.0,1.0,0.7100000000000001,11,operational,1.0,1.0,1.0,1.0,22,1.0,1.0
0.9308809722222222,0.06911902777777779,0.48750000000000004,0.5125,44.0,211.0,False,876.0,0.0,1.0,00,operational,0.2,0.2,0.2,0.2,23,0.04000000000000001,0.04000000000000001
0.9301184688888889,0.06988153111111106,0.48750000000000004,0.5125,44.0,211.0,False,876.0,0.0,1.0,10,operational,0.2,0.2,0.2,0.2,23,0.04000000000000001,0.04000000000000001
0.92981427643556,0.07018572356443997,0.48750000000000004,0.5125,44.0,213.0,False,876.0,0.0,1.0,01,operational,0.2,0.2,0.2,0.2,23,0.04000000000000001,0.04000000000000001
0.9290254772666434,0.07097452273335658,0.48750000000000004,0.5125,44.0,213.0,False,876.0,0.0,1.0,11,operational,0.2,0.2,0.2,0.2,23,0.04000000000000001,0.04000000000000001
0.9308809722222222,0.06911902777777779,0.48750000000000004,0.5125,44.0,211.0,False,876.0,0.0,1.0,00,operational,0.2,0.4,0.2,0.4,23,0.08000000000000002,0.08000000000000002
0.9289781877777779,0.07102181222222215,0.49750000000000005,0.5025,54.0,211.0,False,876.0,0.0,1.0,10,operational,0.2,0.4,0.2,0.4,23,0.08000000000000002,0.08000000000000002
0.9284410159108683,0.07155898408913175,0.48750000000000004,0.5125,44.0,216.0,False,876.0,0.0,1.0,01,operational,0.2,0.4,0.2,0.4,23,0.08000000000000002,0.08000000000000002
0.9264380850078209,0.07356191499217912,0.49750000000000005,0.5025,54.0,216.0,False,876.0,0.0,1.0,11,operational,0.2,0.4,0.2,0.4,23,0.08000000000000002,0.08000000000000002
0.9308809722222222,0.06911902777777779,0.48750000000000004,0.5125,44.0,211.0,False,876.0,0.0,1.0,00,operational,0.2,0.6,0.2,0.6,23,0.12,0.12
0.9278392955555557,0.07216070444444433,0.5025000000000001,0.49749999999999994,48.0,211.0,False,876.0,0.0,1.0,10,operational,0.2,0.6,0.2,0.6,23,0.12,0.12
0.9264642657741842,0.07353573422581583,0.48750000000000004,0.5125,44.0,221.0,False,876.0,0.0,1.0,01,operational,0.2,0.6,0.2,0.6,23,0.12,0.12
0.9231710872516222,0.07682891274837778,0.5025000000000001,0.49749999999999994,48.0,221.0,False,876.0,0.0,1.0,11,operational,0.2,0.6,0.2,0.6,23,0.12,0.12
0.9308809722222222,0.06911902777777779,0.48750000000000004,0.5125,44.0,211.0,False,876.0,0.0,1.0,00,operational,0.2,0.8,0.2,0.8,23,0.16000000000000003,0.16000000000000003
0.9267177366666667,0.07328226333333332,0.5075000000000001,0.4924999999999999,44.0,211.0,False,876.0,0.0,1.0,10,operational,0.2,0.8,0.2,0.8,23,0.16000000000000003,0.16000000000000003
0.9234339139285713,0.07656608607142867,0.48750000000000004,0.5125,44.0,227.0,False,876.0,0.0,1.0,01,operational,0.2,0.8,0.2,0.8,23,0.16000000000000003,0.16000000000000003
0.9187308497778525,0.08126915022214753,0.5075000000000001,0.4924999999999999,44.0,228.0,False,876.0,0.0,1.0,11,operational,0.2,0.8,0.2,0.8,23,0.16000000000000003,0.16000000000000003
0.9308809722222222,0.06911902777777779,0.48750000000000004,0.5125,44.0,211.0,False,876.0,0.0,1.0,00,operational,0.2,1.0,0.2,1.0,23,0.2,0.2
0.9255859902777777,0.07441400972222234,0.5125,0.4875,44.0,211.0,False,876.0,0.0,1.0,10,operational,0.2,1.0,0.2,1.0,23,0.2,0.2
0.9247438842592592,0.07525611574074076,0.48750000000000004,0.5125,44.0,230.0,False,876.0,0.0,1.0,01,operational,0.2,1.0,0.2,1.0,23,0.2,0.2
0.9186674795560777,0.08133252044392225,0.5125,0.4875,44.0,231.0,False,876.0,0.0,1.0,11,operational,0.2,1.0,0.2,1.0,23,0.2,0.2
0.9308809722222222,0.06911902777777779,0.48750000000000004,0.5125,44.0,211.0,False,876.0,0.0,1.0,00,operational,0.4,0.2,0.4,0.2,23,0.08000000000000002,0.08000000000000002
0.9295814673148147,0.07041853268518528,0.48750000000000004,0.5125,44.0,211.0,False,876.0,0.0,1.0,10,operational,0.4,0.2,0.4,0.2,23,0.08000000000000002,0.08000000000000002
0.9280824052670416,0.07191759473295845,0.48750000000000004,0.5125,44.0,217.0,False,876.0,0.0,1.0,01,operational,0.4,0.2,0.4,0.2,23,0.08000000000000002,0.08000000000000002
0.9267025592469188,0.0732974407530812,0.48750000000000004,0.5125,44.0,217.0,False,876.0,0.0,1.0,11,operational,0.4,0.2,0.4,0.2,23,0.08000000000000002,0.08000000000000002
0.9308809722222222,0.06911902777777779,0.48750000000000004,0.5125,44.0,211.0,False,876.0,0.0,1.0,00,operational,0.4,0.4,0.4,0.4,23,0.16000000000000003,0.16000000000000003
0.927293129074074,0.07270687092592598,0.49750000000000005,0.5025,54.0,211.0,False,876.0,0.0,1.0,10,operational,0.4,0.4,0.4,0.4,23,0.16000000000000003,0.16000000000000003
0.9242004009274438,0.07579959907255618,0.48750000000000004,0.5125,44.0,225.0,False,876.0,0.0,1.0,01,operational,0.4,0.4,0.4,0.4,23,0.16000000000000003,0.16000000000000003
0.9200139519841309,0.07998604801586906,0.49750000000000005,0.5025,54.0,226.0,False,876.0,0.0,1.0,11,operational,0.4,0.4,0.4,0.4,23,0.16000000000000003,0.16000000000000003
0.9308809722222222,0.06911902777777779,0.48750000000000004,0.5125,44.0,211.0,False,876.0,0.0,1.0,00,operational,0.4,0.6,0.4,0.6,23,0.24,0.24
0.925009145,0.07499085500000002,0.5130000000000001,0.48699999999999993,56.0,211.0,False,876.0,0.0,1.0,10,operational,0.4,0.6,0.4,0.6,23,0.24,0.24
0.9177738033666666,0.08222619663333341,0.48750000000000004,0.5125,44.0,239.0,False,876.0,0.0,1.0,01,operational,0.4,0.6,0.4,0.6,23,0.24,0.24
0.9099337014473886,0.09006629855261139,0.5130000000000001,0.48699999999999993,56.0,242.0,False,876.0,0.0,1.0,11,operational,0.4,0.6,0.4,0.6,23,0.24,0.24
0.9308809722222222,0.06911902777777779,0.48750000000000004,0.5125,44.0,211.0,False,876.0,0.0,1.0,00,operational,0.4,0.8,0.4,0.8,23,0.32000000000000006,0.32000000000000006
0.922735785925926,0.07726421407407402,0.5215000000000001,0.4784999999999999,51.0,211.0,False,876.0,0.0,1.0,10,operational,0.4,0.8,0.4,0.8,23,0.32000000000000006,0.32000000000000006
0.9151099217195767,0.08489007828042328,0.48750000000000004,0.5125,44.0,248.0,False,876.0,0.0,1.0,01,operational,0.4,0.8,0.4,0.8,23,0.32000000000000006,0.32000000000000006
0.8791124342400498,0.12088756575995019,0.5215000000000001,0.4784999999999999,51.0,,True,876.0,1.0,0.9550000000000001,11,operational,0.4,0.8,0.4,0.8,23,0.32000000000000006,0.32000000000000006
0.9308809722222222,0.06911902777777779,0.48750000000000004,0.5125,44.0,211.0,False,876.0,0.0,1.0,00,operational,0.4,1.0,0.4,1.0,23,0.4,0.4
0.920452649074074,0.07954735092592602,0.53,0.47000000000000003,48.0,211.0,False,876.0,0.0,1.0,10,operational,0.4,1.0,0.4,1.0,23,0.4,0.4
0.9182201097222221,0.08177989027777788,0.48750000000000004,0.5125,44.0,249.0,False,876.0,0.0,1.0,01,operational,0.4,1.0,0.4,1.0,23,0.4,0.4
0.8474116797557089,0.15258832024429114,0.53,0.47000000000000003,48.0,,True,876.0,1.0,0.9149999999999998,11,operational,0.4,1.0,0.4,1.0,23,0.4,0.4
0.9308809722222222,0.06911902777777779,0.48750000000000004,0.5125,44.0,211.0,False,876.0,0.0,1.0,00,operational,0.6,0.2,0.6,0.2,23,0.12,0.12
0.9286561452083333,0.07134385479166672,0.48750000000000004,0.5125,44.0,211.0,False,876.0,0.0,1.0,10,operational,0.6,0.2,0.6,0.2,23,0.12,0.12
0.9289913978596342,0.07100860214036575,0.48750000000000004,0.5125,44.0,215.0,False,876.0,0.0,1.0,01,operational,0.6,0.2,0.6,0.2,23,0.12,0.12
0.9264828316887435,0.07351716831125654,0.48750000000000004,0.5125,44.0,216.0,False,876.0,0.0,1.0,11,operational,0.6,0.2,0.6,0.2,23,0.12,0.12
0.9308809722222222,0.06911902777777779,0.48750000000000004,0.5125,44.0,211.0,False,876.0,0.0,1.0,00,operational,0.6,0.4,0.6,0.4,23,0.24,0.24
0.9249879206249999,0.0750120793750001,0.49749999999999994,0.5025000000000001,54.0,211.0,False,876.0,0.0,1.0,10,operational,0.6,0.4,0.6,0.4,23,0.24,0.24
0.9262897042397693,0.07371029576023069,0.48750000000000004,0.5125,44.0,221.0,False,876.0,0.0,1.0,01,operational,0.6,0.4,0.6,0.4,23,0.24,0.24
0.918998701412479,0.08100129858752103,0.49749999999999994,0.5025000000000001,54.0,224.0,False,876.0,0.0,1.0,11,operational,0.6,0.4,0.6,0.4,23,0.24,0.24
0.9308809722222222,0.06911902777777779,0.48750000000000004,0.5125,44.0,211.0,False,876.0,0.0,1.0,00,operational,0.6,0.6,0.6,0.6,23,0.36,0.36
0.92136045125,0.07863954875000001,0.5183375000000001,0.4816624999999998,56.0,211.0,False,876.0,0.0,1.0,10,operational,0.6,0.6,0.6,0.6,23,0.36,0.36
0.9216217125723221,0.07837828742767794,0.48750000000000004,0.5125,44.0,231.0,False,876.0,0.0,1.0,01,operational,0.6,0.6,0.6,0.6,23,0.36,0.36
0.9078624043205281,0.09213759567947188,0.5183375000000001,0.4816624999999998,56.0,239.0,False,876.0,0.0,1.0,11,operational,0.6,0.6,0.6,0.6,23,0.36,0.36
0.9308809722222222,0.06911902777777779,0.48750000000000004,0.5125,44.0,211.0,False,876.0,0.0,1.0,00,operational,0.6,0.8,0.6,0.8,23,0.48,0.48
0.9177444905555555,0.08225550944444449,0.5313000000000001,0.46869999999999995,54.0,211.0,False,876.0,0.0,1.0,10,operational,0.6,0.8,0.6,0.8,23,0.48,0.48
0.9218656682920947,0.07813433170790529,0.48750000000000004,0.5125,44.0,234.0,False,876.0,0.0,1.0,01,operational,0.6,0.8,0.6,0.8,23,0.48,0.48
0.8122473264914627,0.1877526735085373,0.5313000000000001,0.46869999999999995,54.0,,True,876.0,1.0,0.8650000000000002,11,operational,0.6,0.8,0.6,0.8,23,0.48,0.48
0.9308809722222222,0.06911902777777779,0.48750000000000004,0.5125,44.0,211.0,False,876.0,0.0,1.0,00,operational,0.6,1.0,0.6,1.0,23,0.6,0.6
0.9141159256944444,0.08588407430555556,0.5425625,0.45743750000000005,56.0,211.0,False,876.0,0.0,1.0,10,operational,0.6,1.0,0.6,1.0,23,0.6,0.6
0.9235633573148149,0.07643664268518513,0.48750000000000004,0.5125,44.0,233.0,False,876.0,0.0,1.0,01,operational,0.6,1.0,0.6,1.0,23,0.6,0.6
0.7690616006325932,0.2309383993674068,0.5425625,0.45743750000000005,56.0,,True,876.0,1.0,0.8150000000000001,11,operational,0.6,1.0,0.6,1.0,23,0.6,0.6
0.9308809722222222,0.06911902777777779,0.48750000000000004,0.5125,44.0,211.0,False,876.0,0.0,1.0,00,operational,0.8,0.2,0.8,0.2,23,0.16000000000000003,0.16000000000000003
0.9281664688541665,0.07183353114583346,0.48750000000000004,0.5125,44.0,211.0,False,876.0,0.0,1.0,10,operational,0.8,0.2,0.8,0.2,23,0.16000000000000003,0.16000000000000003
0.928270174524074,0.07172982547592599,0.48750000000000004,0.5125,44.0,217.0,False,876.0,0.0,1.0,01,operational,0.8,0.2,0.8,0.2,23,0.16000000000000003,0.16000000000000003
0.924995680830618,0.075004319169382,0.48750000000000004,0.5125,44.0,218.0,False,876.0,0.0,1.0,11,operational,0.8,0.2,0.8,0.2,23,0.16000000000000003,0.16000000000000003
0.9308809722222222,0.06911902777777779,0.48750000000000004,0.5125,44.0,211.0,False,876.0,0.0,1.0,00,operational,0.8,0.4,0.8,0.4,23,0.32000000000000006,0.32000000000000006
0.9234389134027777,0.07656108659722227,0.5105000000000001,0.48949999999999994,54.0,211.0,False,876.0,0.0,1.0,10,operational,0.8,0.4,0.8,0.4,23,0.32000000000000006,0.32000000000000006
0.9245830599089253,0.07541694009107469,0.48750000000000004,0.5125,44.0,226.0,False,876.0,0.0,1.0,01,operational,0.8,0.4,0.8,0.4,23,0.32000000000000006,0.32000000000000006
0.9143353671612954,0.08566463283870462,0.5105000000000001,0.48949999999999994,54.0,231.0,False,876.0,0.0,1.0,11,operational,0.8,0.4,0.8,0.4,23,0.32000000000000006,0.32000000000000006
0.9308809722222222,0.06911902777777779,0.48750000000000004,0.5125,44.0,211.0,False,876.0,0.0,1.0,00,operational,0.8,0.6,0.8,0.6,23,0.48,0.48
0.9187467806944444,0.08125321930555562,0.5378375000000002,0.4621624999999998,56.0,211.0,False,876.0,0.0,1.0,10,operational,0.8,0.6,0.8,0.6,23,0.48,0.48
0.9185316410578377,0.08146835894216231,0.48750000000000004,0.5125,44.0,240.0,False,876.0,0.0,1.0,01,operational,0.8,0.6,0.8,0.6,23,0.48,0.48
0.8982671417624123,0.10173285823758771,0.5378375000000002,0.4621624999999998,56.0,254.0,False,876.0,0.0,1.0,11,operational,0.8,0.6,0.8,0.6,23,0.48,0.48
0.9308809722222222,0.06911902777777779,0.48750000000000004,0.5125,44.0,211.0,False,876.0,0.0,1.0,00,operational,0.8,0.8,0.8,0.8,23,0.6400000000000001,0.6400000000000001
0.9140826983333333,0.08591730166666667,0.5573,0.4427,54.0,211.0,False,876.0,0.0,1.0,10,operational,0.8,0.8,0.8,0.8,23,0.6400000000000001,0.6400000000000001
0.9177106700645814,0.0822893299354186,0.48750000000000004,0.5125,44.0,245.0,False,876.0,0.0,1.0,01,operational,0.8,0.8,0.8,0.8,23,0.6400000000000001,0.6400000000000001
0.7618018623657267,0.23819813763427333,0.5573,0.4427,54.0,,True,876.0,1.0,0.82,11,operational,0.8,0.8,0.8,0.8,23,0.6400000000000001,0.6400000000000001
0.9308809722222222,0.06911902777777779,0.48750000000000004,0.5125,44.0,211.0,False,876.0,0.0,1.0,00,operational,0.8,1.0,0.8,1.0,23,0.8,0.8
0.9094018451388889,0.09059815486111111,0.5750624999999999,0.4249375000000001,56.0,212.0,False,876.0,0.0,1.0,10,operational,0.8,1.0,0.8,1.0,23,0.8,0.8
0.919038618287037,0.08096138171296297,0.48750000000000004,0.5125,44.0,246.0,False,876.0,0.0,1.0,01,operational,0.8,1.0,0.8,1.0,23,0.8,0.8
0.6325228275384995,0.36747717246150047,0.5750624999999999,0.4249375000000001,56.0,,True,876.0,1.0,0.6600000000000001,11,operational,0.8,1.0,0.8,1.0,23,0.8,0.8
0.9308809722222222,0.06911902777777779,0.48750000000000004,0.5125,44.0,211.0,False,876.0,0.0,1.0,00,operational,1.0,0.2,1.0,0.2,23,0.2,0.2
0.9277096761689815,0.07229032383101852,0.48750000000000004,0.5125,44.0,211.0,False,876.0,0.0,1.0,10,operational,1.0,0.2,1.0,0.2,23,0.2,0.2
0.9272917869170865,0.07270821308291353,0.48750000000000004,0.5125,44.0,219.0,False,876.0,0.0,1.0,01,operational,1.0,0.2,1.0,0.2,23,0.2,0.2
0.9234002498576255,0.07659975014237452,0.48750000000000004,0.5125,44.0,221.0,False,876.0,0.0,1.0,11,operational,1.0,0.2,1.0,0.2,23,0.2,0.2
0.9308809722222222,0.06911902777777779,0.48750000000000004,0.5125,44.0,211.0,False,876.0,0.0,1.0,00,operational,1.0,0.4,1.0,0.4,23,0.4,0.4
0.9221364946990741,0.0778635053009259,0.5105000000000001,0.48949999999999994,54.0,211.0,False,876.0,0.0,1.0,10,operational,1.0,0.4,1.0,0.4,23,0.4,0.4
0.9222989044743574,0.07770109552564264,0.48750000000000004,0.5125,44.0,231.0,False,876.0,0.0,1.0,01,operational,1.0,0.4,1.0,0.4,23,0.4,0.4
0.9096134898204452,0.09038651017955479,0.5105000000000001,0.48949999999999994,54.0,238.0,False,876.0,0.0,1.0,11,operational,1.0,0.4,1.0,0.4,23,0.4,0.4
0.9308809722222222,0.06911902777777779,0.48750000000000004,0.5125,44.0,211.0,False,876.0,0.0,1.0,00,operational,1.0,0.6,1.0,0.6,23,0.6,0.6
0.91660170125,0.08339829875000004,0.5378375000000002,0.4621624999999998,56.0,212.0,False,876.0,0.0,1.0,10,operational,1.0,0.6,1.0,0.6,23,0.6,0.6
0.9143785018723606,0.08562149812763942,0.48750000000000004,0.5125,44.0,249.0,False,876.0,0.0,1.0,01,operational,1.0,0.6,1.0,0.6,23,0.6,0.6
0.8879058924683914,0.11209410753160864,0.5378375000000002,0.4621624999999998,56.0,269.0,False,876.0,0.0,1.0,11,operational,1.0,0.6,1.0,0.6,23,0.6,0.6
0.9308809722222222,0.06911902777777779,0.48750000000000004,0.5125,44.0,211.0,False,876.0,0.0,1.0,00,operational,1.0,0.8,1.0,0.8,23,0.8,0.8
0.9110880831481483,0.08891191685185174,0.5573,0.4427,54.0,212.0,False,876.0,0.0,1.0,10,operational,1.0,0.8,1.0,0.8,23,0.8,0.8
0.910517805052827,0.08948219494717302,0.48750000000000004,0.5125,44.0,261.0,False,876.0,0.0,1.0,01,operational,1.0,0.8,1.0,0.8,23,0.8,0.8
0.6942435419692309,0.3057564580307691,0.5573,0.4427,54.0,,True,876.0,1.0,0.7299999999999999,11,operational,1.0,0.8,1.0,0.8,23,0.8,0.8
0.9308809722222222,0.06911902777777779,0.48750000000000004,0.5125,44.0,211.0,False,876.0,0.0,1.0,00,operational,1.0,1.0,1.0,1.0,23,1.0,1.0
0.9055527081018518,0.09444729189814816,0.575375,0.4246250000000001,56.0,212.0,False,876.0,0.0,1.0,10,operational,1.0,1.0,1.0,1.0,23,1.0,1.0
0.9128657876543209,0.08713421234567909,0.48750000000000004,0.5125,44.0,264.0,False,876.0,0.0,1.0,01,operational,1.0,1.0,1.0,1.0,23,1.0,1.0
0.5192410396786733,0.4807589603213267,0.575375,0.4246250000000001,56.0,,True,876.0,1.0,0.5250000000000001,11,operational,1.0,1.0,1.0,1.0,23,1.0,1.0
0.914075,0.08592500000000003,0.5225000000000001,0.4774999999999999,44.0,245.0,False,876.0,0.0,1.0,00,operational,0.2,0.2,0.2,0.2,24,0.04000000000000001,0.04000000000000001
0.9133974756944445,0.08660252430555548,0.5225000000000001,0.4774999999999999,44.0,245.0,False,876.0,0.0,1.0,10,operational,0.2,0.2,0.2,0.2,24,0.04000000000000001,0.04000000000000001
0.9112843604597006,0.08871563954029937,0.5225000000000001,0.4774999999999999,44.0,251.0,False,876.0,0.0,1.0,01,operational,0.2,0.2,0.2,0.2,24,0.04000000000000001,0.04000000000000001
0.910529037332762,0.08947096266723797,0.5225000000000001,0.4774999999999999,44.0,251.0,False,876.0,0.0,1.0,11,operational,0.2,0.2,0.2,0.2,24,0.04000000000000001,0.04000000000000001
0.914075,0.08592500000000003,0.5225000000000001,0.4774999999999999,44.0,245.0,False,876.0,0.0,1.0,00,operational,0.2,0.4,0.2,0.4,24,0.08000000000000002,0.08000000000000002
0.9126399166666668,0.08736008333333323,0.5255,0.47450000000000003,53.0,245.0,False,876.0,0.0,1.0,10,operational,0.2,0.4,0.2,0.4,24,0.08000000000000002,0.08000000000000002
0.9073099210039466,0.09269007899605342,0.5225000000000001,0.4774999999999999,44.0,259.0,False,876.0,0.0,1.0,01,operational,0.2,0.4,0.2,0.4,24,0.08000000000000002,0.08000000000000002
0.9055555055018416,0.0944444944981584,0.5255,0.47450000000000003,53.0,260.0,False,876.0,0.0,1.0,11,operational,0.2,0.4,0.2,0.4,24,0.08000000000000002,0.08000000000000002
0.914075,0.08592500000000003,0.5225000000000001,0.4774999999999999,44.0,245.0,False,876.0,0.0,1.0,00,operational,0.2,0.6,0.2,0.6,24,0.12,0.12
0.9118839166666667,0.08811608333333332,0.527,0.473,46.0,245.0,False,876.0,0.0,1.0,10,operational,0.2,0.6,0.2,0.6,24,0.12,0.12
0.9006861910556881,0.09931380894431185,0.5225000000000001,0.4774999999999999,44.0,273.0,False,876.0,0.0,1.0,01,operational,0.2,0.6,0.2,0.6,24,0.12,0.12
0.8975312412449274,0.10246875875507255,0.527,0.473,46.0,274.0,False,876.0,0.0,1.0,11,operational,0.2,0.6,0.2,0.6,24,0.12,0.12
0.914075,0.08592500000000003,0.5225000000000001,0.4774999999999999,44.0,245.0,False,876.0,0.0,1.0,00,operational,0.2,0.8,0.2,0.8,24,0.16000000000000003,0.16000000000000003
0.9111238055555556,0.08887619444444439,0.5285,0.4715,44.0,245.0,False,876.0,0.0,1.0,10,operational,0.2,0.8,0.2,0.8,24,0.16000000000000003,0.16000000000000003
0.8993194175727512,0.10068058242724875,0.5225000000000001,0.4774999999999999,44.0,279.0,False,876.0,0.0,1.0,01,operational,0.2,0.8,0.2,0.8,24,0.16000000000000003,0.16000000000000003
0.8660559188525132,0.1339440811474868,0.5285,0.4715,44.0,,True,876.0,1.0,0.9550000000000001,11,operational,0.2,0.8,0.2,0.8,24,0.16000000000000003,0.16000000000000003
0.914075,0.08592500000000003,0.5225000000000001,0.4774999999999999,44.0,245.0,False,876.0,0.0,1.0,00,operational,0.2,1.0,0.2,1.0,24,0.2,0.2
0.9103509027777777,0.08964909722222225,0.53,0.47000000000000003,44.0,245.0,False,876.0,0.0,1.0,10,operational,0.2,1.0,0.2,1.0,24,0.2,0.2
0.9013542619791666,0.09864573802083343,0.5225000000000001,0.4774999999999999,44.0,278.0,False,876.0,0.0,1.0,01,operational,0.2,1.0,0.2,1.0,24,0.2,0.2
0.8629082887152777,0.1370917112847223,0.53,0.47000000000000003,44.0,,True,876.0,1.0,0.95,11,operational,0.2,1.0,0.2,1.0,24,0.2,0.2
0.914075,0.08592500000000003,0.5225000000000001,0.4774999999999999,44.0,245.0,False,876.0,0.0,1.0,00,operational,0.4,0.2,0.4,0.2,24,0.08000000000000002,0.08000000000000002
0.9117993465277777,0.08820065347222228,0.5225000000000001,0.4774999999999999,44.0,245.0,False,876.0,0.0,1.0,10,operational,0.4,0.2,0.4,0.2,24,0.08000000000000002,0.08000000000000002
0.9134972931114109,0.08650270688858908,0.5225000000000001,0.4774999999999999,44.0,247.0,False,876.0,0.0,1.0,01,operational,0.4,0.2,0.4,0.2,24,0.08000000000000002,0.08000000000000002
0.9109454020549125,0.08905459794508752,0.5225000000000001,0.4774999999999999,44.0,247.0,False,876.0,0.0,1.0,11,operational,0.4,0.2,0.4,0.2,24,0.08000000000000002,0.08000000000000002
0.914075,0.08592500000000003,0.5225000000000001,0.4774999999999999,44.0,245.0,False,876.0,0.0,1.0,00,operational,0.4,0.4,0.4,0.4,24,0.16000000000000003,0.16000000000000003
0.9086802694444445,0.09131973055555553,0.5425000000000001,0.4574999999999999,54.0,245.0,False,876.0,0.0,1.0,10,operational,0.4,0.4,0.4,0.4,24,0.16000000000000003,0.16000000000000003
0.912723229523983,0.08727677047601701,0.5225000000000001,0.4774999999999999,44.0,249.0,False,876.0,0.0,1.0,01,operational,0.4,0.4,0.4,0.4,24,0.16000000000000003,0.16000000000000003
0.9059207416008336,0.09407925839916642,0.5425000000000001,0.4574999999999999,54.0,252.0,False,876.0,0.0,1.0,11,operational,0.4,0.4,0.4,0.4,24,0.16000000000000003,0.16000000000000003
0.914075,0.08592500000000003,0.5225000000000001,0.4774999999999999,44.0,245.0,False,876.0,0.0,1.0,00,operational,0.4,0.6,0.4,0.6,24,0.24,0.24
0.9055584319444444,0.09444156805555559,0.5687875,0.4312125,56.0,245.0,False,876.0,0.0,1.0,10,operational,0.4,0.6,0.4,0.6,24,0.24,0.24
0.911620896894114,0.08837910310588604,0.5225000000000001,0.4774999999999999,44.0,252.0,False,876.0,0.0,1.0,01,operational,0.4,0.6,0.4,0.6,24,0.24,0.24
0.8992037833904587,0.1007962166095413,0.5687875,0.4312125,56.0,260.0,False,876.0,0.0,1.0,11,operational,0.4,0.6,0.4,0.6,24,0.24,0.24
0.914075,0.08592500000000003,0.5225000000000001,0.4774999999999999,44.0,245.0,False,876.0,0.0,1.0,00,operational,0.4,0.8,0.4,0.8,24,0.32000000000000006,0.32000000000000006
0.9024482055555556,0.0975517944444444,0.5863,0.41369999999999996,53.0,245.0,False,876.0,0.0,1.0,10,operational,0.4,0.8,0.4,0.8,24,0.32000000000000006,0.32000000000000006
0.9110357541798941,0.08896424582010587,0.5225000000000001,0.4774999999999999,44.0,254.0,False,876.0,0.0,1.0,01,operational,0.4,0.8,0.4,0.8,24,0.32000000000000006,0.32000000000000006
0.8342835674060358,0.16571643259396418,0.5863,0.41369999999999996,53.0,,True,876.0,1.0,0.9100000000000001,11,operational,0.4,0.8,0.4,0.8,24,0.32000000000000006,0.32000000000000006
0.914075,0.08592500000000003,0.5225000000000001,0.4774999999999999,44.0,245.0,False,876.0,0.0,1.0,00,operational,0.4,1.0,0.4,1.0,24,0.4,0.4
0.8993329999999999,0.10066700000000006,0.60225,0.39775,50.0,245.0,False,876.0,0.0,1.0,10,operational,0.4,1.0,0.4,1.0,24,0.4,0.4
0.9111826222222222,0.08881737777777776,0.5225000000000001,0.4774999999999999,44.0,255.0,False,876.0,0.0,1.0,01,operational,0.4,1.0,0.4,1.0,24,0.4,0.4
0.770930093287037,0.229069906712963,0.60225,0.39775,50.0,,True,876.0,1.0,0.8300000000000001,11,operational,0.4,1.0,0.4,1.0,24,0.4,0.4
0.914075,0.08592500000000003,0.5225000000000001,0.4774999999999999,44.0,245.0,False,876.0,0.0,1.0,00,operational,0.6,0.2,0.6,0.2,24,0.12,0.12
0.9107793143229166,0.08922068567708341,0.5225000000000001,0.4774999999999999,44.0,245.0,False,876.0,0.0,1.0,10,operational,0.6,0.2,0.6,0.2,24,0.12,0.12
0.911441838785472,0.08855816121452798,0.5225000000000001,0.4774999999999999,44.0,251.0,False,876.0,0.0,1.0,01,operational,0.6,0.2,0.6,0.2,24,0.12,0.12
0.9075795643268444,0.09242043567315561,0.5225000000000001,0.4774999999999999,44.0,252.0,False,876.0,0.0,1.0,11,operational,0.6,0.2,0.6,0.2,24,0.12,0.12
0.914075,0.08592500000000003,0.5225000000000001,0.4774999999999999,44.0,245.0,False,876.0,0.0,1.0,00,operational,0.6,0.4,0.6,0.4,24,0.24,0.24
0.906140586111111,0.09385941388888897,0.5617500000000001,0.4382499999999999,56.0,245.0,False,876.0,0.0,1.0,10,operational,0.6,0.4,0.6,0.4,24,0.24,0.24
0.9078035330074073,0.09219646699259265,0.5225000000000001,0.4774999999999999,44.0,260.0,False,876.0,0.0,1.0,01,operational,0.6,0.4,0.6,0.4,24,0.24,0.24
0.8971260009259098,0.10287399907409023,0.5617500000000001,0.4382499999999999,56.0,264.0,False,876.0,0.0,1.0,11,operational,0.6,0.4,0.6,0.4,24,0.24,0.24
0.914075,0.08592500000000003,0.5225000000000001,0.4774999999999999,44.0,245.0,False,876.0,0.0,1.0,00,operational,0.6,0.6,0.6,0.6,24,0.36,0.36
0.9015052124999999,0.09849478750000007,0.5914375,0.40856250000000005,56.0,245.0,False,876.0,0.0,1.0,10,operational,0.6,0.6,0.6,0.6,24,0.36,0.36
0.901898625499124,0.09810137450087597,0.5225000000000001,0.4774999999999999,44.0,273.0,False,876.0,0.0,1.0,01,operational,0.6,0.6,0.6,0.6,24,0.36,0.36
0.8811609691602066,0.11883903083979341,0.5914375,0.40856250000000005,56.0,286.0,False,876.0,0.0,1.0,11,operational,0.6,0.6,0.6,0.6,24,0.36,0.36
0.914075,0.08592500000000003,0.5225000000000001,0.4774999999999999,44.0,245.0,False,876.0,0.0,1.0,00,operational,0.6,0.8,0.6,0.8,24,0.48,0.48
0.8969054777777777,0.10309452222222226,0.6165,0.3834999999999999,53.0,246.0,False,876.0,0.0,1.0,10,operational,0.6,0.8,0.6,0.8,24,0.48,0.48
0.9005567578835979,0.0994432421164021,0.5225000000000001,0.4774999999999999,44.0,280.0,False,876.0,0.0,1.0,01,operational,0.6,0.8,0.6,0.8,24,0.48,0.48
0.7253836558994032,0.27461634410059677,0.6165,0.3834999999999999,53.0,,True,876.0,1.0,0.7749999999999999,11,operational,0.6,0.8,0.6,0.8,24,0.48,0.48
0.914075,0.08592500000000003,0.5225000000000001,0.4774999999999999,44.0,245.0,False,876.0,0.0,1.0,00,operational,0.6,1.0,0.6,1.0,24,0.6,0.6
0.8922639652777777,0.10773603472222226,0.64,0.36,50.0,246.0,False,876.0,0.0,1.0,10,operational,0.6,1.0,0.6,1.0,24,0.6,0.6
0.9014371032407408,0.09856289675925922,0.5225000000000001,0.4774999999999999,44.0,282.0,False,876.0,0.0,1.0,01,operational,0.6,1.0,0.6,1.0,24,0.6,0.6
0.6723544071925925,0.32764559280740746,0.64,0.36,50.0,,True,876.0,1.0,0.7150000000000001,11,operational,0.6,1.0,0.6,1.0,24,0.6,0.6
0.914075,0.08592500000000003,0.5225000000000001,0.4774999999999999,44.0,245.0,False,876.0,0.0,1.0,00,operational,0.8,0.2,0.8,0.2,24,0.16000000000000003,0.16000000000000003
0.9106123046932869,0.08938769530671309,0.5225000000000001,0.4774999999999999,44.0,246.0,False,876.0,0.0,1.0,10,operational,0.8,0.2,0.8,0.2,24,0.16000000000000003,0.16000000000000003
0.9097769912144835,0.09022300878551648,0.5225000000000001,0.4774999999999999,44.0,254.0,False,876.0,0.0,1.0,01,operational,0.8,0.2,0.8,0.2,24,0.16000000000000003,0.16000000000000003
0.905665714416109,0.09433428558389101,0.5225000000000001,0.4774999999999999,44.0,256.0,False,876.0,0.0,1.0,11,operational,0.8,0.2,0.8,0.2,24,0.16000000000000003,0.16000000000000003
0.914075,0.08592500000000003,0.5225000000000001,0.4774999999999999,44.0,245.0,False,876.0,0.0,1.0,00,operational,0.8,0.4,0.8,0.4,24,0.32000000000000006,0.32000000000000006
0.9055742844444444,0.09442571555555557,0.5485000000000001,0.4514999999999999,56.0,246.0,False,876.0,0.0,1.0,10,operational,0.8,0.4,0.8,0.4,24,0.32000000000000006,0.32000000000000006
0.9040120971159684,0.09598790288403158,0.5225000000000001,0.4774999999999999,44.0,267.0,False,876.0,0.0,1.0,01,operational,0.8,0.4,0.8,0.4,24,0.32000000000000006,0.32000000000000006
0.8920952035780334,0.1079047964219666,0.5485000000000001,0.4514999999999999,56.0,273.0,False,876.0,0.0,1.0,11,operational,0.8,0.4,0.8,0.4,24,0.32000000000000006,0.32000000000000006
0.914075,0.08592500000000003,0.5225000000000001,0.4774999999999999,44.0,245.0,False,876.0,0.0,1.0,00,operational,0.8,0.6,0.8,0.6,24,0.48,0.48
0.9005250377777778,0.09947496222222219,0.5777875,0.4222125,56.0,246.0,False,876.0,0.0,1.0,10,operational,0.8,0.6,0.8,0.6,24,0.48,0.48
0.8949797675039957,0.10502023249600434,0.5225000000000001,0.4774999999999999,44.0,286.0,False,876.0,0.0,1.0,01,operational,0.8,0.6,0.8,0.6,24,0.48,0.48
0.8704398942490549,0.12956010575094512,0.5777875,0.4222125,56.0,304.0,False,876.0,0.0,1.0,11,operational,0.8,0.6,0.8,0.6,24,0.48,0.48
0.914075,0.08592500000000003,0.5225000000000001,0.4774999999999999,44.0,245.0,False,876.0,0.0,1.0,00,operational,0.8,0.8,0.8,0.8,24,0.6400000000000001,0.6400000000000001
0.8954790411111111,0.1045209588888889,0.5983,0.40169999999999995,53.0,246.0,False,876.0,0.0,1.0,10,operational,0.8,0.8,0.8,0.8,24,0.6400000000000001,0.6400000000000001
0.8889515379196297,0.11104846208037034,0.5225000000000001,0.4774999999999999,44.0,303.0,False,876.0,0.0,1.0,01,operational,0.8,0.8,0.8,0.8,24,0.6400000000000001,0.6400000000000001
0.6901471064583471,0.3098528935416529,0.5983,0.40169999999999995,53.0,,True,876.0,1.0,0.7299999999999999,11,operational,0.8,0.8,0.8,0.8,24,0.6400000000000001,0.6400000000000001
0.914075,0.08592500000000003,0.5225000000000001,0.4774999999999999,44.0,245.0,False,876.0,0.0,1.0,00,operational,0.8,1.0,0.8,1.0,24,0.8,0.8
0.8904083152777778,0.10959168472222225,0.61746875,0.38253125,56.0,246.0,False,876.0,0.0,1.0,10,operational,0.8,1.0,0.8,1.0,24,0.8,0.8
0.8903180690504334,0.10968193094956658,0.5225000000000001,0.4774999999999999,44.0,309.0,False,876.0,0.0,1.0,01,operational,0.8,1.0,0.8,1.0,24,0.8,0.8
0.6045393247048632,0.39546067529513684,0.61746875,0.38253125,56.0,,True,876.0,1.0,0.63,11,operational,0.8,1.0,0.8,1.0,24,0.8,0.8
0.914075,0.08592500000000003,0.5225000000000001,0.4774999999999999,44.0,245.0,False,876.0,0.0,1.0,00,operational,1.0,0.2,1.0,0.2,24,0.2,0.2
0.9090636376793981,0.09093636232060187,0.5225000000000001,0.4774999999999999,44.0,246.0,False,876.0,0.0,1.0,10,operational,1.0,0.2,1.0,0.2,24,0.2,0.2
0.9092924173966711,0.0907075826033289,0.5225000000000001,0.4774999999999999,44.0,256.0,False,876.0,0.0,1.0,01,operational,1.0,0.2,1.0,0.2,24,0.2,0.2
0.9029134569765244,0.09708654302347564,0.5225000000000001,0.4774999999999999,44.0,258.0,False,876.0,0.0,1.0,11,operational,1.0,0.2,1.0,0.2,24,0.2,0.2
0.914075,0.08592500000000003,0.5225000000000001,0.4774999999999999,44.0,245.0,False,876.0,0.0,1.0,00,operational,1.0,0.4,1.0,0.4,24,0.4,0.4
0.9018704399999999,0.09812956000000006,0.5747500000000001,0.42524999999999985,56.0,246.0,False,876.0,0.0,1.0,10,operational,1.0,0.4,1.0,0.4,24,0.4,0.4
0.9028428393992866,0.09715716060071344,0.5225000000000001,0.4774999999999999,44.0,270.0,False,876.0,0.0,1.0,01,operational,1.0,0.4,1.0,0.4,24,0.4,0.4
0.8838166734840369,0.11618332651596308,0.5747500000000001,0.42524999999999985,56.0,281.0,False,876.0,0.0,1.0,11,operational,1.0,0.4,1.0,0.4,24,0.4,0.4
0.914075,0.08592500000000003,0.5225000000000001,0.4774999999999999,44.0,245.0,False,876.0,0.0,1.0,00,operational,1.0,0.6,1.0,0.6,24,0.6,0.6
0.89467691,0.10532308999999995,0.6182875,0.3817125,56.0,246.0,False,876.0,0.0,1.0,10,operational,1.0,0.6,1.0,0.6,24,0.6,0.6
0.8927833767272553,0.10721662327274473,0.5225000000000001,0.4774999999999999,44.0,292.0,False,876.0,0.0,1.0,01,operational,1.0,0.6,1.0,0.6,24,0.6,0.6
0.852479625551364,0.14752037444863597,0.6182875,0.3817125,56.0,323.0,False,876.0,0.0,1.0,11,operational,1.0,0.6,1.0,0.6,24,0.6,0.6
0.914075,0.08592500000000003,0.5225000000000001,0.4774999999999999,44.0,245.0,False,876.0,0.0,1.0,00,operational,1.0,0.8,1.0,0.8,24,0.8,0.8
0.8875239077777778,0.11247609222222221,0.6523000000000001,0.3476999999999999,53.0,246.0,False,876.0,0.0,1.0,10,operational,1.0,0.8,1.0,0.8,24,0.8,0.8
0.8860951273000311,0.11390487269996885,0.5225000000000001,0.4774999999999999,44.0,310.0,False,876.0,0.0,1.0,01,operational,1.0,0.8,1.0,0.8,24,0.8,0.8
0.4961596973714339,0.503840302628566,0.6523000000000001,0.3476999999999999,53.0,,True,876.0,1.0,0.5049999999999998,11,operational,1.0,0.8,1.0,0.8,24,0.8,0.8
0.914075,0.08592500000000003,0.5225000000000001,0.4774999999999999,44.0,245.0,False,876.0,0.0,1.0,00,operational,1.0,1.0,1.0,1.0,24,1.0,1.0
0.8803271763888889,0.11967282361111109,0.68496875,0.31503125,56.0,246.0,False,876.0,0.0,1.0,10,operational,1.0,1.0,1.0,1.0,24,1.0,1.0
0.8874357573495371,0.11256424265046294,0.5225000000000001,0.4774999999999999,44.0,317.0,False,876.0,0.0,1.0,01,operational,1.0,1.0,1.0,1.0,24,1.0,1.0
0.3822819552528022,0.6177180447471978,0.68496875,0.31503125,56.0,,True,876.0,1.0,0.38,11,operational,1.0,1.0,1.0,1.0,24,1.0,1.0
0.8901015277777777,0.10989847222222227,0.58,0.42000000000000004,44.0,283.0,False,876.0,0.0,1.0,00,operational,0.2,0.2,0.2,0.2,25,0.04000000000000001,0.04000000000000001
0.8886879393402777,0.11131206065972232,0.58,0.42000000000000004,44.0,283.0,False,876.0,0.0,1.0,10,operational,0.2,0.2,0.2,0.2,25,0.04000000000000001,0.04000000000000001
0.8874484761285425,0.1125515238714575,0.58,0.42000000000000004,44.0,288.0,False,876.0,0.0,1.0,01,operational,0.2,0.2,0.2,0.2,25,0.04000000000000001,0.04000000000000001
0.8859779145570721,0.11402208544292791,0.58,0.42000000000000004,44.0,288.0,False,876.0,0.0,1.0,11,operational,0.2,0.2,0.2,0.2,25,0.04000000000000001,0.04000000000000001
0.8901015277777777,0.10989847222222227,0.58,0.42000000000000004,44.0,283.0,False,876.0,0.0,1.0,00,operational,0.2,0.4,0.2,0.4,25,0.08000000000000002,0.08000000000000002
0.8865724845833333,0.11342751541666674,0.59,0.41000000000000003,49.0,283.0,False,876.0,0.0,1.0,10,operational,0.2,0.4,0.2,0.4,25,0.08000000000000002,0.08000000000000002
0.8841131540148147,0.11588684598518528,0.58,0.42000000000000004,44.0,295.0,False,876.0,0.0,1.0,01,operational,0.2,0.4,0.2,0.4,25,0.08000000000000002,0.08000000000000002
0.8803474346429899,0.11965256535701008,0.59,0.41000000000000003,49.0,295.0,False,876.0,0.0,1.0,11,operational,0.2,0.4,0.2,0.4,25,0.08000000000000002,0.08000000000000002
0.8901015277777777,0.10989847222222227,0.58,0.42000000000000004,44.0,283.0,False,876.0,0.0,1.0,00,operational,0.2,0.6,0.2,0.6,25,0.12,0.12
0.8844851938888889,0.11551480611111109,0.6054999999999999,0.3945,56.0,283.0,False,876.0,0.0,1.0,10,operational,0.2,0.6,0.2,0.6,25,0.12,0.12
0.8794011636858383,0.12059883631416168,0.58,0.42000000000000004,44.0,304.0,False,876.0,0.0,1.0,01,operational,0.2,0.6,0.2,0.6,25,0.12,0.12
0.8731574268117092,0.12684257318829084,0.6054999999999999,0.3945,56.0,304.0,False,876.0,0.0,1.0,11,operational,0.2,0.6,0.2,0.6,25,0.12,0.12
0.8901015277777777,0.10989847222222227,0.58,0.42000000000000004,44.0,283.0,False,876.0,0.0,1.0,00,operational,0.2,0.8,0.2,0.8,25,0.16000000000000003,0.16000000000000003
0.8824130941666666,0.11758690583333342,0.614,0.386,51.0,283.0,False,876.0,0.0,1.0,10,operational,0.2,0.8,0.2,0.8,25,0.16000000000000003,0.16000000000000003
0.8722517336344537,0.12774826636554626,0.58,0.42000000000000004,44.0,318.0,False,876.0,0.0,1.0,01,operational,0.2,0.8,0.2,0.8,25,0.16000000000000003,0.16000000000000003
0.8632235835855381,0.13677641641446192,0.614,0.386,51.0,318.0,False,876.0,0.0,1.0,11,operational,0.2,0.8,0.2,0.8,25,0.16000000000000003,0.16000000000000003
0.8901015277777777,0.10989847222222227,0.58,0.42000000000000004,44.0,283.0,False,876.0,0.0,1.0,00,operational,0.2,1.0,0.2,1.0,25,0.2,0.2
0.8803550916666667,0.1196449083333333,0.6240312499999999,0.3759687500000001,56.0,283.0,False,876.0,0.0,1.0,10,operational,0.2,1.0,0.2,1.0,25,0.2,0.2
0.8737819333333333,0.12621806666666668,0.58,0.42000000000000004,44.0,325.0,False,876.0,0.0,1.0,01,operational,0.2,1.0,0.2,1.0,25,0.2,0.2
0.8624971216631324,0.13750287833686758,0.6240312499999999,0.3759687500000001,56.0,325.0,False,876.0,0.0,1.0,11,operational,0.2,1.0,0.2,1.0,25,0.2,0.2
0.8901015277777777,0.10989847222222227,0.58,0.42000000000000004,44.0,283.0,False,876.0,0.0,1.0,00,operational,0.4,0.2,0.4,0.2,25,0.08000000000000002,0.08000000000000002
0.8883110713310185,0.1116889286689815,0.58,0.42000000000000004,44.0,283.0,False,876.0,0.0,1.0,10,operational,0.4,0.2,0.4,0.2,25,0.08000000000000002,0.08000000000000002
0.8870545141544834,0.11294548584551656,0.58,0.42000000000000004,44.0,288.0,False,876.0,0.0,1.0,01,operational,0.4,0.2,0.4,0.2,25,0.08000000000000002,0.08000000000000002
0.8849633128497699,0.11503668715023008,0.58,0.42000000000000004,44.0,289.0,False,876.0,0.0,1.0,11,operational,0.4,0.2,0.4,0.2,25,0.08000000000000002,0.08000000000000002
0.8901015277777777,0.10989847222222227,0.58,0.42000000000000004,44.0,283.0,False,876.0,0.0,1.0,00,operational,0.4,0.4,0.4,0.4,25,0.16000000000000003,0.16000000000000003
0.8857289916203703,0.11427100837962967,0.597,0.403,54.0,283.0,False,876.0,0.0,1.0,10,operational,0.4,0.4,0.4,0.4,25,0.16000000000000003,0.16000000000000003
0.882962525117122,0.11703747488287797,0.58,0.42000000000000004,44.0,296.0,False,876.0,0.0,1.0,01,operational,0.4,0.4,0.4,0.4,25,0.16000000000000003,0.16000000000000003
0.877272714631462,0.12272728536853805,0.597,0.403,54.0,299.0,False,876.0,0.0,1.0,11,operational,0.4,0.4,0.4,0.4,25,0.16000000000000003,0.16000000000000003
0.8901015277777777,0.10989847222222227,0.58,0.42000000000000004,44.0,283.0,False,876.0,0.0,1.0,00,operational,0.4,0.6,0.4,0.6,25,0.24,0.24
0.8831604405555555,0.11683955944444446,0.6054999999999999,0.3945,48.0,283.0,False,876.0,0.0,1.0,10,operational,0.4,0.6,0.4,0.6,25,0.24,0.24
0.8763184258126852,0.12368157418731485,0.58,0.42000000000000004,44.0,309.0,False,876.0,0.0,1.0,01,operational,0.4,0.6,0.4,0.6,25,0.24,0.24
0.8656090520770247,0.13439094792297535,0.6054999999999999,0.3945,48.0,315.0,False,876.0,0.0,1.0,11,operational,0.4,0.6,0.4,0.6,25,0.24,0.24
0.8901015277777777,0.10989847222222227,0.58,0.42000000000000004,44.0,283.0,False,876.0,0.0,1.0,00,operational,0.4,0.8,0.4,0.8,25,0.32000000000000006,0.32000000000000006
0.8806139137962963,0.11938608620370372,0.614,0.386,44.0,283.0,False,876.0,0.0,1.0,10,operational,0.4,0.8,0.4,0.8,25,0.32000000000000006,0.32000000000000006
0.8734280295098039,0.12657197049019608,0.58,0.42000000000000004,44.0,318.0,False,876.0,0.0,1.0,01,operational,0.4,0.8,0.4,0.8,25,0.32000000000000006,0.32000000000000006
0.8091357364983596,0.19086426350164043,0.614,0.386,44.0,,True,876.0,1.0,0.9100000000000001,11,operational,0.4,0.8,0.4,0.8,25,0.32000000000000006,0.32000000000000006
0.8901015277777777,0.10989847222222227,0.58,0.42000000000000004,44.0,283.0,False,876.0,0.0,1.0,00,operational,0.4,1.0,0.4,1.0,25,0.4,0.4
0.8780651787037037,0.12193482129629629,0.6240312499999999,0.3759687500000001,56.0,283.0,False,876.0,0.0,1.0,10,operational,0.4,1.0,0.4,1.0,25,0.4,0.4
0.8755440643518517,0.12445593564814827,0.58,0.42000000000000004,44.0,320.0,False,876.0,0.0,1.0,01,operational,0.4,1.0,0.4,1.0,25,0.4,0.4
0.7984361465652717,0.20156385343472827,0.6240312499999999,0.3759687500000001,56.0,,True,876.0,1.0,0.9,11,operational,0.4,1.0,0.4,1.0,25,0.4,0.4
0.8901015277777777,0.10989847222222227,0.58,0.42000000000000004,44.0,283.0,False,876.0,0.0,1.0,00,operational,0.6,0.2,0.6,0.2,25,0.12,0.12
0.8872802849305556,0.11271971506944445,0.58,0.42000000000000004,44.0,283.0,False,876.0,0.0,1.0,10,operational,0.6,0.2,0.6,0.2,25,0.12,0.12
0.8855150846316914,0.11448491536830863,0.58,0.42000000000000004,44.0,292.0,False,876.0,0.0,1.0,01,operational,0.6,0.2,0.6,0.2,25,0.12,0.12
0.8821801682109952,0.11781983178900479,0.58,0.42000000000000004,44.0,292.0,False,876.0,0.0,1.0,11,operational,0.6,0.2,0.6,0.2,25,0.12,0.12
0.8901015277777777,0.10989847222222227,0.58,0.42000000000000004,44.0,283.0,False,876.0,0.0,1.0,00,operational,0.6,0.4,0.6,0.4,25,0.24,0.24
0.8833028788888888,0.11669712111111119,0.6027750000000001,0.39722499999999994,56.0,283.0,False,876.0,0.0,1.0,10,operational,0.6,0.4,0.6,0.4,25,0.24,0.24
0.8793628759185185,0.12063712408148153,0.58,0.42000000000000004,44.0,304.0,False,876.0,0.0,1.0,01,operational,0.6,0.4,0.6,0.4,25,0.24,0.24
0.8699726988096973,0.1300273011903027,0.6027750000000001,0.39722499999999994,56.0,308.0,False,876.0,0.0,1.0,11,operational,0.6,0.4,0.6,0.4,25,0.24,0.24
0.8901015277777777,0.10989847222222227,0.58,0.42000000000000004,44.0,283.0,False,876.0,0.0,1.0,00,operational,0.6,0.6,0.6,0.6,25,0.36,0.36
0.8793158113888888,0.12068418861111119,0.625,0.37499999999999994,56.0,283.0,False,876.0,0.0,1.0,10,operational,0.6,0.6,0.6,0.6,25,0.36,0.36
0.8698204939628477,0.13017950603715234,0.58,0.42000000000000004,44.0,323.0,False,876.0,0.0,1.0,01,operational,0.6,0.6,0.6,0.6,25,0.36,0.36
0.8509262602243272,0.14907373977567284,0.625,0.37499999999999994,56.0,335.0,False,876.0,0.0,1.0,11,operational,0.6,0.6,0.6,0.6,25,0.36,0.36
0.8901015277777777,0.10989847222222227,0.58,0.42000000000000004,44.0,283.0,False,876.0,0.0,1.0,00,operational,0.6,0.8,0.6,0.8,25,0.48,0.48
0.8753254522222222,0.12467454777777776,0.64,0.36,51.0,283.0,False,876.0,0.0,1.0,10,operational,0.6,0.8,0.6,0.8,25,0.48,0.48
0.8621219745891691,0.13787802541083094,0.58,0.42000000000000004,44.0,341.0,False,876.0,0.0,1.0,01,operational,0.6,0.8,0.6,0.8,25,0.48,0.48
0.7398422446542509,0.26015775534574914,0.64,0.36,51.0,,True,876.0,1.0,0.82,11,operational,0.6,0.8,0.6,0.8,25,0.48,0.48
0.8901015277777777,0.10989847222222227,0.58,0.42000000000000004,44.0,283.0,False,876.0,0.0,1.0,00,operational,0.6,1.0,0.6,1.0,25,0.6,0.6
0.8713340722222221,0.12866592777777786,0.656625,0.343375,56.0,283.0,False,876.0,0.0,1.0,10,operational,0.6,1.0,0.6,1.0,25,0.6,0.6
0.8645798130787037,0.13542018692129631,0.58,0.42000000000000004,44.0,347.0,False,876.0,0.0,1.0,01,operational,0.6,1.0,0.6,1.0,25,0.6,0.6
0.6942871457361205,0.3057128542638795,0.656625,0.343375,56.0,,True,876.0,1.0,0.7649999999999999,11,operational,0.6,1.0,0.6,1.0,25,0.6,0.6
0.8901015277777777,0.10989847222222227,0.58,0.42000000000000004,44.0,283.0,False,876.0,0.0,1.0,00,operational,0.8,0.2,0.8,0.2,25,0.16000000000000003,0.16000000000000003
0.8858472066435185,0.11415279335648154,0.58,0.42000000000000004,44.0,283.0,False,876.0,0.0,1.0,10,operational,0.8,0.2,0.8,0.2,25,0.16000000000000003,0.16000000000000003
0.8857455354402178,0.11425446455978217,0.58,0.42000000000000004,44.0,291.0,False,876.0,0.0,1.0,01,operational,0.8,0.2,0.8,0.2,25,0.16000000000000003,0.16000000000000003
0.8805455138779225,0.11945448612207754,0.58,0.42000000000000004,44.0,293.0,False,876.0,0.0,1.0,11,operational,0.8,0.2,0.8,0.2,25,0.16000000000000003,0.16000000000000003
0.8901015277777777,0.10989847222222227,0.58,0.42000000000000004,44.0,283.0,False,876.0,0.0,1.0,00,operational,0.8,0.4,0.8,0.4,25,0.32000000000000006,0.32000000000000006
0.8799545174537037,0.12004548254629632,0.629775,0.37022499999999997,56.0,283.0,False,876.0,0.0,1.0,10,operational,0.8,0.4,0.8,0.4,25,0.32000000000000006,0.32000000000000006
0.8801242005345578,0.11987579946544225,0.58,0.42000000000000004,44.0,303.0,False,876.0,0.0,1.0,01,operational,0.8,0.4,0.8,0.4,25,0.32000000000000006,0.32000000000000006
0.8650138574529848,0.13498614254701524,0.629775,0.37022499999999997,56.0,311.0,False,876.0,0.0,1.0,11,operational,0.8,0.4,0.8,0.4,25,0.32000000000000006,0.32000000000000006
0.8901015277777777,0.10989847222222227,0.58,0.42000000000000004,44.0,283.0,False,876.0,0.0,1.0,00,operational,0.8,0.6,0.8,0.6,25,0.48,0.48
0.8740213473611111,0.12597865263888886,0.6655000000000001,0.3344999999999999,56.0,283.0,False,876.0,0.0,1.0,10,operational,0.8,0.6,0.8,0.6,25,0.48,0.48
0.8715922309029698,0.12840776909703022,0.58,0.42000000000000004,44.0,320.0,False,876.0,0.0,1.0,01,operational,0.8,0.6,0.8,0.6,25,0.48,0.48
0.8400820060510695,0.15991799394893047,0.6655000000000001,0.3344999999999999,56.0,343.0,False,876.0,0.0,1.0,11,operational,0.8,0.6,0.8,0.6,25,0.48,0.48
0.8901015277777777,0.10989847222222227,0.58,0.42000000000000004,44.0,283.0,False,876.0,0.0,1.0,00,operational,0.8,0.8,0.8,0.8,25,0.6400000000000001,0.6400000000000001
0.8680989099074075,0.13190109009259254,0.6940000000000001,0.30599999999999994,51.0,283.0,False,876.0,0.0,1.0,10,operational,0.8,0.8,0.8,0.8,25,0.6400000000000001,0.6400000000000001
0.8660501001956428,0.13394989980435723,0.58,0.42000000000000004,44.0,335.0,False,876.0,0.0,1.0,01,operational,0.8,0.8,0.8,0.8,25,0.6400000000000001,0.6400000000000001
0.6394459901544567,0.3605540098455433,0.6940000000000001,0.30599999999999994,51.0,,True,876.0,1.0,0.6849999999999998,11,operational,0.8,0.8,0.8,0.8,25,0.6400000000000001,0.6400000000000001
0.8901015277777777,0.10989847222222227,0.58,0.42000000000000004,44.0,283.0,False,876.0,0.0,1.0,00,operational,0.8,1.0,0.8,1.0,25,0.8,0.8
0.8621847571759258,0.1378152428240742,0.7225,0.27749999999999997,48.0,283.0,False,876.0,0.0,1.0,10,operational,0.8,1.0,0.8,1.0,25,0.8,0.8
0.8659919963155864,0.13400800368441357,0.58,0.42000000000000004,44.0,342.0,False,876.0,0.0,1.0,01,operational,0.8,1.0,0.8,1.0,25,0.8,0.8
0.577273641036481,0.42272635896351896,0.7225,0.27749999999999997,48.0,,True,876.0,1.0,0.615,11,operational,0.8,1.0,0.8,1.0,25,0.8,0.8
0.8901015277777777,0.10989847222222227,0.58,0.42000000000000004,44.0,283.0,False,876.0,0.0,1.0,00,operational,1.0,0.2,1.0,0.2,25,0.2,0.2
0.8848456483564814,0.11515435164351862,0.58,0.42000000000000004,44.0,283.0,False,876.0,0.0,1.0,10,operational,1.0,0.2,1.0,0.2,25,0.2,0.2
0.8833682092699898,0.11663179073001018,0.58,0.42000000000000004,44.0,296.0,False,876.0,0.0,1.0,01,operational,1.0,0.2,1.0,0.2,25,0.2,0.2
0.8764700968199084,0.1235299031800916,0.58,0.42000000000000004,44.0,298.0,False,876.0,0.0,1.0,11,operational,1.0,0.2,1.0,0.2,25,0.2,0.2
0.8901015277777777,0.10989847222222227,0.58,0.42000000000000004,44.0,283.0,False,876.0,0.0,1.0,00,operational,1.0,0.4,1.0,0.4,25,0.4,0.4
0.8775029633796296,0.12249703662037037,0.639775,0.36022499999999996,56.0,283.0,False,876.0,0.0,1.0,10,operational,1.0,0.4,1.0,0.4,25,0.4,0.4
0.8746671678510639,0.1253328321489361,0.58,0.42000000000000004,44.0,314.0,False,876.0,0.0,1.0,01,operational,1.0,0.4,1.0,0.4,25,0.4,0.4
0.853630930665779,0.146369069334221,0.639775,0.36022499999999996,56.0,327.0,False,876.0,0.0,1.0,11,operational,1.0,0.4,1.0,0.4,25,0.4,0.4
0.8901015277777777,0.10989847222222227,0.58,0.42000000000000004,44.0,283.0,False,876.0,0.0,1.0,00,operational,1.0,0.6,1.0,0.6,25,0.6,0.6
0.8701217940277777,0.12987820597222233,0.6805000000000001,0.31949999999999995,56.0,283.0,False,876.0,0.0,1.0,10,operational,1.0,0.6,1.0,0.6,25,0.6,0.6
0.8616716313551607,0.13832836864483933,0.58,0.42000000000000004,44.0,340.0,False,876.0,0.0,1.0,01,operational,1.0,0.6,1.0,0.6,25,0.6,0.6
0.8152199726970156,0.18478002730298437,0.6805000000000001,0.31949999999999995,56.0,378.0,False,876.0,0.0,1.0,11,operational,1.0,0.6,1.0,0.6,25,0.6,0.6
0.8901015277777777,0.10989847222222227,0.58,0.42000000000000004,44.0,283.0,False,876.0,0.0,1.0,00,operational,1.0,0.8,1.0,0.8,25,0.8,0.8
0.8627646906481482,0.1372353093518518,0.7140000000000001,0.2859999999999999,51.0,283.0,False,876.0,0.0,1.0,10,operational,1.0,0.8,1.0,0.8,25,0.8,0.8
0.8491159667643617,0.15088403323563826,0.58,0.42000000000000004,44.0,368.0,False,876.0,0.0,1.0,01,operational,1.0,0.8,1.0,0.8,25,0.8,0.8
0.489169704145678,0.510830295854322,0.7140000000000001,0.2859999999999999,51.0,,True,876.0,1.0,0.5049999999999998,11,operational,1.0,0.8,1.0,0.8,25,0.8,0.8
0.8901015277777777,0.10989847222222227,0.58,0.42000000000000004,44.0,283.0,False,876.0,0.0,1.0,00,operational,1.0,1.0,1.0,1.0,25,1.0,1.0
0.8554176775462962,0.14458232245370384,0.749125,0.250875,56.0,283.0,False,876.0,0.0,1.0,10,operational,1.0,1.0,1.0,1.0,25,1.0,1.0
0.8495620914099028,0.1504379085900972,0.58,0.42000000000000004,44.0,382.0,False,876.0,0.0,1.0,01,operational,1.0,1.0,1.0,1.0,25,1.0,1.0
0.37607465664242307,0.6239253433575769,0.749125,0.250875,56.0,,True,876.0,1.0,0.38,11,operational,1.0,1.0,1.0,1.0,25,1.0,1.0
0.9352268055555555,0.06477319444444452,0.4700000000000001,0.5299999999999999,44.0,203.0,False,876.0,0.0,1.0,00,operational,0.2,0.2,0.2,0.2,26,0.04000000000000001,0.04000000000000001
0.934619275308642,0.06538072469135803,0.4700000000000001,0.5299999999999999,44.0,203.0,False,876.0,0.0,1.0,10,operational,0.2,0.2,0.2,0.2,26,0.04000000000000001,0.04000000000000001
0.9347365722709551,0.06526342772904492,0.4700000000000001,0.5299999999999999,44.0,204.0,False,876.0,0.0,1.0,01,operational,0.2,0.2,0.2,0.2,26,0.04000000000000001,0.04000000000000001
0.9341144545452331,0.06588554545476688,0.4700000000000001,0.5299999999999999,44.0,205.0,False,876.0,0.0,1.0,11,operational,0.2,0.2,0.2,0.2,26,0.04000000000000001,0.04000000000000001
0.9352268055555555,0.06477319444444452,0.4700000000000001,0.5299999999999999,44.0,203.0,False,876.0,0.0,1.0,00,operational,0.2,0.4,0.2,0.4,26,0.08000000000000002,0.08000000000000002
0.9335673006172839,0.06643269938271612,0.4700000000000001,0.5299999999999999,44.0,203.0,False,876.0,0.0,1.0,10,operational,0.2,0.4,0.2,0.4,26,0.08000000000000002,0.08000000000000002
0.9342027316332726,0.06579726836672739,0.4700000000000001,0.5299999999999999,44.0,206.0,False,876.0,0.0,1.0,01,operational,0.2,0.4,0.2,0.4,26,0.08000000000000002,0.08000000000000002
0.9324907795815954,0.06750922041840457,0.4700000000000001,0.5299999999999999,44.0,206.0,False,876.0,0.0,1.0,11,operational,0.2,0.4,0.2,0.4,26,0.08000000000000002,0.08000000000000002
0.9352268055555555,0.06477319444444452,0.4700000000000001,0.5299999999999999,44.0,203.0,False,876.0,0.0,1.0,00,operational,0.2,0.6,0.2,0.6,26,0.12,0.12
0.9325153259259259,0.0674846740740741,0.47916250000000016,0.5208374999999998,56.0,203.0,False,876.0,0.0,1.0,10,operational,0.2,0.6,0.2,0.6,26,0.12,0.12
0.933589224537037,0.06641077546296303,0.4700000000000001,0.5299999999999999,44.0,207.0,False,876.0,0.0,1.0,01,operational,0.2,0.6,0.2,0.6,26,0.12,0.12
0.9307467332343619,0.06925326676563814,0.47916250000000016,0.5208374999999998,56.0,208.0,False,876.0,0.0,1.0,11,operational,0.2,0.6,0.2,0.6,26,0.12,0.12
0.9352268055555555,0.06477319444444452,0.4700000000000001,0.5299999999999999,44.0,203.0,False,876.0,0.0,1.0,00,operational,0.2,0.8,0.2,0.8,26,0.16000000000000003,0.16000000000000003
0.9314633512345679,0.06853664876543208,0.4840000000000002,0.5159999999999998,53.0,203.0,False,876.0,0.0,1.0,10,operational,0.2,0.8,0.2,0.8,26,0.16000000000000003,0.16000000000000003
0.9329436649937752,0.06705633500622477,0.4700000000000001,0.5299999999999999,44.0,209.0,False,876.0,0.0,1.0,01,operational,0.2,0.8,0.2,0.8,26,0.16000000000000003,0.16000000000000003
0.9289423619569992,0.0710576380430008,0.4840000000000002,0.5159999999999998,53.0,209.0,False,876.0,0.0,1.0,11,operational,0.2,0.8,0.2,0.8,26,0.16000000000000003,0.16000000000000003
0.9352268055555555,0.06477319444444452,0.4700000000000001,0.5299999999999999,44.0,203.0,False,876.0,0.0,1.0,00,operational,0.2,1.0,0.2,1.0,26,0.2,0.2
0.9304096057098765,0.06959039429012348,0.48750000000000004,0.5125,50.0,203.0,False,876.0,0.0,1.0,10,operational,0.2,1.0,0.2,1.0,26,0.2,0.2
0.9321141550925925,0.06788584490740746,0.4700000000000001,0.5299999999999999,44.0,211.0,False,876.0,0.0,1.0,01,operational,0.2,1.0,0.2,1.0,26,0.2,0.2
0.9269265577209876,0.07307344227901236,0.48750000000000004,0.5125,50.0,212.0,False,876.0,0.0,1.0,11,operational,0.2,1.0,0.2,1.0,26,0.2,0.2
0.9352268055555555,0.06477319444444452,0.4700000000000001,0.5299999999999999,44.0,203.0,False,876.0,0.0,1.0,00,operational,0.4,0.2,0.4,0.2,26,0.08000000000000002,0.08000000000000002
0.9346207947530863,0.06537920524691365,0.4700000000000001,0.5299999999999999,44.0,203.0,False,876.0,0.0,1.0,10,operational,0.4,0.2,0.4,0.2,26,0.08000000000000002,0.08000000000000002
0.9334305825925925,0.06656941740740752,0.4700000000000001,0.5299999999999999,44.0,207.0,False,876.0,0.0,1.0,01,operational,0.4,0.2,0.4,0.2,26,0.08000000000000002,0.08000000000000002
0.9327865907533156,0.0672134092466844,0.4700000000000001,0.5299999999999999,44.0,207.0,False,876.0,0.0,1.0,11,operational,0.4,0.2,0.4,0.2,26,0.08000000000000002,0.08000000000000002
0.9352268055555555,0.06477319444444452,0.4700000000000001,0.5299999999999999,44.0,203.0,False,876.0,0.0,1.0,00,operational,0.4,0.4,0.4,0.4,26,0.16000000000000003,0.16000000000000003
0.933281450617284,0.06671854938271604,0.4700000000000001,0.5299999999999999,44.0,203.0,False,876.0,0.0,1.0,10,operational,0.4,0.4,0.4,0.4,26,0.16000000000000003,0.16000000000000003
0.9308447430783241,0.0691552569216759,0.4700000000000001,0.5299999999999999,44.0,213.0,False,876.0,0.0,1.0,01,operational,0.4,0.4,0.4,0.4,26,0.16000000000000003,0.16000000000000003
0.9286511788038302,0.07134882119616981,0.4700000000000001,0.5299999999999999,44.0,214.0,False,876.0,0.0,1.0,11,operational,0.4,0.4,0.4,0.4,26,0.16000000000000003,0.16000000000000003
0.9352268055555555,0.06477319444444452,0.4700000000000001,0.5299999999999999,44.0,203.0,False,876.0,0.0,1.0,00,operational,0.4,0.6,0.4,0.6,26,0.24,0.24
0.9319310231481481,0.06806897685185187,0.4729062500000001,0.5270937499999999,56.0,203.0,False,876.0,0.0,1.0,10,operational,0.4,0.6,0.4,0.6,26,0.24,0.24
0.9263545833333333,0.07364541666666669,0.4700000000000001,0.5299999999999999,44.0,223.0,False,876.0,0.0,1.0,01,operational,0.4,0.6,0.4,0.6,26,0.24,0.24
0.9221284303514071,0.07787156964859288,0.4729062500000001,0.5270937499999999,56.0,225.0,False,876.0,0.0,1.0,11,operational,0.4,0.6,0.4,0.6,26,0.24,0.24
0.9352268055555555,0.06477319444444452,0.4700000000000001,0.5299999999999999,44.0,203.0,False,876.0,0.0,1.0,00,operational,0.4,0.8,0.4,0.8,26,0.32000000000000006,0.32000000000000006
0.9305624290123456,0.06943757098765435,0.47420000000000007,0.5257999999999999,52.0,204.0,False,876.0,0.0,1.0,10,operational,0.4,0.8,0.4,0.8,26,0.32000000000000006,0.32000000000000006
0.926444287037037,0.07355571296296304,0.4700000000000001,0.5299999999999999,44.0,226.0,False,876.0,0.0,1.0,01,operational,0.4,0.8,0.4,0.8,26,0.32000000000000006,0.32000000000000006
0.8940639179973444,0.10593608200265558,0.47420000000000007,0.5257999999999999,52.0,,True,876.0,1.0,0.9550000000000001,11,operational,0.4,0.8,0.4,0.8,26,0.32000000000000006,0.32000000000000006
0.9352268055555555,0.06477319444444452,0.4700000000000001,0.5299999999999999,44.0,203.0,False,876.0,0.0,1.0,00,operational,0.4,1.0,0.4,1.0,26,0.4,0.4
0.9291815084876544,0.07081849151234565,0.47650000000000015,0.5234999999999999,56.0,204.0,False,876.0,0.0,1.0,10,operational,0.4,1.0,0.4,1.0,26,0.4,0.4
0.9280232152777778,0.07197678472222224,0.4700000000000001,0.5299999999999999,44.0,224.0,False,876.0,0.0,1.0,01,operational,0.4,1.0,0.4,1.0,26,0.4,0.4
0.8884100275148146,0.11158997248518543,0.47650000000000015,0.5234999999999999,56.0,,True,876.0,1.0,0.95,11,operational,0.4,1.0,0.4,1.0,26,0.4,0.4
0.9352268055555555,0.06477319444444452,0.4700000000000001,0.5299999999999999,44.0,203.0,False,876.0,0.0,1.0,00,operational,0.6,0.2,0.6,0.2,26,0.12,0.12
0.9339850367824074,0.06601496321759259,0.4700000000000001,0.5299999999999999,44.0,203.0,False,876.0,0.0,1.0,10,operational,0.6,0.2,0.6,0.2,26,0.12,0.12
0.9350036752844004,0.06499632471559957,0.4700000000000001,0.5299999999999999,44.0,204.0,False,876.0,0.0,1.0,01,operational,0.6,0.2,0.6,0.2,26,0.12,0.12
0.9337300508406207,0.06626994915937934,0.4700000000000001,0.5299999999999999,44.0,204.0,False,876.0,0.0,1.0,11,operational,0.6,0.2,0.6,0.2,26,0.12,0.12
0.9352268055555555,0.06477319444444452,0.4700000000000001,0.5299999999999999,44.0,203.0,False,876.0,0.0,1.0,00,operational,0.6,0.4,0.6,0.4,26,0.24,0.24
0.9315345909259258,0.06846540907407417,0.4800000000000002,0.5199999999999998,55.0,203.0,False,876.0,0.0,1.0,10,operational,0.6,0.4,0.6,0.4,26,0.24,0.24
0.9347259636345678,0.06527403636543216,0.4700000000000001,0.5299999999999999,44.0,205.0,False,876.0,0.0,1.0,01,operational,0.6,0.4,0.6,0.4,26,0.24,0.24
0.9306985811642985,0.06930141883570151,0.4800000000000002,0.5199999999999998,55.0,206.0,False,876.0,0.0,1.0,11,operational,0.6,0.4,0.6,0.4,26,0.24,0.24
0.9352268055555555,0.06477319444444452,0.4700000000000001,0.5299999999999999,44.0,203.0,False,876.0,0.0,1.0,00,operational,0.6,0.6,0.6,0.6,26,0.36,0.36
0.9290790322222222,0.07092096777777779,0.50019375,0.49980624999999995,56.0,203.0,False,876.0,0.0,1.0,10,operational,0.6,0.6,0.6,0.6,26,0.36,0.36
0.9343851753450131,0.06561482465498691,0.4700000000000001,0.5299999999999999,44.0,206.0,False,876.0,0.0,1.0,01,operational,0.6,0.6,0.6,0.6,26,0.36,0.36
0.9273438600194519,0.0726561399805481,0.50019375,0.49980624999999995,56.0,209.0,False,876.0,0.0,1.0,11,operational,0.6,0.6,0.6,0.6,26,0.36,0.36
0.9352268055555555,0.06477319444444452,0.4700000000000001,0.5299999999999999,44.0,203.0,False,876.0,0.0,1.0,00,operational,0.6,0.8,0.6,0.8,26,0.48,0.48
0.9266243485185185,0.07337565148148151,0.5138,0.4861999999999999,53.0,204.0,False,876.0,0.0,1.0,10,operational,0.6,0.8,0.6,0.8,26,0.48,0.48
0.933988265978836,0.066011734021164,0.4700000000000001,0.5299999999999999,44.0,208.0,False,876.0,0.0,1.0,01,operational,0.6,0.8,0.6,0.8,26,0.48,0.48
0.923327199049817,0.07667280095018303,0.5138,0.4861999999999999,53.0,214.0,False,876.0,0.0,1.0,11,operational,0.6,0.8,0.6,0.8,26,0.48,0.48
0.9352268055555555,0.06477319444444452,0.4700000000000001,0.5299999999999999,44.0,203.0,False,876.0,0.0,1.0,00,operational,0.6,1.0,0.6,1.0,26,0.6,0.6
0.9241473106481481,0.07585268935185185,0.5262187500000001,0.47378124999999993,56.0,204.0,False,876.0,0.0,1.0,10,operational,0.6,1.0,0.6,1.0,26,0.6,0.6
0.9335274151234567,0.06647258487654328,0.4700000000000001,0.5299999999999999,44.0,209.0,False,876.0,0.0,1.0,01,operational,0.6,1.0,0.6,1.0,26,0.6,0.6
0.8676989323086799,0.1323010676913201,0.5262187500000001,0.47378124999999993,56.0,,True,876.0,1.0,0.93,11,operational,0.6,1.0,0.6,1.0,26,0.6,0.6
0.9352268055555555,0.06477319444444452,0.4700000000000001,0.5299999999999999,44.0,203.0,False,876.0,0.0,1.0,00,operational,0.8,0.2,0.8,0.2,26,0.16000000000000003,0.16000000000000003
0.933255927368827,0.06674407263117299,0.4700000000000001,0.5299999999999999,44.0,203.0,False,876.0,0.0,1.0,10,operational,0.8,0.2,0.8,0.2,26,0.16000000000000003,0.16000000000000003
0.9311856366152567,0.06881436338474334,0.4700000000000001,0.5299999999999999,44.0,212.0,False,876.0,0.0,1.0,01,operational,0.8,0.2,0.8,0.2,26,0.16000000000000003,0.16000000000000003
0.9288276963008414,0.07117230369915861,0.4700000000000001,0.5299999999999999,44.0,213.0,False,876.0,0.0,1.0,11,operational,0.8,0.2,0.8,0.2,26,0.16000000000000003,0.16000000000000003
0.9352268055555555,0.06477319444444452,0.4700000000000001,0.5299999999999999,44.0,203.0,False,876.0,0.0,1.0,00,operational,0.8,0.4,0.8,0.4,26,0.32000000000000006,0.32000000000000006
0.9297476498765432,0.07025235012345676,0.4800000000000002,0.5199999999999998,55.0,204.0,False,876.0,0.0,1.0,10,operational,0.8,0.4,0.8,0.4,26,0.32000000000000006,0.32000000000000006
0.9255396427735377,0.07446035722646227,0.4700000000000001,0.5299999999999999,44.0,226.0,False,876.0,0.0,1.0,01,operational,0.8,0.4,0.8,0.4,26,0.32000000000000006,0.32000000000000006
0.9176053238009981,0.08239467619900187,0.4800000000000002,0.5199999999999998,55.0,230.0,False,876.0,0.0,1.0,11,operational,0.8,0.4,0.8,0.4,26,0.32000000000000006,0.32000000000000006
0.9352268055555555,0.06477319444444452,0.4700000000000001,0.5299999999999999,44.0,203.0,False,876.0,0.0,1.0,00,operational,0.8,0.6,0.8,0.6,26,0.48,0.48
0.9262701762037037,0.07372982379629633,0.5098812500000001,0.49011875,56.0,204.0,False,876.0,0.0,1.0,10,operational,0.8,0.6,0.8,0.6,26,0.48,0.48
0.9161108385454125,0.08388916145458747,0.4700000000000001,0.5299999999999999,44.0,247.0,False,876.0,0.0,1.0,01,operational,0.8,0.6,0.8,0.6,26,0.48,0.48
0.8989976939248742,0.10100230607512584,0.5098812500000001,0.49011875,56.0,261.0,False,876.0,0.0,1.0,11,operational,0.8,0.6,0.8,0.6,26,0.48,0.48
0.9352268055555555,0.06477319444444452,0.4700000000000001,0.5299999999999999,44.0,203.0,False,876.0,0.0,1.0,00,operational,0.8,0.8,0.8,0.8,26,0.6400000000000001,0.6400000000000001
0.9227917719753087,0.0772082280246913,0.5278,0.47219999999999995,53.0,204.0,False,876.0,0.0,1.0,10,operational,0.8,0.8,0.8,0.8,26,0.6400000000000001,0.6400000000000001
0.9144874270493827,0.08551257295061732,0.4700000000000001,0.5299999999999999,44.0,256.0,False,876.0,0.0,1.0,01,operational,0.8,0.8,0.8,0.8,26,0.6400000000000001,0.6400000000000001
0.7442752093422116,0.2557247906577884,0.5278,0.47219999999999995,53.0,,True,876.0,1.0,0.7749999999999999,11,operational,0.8,0.8,0.8,0.8,26,0.6400000000000001,0.6400000000000001
0.9352268055555555,0.06477319444444452,0.4700000000000001,0.5299999999999999,44.0,203.0,False,876.0,0.0,1.0,00,operational,0.8,1.0,0.8,1.0,26,0.8,0.8
0.919283499691358,0.08071650030864197,0.54278125,0.45721875,56.0,204.0,False,876.0,0.0,1.0,10,operational,0.8,1.0,0.8,1.0,26,0.8,0.8
0.9160395008487654,0.0839604991512346,0.4700000000000001,0.5299999999999999,44.0,257.0,False,876.0,0.0,1.0,01,operational,0.8,1.0,0.8,1.0,26,0.8,0.8
0.6321618088231468,0.36783819117685324,0.54278125,0.45721875,56.0,,True,876.0,1.0,0.645,11,operational,0.8,1.0,0.8,1.0,26,0.8,0.8
0.9352268055555555,0.06477319444444452,0.4700000000000001,0.5299999999999999,44.0,203.0,False,876.0,0.0,1.0,00,operational,1.0,0.2,1.0,0.2,26,0.2,0.2
0.9331117051466049,0.06688829485339509,0.4700000000000001,0.5299999999999999,44.0,203.0,False,876.0,0.0,1.0,10,operational,1.0,0.2,1.0,0.2,26,0.2,0.2
0.9311051953100715,0.06889480468992848,0.4700000000000001,0.5299999999999999,44.0,213.0,False,876.0,0.0,1.0,01,operational,1.0,0.2,1.0,0.2,26,0.2,0.2
0.9285320127143335,0.0714679872856665,0.4700000000000001,0.5299999999999999,44.0,214.0,False,876.0,0.0,1.0,11,operational,1.0,0.2,1.0,0.2,26,0.2,0.2
0.9352268055555555,0.06477319444444452,0.4700000000000001,0.5299999999999999,44.0,203.0,False,876.0,0.0,1.0,00,operational,1.0,0.4,1.0,0.4,26,0.4,0.4
0.9290147609876543,0.07098523901234566,0.4800000000000002,0.5199999999999998,55.0,204.0,False,876.0,0.0,1.0,10,operational,1.0,0.4,1.0,0.4,26,0.4,0.4
0.9253556028221817,0.07464439717781834,0.4700000000000001,0.5299999999999999,44.0,226.0,False,876.0,0.0,1.0,01,operational,1.0,0.4,1.0,0.4,26,0.4,0.4
0.916277980249803,0.083722019750197,0.4800000000000002,0.5199999999999998,55.0,232.0,False,876.0,0.0,1.0,11,operational,1.0,0.4,1.0,0.4,26,0.4,0.4
0.9352268055555555,0.06477319444444452,0.4700000000000001,0.5299999999999999,44.0,203.0,False,876.0,0.0,1.0,00,operational,1.0,0.6,1.0,0.6,26,0.6,0.6
0.9249486206481481,0.07505137935185191,0.5098812500000001,0.49011875,56.0,204.0,False,876.0,0.0,1.0,10,operational,1.0,0.6,1.0,0.6,26,0.6,0.6
0.9158104246738128,0.0841895753261872,0.4700000000000001,0.5299999999999999,44.0,248.0,False,876.0,0.0,1.0,01,operational,1.0,0.6,1.0,0.6,26,0.6,0.6
0.8961974486410569,0.10380255135894312,0.5098812500000001,0.49011875,56.0,264.0,False,876.0,0.0,1.0,11,operational,1.0,0.6,1.0,0.6,26,0.6,0.6
0.9352268055555555,0.06477319444444452,0.4700000000000001,0.5299999999999999,44.0,203.0,False,876.0,0.0,1.0,00,operational,1.0,0.8,1.0,0.8,26,0.8,0.8
0.9208815497530864,0.07911845024691355,0.5278,0.47219999999999995,53.0,204.0,False,876.0,0.0,1.0,10,operational,1.0,0.8,1.0,0.8,26,0.8,0.8
0.9140716289962652,0.08592837100373485,0.4700000000000001,0.5299999999999999,44.0,257.0,False,876.0,0.0,1.0,01,operational,1.0,0.8,1.0,0.8,26,0.8,0.8
0.741730974387818,0.258269025612182,0.5278,0.47219999999999995,53.0,,True,876.0,1.0,0.7749999999999999,11,operational,1.0,0.8,1.0,0.8,26,0.8,0.8
0.9352268055555555,0.06477319444444452,0.4700000000000001,0.5299999999999999,44.0,203.0,False,876.0,0.0,1.0,00,operational,1.0,1.0,1.0,1.0,26,1.0,1.0
0.9167846108024691,0.08321538919753091,0.54403125,0.45596875,56.0,204.0,False,876.0,0.0,1.0,10,operational,1.0,1.0,1.0,1.0,26,1.0,1.0
0.9154459152006172,0.08455408479938276,0.4700000000000001,0.5299999999999999,44.0,259.0,False,876.0,0.0,1.0,01,operational,1.0,1.0,1.0,1.0,26,1.0,1.0
0.6001297518012019,0.39987024819879813,0.54403125,0.45596875,56.0,,True,876.0,1.0,0.6100000000000001,11,operational,1.0,1.0,1.0,1.0,26,1.0,1.0
0.9349177777777777,0.06508222222222226,0.4525000000000001,0.5474999999999999,44.0,208.0,False,876.0,0.0,1.0,00,operational,0.2,0.2,0.2,0.2,27,0.04000000000000001,0.04000000000000001
0.9341345706018519,0.0658654293981481,0.4525000000000001,0.5474999999999999,44.0,208.0,False,876.0,0.0,1.0,10,operational,0.2,0.2,0.2,0.2,27,0.04000000000000001,0.04000000000000001
0.9348032613705204,0.06519673862947961,0.4525000000000001,0.5474999999999999,44.0,208.0,False,876.0,0.0,1.0,01,operational,0.2,0.2,0.2,0.2,27,0.04000000000000001,0.04000000000000001
0.9340154622071861,0.06598453779281388,0.4525000000000001,0.5474999999999999,44.0,208.0,False,876.0,0.0,1.0,11,operational,0.2,0.2,0.2,0.2,27,0.04000000000000001,0.04000000000000001
0.9349177777777777,0.06508222222222226,0.4525000000000001,0.5474999999999999,44.0,208.0,False,876.0,0.0,1.0,00,operational,0.2,0.4,0.2,0.4,27,0.08000000000000002,0.08000000000000002
0.9327632818287037,0.06723671817129628,0.46950000000000014,0.5304999999999999,52.0,208.0,False,876.0,0.0,1.0,10,operational,0.2,0.4,0.2,0.4,27,0.08000000000000002,0.08000000000000002
0.9346678408925319,0.06533215910746815,0.4525000000000001,0.5474999999999999,44.0,209.0,False,876.0,0.0,1.0,01,operational,0.2,0.4,0.2,0.4,27,0.08000000000000002,0.08000000000000002
0.9324934630120914,0.06750653698790865,0.46950000000000014,0.5304999999999999,52.0,209.0,False,876.0,0.0,1.0,11,operational,0.2,0.4,0.2,0.4,27,0.08000000000000002,0.08000000000000002
0.9349177777777777,0.06508222222222226,0.4525000000000001,0.5474999999999999,44.0,208.0,False,876.0,0.0,1.0,00,operational,0.2,0.6,0.2,0.6,27,0.12,0.12
0.9314117170138888,0.0685882829861112,0.4811500000000001,0.5188499999999999,56.0,208.0,False,876.0,0.0,1.0,10,operational,0.2,0.6,0.2,0.6,27,0.12,0.12
0.9345236793333334,0.06547632066666664,0.4525000000000001,0.5474999999999999,44.0,209.0,False,876.0,0.0,1.0,01,operational,0.2,0.6,0.2,0.6,27,0.12,0.12
0.9309585559801177,0.06904144401988233,0.4811500000000001,0.5188499999999999,56.0,210.0,False,876.0,0.0,1.0,11,operational,0.2,0.6,0.2,0.6,27,0.12,0.12
0.9349177777777777,0.06508222222222226,0.4525000000000001,0.5474999999999999,44.0,208.0,False,876.0,0.0,1.0,00,operational,0.2,0.8,0.2,0.8,27,0.16000000000000003,0.16000000000000003
0.9300882685185184,0.06991173148148155,0.49070000000000014,0.5092999999999999,51.0,208.0,False,876.0,0.0,1.0,10,operational,0.2,0.8,0.2,0.8,27,0.16000000000000003,0.16000000000000003
0.9343863901058201,0.06561360989417986,0.4525000000000001,0.5474999999999999,44.0,210.0,False,876.0,0.0,1.0,01,operational,0.2,0.8,0.2,0.8,27,0.16000000000000003,0.16000000000000003
0.9294353251470524,0.0705646748529476,0.49070000000000014,0.5092999999999999,51.0,211.0,False,876.0,0.0,1.0,11,operational,0.2,0.8,0.2,0.8,27,0.16000000000000003,0.16000000000000003
0.9349177777777777,0.06508222222222226,0.4525000000000001,0.5474999999999999,44.0,208.0,False,876.0,0.0,1.0,00,operational,0.2,1.0,0.2,1.0,27,0.2,0.2
0.9287692332175926,0.07123076678240736,0.5002500000000001,0.49974999999999997,48.0,208.0,False,876.0,0.0,1.0,10,operational,0.2,1.0,0.2,1.0,27,0.2,0.2
0.9341904435185185,0.06580955648148146,0.4525000000000001,0.5474999999999999,44.0,211.0,False,876.0,0.0,1.0,01,operational,0.2,1.0,0.2,1.0,27,0.2,0.2
0.9278606030897835,0.07213939691021654,0.5002500000000001,0.49974999999999997,48.0,212.0,False,876.0,0.0,1.0,11,operational,0.2,1.0,0.2,1.0,27,0.2,0.2
0.9349177777777777,0.06508222222222226,0.4525000000000001,0.5474999999999999,44.0,208.0,False,876.0,0.0,1.0,00,operational,0.4,0.2,0.4,0.2,27,0.08000000000000002,0.08000000000000002
0.9335105027777778,0.0664894972222222,0.4525000000000001,0.5474999999999999,44.0,208.0,False,876.0,0.0,1.0,10,operational,0.4,0.2,0.4,0.2,27,0.08000000000000002,0.08000000000000002
0.9341650246296296,0.06583497537037042,0.4525000000000001,0.5474999999999999,44.0,210.0,False,876.0,0.0,1.0,01,operational,0.4,0.2,0.4,0.2,27,0.08000000000000002,0.08000000000000002
0.9324258577343472,0.06757414226565284,0.4525000000000001,0.5474999999999999,44.0,210.0,False,876.0,0.0,1.0,11,operational,0.4,0.2,0.4,0.2,27,0.08000000000000002,0.08000000000000002
0.9349177777777777,0.06508222222222226,0.4525000000000001,0.5474999999999999,44.0,208.0,False,876.0,0.0,1.0,00,operational,0.4,0.4,0.4,0.4,27,0.16000000000000003,0.16000000000000003
0.9310987503472222,0.06890124965277777,0.4803750000000001,0.5196249999999999,56.0,208.0,False,876.0,0.0,1.0,10,operational,0.4,0.4,0.4,0.4,27,0.16000000000000003,0.16000000000000003
0.9332481548693382,0.06675184513066179,0.4525000000000001,0.5474999999999999,44.0,213.0,False,876.0,0.0,1.0,01,operational,0.4,0.4,0.4,0.4,27,0.16000000000000003,0.16000000000000003
0.9279478846996111,0.07205211530038891,0.4803750000000001,0.5196249999999999,56.0,216.0,False,876.0,0.0,1.0,11,operational,0.4,0.4,0.4,0.4,27,0.16000000000000003,0.16000000000000003
0.9349177777777777,0.06508222222222226,0.4525000000000001,0.5474999999999999,44.0,208.0,False,876.0,0.0,1.0,00,operational,0.4,0.6,0.4,0.6,27,0.24,0.24
0.9287568642361111,0.07124313576388885,0.50035,0.49965000000000004,54.0,208.0,False,876.0,0.0,1.0,10,operational,0.4,0.6,0.4,0.6,27,0.24,0.24
0.9320624382407408,0.06793756175925925,0.4525000000000001,0.5474999999999999,44.0,216.0,False,876.0,0.0,1.0,01,operational,0.4,0.6,0.4,0.6,27,0.24,0.24
0.9215771963097836,0.07842280369021637,0.50035,0.49965000000000004,54.0,226.0,False,876.0,0.0,1.0,11,operational,0.4,0.6,0.4,0.6,27,0.24,0.24
0.9349177777777777,0.06508222222222226,0.4525000000000001,0.5474999999999999,44.0,208.0,False,876.0,0.0,1.0,00,operational,0.4,0.8,0.4,0.8,27,0.32000000000000006,0.32000000000000006
0.92645115,0.07354885,0.5163000000000001,0.4836999999999999,49.0,208.0,False,876.0,0.0,1.0,10,operational,0.4,0.8,0.4,0.8,27,0.32000000000000006,0.32000000000000006
0.9303301600031745,0.06966983999682552,0.4525000000000001,0.5474999999999999,44.0,221.0,False,876.0,0.0,1.0,01,operational,0.4,0.8,0.4,0.8,27,0.32000000000000006,0.32000000000000006
0.8197197565760753,0.18028024342392468,0.5163000000000001,0.4836999999999999,49.0,,True,876.0,1.0,0.865,11,operational,0.4,0.8,0.4,0.8,27,0.32000000000000006,0.32000000000000006
0.9349177777777777,0.06508222222222226,0.4525000000000001,0.5474999999999999,44.0,208.0,False,876.0,0.0,1.0,00,operational,0.4,1.0,0.4,1.0,27,0.4,0.4
0.9241528350694445,0.07584716493055554,0.53225,0.46775,46.0,208.0,False,876.0,0.0,1.0,10,operational,0.4,1.0,0.4,1.0,27,0.4,0.4
0.9295180763790386,0.0704819236209614,0.4525000000000001,0.5474999999999999,44.0,225.0,False,876.0,0.0,1.0,01,operational,0.4,1.0,0.4,1.0,27,0.4,0.4
0.8043907734464395,0.1956092265535605,0.53225,0.46775,46.0,,True,876.0,1.0,0.85,11,operational,0.4,1.0,0.4,1.0,27,0.4,0.4
0.9349177777777777,0.06508222222222226,0.4525000000000001,0.5474999999999999,44.0,208.0,False,876.0,0.0,1.0,00,operational,0.6,0.2,0.6,0.2,27,0.12,0.12
0.9327302515625,0.0672697484375,0.4525000000000001,0.5474999999999999,44.0,208.0,False,876.0,0.0,1.0,10,operational,0.6,0.2,0.6,0.2,27,0.12,0.12
0.9340363066505474,0.06596369334945262,0.4525000000000001,0.5474999999999999,44.0,210.0,False,876.0,0.0,1.0,01,operational,0.6,0.2,0.6,0.2,27,0.12,0.12
0.9312882769531249,0.06871172304687512,0.4525000000000001,0.5474999999999999,44.0,211.0,False,876.0,0.0,1.0,11,operational,0.6,0.2,0.6,0.2,27,0.12,0.12
0.9349177777777777,0.06508222222222226,0.4525000000000001,0.5474999999999999,44.0,208.0,False,876.0,0.0,1.0,00,operational,0.6,0.4,0.6,0.4,27,0.24,0.24
0.9288695586805555,0.07113044131944446,0.49550000000000005,0.5045,56.0,208.0,False,876.0,0.0,1.0,10,operational,0.6,0.4,0.6,0.4,27,0.24,0.24
0.9329790677777777,0.06702093222222227,0.4525000000000001,0.5474999999999999,44.0,213.0,False,876.0,0.0,1.0,01,operational,0.6,0.4,0.6,0.4,27,0.24,0.24
0.9243378168528132,0.07566218314718676,0.49550000000000005,0.5045,56.0,218.0,False,876.0,0.0,1.0,11,operational,0.6,0.4,0.6,0.4,27,0.24,0.24
0.9349177777777777,0.06508222222222226,0.4525000000000001,0.5474999999999999,44.0,208.0,False,876.0,0.0,1.0,00,operational,0.6,0.6,0.6,0.6,27,0.36,0.36
0.9250966392361112,0.07490336076388882,0.52435,0.47565,56.0,208.0,False,876.0,0.0,1.0,10,operational,0.6,0.6,0.6,0.6,27,0.36,0.36
0.9316711343506993,0.06832886564930074,0.4525000000000001,0.5474999999999999,44.0,217.0,False,876.0,0.0,1.0,01,operational,0.6,0.6,0.6,0.6,27,0.36,0.36
0.9146355093292663,0.0853644906707337,0.52435,0.47565,56.0,231.0,False,876.0,0.0,1.0,11,operational,0.6,0.6,0.6,0.6,27,0.36,0.36
0.9349177777777777,0.06508222222222226,0.4525000000000001,0.5474999999999999,44.0,208.0,False,876.0,0.0,1.0,00,operational,0.6,0.8,0.6,0.8,27,0.48,0.48
0.9213807111111111,0.07861928888888892,0.5483000000000001,0.4516999999999999,51.0,208.0,False,876.0,0.0,1.0,10,operational,0.6,0.8,0.6,0.8,27,0.48,0.48
0.9298455045175847,0.07015449548241526,0.4525000000000001,0.5474999999999999,44.0,222.0,False,876.0,0.0,1.0,01,operational,0.6,0.8,0.6,0.8,27,0.48,0.48
0.7776641930526251,0.22233580694737487,0.5483000000000001,0.4516999999999999,51.0,,True,876.0,1.0,0.82,11,operational,0.6,0.8,0.6,0.8,27,0.48,0.48
0.9349177777777777,0.06508222222222226,0.4525000000000001,0.5474999999999999,44.0,208.0,False,876.0,0.0,1.0,00,operational,0.6,1.0,0.6,1.0,27,0.6,0.6
0.9176670086805555,0.08233299131944449,0.5740000000000001,0.426,56.0,208.0,False,876.0,0.0,1.0,10,operational,0.6,1.0,0.6,1.0,27,0.6,0.6
0.928833862037037,0.071166137962963,0.4525000000000001,0.5474999999999999,44.0,226.0,False,876.0,0.0,1.0,01,operational,0.6,1.0,0.6,1.0,27,0.6,0.6
0.7285763018066064,0.2714236981933936,0.5740000000000001,0.426,56.0,,True,876.0,1.0,0.765,11,operational,0.6,1.0,0.6,1.0,27,0.6,0.6
0.9349177777777777,0.06508222222222226,0.4525000000000001,0.5474999999999999,44.0,208.0,False,876.0,0.0,1.0,00,operational,0.8,0.2,0.8,0.2,27,0.16000000000000003,0.16000000000000003
0.9318254629282408,0.06817453707175924,0.4525000000000001,0.5474999999999999,44.0,208.0,False,876.0,0.0,1.0,10,operational,0.8,0.2,0.8,0.2,27,0.16000000000000003,0.16000000000000003
0.9327324546024516,0.06726754539754842,0.4525000000000001,0.5474999999999999,44.0,214.0,False,876.0,0.0,1.0,01,operational,0.8,0.2,0.8,0.2,27,0.16000000000000003,0.16000000000000003
0.9286717713108319,0.0713282286891681,0.4525000000000001,0.5474999999999999,44.0,215.0,False,876.0,0.0,1.0,11,operational,0.8,0.2,0.8,0.2,27,0.16000000000000003,0.16000000000000003
0.9349177777777777,0.06508222222222226,0.4525000000000001,0.5474999999999999,44.0,208.0,False,876.0,0.0,1.0,00,operational,0.8,0.4,0.8,0.4,27,0.32000000000000006,0.32000000000000006
0.9263845109259259,0.07361548907407411,0.510375,0.4896249999999999,56.0,208.0,False,876.0,0.0,1.0,10,operational,0.8,0.4,0.8,0.4,27,0.32000000000000006,0.32000000000000006
0.9300358655412871,0.06996413445871286,0.4525000000000001,0.5474999999999999,44.0,221.0,False,876.0,0.0,1.0,01,operational,0.8,0.4,0.8,0.4,27,0.32000000000000006,0.32000000000000006
0.9164182274940484,0.08358177250595156,0.510375,0.4896249999999999,56.0,230.0,False,876.0,0.0,1.0,11,operational,0.8,0.4,0.8,0.4,27,0.32000000000000006,0.32000000000000006
0.9349177777777777,0.06508222222222226,0.4525000000000001,0.5474999999999999,44.0,208.0,False,876.0,0.0,1.0,00,operational,0.8,0.6,0.8,0.6,27,0.48,0.48
0.9209456761111111,0.07905432388888889,0.5558500000000001,0.44414999999999993,56.0,208.0,False,876.0,0.0,1.0,10,operational,0.8,0.6,0.8,0.6,27,0.48,0.48
0.9264521083597356,0.07354789164026443,0.4525000000000001,0.5474999999999999,44.0,231.0,False,876.0,0.0,1.0,01,operational,0.8,0.6,0.8,0.6,27,0.48,0.48
0.8975112700323191,0.10248872996768088,0.5558500000000001,0.44414999999999993,56.0,258.0,False,876.0,0.0,1.0,11,operational,0.8,0.6,0.8,0.6,27,0.48,0.48
0.9349177777777777,0.06508222222222226,0.4525000000000001,0.5474999999999999,44.0,208.0,False,876.0,0.0,1.0,00,operational,0.8,0.8,0.8,0.8,27,0.6400000000000001,0.6400000000000001
0.9155586885185185,0.08444131148148148,0.5903,0.40969999999999995,51.0,208.0,False,876.0,0.0,1.0,10,operational,0.8,0.8,0.8,0.8,27,0.6400000000000001,0.6400000000000001
0.9213309066376181,0.07866909336238193,0.4525000000000001,0.5474999999999999,44.0,244.0,False,876.0,0.0,1.0,01,operational,0.8,0.8,0.8,0.8,27,0.6400000000000001,0.6400000000000001
0.660714029265573,0.339285970734427,0.5903,0.40969999999999995,51.0,,True,876.0,1.0,0.6849999999999998,11,operational,0.8,0.8,0.8,0.8,27,0.6400000000000001,0.6400000000000001
0.9349177777777777,0.06508222222222226,0.4525000000000001,0.5474999999999999,44.0,208.0,False,876.0,0.0,1.0,00,operational,0.8,1.0,0.8,1.0,27,0.8,0.8
0.9101606870370371,0.08983931296296288,0.6265,0.37350000000000005,56.0,208.0,False,876.0,0.0,1.0,10,operational,0.8,1.0,0.8,1.0,27,0.8,0.8
0.9199464295524691,0.08005357044753092,0.4525000000000001,0.5474999999999999,44.0,254.0,False,876.0,0.0,1.0,01,operational,0.8,1.0,0.8,1.0,27,0.8,0.8
0.5370035604873652,0.4629964395126348,0.6265,0.37350000000000005,56.0,,True,876.0,1.0,0.5450000000000002,11,operational,0.8,1.0,0.8,1.0,27,0.8,0.8
0.9349177777777777,0.06508222222222226,0.4525000000000001,0.5474999999999999,44.0,208.0,False,876.0,0.0,1.0,00,operational,1.0,0.2,1.0,0.2,27,0.2,0.2
0.9315276282060185,0.06847237179398147,0.4525000000000001,0.5474999999999999,44.0,208.0,False,876.0,0.0,1.0,10,operational,1.0,0.2,1.0,0.2,27,0.2,0.2
0.9327108778264733,0.06728912217352667,0.4525000000000001,0.5474999999999999,44.0,214.0,False,876.0,0.0,1.0,01,operational,1.0,0.2,1.0,0.2,27,0.2,0.2
0.9282544850927569,0.07174551490724312,0.4525000000000001,0.5474999999999999,44.0,216.0,False,876.0,0.0,1.0,11,operational,1.0,0.2,1.0,0.2,27,0.2,0.2
0.9349177777777777,0.06508222222222226,0.4525000000000001,0.5474999999999999,44.0,208.0,False,876.0,0.0,1.0,00,operational,1.0,0.4,1.0,0.4,27,0.4,0.4
0.9254817946064815,0.0745182053935185,0.5133750000000001,0.4866249999999999,56.0,208.0,False,876.0,0.0,1.0,10,operational,1.0,0.4,1.0,0.4,27,0.4,0.4
0.9299911488533698,0.07000885114663025,0.4525000000000001,0.5474999999999999,44.0,221.0,False,876.0,0.0,1.0,01,operational,1.0,0.4,1.0,0.4,27,0.4,0.4
0.9149925034798287,0.08500749652017126,0.5133750000000001,0.4866249999999999,56.0,232.0,False,876.0,0.0,1.0,11,operational,1.0,0.4,1.0,0.4,27,0.4,0.4
0.9349177777777777,0.06508222222222226,0.4525000000000001,0.5474999999999999,44.0,208.0,False,876.0,0.0,1.0,00,operational,1.0,0.6,1.0,0.6,27,0.6,0.6
0.9195137361805555,0.08048626381944446,0.56035,0.43965,56.0,208.0,False,876.0,0.0,1.0,10,operational,1.0,0.6,1.0,0.6,27,0.6,0.6
0.9263828055548332,0.07361719444516679,0.4525000000000001,0.5474999999999999,44.0,231.0,False,876.0,0.0,1.0,01,operational,1.0,0.6,1.0,0.6,27,0.6,0.6
0.8943868488947296,0.10561315110527036,0.56035,0.43965,56.0,261.0,False,876.0,0.0,1.0,11,operational,1.0,0.6,1.0,0.6,27,0.6,0.6
0.9349177777777777,0.06508222222222226,0.4525000000000001,0.5474999999999999,44.0,208.0,False,876.0,0.0,1.0,00,operational,1.0,0.8,1.0,0.8,27,0.8,0.8
0.9136213496296296,0.0863786503703704,0.5963,0.4037,51.0,208.0,False,876.0,0.0,1.0,10,operational,1.0,0.8,1.0,0.8,27,0.8,0.8
0.9212362252531382,0.0787637747468618,0.4525000000000001,0.5474999999999999,44.0,245.0,False,876.0,0.0,1.0,01,operational,1.0,0.8,1.0,0.8,27,0.8,0.8
0.622617367254466,0.37738263274553396,0.5963,0.4037,51.0,,True,876.0,1.0,0.6399999999999999,11,operational,1.0,0.8,1.0,0.8,27,0.8,0.8
0.9349177777777777,0.06508222222222226,0.4525000000000001,0.5474999999999999,44.0,208.0,False,876.0,0.0,1.0,00,operational,1.0,1.0,1.0,1.0,27,1.0,1.0
0.9077182582175926,0.09228174178240744,0.634,0.366,56.0,208.0,False,876.0,0.0,1.0,10,operational,1.0,1.0,1.0,1.0,27,1.0,1.0
0.9198275183096105,0.08017248169038949,0.4525000000000001,0.5474999999999999,44.0,254.0,False,876.0,0.0,1.0,01,operational,1.0,1.0,1.0,1.0,27,1.0,1.0
0.492311334602731,0.507688665397269,0.634,0.366,56.0,,True,876.0,1.0,0.4950000000000001,11,operational,1.0,1.0,1.0,1.0,27,1.0,1.0
0.957963888888889,0.04203611111111105,0.37750000000000006,0.6224999999999999,44.0,160.0,False,876.0,0.0,1.0,00,operational,0.2,0.2,0.2,0.2,28,0.04000000000000001,0.04000000000000001
0.9578271842592593,0.04217281574074072,0.37750000000000006,0.6224999999999999,44.0,160.0,False,876.0,0.0,1.0,10,operational,0.2,0.2,0.2,0.2,28,0.04000000000000001,0.04000000000000001
0.9575944726300794,0.04240552736992065,0.37750000000000006,0.6224999999999999,44.0,161.0,False,876.0,0.0,1.0,01,operational,0.2,0.2,0.2,0.2,28,0.04000000000000001,0.04000000000000001
0.957451484901349,0.042548515098650985,0.37750000000000006,0.6224999999999999,44.0,161.0,False,876.0,0.0,1.0,11,operational,0.2,0.2,0.2,0.2,28,0.04000000000000001,0.04000000000000001
0.957963888888889,0.04203611111111105,0.37750000000000006,0.6224999999999999,44.0,160.0,False,876.0,0.0,1.0,00,operational,0.2,0.4,0.2,0.4,28,0.08000000000000002,0.08000000000000002
0.9571123089814815,0.042887691018518526,0.37750000000000006,0.6224999999999999,44.0,160.0,False,876.0,0.0,1.0,10,operational,0.2,0.4,0.2,0.4,28,0.08000000000000002,0.08000000000000002
0.9570924440619308,0.042907555938069164,0.37750000000000006,0.6224999999999999,44.0,163.0,False,876.0,0.0,1.0,01,operational,0.2,0.4,0.2,0.4,28,0.08000000000000002,0.08000000000000002
0.9562017674911624,0.04379823250883763,0.37750000000000006,0.6224999999999999,44.0,163.0,False,876.0,0.0,1.0,11,operational,0.2,0.4,0.2,0.4,28,0.08000000000000002,0.08000000000000002
0.957963888888889,0.04203611111111105,0.37750000000000006,0.6224999999999999,44.0,160.0,False,876.0,0.0,1.0,00,operational,0.2,0.6,0.2,0.6,28,0.12,0.12
0.9564641266666667,0.04353587333333331,0.37750000000000006,0.6224999999999999,44.0,160.0,False,876.0,0.0,1.0,10,operational,0.2,0.6,0.2,0.6,28,0.12,0.12
0.9564328389165514,0.0435671610834486,0.37750000000000006,0.6224999999999999,44.0,165.0,False,876.0,0.0,1.0,01,operational,0.2,0.6,0.2,0.6,28,0.12,0.12
0.9548295415754136,0.045170458424586446,0.37750000000000006,0.6224999999999999,44.0,165.0,False,876.0,0.0,1.0,11,operational,0.2,0.6,0.2,0.6,28,0.12,0.12
0.957963888888889,0.04203611111111105,0.37750000000000006,0.6224999999999999,44.0,160.0,False,876.0,0.0,1.0,00,operational,0.2,0.8,0.2,0.8,28,0.16000000000000003,0.16000000000000003
0.9558160577777777,0.04418394222222233,0.37750000000000006,0.6224999999999999,44.0,160.0,False,876.0,0.0,1.0,10,operational,0.2,0.8,0.2,0.8,28,0.16000000000000003,0.16000000000000003
0.9553293940740741,0.044670605925925866,0.37750000000000006,0.6224999999999999,44.0,168.0,False,876.0,0.0,1.0,01,operational,0.2,0.8,0.2,0.8,28,0.16000000000000003,0.16000000000000003
0.9529726835914504,0.047027316408549624,0.37750000000000006,0.6224999999999999,44.0,169.0,False,876.0,0.0,1.0,11,operational,0.2,0.8,0.2,0.8,28,0.16000000000000003,0.16000000000000003
0.957963888888889,0.04203611111111105,0.37750000000000006,0.6224999999999999,44.0,160.0,False,876.0,0.0,1.0,00,operational,0.2,1.0,0.2,1.0,28,0.2,0.2
0.955167988888889,0.044832011111111014,0.37750000000000006,0.6224999999999999,44.0,161.0,False,876.0,0.0,1.0,10,operational,0.2,1.0,0.2,1.0,28,0.2,0.2
0.9551532259259259,0.044846774074074114,0.37750000000000006,0.6224999999999999,44.0,170.0,False,876.0,0.0,1.0,01,operational,0.2,1.0,0.2,1.0,28,0.2,0.2
0.9519643642353073,0.04803563576469272,0.37750000000000006,0.6224999999999999,44.0,171.0,False,876.0,0.0,1.0,11,operational,0.2,1.0,0.2,1.0,28,0.2,0.2
0.957963888888889,0.04203611111111105,0.37750000000000006,0.6224999999999999,44.0,160.0,False,876.0,0.0,1.0,00,operational,0.4,0.2,0.4,0.2,28,0.08000000000000002,0.08000000000000002
0.9572445571180556,0.04275544288194444,0.37750000000000006,0.6224999999999999,44.0,160.0,False,876.0,0.0,1.0,10,operational,0.4,0.2,0.4,0.2,28,0.08000000000000002,0.08000000000000002
0.9579293374448942,0.04207066255510583,0.37750000000000006,0.6224999999999999,44.0,160.0,False,876.0,0.0,1.0,01,operational,0.4,0.2,0.4,0.2,28,0.08000000000000002,0.08000000000000002
0.9571319088970768,0.04286809110292322,0.37750000000000006,0.6224999999999999,44.0,160.0,False,876.0,0.0,1.0,11,operational,0.4,0.2,0.4,0.2,28,0.08000000000000002,0.08000000000000002
0.957963888888889,0.04203611111111105,0.37750000000000006,0.6224999999999999,44.0,160.0,False,876.0,0.0,1.0,00,operational,0.4,0.4,0.4,0.4,28,0.16000000000000003,0.16000000000000003
0.95530984,0.044690160000000034,0.394875,0.605125,56.0,160.0,False,876.0,0.0,1.0,10,operational,0.4,0.4,0.4,0.4,28,0.16000000000000003,0.16000000000000003
0.9578947352276866,0.042105264772313356,0.37750000000000006,0.6224999999999999,44.0,160.0,False,876.0,0.0,1.0,01,operational,0.4,0.4,0.4,0.4,28,0.16000000000000003,0.16000000000000003
0.9546681169425512,0.04533188305744884,0.394875,0.605125,56.0,162.0,False,876.0,0.0,1.0,11,operational,0.4,0.4,0.4,0.4,28,0.16000000000000003,0.16000000000000003
0.957963888888889,0.04203611111111105,0.37750000000000006,0.6224999999999999,44.0,160.0,False,876.0,0.0,1.0,00,operational,0.4,0.6,0.4,0.6,28,0.24,0.24
0.9534466002777777,0.04655339972222228,0.4135000000000001,0.5864999999999999,55.0,160.0,False,876.0,0.0,1.0,10,operational,0.4,0.6,0.4,0.6,28,0.24,0.24
0.9578593889165514,0.042140611083448576,0.37750000000000006,0.6224999999999999,44.0,160.0,False,876.0,0.0,1.0,01,operational,0.4,0.6,0.4,0.6,28,0.24,0.24
0.9518493686317507,0.048150631368249264,0.4135000000000001,0.5864999999999999,55.0,165.0,False,876.0,0.0,1.0,11,operational,0.4,0.6,0.4,0.6,28,0.24,0.24
0.957963888888889,0.04203611111111105,0.37750000000000006,0.6224999999999999,44.0,160.0,False,876.0,0.0,1.0,00,operational,0.4,0.8,0.4,0.8,28,0.32000000000000006,0.32000000000000006
0.9516189577777777,0.04838104222222228,0.4255,0.5745,50.0,160.0,False,876.0,0.0,1.0,10,operational,0.4,0.8,0.4,0.8,28,0.32000000000000006,0.32000000000000006
0.9578238755555555,0.04217612444444452,0.37750000000000006,0.6224999999999999,44.0,161.0,False,876.0,0.0,1.0,01,operational,0.4,0.8,0.4,0.8,28,0.32000000000000006,0.32000000000000006
0.913241906093216,0.08675809390678402,0.4255,0.5745,50.0,,True,876.0,1.0,0.9550000000000001,11,operational,0.4,0.8,0.4,0.8,28,0.32000000000000006,0.32000000000000006
0.957963888888889,0.04203611111111105,0.37750000000000006,0.6224999999999999,44.0,160.0,False,876.0,0.0,1.0,00,operational,0.4,1.0,0.4,1.0,28,0.4,0.4
0.9497916833333333,0.0502083166666667,0.4396875,0.5603125,56.0,160.0,False,876.0,0.0,1.0,10,operational,0.4,1.0,0.4,1.0,28,0.4,0.4
0.9577883555555556,0.04221164444444436,0.37750000000000006,0.6224999999999999,44.0,161.0,False,876.0,0.0,1.0,01,operational,0.4,1.0,0.4,1.0,28,0.4,0.4
0.8781864951560444,0.12181350484395559,0.4396875,0.5603125,56.0,,True,876.0,1.0,0.915,11,operational,0.4,1.0,0.4,1.0,28,0.4,0.4
0.957963888888889,0.04203611111111105,0.37750000000000006,0.6224999999999999,44.0,160.0,False,876.0,0.0,1.0,00,operational,0.6,0.2,0.6,0.2,28,0.12,0.12
0.9575399474305555,0.04246005256944452,0.37750000000000006,0.6224999999999999,44.0,160.0,False,876.0,0.0,1.0,10,operational,0.6,0.2,0.6,0.2,28,0.12,0.12
0.9567810837370371,0.043218916262962925,0.37750000000000006,0.6224999999999999,44.0,163.0,False,876.0,0.0,1.0,01,operational,0.6,0.2,0.6,0.2,28,0.12,0.12
0.9562847551422992,0.04371524485770084,0.37750000000000006,0.6224999999999999,44.0,163.0,False,876.0,0.0,1.0,11,operational,0.6,0.2,0.6,0.2,28,0.12,0.12
0.957963888888889,0.04203611111111105,0.37750000000000006,0.6224999999999999,44.0,160.0,False,876.0,0.0,1.0,00,operational,0.6,0.4,0.6,0.4,28,0.24,0.24
0.9554744427777777,0.04452555722222229,0.3808750000000002,0.6191249999999998,56.0,160.0,False,876.0,0.0,1.0,10,operational,0.6,0.4,0.6,0.4,28,0.24,0.24
0.9551123121851852,0.04488768781481478,0.37750000000000006,0.6224999999999999,44.0,168.0,False,876.0,0.0,1.0,01,operational,0.6,0.4,0.6,0.4,28,0.24,0.24
0.9522467620852305,0.047753237914769486,0.3808750000000002,0.6191249999999998,56.0,169.0,False,876.0,0.0,1.0,11,operational,0.6,0.4,0.6,0.4,28,0.24,0.24
0.957963888888889,0.04203611111111105,0.37750000000000006,0.6224999999999999,44.0,160.0,False,876.0,0.0,1.0,00,operational,0.6,0.6,0.6,0.6,28,0.36,0.36
0.9535053516666666,0.04649464833333339,0.39250000000000007,0.6074999999999999,55.0,160.0,False,876.0,0.0,1.0,10,operational,0.6,0.6,0.6,0.6,28,0.36,0.36
0.9521526184301982,0.04784738156980184,0.37750000000000006,0.6224999999999999,44.0,176.0,False,876.0,0.0,1.0,01,operational,0.6,0.6,0.6,0.6,28,0.36,0.36
0.9464343235112928,0.05356567648870725,0.39250000000000007,0.6074999999999999,55.0,178.0,False,876.0,0.0,1.0,11,operational,0.6,0.6,0.6,0.6,28,0.36,0.36
0.957963888888889,0.04203611111111105,0.37750000000000006,0.6224999999999999,44.0,160.0,False,876.0,0.0,1.0,00,operational,0.6,0.8,0.6,0.8,28,0.48,0.48
0.95154483,0.04845516999999999,0.3975000000000001,0.6024999999999999,50.0,160.0,False,876.0,0.0,1.0,10,operational,0.6,0.8,0.6,0.8,28,0.48,0.48
0.9524834414592592,0.04751655854074077,0.37750000000000006,0.6224999999999999,44.0,177.0,False,876.0,0.0,1.0,01,operational,0.6,0.8,0.6,0.8,28,0.48,0.48
0.91535114035907,0.08464885964093005,0.3975000000000001,0.6024999999999999,50.0,,True,876.0,1.0,0.9550000000000001,11,operational,0.6,0.8,0.6,0.8,28,0.48,0.48
0.957963888888889,0.04203611111111105,0.37750000000000006,0.6224999999999999,44.0,160.0,False,876.0,0.0,1.0,00,operational,0.6,1.0,0.6,1.0,28,0.6,0.6
0.9495829472222221,0.05041705277777786,0.4058750000000001,0.5941249999999999,56.0,160.0,False,876.0,0.0,1.0,10,operational,0.6,1.0,0.6,1.0,28,0.6,0.6
0.9534370703703703,0.04656292962962971,0.37750000000000006,0.6224999999999999,44.0,176.0,False,876.0,0.0,1.0,01,operational,0.6,1.0,0.6,1.0,28,0.6,0.6
0.9085447286398888,0.09145527136011122,0.4058750000000001,0.5941249999999999,56.0,,True,876.0,1.0,0.95,11,operational,0.6,1.0,0.6,1.0,28,0.6,0.6
0.957963888888889,0.04203611111111105,0.37750000000000006,0.6224999999999999,44.0,160.0,False,876.0,0.0,1.0,00,operational,0.8,0.2,0.8,0.2,28,0.16000000000000003,0.16000000000000003
0.9568794818634259,0.04312051813657414,0.37750000000000006,0.6224999999999999,44.0,160.0,False,876.0,0.0,1.0,10,operational,0.8,0.2,0.8,0.2,28,0.16000000000000003,0.16000000000000003
0.9560465757446394,0.04395342425536064,0.37750000000000006,0.6224999999999999,44.0,165.0,False,876.0,0.0,1.0,01,operational,0.8,0.2,0.8,0.2,28,0.16000000000000003,0.16000000000000003
0.9546154935040864,0.045384506495913635,0.37750000000000006,0.6224999999999999,44.0,166.0,False,876.0,0.0,1.0,11,operational,0.8,0.2,0.8,0.2,28,0.16000000000000003,0.16000000000000003
0.957963888888889,0.04203611111111105,0.37750000000000006,0.6224999999999999,44.0,160.0,False,876.0,0.0,1.0,00,operational,0.8,0.4,0.8,0.4,28,0.32000000000000006,0.32000000000000006
0.9535340939814815,0.04646590601851852,0.3978750000000001,0.6021249999999999,56.0,160.0,False,876.0,0.0,1.0,10,operational,0.8,0.4,0.8,0.4,28,0.32000000000000006,0.32000000000000006
0.9535333808591379,0.04646661914086214,0.37750000000000006,0.6224999999999999,44.0,172.0,False,876.0,0.0,1.0,01,operational,0.8,0.4,0.8,0.4,28,0.32000000000000006,0.32000000000000006
0.9468916742660571,0.05310832573394286,0.3978750000000001,0.6021249999999999,56.0,178.0,False,876.0,0.0,1.0,11,operational,0.8,0.4,0.8,0.4,28,0.32000000000000006,0.32000000000000006
0.957963888888889,0.04203611111111105,0.37750000000000006,0.6224999999999999,44.0,160.0,False,876.0,0.0,1.0,00,operational,0.8,0.6,0.8,0.6,28,0.48,0.48
0.9502918736111111,0.049708126388888885,0.4253500000000001,0.5746499999999999,55.0,161.0,False,876.0,0.0,1.0,10,operational,0.8,0.6,0.8,0.6,28,0.48,0.48
0.949399600945136,0.05060039905486402,0.37750000000000006,0.6224999999999999,44.0,184.0,False,876.0,0.0,1.0,01,operational,0.8,0.6,0.8,0.6,28,0.48,0.48
0.9349779056347582,0.06502209436524176,0.4253500000000001,0.5746499999999999,55.0,198.0,False,876.0,0.0,1.0,11,operational,0.8,0.6,0.8,0.6,28,0.48,0.48
0.957963888888889,0.04203611111111105,0.37750000000000006,0.6224999999999999,44.0,160.0,False,876.0,0.0,1.0,00,operational,0.8,0.8,0.8,0.8,28,0.6400000000000001,0.6400000000000001
0.9470586277777777,0.05294137222222228,0.4413,0.5587,50.0,161.0,False,876.0,0.0,1.0,10,operational,0.8,0.8,0.8,0.8,28,0.6400000000000001,0.6400000000000001
0.9482112482960473,0.051788751703952696,0.37750000000000006,0.6224999999999999,44.0,190.0,False,876.0,0.0,1.0,01,operational,0.8,0.8,0.8,0.8,28,0.6400000000000001,0.6400000000000001
0.7976791043208922,0.20232089567910783,0.4413,0.5587,50.0,,True,876.0,1.0,0.82,11,operational,0.8,0.8,0.8,0.8,28,0.6400000000000001,0.6400000000000001
0.957963888888889,0.04203611111111105,0.37750000000000006,0.6224999999999999,44.0,160.0,False,876.0,0.0,1.0,00,operational,0.8,1.0,0.8,1.0,28,0.8,0.8
0.9438127638888889,0.056187236111111094,0.46062500000000006,0.5393749999999999,56.0,161.0,False,876.0,0.0,1.0,10,operational,0.8,1.0,0.8,1.0,28,0.8,0.8
0.9482748108796295,0.051725189120370496,0.37750000000000006,0.6224999999999999,44.0,192.0,False,876.0,0.0,1.0,01,operational,0.8,1.0,0.8,1.0,28,0.8,0.8
0.7171263410879991,0.2828736589120009,0.46062500000000006,0.5393749999999999,56.0,,True,876.0,1.0,0.7300000000000001,11,operational,0.8,1.0,0.8,1.0,28,0.8,0.8
0.957963888888889,0.04203611111111105,0.37750000000000006,0.6224999999999999,44.0,160.0,False,876.0,0.0,1.0,00,operational,1.0,0.2,1.0,0.2,28,0.2,0.2
0.9568762499189815,0.04312375008101854,0.37750000000000006,0.6224999999999999,44.0,160.0,False,876.0,0.0,1.0,10,operational,1.0,0.2,1.0,0.2,28,0.2,0.2
0.9559672539359724,0.04403274606402763,0.37750000000000006,0.6224999999999999,44.0,166.0,False,876.0,0.0,1.0,01,operational,1.0,0.2,1.0,0.2,28,0.2,0.2
0.9544843507061003,0.04551564929389973,0.37750000000000006,0.6224999999999999,44.0,167.0,False,876.0,0.0,1.0,11,operational,1.0,0.2,1.0,0.2,28,0.2,0.2
0.957963888888889,0.04203611111111105,0.37750000000000006,0.6224999999999999,44.0,160.0,False,876.0,0.0,1.0,00,operational,1.0,0.4,1.0,0.4,28,0.4,0.4
0.9531882673148148,0.04681173268518524,0.3978750000000001,0.6021249999999999,56.0,160.0,False,876.0,0.0,1.0,10,operational,1.0,0.4,1.0,0.4,28,0.4,0.4
0.9533499921265938,0.04665000787340623,0.37750000000000006,0.6224999999999999,44.0,173.0,False,876.0,0.0,1.0,01,operational,1.0,0.4,1.0,0.4,28,0.4,0.4
0.9461068148293849,0.05389318517061514,0.3978750000000001,0.6021249999999999,56.0,179.0,False,876.0,0.0,1.0,11,operational,1.0,0.4,1.0,0.4,28,0.4,0.4
0.957963888888889,0.04203611111111105,0.37750000000000006,0.6224999999999999,44.0,160.0,False,876.0,0.0,1.0,00,operational,1.0,0.6,1.0,0.6,28,0.6,0.6
0.9496564183333333,0.05034358166666675,0.4253500000000001,0.5746499999999999,55.0,161.0,False,876.0,0.0,1.0,10,operational,1.0,0.6,1.0,0.6,28,0.6,0.6
0.9491105994786383,0.050889400521361705,0.37750000000000006,0.6224999999999999,44.0,185.0,False,876.0,0.0,1.0,01,operational,1.0,0.6,1.0,0.6,28,0.6,0.6
0.9333728383094768,0.06662716169052318,0.4253500000000001,0.5746499999999999,55.0,201.0,False,876.0,0.0,1.0,11,operational,1.0,0.6,1.0,0.6,28,0.6,0.6
0.957963888888889,0.04203611111111105,0.37750000000000006,0.6224999999999999,44.0,160.0,False,876.0,0.0,1.0,00,operational,1.0,0.8,1.0,0.8,28,0.8,0.8
0.9461511966666667,0.053848803333333306,0.4413,0.5587,50.0,161.0,False,876.0,0.0,1.0,10,operational,1.0,0.8,1.0,0.8,28,0.8,0.8
0.9478180254348584,0.05218197456514162,0.37750000000000006,0.6224999999999999,44.0,192.0,False,876.0,0.0,1.0,01,operational,1.0,0.8,1.0,0.8,28,0.8,0.8
0.7957794008565743,0.20422059914342572,0.4413,0.5587,50.0,,True,876.0,1.0,0.82,11,operational,1.0,0.8,1.0,0.8,28,0.8,0.8
0.957963888888889,0.04203611111111105,0.37750000000000006,0.6224999999999999,44.0,160.0,False,876.0,0.0,1.0,00,operational,1.0,1.0,1.0,1.0,28,1.0,1.0
0.9426391694444445,0.05736083055555552,0.46062500000000006,0.5393749999999999,56.0,161.0,False,876.0,0.0,1.0,10,operational,1.0,1.0,1.0,1.0,28,1.0,1.0
0.9477206712962963,0.052279328703703665,0.37750000000000006,0.6224999999999999,44.0,195.0,False,876.0,0.0,1.0,01,operational,1.0,1.0,1.0,1.0,28,1.0,1.0
0.6852531219442279,0.31474687805577206,0.46062500000000006,0.5393749999999999,56.0,,True,876.0,1.0,0.6950000000000001,11,operational,1.0,1.0,1.0,1.0,28,1.0,1.0
0.9566066666666666,0.043393333333333395,0.36250000000000004,0.6375,42.0,167.0,False,876.0,0.0,1.0,00,operational,0.2,0.2,0.2,0.2,29,0.04000000000000001,0.04000000000000001
0.9563097423148148,0.043690257685185196,0.36250000000000004,0.6375,42.0,167.0,False,876.0,0.0,1.0,10,operational,0.2,0.2,0.2,0.2,29,0.04000000000000001,0.04000000000000001
0.9565794266666666,0.04342057333333338,0.36250000000000004,0.6375,42.0,167.0,False,876.0,0.0,1.0,01,operational,0.2,0.2,0.2,0.2,29,0.04000000000000001,0.04000000000000001
0.9562794662815477,0.043720533718452304,0.36250000000000004,0.6375,42.0,167.0,False,876.0,0.0,1.0,11,operational,0.2,0.2,0.2,0.2,29,0.04000000000000001,0.04000000000000001
0.9566066666666666,0.043393333333333395,0.36250000000000004,0.6375,42.0,167.0,False,876.0,0.0,1.0,00,operational,0.2,0.4,0.2,0.4,29,0.08000000000000002,0.08000000000000002
0.95551628,0.044483720000000004,0.36287500000000006,0.6371249999999999,56.0,167.0,False,876.0,0.0,1.0,10,operational,0.2,0.4,0.2,0.4,29,0.08000000000000002,0.08000000000000002
0.9565521866666666,0.04344781333333336,0.36250000000000004,0.6375,42.0,167.0,False,876.0,0.0,1.0,01,operational,0.2,0.4,0.2,0.4,29,0.08000000000000002,0.08000000000000002
0.9554421959367677,0.04455780406323229,0.36287500000000006,0.6371249999999999,56.0,167.0,False,876.0,0.0,1.0,11,operational,0.2,0.4,0.2,0.4,29,0.08000000000000002,0.08000000000000002
0.9566066666666666,0.043393333333333395,0.36250000000000004,0.6375,42.0,167.0,False,876.0,0.0,1.0,00,operational,0.2,0.6,0.2,0.6,29,0.12,0.12
0.9547488644444444,0.0452511355555556,0.373,0.627,55.0,167.0,False,876.0,0.0,1.0,10,operational,0.2,0.6,0.2,0.6,29,0.12,0.12
0.9565241924204702,0.043475807579529846,0.36250000000000004,0.6375,42.0,167.0,False,876.0,0.0,1.0,01,operational,0.2,0.6,0.2,0.6,29,0.12,0.12
0.9546170584564487,0.04538294154355127,0.373,0.627,55.0,168.0,False,876.0,0.0,1.0,11,operational,0.2,0.6,0.2,0.6,29,0.12,0.12
0.9566066666666666,0.043393333333333395,0.36250000000000004,0.6375,42.0,167.0,False,876.0,0.0,1.0,00,operational,0.2,0.8,0.2,0.8,29,0.16000000000000003,0.16000000000000003
0.9539814488888889,0.04601855111111108,0.37649999999999995,0.6235,50.0,167.0,False,876.0,0.0,1.0,10,operational,0.2,0.8,0.2,0.8,29,0.16000000000000003,0.16000000000000003
0.9564959676190475,0.04350403238095246,0.36250000000000004,0.6375,42.0,168.0,False,876.0,0.0,1.0,01,operational,0.2,0.8,0.2,0.8,29,0.16000000000000003,0.16000000000000003
0.9538017798187357,0.04619822018126429,0.37649999999999995,0.6235,50.0,168.0,False,876.0,0.0,1.0,11,operational,0.2,0.8,0.2,0.8,29,0.16000000000000003,0.16000000000000003
0.9566066666666666,0.043393333333333395,0.36250000000000004,0.6375,42.0,167.0,False,876.0,0.0,1.0,00,operational,0.2,1.0,0.2,1.0,29,0.2,0.2
0.9532140333333334,0.04678596666666657,0.38087499999999996,0.619125,56.0,167.0,False,876.0,0.0,1.0,10,operational,0.2,1.0,0.2,1.0,29,0.2,0.2
0.9564677333333333,0.04353226666666665,0.36250000000000004,0.6375,42.0,168.0,False,876.0,0.0,1.0,01,operational,0.2,1.0,0.2,1.0,29,0.2,0.2
0.9529504705109981,0.04704952948900187,0.38087499999999996,0.619125,56.0,169.0,False,876.0,0.0,1.0,11,operational,0.2,1.0,0.2,1.0,29,0.2,0.2
0.9566066666666666,0.043393333333333395,0.36250000000000004,0.6375,42.0,167.0,False,876.0,0.0,1.0,00,operational,0.4,0.2,0.4,0.2,29,0.08000000000000002,0.08000000000000002
0.9560937992013888,0.043906200798611184,0.36250000000000004,0.6375,42.0,167.0,False,876.0,0.0,1.0,10,operational,0.4,0.2,0.4,0.2,29,0.08000000000000002,0.08000000000000002
0.9562969513609612,0.043703048639038844,0.36250000000000004,0.6375,42.0,168.0,False,876.0,0.0,1.0,01,operational,0.4,0.2,0.4,0.2,29,0.08000000000000002,0.08000000000000002
0.9557244542010995,0.04427554579890047,0.36250000000000004,0.6375,42.0,168.0,False,876.0,0.0,1.0,11,operational,0.4,0.2,0.4,0.2,29,0.08000000000000002,0.08000000000000002
0.9566066666666666,0.043393333333333395,0.36250000000000004,0.6375,42.0,167.0,False,876.0,0.0,1.0,00,operational,0.4,0.4,0.4,0.4,29,0.16000000000000003,0.16000000000000003
0.9546975100925926,0.04530248990740737,0.36250000000000004,0.6375,42.0,167.0,False,876.0,0.0,1.0,10,operational,0.4,0.4,0.4,0.4,29,0.16000000000000003,0.16000000000000003
0.9559560176578628,0.044043982342137245,0.36250000000000004,0.6375,42.0,169.0,False,876.0,0.0,1.0,01,operational,0.4,0.4,0.4,0.4,29,0.16000000000000003,0.16000000000000003
0.9537306730701887,0.04626932692981134,0.36250000000000004,0.6375,42.0,171.0,False,876.0,0.0,1.0,11,operational,0.4,0.4,0.4,0.4,29,0.16000000000000003,0.16000000000000003
0.9566066666666666,0.043393333333333395,0.36250000000000004,0.6375,42.0,167.0,False,876.0,0.0,1.0,00,operational,0.4,0.6,0.4,0.6,29,0.24,0.24
0.9533904422222222,0.046609557777777755,0.3698499999999999,0.6301500000000001,56.0,167.0,False,876.0,0.0,1.0,10,operational,0.4,0.6,0.4,0.6,29,0.24,0.24
0.9555389891466113,0.044461010853388716,0.36250000000000004,0.6375,42.0,171.0,False,876.0,0.0,1.0,01,operational,0.4,0.6,0.4,0.6,29,0.24,0.24
0.9515752854078601,0.04842471459213993,0.3698499999999999,0.6301500000000001,56.0,174.0,False,876.0,0.0,1.0,11,operational,0.4,0.6,0.4,0.6,29,0.24,0.24
0.9566066666666666,0.043393333333333395,0.36250000000000004,0.6375,42.0,167.0,False,876.0,0.0,1.0,00,operational,0.4,0.8,0.4,0.8,29,0.32000000000000006,0.32000000000000006
0.9520947493518519,0.0479052506481481,0.37229999999999996,0.6277,51.0,167.0,False,876.0,0.0,1.0,10,operational,0.4,0.8,0.4,0.8,29,0.32000000000000006,0.32000000000000006
0.955179291319639,0.04482070868036103,0.36250000000000004,0.6375,42.0,173.0,False,876.0,0.0,1.0,01,operational,0.4,0.8,0.4,0.8,29,0.32000000000000006,0.32000000000000006
0.9488549263468242,0.05114507365317578,0.37229999999999996,0.6277,51.0,179.0,False,876.0,0.0,1.0,11,operational,0.4,0.8,0.4,0.8,29,0.32000000000000006,0.32000000000000006
0.9566066666666666,0.043393333333333395,0.36250000000000004,0.6375,42.0,167.0,False,876.0,0.0,1.0,00,operational,0.4,1.0,0.4,1.0,29,0.4,0.4
0.9508017873842594,0.049198212615740644,0.37687499999999996,0.623125,56.0,167.0,False,876.0,0.0,1.0,10,operational,0.4,1.0,0.4,1.0,29,0.4,0.4
0.9546587872685185,0.045341212731481506,0.36250000000000004,0.6375,42.0,175.0,False,876.0,0.0,1.0,01,operational,0.4,1.0,0.4,1.0,29,0.4,0.4
0.892243322202662,0.107756677797338,0.37687499999999996,0.623125,56.0,,True,876.0,1.0,0.93,11,operational,0.4,1.0,0.4,1.0,29,0.4,0.4
0.9566066666666666,0.043393333333333395,0.36250000000000004,0.6375,42.0,167.0,False,876.0,0.0,1.0,00,operational,0.6,0.2,0.6,0.2,29,0.12,0.12
0.9557759007060185,0.04422409929398152,0.36250000000000004,0.6375,42.0,167.0,False,876.0,0.0,1.0,10,operational,0.6,0.2,0.6,0.2,29,0.12,0.12
0.9563001821391888,0.04369981786081123,0.36250000000000004,0.6375,42.0,168.0,False,876.0,0.0,1.0,01,operational,0.6,0.2,0.6,0.2,29,0.12,0.12
0.9553756995128115,0.04462430048718846,0.36250000000000004,0.6375,42.0,168.0,False,876.0,0.0,1.0,11,operational,0.6,0.2,0.6,0.2,29,0.12,0.12
0.9566066666666666,0.043393333333333395,0.36250000000000004,0.6375,42.0,167.0,False,876.0,0.0,1.0,00,operational,0.6,0.4,0.6,0.4,29,0.24,0.24
0.9537024600925926,0.04629753990740737,0.36250000000000004,0.6375,42.0,167.0,False,876.0,0.0,1.0,10,operational,0.6,0.4,0.6,0.4,29,0.24,0.24
0.9559626155522162,0.04403738444778382,0.36250000000000004,0.6375,42.0,169.0,False,876.0,0.0,1.0,01,operational,0.6,0.4,0.6,0.4,29,0.24,0.24
0.952577451580066,0.047422548419933985,0.36250000000000004,0.6375,42.0,171.0,False,876.0,0.0,1.0,11,operational,0.6,0.4,0.6,0.4,29,0.24,0.24
0.9566066666666666,0.043393333333333395,0.36250000000000004,0.6375,42.0,167.0,False,876.0,0.0,1.0,00,operational,0.6,0.6,0.6,0.6,29,0.36,0.36
0.9517100616666667,0.04828993833333328,0.38034999999999997,0.61965,56.0,167.0,False,876.0,0.0,1.0,10,operational,0.6,0.6,0.6,0.6,29,0.36,0.36
0.9555486361620562,0.04445136383794379,0.36250000000000004,0.6375,42.0,171.0,False,876.0,0.0,1.0,01,operational,0.6,0.6,0.6,0.6,29,0.36,0.36
0.9494896800414346,0.050510319958565364,0.38034999999999997,0.61965,56.0,175.0,False,876.0,0.0,1.0,11,operational,0.6,0.6,0.6,0.6,29,0.36,0.36
0.9566066666666666,0.043393333333333395,0.36250000000000004,0.6375,42.0,167.0,False,876.0,0.0,1.0,00,operational,0.6,0.8,0.6,0.8,29,0.48,0.48
0.9497341215740741,0.05026587842592589,0.3863,0.6137,51.0,167.0,False,876.0,0.0,1.0,10,operational,0.6,0.8,0.6,0.8,29,0.48,0.48
0.9551941627139745,0.044805837286025496,0.36250000000000004,0.6375,42.0,173.0,False,876.0,0.0,1.0,01,operational,0.6,0.8,0.6,0.8,29,0.48,0.48
0.9456448251517855,0.054355174848214505,0.3863,0.6137,51.0,181.0,False,876.0,0.0,1.0,11,operational,0.6,0.8,0.6,0.8,29,0.48,0.48
0.9566066666666666,0.043393333333333395,0.36250000000000004,0.6375,42.0,167.0,False,876.0,0.0,1.0,00,operational,0.6,1.0,0.6,1.0,29,0.6,0.6
0.9477658984953703,0.052234101504629704,0.3937187499999999,0.6062812500000001,56.0,167.0,False,876.0,0.0,1.0,10,operational,0.6,1.0,0.6,1.0,29,0.6,0.6
0.9546755840967297,0.0453244159032703,0.36250000000000004,0.6375,42.0,175.0,False,876.0,0.0,1.0,01,operational,0.6,1.0,0.6,1.0,29,0.6,0.6
0.8602859344956884,0.13971406550431165,0.3937187499999999,0.6062812500000001,56.0,,True,876.0,1.0,0.8949999999999999,11,operational,0.6,1.0,0.6,1.0,29,0.6,0.6
0.9566066666666666,0.043393333333333395,0.36250000000000004,0.6375,42.0,167.0,False,876.0,0.0,1.0,00,operational,0.8,0.2,0.8,0.2,29,0.16000000000000003,0.16000000000000003
0.955337856412037,0.044662143587963055,0.36250000000000004,0.6375,42.0,167.0,False,876.0,0.0,1.0,10,operational,0.8,0.2,0.8,0.2,29,0.16000000000000003,0.16000000000000003
0.9551311016763889,0.04486889832361107,0.36250000000000004,0.6375,42.0,171.0,False,876.0,0.0,1.0,01,operational,0.8,0.2,0.8,0.2,29,0.16000000000000003,0.16000000000000003
0.953534763681712,0.04646523631828803,0.36250000000000004,0.6375,42.0,172.0,False,876.0,0.0,1.0,11,operational,0.8,0.2,0.8,0.2,29,0.16000000000000003,0.16000000000000003
0.9566066666666666,0.043393333333333395,0.36250000000000004,0.6375,42.0,167.0,False,876.0,0.0,1.0,00,operational,0.8,0.4,0.8,0.4,29,0.32000000000000006,0.32000000000000006
0.9523436255555555,0.04765637444444448,0.36987500000000006,0.6301249999999999,56.0,167.0,False,876.0,0.0,1.0,10,operational,0.8,0.4,0.8,0.4,29,0.32000000000000006,0.32000000000000006
0.9531401722449909,0.046859827755009076,0.36250000000000004,0.6375,42.0,177.0,False,876.0,0.0,1.0,01,operational,0.8,0.4,0.8,0.4,29,0.32000000000000006,0.32000000000000006
0.9473299669925561,0.052670033007443884,0.36987500000000006,0.6301249999999999,56.0,181.0,False,876.0,0.0,1.0,11,operational,0.8,0.4,0.8,0.4,29,0.32000000000000006,0.32000000000000006
0.9566066666666666,0.043393333333333395,0.36250000000000004,0.6375,42.0,167.0,False,876.0,0.0,1.0,00,operational,0.8,0.6,0.8,0.6,29,0.48,0.48
0.9493904522222223,0.05060954777777771,0.4013500000000001,0.5986499999999999,56.0,168.0,False,876.0,0.0,1.0,10,operational,0.8,0.6,0.8,0.6,29,0.48,0.48
0.9498758281207161,0.05012417187928386,0.36250000000000004,0.6375,42.0,187.0,False,876.0,0.0,1.0,01,operational,0.8,0.6,0.8,0.6,29,0.48,0.48
0.938045665662588,0.06195433433741204,0.4013500000000001,0.5986499999999999,56.0,198.0,False,876.0,0.0,1.0,11,operational,0.8,0.6,0.8,0.6,29,0.48,0.48
0.9566066666666666,0.043393333333333395,0.36250000000000004,0.6375,42.0,167.0,False,876.0,0.0,1.0,00,operational,0.8,0.8,0.8,0.8,29,0.6400000000000001,0.6400000000000001
0.94644464,0.05355536000000005,0.4142999999999999,0.5857000000000001,51.0,168.0,False,876.0,0.0,1.0,10,operational,0.8,0.8,0.8,0.8,29,0.6400000000000001,0.6400000000000001
0.9495310611437908,0.05046893885620918,0.36250000000000004,0.6375,42.0,191.0,False,876.0,0.0,1.0,01,operational,0.8,0.8,0.8,0.8,29,0.6400000000000001,0.6400000000000001
0.8341983300360781,0.16580166996392187,0.4142999999999999,0.5857000000000001,51.0,,True,876.0,1.0,0.865,11,operational,0.8,0.8,0.8,0.8,29,0.6400000000000001,0.6400000000000001
0.9566066666666666,0.043393333333333395,0.36250000000000004,0.6375,42.0,167.0,False,876.0,0.0,1.0,00,operational,0.8,1.0,0.8,1.0,29,0.8,0.8
0.9434872583333334,0.056512741666666644,0.43040625,0.56959375,56.0,168.0,False,876.0,0.0,1.0,10,operational,0.8,1.0,0.8,1.0,29,0.8,0.8
0.9495027305555555,0.05049726944444455,0.36250000000000004,0.6375,42.0,192.0,False,876.0,0.0,1.0,01,operational,0.8,1.0,0.8,1.0,29,0.8,0.8
0.7303055179239923,0.26969448207600766,0.43040625,0.56959375,56.0,,True,876.0,1.0,0.7450000000000001,11,operational,0.8,1.0,0.8,1.0,29,0.8,0.8
0.9566066666666666,0.043393333333333395,0.36250000000000004,0.6375,42.0,167.0,False,876.0,0.0,1.0,00,operational,1.0,0.2,1.0,0.2,29,0.2,0.2
0.9551364505208334,0.0448635494791666,0.36250000000000004,0.6375,42.0,167.0,False,876.0,0.0,1.0,10,operational,1.0,0.2,1.0,0.2,29,0.2,0.2
0.9551050118630556,0.04489498813694437,0.36250000000000004,0.6375,42.0,171.0,False,876.0,0.0,1.0,01,operational,1.0,0.2,1.0,0.2,29,0.2,0.2
0.9532398816337702,0.04676011836622984,0.36250000000000004,0.6375,42.0,173.0,False,876.0,0.0,1.0,11,operational,1.0,0.2,1.0,0.2,29,0.2,0.2
0.9566066666666666,0.043393333333333395,0.36250000000000004,0.6375,42.0,167.0,False,876.0,0.0,1.0,00,operational,1.0,0.4,1.0,0.4,29,0.4,0.4
0.9515496356481481,0.048450364351851904,0.36987500000000006,0.6301249999999999,56.0,167.0,False,876.0,0.0,1.0,10,operational,1.0,0.4,1.0,0.4,29,0.4,0.4
0.9530867691165756,0.04691323088342436,0.36250000000000004,0.6375,42.0,178.0,False,876.0,0.0,1.0,01,operational,1.0,0.4,1.0,0.4,29,0.4,0.4
0.9461825555885696,0.05381744441143044,0.36987500000000006,0.6301249999999999,56.0,183.0,False,876.0,0.0,1.0,11,operational,1.0,0.4,1.0,0.4,29,0.4,0.4
0.9566066666666666,0.043393333333333395,0.36250000000000004,0.6375,42.0,167.0,False,876.0,0.0,1.0,00,operational,1.0,0.6,1.0,0.6,29,0.6,0.6
0.9480702833333334,0.05192971666666657,0.4013500000000001,0.5986499999999999,56.0,168.0,False,876.0,0.0,1.0,10,operational,1.0,0.6,1.0,0.6,29,0.6,0.6
0.9497927059407562,0.050207294059243845,0.36250000000000004,0.6375,42.0,188.0,False,876.0,0.0,1.0,01,operational,1.0,0.6,1.0,0.6,29,0.6,0.6
0.9358149629652378,0.0641850370347622,0.4013500000000001,0.5986499999999999,56.0,200.0,False,876.0,0.0,1.0,11,operational,1.0,0.6,1.0,0.6,29,0.6,0.6
0.9566066666666666,0.043393333333333395,0.36250000000000004,0.6375,42.0,167.0,False,876.0,0.0,1.0,00,operational,1.0,0.8,1.0,0.8,29,0.8,0.8
0.944614750462963,0.05538524953703705,0.4142999999999999,0.5857000000000001,51.0,168.0,False,876.0,0.0,1.0,10,operational,1.0,0.8,1.0,0.8,29,0.8,0.8
0.9494207924120759,0.05057920758792411,0.36250000000000004,0.6375,42.0,191.0,False,876.0,0.0,1.0,01,operational,1.0,0.8,1.0,0.8,29,0.8,0.8
0.8316574234580746,0.16834257654192541,0.4142999999999999,0.5857000000000001,51.0,,True,876.0,1.0,0.865,11,operational,1.0,0.8,1.0,0.8,29,0.8,0.8
0.9566066666666666,0.043393333333333395,0.36250000000000004,0.6375,42.0,167.0,False,876.0,0.0,1.0,00,operational,1.0,1.0,1.0,1.0,29,1.0,1.0
0.941155365162037,0.058844634837962984,0.4306249999999999,0.5693750000000001,56.0,168.0,False,876.0,0.0,1.0,10,operational,1.0,1.0,1.0,1.0,29,1.0,1.0
0.9493618777777778,0.05063812222222219,0.36250000000000004,0.6375,42.0,193.0,False,876.0,0.0,1.0,01,operational,1.0,1.0,1.0,1.0,29,1.0,1.0
0.6983486082937967,0.30165139170620325,0.4306249999999999,0.5693750000000001,56.0,,True,876.0,1.0,0.7100000000000002,11,operational,1.0,1.0,1.0,1.0,29,1.0,1.0
