replication,loss__delta_prop,loss__delta_rec,loss__total,loss__delta_int,Lambda__delta_prop,Lambda__delta_rec,Lambda__total,Lambda__delta_int,T_rec__delta_prop,T_rec__delta_rec,T_rec__total,T_rec__delta_int,T_rec_bounded__delta_prop,T_rec_bounded__delta_rec,T_rec_bounded__total,T_rec_bounded__delta_int,lock_in__delta_prop,lock_in__delta_rec,lock_in__total,lock_in__delta_int,any_censored
0,0.0227725232171629,0.0006270767384781023,0.023796577200084906,0.00039697724444390237,0.111151260257432,0.0,0.111151260257432,0.0,0.0,20.0,20.0,0.0,0.0,20.0,20.0,0.0,0.0,0.0,0.0,0.0,False
1,0.011826852314069325,0.07179290498010343,0.08986933084517951,0.0062495735510067485,0.030294646614636433,0.0,0.030294646614636433,0.0,0.0,940.0,940.0,0.0,0.0,940.0,940.0,0.0,0.0,0.0,0.0,0.0,False
2,0.005811801906537392,0.0016226901238464986,0.0079218884648172,0.0004873964344333098,0.027335528970504397,0.0,0.027335528970504397,0.0,0.0,40.0,40.0,0.0,0.0,40.0,40.0,0.0,0.0,0.0,0.0,0.0,False
3,0.006548397475135796,0.0003405102479622016,0.007289080425358099,0.0004001727022601015,0.06543230670506839,0.0,0.06543230670506839,0.0,0.0,20.0,30.0,10.0,0.0,20.0,30.0,10.0,0.0,0.0,0.0,0.0,False
4,0.011449246732589596,0.021724301788411615,0.0378866167762604,0.00471306825525919,0.033053404886181914,0.0,0.033053404886181914,0.0,0.0,470.0,470.0,0.0,0.0,470.0,470.0,0.0,0.0,0.0,0.0,0.0,False
5,0.0008733541707754006,0.00010899741521590116,0.0010138241479142,3.147256192289824e-05,0.01046553394419851,0.0,0.01046553394419851,0.0,0.0,10.0,10.0,0.0,0.0,10.0,10.0,0.0,0.0,0.0,0.0,0.0,False
6,0.007086068541417606,0.013233466702649799,0.021757082341208517,0.001437547097141112,0.016947970994683592,0.0,0.016947970994683592,0.0,0.0,250.0,250.0,0.0,0.0,250.0,250.0,0.0,0.0,0.0,0.0,0.0,False
7,0.0138025803346183,0.0030810409960730922,0.017944303000706,0.0010606816700146071,0.2602299586430675,0.0,0.2602299586430675,0.0,0.0,70.0,70.0,0.0,0.0,70.0,70.0,0.0,0.0,0.0,0.0,0.0,False
8,0.001976401436749098,0.016853361682572898,0.019691756723685297,0.0008619936043633009,0.01871788623615661,0.0,0.01871788623615661,0.0,0.0,350.0,350.0,0.0,0.0,350.0,350.0,0.0,0.0,0.0,0.0,0.0,False
9,0.0012107444931864011,0.0005208048278892985,0.0017723876093274984,4.0838288251798804e-05,0.024829680970282375,0.0,0.024829680970282375,0.0,0.0,30.0,30.0,0.0,0.0,30.0,30.0,0.0,0.0,0.0,0.0,0.0,False
10,0.003824271554348606,0.0013382576113839043,0.0055663182956079,0.00040378912987538984,0.06476944274042129,0.0,0.06476944274042129,0.0,0.0,50.0,50.0,0.0,0.0,50.0,50.0,0.0,0.0,0.0,0.0,0.0,False
11,0.015346987729094513,0.05665241733572268,0.07683642837971338,0.004837023314896188,0.02226022133444605,0.0,0.02226022133444605,0.0,0.0,740.0,740.0,0.0,0.0,740.0,740.0,0.0,0.0,0.0,0.0,0.0,False
12,0.016037515456374912,0.027652500677413816,0.04882815165769511,0.005138135523906379,0.04295247605608421,0.0,0.04295247605608421,0.0,0.0,440.0,440.0,0.0,0.0,440.0,440.0,0.0,0.0,0.0,0.0,0.0,False
13,0.0031830595363721015,0.0001676206976413963,0.0033506802142583975,-1.9755100333362918e-11,0.04969183757230211,0.0,0.04969183757230211,0.0,0.0,30.0,30.0,0.0,0.0,30.0,30.0,0.0,0.0,0.0,0.0,0.0,False
14,0.003850487035864797,0.0025405065638797047,0.0069991777227980945,0.0006081841230535928,0.034613652417760266,0.0,0.034613652417760266,0.0,0.0,70.0,70.0,0.0,0.0,70.0,70.0,0.0,0.0,0.0,0.0,0.0,False
15,0.005389625301905794,0.003123729509777802,0.008893795822803204,0.00038044101111960743,0.0425653537034405,0.0,0.0425653537034405,0.0,0.0,90.0,90.0,0.0,0.0,90.0,90.0,0.0,0.0,0.0,0.0,0.0,False
16,0.030965631863061893,0.03532172752752166,0.07244188159096387,0.006154522200380319,0.05890169352835117,0.0,0.05890169352835117,0.0,0.0,460.0,460.0,0.0,0.0,460.0,460.0,0.0,0.0,0.0,0.0,0.0,False
17,0.0028519652317377936,0.011706305654342997,0.015142003193325898,0.0005837323072451078,0.0051672366261765745,0.0,0.0051672366261765745,0.0,0.0,190.0,190.0,0.0,0.0,190.0,190.0,0.0,0.0,0.0,0.0,0.0,False
18,0.009910989242179188,0.0037298858183182904,0.0153682396245622,0.0017273645640647206,0.04369386397858177,0.0,0.04369386397858177,0.0,0.0,100.0,100.0,0.0,0.0,100.0,100.0,0.0,0.0,0.0,0.0,0.0,False
19,0.01584250953328098,0.08829880724587968,0.11135731797712017,0.0072160011979595096,0.030333841017134433,0.0,0.030333841017134433,0.0,0.0,1010.0,1010.0,0.0,0.0,1010.0,1010.0,0.0,0.0,0.0,0.0,0.0,False
20,0.00950483616337211,0.016918935101494115,0.028361127106671713,0.0019373558418054881,0.03267278769866855,0.0,0.03267278769866855,0.0,0.0,280.0,280.0,0.0,0.0,280.0,280.0,0.0,0.0,0.0,0.0,0.0,False
21,0.003833643816870097,0.019284203507000497,0.024455997133928098,0.001338149810057504,0.014912099311150784,0.0,0.014912099311150784,0.0,0.0,290.0,290.0,0.0,0.0,290.0,290.0,0.0,0.0,0.0,0.0,0.0,False
22,0.0085309981399872,0.0037108222029538923,0.013000752714516992,0.0007589323715758989,0.0747979204706064,0.0,0.0747979204706064,0.0,0.0,90.0,90.0,0.0,0.0,90.0,90.0,0.0,0.0,0.0,0.0,0.0,False
23,0.0016003334290466964,0.003074020349672392,0.00536592931758139,0.0006915755388623018,0.02859708099342695,0.0,0.02859708099342706,1.1102230246251565e-16,0.0,80.0,80.0,0.0,0.0,80.0,80.0,0.0,0.0,0.0,0.0,0.0,False
24,0.008986312724362011,0.020054226195232117,0.031863736216265204,0.002823197296671076,0.06234216900988021,0.0,0.06234216900988021,0.0,0.0,260.0,270.0,10.0,0.0,260.0,270.0,10.0,0.0,0.0,0.0,0.0,False
25,0.0006796163470630945,0.00020232120158349132,0.0008819375486465997,1.3877787807814457e-17,0.004494254518676577,0.0,0.004494254518676577,0.0,0.0,60.0,60.0,0.0,0.0,60.0,60.0,0.0,0.0,0.0,0.0,0.0,False
26,0.008290042012270897,0.007587721919716996,0.0197437031236012,0.0038659391916133073,0.0948637479473744,0.0,0.0948637479473744,0.0,0.0,220.0,220.0,0.0,0.0,220.0,220.0,0.0,0.0,0.0,0.0,0.0,False
27,0.0037225154918699016,0.007849782448894796,0.011831066330524595,0.00025876838975989747,0.029936349614502866,0.0,0.029936349614502866,0.0,0.0,140.0,140.0,0.0,0.0,140.0,140.0,0.0,0.0,0.0,0.0,0.0,False
28,0.010630403094956303,0.032925903489507496,0.048644558166834384,0.005088251582370584,0.03393278310906711,0.0,0.03393278310906711,0.0,0.0,500.0,500.0,0.0,0.0,500.0,500.0,0.0,0.0,0.0,0.0,0.0,False
29,0.0008165472919695049,0.0008379491249543985,0.0016937512742279948,3.9254857304091284e-05,1.2703441657935244e-05,0.0,1.2703441657935244e-05,0.0,0.0,40.0,40.0,0.0,0.0,40.0,40.0,0.0,0.0,0.0,0.0,0.0,False
30,0.0234320855899377,0.04815624733781709,0.07684653992413903,0.00525820699638424,0.06934282684097914,0.0,0.06934282684097914,0.0,0.0,540.0,540.0,0.0,0.0,540.0,540.0,0.0,0.0,0.0,0.0,0.0,False
31,0.009179580492696099,0.0230791345478214,0.03419035251052718,0.0019316374700096839,0.042413014925521075,0.0,0.042413014925521075,0.0,0.0,320.0,320.0,0.0,0.0,320.0,320.0,0.0,0.0,0.0,0.0,0.0,False
32,0.009801154592998407,0.012959245235206224,0.02540437668187831,0.0026439768536736796,0.05002436768384522,0.0,0.05002436768384522,0.0,0.0,200.0,210.0,10.0,0.0,200.0,210.0,10.0,0.0,0.0,0.0,0.0,False
33,0.0082160671527364,0.04291374754599761,0.054021584172111003,0.0028917694733769927,0.03210223946337165,0.0,0.03210223946337165,0.0,0.0,490.0,490.0,0.0,0.0,490.0,490.0,0.0,0.0,0.0,0.0,0.0,False
34,0.007596561538398688,0.023430430555546694,0.03289844795308011,0.0018714558591347297,0.0192517886708391,0.0,0.0192517886708391,0.0,0.0,300.0,300.0,0.0,0.0,300.0,300.0,0.0,0.0,0.0,0.0,0.0,False
35,0.008778488531982598,0.04588819243007761,0.05707627023703249,0.0024095892749722847,0.024839556449574474,0.0,0.024839556449574474,0.0,0.0,570.0,570.0,0.0,0.0,570.0,570.0,0.0,0.0,0.0,0.0,0.0,False
36,0.0033002198608409056,0.004436309195555502,0.0084770191631173,0.0007404901067208924,0.036079456400404,0.0,0.036079456400404,0.0,0.0,110.0,110.0,0.0,0.0,110.0,110.0,0.0,0.0,0.0,0.0,0.0,False
37,0.0017782476414174991,0.004633798306285297,0.006847904869237094,0.00043585892153429756,0.007595187760479405,0.0,0.007595187760479405,0.0,0.0,120.0,120.0,0.0,0.0,120.0,120.0,0.0,0.0,0.0,0.0,0.0,False
38,0.006912004810525396,0.019789759918296873,0.027716933934997107,0.0010151692061748374,0.005643182805158409,0.0,0.005643182805158409,0.0,0.0,280.0,280.0,0.0,0.0,280.0,280.0,0.0,0.0,0.0,0.0,0.0,False
39,0.0102742441980362,0.006226740868934905,0.017860998071982007,0.0013600130050109016,0.048977401996710024,0.0,0.048977401996710024,0.0,0.0,170.0,170.0,0.0,0.0,170.0,170.0,0.0,0.0,0.0,0.0,0.0,False
40,0.002771206198421597,1.8314584684202273e-05,0.002820996988986503,3.147620588070388e-05,0.023561861413974317,0.0,0.023561861413974317,0.0,0.0,0.0,0.0,0.0,0.0,0.0,0.0,0.0,0.0,0.0,0.0,0.0,False
41,0.0003498842320128065,0.0011672962611648102,0.0015429413426902017,2.576084951258495e-05,0.003586017431665145,0.0,0.003586017431665145,0.0,0.0,60.0,60.0,0.0,0.0,60.0,60.0,0.0,0.0,0.0,0.0,0.0,False
42,0.0029618686099116,0.0024862318588243087,0.005936732792150207,0.0004886323234142981,0.0009014699534817261,0.0,0.0009014699534817261,0.0,0.0,50.0,50.0,0.0,0.0,50.0,50.0,0.0,0.0,0.0,0.0,0.0,False
43,0.0063074517764133,0.001659390218427606,0.008181809030972001,0.00021496703613109458,0.10494842451948228,0.0,0.10494842451948228,0.0,0.0,70.0,70.0,0.0,0.0,70.0,70.0,0.0,0.0,0.0,0.0,0.0,False
44,0.005278398786733113,0.03605810662550221,0.042857457988026204,0.0015209525757908793,0.00810507986299569,0.0,0.00810507986299569,0.0,0.0,430.0,430.0,0.0,0.0,430.0,430.0,0.0,0.0,0.0,0.0,0.0,False
45,0.001402701672855805,0.005764318209712099,0.0073852354057274,0.00021821552315949566,0.006276762145760784,0.0,0.006276762145760784,0.0,0.0,130.0,130.0,0.0,0.0,130.0,130.0,0.0,0.0,0.0,0.0,0.0,False
46,0.007481328424575995,0.0376091916430413,0.04840221479569348,0.0033116947280761866,0.012728594927947867,0.0,0.012728594927947867,0.0,0.0,420.0,420.0,0.0,0.0,420.0,420.0,0.0,0.0,0.0,0.0,0.0,False
47,0.003402698743239299,0.010820636441194798,0.015526280835460704,0.0013029456510266074,0.020373886669491137,0.0,0.020373886669491137,0.0,0.0,250.0,250.0,0.0,0.0,250.0,250.0,0.0,0.0,0.0,0.0,0.0,False
48,0.009035270162695896,0.07277808312235262,0.0857009535389956,0.0038876002539470766,0.009764056293658951,0.0,0.009764056293658951,0.0,0.0,760.0,760.0,0.0,0.0,760.0,760.0,0.0,0.0,0.0,0.0,0.0,False
49,0.007625235591709689,0.039355013659916976,0.04997247090015269,0.002992221648526028,0.019618876120677364,0.0,0.019618876120677364,0.0,0.0,470.0,470.0,0.0,0.0,470.0,470.0,0.0,0.0,0.0,0.0,0.0,False
50,0.01395841622698811,0.004477460513185913,0.020044443532450607,0.0016085667922765834,0.07498223707646168,0.0,0.07498223707646168,0.0,0.0,140.0,140.0,0.0,0.0,140.0,140.0,0.0,0.0,0.0,0.0,0.0,False
51,0.009851200628722204,0.010225865587823707,0.022919472543796907,0.002842406327250996,0.01991882879472695,0.0,0.01991882879472695,0.0,0.0,210.0,210.0,0.0,0.0,210.0,210.0,0.0,0.0,0.0,0.0,0.0,False
52,0.013663445783839712,0.01177351346309291,0.0283415965964173,0.002904637349484679,0.07612712236359254,0.0,0.07612712236359254,0.0,0.0,190.0,190.0,0.0,0.0,190.0,190.0,0.0,0.0,0.0,0.0,0.0,False
53,0.005394926060028393,0.03155855500334609,0.039040444063616786,0.0020869630002423034,0.008026302401924701,0.0,0.008026302401924701,0.0,0.0,420.0,420.0,0.0,0.0,420.0,420.0,0.0,0.0,0.0,0.0,0.0,False
54,0.010069439442214417,0.018369112352005112,0.0315358599311224,0.003097308136902871,0.026492288720484147,0.0,0.026492288720484147,0.0,0.0,260.0,270.0,10.0,0.0,260.0,270.0,10.0,0.0,0.0,0.0,0.0,False
55,0.0018981832542906973,0.0013685442677819001,0.0034991924573452987,0.00023246493527270123,0.03619109969104323,0.0,0.03619109969104323,0.0,0.0,50.0,50.0,0.0,0.0,50.0,50.0,0.0,0.0,0.0,0.0,0.0,False
56,0.006920608665965389,0.030044306987969505,0.0398181422262468,0.0028532265723119066,0.005815580285310595,0.0,0.005815580285310595,0.0,0.0,340.0,350.0,10.0,0.0,340.0,350.0,10.0,0.0,0.0,0.0,0.0,False
57,0.01004845204335042,0.035881476445268706,0.050972242112727606,0.00504231362410848,0.03820563241713382,0.0,0.03820563241713382,0.0,0.0,700.0,700.0,0.0,0.0,700.0,700.0,0.0,0.0,0.0,0.0,0.0,False
58,0.002266794245671701,0.004485997365661291,0.007310011037722101,0.0005572194263891092,0.032589913386387115,0.0,0.032589913386387115,0.0,0.0,110.0,110.0,0.0,0.0,110.0,110.0,0.0,0.0,0.0,0.0,0.0,False
59,0.013187151397049235,0.0766537507836132,0.09490478327273799,0.005063881092075562,0.017309461107581026,0.0,0.017309461107581026,0.0,0.0,830.0,830.0,0.0,0.0,830.0,830.0,0.0,0.0,0.0,0.0,0.0,False
60,0.00429764136692351,0.018214550970329285,0.02408783729865649,0.0015756449614036938,0.0014178654287213543,0.0,0.0014178654287213543,0.0,0.0,290.0,300.0,10.0,0.0,290.0,300.0,10.0,0.0,0.0,0.0,0.0,False
61,0.009993141710203893,0.008372852238068204,0.020795132776136496,0.0024291388278643994,0.059076147208919905,0.0,0.059076147208919905,0.0,10.0,180.0,270.0,80.0,10.0,180.0,270.0,80.0,0.0,0.0,0.0,0.0,False
62,0.0009763131541606004,1.1420957855400732e-05,0.001250113076959599,0.00026237896494359786,0.00015639978542711375,0.0,0.00015639978542711375,0.0,0.0,10.0,10.0,0.0,0.0,10.0,10.0,0.0,0.0,0.0,0.0,0.0,False
63,0.014411674737635882,0.09595099009765212,0.11678594589083996,0.006423281055551955,0.008716129852288979,0.0,0.008716129852288979,0.0,0.0,,,,0.0,370.0,370.0,0.0,0.0,1.0,1.0,0.0,True
64,0.0044013903817295,0.01640686871557359,0.02171880188712569,0.0009105427898225965,0.03329478905216987,0.0,0.03329478905216987,0.0,0.0,240.0,240.0,0.0,0.0,240.0,240.0,0.0,0.0,0.0,0.0,0.0,False
65,0.011517981155799994,0.062396882798105596,0.07881602304921101,0.0049011590953054185,0.021097145293668684,0.0,0.021097145293668573,-1.1102230246251565e-16,0.0,870.0,870.0,0.0,0.0,870.0,870.0,0.0,0.0,0.0,0.0,0.0,False
66,0.005463249296420503,0.007286554570614903,0.013710711176810192,0.0009609073097747861,0.042290076461326764,0.0,0.042290076461326764,0.0,0.0,200.0,200.0,0.0,0.0,200.0,200.0,0.0,0.0,0.0,0.0,0.0,False
67,0.000493204362924899,9.635582099780035e-05,0.0006057113097003991,1.6151125777699726e-05,0.004033483515614611,0.0,0.004033483515614611,0.0,0.0,20.0,20.0,0.0,0.0,20.0,20.0,0.0,0.0,0.0,0.0,0.0,False
68,0.009084349965303995,0.06038541383127388,0.07397518965412209,0.00450542585754421,0.03567765316841909,0.0,0.03567765316841909,0.0,0.0,630.0,630.0,0.0,0.0,630.0,630.0,0.0,0.0,0.0,0.0,0.0,False
69,0.0157591533233718,0.03431885328254958,0.05547201499190113,0.005394008385979754,0.018452614379496746,3.376188217885101e-12,0.018452614381096466,-1.776467861702713e-12,0.0,470.0,480.0,10.0,0.0,470.0,480.0,10.0,0.0,0.0,0.0,0.0,False
70,0.025604577179106594,0.0108192902978647,0.0407799690578905,0.004356101580919203,0.12272952205040272,0.0,0.12272952205040272,0.0,0.0,250.0,250.0,0.0,0.0,250.0,250.0,0.0,0.0,0.0,0.0,0.0,False
71,0.007567118435683098,0.01531708834915689,0.024562970931470293,0.0016787641466303044,0.028654969086987725,0.0,0.028654969086987725,0.0,0.0,340.0,340.0,0.0,0.0,340.0,340.0,0.0,0.0,0.0,0.0,0.0,False
72,0.005335581608565898,0.01470730355185379,0.020786490486335296,0.0007436053259156084,0.021005671344791255,0.0,0.021005671344791255,0.0,0.0,200.0,200.0,0.0,0.0,200.0,200.0,0.0,0.0,0.0,0.0,0.0,False
73,0.0042760231406233085,0.025512696462686307,0.031799945898012716,0.0020112262947031,0.005170466585891931,0.0,0.005170466585891931,0.0,0.0,320.0,320.0,0.0,0.0,320.0,320.0,0.0,0.0,0.0,0.0,0.0,False
74,0.0032706194204291106,0.007192840101321402,0.010777983939120911,0.0003145244173703987,0.004583467439970401,0.0,0.004583467439970401,0.0,0.0,170.0,170.0,0.0,0.0,170.0,170.0,0.0,0.0,0.0,0.0,0.0,False
75,0.010394051763541301,0.011206900331320407,0.024632072299380303,0.0030311202045185948,0.04830516611472563,0.0,0.04830516611472563,0.0,0.0,220.0,240.0,20.0,0.0,220.0,240.0,20.0,0.0,0.0,0.0,0.0,False
76,0.005156042786014281,0.08317904856346547,0.09106212290621257,0.0027270315567328174,0.0041844184120787276,0.0,0.0041844184120787276,0.0,0.0,930.0,940.0,10.0,0.0,930.0,940.0,10.0,0.0,0.0,0.0,0.0,False
77,0.013586039356561608,0.01644419352871801,0.03258645387477219,0.002556220989492569,0.02521125529276602,0.0,0.02521125529276602,0.0,0.0,310.0,310.0,0.0,0.0,310.0,310.0,0.0,0.0,0.0,0.0,0.0,False
78,0.008371638922953617,0.033607338812611603,0.045079769325169106,0.003100791589603885,0.018986877204902552,0.0,0.018986877204902552,0.0,0.0,440.0,440.0,0.0,0.0,440.0,440.0,0.0,0.0,0.0,0.0,0.0,False
79,0.0037440371055495053,0.008078948408485095,0.0121663956188416,0.00034341010480699874,0.01671921322905051,0.0,0.01671921322905051,0.0,0.0,180.0,180.0,0.0,0.0,180.0,180.0,0.0,0.0,0.0,0.0,0.0,False
80,0.0025248408113091036,0.0036278970950846118,0.006999908062141111,0.0008471701557473954,0.0048343993212061065,0.0,0.0048343993212061065,0.0,0.0,110.0,110.0,0.0,0.0,110.0,110.0,0.0,0.0,0.0,0.0,0.0,False
81,0.005451954201736109,0.012119495967811283,0.018421847405444197,0.0008503972358968048,0.02239084182677531,0.0,0.02239084182677531,0.0,0.0,180.0,180.0,0.0,0.0,180.0,180.0,0.0,0.0,0.0,0.0,0.0,False
82,0.003984808382813204,0.052767579922207625,0.058871475443106586,0.0021190871380857568,0.014776885491815661,0.0,0.014776885491815661,0.0,0.0,560.0,560.0,0.0,0.0,560.0,560.0,0.0,0.0,0.0,0.0,0.0,False
83,0.0035316173064261977,2.5085267382797538e-05,0.0036044768779514014,4.777430414240613e-05,0.01980828166120152,0.0,0.01980828166120152,0.0,0.0,0.0,0.0,0.0,0.0,0.0,0.0,0.0,0.0,0.0,0.0,0.0,False
84,0.005206358622183202,0.0021974971345894018,0.0075407801945413105,0.00013692443776870677,0.04434218959856229,0.0,0.04434218959856229,0.0,0.0,70.0,70.0,0.0,0.0,70.0,70.0,0.0,0.0,0.0,0.0,0.0,False
85,0.0,2.034697425110088e-05,2.034697425110088e-05,0.0,0.0,0.0,0.0,0.0,0.0,0.0,0.0,0.0,0.0,0.0,0.0,0.0,0.0,0.0,0.0,0.0,False
86,0.0052591404400312985,0.01525249090688209,0.021925964366757103,0.0014143330198437137,0.016865552872799117,0.0,0.016865552872799117,0.0,0.0,200.0,210.0,10.0,0.0,200.0,210.0,10.0,0.0,0.0,0.0,0.0,False
87,0.0023603154731303005,0.001366272097828497,0.004302152751988697,0.0005755651810298995,0.005327480669571005,0.0,0.005327480669571005,0.0,0.0,60.0,70.0,10.0,0.0,60.0,70.0,10.0,0.0,0.0,0.0,0.0,False
88,0.00019347408870210026,0.000713130798648598,0.0011782239895085991,0.0002716191021579009,0.0052959206937779335,0.0,0.0052959206937779335,0.0,0.0,40.0,40.0,0.0,0.0,40.0,40.0,0.0,0.0,0.0,0.0,0.0,False
89,0.0081652623244024,0.0450207303077155,0.05602371461819289,0.002837721986074987,0.026736817341388552,0.0,0.026736817341388552,0.0,0.0,610.0,610.0,0.0,0.0,610.0,610.0,0.0,0.0,0.0,0.0,0.0,False
90,0.0090210707661047,0.007361052861359796,0.018848044553867294,0.002465920926402798,0.0376894831185664,0.0,0.0376894831185664,0.0,0.0,230.0,230.0,0.0,0.0,230.0,230.0,0.0,0.0,0.0,0.0,0.0,False
91,0.005084137111982301,0.009484128466678399,0.015400670781092696,0.0008324052024319961,0.02746077287938742,0.0,0.02746077287938742,0.0,0.0,190.0,190.0,0.0,0.0,190.0,190.0,0.0,0.0,0.0,0.0,0.0,False
92,0.0016437215834712027,0.0017549173776804025,0.003759437717869303,0.0003607987567176979,0.0526144427212632,0.0,0.0526144427212632,0.0,0.0,60.0,60.0,0.0,0.0,60.0,60.0,0.0,0.0,0.0,0.0,0.0,False
93,0.008108425939945901,0.033987406039250295,0.046294474580188316,0.00419864260099212,0.0470220942795071,0.0,0.0470220942795071,0.0,0.0,500.0,500.0,0.0,0.0,500.0,500.0,0.0,0.0,0.0,0.0,0.0,False
94,0.007349879669354797,0.022885607360345395,0.0324157411990941,0.002180254169393908,0.01888066252972509,0.0,0.01888066252972509,0.0,0.0,270.0,270.0,0.0,0.0,270.0,270.0,0.0,0.0,0.0,0.0,0.0,False
95,0.007421000701003988,0.08638550917436749,0.09646917973420749,0.0026626698588360087,0.003878779729506121,0.0,0.003878779729506121,0.0,0.0,950.0,950.0,0.0,0.0,950.0,950.0,0.0,0.0,0.0,0.0,0.0,False
96,0.013195351174431297,0.017302106428794206,0.033054750946938605,0.002557293343713102,0.07882735116952477,0.0,0.07882735116952477,0.0,0.0,220.0,220.0,0.0,0.0,220.0,220.0,0.0,0.0,0.0,0.0,0.0,False
97,0.004445522535430388,0.00857715691023049,0.013445682031658093,0.00042300258599721474,0.02660206041417712,0.0,0.02660206041417712,0.0,0.0,130.0,130.0,0.0,0.0,130.0,130.0,0.0,0.0,0.0,0.0,0.0,False
98,0.004564185230390198,0.0007606278799114005,0.005464666337916604,0.00013985322761500552,0.022302692584128148,0.0,0.022302692584128148,0.0,0.0,20.0,20.0,0.0,0.0,20.0,20.0,0.0,0.0,0.0,0.0,0.0,False
99,0.013393688178611404,0.012722913591401,0.029324747285220207,0.0032081455152078026,0.05536559600054003,0.0,0.05536559600054003,0.0,0.0,220.0,220.0,0.0,0.0,220.0,220.0,0.0,0.0,0.0,0.0,0.0,False
100,0.009075680956948107,0.00915447468126361,0.0200293583682353,0.001799202730023583,0.0647814865773807,0.0,0.0647814865773807,0.0,0.0,160.0,160.0,0.0,0.0,160.0,160.0,0.0,0.0,0.0,0.0,0.0,False
101,0.006501217979718699,0.001560856429992305,0.008830369619856795,0.0007682952101457918,0.05227724490092289,0.0,0.05227724490092289,0.0,0.0,40.0,40.0,0.0,0.0,40.0,40.0,0.0,0.0,0.0,0.0,0.0,False
102,0.00763135722177799,0.026106477221812807,0.03583311761115432,0.002095283167563522,0.01304982474766403,-9.392486788328824e-14,0.013049824747413563,-1.5654144647214707e-13,0.0,370.0,370.0,0.0,0.0,370.0,370.0,0.0,0.0,0.0,0.0,0.0,False
103,0.0042844722219883,0.004477807007785599,0.0095216551234907,0.0007593758937168016,0.034891653224775165,0.0,0.034891653224775165,0.0,0.0,120.0,120.0,0.0,0.0,120.0,120.0,0.0,0.0,0.0,0.0,0.0,False
104,0.005081905628913405,0.017087282667136702,0.023474091938360406,0.0013049036423102983,0.03335007429473147,0.0,0.03335007429473147,0.0,0.0,230.0,230.0,0.0,0.0,230.0,230.0,0.0,0.0,0.0,0.0,0.0,False
105,0.007763613101669509,0.09093569397663182,0.10136699501278568,0.002667687934484353,0.00983974154252043,0.0,0.00983974154252043,0.0,0.0,930.0,940.0,10.0,0.0,930.0,940.0,10.0,0.0,0.0,0.0,0.0,False
106,0.007066673888070807,0.0033696041812290023,0.011268449751711096,0.0008321716824112868,0.015383834215940695,0.0,0.015383834215940695,0.0,0.0,100.0,110.0,10.0,0.0,100.0,110.0,10.0,0.0,0.0,0.0,0.0,False
107,0.001744496615021001,0.0005567108879434013,0.0024250811836181024,0.0001238736806537001,0.03897251307629468,0.0,0.03897251307629468,0.0,0.0,30.0,30.0,0.0,0.0,30.0,30.0,0.0,0.0,0.0,0.0,0.0,False
108,0.015592670002390008,0.04971019888924039,0.07123729388637912,0.0059344249947487215,0.059315394366480256,0.0,0.059315394366480256,0.0,0.0,590.0,590.0,0.0,0.0,590.0,590.0,0.0,0.0,0.0,0.0,0.0,False
109,0.010735643837150394,0.055318975618942695,0.06976233472341978,0.003707715267326689,0.03535565669830465,0.0,0.03535565669830465,0.0,0.0,680.0,680.0,0.0,0.0,680.0,680.0,0.0,0.0,0.0,0.0,0.0,False
110,0.004924215625163181,0.04091611364978287,0.051536072329928295,0.005695743054982244,0.0034920630739437852,0.0,0.0034920630739437852,0.0,0.0,380.0,380.0,0.0,0.0,380.0,380.0,0.0,0.0,0.0,0.0,0.0,False
111,0.00341703026807981,0.001977501027574602,0.005394531295654509,9.71445146547012e-17,0.05172998603951373,0.0,0.05172998603951373,0.0,0.0,60.0,60.0,0.0,0.0,60.0,60.0,0.0,0.0,0.0,0.0,0.0,False
112,0.008094387320233001,0.023001934637331203,0.035077584256593894,0.003981262299029689,0.06275981498260297,0.0,0.06275981498260297,0.0,0.0,360.0,370.0,10.0,0.0,360.0,370.0,10.0,0.0,0.0,0.0,0.0,False
113,0.005929222685760821,0.012240584741385202,0.01886910935623412,0.0006993019290880975,0.028239070612085415,0.0,0.028239070612085415,0.0,0.0,180.0,180.0,0.0,0.0,180.0,180.0,0.0,0.0,0.0,0.0,0.0,False
114,0.010909525403715897,0.003433591282497192,0.015191462707924402,0.0008483460217113131,0.11772611025313173,0.0,0.11772611025313173,0.0,0.0,80.0,80.0,0.0,0.0,80.0,80.0,0.0,0.0,0.0,0.0,0.0,False
115,0.0058743712157244,1.8370798316999504e-05,0.006104196605883898,0.00021145459184249843,0.026492646501155848,0.0,0.026492646501155848,0.0,10.0,10.0,10.0,-10.0,10.0,10.0,10.0,-10.0,0.0,0.0,0.0,0.0,False
116,0.0074102140037045905,0.01554459579316439,0.025182507031616397,0.0022276972347474167,0.04135404359418021,0.0,0.04135404359418021,0.0,0.0,400.0,400.0,0.0,0.0,400.0,400.0,0.0,0.0,0.0,0.0,0.0,False
117,0.020140309261823003,0.015788430884706495,0.039686902929518986,0.003758162782989488,0.08490893571431912,0.0,0.08490893571431912,0.0,0.0,250.0,250.0,0.0,0.0,250.0,250.0,0.0,0.0,0.0,0.0,0.0,False
118,0.005696328963193109,0.020710024387971995,0.0285465241967698,0.002140170845604694,0.016187987119696712,0.0,0.016187987119696712,0.0,0.0,290.0,290.0,0.0,0.0,290.0,290.0,0.0,0.0,0.0,0.0,0.0,False
119,0.005666862044790916,0.032318311898601515,0.03975481038014311,0.0017696364367506823,0.007639976587473729,0.0,0.007639976587473729,0.0,0.0,430.0,430.0,0.0,0.0,430.0,430.0,0.0,0.0,0.0,0.0,0.0,False
120,0.017097672754439797,0.009255172220697189,0.028353130354790895,0.00200028537965391,0.09400408527017357,0.0,0.09400408527017357,0.0,0.0,170.0,170.0,0.0,0.0,170.0,170.0,0.0,0.0,0.0,0.0,0.0,False
121,0.013325110467479195,0.025591010005619502,0.043563980957579296,0.004647860484480598,0.06308613621711484,0.0,0.06308613621711484,0.0,0.0,490.0,490.0,0.0,0.0,490.0,490.0,0.0,0.0,0.0,0.0,0.0,False
122,0.006721643347497405,0.026074873147808403,0.0356109292761114,0.002814412780805589,0.02281845187483239,0.0,0.02281845187483239,0.0,0.0,520.0,530.0,10.0,0.0,520.0,530.0,10.0,0.0,0.0,0.0,0.0,False
123,0.005397725143753501,0.01092464367494489,0.017840502381148288,0.001518133562449897,0.007042454801630793,0.0,0.007042454801630793,0.0,0.0,170.0,180.0,10.0,0.0,170.0,180.0,10.0,0.0,0.0,0.0,0.0,False
124,0.003305038097292795,0.0017412090018043974,0.005185264800279796,0.00013901770118260326,0.0389159469097467,1.1102230246251565e-16,0.0389159469097467,-1.1102230246251565e-16,0.0,60.0,60.0,0.0,0.0,60.0,60.0,0.0,0.0,0.0,0.0,0.0,False
125,0.0014448088592383997,0.0008999849782581996,0.0027307137835698003,0.0003859199460732009,0.06684814511643639,0.0,0.06684814511643639,0.0,0.0,50.0,50.0,0.0,0.0,50.0,50.0,0.0,0.0,0.0,0.0,0.0,False
126,0.009864266355756102,0.038625256780553924,0.05194168025748741,0.003452157121177385,0.02109579468793371,0.0,0.02109579468793371,0.0,0.0,720.0,720.0,0.0,0.0,720.0,720.0,0.0,0.0,0.0,0.0,0.0,False
127,0.005839517332497102,0.004965390096534197,0.011334972401922397,0.0005300649728910978,0.05379781865849664,0.0,0.05379781865849664,0.0,0.0,100.0,100.0,0.0,0.0,100.0,100.0,0.0,0.0,0.0,0.0,0.0,False
128,0.0024515139060585986,0.0019193146973594012,0.004682949248153302,0.0003121206447353024,0.054363160324264304,0.0,0.054363160324264304,0.0,0.0,70.0,70.0,0.0,0.0,70.0,70.0,0.0,0.0,0.0,0.0,0.0,False
129,0.0036975579824023996,0.0048463012437098,0.009081285774317091,0.0005374265482048918,0.03788376927482451,0.0,0.03788376927482451,0.0,0.0,140.0,140.0,0.0,0.0,140.0,140.0,0.0,0.0,0.0,0.0,0.0,False
130,0.0132231016903359,0.015990404218428997,0.033789746726367004,0.004576240817602106,0.13340145424063987,0.0,0.13340145424063987,0.0,0.0,250.0,260.0,10.0,0.0,250.0,260.0,10.0,0.0,0.0,0.0,0.0,False
131,0.012220394489987713,0.01165394483092691,0.026047529472292025,0.002173190151377402,0.03315457562251867,0.0,0.03315457562251867,0.0,0.0,170.0,170.0,0.0,0.0,170.0,170.0,0.0,0.0,0.0,0.0,0.0,False
132,0.000750927915498599,0.0014465894101482989,0.0023557582817253023,0.0001582409560784044,0.008503191057749993,0.0,0.008503191057749993,0.0,0.0,40.0,40.0,0.0,0.0,40.0,40.0,0.0,0.0,0.0,0.0,0.0,False
133,0.0009686273321986988,0.001790965017964899,0.003138373962203296,0.00037878161203969835,0.005539930166162277,0.0,0.005539930166162277,0.0,0.0,70.0,70.0,0.0,0.0,70.0,70.0,0.0,0.0,0.0,0.0,0.0,False
134,0.011457130179979513,0.02640884507241581,0.04058438988758231,0.0027184146351869887,0.03907796899705296,0.0,0.03907796899705296,0.0,0.0,420.0,420.0,0.0,0.0,420.0,420.0,0.0,0.0,0.0,0.0,0.0,False
135,0.009466185520492096,0.008471143511506102,0.020305168988692,0.002367839956693804,0.04553598411473725,0.0,0.04553598411473725,0.0,0.0,140.0,150.0,10.0,0.0,140.0,150.0,10.0,0.0,0.0,0.0,0.0,False
136,0.0028395976265851997,0.021092078928176897,0.025079045590006413,0.0011473690352443167,0.006078138119757992,0.0,0.006078138119757992,0.0,0.0,420.0,420.0,0.0,0.0,420.0,420.0,0.0,0.0,0.0,0.0,0.0,False
137,0.002454906868233603,0.002729038076593207,0.005364657013718202,0.00018071206889139213,0.029155154129665295,0.0,0.029155154129665295,0.0,0.0,90.0,90.0,0.0,0.0,90.0,90.0,0.0,0.0,0.0,0.0,0.0,False
138,0.0,2.522701401649896e-05,2.522701401649896e-05,0.0,0.0,0.0,0.0,0.0,0.0,10.0,10.0,0.0,0.0,10.0,10.0,0.0,0.0,0.0,0.0,0.0,False
139,0.007195591448047503,0.0079843123294717,0.017433203957820297,0.0022533001803010932,0.0780988319321474,0.0,0.0780988319321474,0.0,0.0,240.0,240.0,0.0,0.0,240.0,240.0,0.0,0.0,0.0,0.0,0.0,False
140,0.015465511063164294,0.03094469871297001,0.04925844400805407,0.002848234231919766,0.0,0.0,0.0,0.0,0.0,340.0,340.0,0.0,0.0,340.0,340.0,0.0,0.0,0.0,0.0,0.0,False
141,0.012378942731970294,0.025325602837487277,0.0400144189825723,0.002309873413114727,0.03781451564615179,0.0,0.03781451564615179,0.0,0.0,360.0,360.0,0.0,0.0,360.0,360.0,0.0,0.0,0.0,0.0,0.0,False
142,0.006670494367482703,0.002236212280015401,0.009518687331863104,0.0006119806843650002,0.06570631923041043,0.0,0.06570631923041043,0.0,0.0,90.0,90.0,0.0,0.0,90.0,90.0,0.0,0.0,0.0,0.0,0.0,False
143,0.005030766504697026,0.036681791340280906,0.04457559184937582,0.0028630340043978852,0.0073937781636401745,0.0,0.0073937781636401745,0.0,0.0,430.0,430.0,0.0,0.0,430.0,430.0,0.0,0.0,0.0,0.0,0.0,False
144,0.0028030591477671007,0.0073071710770614,0.010647204519827896,0.0005369742949993955,0.020692155209258267,0.0,0.020692155209258267,0.0,0.0,140.0,140.0,0.0,0.0,140.0,140.0,0.0,0.0,0.0,0.0,0.0,False
145,0.009305832604758008,0.0035378336256780968,0.013160187023107298,0.00031652079267119326,0.07890924598951421,0.0,0.07890924598951421,0.0,0.0,80.0,80.0,0.0,0.0,80.0,80.0,0.0,0.0,0.0,0.0,0.0,False
146,0.009755620197070602,0.0011416739394602,0.011366674566252996,0.00046938042972219374,0.09190452780255448,0.0,0.09190452780255448,0.0,0.0,50.0,60.0,10.0,0.0,50.0,60.0,10.0,0.0,0.0,0.0,0.0,False
147,0.009171608993214092,0.01373210210019049,0.024487686764457894,0.0015839756710533115,0.038815536577085474,0.0,0.038815536577085474,0.0,0.0,260.0,260.0,0.0,0.0,260.0,260.0,0.0,0.0,0.0,0.0,0.0,False
148,0.008670280218832094,0.007695957851158092,0.017960721859839393,0.0015944837898492076,0.05147172660421717,0.0,0.05147172660421717,0.0,0.0,180.0,180.0,0.0,0.0,180.0,180.0,0.0,0.0,0.0,0.0,0.0,False
149,0.003124155858594005,0.021070803429479992,0.025882956388327813,0.0016879971002538158,0.015794081782929514,0.0,0.015794081782929514,0.0,0.0,270.0,270.0,0.0,0.0,270.0,270.0,0.0,0.0,0.0,0.0,0.0,False
150,0.011600555048506822,0.046259045023008705,0.06261505841969081,0.004755458348175284,0.003911727549170241,0.0,0.003911727549170241,0.0,0.0,580.0,580.0,0.0,0.0,580.0,580.0,0.0,0.0,0.0,0.0,0.0,False
151,0.0,0.0006349634806517984,0.0006349634806517984,0.0,0.0,0.0,0.0,0.0,0.0,20.0,20.0,0.0,0.0,20.0,20.0,0.0,0.0,0.0,0.0,0.0,False
152,0.0038406623909497013,0.0011955957167707996,0.005574569829850599,0.0005383117221300984,0.1018560336847611,0.0,0.1018560336847612,1.1102230246251565e-16,0.0,60.0,60.0,0.0,0.0,60.0,60.0,0.0,0.0,0.0,0.0,0.0,False
153,0.010838403401347299,0.009331503751766904,0.023113334176617095,0.0029434270235028925,0.041676509140621376,0.0,0.041676509140621376,0.0,0.0,240.0,250.0,10.0,0.0,240.0,250.0,10.0,0.0,0.0,0.0,0.0,False
154,0.007152900850467103,0.014577457643994596,0.0227469155252909,0.0010165570308292016,0.034657601241478986,0.0,0.034657601241478986,0.0,0.0,210.0,210.0,0.0,0.0,210.0,210.0,0.0,0.0,0.0,0.0,0.0,False
155,0.0,0.0003841501658365942,0.0003841501658365942,0.0,0.0,0.0,0.0,0.0,0.0,20.0,20.0,0.0,0.0,20.0,20.0,0.0,0.0,0.0,0.0,0.0,False
156,0.0027233371120080896,0.029644056273572,0.0343872241011462,0.0020198307155661066,0.015375783010419086,0.0,0.015375783010419086,0.0,0.0,400.0,400.0,0.0,0.0,400.0,400.0,0.0,0.0,0.0,0.0,0.0,False
157,0.0018722267873206994,0.001626639375372503,0.003800481768788999,0.0003016156060957967,0.0062781166519512155,0.0,0.0062781166519512155,0.0,0.0,70.0,70.0,0.0,0.0,70.0,70.0,0.0,0.0,0.0,0.0,0.0,False
158,0.004641569473503707,0.0069826931692515,0.012411577552305902,0.0007873149095506959,0.036316876444855706,0.0,0.036316876444855706,0.0,0.0,130.0,130.0,0.0,0.0,130.0,130.0,0.0,0.0,0.0,0.0,0.0,False
159,0.003915271044346996,0.004402381196729296,0.008956551237527997,0.0006388989964517047,0.05721566884151835,0.0,0.05721566884151835,0.0,0.0,110.0,110.0,0.0,0.0,110.0,110.0,0.0,0.0,0.0,0.0,0.0,False
160,0.010166648748747703,0.061102331915922015,0.07551332305584449,0.004244342391174771,0.04508072836324728,0.0,0.04508072836324728,0.0,0.0,670.0,670.0,0.0,0.0,670.0,670.0,0.0,0.0,0.0,0.0,0.0,False
161,0.0091268254448163,0.07660700726846859,0.08869519525345049,0.002961362540165602,0.005281773096092568,0.0,0.005281773096092568,0.0,0.0,960.0,970.0,10.0,0.0,960.0,970.0,10.0,0.0,0.0,0.0,0.0,False
162,0.0066022578393857,0.010683778197066895,0.018030574063251592,0.0007445380267989965,0.0341705915196282,0.0,0.0341705915196282,0.0,0.0,180.0,180.0,0.0,0.0,180.0,180.0,0.0,0.0,0.0,0.0,0.0,False
163,0.009463865528879178,0.0518066748727162,0.06558414894552558,0.004313608543930203,0.024508180465288687,0.0,0.024508180465288687,0.0,0.0,610.0,610.0,0.0,0.0,610.0,610.0,0.0,0.0,0.0,0.0,0.0,False
164,0.0021608037064438923,0.031069969776446896,0.03485059069613271,0.0016198172132419197,0.005949090982329097,0.0,0.005949090982329097,0.0,0.0,370.0,370.0,0.0,0.0,370.0,370.0,0.0,0.0,0.0,0.0,0.0,False
165,0.004128396967706893,0.0078901026892651,0.012643600730784493,0.0006251010738125007,0.0004579027283582171,0.0,0.0004579027283582171,0.0,0.0,150.0,150.0,0.0,0.0,150.0,150.0,0.0,0.0,0.0,0.0,0.0,False
166,0.0115084691156285,0.015405191124057804,0.029574296540757994,0.0026606363010716894,0.025012382216559437,0.0,0.025012382216559437,0.0,0.0,210.0,210.0,0.0,0.0,210.0,210.0,0.0,0.0,0.0,0.0,0.0,False
167,0.00844883677179499,0.006658916023567399,0.01637385950561139,0.0012661067102490015,0.04336254198225331,0.0,0.04336254198225331,0.0,0.0,130.0,130.0,0.0,0.0,130.0,130.0,0.0,0.0,0.0,0.0,0.0,False
168,0.0056096869175183,0.003200664470966688,0.009229233332084488,0.00041888194359950004,0.05015457338136531,0.0,0.05015457338136531,0.0,0.0,60.0,60.0,0.0,0.0,60.0,60.0,0.0,0.0,0.0,0.0,0.0,False
169,0.013968473588655411,0.02455255453758659,0.041884304226990104,0.0033632761007481027,0.0541129771715142,0.0,0.0541129771715142,0.0,0.0,370.0,370.0,0.0,0.0,370.0,370.0,0.0,0.0,0.0,0.0,0.0,False
170,0.019183500653330104,0.02759907197202699,0.05103507541420971,0.0042525027888526135,0.08190632213706561,0.0,0.08190632213706561,0.0,0.0,330.0,330.0,0.0,0.0,330.0,330.0,0.0,0.0,0.0,0.0,0.0,False
171,0.009217032683492804,0.0312977220643203,0.0448192284881157,0.0043044737403026,0.03448801353862707,0.0,0.03448801353862707,0.0,0.0,430.0,430.0,0.0,0.0,430.0,430.0,0.0,0.0,0.0,0.0,0.0,False
172,0.0012096188546403819,0.014625103170844783,0.016291131122417285,0.00045640909693211995,0.002170279432813893,0.0,0.002170279432813893,0.0,0.0,260.0,260.0,0.0,0.0,260.0,260.0,0.0,0.0,0.0,0.0,0.0,False
173,0.00830563736470169,0.007061542575350299,0.016384343566870893,0.0010171636268189038,0.041457030074734336,0.0,0.041457030074734336,0.0,0.0,150.0,150.0,0.0,0.0,150.0,150.0,0.0,0.0,0.0,0.0,0.0,False
174,0.008908341326897697,0.004860617666784001,0.0157772424558874,0.002008283462205704,0.06242722657381483,0.0,0.06242722657381483,0.0,0.0,130.0,130.0,0.0,0.0,130.0,130.0,0.0,0.0,0.0,0.0,0.0,False
175,0.005746293344652903,0.0313083582280321,0.039333502727315894,0.00227885115463089,0.005829222169222215,0.0,0.005829222169222215,0.0,0.0,420.0,440.0,20.0,0.0,420.0,440.0,20.0,0.0,0.0,0.0,0.0,False
176,0.004808273171784699,0.001002945344940595,0.0059979998964910936,0.00018678137976579912,0.03748629038743251,0.0,0.03748629038743251,0.0,0.0,30.0,30.0,0.0,0.0,30.0,30.0,0.0,0.0,0.0,0.0,0.0,False
177,0.00292491523235891,0.004039318104169506,0.007325198018826709,0.0003609646822982926,0.017708971667658613,0.0,0.017708971667658613,0.0,0.0,130.0,130.0,0.0,0.0,130.0,130.0,0.0,0.0,0.0,0.0,0.0,False
178,0.013069288308601296,0.008061090238025509,0.02340459146055099,0.002274212913924184,0.04366001443009293,0.0,0.04366001443009293,0.0,0.0,130.0,150.0,20.0,0.0,130.0,150.0,20.0,0.0,0.0,0.0,0.0,False
179,0.006035035834633301,0.030916453462072196,0.03948120707983721,0.002529717783131713,0.0303756712560197,0.0,0.0303756712560197,0.0,0.0,420.0,420.0,0.0,0.0,420.0,420.0,0.0,0.0,0.0,0.0,0.0,False
180,0.002033202858790592,0.004291704999689089,0.006435354795530798,0.00011044693705111741,0.019620088490574505,0.0,0.019620088490574505,0.0,0.0,120.0,120.0,0.0,0.0,120.0,120.0,0.0,0.0,0.0,0.0,0.0,False
181,0.003145241130872896,0.002496620764686694,0.005962167216330194,0.0003203053207706044,0.04779783791137099,0.0,0.04779783791137099,0.0,0.0,90.0,90.0,0.0,0.0,90.0,90.0,0.0,0.0,0.0,0.0,0.0,False
182,0.004174158135358708,0.041675203162337304,0.047775530368070224,0.0019261690703742118,0.01848379070384598,0.0,0.01848379070384598,0.0,0.0,490.0,490.0,0.0,0.0,490.0,490.0,0.0,0.0,0.0,0.0,0.0,False
183,0.007392127872614396,0.024838069247695688,0.0338380955791939,0.0016078984588838163,0.003654147463043489,0.0,0.003654147463043489,0.0,0.0,350.0,350.0,0.0,0.0,350.0,350.0,0.0,0.0,0.0,0.0,0.0,False
184,0.005912621077883706,0.020514180938266097,0.028375793519039183,0.00194899150288938,0.033797731859701474,0.0,0.033797731859701474,0.0,0.0,270.0,270.0,0.0,0.0,270.0,270.0,0.0,0.0,0.0,0.0,0.0,False
185,0.015860911372914288,0.011183877671233106,0.0290542061178079,0.0020094170736605077,0.03784740849747115,0.0,0.03784740849747115,0.0,0.0,240.0,250.0,10.0,0.0,240.0,250.0,10.0,0.0,0.0,0.0,0.0,False
186,0.004937850185706305,0.026253350505309497,0.032601379485295706,0.0014101787942799038,0.011716623047890118,0.0,0.011716623047890118,0.0,0.0,360.0,360.0,0.0,0.0,360.0,360.0,0.0,0.0,0.0,0.0,0.0,False
187,0.011150560603451876,0.11724654796362377,0.13211936351902231,0.0037222549519466686,0.006548889780802591,0.0,0.006548889780802591,0.0,0.0,1140.0,1140.0,0.0,0.0,1140.0,1140.0,0.0,0.0,0.0,0.0,0.0,False
188,0.004132873056283709,0.0005437114664676029,0.004747328523223307,7.074400047199503e-05,0.042720229906013985,0.0,0.042720229906013985,0.0,0.0,40.0,40.0,0.0,0.0,40.0,40.0,0.0,0.0,0.0,0.0,0.0,False
189,0.005105482600446604,0.04787073365282821,0.0551616519856242,0.002185435732349389,0.005811331929357011,0.0,0.005811331929357011,0.0,0.0,630.0,630.0,0.0,0.0,630.0,630.0,0.0,0.0,0.0,0.0,0.0,False
190,0.006940044071621493,0.04172610466768459,0.04996822936483439,0.0013020806255283068,0.13364367849116787,0.0,0.13364367849116787,0.0,0.0,490.0,490.0,0.0,0.0,490.0,490.0,0.0,0.0,0.0,0.0,0.0,False
191,0.004326923788947404,0.003005090621754497,0.008510912858732705,0.0011788984480308046,0.02077708876413309,0.0,0.02077708876413309,0.0,0.0,70.0,70.0,0.0,0.0,70.0,70.0,0.0,0.0,0.0,0.0,0.0,False
192,0.01176155387203609,0.06198223402203229,0.07813150870450147,0.004387720810433093,0.018198882857595078,0.0,0.018198882857595078,0.0,0.0,670.0,670.0,0.0,0.0,670.0,670.0,0.0,0.0,0.0,0.0,0.0,False
193,0.013873215589284976,0.0153898692363382,0.031816936989581185,0.002553852163958009,0.05196816143878369,0.0,0.05196816143878369,0.0,0.0,260.0,270.0,10.0,0.0,260.0,270.0,10.0,0.0,0.0,0.0,0.0,False
194,0.01893480722885149,0.06955066483118783,0.09682146785091961,0.00833599579088029,0.0436197779354921,0.0,0.0436197779354921,0.0,0.0,780.0,790.0,10.0,0.0,780.0,790.0,10.0,0.0,0.0,0.0,0.0,False
195,0.010457644602865912,0.050134069912925905,0.062896648511364,0.0023049339955721893,0.0008970974886353122,0.0,0.0008970974886353122,0.0,0.0,510.0,510.0,0.0,0.0,510.0,510.0,0.0,0.0,0.0,0.0,0.0,False
196,0.010627395572170711,0.01791073559448081,0.030344909515052226,0.001806778348400706,0.04011913025637559,0.0,0.04011913025637559,0.0,0.0,280.0,280.0,0.0,0.0,280.0,280.0,0.0,0.0,0.0,0.0,0.0,False
197,0.006044466082862993,0.029140896671897204,0.03769407563494781,0.0025087128801876135,0.020110428947885284,0.0,0.020110428947885284,0.0,0.0,410.0,410.0,0.0,0.0,410.0,410.0,0.0,0.0,0.0,0.0,0.0,False
198,0.004989699258687495,0.0031181024634027027,0.008916526872147106,0.0008087251500569076,0.029600074204139792,0.0,0.029600074204139792,0.0,0.0,100.0,100.0,0.0,0.0,100.0,100.0,0.0,0.0,0.0,0.0,0.0,False
199,0.005561198861306904,0.014773498955813397,0.021559632414319296,0.0012249345971989956,0.022316858923621452,0.0,0.022316858923621452,0.0,0.0,220.0,220.0,0.0,0.0,220.0,220.0,0.0,0.0,0.0,0.0,0.0,False
200,0.003022200088543703,0.008652198609045994,0.012509008301150898,0.0008346096035612011,0.011737579509099927,0.0,0.011737579509099927,0.0,0.0,210.0,210.0,0.0,0.0,210.0,210.0,0.0,0.0,0.0,0.0,0.0,False
201,0.012572929258336307,0.0021742854924702015,0.015064827386830099,0.0003176126360235898,0.07155223529865995,0.0,0.07155223529865995,0.0,0.0,60.0,60.0,0.0,0.0,60.0,60.0,0.0,0.0,0.0,0.0,0.0,False
202,0.0023588294662664905,0.005240453918325491,0.0079359550972114,0.00033667171261941853,0.022820324885235665,0.0,0.022820324885235665,0.0,0.0,130.0,130.0,0.0,0.0,130.0,130.0,0.0,0.0,0.0,0.0,0.0,False
203,0.005802646391680502,0.010899280600749503,0.018388238187020303,0.001686311194590298,0.03751664877511274,0.0,0.03751664877511274,0.0,0.0,160.0,160.0,0.0,0.0,160.0,160.0,0.0,0.0,0.0,0.0,0.0,False
204,0.023700434395457798,0.037993243421628686,0.06994267348455108,0.008248995667464593,0.036067988894235015,0.0,0.036067988894235015,0.0,0.0,560.0,570.0,10.0,0.0,560.0,570.0,10.0,0.0,0.0,0.0,0.0,False
205,0.022232874430826832,0.0977417093605894,0.12898050924811894,0.009005925456702701,0.03410924276074223,0.0,0.03410924276074223,0.0,0.0,1030.0,1050.0,20.0,0.0,1030.0,1050.0,20.0,0.0,0.0,0.0,0.0,False
206,0.008943014491969298,0.01934349556642298,0.031581419228777496,0.0032949091703852185,0.04706110259172591,0.0,0.04706110259172591,0.0,0.0,310.0,310.0,0.0,0.0,310.0,310.0,0.0,0.0,0.0,0.0,0.0,False
207,0.009464990729939199,0.00863820942402721,0.020080094960019,0.0019768948060525926,0.04730841377369999,0.0,0.04730841377369999,0.0,0.0,160.0,160.0,0.0,0.0,160.0,160.0,0.0,0.0,0.0,0.0,0.0,False
208,0.0016609497896726,5.555575173070079e-05,0.0017165055414032002,-1.0061396160665481e-16,0.05483008843668663,0.0,0.05483008843668663,0.0,0.0,20.0,20.0,0.0,0.0,20.0,20.0,0.0,0.0,0.0,0.0,0.0,False
209,0.0,0.0012914095314418977,0.0012914095314418977,0.0,0.0,0.0,0.0,0.0,0.0,60.0,60.0,0.0,0.0,60.0,60.0,0.0,0.0,0.0,0.0,0.0,False
210,0.003531634217552898,0.029283543068910622,0.03499565616465192,0.0021804788781883966,0.0,0.0,0.0,0.0,0.0,400.0,400.0,0.0,0.0,400.0,400.0,0.0,0.0,0.0,0.0,0.0,False
211,0.0021421356289188995,0.0003568850606470997,0.0024967842969756994,-2.2363925902997572e-06,0.05339274813781378,0.0,0.05339274813781378,0.0,0.0,40.0,40.0,0.0,0.0,40.0,40.0,0.0,0.0,0.0,0.0,0.0,False
212,0.010120560088828195,0.0028565140893674,0.014276472911835099,0.0012993987336395035,0.07675808989695229,0.0,0.07675808989695229,0.0,0.0,110.0,110.0,0.0,0.0,110.0,110.0,0.0,0.0,0.0,0.0,0.0,False
213,0.004156702049016497,0.0011697785108081005,0.005682473134506802,0.000355992574682204,0.03521400040999301,0.0,0.03521400040999301,0.0,0.0,50.0,50.0,0.0,0.0,50.0,50.0,0.0,0.0,0.0,0.0,0.0,False
214,0.011706541459191755,0.0641729297560093,0.07936569143498368,0.003486220219782621,0.011465574125866684,0.0,0.011465574125866684,0.0,0.0,810.0,810.0,0.0,0.0,810.0,810.0,0.0,0.0,0.0,0.0,0.0,False
215,0.0,0.002722631593419511,0.002722631593419511,0.0,0.0,0.0,0.0,0.0,0.0,60.0,60.0,0.0,0.0,60.0,60.0,0.0,0.0,0.0,0.0,0.0,False
216,0.01957391721215801,0.06163767293734995,0.08631933522765683,0.005107745078148873,0.03229807296185483,0.0,0.03229807296185483,0.0,0.0,650.0,650.0,0.0,0.0,650.0,650.0,0.0,0.0,0.0,0.0,0.0,False
217,0.0,3.5337717435197924e-05,3.5337717435197924e-05,0.0,0.0,0.0,0.0,0.0,0.0,10.0,10.0,0.0,0.0,10.0,10.0,0.0,0.0,0.0,0.0,0.0,False
218,0.0031670461498323997,0.0,0.0031670461498323997,0.0,0.04972079177312011,0.0,0.04972079177312011,0.0,0.0,0.0,0.0,0.0,0.0,0.0,0.0,0.0,0.0,0.0,0.0,0.0,False
219,0.002963873922159327,0.044545322808759724,0.04848069409685582,0.0009714973659367687,0.011150860205777935,0.0,0.011150860205777935,0.0,0.0,570.0,570.0,0.0,0.0,570.0,570.0,0.0,0.0,0.0,0.0,0.0,False
220,0.011166229313837817,0.025806557321644913,0.0395160974299103,0.0025433107944275724,0.02213414811434611,0.0,0.02213414811434611,0.0,0.0,380.0,390.0,10.0,0.0,380.0,390.0,10.0,0.0,0.0,0.0,0.0,False
221,0.0053549697496378945,0.018648760792290497,0.02631695854187291,0.002313227999944517,0.03955750500910882,0.0,0.03955750500910882,0.0,0.0,210.0,210.0,0.0,0.0,210.0,210.0,0.0,0.0,0.0,0.0,0.0,False
222,0.011032087142498703,0.022607314372365322,0.035765583123581274,0.002126181608717248,0.02189014429356162,0.0,0.02189014429356162,0.0,0.0,310.0,310.0,0.0,0.0,310.0,310.0,0.0,0.0,0.0,0.0,0.0,False
223,0.0042201583599109985,0.001951851576481499,0.0068637684805887,0.0006917585441962026,0.054359149755414504,0.0,0.054359149755414504,0.0,0.0,60.0,60.0,0.0,0.0,60.0,60.0,0.0,0.0,0.0,0.0,0.0,False
224,0.004641304235503206,0.00021895608967200525,0.0049796771580174,0.00011941683284218824,0.05274101105379203,0.0,0.05274101105379203,0.0,0.0,30.0,30.0,0.0,0.0,30.0,30.0,0.0,0.0,0.0,0.0,0.0,False
225,0.001971743364353098,0.00026613688041479677,0.0025316298541105987,0.00029374960934270417,0.09467908726724297,0.0,0.09467908726724297,0.0,0.0,10.0,10.0,0.0,0.0,10.0,10.0,0.0,0.0,0.0,0.0,0.0,False
226,0.007626054019080897,0.04787985355006891,0.05881095818573351,0.0033050506165837046,0.04091500830690742,-9.748029272671488e-09,0.04091502010723025,2.1548352102662705e-08,0.0,620.0,620.0,0.0,0.0,620.0,620.0,0.0,0.0,0.0,0.0,0.0,False
227,0.0073372403217442095,0.01756218115424721,0.02625009353358021,0.001350672057588792,0.13442231694075957,0.0,0.13442231694075957,0.0,0.0,250.0,250.0,0.0,0.0,250.0,250.0,0.0,0.0,0.0,0.0,0.0,False
228,0.025310984870698494,0.022488970643618406,0.051994814970106606,0.004194859455789707,0.09814802670488587,0.0,0.09814802670488587,0.0,0.0,320.0,320.0,0.0,0.0,320.0,320.0,0.0,0.0,0.0,0.0,0.0,False
229,0.006071039639431813,0.012945096565220415,0.021187037122016306,0.002170900917364077,0.0004437175067580901,1.1102230246251565e-16,0.00044371750675797905,-2.220446049250313e-16,0.0,250.0,260.0,10.0,0.0,250.0,260.0,10.0,0.0,0.0,0.0,0.0,False
230,0.0028100658624695962,0.006080592279344696,0.009080093022603805,0.00018943488078951298,0.013003328673368841,0.0,0.013003328673368841,0.0,0.0,140.0,140.0,0.0,0.0,140.0,140.0,0.0,0.0,0.0,0.0,0.0,False
231,0.011307554758167415,0.03803931334984073,0.051867403891884045,0.002520535783875899,0.009975399292749931,0.0,0.009975399292749931,0.0,0.0,490.0,510.0,20.0,0.0,490.0,510.0,20.0,0.0,0.0,0.0,0.0,False
232,0.0032313480270761002,0.014720894086379693,0.018549456503642203,0.0005972143901864096,0.012870667748320574,-3.3306690738754696e-15,0.012870667887472709,1.3915546492881958e-10,0.0,210.0,210.0,0.0,0.0,210.0,210.0,0.0,0.0,0.0,0.0,0.0,False
233,0.005534051567784193,0.024871676980407015,0.03220861127229349,0.0018028827241022838,0.010888835524257123,0.0,0.010888835524257123,0.0,0.0,370.0,370.0,0.0,0.0,370.0,370.0,0.0,0.0,0.0,0.0,0.0,False
234,0.008456178176933699,0.046342881302075395,0.05845016062414929,0.0036511011451401953,0.028766896833318567,0.0,0.028766896833318567,0.0,0.0,600.0,600.0,0.0,0.0,600.0,600.0,0.0,0.0,0.0,0.0,0.0,False
235,0.011981980157607292,0.05145116936234409,0.0697872108482217,0.006354061328270322,0.03480802097862001,0.0,0.03480802097862001,0.0,0.0,660.0,670.0,10.0,0.0,660.0,670.0,10.0,0.0,0.0,0.0,0.0,False
236,0.010692284317124406,0.03950061781054068,0.05504370365545838,0.004850801527793297,0.020471649105572975,0.0,0.020471649105572975,0.0,0.0,500.0,500.0,0.0,0.0,500.0,500.0,0.0,0.0,0.0,0.0,0.0,False
237,0.004428148963999318,0.06151214276332859,0.06825574804877962,0.00231545632145172,0.0029346204067480786,0.0,0.0029346204067480786,0.0,0.0,680.0,690.0,10.0,0.0,680.0,690.0,10.0,0.0,0.0,0.0,0.0,False
238,0.0005890234812611986,0.001112193044079203,0.0017127941050269005,1.1577579686498918e-05,0.008386646211987814,0.0,0.008386646211987814,0.0,0.0,40.0,40.0,0.0,0.0,40.0,40.0,0.0,0.0,0.0,0.0,0.0,False
239,0.0012202902169702046,0.005648861238317898,0.007172673482222808,0.000303522026934705,0.0014531408732290085,0.0,0.0014531408732290085,0.0,0.0,140.0,140.0,0.0,0.0,140.0,140.0,0.0,0.0,0.0,0.0,0.0,False
240,0.003651295777720595,0.0008342791118216009,0.004916004484215891,0.00043042959467369524,0.016986129428001373,0.0,0.016986129428001373,0.0,0.0,20.0,20.0,0.0,0.0,20.0,20.0,0.0,0.0,0.0,0.0,0.0,False
241,0.00543449233169041,0.04773702186295248,0.055334596923912016,0.002163082729269128,0.001689686478070218,0.0,0.001689686478070218,0.0,0.0,500.0,500.0,0.0,0.0,500.0,500.0,0.0,0.0,0.0,0.0,0.0,False
242,0.008748925688576506,0.003056237568803903,0.012812278437782598,0.0010071151804021891,0.07702857154862963,0.0,0.07702857154862963,0.0,0.0,100.0,100.0,0.0,0.0,100.0,100.0,0.0,0.0,0.0,0.0,0.0,False
243,0.0032601581130974056,0.0005469943388078033,0.004381994668424205,0.0005748422165189962,0.013471499617023097,0.0,0.013471499617023097,0.0,0.0,50.0,50.0,0.0,0.0,50.0,50.0,0.0,0.0,0.0,0.0,0.0,False
244,0.007387904521670291,0.0036653441132378922,0.011626583025000192,0.000573334390092009,0.04430422536254852,0.0,0.04430422536254852,0.0,0.0,110.0,110.0,0.0,0.0,110.0,110.0,0.0,0.0,0.0,0.0,0.0,False
245,0.017375100255979603,0.0526493893849333,0.0762189016506859,0.006194412009772998,0.06404488849726153,0.0,0.06404488849726153,0.0,0.0,630.0,630.0,0.0,0.0,630.0,630.0,0.0,0.0,0.0,0.0,0.0,False
246,0.004662104363794703,0.004355963664050305,0.00926366176924491,0.0002455937413999021,0.024861754051554608,0.0,0.024861754051554608,0.0,0.0,100.0,100.0,0.0,0.0,100.0,100.0,0.0,0.0,0.0,0.0,0.0,False
247,0.016268719340357105,0.002575201048998804,0.019421705393155006,0.0005777850037990973,0.09208276274976374,0.0,0.09208276274976385,1.1102230246251565e-16,0.0,80.0,80.0,0.0,0.0,80.0,80.0,0.0,0.0,0.0,0.0,0.0,False
248,0.014854605483253902,0.0805416196323055,0.10123131723438,0.005835092118820606,0.03589566090474072,0.0,0.03589566090474072,0.0,0.0,820.0,820.0,0.0,0.0,820.0,820.0,0.0,0.0,0.0,0.0,0.0,False
249,0.01584080322873538,0.06501519160687896,0.0867620489108955,0.005906054075281164,0.01675576439225812,0.0,0.01675576439225812,0.0,0.0,610.0,620.0,10.0,0.0,610.0,620.0,10.0,0.0,0.0,0.0,0.0,False
250,0.003913679457508201,0.0019165916578329986,0.0063831275297384985,0.0005528564143972986,0.04725560471242568,0.0,0.04725560471242568,0.0,0.0,70.0,80.0,10.0,0.0,70.0,80.0,10.0,0.0,0.0,0.0,0.0,False
251,0.01433783013098669,0.0549137939095429,0.0746456340977173,0.005394010057187704,0.04511832225455559,0.0,0.04511832225455559,0.0,0.0,690.0,690.0,0.0,0.0,690.0,690.0,0.0,0.0,0.0,0.0,0.0,False
252,0.004471715996057404,0.000644044496743601,0.005139696701475696,2.3936208674690818e-05,0.04429561691709749,0.0,0.04429561691709749,0.0,0.0,40.0,40.0,0.0,0.0,40.0,40.0,0.0,0.0,0.0,0.0,0.0,False
253,0.0110363422582625,0.03332248064048082,0.04755382686999232,0.0031950039712489997,0.01844946896415356,0.0,0.01844946896415356,0.0,0.0,390.0,390.0,0.0,0.0,390.0,390.0,0.0,0.0,0.0,0.0,0.0,False
254,0.0018584095525387007,0.0052324580666232995,0.007530286672482997,0.00043941905332099684,0.01634797472768229,0.0,0.01634797472768229,0.0,0.0,140.0,140.0,0.0,0.0,140.0,140.0,0.0,0.0,0.0,0.0,0.0,False
255,0.004836697304284002,0.0016596667417378003,0.007222320375683704,0.0007259563296619018,0.04285835603608401,0.0,0.04285835603608401,0.0,0.0,60.0,60.0,0.0,0.0,60.0,60.0,0.0,0.0,0.0,0.0,0.0,False
256,0.014095187953175187,0.0215891625473342,0.0395129725777939,0.003828622077284516,0.03612121413996494,0.0,0.03612121413996494,0.0,0.0,400.0,400.0,0.0,0.0,400.0,400.0,0.0,0.0,0.0,0.0,0.0,False
257,0.005956578976347694,0.006633212034130399,0.0134905824661131,0.0009007914556350069,0.05867272440681859,0.0,0.05867272440681859,0.0,0.0,140.0,140.0,0.0,0.0,140.0,140.0,0.0,0.0,0.0,0.0,0.0,False
258,0.0028766114511971017,0.0009865044985208973,0.004090279978844202,0.00022716402912620337,0.03580191931541932,0.0,0.03580191931541932,0.0,0.0,30.0,30.0,0.0,0.0,30.0,30.0,0.0,0.0,0.0,0.0,0.0,False
259,0.01043761851836389,0.042074076659859405,0.059046042694553685,0.006534347516330391,0.04198834909162896,0.0,0.04198834909162896,0.0,0.0,560.0,560.0,0.0,0.0,560.0,560.0,0.0,0.0,0.0,0.0,0.0,False
260,0.006390359559574503,0.003140999613746996,0.0102226963676623,0.0006913371943408006,0.08765394705634744,0.0,0.08765394705634744,0.0,0.0,90.0,90.0,0.0,0.0,90.0,90.0,0.0,0.0,0.0,0.0,0.0,False
261,0.0009511091458803966,0.009411867780369287,0.010410245478553709,4.7268552304025047e-05,0.006105529678402721,0.0,0.006105529678402721,0.0,0.0,170.0,170.0,0.0,0.0,170.0,170.0,0.0,0.0,0.0,0.0,0.0,False
262,0.01574114817144931,0.03914461533570621,0.05969194912322631,0.004806185616070796,0.05532342178180083,0.0,0.05532342178180083,0.0,0.0,450.0,450.0,0.0,0.0,450.0,450.0,0.0,0.0,0.0,0.0,0.0,False
263,0.005503401737202485,0.06555940465544657,0.0742048702535133,0.0031420638608642415,0.0008757513044341803,0.0,0.0008757513044341803,0.0,0.0,710.0,710.0,0.0,0.0,710.0,710.0,0.0,0.0,0.0,0.0,0.0,False
264,0.012741083225913302,0.03838197387252093,0.0556396614956072,0.004516604397172969,0.023061055196772262,0.0,0.023061055196772262,0.0,0.0,480.0,480.0,0.0,0.0,480.0,480.0,0.0,0.0,0.0,0.0,0.0,False
265,0.006418755088096001,0.041420009248060885,0.0505439015077872,0.0027051371716303174,0.013634177830380345,0.0,0.013634177830380345,0.0,0.0,460.0,460.0,0.0,0.0,460.0,460.0,0.0,0.0,0.0,0.0,0.0,False
266,0.0030880576549520977,0.0016182686681853048,0.005294710785331003,0.0005883844621936002,0.02345132683306894,0.0,0.02345132683306894,0.0,0.0,70.0,70.0,0.0,0.0,70.0,70.0,0.0,0.0,0.0,0.0,0.0,False
267,0.0055808280534360155,0.015965067715481007,0.023032719470901103,0.0014868237019840802,0.012518098174509551,0.0,0.012518098174509551,0.0,0.0,270.0,270.0,0.0,0.0,270.0,270.0,0.0,0.0,0.0,0.0,0.0,False
268,0.008412404042462795,0.004633213381399409,0.013906856491999103,0.0008612390681368987,0.04375857795345639,0.0,0.04375857795345639,0.0,0.0,90.0,90.0,0.0,0.0,90.0,90.0,0.0,0.0,0.0,0.0,0.0,False
269,0.0045068384428582076,0.019449476307973,0.025536219114529912,0.0015799043636987031,0.02165596688543525,0.0,0.02165596688543525,0.0,0.0,280.0,280.0,0.0,0.0,280.0,280.0,0.0,0.0,0.0,0.0,0.0,False
270,0.0066555817045108046,0.05632813314358312,0.06796220879218542,0.0049784939440915,0.0032510204223854533,0.0,0.0032510204223854533,0.0,0.0,540.0,540.0,0.0,0.0,540.0,540.0,0.0,0.0,0.0,0.0,0.0,False
271,0.006419108986582406,0.026770808084247602,0.036064417695798615,0.0028745006249686067,0.009338428347250183,0.0,0.009338428347250183,0.0,0.0,530.0,530.0,0.0,0.0,530.0,530.0,0.0,0.0,0.0,0.0,0.0,False
272,0.0024222321036306282,0.04100691949248725,0.0452932848311518,0.0018641332350339268,-0.00014726275394572053,0.0,-0.00014726275394572053,0.0,0.0,520.0,520.0,0.0,0.0,520.0,520.0,0.0,0.0,0.0,0.0,0.0,False
273,0.011244874260658094,0.017097156062156588,0.029796081803312807,0.0014540514804981253,0.04577892943218431,0.0,0.04577892943218431,0.0,0.0,270.0,270.0,0.0,0.0,270.0,270.0,0.0,0.0,0.0,0.0,0.0,False
274,0.0009966060579982977,0.0,0.0009966060579982977,0.0,0.001766910679503575,0.0,0.001766910679503575,0.0,0.0,0.0,0.0,0.0,0.0,0.0,0.0,0.0,0.0,0.0,0.0,0.0,False
275,0.011338535533639393,0.014637937574176085,0.028352252438455905,0.0023757793306404262,0.023686100147575884,0.0,0.023686100147575884,0.0,0.0,280.0,280.0,0.0,0.0,280.0,280.0,0.0,0.0,0.0,0.0,0.0,False
276,0.0068744439348500976,5.0689504167100025e-05,0.006925133439017298,1.0061396160665481e-16,0.12163295361550214,0.0,0.12163295361550214,0.0,0.0,10.0,10.0,0.0,0.0,10.0,10.0,0.0,0.0,0.0,0.0,0.0,False
277,0.0024463366013538004,0.00026899051061640006,0.0028823333415934,0.00016700622962319972,0.0873904856204985,0.0,0.0873904856204985,0.0,0.0,20.0,20.0,0.0,0.0,20.0,20.0,0.0,0.0,0.0,0.0,0.0,False
278,0.0009422147658595115,0.010313306931287514,0.011482348938005899,0.0002268272408588734,0.001109937278397588,0.0,0.001109937278397588,0.0,0.0,140.0,140.0,0.0,0.0,140.0,140.0,0.0,0.0,0.0,0.0,0.0,False
279,0.0007744474661145005,0.0,0.0007744474661145005,0.0,0.03922641180174538,0.0,0.03922641180174538,0.0,0.0,0.0,0.0,0.0,0.0,0.0,0.0,0.0,0.0,0.0,0.0,0.0,False
280,0.007802965223135616,0.05517463325623828,0.06554540592589841,0.002567807446524517,0.015951000524553227,0.0,0.015951000524553227,0.0,0.0,560.0,760.0,200.0,0.0,560.0,760.0,200.0,0.0,0.0,0.0,0.0,False
281,0.003552100128292296,0.023062102716416122,0.02752024067849082,0.0009060378337824027,0.006850223678404599,0.0,0.006850223678404599,0.0,0.0,320.0,320.0,0.0,0.0,320.0,320.0,0.0,0.0,0.0,0.0,0.0,False
282,0.0008003750481999986,0.0,0.0008003750481999986,0.0,0.015987929728181194,0.0,0.015987929728181194,0.0,0.0,0.0,0.0,0.0,0.0,0.0,0.0,0.0,0.0,0.0,0.0,0.0,False
283,0.007895572941953505,0.02802721449464471,0.03825559223943209,0.0023328048028338766,0.020382209403670137,0.0,0.020382209403670137,0.0,0.0,520.0,540.0,20.0,0.0,520.0,540.0,20.0,0.0,0.0,0.0,0.0,False
284,0.017556655314297384,0.008315012063657201,0.028510802341530597,0.002639134963576012,0.10330728043327875,0.0,0.10330728043327875,0.0,0.0,150.0,150.0,0.0,0.0,150.0,150.0,0.0,0.0,0.0,0.0,0.0,False
285,0.0030267692349773,0.0029211352811423993,0.006624150451486996,0.0006762459353672964,0.034968335160449115,0.0,0.034968335160449115,0.0,0.0,100.0,100.0,0.0,0.0,100.0,100.0,0.0,0.0,0.0,0.0,0.0,False
286,0.014569716484167133,0.019685392584648992,0.035987775565808705,0.0017326664969925798,0.020086693915906007,0.0,0.020086693915906007,0.0,0.0,230.0,230.0,0.0,0.0,230.0,230.0,0.0,0.0,0.0,0.0,0.0,False
287,0.0,1.8936177590030134e-06,1.8936177590030134e-06,0.0,0.0,0.0,0.0,0.0,0.0,0.0,0.0,0.0,0.0,0.0,0.0,0.0,0.0,0.0,0.0,0.0,False
288,0.005250114125406491,0.026769877514108364,0.03488958845391221,0.002869596814397357,0.0011480032898824044,0.0,0.0011480032898824044,0.0,0.0,290.0,380.0,90.0,0.0,290.0,380.0,90.0,0.0,0.0,0.0,0.0,False
289,0.013664336073348604,0.06322619443788813,0.0815071684326929,0.004616637921456168,0.02772971481531028,0.0,0.02772971481531028,0.0,0.0,740.0,750.0,10.0,0.0,740.0,750.0,10.0,0.0,0.0,0.0,0.0,False
290,0.015426975941270404,0.010627804073589694,0.028458229951892303,0.0024034499370322038,0.07508145691973689,0.0,0.07508145691973689,0.0,0.0,210.0,210.0,0.0,0.0,210.0,210.0,0.0,0.0,0.0,0.0,0.0,False
291,0.0034944725324504017,0.004138395329021591,0.008452494124346802,0.0008196262628748091,0.012397831220239186,0.0,0.012397831220239186,0.0,0.0,110.0,110.0,0.0,0.0,110.0,110.0,0.0,0.0,0.0,0.0,0.0,False
292,0.0024574053160867984,0.004884888055286099,0.007384333540456596,4.2040169083698564e-05,0.029572992487109095,0.0,0.029572992487109095,0.0,0.0,140.0,140.0,0.0,0.0,140.0,140.0,0.0,0.0,0.0,0.0,0.0,False
293,0.0045948489038843965,0.006402155946217701,0.012148381240742995,0.0011513763906408972,0.06545586962537997,0.0,0.06545586962537997,0.0,0.0,120.0,130.0,10.0,0.0,120.0,130.0,10.0,0.0,0.0,0.0,0.0,False
294,0.0076123148570567956,0.008707953503567692,0.018368413560011898,0.0020481451993874106,0.04461395385199263,0.0,0.04461395385199263,0.0,0.0,170.0,190.0,20.0,0.0,170.0,190.0,20.0,0.0,0.0,0.0,0.0,False
295,0.011572784355906529,0.04033282069069194,0.055861074133261135,0.003955469086662666,0.010213732623630345,0.0,0.010213732623630345,0.0,0.0,460.0,470.0,10.0,0.0,460.0,470.0,10.0,0.0,0.0,0.0,0.0,False
296,0.0017777414705114,0.0008553808985463998,0.002690013205697901,5.689083664010136e-05,0.03218394401869129,0.0,0.03218394401869129,0.0,0.0,50.0,50.0,0.0,0.0,50.0,50.0,0.0,0.0,0.0,0.0,0.0,False
297,0.001228111755639208,0.019613714524845907,0.021209038712176206,0.0003672124316910913,0.008633366670891096,0.0,0.008633366670891096,0.0,0.0,250.0,250.0,0.0,0.0,250.0,250.0,0.0,0.0,0.0,0.0,0.0,False
298,0.013862513287747125,0.07312244337667761,0.09168529959497401,0.004700342930549273,0.024752585890342127,0.0,0.024752585890342127,0.0,0.0,840.0,840.0,0.0,0.0,840.0,840.0,0.0,0.0,0.0,0.0,0.0,False
299,0.01334093137419931,0.00870612698199491,0.024547780876730305,0.0025007225205360833,0.04866295372391494,0.0,0.04866295372391494,0.0,0.0,150.0,150.0,0.0,0.0,150.0,150.0,0.0,0.0,0.0,0.0,0.0,False
300,0.0037718815975995995,0.0027720324494156998,0.007184427532559601,0.0006405134855443015,0.026305060943821956,0.0,0.026305060943821956,0.0,0.0,110.0,110.0,0.0,0.0,110.0,110.0,0.0,0.0,0.0,0.0,0.0,False
301,0.001684427984452199,0.0,0.001684427984452199,0.0,0.049875364175547,0.0,0.049875364175547,0.0,0.0,0.0,0.0,0.0,0.0,0.0,0.0,0.0,0.0,0.0,0.0,0.0,False
302,0.002695642093179001,0.005634245183355199,0.009011667911217599,0.0006817806346833995,0.018802480333786203,0.0,0.018802480333786203,0.0,0.0,200.0,200.0,0.0,0.0,200.0,200.0,0.0,0.0,0.0,0.0,0.0,False
303,0.002969806810123897,0.00033713563832339644,0.0033463671242341952,3.942467578690184e-05,0.04399156993350806,0.0,0.04399156993350806,0.0,0.0,20.0,20.0,0.0,0.0,20.0,20.0,0.0,0.0,0.0,0.0,0.0,False
304,0.0072602465398101945,0.014479388348488387,0.0230262561488509,0.0012866212605523175,0.027951782547437243,0.0,0.027951782547437243,0.0,0.0,220.0,220.0,0.0,0.0,220.0,220.0,0.0,0.0,0.0,0.0,0.0,False
305,0.004081174942527702,0.002419164467599502,0.007237062888834106,0.0007367234787069021,0.02229513191546567,0.0,0.02229513191546567,0.0,0.0,80.0,90.0,10.0,0.0,80.0,90.0,10.0,0.0,0.0,0.0,0.0,False
306,0.003097729522916197,0.0009072031639724004,0.004085751905887294,8.081921899869698e-05,0.040609736608662406,0.0,0.040609736608662406,0.0,0.0,40.0,40.0,0.0,0.0,40.0,40.0,0.0,0.0,0.0,0.0,0.0,False
307,0.0043444811783834025,0.043658945911435515,0.0490661746195489,0.0010627475297299849,0.01216063018385749,0.0,0.01216063018385749,0.0,0.0,510.0,510.0,0.0,0.0,510.0,510.0,0.0,0.0,0.0,0.0,0.0,False
308,0.0,0.00031972333957569835,0.00031972333957569835,0.0,0.0,0.0,0.0,0.0,0.0,30.0,30.0,0.0,0.0,30.0,30.0,0.0,0.0,0.0,0.0,0.0,False
309,0.003121801045811501,0.06380623790519019,0.06946289764324978,0.002534858692248093,0.012379768076548503,0.0,0.012379768076548503,0.0,0.0,770.0,770.0,0.0,0.0,770.0,770.0,0.0,0.0,0.0,0.0,0.0,False
310,0.003366889602821402,0.009299297117010386,0.0139000520183504,0.0012338652985186133,0.001608784991840917,-4.0312198024139434e-13,0.0016087849918354769,3.9768188742073107e-13,0.0,200.0,200.0,0.0,0.0,200.0,200.0,0.0,0.0,0.0,0.0,0.0,False
311,0.01697000562957099,0.0252041625463926,0.047317496145737076,0.005143327969773487,0.0463494133564607,0.0,0.0463494133564607,0.0,0.0,340.0,360.0,20.0,0.0,340.0,360.0,20.0,0.0,0.0,0.0,0.0,False
312,0.01235514166361279,0.02088601848952598,0.03640824619898708,0.0031670860458483108,0.04493734611763056,0.0,0.04493734611763056,0.0,0.0,470.0,480.0,10.0,0.0,470.0,480.0,10.0,0.0,0.0,0.0,0.0,False
313,0.0019386255708715994,0.015859632999685402,0.018103170142694303,0.0003049115721373008,0.006434059409381909,0.0,0.006434059409381909,0.0,0.0,240.0,240.0,0.0,0.0,240.0,240.0,0.0,0.0,0.0,0.0,0.0,False
314,0.003660875238291894,0.0015364480864606955,0.005424379104855298,0.00022705578010270844,0.029798307523859202,0.0,0.029798307523859202,0.0,0.0,40.0,50.0,10.0,0.0,40.0,50.0,10.0,0.0,0.0,0.0,0.0,False
315,0.0016538065858481,0.0008941922210205996,0.002900205619984702,0.00035220681311600235,0.014485038876458078,0.0,0.014485038876458078,0.0,0.0,40.0,40.0,0.0,0.0,40.0,40.0,0.0,0.0,0.0,0.0,0.0,False
316,0.004061736323444101,0.014921644310020701,0.019351944001308782,0.0003685633678439798,0.023417175150988956,0.0,0.023417175150988956,0.0,0.0,200.0,200.0,0.0,0.0,200.0,200.0,0.0,0.0,0.0,0.0,0.0,False
317,0.011172165929495409,0.014887115479553709,0.028436614491886197,0.0023773330828370798,0.04839214738421593,0.0,0.04839214738421593,0.0,0.0,270.0,290.0,20.0,0.0,270.0,290.0,20.0,0.0,0.0,0.0,0.0,False
318,0.011056361123625402,0.007236777853821708,0.02135733699658171,0.0030641980191346008,0.06484481501477518,0.0,0.06484481501477518,0.0,0.0,150.0,160.0,10.0,0.0,150.0,160.0,10.0,0.0,0.0,0.0,0.0,False
319,0.003775439450097798,0.009405474405130294,0.014114885802437603,0.0009339719472095109,0.026376689705245093,0.0,0.026376689705245093,0.0,0.0,210.0,210.0,0.0,0.0,210.0,210.0,0.0,0.0,0.0,0.0,0.0,False
320,0.007939202594432787,0.014204189193901678,0.023082171912019084,0.0009387801236846183,0.018921129329307784,0.0,0.018921129329307784,0.0,0.0,220.0,220.0,0.0,0.0,220.0,220.0,0.0,0.0,0.0,0.0,0.0,False
321,0.007095462895529495,0.003595008376343592,0.011442549257163592,0.0007520779852905057,0.09037379901520753,0.0,0.09037379901520753,0.0,0.0,120.0,120.0,0.0,0.0,120.0,120.0,0.0,0.0,0.0,0.0,0.0,False
322,0.0143185623031373,0.01613862094809332,0.03290319403239242,0.0024460107811618004,0.09064823733390748,0.0,0.09064823733390748,0.0,0.0,260.0,270.0,10.0,0.0,260.0,270.0,10.0,0.0,0.0,0.0,0.0,False
323,0.0105416262423772,0.10117118348632947,0.11613778356591059,0.004424973837203916,0.011671315765199974,0.0,0.011671315765199974,0.0,0.0,1010.0,1010.0,0.0,0.0,1010.0,1010.0,0.0,0.0,0.0,0.0,0.0,False
324,0.007565568838202363,0.09231036954577837,0.1029807703747117,0.003104831990730972,0.0011145595907192662,0.0,0.0011145595907192662,0.0,0.0,930.0,930.0,0.0,0.0,930.0,930.0,0.0,0.0,0.0,0.0,0.0,False
325,0.010896314448585603,0.0050027402586581005,0.01749996737024101,0.0016009126629973058,0.09082677669908434,0.0,0.09082677669908434,0.0,0.0,110.0,110.0,0.0,0.0,110.0,110.0,0.0,0.0,0.0,0.0,0.0,False
326,0.00039189513946680243,0.005805544501027597,0.006342083795530397,0.00014464415503599726,0.007791814269105635,0.0,0.007791814269105635,0.0,0.0,140.0,140.0,0.0,0.0,140.0,140.0,0.0,0.0,0.0,0.0,0.0,False
327,0.0027968276279007054,0.0009428357167312051,0.003914275874945805,0.00017461253031389457,0.05285264936925432,0.0,0.05285264936925432,0.0,0.0,40.0,40.0,0.0,0.0,40.0,40.0,0.0,0.0,0.0,0.0,0.0,False
328,0.008311595410890701,0.02520324113118,0.0374507947233822,0.003935958181311497,0.05812742455550013,0.0,0.05812742455550013,0.0,0.0,380.0,380.0,0.0,0.0,380.0,380.0,0.0,0.0,0.0,0.0,0.0,False
329,0.0071748157696926995,0.007011298478323297,0.016056379169075,0.0018702649210590033,0.07539519128350669,0.0,0.07539519128350669,0.0,0.0,120.0,120.0,0.0,0.0,120.0,120.0,0.0,0.0,0.0,0.0,0.0,False
330,0.012435081508452794,0.09462685988230862,0.1124440256220881,0.005382084231326689,0.018110219563566843,0.0,0.018110219563566843,0.0,0.0,1040.0,1040.0,0.0,0.0,1040.0,1040.0,0.0,0.0,0.0,0.0,0.0,False
331,0.012604409333976496,0.018992328581569712,0.0357368856830142,0.004140147767467989,0.055522394284795995,0.0,0.055522394284795995,0.0,0.0,300.0,300.0,0.0,0.0,300.0,300.0,0.0,0.0,0.0,0.0,0.0,False
332,0.007094618553204701,0.028762578709998904,0.038375123775562514,0.002517926512358909,0.02168076372127492,0.0,0.02168076372127492,0.0,0.0,370.0,370.0,0.0,0.0,370.0,370.0,0.0,0.0,0.0,0.0,0.0,False
333,0.00624140945581253,0.03728471582068671,0.04543517640404943,0.0019090511275501876,0.006746737673027692,0.0,0.006746737673027692,0.0,0.0,450.0,460.0,10.0,0.0,450.0,460.0,10.0,0.0,0.0,0.0,0.0,False
334,0.0050255290559418075,0.0031140541462175986,0.008504455623121507,0.0003648724209621007,0.03953130899434981,0.0,0.03953130899434981,0.0,0.0,90.0,90.0,0.0,0.0,90.0,90.0,0.0,0.0,0.0,0.0,0.0,False
335,0.0034881829502795003,0.001588105771316295,0.005565439099823294,0.0004891503782274986,0.009556088225394554,0.0,0.009556088225394554,0.0,0.0,50.0,50.0,0.0,0.0,50.0,50.0,0.0,0.0,0.0,0.0,0.0,False
336,0.013118692122348605,0.008229148664004704,0.0236514679989224,0.00230362721256909,0.06114384771332482,0.0,0.06114384771332482,0.0,0.0,150.0,150.0,0.0,0.0,150.0,150.0,0.0,0.0,0.0,0.0,0.0,False
337,0.008951128585043808,0.006101813839586412,0.016355928658752003,0.0013029862341217835,0.05719604482918794,0.0,0.05719604482918794,0.0,0.0,140.0,140.0,0.0,0.0,140.0,140.0,0.0,0.0,0.0,0.0,0.0,False
338,0.01126620366656439,0.02638102124913269,0.04162167907813319,0.0039744541624361085,0.05373911984898849,0.0,0.05373911984898849,0.0,0.0,420.0,430.0,10.0,0.0,420.0,430.0,10.0,0.0,0.0,0.0,0.0,False
339,0.006239859222542304,0.01156931777226522,0.0197874885575324,0.001978311562724877,0.021161096014329805,0.0,0.021161096014329805,0.0,0.0,170.0,180.0,10.0,0.0,170.0,180.0,10.0,0.0,0.0,0.0,0.0,False
340,0.005941053758118708,0.014856980564500105,0.021395511902734393,0.0005974775801155796,0.0076218614365271,0.0,0.0076218614365271,0.0,0.0,270.0,270.0,0.0,0.0,270.0,270.0,0.0,0.0,0.0,0.0,0.0,False
341,0.0070382047072996,0.007862717486413706,0.0159351023505747,0.0010341801568613945,0.16275848217142197,0.0,0.16275848217142197,0.0,0.0,140.0,140.0,0.0,0.0,140.0,140.0,0.0,0.0,0.0,0.0,0.0,False
342,0.007045508797488914,0.013316820089129405,0.0220480779773424,0.0016857490907240813,0.01950360834719367,0.0,0.01950360834719367,0.0,0.0,210.0,210.0,0.0,0.0,210.0,210.0,0.0,0.0,0.0,0.0,0.0,False
343,0.006822762604403995,0.007986188051774104,0.01658148104442911,0.001772530388251009,0.0506709943131326,0.0,0.0506709943131326,0.0,0.0,150.0,150.0,0.0,0.0,150.0,150.0,0.0,0.0,0.0,0.0,0.0,False
344,0.008633549801766921,0.0377905660800803,0.0507284694777235,0.004304353595876276,0.02205324602334091,0.0,0.02205324602334091,0.0,0.0,480.0,480.0,0.0,0.0,480.0,480.0,0.0,0.0,0.0,0.0,0.0,False
345,0.003987065595150899,0.009262396912125395,0.014114629017405594,0.0008651665101293005,0.023714659686839612,0.0,0.023714659686839612,0.0,0.0,140.0,150.0,10.0,0.0,140.0,150.0,10.0,0.0,0.0,0.0,0.0,False
346,0.0,1.7232269281498847e-05,1.7232269281498847e-05,0.0,0.0,0.0,0.0,0.0,0.0,10.0,10.0,0.0,0.0,10.0,10.0,0.0,0.0,0.0,0.0,0.0,False
347,0.002049416040463402,0.0004765929426929008,0.0025260089831565004,1.97758476261356e-16,0.10119747827546871,0.0,0.10119747827546871,0.0,0.0,10.0,10.0,0.0,0.0,10.0,10.0,0.0,0.0,0.0,0.0,0.0,False
348,0.005500135921144594,0.040089786581910314,0.0480849927882632,0.0024950702852082896,0.011585795335867566,0.0,0.011585795335867566,0.0,0.0,440.0,440.0,0.0,0.0,440.0,440.0,0.0,0.0,0.0,0.0,0.0,False
349,0.0075490794086955915,0.02469587960197331,0.035197388965609894,0.002952429954940994,0.03270488641126368,0.0,0.03270488641126368,0.0,0.0,500.0,500.0,0.0,0.0,500.0,500.0,0.0,0.0,0.0,0.0,0.0,False
350,0.012076473163136703,0.06845009291849002,0.08595852029607981,0.005431954214453083,0.03368247795418,0.0,0.03368247795418,0.0,0.0,840.0,840.0,0.0,0.0,840.0,840.0,0.0,0.0,0.0,0.0,0.0,False
351,0.0026888890333077037,0.0016942229441800905,0.004713449448773291,0.00033033747128549673,0.027550730251936772,0.0,0.027550730251936772,0.0,0.0,40.0,50.0,10.0,0.0,40.0,50.0,10.0,0.0,0.0,0.0,0.0,False
352,0.0013110974552690002,0.0025251993284872987,0.0042450670461640985,0.0004087702624077996,0.023524284580709265,0.0,0.023524284580709265,0.0,0.0,80.0,80.0,0.0,0.0,80.0,80.0,0.0,0.0,0.0,0.0,0.0,False
353,0.007607585650327708,0.02448247408514881,0.0333752845288382,0.0012852247933616834,0.026856790328213753,0.0,0.026856790328213753,0.0,0.0,380.0,380.0,0.0,0.0,380.0,380.0,0.0,0.0,0.0,0.0,0.0,False
354,0.003665368998886004,0.0015459058243083024,0.0056865219271372,0.00047524710394289404,0.0293238493973762,0.0,0.0293238493973762,0.0,0.0,30.0,30.0,0.0,0.0,30.0,30.0,0.0,0.0,0.0,0.0,0.0,False
355,0.010061306174515089,0.0117345778799203,0.024109205014672203,0.0023133209602368143,0.026391844670905718,1.1102230246251565e-16,0.026391844670905718,-1.1102230246251565e-16,0.0,260.0,260.0,0.0,0.0,260.0,260.0,0.0,0.0,0.0,0.0,0.0,False
356,0.006694989411566307,0.011947744640132499,0.020751861995783105,0.002109127944084299,0.04511294293316709,0.0,0.04511294293316709,0.0,0.0,250.0,290.0,40.0,0.0,250.0,290.0,40.0,0.0,0.0,0.0,0.0,False
357,0.011938357538710004,0.0140464506770909,0.0302863168479518,0.004301508632150897,0.07084471319891777,0.0,0.07084471319891777,0.0,0.0,370.0,370.0,0.0,0.0,370.0,370.0,0.0,0.0,0.0,0.0,0.0,False
358,0.010102325136860102,0.038953365360386016,0.0529777335317142,0.003922043034468081,0.019711734226133704,0.0,0.019711734226133704,0.0,0.0,500.0,500.0,0.0,0.0,500.0,500.0,0.0,0.0,0.0,0.0,0.0,False
359,0.014672908028827286,0.035375463722049694,0.0543097803951558,0.004261408644278819,0.04755035788724171,0.0,0.04755035788724171,0.0,0.0,500.0,510.0,10.0,0.0,500.0,510.0,10.0,0.0,0.0,0.0,0.0,False
360,0.005577494515147899,0.0010253905267498947,0.006821476001624388,0.00021859095972659448,0.03640413179413676,0.0,0.03640413179413676,0.0,0.0,30.0,30.0,0.0,0.0,30.0,30.0,0.0,0.0,0.0,0.0,0.0,False
361,0.0062630938913569995,0.010465014255977706,0.01884600540220821,0.0021178972548735048,0.04622519032970973,0.0,0.04622519032970973,0.0,0.0,180.0,180.0,0.0,0.0,180.0,180.0,0.0,0.0,0.0,0.0,0.0,False
362,0.009299533709117208,0.0732676356633869,0.08741869821608611,0.004851528843582004,0.01351934037859992,0.0,0.01351934037859992,0.0,0.0,900.0,910.0,10.0,0.0,900.0,910.0,10.0,0.0,0.0,0.0,0.0,False
363,0.004061176152104495,0.0005847563909063963,0.004838370194802891,0.000192437651791999,0.00862760633419013,0.0,0.00862760633419013,0.0,0.0,30.0,30.0,0.0,0.0,30.0,30.0,0.0,0.0,0.0,0.0,0.0,False
364,0.004101962747727506,0.003698085801745299,0.008337008626969206,0.0005369600774964012,0.03504920525823019,0.0,0.03504920525823019,0.0,0.0,90.0,90.0,0.0,0.0,90.0,90.0,0.0,0.0,0.0,0.0,0.0,False
365,0.004431412913052407,0.017698008106041108,0.023518478842391194,0.0013890578232976791,0.013866091550445936,0.0,0.013866091550445936,0.0,0.0,440.0,440.0,0.0,0.0,440.0,440.0,0.0,0.0,0.0,0.0,0.0,False
366,0.0038578286349328916,0.00483378139408161,0.008992277275713195,0.0003006672466986937,0.002908989142328733,0.0,0.002908989142328733,0.0,0.0,140.0,140.0,0.0,0.0,140.0,140.0,0.0,0.0,0.0,0.0,0.0,False
367,0.011417582976192109,0.025087118539803416,0.03935920670791762,0.0028545051919220965,0.035592531867868704,0.0,0.035592531867868704,0.0,0.0,370.0,380.0,10.0,0.0,370.0,380.0,10.0,0.0,0.0,0.0,0.0,False
368,0.0030765775341278917,0.003745372322920701,0.0074374137994780015,0.0006154639424294089,4.774859238465545e-05,0.0,4.774859238465545e-05,0.0,0.0,50.0,130.0,80.0,0.0,50.0,130.0,80.0,0.0,0.0,0.0,0.0,False
369,0.010429855837799207,0.05985100220649939,0.07424174801963421,0.003960889975335613,0.014953201746191525,0.0,0.014953201746191525,0.0,0.0,750.0,770.0,20.0,0.0,750.0,770.0,20.0,0.0,0.0,0.0,0.0,False
370,0.011969205460245907,0.033740650638809905,0.04910810822041409,0.003398252121358275,0.03376866226865005,0.0,0.03376866226865005,0.0,0.0,510.0,510.0,0.0,0.0,510.0,510.0,0.0,0.0,0.0,0.0,0.0,False
371,0.00792005385030499,0.009711651037345795,0.01968325464495259,0.0020515497573018043,0.031146124625744398,0.0,0.031146124625744398,0.0,0.0,160.0,160.0,0.0,0.0,160.0,160.0,0.0,0.0,0.0,0.0,0.0,False
372,0.009289898123893803,0.04633217111128707,0.05791732628797519,0.0022952570527943195,0.02677720246983184,0.0,0.02677720246983184,0.0,0.0,600.0,600.0,0.0,0.0,600.0,600.0,0.0,0.0,0.0,0.0,0.0,False
373,0.012583120175471724,0.025539502985042206,0.04090951048819211,0.002786887327678178,0.04489323766367781,0.0,0.04489323766367781,0.0,0.0,360.0,360.0,0.0,0.0,360.0,360.0,0.0,0.0,0.0,0.0,0.0,False
374,0.011421796939235312,0.06384669985114971,0.07957378943149071,0.004305292641105685,0.02852876820861483,0.0,0.02852876820861483,0.0,0.0,770.0,770.0,0.0,0.0,770.0,770.0,0.0,0.0,0.0,0.0,0.0,False
375,0.01517464296958701,0.04769961939348852,0.0668011414895017,0.003926879126426169,0.05386577682632887,0.0,0.05386577682632887,0.0,0.0,420.0,420.0,0.0,0.0,420.0,420.0,0.0,0.0,0.0,0.0,0.0,False
376,0.0051752820878711026,0.0038693939933509974,0.009674518793240897,0.0006298427120187966,0.033165575512605405,0.0,0.033165575512605405,0.0,0.0,90.0,90.0,0.0,0.0,90.0,90.0,0.0,0.0,0.0,0.0,0.0,False
377,0.004139694111725309,0.001845144356235201,0.006313879475639411,0.0003290410076789013,0.03237603665811012,0.0,0.03237603665811012,0.0,0.0,60.0,60.0,0.0,0.0,60.0,60.0,0.0,0.0,0.0,0.0,0.0,False
378,0.005706014954121,0.0074259513971105945,0.014028202696416206,0.0008962363451846117,0.04733081916832671,0.0,0.04733081916832671,0.0,0.0,170.0,170.0,0.0,0.0,170.0,170.0,0.0,0.0,0.0,0.0,0.0,False
379,0.00503090938410411,0.016459952289704094,0.023713930264762095,0.0022230685909538916,-1.1099001147596432e-05,0.0,-1.1099001147596432e-05,0.0,0.0,320.0,320.0,0.0,0.0,320.0,320.0,0.0,0.0,0.0,0.0,0.0,False
380,0.005909512426282099,0.008162636959413494,0.015030405808077199,0.0009582564223816065,0.02730378732727856,0.0,0.02730378732727856,0.0,0.0,150.0,170.0,20.0,0.0,150.0,170.0,20.0,0.0,0.0,0.0,0.0,False
381,0.006256421077368998,0.005130165143785392,0.012123650075131998,0.000737063853977607,0.12011402153193929,0.0,0.12011402153193929,0.0,0.0,80.0,80.0,0.0,0.0,80.0,80.0,0.0,0.0,0.0,0.0,0.0,False
382,0.006730475947262171,0.05900042948914069,0.06909077592246787,0.0033598704860650086,0.000485069228607804,0.0,0.000485069228607804,0.0,0.0,780.0,790.0,10.0,0.0,780.0,790.0,10.0,0.0,0.0,0.0,0.0,False
383,0.005343666506449095,0.009029110000585892,0.016337738465200292,0.0019649619581653052,0.04342396172562979,0.0,0.04342396172562979,0.0,0.0,180.0,180.0,0.0,0.0,180.0,180.0,0.0,0.0,0.0,0.0,0.0,False
384,0.004924922689925698,0.019709478051329707,0.02586366493934268,0.0012292641980872765,0.014693084061742967,0.0,0.014693084061742967,0.0,0.0,340.0,340.0,0.0,0.0,340.0,340.0,0.0,0.0,0.0,0.0,0.0,False
385,0.007779377153944389,0.03800792025932781,0.047766780966083,0.0019794835528108012,0.01380824453668561,0.0,0.01380824453668561,0.0,0.0,430.0,430.0,0.0,0.0,430.0,430.0,0.0,0.0,0.0,0.0,0.0,False
386,0.007944795207996791,0.0386935261442406,0.049884339454143695,0.003246018101906306,0.025629591596168066,0.0,0.025629591596168066,0.0,0.0,540.0,540.0,0.0,0.0,540.0,540.0,0.0,0.0,0.0,0.0,0.0,False
387,0.008650252319500784,0.07540159847853489,0.08582327957290331,0.0017714287748676338,0.004657932712428203,0.0,0.004657932712428203,0.0,0.0,810.0,810.0,0.0,0.0,810.0,810.0,0.0,0.0,0.0,0.0,0.0,False
388,0.006179189151318681,0.006084545595455182,0.012934190607608892,0.0006704558608350286,0.04072794280265479,0.0,0.04072794280265479,0.0,0.0,100.0,100.0,0.0,0.0,100.0,100.0,0.0,0.0,0.0,0.0,0.0,False
389,0.005115199234938195,0.0049468203249175,0.011217054371968897,0.0011550348121132023,0.01655823714225041,0.0,0.01655823714225041,0.0,0.0,140.0,140.0,0.0,0.0,140.0,140.0,0.0,0.0,0.0,0.0,0.0,False
390,0.012386451942128784,0.0567227594584786,0.07306103423642957,0.003951822835822183,0.01833479910244551,0.0,0.01833479910244551,0.0,0.0,670.0,670.0,0.0,0.0,670.0,670.0,0.0,0.0,0.0,0.0,0.0,False
391,0.010219358889340696,0.030385908469717393,0.04435732161965439,0.003752054260596299,0.023311957217511337,0.0,0.023311957217511337,0.0,0.0,340.0,360.0,20.0,0.0,340.0,360.0,20.0,0.0,0.0,0.0,0.0,False
392,0.008665833686549607,0.015070411010741913,0.025767981832453213,0.002031737135161693,0.032058389243265706,0.0,0.032058389243265706,0.0,0.0,190.0,190.0,0.0,0.0,190.0,190.0,0.0,0.0,0.0,0.0,0.0,False
393,0.005585610948628292,0.0059466027818782935,0.012186137547923095,0.0006539238174165102,0.04954759236412909,0.0,0.04954759236412909,0.0,0.0,130.0,130.0,0.0,0.0,130.0,130.0,0.0,0.0,0.0,0.0,0.0,False
394,0.017663460494955208,0.04137257596761129,0.065713546893996,0.006677510431429501,0.08197712343699659,0.0,0.08197712343699659,0.0,0.0,580.0,580.0,0.0,0.0,580.0,580.0,0.0,0.0,0.0,0.0,0.0,False
395,0.007717927929617008,0.015798461741657915,0.025213998768802204,0.0016976090975272806,0.02581402974611713,0.0,0.02581402974611713,0.0,0.0,220.0,230.0,10.0,0.0,220.0,230.0,10.0,0.0,0.0,0.0,0.0,False
396,0.015697861398156605,0.0027236142304585056,0.019341977567901895,0.0009205019392867844,0.1312515763216906,0.0,0.1312515763216906,0.0,0.0,110.0,110.0,0.0,0.0,110.0,110.0,0.0,0.0,0.0,0.0,0.0,False
397,0.013832142362378591,0.014981473997285291,0.03216875243100509,0.0033551360713412054,0.07096553904372294,0.0,0.07096553904372294,0.0,0.0,360.0,360.0,0.0,0.0,360.0,360.0,0.0,0.0,0.0,0.0,0.0,False
398,0.0,0.0030117506421091997,0.0030117506421091997,0.0,0.0,0.0,0.0,0.0,0.0,90.0,90.0,0.0,0.0,90.0,90.0,0.0,0.0,0.0,0.0,0.0,False
399,0.003347212160497097,0.0008660287769685013,0.004293499345439898,8.02584079742999e-05,0.05852411048349859,0.0,0.05852411048349859,0.0,0.0,30.0,30.0,0.0,0.0,30.0,30.0,0.0,0.0,0.0,0.0,0.0,False
400,0.004660866993638407,0.009160613883460803,0.014308579580705805,0.0004870987036065949,0.02925943661591046,0.0,0.02925943661591046,0.0,0.0,150.0,150.0,0.0,0.0,150.0,150.0,0.0,0.0,0.0,0.0,0.0,False
401,0.0028089324107757885,0.0122915522386354,0.015967597863379396,0.000867113213968207,0.0034606554381939603,0.0,0.0034606554381939603,0.0,0.0,260.0,260.0,0.0,0.0,260.0,260.0,0.0,0.0,0.0,0.0,0.0,False
402,0.0007688230011968986,0.0020678163782529985,0.003312157492927695,0.00047551811347779777,0.0260490397645482,0.0,0.0260490397645482,0.0,0.0,60.0,60.0,0.0,0.0,60.0,60.0,0.0,0.0,0.0,0.0,0.0,False
403,0.00691969220908209,0.019884036747112394,0.028453811824074193,0.0016500828678797097,0.025460480155788723,0.0,0.025460480155788723,0.0,0.0,270.0,270.0,0.0,0.0,270.0,270.0,0.0,0.0,0.0,0.0,0.0,False
404,0.0079643959753809,0.005654424691315205,0.014967594645307905,0.0013487739786118003,0.05156548146472906,0.0,0.05156548146472906,0.0,0.0,110.0,110.0,0.0,0.0,110.0,110.0,0.0,0.0,0.0,0.0,0.0,False
405,0.010739477764988403,0.05649633246641783,0.07138413209094391,0.004148321859537674,0.007688285788303384,0.0,0.007688285788303384,0.0,0.0,690.0,700.0,10.0,0.0,690.0,700.0,10.0,0.0,0.0,0.0,0.0,False
406,0.0006096539636829962,0.0017722394308836986,0.0024017610262565964,1.9867631689901577e-05,0.002212912583396953,0.0,0.002212912583396953,0.0,0.0,50.0,50.0,0.0,0.0,50.0,50.0,0.0,0.0,0.0,0.0,0.0,False
407,0.009609005540037685,0.05861265077182429,0.07477529570094349,0.006553639389081517,0.03332764022389667,0.0,0.03332764022389667,0.0,0.0,690.0,690.0,0.0,0.0,690.0,690.0,0.0,0.0,0.0,0.0,0.0,False
408,0.0,0.0001209419177552011,0.0001209419177552011,0.0,0.0,0.0,0.0,0.0,0.0,20.0,20.0,0.0,0.0,20.0,20.0,0.0,0.0,0.0,0.0,0.0,False
409,0.004189651028530403,0.006938774775971504,0.0115937409015031,0.00046531509700119267,0.02678554558212709,0.0,0.02678554558212709,0.0,0.0,170.0,170.0,0.0,0.0,170.0,170.0,0.0,0.0,0.0,0.0,0.0,False
410,0.008750029607456106,0.07385632545605231,0.08621645034566089,0.0036100952821524757,0.014162338671081298,0.0,0.014162338671081298,0.0,0.0,1000.0,1010.0,10.0,0.0,1000.0,1010.0,10.0,0.0,0.0,0.0,0.0,False
411,0.010462112521047097,0.0010927296458728003,0.012484493197151898,0.000929651030232001,0.08224800215484782,0.0,0.08224800215484782,0.0,0.0,50.0,60.0,10.0,0.0,50.0,60.0,10.0,0.0,0.0,0.0,0.0,False
412,0.023878782105387297,0.009509841940367497,0.03805335221030551,0.004664728164550713,0.058986336369921455,0.0,0.058986336369921455,0.0,0.0,150.0,150.0,0.0,0.0,150.0,150.0,0.0,0.0,0.0,0.0,0.0,False
413,0.0075853107205130915,0.011262408144183,0.0207363353597656,0.001888616495069509,0.06774105300841249,4.996003610813204e-16,0.06774105300841182,-1.1657341758564144e-15,0.0,200.0,200.0,0.0,0.0,200.0,200.0,0.0,0.0,0.0,0.0,0.0,False
414,0.011064854419605502,0.012068715736152702,0.025997344158348798,0.002863774002590594,0.061625570239356775,0.0,0.061625570239356775,0.0,0.0,250.0,250.0,0.0,0.0,250.0,250.0,0.0,0.0,0.0,0.0,0.0,False
415,0.0014661838816086986,0.0103232425529267,0.011973025487610103,0.00018359905307470392,1.920730062154874e-05,0.0,1.920730062154874e-05,0.0,0.0,180.0,180.0,0.0,0.0,180.0,180.0,0.0,0.0,0.0,0.0,0.0,False
416,0.00398373313186251,0.00535344891607871,0.00966439211415221,0.00032721006621098947,6.431070078610768e-05,0.0,6.431070078610768e-05,0.0,0.0,140.0,140.0,0.0,0.0,140.0,140.0,0.0,0.0,0.0,0.0,0.0,False
417,0.0076875303422344055,0.007610167567049103,0.016367605304455496,0.0010699073951719873,0.0669657475828751,0.0,0.0669657475828751,0.0,0.0,160.0,160.0,0.0,0.0,160.0,160.0,0.0,0.0,0.0,0.0,0.0,False
418,0.0041106812745489996,0.006792099995591605,0.012900275199395808,0.0019974939292552035,0.0212561199385381,0.0,0.0212561199385381,0.0,0.0,180.0,180.0,0.0,0.0,180.0,180.0,0.0,0.0,0.0,0.0,0.0,False
419,0.0143592727384452,0.036419427724950715,0.05530186109214702,0.004523160628751105,0.04024533527940932,0.0,0.04024533527940932,0.0,0.0,490.0,500.0,10.0,0.0,490.0,500.0,10.0,0.0,0.0,0.0,0.0,False
420,0.004175596207527804,0.0022510798370071056,0.006557118431095799,0.0001304423865608889,0.027064846872395354,0.0,0.027064846872395354,0.0,0.0,80.0,80.0,0.0,0.0,80.0,80.0,0.0,0.0,0.0,0.0,0.0,False
421,0.0036274640393779978,0.010296845134243698,0.015771055473896095,0.001846746300274399,0.0325480845406767,0.0,0.0325480845406767,0.0,0.0,250.0,250.0,0.0,0.0,250.0,250.0,0.0,0.0,0.0,0.0,0.0,False
422,0.006892670826081415,0.03079794203587488,0.03884120052093892,0.001150587658982627,0.004512205452474771,0.0,0.004512205452474771,0.0,0.0,340.0,350.0,10.0,0.0,340.0,350.0,10.0,0.0,0.0,0.0,0.0,False
423,0.006128533245718409,0.027134203036831422,0.035634506932502,0.0023717706499521707,0.01213643126708619,0.0,0.01213643126708619,0.0,0.0,310.0,310.0,0.0,0.0,310.0,310.0,0.0,0.0,0.0,0.0,0.0,False
424,0.009399894772628398,0.018246706263128798,0.029913460526115515,0.0022668594903583195,0.018365756717840576,0.0,0.018365756717840576,0.0,0.0,290.0,300.0,10.0,0.0,290.0,300.0,10.0,0.0,0.0,0.0,0.0,False
425,0.010289078623992698,0.0490731714918215,0.0630969445010714,0.003734694385257198,0.013465187162241321,0.0,0.013465187162241321,0.0,0.0,620.0,620.0,0.0,0.0,620.0,620.0,0.0,0.0,0.0,0.0,0.0,False
426,0.00865625619212071,0.03071770982878791,0.043836093835515316,0.004462127814606698,0.029977300966256948,0.0,0.029977300966256948,0.0,0.0,300.0,300.0,0.0,0.0,300.0,300.0,0.0,0.0,0.0,0.0,0.0,False
427,0.0047198018337477055,5.2447034117004965e-05,0.0047722488678647035,-6.938893903907228e-18,0.04795241321898902,0.0,0.04795241321898902,0.0,0.0,20.0,20.0,0.0,0.0,20.0,20.0,0.0,0.0,0.0,0.0,0.0,False
428,0.002653377423780398,2.970534929269686e-05,0.002790275757880295,0.00010719298480720008,0.03048118034400532,0.0,0.03048118034400532,0.0,0.0,20.0,20.0,0.0,0.0,20.0,20.0,0.0,0.0,0.0,0.0,0.0,False
429,0.0,0.002953201652342606,0.002953201652342606,0.0,0.0,0.0,0.0,0.0,0.0,90.0,90.0,0.0,0.0,90.0,90.0,0.0,0.0,0.0,0.0,0.0,False
430,0.004478014042673589,0.010098464936799306,0.014857914491631902,0.0002814355121590062,0.020980138591206066,0.0,0.020980138591206066,0.0,0.0,150.0,150.0,0.0,0.0,150.0,150.0,0.0,0.0,0.0,0.0,0.0,False
431,0.008865186120756596,0.07826966418083231,0.0902391003203375,0.003104250018748589,0.010315332874940353,0.0,0.010315332874940353,0.0,0.0,890.0,890.0,0.0,0.0,890.0,890.0,0.0,0.0,0.0,0.0,0.0,False
432,0.006332670990104497,0.0,0.006332670990104497,0.0,0.08570616081464055,0.0,0.08570616081464055,0.0,0.0,0.0,0.0,0.0,0.0,0.0,0.0,0.0,0.0,0.0,0.0,0.0,False
433,0.001940441670549492,0.01466910151758749,0.017021932188404004,0.00041238900026702163,0.008158518505561485,0.0,0.008158518505561485,0.0,0.0,260.0,260.0,0.0,0.0,260.0,260.0,0.0,0.0,0.0,0.0,0.0,False
434,0.003989753804547205,0.0088297280551672,0.013787582475321108,0.000968100615606704,0.008096604223431614,0.0,0.008096604223431614,0.0,0.0,190.0,190.0,0.0,0.0,190.0,190.0,0.0,0.0,0.0,0.0,0.0,False
435,0.006959524217491103,0.0354998823856022,0.04620509517608831,0.0037456885729950096,0.028980200551542046,0.0,0.028980200551542046,0.0,0.0,330.0,330.0,0.0,0.0,330.0,330.0,0.0,0.0,0.0,0.0,0.0,False
436,0.009324948979529901,0.048301072812649504,0.0609303195889333,0.0033042977967538967,0.005752539978310045,0.0,0.005752539978310045,0.0,0.0,610.0,630.0,20.0,0.0,610.0,630.0,20.0,0.0,0.0,0.0,0.0,False
437,0.0046591036338475,0.006869744691853502,0.012729230910045401,0.001200382584344399,0.0573400191018939,-5.828670879282072e-15,0.05734001910189179,3.7192471324942744e-15,0.0,170.0,170.0,0.0,0.0,170.0,170.0,0.0,0.0,0.0,0.0,0.0,False
438,0.007423211334179489,0.03331500135133199,0.04375500802032921,0.0030167953348177318,0.029857009921769706,0.0,0.029857009921769706,0.0,0.0,600.0,600.0,0.0,0.0,600.0,600.0,0.0,0.0,0.0,0.0,0.0,False
439,0.006535615808009182,0.02505624213874208,0.03474116266729527,0.003149304720544005,0.0014560612377039206,0.0,0.0014560612377039206,0.0,0.0,330.0,330.0,0.0,0.0,330.0,330.0,0.0,0.0,0.0,0.0,0.0,False
440,0.01174403627648088,0.03727747527942096,0.05261267042010889,0.00359115886420705,0.024968182588009258,0.0,0.024968182588009258,0.0,0.0,530.0,530.0,0.0,0.0,530.0,530.0,0.0,0.0,0.0,0.0,0.0,False
441,0.004578967835976,0.005423113318010694,0.010790421991330804,0.0007883408373441092,0.012308094197373776,0.0,0.012308094197373776,0.0,0.0,90.0,90.0,0.0,0.0,90.0,90.0,0.0,0.0,0.0,0.0,0.0,False
442,0.0068158356683397925,0.015860778305976903,0.02381227117226531,0.001135657197948614,0.02687711497253842,0.0,0.02687711497253842,0.0,0.0,250.0,250.0,0.0,0.0,250.0,250.0,0.0,0.0,0.0,0.0,0.0,False
443,0.008321723877380893,0.030553828316291498,0.04088131907764808,0.0020057668839756904,0.10927810179313713,0.0,0.10927810179313713,0.0,0.0,410.0,420.0,10.0,0.0,410.0,420.0,10.0,0.0,0.0,0.0,0.0,False
444,0.0,0.0,0.0,0.0,0.0,0.0,0.0,0.0,0.0,0.0,0.0,0.0,0.0,0.0,0.0,0.0,0.0,0.0,0.0,0.0,False
445,0.008343642925217803,0.030348840463989113,0.04174706206321832,0.0030545786740114045,0.01180686539324216,0.0,0.01180686539324216,0.0,0.0,580.0,580.0,0.0,0.0,580.0,580.0,0.0,0.0,0.0,0.0,0.0,False
446,0.007830102329782498,0.008706844914282308,0.019290986533869,0.0027540392898041943,0.04477191944549358,0.0,0.04477191944549358,0.0,0.0,230.0,230.0,0.0,0.0,230.0,230.0,0.0,0.0,0.0,0.0,0.0,False
447,0.003687672734119199,0.0232071387669448,0.027697436706486195,0.0008026252054221944,0.03323946312883741,0.0,0.03323946312883741,0.0,0.0,420.0,420.0,0.0,0.0,420.0,420.0,0.0,0.0,0.0,0.0,0.0,False
448,0.002039339212770795,0.001284333650054495,0.0035507069327574,0.00022703406993210967,0.03257635963791383,0.0,0.03257635963791383,0.0,0.0,50.0,60.0,10.0,0.0,50.0,60.0,10.0,0.0,0.0,0.0,0.0,False
449,0.009146778196121197,0.07032617582808467,0.08409360387916018,0.004620649854954306,0.0383198206542642,0.0,0.0383198206542642,0.0,0.0,800.0,800.0,0.0,0.0,800.0,800.0,0.0,0.0,0.0,0.0,0.0,False
450,0.006607082201616821,0.0167212525721675,0.024991595674829503,0.0016632609010451826,0.043177176925608185,3.644862189844389e-13,0.043177176925613736,-3.589351038613131e-13,0.0,270.0,270.0,0.0,0.0,270.0,270.0,0.0,0.0,0.0,0.0,0.0,False
451,0.005395096857602005,0.02125049611241081,0.028390164805871393,0.0017445718358585771,0.025545679064159832,1.1102230246251565e-16,0.025545679064159832,-1.1102230246251565e-16,0.0,320.0,320.0,0.0,0.0,320.0,320.0,0.0,0.0,0.0,0.0,0.0,False
452,0.008736598904654488,0.02752560174594139,0.03896733817651209,0.0027051375259162097,0.04162921453179791,0.0,0.04162921453179791,0.0,0.0,420.0,430.0,10.0,0.0,420.0,430.0,10.0,0.0,0.0,0.0,0.0,False
453,0.0118838523638733,1.8999912843500888e-05,0.0119028522767168,0.0,0.16665253898488364,2.220446049250313e-16,0.16665253898488364,-2.220446049250313e-16,0.0,10.0,10.0,0.0,0.0,10.0,10.0,0.0,0.0,0.0,0.0,0.0,False
454,0.006838952974555612,0.0095543917332995,0.01778953274077219,0.0013961880329170784,0.02809739681382284,0.0,0.02809739681382284,0.0,0.0,180.0,180.0,0.0,0.0,180.0,180.0,0.0,0.0,0.0,0.0,0.0,False
455,0.005898738880437897,1.6260307219399806e-05,0.0059149991876573035,6.938893903907228e-18,0.061001063192053506,0.0,0.061001063192053506,0.0,0.0,0.0,0.0,0.0,0.0,0.0,0.0,0.0,0.0,0.0,0.0,0.0,False
456,0.00399977929647731,0.008155401696052209,0.013032696469445312,0.0008775154769157939,0.0039501893312755,0.0,0.0039501893312755,0.0,0.0,200.0,200.0,0.0,0.0,200.0,200.0,0.0,0.0,0.0,0.0,0.0,False
457,0.008391863668205796,0.003807845952673694,0.012957388123828198,0.0007576785029487082,0.04071160116570499,0.0,0.04071160116570499,0.0,0.0,110.0,110.0,0.0,0.0,110.0,110.0,0.0,0.0,0.0,0.0,0.0,False
458,0.018155000105157998,0.006685833917634998,0.028770477801243893,0.0039296437784508975,0.06120865539468673,0.0,0.06120865539468673,0.0,0.0,170.0,180.0,10.0,0.0,170.0,180.0,10.0,0.0,0.0,0.0,0.0,False
459,0.005768699869539207,0.0110203667364598,0.01899151357454501,0.002202446968546004,0.03739739037310241,0.0,0.03739739037310241,0.0,0.0,250.0,260.0,10.0,0.0,250.0,260.0,10.0,0.0,0.0,0.0,0.0,False
460,0.0053370478044453,0.019919345221205698,0.027260566090979904,0.002004173065328907,0.0037929933017948336,0.0,0.0037929933017948336,0.0,0.0,340.0,350.0,10.0,0.0,340.0,350.0,10.0,0.0,0.0,0.0,0.0,False
461,0.0048269764193288045,0.0074191020354847995,0.013514470004147495,0.0012683915493338915,0.04950364178875333,0.0,0.04950364178875333,0.0,0.0,150.0,150.0,0.0,0.0,150.0,150.0,0.0,0.0,0.0,0.0,0.0,False
462,0.006324044699726798,0.006691693938996095,0.013877024032765105,0.0008612853940422119,0.13997459362998022,0.0,0.13997459362998022,0.0,0.0,140.0,140.0,0.0,0.0,140.0,140.0,0.0,0.0,0.0,0.0,0.0,False
463,0.0,0.0019398836941038992,0.0019398836941038992,0.0,0.0,0.0,0.0,0.0,0.0,60.0,60.0,0.0,0.0,60.0,60.0,0.0,0.0,0.0,0.0,0.0,False
464,0.021803829491086724,0.051578816908883884,0.07859099566476169,0.005208349264791079,0.01007080783251224,0.0,0.01007080783251224,0.0,0.0,600.0,600.0,0.0,0.0,600.0,600.0,0.0,0.0,0.0,0.0,0.0,False
465,0.016716468176311894,0.05797872596702991,0.08192721098597139,0.007232016842629585,0.03870615513274345,-8.992806499463768e-15,0.038706155132748776,1.432187701766452e-14,0.0,730.0,730.0,0.0,0.0,730.0,730.0,0.0,0.0,0.0,0.0,0.0,False
466,0.00528719628903801,0.017109781740731106,0.0240577945662101,0.0016608165364409844,0.027712281442905606,0.0,0.027712281442905606,0.0,0.0,380.0,380.0,0.0,0.0,380.0,380.0,0.0,0.0,0.0,0.0,0.0,False
467,0.006131410536818871,0.08226907881483209,0.09049458195099397,0.0020940925993430115,0.010910732362252817,0.0,0.010910732362252817,0.0,20.0,800.0,870.0,50.0,20.0,800.0,870.0,50.0,0.0,0.0,0.0,0.0,False
468,0.0128933218533933,0.002802642284039897,0.016785160465185592,0.0010891963277523953,0.25210359763438916,0.0,0.25210359763438916,0.0,0.0,110.0,110.0,0.0,0.0,110.0,110.0,0.0,0.0,0.0,0.0,0.0,False
469,0.00771453282344689,0.01908626172803199,0.02820910677985461,0.0014083122283757299,0.03272572629653836,0.0,0.03272572629653836,0.0,0.0,300.0,300.0,0.0,0.0,300.0,300.0,0.0,0.0,0.0,0.0,0.0,False
470,0.003939113672800504,0.004267871194051198,0.008827096429792,0.0006201115629402981,0.03281485977088461,0.0,0.03281485977088461,0.0,0.0,70.0,70.0,0.0,0.0,70.0,70.0,0.0,0.0,0.0,0.0,0.0,False
471,0.011268357318268502,0.014942546981916494,0.029536131555943784,0.003325227255758789,0.05176464546107806,0.0,0.05176464546107806,0.0,0.0,190.0,200.0,10.0,0.0,190.0,200.0,10.0,0.0,0.0,0.0,0.0,False
472,0.009736590868470812,0.041975896968897114,0.054865484729431424,0.0031529968920634976,0.016857231290646757,0.0,0.016857231290646757,0.0,0.0,520.0,520.0,0.0,0.0,520.0,520.0,0.0,0.0,0.0,0.0,0.0,False
473,0.004667750929839315,0.04196363758425489,0.049347959708257394,0.0027165711941631865,0.013432398865237616,0.0,0.013432398865237616,0.0,0.0,520.0,520.0,0.0,0.0,520.0,520.0,0.0,0.0,0.0,0.0,0.0,False
474,0.0011011612963312961,0.005469017351108205,0.006661938026142206,9.17593787027049e-05,0.0001088410287438113,0.0,0.0001088410287438113,0.0,0.0,120.0,120.0,0.0,0.0,120.0,120.0,0.0,0.0,0.0,0.0,0.0,False
475,0.012933812559507402,0.009904637471742292,0.025165180385060798,0.0023267303538111045,0.2061246068712984,0.0,0.2061246068712984,0.0,0.0,220.0,220.0,0.0,0.0,220.0,220.0,0.0,0.0,0.0,0.0,0.0,False
476,0.011255634233240802,0.01683450628710151,0.029775823427469178,0.0016856829071268675,0.015177585604307042,0.0,0.015177585604307042,0.0,0.0,230.0,230.0,0.0,0.0,230.0,230.0,0.0,0.0,0.0,0.0,0.0,False
477,0.006564418394013699,0.014639343898540907,0.02197242784518652,0.0007686655526319142,0.019584744477926574,0.0,0.019584744477926574,0.0,0.0,210.0,210.0,0.0,0.0,210.0,210.0,0.0,0.0,0.0,0.0,0.0,False
478,0.015974389765275404,0.06101395033239401,0.08166572588238327,0.004677385784713856,0.02062150640998761,0.0,0.02062150640998761,0.0,0.0,640.0,640.0,0.0,0.0,640.0,640.0,0.0,0.0,0.0,0.0,0.0,False
479,0.001601559793830712,0.0015745489410322056,0.003472897147416512,0.00029678841255359467,0.0048099581497683674,0.0,0.0048099581497683674,0.0,0.0,40.0,40.0,0.0,0.0,40.0,40.0,0.0,0.0,0.0,0.0,0.0,False
480,0.0075592396051680985,0.005246701386666899,0.0139945971523628,0.0011886561605278026,0.08559593240782964,0.0,0.08559593240782964,0.0,0.0,120.0,120.0,0.0,0.0,120.0,120.0,0.0,0.0,0.0,0.0,0.0,False
481,0.006049619449654597,0.010893086142913011,0.017749190073745397,0.0008064844811777883,0.017926891975022397,0.0,0.017926891975022397,0.0,0.0,190.0,190.0,0.0,0.0,190.0,190.0,0.0,0.0,0.0,0.0,0.0,False
482,0.005663432451609912,0.004122129691483317,0.010399322488168605,0.0006137603450753759,0.011752940271884116,0.0,0.011752940271884116,0.0,0.0,70.0,70.0,0.0,0.0,70.0,70.0,0.0,0.0,0.0,0.0,0.0,False
483,0.014449395887304928,0.0565808673972269,0.07637469875751529,0.0053444354729834664,0.027356207850576797,0.0,0.027356207850576797,0.0,0.0,680.0,680.0,0.0,0.0,680.0,680.0,0.0,0.0,0.0,0.0,0.0,False
484,0.0019828986653579184,0.05264577192548239,0.058026844117104986,0.003398173526264675,0.0028745929690572325,0.0,0.0028745929690572325,0.0,0.0,510.0,510.0,0.0,0.0,510.0,510.0,0.0,0.0,0.0,0.0,0.0,False
485,0.020493738822411123,0.043306330668264115,0.06937984438351252,0.005579774892837286,0.06567577731639851,0.0,0.06567577731639851,0.0,0.0,520.0,520.0,0.0,0.0,520.0,520.0,0.0,0.0,0.0,0.0,0.0,False
486,0.004960113388374404,0.007112671847274599,0.0133256552799811,0.0012528700443320967,0.06530645202352381,0.0,0.06530645202352381,0.0,0.0,190.0,190.0,0.0,0.0,190.0,190.0,0.0,0.0,0.0,0.0,0.0,False
487,0.002763172331574776,0.0191292693972287,0.022575584952386374,0.0006831432235828994,0.01349230053300754,0.0,0.01349230053300754,0.0,0.0,290.0,290.0,0.0,0.0,290.0,290.0,0.0,0.0,0.0,0.0,0.0,False
488,0.007012971257148698,0.0343251519844561,0.04467302308216939,0.0033348998405645924,0.008953118041506447,0.0,0.008953118041506447,0.0,0.0,400.0,400.0,0.0,0.0,400.0,400.0,0.0,0.0,0.0,0.0,0.0,False
489,0.009793348964203905,0.002815015933419193,0.013575808789758698,0.0009674438921355999,0.04236629194415564,0.0,0.04236629194415564,0.0,0.0,80.0,90.0,10.0,0.0,80.0,90.0,10.0,0.0,0.0,0.0,0.0,False
490,0.0068668086602433065,0.0014733323584533997,0.008567250230983509,0.00022710921228680236,0.06723900449848363,0.0,0.06723900449848363,0.0,0.0,50.0,50.0,0.0,0.0,50.0,50.0,0.0,0.0,0.0,0.0,0.0,False
491,0.012407038942101212,0.044295753362964096,0.0638483582176918,0.007145565912626495,0.05679990880405528,0.0,0.05679990880405528,0.0,0.0,640.0,650.0,10.0,0.0,640.0,650.0,10.0,0.0,0.0,0.0,0.0,False
492,0.004260424577304703,0.0027931857685589007,0.007355717073286805,0.00030210672742320144,0.031282430048212184,0.0,0.031282430048212184,0.0,0.0,80.0,80.0,0.0,0.0,80.0,80.0,0.0,0.0,0.0,0.0,0.0,False
493,0.007271677149201794,0.08843261923553683,0.10035186189094111,0.004647565506202489,0.029424588712797295,0.0,0.029424588712797295,0.0,0.0,960.0,960.0,0.0,0.0,960.0,960.0,0.0,0.0,0.0,0.0,0.0,False
494,0.004516259232408601,0.0012808803151531031,0.0064029007554049985,0.0006057612078432945,0.06132822260233306,0.0,0.06132822260233306,0.0,0.0,40.0,50.0,10.0,0.0,40.0,50.0,10.0,0.0,0.0,0.0,0.0,False
495,0.010964350022409586,0.013615200722541188,0.027765488597157384,0.0031859378522066106,0.04200556091573404,0.0,0.04200556091573404,0.0,0.0,290.0,290.0,0.0,0.0,290.0,290.0,0.0,0.0,0.0,0.0,0.0,False
496,0.005005878906346808,0.005781426091718098,0.011729203879268998,0.0009418988812040924,0.07426973190289521,0.0,0.07426973190289521,0.0,0.0,110.0,110.0,0.0,0.0,110.0,110.0,0.0,0.0,0.0,0.0,0.0,False
497,0.009096054430674877,0.03306058344700599,0.04615883931575479,0.004002201438073921,0.015441781603908411,0.0,0.015441781603908411,0.0,0.0,600.0,600.0,0.0,0.0,600.0,600.0,0.0,0.0,0.0,0.0,0.0,False
498,0.019447669138388912,0.020834446052808986,0.042578289945038816,0.0022961747538409183,0.018950786226299643,0.0,0.018950786226299643,0.0,0.0,280.0,280.0,0.0,0.0,280.0,280.0,0.0,0.0,0.0,0.0,0.0,False
499,0.001612801504615305,0.0020055974372440027,0.0041695390849881,0.0005511401431287921,0.005508876163142773,0.0,0.005508876163142773,0.0,0.0,70.0,70.0,0.0,0.0,70.0,70.0,0.0,0.0,0.0,0.0,0.0,False
500,0.006955898071541296,0.0,0.006955898071541296,0.0,0.09674905353287017,0.0,0.09674905353287017,0.0,0.0,0.0,0.0,0.0,0.0,0.0,0.0,0.0,0.0,0.0,0.0,0.0,False
501,0.0054190983794156974,0.00039985315456159826,0.006272291654597598,0.00045334012062030193,0.07523560287278952,0.0,0.07523560287278952,0.0,0.0,30.0,40.0,10.0,0.0,30.0,40.0,10.0,0.0,0.0,0.0,0.0,False
502,0.0110668390107631,0.0006435317491151962,0.012728888247884797,0.0010185174880064998,0.099924938216088,0.0,0.099924938216088,0.0,0.0,40.0,40.0,0.0,0.0,40.0,40.0,0.0,0.0,0.0,0.0,0.0,False
503,0.0031589282896800006,0.0,0.0031589282896800006,0.0,0.08812782159184193,0.0,0.08812782159184193,0.0,0.0,0.0,0.0,0.0,0.0,0.0,0.0,0.0,0.0,0.0,0.0,0.0,False
504,0.005500988396606121,0.018626830265076222,0.02549354297970241,0.0013657243180200673,0.008367295723437751,0.0,0.008367295723437751,0.0,0.0,320.0,320.0,0.0,0.0,320.0,320.0,0.0,0.0,0.0,0.0,0.0,False
505,0.008899505720508606,0.005358631400053403,0.015941140518004708,0.0016830033974426992,0.04832435740518798,0.0,0.04832435740518798,0.0,0.0,180.0,180.0,0.0,0.0,180.0,180.0,0.0,0.0,0.0,0.0,0.0,False
506,0.00886990924247899,0.0032954705938431916,0.012991032130216296,0.0008256522938941135,0.04070661501530948,0.0,0.04070661501530948,0.0,0.0,110.0,110.0,0.0,0.0,110.0,110.0,0.0,0.0,0.0,0.0,0.0,False
507,0.018677313406433305,0.11389813444237207,0.13731927755709206,0.004743829708286684,0.01622820782934209,0.0,0.01622820782934209,0.0,0.0,,,,0.0,610.0,610.0,0.0,0.0,1.0,1.0,0.0,True
508,0.015801363165039703,0.0100008053626469,0.02904629869455301,0.0032441301668664074,0.21766619524314867,0.0,0.21766619524314867,0.0,0.0,260.0,260.0,0.0,0.0,260.0,260.0,0.0,0.0,0.0,0.0,0.0,False
509,0.009761436015756741,0.05543616213240832,0.06880396989107523,0.003606371742910175,0.04022300988146699,0.0,0.04022300988146699,0.0,0.0,650.0,650.0,0.0,0.0,650.0,650.0,0.0,0.0,0.0,0.0,0.0,False
510,0.003759653878362801,0.00040731735597329677,0.004219362601477497,5.239136714139947e-05,0.04138639627277457,0.0,0.04138639627277457,0.0,0.0,10.0,10.0,0.0,0.0,10.0,10.0,0.0,0.0,0.0,0.0,0.0,False
511,0.010991001780664422,0.019254536609148026,0.03339639249407911,0.0031508541042666594,0.06092335070252375,0.0,0.06092335070252375,0.0,0.0,250.0,250.0,0.0,0.0,250.0,250.0,0.0,0.0,0.0,0.0,0.0,False
512,0.0156514782103689,0.004433157091270699,0.021896437066891206,0.001811801765251607,0.14030415348811398,0.0,0.14030415348811398,0.0,0.0,150.0,150.0,0.0,0.0,150.0,150.0,0.0,0.0,0.0,0.0,0.0,False
513,0.007553157274441599,0.014550150954161206,0.024365216557646605,0.002261908329043799,0.04840876424651852,0.0,0.04840876424651852,0.0,0.0,340.0,340.0,0.0,0.0,340.0,340.0,0.0,0.0,0.0,0.0,0.0,False
514,0.011713455536338901,0.04521292658089629,0.06145130425991929,0.004524922142684101,0.03765101066692356,0.0,0.03765101066692356,0.0,0.0,600.0,600.0,0.0,0.0,600.0,600.0,0.0,0.0,0.0,0.0,0.0,False
515,0.005989776162460804,0.0016095792145756002,0.009168429513965501,0.0015690741369290967,0.0944945694337806,0.0,0.0944945694337806,0.0,0.0,70.0,90.0,20.0,0.0,70.0,90.0,20.0,0.0,0.0,0.0,0.0,False
516,0.009660731873752187,0.020010058412437887,0.03185966492757819,0.0021888746413881166,0.057048674871920224,0.0,0.057048674871920224,0.0,0.0,280.0,280.0,0.0,0.0,280.0,280.0,0.0,0.0,0.0,0.0,0.0,False
517,0.0098879716853678,0.0085080140693298,0.019854277330341688,0.0014582915756440884,0.03734805723561152,0.0,0.03734805723561152,0.0,0.0,180.0,180.0,0.0,0.0,180.0,180.0,0.0,0.0,0.0,0.0,0.0,False
518,0.012668905509056,0.0048078663500528,0.01862468072828591,0.0011479088691771083,0.0546240150841914,0.0,0.0546240150841914,0.0,0.0,130.0,140.0,10.0,0.0,130.0,140.0,10.0,0.0,0.0,0.0,0.0,False
519,0.005646548246550906,0.012021705638213101,0.0200328229078392,0.0023645690230751915,0.02928697508419409,0.0,0.02928697508419409,0.0,0.0,280.0,290.0,10.0,0.0,280.0,290.0,10.0,0.0,0.0,0.0,0.0,False
520,0.0026638149471530995,0.0012073785741351997,0.004069116344091503,0.00019792282280320372,0.016722454578646018,0.0,0.016722454578646018,0.0,0.0,40.0,40.0,0.0,0.0,40.0,40.0,0.0,0.0,0.0,0.0,0.0,False
521,0.0021773192104651007,3.630298673299587e-05,0.0022136221971979994,-9.71445146547012e-17,0.06140240249326201,0.0,0.06140240249326201,0.0,0.0,10.0,10.0,0.0,0.0,10.0,10.0,0.0,0.0,0.0,0.0,0.0,False
522,0.003453353977408001,0.0,0.003453353977408001,0.0,0.06765930746688961,0.0,0.06765930746688961,0.0,0.0,0.0,0.0,0.0,0.0,0.0,0.0,0.0,0.0,0.0,0.0,0.0,False
523,0.0010092443629987,0.0,0.0010125008452933001,3.2564822946001826e-06,0.029809273530949976,0.0,0.029809273530949976,0.0,0.0,0.0,0.0,0.0,0.0,0.0,0.0,0.0,0.0,0.0,0.0,0.0,False
524,0.014502813500475109,0.025616369675566297,0.0435913115653605,0.0034721283893190957,0.02348263628695313,0.0,0.02348263628695313,0.0,0.0,440.0,440.0,0.0,0.0,440.0,440.0,0.0,0.0,0.0,0.0,0.0,False
525,0.0033026034782083213,0.03151694402342142,0.036230154695673006,0.0014106071940432618,-0.00026564171920528956,0.0,-0.00026564171920528956,0.0,0.0,480.0,480.0,0.0,0.0,480.0,480.0,0.0,0.0,0.0,0.0,0.0,False
526,0.00717280914102611,0.007889773657589999,0.01604620974391971,0.0009836269453036006,0.0153183321178878,0.0,0.0153183321178878,0.0,0.0,130.0,130.0,0.0,0.0,130.0,130.0,0.0,0.0,0.0,0.0,0.0,False
527,0.006261962899779511,0.028851749537284116,0.03726200332280499,0.0021482908857413663,0.026142850555701425,0.0,0.026142850555701425,0.0,0.0,380.0,380.0,0.0,0.0,380.0,380.0,0.0,0.0,0.0,0.0,0.0,False
528,0.0030627288157396987,1.331729740389892e-05,0.003076046113143799,2.0122792321330962e-16,0.04312440132608936,0.0,0.04312440132608936,0.0,0.0,0.0,0.0,0.0,0.0,0.0,0.0,0.0,0.0,0.0,0.0,0.0,False
529,0.01139648295166501,0.04068626904450931,0.05655525198552089,0.004472499989346568,0.15191594416532217,0.0,0.15191594416532217,0.0,0.0,490.0,490.0,0.0,0.0,490.0,490.0,0.0,0.0,0.0,0.0,0.0,False
530,0.011742210261616898,0.010913472227405296,0.027079966211935702,0.004424283722913508,0.11717609047194,0.0,0.11717609047194,0.0,0.0,160.0,160.0,0.0,0.0,160.0,160.0,0.0,0.0,0.0,0.0,0.0,False
531,0.0137572457721577,0.061968318170893516,0.08287845666577112,0.007152892722719906,0.036338917609547106,0.0,0.036338917609547106,0.0,0.0,650.0,660.0,10.0,0.0,650.0,660.0,10.0,0.0,0.0,0.0,0.0,False
532,0.004079849035556596,0.018282414688784998,0.023343465379107697,0.0009812016547661034,0.014723949276092663,0.0,0.014723949276092663,0.0,0.0,250.0,250.0,0.0,0.0,250.0,250.0,0.0,0.0,0.0,0.0,0.0,False
533,0.014442109769093395,0.0177445372169676,0.036868774569112195,0.004682127583051199,0.07963065948880182,0.0,0.07963065948880182,0.0,0.0,450.0,450.0,0.0,0.0,450.0,450.0,0.0,0.0,0.0,0.0,0.0,False
534,0.00623668068194283,0.06329759482167174,0.07154379475268391,0.002009519249069336,0.015314670207936865,0.0,0.015314670207936865,0.0,0.0,710.0,720.0,10.0,0.0,710.0,720.0,10.0,0.0,0.0,0.0,0.0,False
535,0.005479682682615304,0.0007681077692470034,0.006372892689211498,0.00012510223734919085,0.05838921466473612,0.0,0.05838921466473612,0.0,0.0,40.0,40.0,0.0,0.0,40.0,40.0,0.0,0.0,0.0,0.0,0.0,False
536,0.0024702931103391945,0.0071464274174419945,0.010121633295648289,0.0005049127678670995,0.014753221534890448,0.0,0.014753221534890448,0.0,0.0,120.0,120.0,0.0,0.0,120.0,120.0,0.0,0.0,0.0,0.0,0.0,False
537,0.018860134411802787,0.05115208428558582,0.07481400781378822,0.004801789116399613,0.028716228404778166,0.0,0.028716228404778166,0.0,0.0,620.0,620.0,0.0,0.0,620.0,620.0,0.0,0.0,0.0,0.0,0.0,False
538,0.0028128647449918026,0.0057463069585202975,0.009206632409352003,0.0006474607058399029,0.005982214617444692,0.0,0.005982214617444692,0.0,0.0,180.0,180.0,0.0,0.0,180.0,180.0,0.0,0.0,0.0,0.0,0.0,False
539,0.0046480897978340985,0.0010979079647535014,0.0061911270888153,0.00044512932622770007,0.09761113251206988,0.0,0.09761113251206988,0.0,0.0,40.0,40.0,0.0,0.0,40.0,40.0,0.0,0.0,0.0,0.0,0.0,False
540,0.004558301454599206,0.009888137473241798,0.015109868101216811,0.0006634291733758069,0.018885383297815972,0.0,0.018885383297815972,0.0,0.0,120.0,120.0,0.0,0.0,120.0,120.0,0.0,0.0,0.0,0.0,0.0,False
541,0.004972253172928091,0.002091093465242999,0.0074368816976129945,0.000373535059441904,0.07111838493306011,0.0,0.07111838493306011,0.0,0.0,30.0,30.0,0.0,0.0,30.0,30.0,0.0,0.0,0.0,0.0,0.0,False
542,0.00147933762280969,0.0062353175360427004,0.007805044428866786,9.0389270014396e-05,0.00013104411394249116,0.0,0.00013104411394249116,0.0,0.0,130.0,130.0,0.0,0.0,130.0,130.0,0.0,0.0,0.0,0.0,0.0,False
543,0.004957019337263793,0.01568676318746659,0.02095620013067799,0.0003124176059476069,0.02070096420450729,0.0,0.02070096420450729,0.0,0.0,220.0,220.0,0.0,0.0,220.0,220.0,0.0,0.0,0.0,0.0,0.0,False
544,0.003916095176850709,0.02501884248305139,0.029890299154766015,0.0009553614948639155,0.015949897251696266,0.0,0.015949897251696266,0.0,0.0,320.0,320.0,0.0,0.0,320.0,320.0,0.0,0.0,0.0,0.0,0.0,False
545,0.007692568752341103,0.0036618434171682007,0.01229693035096921,0.000942518181459906,0.0581627132522593,0.0,0.0581627132522593,0.0,0.0,80.0,80.0,0.0,0.0,80.0,80.0,0.0,0.0,0.0,0.0,0.0,False
546,0.006759205697656798,0.003533862706942101,0.011689388134276099,0.0013963197296772006,0.11266303316329357,0.0,0.11266303316329346,-1.1102230246251565e-16,0.0,100.0,100.0,0.0,0.0,100.0,100.0,0.0,0.0,0.0,0.0,0.0,False
547,0.012273306053898703,0.050298954181691696,0.06892819070898032,0.00635593047338992,0.044674069363062396,0.0,0.044674069363062396,0.0,0.0,550.0,550.0,0.0,0.0,550.0,550.0,0.0,0.0,0.0,0.0,0.0,False
548,0.00893837902321519,0.0027574088816518932,0.012654603952593296,0.0009588160477262131,0.09125290753975934,0.0,0.09125290753975934,0.0,0.0,70.0,80.0,10.0,0.0,70.0,80.0,10.0,0.0,0.0,0.0,0.0,False
549,0.01054886426288651,0.004056065966445407,0.015280586172928295,0.0006756559435963788,0.0584454015053526,0.0,0.0584454015053526,0.0,0.0,70.0,70.0,0.0,0.0,70.0,70.0,0.0,0.0,0.0,0.0,0.0,False
550,0.0007588628696685029,0.00012605598396141227,0.0008849188536300123,9.71445146547012e-17,0.0,0.0,0.0,0.0,0.0,20.0,20.0,0.0,0.0,20.0,20.0,0.0,0.0,0.0,0.0,0.0,False
551,0.006223166756826715,0.034731325731405305,0.04305513042236561,0.0021006379341335923,0.011576282158784146,0.0,0.011576282158784146,0.0,0.0,430.0,450.0,20.0,0.0,430.0,450.0,20.0,0.0,0.0,0.0,0.0,False
552,0.0072533102625853,0.0014998040849436983,0.009596327838367696,0.0008432134908386985,0.04502805336137872,0.0,0.04502805336137872,0.0,0.0,50.0,50.0,0.0,0.0,50.0,50.0,0.0,0.0,0.0,0.0,0.0,False
553,0.007276552531359892,0.0169393187136639,0.026137614817208804,0.0019217435721850112,0.04613005370706924,0.0,0.04613005370706924,0.0,0.0,240.0,240.0,0.0,0.0,240.0,240.0,0.0,0.0,0.0,0.0,0.0,False
554,0.008220641407380408,0.016764839980572196,0.0267219288555388,0.001736447467586194,0.048886705017707255,0.0,0.048886705017707255,0.0,0.0,320.0,320.0,0.0,0.0,320.0,320.0,0.0,0.0,0.0,0.0,0.0,False
555,0.006968321170249203,0.00040957484696960145,0.0075312969473212005,0.00015340093010239586,0.07864023675404253,0.0,0.07864023675404253,0.0,0.0,40.0,40.0,0.0,0.0,40.0,40.0,0.0,0.0,0.0,0.0,0.0,False
556,0.00378218983331631,0.004165751846857801,0.00818888291043661,0.00024094123026249803,0.020745215855186405,0.0,0.020745215855186405,0.0,0.0,100.0,100.0,0.0,0.0,100.0,100.0,0.0,0.0,0.0,0.0,0.0,False
557,0.004872002693749308,0.004765589255776206,0.010188053884422898,0.0005504619348973838,0.043087258454721056,0.0,0.043087258454721056,0.0,0.0,80.0,80.0,0.0,0.0,80.0,80.0,0.0,0.0,0.0,0.0,0.0,False
558,0.0049568337572167,0.020090799455274505,0.026360462915203803,0.001312829702712598,0.027414078146110077,0.0,0.027414078146110077,0.0,0.0,330.0,330.0,0.0,0.0,330.0,330.0,0.0,0.0,0.0,0.0,0.0,False
559,0.004169142520758701,0.032233645030807515,0.0385565015959083,0.0021537140443420866,0.014865998270945813,0.0,0.014865998270945813,0.0,0.0,480.0,480.0,0.0,0.0,480.0,480.0,0.0,0.0,0.0,0.0,0.0,False
560,0.019853396373659793,0.008557696550290497,0.031477058695276505,0.003065965771326215,0.13528649617165167,0.0,0.13528649617165167,0.0,0.0,140.0,140.0,0.0,0.0,140.0,140.0,0.0,0.0,0.0,0.0,0.0,False
561,0.02200820074160198,0.06605059778901162,0.09460804048769089,0.00654924195707729,0.04586915524961632,0.0,0.04586915524961632,0.0,0.0,810.0,810.0,0.0,0.0,810.0,810.0,0.0,0.0,0.0,0.0,0.0,False
562,0.006626070866563208,0.006198988702881797,0.013879705016791796,0.0010546454473467914,0.03187260316267948,0.0,0.03187260316267948,0.0,0.0,120.0,130.0,10.0,0.0,120.0,130.0,10.0,0.0,0.0,0.0,0.0,False
563,0.00990204864600891,0.011205085440169599,0.023795188179213903,0.002688054093035394,0.09810941369124171,0.0,0.09810941369124171,0.0,0.0,180.0,180.0,0.0,0.0,180.0,180.0,0.0,0.0,0.0,0.0,0.0,False
564,0.006937182833657407,0.0329512595949239,0.04224172833550899,0.0023532859069276824,0.015464127072458256,0.0,0.015464127072458256,0.0,0.0,430.0,430.0,0.0,0.0,430.0,430.0,0.0,0.0,0.0,0.0,0.0,False
565,0.009304116225176684,0.05039337648642089,0.060790767373314625,0.0010932746617170475,0.14375616153314863,0.0,0.14375616153314863,0.0,0.0,580.0,590.0,10.0,0.0,580.0,590.0,10.0,0.0,0.0,0.0,0.0,False
566,0.0036064255581641017,0.004201312548908605,0.008493536276872805,0.0006857981698000989,0.025483390047611076,0.0,0.025483390047611076,0.0,0.0,120.0,120.0,0.0,0.0,120.0,120.0,0.0,0.0,0.0,0.0,0.0,False
567,0.0030187356012465055,0.0013895869664375046,0.004552489622169101,0.00014416705448509065,0.03435072090809288,0.0,0.03435072090809288,0.0,0.0,40.0,40.0,0.0,0.0,40.0,40.0,0.0,0.0,0.0,0.0,0.0,False
568,0.0073352226221301,0.002091860605481402,0.0105306669173766,0.0011035836897650975,0.0614630358906203,0.0,0.06146303589062019,-1.1102230246251565e-16,0.0,40.0,40.0,0.0,0.0,40.0,40.0,0.0,0.0,0.0,0.0,0.0,False
569,0.004434919557014201,0.0014545094032358055,0.006635740244786602,0.0007463112845365952,0.03588764042140169,0.0,0.03588764042140169,0.0,0.0,70.0,70.0,0.0,0.0,70.0,70.0,0.0,0.0,0.0,0.0,0.0,False
570,0.001975203504763809,0.00045958540802300274,0.0025392851785357023,0.0001044962657488907,0.004469259205163112,0.0,0.004469259205163112,0.0,0.0,30.0,30.0,0.0,0.0,30.0,30.0,0.0,0.0,0.0,0.0,0.0,False
571,0.0,0.0015265474852858008,0.0015265474852858008,0.0,0.0,0.0,0.0,0.0,0.0,40.0,40.0,0.0,0.0,40.0,40.0,0.0,0.0,0.0,0.0,0.0,False
572,0.011968551086542711,0.04513816915134089,0.060842079304471,0.003735359066587396,0.01147916355371259,0.0,0.01147916355371259,0.0,0.0,600.0,600.0,0.0,0.0,600.0,600.0,0.0,0.0,0.0,0.0,0.0,False
573,0.00932051614901569,0.010966910679364394,0.021924061815818602,0.0016366349874385178,0.02219866699178019,0.0,0.02219866699178019,0.0,0.0,190.0,190.0,0.0,0.0,190.0,190.0,0.0,0.0,0.0,0.0,0.0,False
574,0.014333866321720401,0.03200176457777251,0.04962582170284882,0.003290190803355908,0.0748273656677454,0.0,0.0748273656677454,0.0,0.0,380.0,380.0,0.0,0.0,380.0,380.0,0.0,0.0,0.0,0.0,0.0,False
575,0.0031460828321326975,0.002125120389283197,0.005905204050017598,0.0006340008286017038,0.03476498211471579,0.0,0.03476498211471579,0.0,0.0,80.0,100.0,20.0,0.0,80.0,100.0,20.0,0.0,0.0,0.0,0.0,False
576,0.003229120008652303,0.0016217353436331003,0.004975998942818,0.00012514359053259622,0.053880963754779576,0.0,0.053880963754779576,0.0,0.0,60.0,60.0,0.0,0.0,60.0,60.0,0.0,0.0,0.0,0.0,0.0,False
577,0.0020090909428211873,0.0023375303254069973,0.004503334925555491,0.00015671365732730647,0.016742937582904238,0.0,0.016742937582904238,0.0,0.0,80.0,80.0,0.0,0.0,80.0,80.0,0.0,0.0,0.0,0.0,0.0,False
578,0.008493440488555298,2.9172501573401788e-05,0.008853255877565205,0.00033064288743650527,0.05985443712904115,0.0,0.05985443712904115,0.0,0.0,10.0,10.0,0.0,0.0,10.0,10.0,0.0,0.0,0.0,0.0,0.0,False
579,0.0,0.004363887247830399,0.004363887247830399,0.0,0.0,0.0,0.0,0.0,0.0,110.0,110.0,0.0,0.0,110.0,110.0,0.0,0.0,0.0,0.0,0.0,False
580,0.0217230045976623,0.0629504373291302,0.09226574792714393,0.007592306000351434,0.05297681323577674,0.0,0.05297681323577674,0.0,0.0,830.0,830.0,0.0,0.0,830.0,830.0,0.0,0.0,0.0,0.0,0.0,False
581,0.01201281919935479,0.0209991668533408,0.03513784236073281,0.002125856308037216,0.04156075142154314,0.0,0.04156075142154314,0.0,0.0,330.0,330.0,0.0,0.0,330.0,330.0,0.0,0.0,0.0,0.0,0.0,False
582,0.0028371424747143936,0.007539160866607594,0.010639771079283392,0.00026346773796140366,0.09196812986472946,0.0,0.09196812986472946,0.0,0.0,160.0,160.0,0.0,0.0,160.0,160.0,0.0,0.0,0.0,0.0,0.0,False
583,0.008368002846380007,0.007157398169600801,0.0165495926678612,0.0010241916518803906,0.04971661284051199,0.0,0.04971661284051199,0.0,0.0,190.0,190.0,0.0,0.0,190.0,190.0,0.0,0.0,0.0,0.0,0.0,False
584,0.0034812809969762964,6.0175200130699324e-05,0.0038503013539244943,0.0003088451568174985,0.04586339575918191,0.0,0.04586339575918191,0.0,0.0,10.0,10.0,0.0,0.0,10.0,10.0,0.0,0.0,0.0,0.0,0.0,False
585,0.004443849965656704,0.0080116328075862,0.014192189557196599,0.0017367067839536947,0.06583308667283899,0.0,0.06583308667283899,0.0,0.0,190.0,190.0,0.0,0.0,190.0,190.0,0.0,0.0,0.0,0.0,0.0,False
586,0.0037947315362460987,0.005637855123729496,0.009984532915375696,0.0005519462554001014,0.014250936012806192,0.0,0.014250936012806192,0.0,0.0,160.0,160.0,0.0,0.0,160.0,160.0,0.0,0.0,0.0,0.0,0.0,False
587,0.012810543301115106,0.010575525502961002,0.028018804217655506,0.004632735413579399,0.15581004299147444,0.0,0.15581004299147444,0.0,0.0,180.0,180.0,0.0,0.0,180.0,180.0,0.0,0.0,0.0,0.0,0.0,False
588,0.0022030871364901033,0.0015332788459438973,0.003917637019339899,0.00018127103690589869,0.029537880579647124,0.0,0.029537880579647124,0.0,0.0,50.0,50.0,0.0,0.0,50.0,50.0,0.0,0.0,0.0,0.0,0.0,False
589,0.005992299476184196,0.0015730008058665035,0.007914824590210395,0.00034952430815969604,0.03165235886353751,0.0,0.03165235886353751,0.0,0.0,60.0,70.0,10.0,0.0,60.0,70.0,10.0,0.0,0.0,0.0,0.0,False
590,0.010638223645414585,0.04397201673547707,0.0566857813529808,0.002075540972089146,0.018256622989779703,0.0,0.018256622989779703,0.0,0.0,560.0,560.0,0.0,0.0,560.0,560.0,0.0,0.0,0.0,0.0,0.0,False
591,0.0022201046742657063,0.0006592023477342002,0.0029347257782284045,5.541875622849801e-05,0.024706252071707957,0.0,0.024706252071707957,0.0,0.0,10.0,10.0,0.0,0.0,10.0,10.0,0.0,0.0,0.0,0.0,0.0,False
592,0.0004148025336226102,0.019348867165890293,0.020566638182136693,0.0008029684826237893,0.0030644711867556795,0.0,0.0030644711867556795,0.0,0.0,250.0,250.0,0.0,0.0,250.0,250.0,0.0,0.0,0.0,0.0,0.0,False
593,0.012539519265965415,0.055978039003316715,0.07383499848061759,0.005317440211335456,0.01506338461040424,0.0,0.01506338461040424,0.0,0.0,660.0,660.0,0.0,0.0,660.0,660.0,0.0,0.0,0.0,0.0,0.0,False
594,0.015378876716637596,0.012338407025673098,0.030840359490254904,0.0031230757479442095,0.04695639289555431,0.0,0.04695639289555431,0.0,0.0,220.0,230.0,10.0,0.0,220.0,230.0,10.0,0.0,0.0,0.0,0.0,False
595,0.0014514692844626031,0.0061300171621350985,0.007664788479533002,8.33020329353007e-05,0.08967961578255412,0.0,0.08967961578255412,0.0,0.0,70.0,70.0,0.0,0.0,70.0,70.0,0.0,0.0,0.0,0.0,0.0,False
596,0.013459914293859593,0.01610719820745002,0.0339284907099936,0.004361378208683986,0.05035497082741269,0.0,0.05035497082741269,0.0,0.0,230.0,240.0,10.0,0.0,230.0,240.0,10.0,0.0,0.0,0.0,0.0,False
597,0.00833818905429351,0.02522107140807961,0.03498402014833313,0.0014247596859600087,0.013015782660640185,0.0,0.013015782660640185,0.0,0.0,330.0,330.0,0.0,0.0,330.0,330.0,0.0,0.0,0.0,0.0,0.0,False
598,0.010235076477392885,0.022640023239875795,0.0362600550412166,0.003384955323947919,0.025394642730489747,0.0,0.025394642730489747,0.0,0.0,220.0,230.0,10.0,0.0,220.0,230.0,10.0,0.0,0.0,0.0,0.0,False
599,0.007486160425587404,0.017553100164593494,0.0276260671350807,0.002586806544899803,0.03157534202215778,0.0,0.03157534202215778,0.0,0.0,340.0,340.0,0.0,0.0,340.0,340.0,0.0,0.0,0.0,0.0,0.0,False
600,0.0015075009930502065,0.005574818393038805,0.007212573146698709,0.00013025376060969707,0.019785508613830993,0.0,0.019785508613830993,0.0,0.0,100.0,100.0,0.0,0.0,100.0,100.0,0.0,0.0,0.0,0.0,0.0,False
601,0.01229861885635597,0.022896329089227785,0.037611178205942786,0.0024162302603590313,0.04498487225702952,0.0,0.04498487225702952,0.0,0.0,250.0,250.0,0.0,0.0,250.0,250.0,0.0,0.0,0.0,0.0,0.0,False
602,0.0015551874437157998,0.0013203312078534021,0.0033553906680503995,0.0004798720164811976,0.022756087122533797,0.0,0.022756087122533797,0.0,0.0,70.0,70.0,0.0,0.0,70.0,70.0,0.0,0.0,0.0,0.0,0.0,False
603,0.002896827579691501,0.0,0.0031820569457986017,0.0002852293661071009,0.0,0.0,0.0,0.0,0.0,0.0,0.0,0.0,0.0,0.0,0.0,0.0,0.0,0.0,0.0,0.0,False
604,0.007979251347876706,0.012987395909170793,0.022904735653796485,0.0019380883967489854,0.04086628613714827,0.0,0.040866286137148156,-1.1102230246251565e-16,0.0,280.0,280.0,0.0,0.0,280.0,280.0,0.0,0.0,0.0,0.0,0.0,False
605,0.0031852296992748996,0.0008485490927242004,0.004512874138766998,0.00047909534676789794,0.04523141810941539,0.0,0.04523141810941539,0.0,0.0,30.0,30.0,0.0,0.0,30.0,30.0,0.0,0.0,0.0,0.0,0.0,False
606,0.007175083793548892,0.0327135194172512,0.041918980468342526,0.0020303772575424317,0.01021793757064482,0.0,0.01021793757064482,0.0,0.0,450.0,450.0,0.0,0.0,450.0,450.0,0.0,0.0,0.0,0.0,0.0,False
607,0.003652959140048609,0.011694063660836806,0.015905906324798005,0.00055888352391259,0.010552494778111488,0.0,0.010552494778111488,0.0,0.0,230.0,230.0,0.0,0.0,230.0,230.0,0.0,0.0,0.0,0.0,0.0,False
608,0.018743550838074996,0.07746533961485519,0.10369622614896873,0.007487335696038544,0.04838244814253856,0.0,0.04838244814253856,0.0,0.0,890.0,890.0,0.0,0.0,890.0,890.0,0.0,0.0,0.0,0.0,0.0,False
609,0.011649755841604409,0.017149027253554217,0.032107738287581816,0.003308955192423191,0.02632637155708739,0.0,0.02632637155708739,0.0,0.0,410.0,430.0,20.0,0.0,410.0,430.0,20.0,0.0,0.0,0.0,0.0,False
610,0.003695932820301895,0.025995951876740503,0.030286116162008297,0.0005942314649658997,0.008910716937263752,0.0,0.008910716937263752,0.0,0.0,340.0,340.0,0.0,0.0,340.0,340.0,0.0,0.0,0.0,0.0,0.0,False
611,0.0075204789230179925,0.034409450467862396,0.04454376627473991,0.0026138368838595216,0.008858220337469525,0.0,0.008858220337469525,0.0,0.0,430.0,430.0,0.0,0.0,430.0,430.0,0.0,0.0,0.0,0.0,0.0,False
612,0.0046056526045409885,0.011680016850767791,0.017569377822640092,0.0012837083673313127,0.03733752252447564,0.0,0.03733752252447564,0.0,0.0,190.0,190.0,0.0,0.0,190.0,190.0,0.0,0.0,0.0,0.0,0.0,False
613,0.004146876450462904,0.0078796962043952,0.013060947046181805,0.0010343743913237002,0.0567259326158942,0.0,0.0567259326158942,0.0,0.0,150.0,160.0,10.0,0.0,150.0,160.0,10.0,0.0,0.0,0.0,0.0,False
614,0.006301008785371293,0.0014321637945215043,0.007800506459244502,6.733387935170532e-05,0.07223934799352977,0.0,0.07223934799352977,0.0,0.0,70.0,70.0,0.0,0.0,70.0,70.0,0.0,0.0,0.0,0.0,0.0,False
615,0.02727726780811246,0.039502875091619594,0.07466672619256648,0.007886583292834426,0.06067217576786621,0.0,0.06067217576786621,0.0,0.0,440.0,450.0,10.0,0.0,440.0,450.0,10.0,0.0,0.0,0.0,0.0,False
616,0.0024882991592677997,1.1622189806499705e-05,0.0025752406102055037,7.531926113120424e-05,0.03399663923342161,0.0,0.03399663923342161,0.0,0.0,0.0,0.0,0.0,0.0,0.0,0.0,0.0,0.0,0.0,0.0,0.0,False
617,0.0027817627562457016,0.0005642708825133007,0.0034565095202217025,0.00011047588146270021,0.02091275495751499,0.0,0.02091275495751499,0.0,0.0,30.0,30.0,0.0,0.0,30.0,30.0,0.0,0.0,0.0,0.0,0.0,False
618,0.01733886445753821,0.0489830427509175,0.07242349966673103,0.006101592458275323,0.0411465241455099,0.0,0.0411465241455099,0.0,0.0,620.0,620.0,0.0,0.0,620.0,620.0,0.0,0.0,0.0,0.0,0.0,False
619,0.005848936902484503,0.0029003837562272955,0.009120655685518994,0.00037133502680719577,0.050892813353562494,0.0,0.050892813353562494,0.0,0.0,80.0,80.0,0.0,0.0,80.0,80.0,0.0,0.0,0.0,0.0,0.0,False
620,0.010588695957817196,0.01382237667137276,0.025239953031761186,0.0008288804025712304,0.02710979084240428,0.0,0.02710979084240428,0.0,0.0,230.0,230.0,0.0,0.0,230.0,230.0,0.0,0.0,0.0,0.0,0.0,False
621,0.007122687824207996,0.0077798168671388,0.0175585540839205,0.0026560493925737033,0.031192634030200006,0.0,0.031192634030200006,0.0,0.0,210.0,220.0,10.0,0.0,210.0,220.0,10.0,0.0,0.0,0.0,0.0,False
622,0.0047082857194871985,0.001929898785534498,0.007594477405366104,0.0009562929003444076,0.12069385691068724,0.0,0.12069385691068724,0.0,0.0,20.0,70.0,50.0,0.0,20.0,70.0,50.0,0.0,0.0,0.0,0.0,False
623,0.015993533399850185,0.0034075968040837845,0.020239851614386184,0.0008387214104522145,0.07056456999397875,-1.2104361957199217e-10,0.07056456993632143,6.338629621183145e-11,0.0,70.0,70.0,0.0,0.0,70.0,70.0,0.0,0.0,0.0,0.0,0.0,False
624,0.004002966699438004,0.01909284024487959,0.024371694315545006,0.0012758873712274132,0.0027720313921457684,0.0,0.0027720313921457684,0.0,0.0,270.0,270.0,0.0,0.0,270.0,270.0,0.0,0.0,0.0,0.0,0.0,False
625,0.0112843780531037,0.012312573418810008,0.02477152564704821,0.0011745741751345018,0.06484907352099523,0.0,0.06484907352099523,0.0,0.0,130.0,130.0,0.0,0.0,130.0,130.0,0.0,0.0,0.0,0.0,0.0,False
626,0.004581714911517501,0.005824171004305004,0.011184896951458703,0.0007790110356361984,0.008622250416797095,0.0,0.008622250416796984,-1.1102230246251565e-16,0.0,110.0,110.0,0.0,0.0,110.0,110.0,0.0,0.0,0.0,0.0,0.0,False
627,0.008493403030782498,0.039891195222438586,0.051876574047703405,0.0034919757944823215,0.014836676868444032,0.0,0.014836676868444032,0.0,0.0,510.0,510.0,0.0,0.0,510.0,510.0,0.0,0.0,0.0,0.0,0.0,False
628,0.003976083894735298,9.418188454769771e-05,0.0040702658984514,1.1916840431114295e-10,0.07161373810965732,0.0,0.07161373810965732,0.0,0.0,30.0,30.0,0.0,0.0,30.0,30.0,0.0,0.0,0.0,0.0,0.0,False
629,0.012618255913424303,0.020904270454960183,0.0367001517534033,0.003177625385018812,0.0475446977287346,0.0,0.0475446977287346,0.0,0.0,280.0,280.0,0.0,0.0,280.0,280.0,0.0,0.0,0.0,0.0,0.0,False
630,0.005007084130492917,0.02165212751000911,0.028476835733788813,0.0018176240932867849,0.012276079381598692,0.0,0.012276079381598692,0.0,0.0,280.0,290.0,10.0,0.0,280.0,290.0,10.0,0.0,0.0,0.0,0.0,False
631,0.016620878042054532,0.0852998968032439,0.1089666900640659,0.007045915218767462,0.026098119877375536,0.0,0.026098119877375536,0.0,0.0,820.0,830.0,10.0,0.0,820.0,830.0,10.0,0.0,0.0,0.0,0.0,False
632,0.004859911787951393,0.017798551903532592,0.024735944540370203,0.002077480848886218,0.039825039469219115,0.0,0.039825039469219115,0.0,0.0,240.0,240.0,0.0,0.0,240.0,240.0,0.0,0.0,0.0,0.0,0.0,False
633,0.0011673722085751015,0.015257612532125792,0.016724359376662,0.00029937463596110825,0.005977008616680046,0.0,0.005977008616680046,0.0,0.0,210.0,210.0,0.0,0.0,210.0,210.0,0.0,0.0,0.0,0.0,0.0,False
634,0.002535796144478686,0.016656896997331583,0.019078607337489784,-0.0001140858043204851,0.023325503442517825,0.0,0.023325503442517825,0.0,0.0,240.0,240.0,0.0,0.0,240.0,240.0,0.0,0.0,0.0,0.0,0.0,False
635,0.01149087458986131,0.018662765101165713,0.03316196301449589,0.00300832332346887,0.06385703452474756,0.0,0.06385703452474756,0.0,0.0,230.0,230.0,0.0,0.0,230.0,230.0,0.0,0.0,0.0,0.0,0.0,False
636,0.007669276297473715,0.021809350878880807,0.032464816801701435,0.0029861896253469133,0.0046192817775004835,0.0,0.0046192817775004835,0.0,0.0,320.0,320.0,0.0,0.0,320.0,320.0,0.0,0.0,0.0,0.0,0.0,False
637,0.005869011938902997,0.0035236371044844936,0.010345086102060301,0.0009524370586728101,0.04348669516295228,0.0,0.04348669516295228,0.0,0.0,100.0,100.0,0.0,0.0,100.0,100.0,0.0,0.0,0.0,0.0,0.0,False
638,0.0031410299889884086,0.0006724617171067065,0.0038467209385142087,3.322923241909359e-05,0.023416127771720197,0.0,0.023416127771720197,0.0,0.0,10.0,10.0,0.0,0.0,10.0,10.0,0.0,0.0,0.0,0.0,0.0,False
639,0.006725998084090801,0.016539738492538397,0.024376270009984713,0.001110533433355515,0.028575253211136076,0.0,0.028575253211136076,0.0,0.0,330.0,330.0,0.0,0.0,330.0,330.0,0.0,0.0,0.0,0.0,0.0,False
640,0.0025012522326036957,0.006022465906601007,0.008988393984288301,0.00046467584508359805,0.03764803138832096,0.0,0.03764803138832096,0.0,0.0,130.0,130.0,0.0,0.0,130.0,130.0,0.0,0.0,0.0,0.0,0.0,False
641,0.007576637907629802,0.012674785327205895,0.02198501563280869,0.001733592397972994,0.017894500078669995,0.0,0.017894500078669995,0.0,0.0,180.0,180.0,0.0,0.0,180.0,180.0,0.0,0.0,0.0,0.0,0.0,False
642,0.007185470021858098,0.023073218148051883,0.03266804146084168,0.0024093532909316984,0.011471456255443657,0.0,0.011471456255443657,0.0,0.0,360.0,360.0,0.0,0.0,360.0,360.0,0.0,0.0,0.0,0.0,0.0,False
643,0.02509081930272211,0.05808030199644382,0.0928900856513428,0.009718964352176868,0.0807908558403968,0.0,0.0807908558403968,0.0,0.0,710.0,710.0,0.0,0.0,710.0,710.0,0.0,0.0,0.0,0.0,0.0,False
644,0.002282835643836696,0.0005145084098759009,0.0031215381869091965,0.00032419413319659945,0.017113040245899214,0.0,0.017113040245899214,0.0,0.0,10.0,10.0,0.0,0.0,10.0,10.0,0.0,0.0,0.0,0.0,0.0,False
645,0.00324144090405451,0.010912148653160203,0.014216546933036409,6.295737582169558e-05,0.04408316426669434,0.0,0.04408316426669434,0.0,0.0,190.0,190.0,0.0,0.0,190.0,190.0,0.0,0.0,0.0,0.0,0.0,False
646,0.007443020526456803,0.0019879733346771025,0.010354074796502799,0.0009230809353688932,0.12485042666205448,0.0,0.12485042666205448,0.0,0.0,60.0,60.0,0.0,0.0,60.0,60.0,0.0,0.0,0.0,0.0,0.0,False
647,0.006117600361336101,6.41050649059019e-05,0.0061817054262418986,-1.0408340855860843e-16,0.0,0.0,0.0,0.0,0.0,20.0,20.0,0.0,0.0,20.0,20.0,0.0,0.0,0.0,0.0,0.0,False
648,0.007636106314106883,0.05634838239429807,0.06764350598391411,0.0036590172755091577,0.021821266152011076,0.0,0.021821266152011076,0.0,0.0,650.0,650.0,0.0,0.0,650.0,650.0,0.0,0.0,0.0,0.0,0.0,False
649,0.004969362864799896,0.001782071580406698,0.0078247677958408,0.001073333350634205,0.058961211140899694,0.0,0.058961211140899694,0.0,0.0,40.0,40.0,0.0,0.0,40.0,40.0,0.0,0.0,0.0,0.0,0.0,False
650,0.009493660452308095,0.1027752220106416,0.1194483814184768,0.007179498955527108,0.009040836917164174,0.0,0.009040836917164174,0.0,0.0,,,,0.0,1030.0,1030.0,0.0,0.0,1.0,1.0,0.0,True
651,0.014999368434375104,0.04226273242352499,0.0611332867835703,0.0038711859256702064,0.040331611702054126,0.0,0.040331611702054126,0.0,0.0,490.0,490.0,0.0,0.0,490.0,490.0,0.0,0.0,0.0,0.0,0.0,False
652,0.004365533099444402,0.0111904773273626,0.016058968598163706,0.0005029581713567044,0.034119815545478605,0.0,0.034119815545478605,0.0,0.0,200.0,200.0,0.0,0.0,200.0,200.0,0.0,0.0,0.0,0.0,0.0,False
653,0.014918908873828074,0.06882800830396207,0.0893842298431653,0.005637312665375149,0.0402433648419771,0.0,0.0402433648419771,0.0,0.0,790.0,790.0,0.0,0.0,790.0,790.0,0.0,0.0,0.0,0.0,0.0,False
654,0.003039078209350503,0.0032140866331359028,0.006780143451590302,0.0005269786091038967,0.03516652025510436,0.0,0.03516652025510436,0.0,0.0,110.0,110.0,0.0,0.0,110.0,110.0,0.0,0.0,0.0,0.0,0.0,False
655,0.005867794738982496,0.014613290692346292,0.021918683119922497,0.0014375976885937086,0.04140345367572085,0.0,0.041403453675723734,2.886579864025407e-15,0.0,260.0,260.0,0.0,0.0,260.0,260.0,0.0,0.0,0.0,0.0,0.0,False
656,0.0016217629278141021,3.124882455179945e-05,0.0016530117523661098,2.0816681711721685e-16,0.004207995477799986,0.0,0.004207995477799986,0.0,0.0,10.0,10.0,0.0,0.0,10.0,10.0,0.0,0.0,0.0,0.0,0.0,False
657,0.00837247435986932,0.06148980664049533,0.0735039661727118,0.003641685172347142,0.009222708888122266,0.0,0.009222708888122266,0.0,0.0,710.0,710.0,0.0,0.0,710.0,710.0,0.0,0.0,0.0,0.0,0.0,False
658,0.005497896653228099,1.1531402516098965e-05,0.0055094280544686,-1.2755976830369775e-12,0.0688176391727075,0.0,0.0688176391727075,0.0,10.0,0.0,10.0,0.0,10.0,0.0,10.0,0.0,0.0,0.0,0.0,0.0,False
659,0.006058420842189521,0.0048622431472016,0.01120590327885121,0.0002852392894600875,0.03868778432226194,0.0,0.03868778432226194,0.0,0.0,140.0,140.0,0.0,0.0,140.0,140.0,0.0,0.0,0.0,0.0,0.0,False
660,0.0005283047203820997,0.0,0.0005283047203820997,0.0,0.0162820698361444,0.0,0.0162820698361444,0.0,0.0,0.0,0.0,0.0,0.0,0.0,0.0,0.0,0.0,0.0,0.0,0.0,False
661,0.005425291573485674,0.02825259298953628,0.03568733232303328,0.002009447760011329,0.014187132508137412,0.0,0.014187132508137412,0.0,0.0,400.0,400.0,0.0,0.0,400.0,400.0,0.0,0.0,0.0,0.0,0.0,False
662,0.00573352606915839,0.06624042477243691,0.0733612040759487,0.0013872532343534028,0.0015939324287692624,0.0,0.0015939324287692624,0.0,10.0,800.0,870.0,60.0,10.0,800.0,870.0,60.0,0.0,0.0,0.0,0.0,False
663,0.001986571903899099,0.0008851296879345012,0.0031598985596865015,0.00028819696785290123,0.048678260490968406,0.0,0.048678260490968406,0.0,0.0,60.0,60.0,0.0,0.0,60.0,60.0,0.0,0.0,0.0,0.0,0.0,False
664,0.005532062438066698,0.0163061466623019,0.02267239003943719,0.0008341809390685906,0.011376199455859215,0.0,0.011376199455859215,0.0,0.0,230.0,230.0,0.0,0.0,230.0,230.0,0.0,0.0,0.0,0.0,0.0,False
665,0.012095298808918305,0.0023825654600579046,0.0153089707547217,0.0008311064857454906,0.15103405939450326,0.0,0.15103405939450326,0.0,0.0,110.0,110.0,0.0,0.0,110.0,110.0,0.0,0.0,0.0,0.0,0.0,False
666,0.01719523992856789,0.0062102434423141895,0.026412600881574697,0.003007117510692617,0.11165421778259055,0.0,0.11165421778259055,0.0,0.0,110.0,110.0,0.0,0.0,110.0,110.0,0.0,0.0,0.0,0.0,0.0,False
667,0.010021718692396597,0.009722238016999785,0.02185928101063489,0.002115324301238508,0.016127375997686544,0.0,0.016127375997686544,0.0,0.0,130.0,140.0,10.0,0.0,130.0,140.0,10.0,0.0,0.0,0.0,0.0,False
668,0.0027985330327850028,0.011763688232540509,0.015137436858266004,0.0005752155929404923,0.02963646678763232,0.0,0.02963646678763232,0.0,0.0,180.0,180.0,0.0,0.0,180.0,180.0,0.0,0.0,0.0,0.0,0.0,False
669,0.0011116802425579012,4.946206568669925e-05,0.0011611423082445033,-9.71445146547012e-17,0.02809006505892042,0.0,0.02809006505892042,0.0,0.0,10.0,10.0,0.0,0.0,10.0,10.0,0.0,0.0,0.0,0.0,0.0,False
670,0.0034233322012513917,0.007437806083787302,0.011684438573418499,0.0008233002883798052,0.03398410391880052,0.0,0.03398410391880052,0.0,0.0,150.0,150.0,0.0,0.0,150.0,150.0,0.0,0.0,0.0,0.0,0.0,False
671,0.009030921106199297,0.023436054918149596,0.0362583159806244,0.003791339956275508,0.047305096361612786,0.0,0.047305096361612786,0.0,0.0,470.0,480.0,10.0,0.0,470.0,480.0,10.0,0.0,0.0,0.0,0.0,False
672,0.014235480911784601,0.016295038252684108,0.0340337187589721,0.0035031995945033895,0.10451038512746547,0.0,0.10451038512746547,0.0,0.0,280.0,280.0,0.0,0.0,280.0,280.0,0.0,0.0,0.0,0.0,0.0,False
673,0.004914759142466196,0.03566396660926088,0.04165075910827448,0.0010720333565474027,0.006022536325404615,0.0,0.006022536325404615,0.0,0.0,420.0,420.0,0.0,0.0,420.0,420.0,0.0,0.0,0.0,0.0,0.0,False
674,0.006879174691774903,0.04213917445119439,0.0507192337151576,0.0017008845721883104,0.010839368538017036,0.0,0.010839368538017036,0.0,0.0,530.0,530.0,0.0,0.0,530.0,530.0,0.0,0.0,0.0,0.0,0.0,False
675,0.0008082326822255945,0.0006076637006773994,0.0014132475061925942,-2.6488767103996502e-06,0.005616495486968631,0.0,0.005616495486968631,0.0,0.0,20.0,20.0,0.0,0.0,20.0,20.0,0.0,0.0,0.0,0.0,0.0,False
676,0.006623284500390708,0.006238966821454597,0.013813168835082199,0.000950917513236893,0.0595036710139063,0.0,0.0595036710139063,0.0,0.0,150.0,150.0,0.0,0.0,150.0,150.0,0.0,0.0,0.0,0.0,0.0,False
677,0.0103584945070785,0.004672936131867811,0.015962027956144403,0.0009305973171980925,0.04321819253946224,1.1102230246251565e-16,0.04321819253946235,0.0,0.0,140.0,140.0,0.0,0.0,140.0,140.0,0.0,0.0,0.0,0.0,0.0,False
678,0.018800904855472977,0.03464110197932499,0.059392990742958285,0.005950983908160318,0.07841866501541384,0.0,0.07841866501541384,0.0,0.0,400.0,400.0,0.0,0.0,400.0,400.0,0.0,0.0,0.0,0.0,0.0,False
679,0.0047809814538221085,0.02733244135265392,0.03361888569606161,0.0015054628895855848,0.030135227209806548,0.0,0.030135227209806548,0.0,0.0,370.0,370.0,0.0,0.0,370.0,370.0,0.0,0.0,0.0,0.0,0.0,False
680,0.0050105876704621966,0.0018438437061678997,0.007126468641984907,0.0002720372653548103,0.027005023503425485,0.0,0.027005023503425485,0.0,0.0,70.0,70.0,0.0,0.0,70.0,70.0,0.0,0.0,0.0,0.0,0.0,False
681,0.0010526296902792984,0.0004405814646699993,0.0015513327919491962,5.812163699989853e-05,0.009209901189379865,0.0,0.009209901189379865,0.0,0.0,30.0,30.0,0.0,0.0,30.0,30.0,0.0,0.0,0.0,0.0,0.0,False
682,0.011914577087710113,0.003616650460262702,0.016681048419908306,0.0011498208719354919,0.07531033226945272,0.0,0.07531033226945272,0.0,0.0,110.0,110.0,0.0,0.0,110.0,110.0,0.0,0.0,0.0,0.0,0.0,False
683,0.003993501888298903,0.007871772825093992,0.012791156282579194,0.0009258815691862987,0.03637095268146018,0.0,0.03637095268146018,0.0,0.0,140.0,140.0,0.0,0.0,140.0,140.0,0.0,0.0,0.0,0.0,0.0,False
684,0.007473210128777413,0.0271673201451052,0.03670826523587711,0.0020677349619944996,0.035646046120028085,0.0,0.035646046120028085,0.0,0.0,360.0,360.0,0.0,0.0,360.0,360.0,0.0,0.0,0.0,0.0,0.0,False
685,0.0,0.0,0.0,0.0,0.0,0.0,0.0,0.0,0.0,0.0,0.0,0.0,0.0,0.0,0.0,0.0,0.0,0.0,0.0,0.0,False
686,0.0129272784541518,0.003194031236269393,0.0167351417712307,0.0006138320808095066,0.10198365829214151,0.0,0.1019836582921414,-1.1102230246251565e-16,0.0,70.0,70.0,0.0,0.0,70.0,70.0,0.0,0.0,0.0,0.0,0.0,False
687,0.002793972724352098,0.0028724293728997,0.006026492995704,0.00036009089845220194,0.04540921372851847,0.0,0.04540921372851847,0.0,0.0,70.0,70.0,0.0,0.0,70.0,70.0,0.0,0.0,0.0,0.0,0.0,False
688,0.0016935597671884003,0.010170830024565904,0.012408321666396,0.0005439318746416968,0.02684933659017541,0.0,0.02684933659017541,0.0,0.0,190.0,190.0,0.0,0.0,190.0,190.0,0.0,0.0,0.0,0.0,0.0,False
689,0.005713954050014597,0.0041767853738706034,0.010369197387928894,0.0004784579640436937,0.07326393739203763,0.0,0.07326393739203763,0.0,0.0,110.0,110.0,0.0,0.0,110.0,110.0,0.0,0.0,0.0,0.0,0.0,False
690,0.006090468236998492,0.0035172961126918867,0.010388920115728797,0.0007811557660384189,0.024617808373576078,0.0,0.024617808373576078,0.0,0.0,90.0,90.0,0.0,0.0,90.0,90.0,0.0,0.0,0.0,0.0,0.0,False
691,0.0014129191569704908,0.012931211962201289,0.014669105898577894,0.00032497477940611474,0.005220130056707573,0.0,0.005220130056707573,0.0,0.0,270.0,270.0,0.0,0.0,270.0,270.0,0.0,0.0,0.0,0.0,0.0,False
692,0.017316212666691297,0.004297270047334198,0.0226863755386653,0.0010728928246398067,0.07718770919586726,0.0,0.07718770919586726,0.0,0.0,100.0,110.0,10.0,0.0,100.0,110.0,10.0,0.0,0.0,0.0,0.0,False
693,0.0011322367877752981,0.007908244483692997,0.009674225640566192,0.0006337443690978967,0.007468190917441109,0.0,0.007468190917441109,0.0,0.0,190.0,190.0,0.0,0.0,190.0,190.0,0.0,0.0,0.0,0.0,0.0,False
694,0.0034319075247735975,0.011148478555674302,0.015475296400024291,0.0008949103195763919,0.01130385367865483,0.0,0.01130385367865483,0.0,0.0,190.0,190.0,0.0,0.0,190.0,190.0,0.0,0.0,0.0,0.0,0.0,False
695,0.0049499388261566996,0.005577719304161191,0.011856736312259891,0.0013290781819420006,0.008406361249278627,0.0,0.008406361249278627,0.0,0.0,150.0,160.0,10.0,0.0,150.0,160.0,10.0,0.0,0.0,0.0,0.0,False
696,0.0034228148129203002,0.0,0.0034228148129203002,0.0,0.11734808293986321,0.0,0.11734808293986321,0.0,0.0,0.0,0.0,0.0,0.0,0.0,0.0,0.0,0.0,0.0,0.0,0.0,False
697,0.004236632933419401,0.015565589336447597,0.020817247148920803,0.0010150248790538052,0.011452691833055806,0.0,0.011452691833055806,0.0,0.0,290.0,300.0,10.0,0.0,290.0,300.0,10.0,0.0,0.0,0.0,0.0,False
698,0.008773531236889509,0.025170101915236304,0.0377401789405597,0.003796545788433886,0.03872943406455431,-1.1102230246251565e-16,0.03872943406455431,1.1102230246251565e-16,0.0,300.0,310.0,10.0,0.0,300.0,310.0,10.0,0.0,0.0,0.0,0.0,False
699,0.0061788492885212765,0.008767984586432881,0.0165839632475355,0.0016371293725813418,0.019346961960978903,0.0,0.019346961960978903,0.0,0.0,200.0,200.0,0.0,0.0,200.0,200.0,0.0,0.0,0.0,0.0,0.0,False
700,0.005042370290683801,0.025120897091430505,0.03172107822911241,0.0015578108469981033,0.01107014190991773,0.0,0.01107014190991773,0.0,10.0,310.0,340.0,20.0,10.0,310.0,340.0,20.0,0.0,0.0,0.0,0.0,False
701,0.004986027352835806,0.005539362576942,0.011158712451226405,0.0006333225214485982,0.020819427127998003,0.0,0.020819427127998003,0.0,0.0,140.0,150.0,10.0,0.0,140.0,150.0,10.0,0.0,0.0,0.0,0.0,False
702,0.008604401173377796,0.0169137069439083,0.028663597394931892,0.0031454892776457966,0.0396890959597182,0.0,0.0396890959597182,0.0,0.0,350.0,350.0,0.0,0.0,350.0,350.0,0.0,0.0,0.0,0.0,0.0,False
703,0.004266185574278089,0.007593312567190896,0.012633097999948897,0.000773599858479912,0.041462989647945814,0.0,0.041462989647945814,0.0,0.0,160.0,160.0,0.0,0.0,160.0,160.0,0.0,0.0,0.0,0.0,0.0,False
704,0.004053219826971301,0.0016923008260803993,0.006419116879841695,0.000673596226789995,0.041860809548929734,0.0,0.041860809548929734,0.0,0.0,70.0,80.0,10.0,0.0,70.0,80.0,10.0,0.0,0.0,0.0,0.0,False
705,0.009856265271807496,0.0055082838553462965,0.016972514955506807,0.001607965828353014,0.05953093861605668,0.0,0.05953093861605668,0.0,0.0,130.0,130.0,0.0,0.0,130.0,130.0,0.0,0.0,0.0,0.0,0.0,False
706,0.009965976143645805,0.0033601276171214,0.014434664319498594,0.001108560558731389,0.045317883298835404,0.0,0.045317883298835404,0.0,0.0,100.0,110.0,10.0,0.0,100.0,110.0,10.0,0.0,0.0,0.0,0.0,False
707,0.002325654265399303,0.0029049611661217042,0.005532777143780504,0.0003021617122594966,8.70324375418785e-05,0.0,8.70324375418785e-05,0.0,0.0,80.0,80.0,0.0,0.0,80.0,80.0,0.0,0.0,0.0,0.0,0.0,False
708,0.007638044590505988,0.03964954598132128,0.05024657332658447,0.0029589827547572,0.01738566393087526,0.0,0.01738566393087526,0.0,0.0,450.0,450.0,0.0,0.0,450.0,450.0,0.0,0.0,0.0,0.0,0.0,False
709,0.0084059732691205,0.014264791744055705,0.025718703944451207,0.0030479389312750016,0.03796396731801022,0.0,0.03796396731801022,0.0,0.0,340.0,340.0,0.0,0.0,340.0,340.0,0.0,0.0,0.0,0.0,0.0,False
710,0.0009661673815028991,0.0,0.0009661673815028991,0.0,0.03217134631358698,0.0,0.03217134631358698,0.0,0.0,0.0,0.0,0.0,0.0,0.0,0.0,0.0,0.0,0.0,0.0,0.0,False
711,0.002308005658732397,0.0006755514394989962,0.0030561332020501986,7.257610381880553e-05,0.050158735972631596,0.0,0.050158735972631596,0.0,0.0,50.0,50.0,0.0,0.0,50.0,50.0,0.0,0.0,0.0,0.0,0.0,False
712,0.010015672588924204,0.007489527938975005,0.0191851352191178,0.0016799346912185903,0.054018702588435996,0.0,0.054018702588435996,0.0,0.0,130.0,140.0,10.0,0.0,130.0,140.0,10.0,0.0,0.0,0.0,0.0,False
713,0.0033772717681754966,0.010792515018803892,0.01580205468914439,0.0016322679021650022,0.04280990788603045,0.0,0.04280990788603045,0.0,0.0,160.0,160.0,0.0,0.0,160.0,160.0,0.0,0.0,0.0,0.0,0.0,False
714,0.007296401538083114,0.025398955358573005,0.0350394927879325,0.0023441358912763832,0.016194185968608776,0.0,0.016194185968608776,0.0,0.0,310.0,310.0,0.0,0.0,310.0,310.0,0.0,0.0,0.0,0.0,0.0,False
715,0.004930181940294098,0.00281441214340529,0.008142560119415096,0.00039796603571570777,0.038798537696613455,0.0,0.038798537696613455,0.0,0.0,70.0,70.0,0.0,0.0,70.0,70.0,0.0,0.0,0.0,0.0,0.0,False
716,0.010274424739424207,0.0175257073141198,0.03120016493270171,0.0034000328791577022,0.06343643578354519,0.0,0.06343643578354519,0.0,0.0,220.0,230.0,10.0,0.0,220.0,230.0,10.0,0.0,0.0,0.0,0.0,False
717,0.003914326913893609,0.0015831938785108995,0.005619299363439398,0.00012177857103488898,0.021806432575401047,0.0,0.021806432575401047,0.0,0.0,30.0,30.0,0.0,0.0,30.0,30.0,0.0,0.0,0.0,0.0,0.0,False
718,0.012949952373733309,0.05901401556980357,0.07636214825915988,0.0043981803156230015,0.019088548781461823,0.0,0.019088548781461823,0.0,0.0,740.0,740.0,0.0,0.0,740.0,740.0,0.0,0.0,0.0,0.0,0.0,False
719,0.003761471325515686,0.025859516300650698,0.030269481827467304,0.0006484942013009198,0.01796470283909979,0.0,0.01796470283909979,0.0,0.0,340.0,340.0,0.0,0.0,340.0,340.0,0.0,0.0,0.0,0.0,0.0,False
720,0.006085469405385603,6.513966177799924e-05,0.006478750747542804,0.00032814168037920144,0.03782511351076584,0.0,0.03782511351076584,0.0,0.0,30.0,30.0,0.0,0.0,30.0,30.0,0.0,0.0,0.0,0.0,0.0,False
721,0.010297189664931289,0.051625739922863706,0.0662778408877274,0.004354911299932401,0.03612325027537777,0.0,0.03612325027537777,0.0,0.0,690.0,690.0,0.0,0.0,690.0,690.0,0.0,0.0,0.0,0.0,0.0,False
722,0.007002657838803203,0.0004552414093191015,0.007831803034152499,0.00037390378603019414,0.092039488051738,-7.382983113757291e-15,0.092039488051743,1.2378986724570495e-14,0.0,20.0,20.0,0.0,0.0,20.0,20.0,0.0,0.0,0.0,0.0,0.0,False
723,0.0026773054352390996,0.004327768627245404,0.007348732216871198,0.00034365815438669456,0.025545716964311405,0.0,0.025545716964311405,0.0,0.0,110.0,110.0,0.0,0.0,110.0,110.0,0.0,0.0,0.0,0.0,0.0,False
724,0.007847310721328098,0.0010788259236783962,0.0102839405935728,0.0013578039485663065,0.1425413707345018,0.0,0.1425413707345018,0.0,0.0,40.0,40.0,0.0,0.0,40.0,40.0,0.0,0.0,0.0,0.0,0.0,False
725,0.003814573227353499,0.002067677731828796,0.006055448343853201,0.00017319738467090617,0.03642367266787261,0.0,0.03642367266787261,0.0,0.0,70.0,70.0,0.0,0.0,70.0,70.0,0.0,0.0,0.0,0.0,0.0,False
726,0.004729718475232701,0.0,0.004729718475232701,0.0,0.09887501210500091,0.0,0.09887501210500091,0.0,0.0,0.0,0.0,0.0,0.0,0.0,0.0,0.0,0.0,0.0,0.0,0.0,False
727,0.0073654938785994994,0.003300761988614606,0.01118828589397261,0.0005220300267585049,0.028941302289201998,0.0,0.028941302289201998,0.0,0.0,70.0,70.0,0.0,0.0,70.0,70.0,0.0,0.0,0.0,0.0,0.0,False
728,0.0095474692013231,0.03912825151516061,0.05270386056144352,0.0040281398449598105,0.015476051471476238,0.0,0.015476051471476238,0.0,0.0,510.0,520.0,10.0,0.0,510.0,520.0,10.0,0.0,0.0,0.0,0.0,False
729,0.005476467144691993,0.023018833798440996,0.030018303078105296,0.0015230021349723066,0.019741260622276324,0.0,0.019741260622276324,0.0,0.0,330.0,330.0,0.0,0.0,330.0,330.0,0.0,0.0,0.0,0.0,0.0,False
730,0.004438381010511097,0.006011132575676599,0.011990822448464902,0.0015413088622772061,0.06626746518364413,0.0,0.06626746518364413,0.0,0.0,170.0,190.0,20.0,0.0,170.0,190.0,20.0,0.0,0.0,0.0,0.0,False
731,0.012902296388576803,0.007501369540476907,0.021252088131439195,0.0008484222023854848,0.116395825044328,0.0,0.116395825044328,0.0,0.0,140.0,140.0,0.0,0.0,140.0,140.0,0.0,0.0,0.0,0.0,0.0,False
732,0.0028627838757237997,0.004789294636650003,0.008097406002828503,0.0004453274904547,0.029699800121987308,0.0,0.029699800121987308,0.0,0.0,130.0,130.0,0.0,0.0,130.0,130.0,0.0,0.0,0.0,0.0,0.0,False
733,0.003749306599573704,0.005651063927182107,0.009969180660011998,0.0005688101332561868,0.05268520076358846,1.1102230246251565e-16,0.05268520076358846,-1.1102230246251565e-16,0.0,120.0,120.0,0.0,0.0,120.0,120.0,0.0,0.0,0.0,0.0,0.0,False
734,0.00934862993645691,0.04580424138394801,0.05742669828460578,0.0022738269642008646,0.0033543916271083773,0.0,0.0033543916271083773,0.0,0.0,500.0,500.0,0.0,0.0,500.0,500.0,0.0,0.0,0.0,0.0,0.0,False
735,0.004113323016631601,0.003019535137564311,0.0078656099725357,0.0007327518183397885,0.014149312572860673,0.0,0.014149312572860673,0.0,0.0,80.0,90.0,10.0,0.0,80.0,90.0,10.0,0.0,0.0,0.0,0.0,False
736,0.008049157256125206,0.10793972686644171,0.117936141238428,0.0019472571158610785,0.0015148391249186766,0.0,0.0015148391249186766,0.0,0.0,980.0,980.0,0.0,0.0,980.0,980.0,0.0,0.0,0.0,0.0,0.0,False
737,0.006106615843678609,0.003254346724959001,0.00992267363769321,0.000561711069055601,0.052948556907873034,0.0,0.052948556907873034,0.0,0.0,90.0,90.0,0.0,0.0,90.0,90.0,0.0,0.0,0.0,0.0,0.0,False
738,0.014178747394144181,0.046918598573398806,0.0652850463791691,0.004187700411626111,0.042719237940390564,0.0,0.042719237940390564,0.0,0.0,570.0,570.0,0.0,0.0,570.0,570.0,0.0,0.0,0.0,0.0,0.0,False
739,0.006720292899133,0.0026462188408807943,0.010733633473169697,0.001367121733155903,0.04385203059995191,0.0,0.04385203059995191,0.0,0.0,80.0,80.0,0.0,0.0,80.0,80.0,0.0,0.0,0.0,0.0,0.0,False
740,0.0006385525957526977,0.0012088413270565992,0.0019201637739564986,7.276985114720164e-05,0.00736465387273072,0.0,0.00736465387273072,0.0,0.0,60.0,60.0,0.0,0.0,60.0,60.0,0.0,0.0,0.0,0.0,0.0,False
741,0.0032660477160815077,0.0015800061033003077,0.005330688838682304,0.0004846350193004889,0.017669303306106887,0.0,0.017669303306106887,0.0,0.0,40.0,40.0,0.0,0.0,40.0,40.0,0.0,0.0,0.0,0.0,0.0,False
742,0.010431483944233905,0.0436390893638611,0.0568891356523292,0.0028185623442341934,0.027734676444007844,0.0,0.027734676444007844,0.0,0.0,500.0,500.0,0.0,0.0,500.0,500.0,0.0,0.0,0.0,0.0,0.0,False
743,0.0061825111282894085,0.011459149422931303,0.0180860890024509,0.0004444284512301888,0.01748849452076251,0.0,0.01748849452076251,0.0,0.0,180.0,180.0,0.0,0.0,180.0,180.0,0.0,0.0,0.0,0.0,0.0,False
744,0.018055807615657615,0.04119167236341961,0.0654801904938691,0.006232710514791878,0.05453760233783489,0.0,0.05453760233783489,0.0,0.0,540.0,540.0,0.0,0.0,540.0,540.0,0.0,0.0,0.0,0.0,0.0,False
745,0.00955398741602842,0.04308920884161832,0.05506580244870313,0.0024226061910563867,0.018959996910094645,0.0,0.018959996910094645,0.0,0.0,490.0,510.0,20.0,0.0,490.0,510.0,20.0,0.0,0.0,0.0,0.0,False
746,0.006555310955045218,0.02775218912568761,0.037332619884521495,0.0030251198037886673,0.0039299437534232595,0.0,0.0039299437534232595,0.0,0.0,370.0,370.0,0.0,0.0,370.0,370.0,0.0,0.0,0.0,0.0,0.0,False
747,0.00756926158484561,0.06471129028694408,0.07509174532730131,0.002811193455511618,0.024172433708639085,0.0,0.024172433708639085,0.0,0.0,700.0,700.0,0.0,0.0,700.0,700.0,0.0,0.0,0.0,0.0,0.0,False
748,0.0092145108153239,0.003934325793405191,0.014197465295173989,0.0010486286864448968,0.0461965376644739,0.0,0.0461965376644739,0.0,0.0,110.0,110.0,0.0,0.0,110.0,110.0,0.0,0.0,0.0,0.0,0.0,False
749,0.013276254624838599,0.005628627153656807,0.02064074728877159,0.0017358655102761855,0.0692140196315374,0.0,0.0692140196315374,0.0,0.0,90.0,90.0,0.0,0.0,90.0,90.0,0.0,0.0,0.0,0.0,0.0,False
750,0.005092516282714302,0.013517213308021012,0.019631575350813987,0.001021845760078674,0.020236959364758833,0.0,0.020236959364758833,0.0,0.0,270.0,270.0,0.0,0.0,270.0,270.0,0.0,0.0,0.0,0.0,0.0,False
751,0.003973016168008298,0.005096107492082502,0.009671484852887408,0.0006023611927966077,0.04168083794586297,0.0,0.04168083794586297,0.0,0.0,110.0,110.0,0.0,0.0,110.0,110.0,0.0,0.0,0.0,0.0,0.0,False
752,0.0033129792980015893,0.01298315073467729,0.016633355761182606,0.0003372257285037261,0.007360354684719628,0.0,0.007360354684719628,0.0,0.0,200.0,200.0,0.0,0.0,200.0,200.0,0.0,0.0,0.0,0.0,0.0,False
753,0.0030053010082288084,0.0013387656703749973,0.0044459749797474,0.00010190830114359395,0.021130174422883008,0.0,0.021130174422883008,0.0,0.0,40.0,40.0,0.0,0.0,40.0,40.0,0.0,0.0,0.0,0.0,0.0,False
754,0.009804067738874711,0.0393852459125876,0.0518876952039615,0.002698381552499185,0.03406673352860323,0.0,0.03406673352860323,0.0,0.0,430.0,440.0,10.0,0.0,430.0,440.0,10.0,0.0,0.0,0.0,0.0,False
755,0.0,0.002789418086764299,0.002789418086764299,0.0,0.0,0.0,0.0,0.0,0.0,80.0,80.0,0.0,0.0,80.0,80.0,0.0,0.0,0.0,0.0,0.0,False
756,0.004427328402251393,0.011144278050256709,0.017145866279362,0.0015742598268538993,0.007363551974038485,0.0,0.007363551974038485,0.0,0.0,220.0,230.0,10.0,0.0,220.0,230.0,10.0,0.0,0.0,0.0,0.0,False
757,0.0026520913940684954,0.007876223258894796,0.010829637500502295,0.00030132284753900396,4.099347179264967e-06,0.0,4.099347179264967e-06,0.0,0.0,160.0,160.0,0.0,0.0,160.0,160.0,0.0,0.0,0.0,0.0,0.0,False
758,0.014170891191685991,0.08044285273911908,0.10213131474626172,0.007517570815456648,0.04918907474247747,0.0,0.04918907474247747,0.0,0.0,830.0,840.0,10.0,0.0,830.0,840.0,10.0,0.0,0.0,0.0,0.0,False
759,0.008433220072908199,0.0711642274795824,0.08175327493701318,0.0021558273845225795,0.007996404215208197,0.0,0.007996404215208197,0.0,0.0,780.0,780.0,0.0,0.0,780.0,780.0,0.0,0.0,0.0,0.0,0.0,False
760,0.012402587309520818,0.004202112190515611,0.01695869516590051,0.00035399566586408193,0.05068263558353503,0.0,0.05068263558353503,0.0,0.0,70.0,70.0,0.0,0.0,70.0,70.0,0.0,0.0,0.0,0.0,0.0,False
761,0.0050860901209047946,0.0021422380001640956,0.007817204812179394,0.0005888766911105042,0.08348116679890022,0.0,0.08348116679890022,0.0,0.0,60.0,60.0,0.0,0.0,60.0,60.0,0.0,0.0,0.0,0.0,0.0,False
762,0.0027632983808268015,0.0012182998678256993,0.004306132979584199,0.00032453473093169843,0.0638923065529956,0.0,0.0638923065529956,0.0,0.0,60.0,60.0,0.0,0.0,60.0,60.0,0.0,0.0,0.0,0.0,0.0,False
763,0.005347313333232101,0.03910323777542371,0.04629348730490121,0.0018429361962453983,0.005412546912444638,0.0,0.005412546912444638,0.0,0.0,600.0,600.0,0.0,0.0,600.0,600.0,0.0,0.0,0.0,0.0,0.0,False
764,0.004333159321953495,0.022378445693836985,0.028035016013982894,0.0013234109981924147,0.008450503945411136,-1.9984014443252818e-15,0.008450503945402144,-6.994405055138486e-15,0.0,350.0,350.0,0.0,0.0,350.0,350.0,0.0,0.0,0.0,0.0,0.0,False
765,0.00873176115364832,0.06778336626798581,0.0810132746037906,0.0044981471821564645,0.016074459949141473,0.0,0.016074459949141473,0.0,0.0,700.0,700.0,0.0,0.0,700.0,700.0,0.0,0.0,0.0,0.0,0.0,False
766,0.010378038474987805,0.009387618425367311,0.020944802148696817,0.0011791452483417009,0.031944918281566315,0.0,0.031944918281566315,0.0,0.0,150.0,150.0,0.0,0.0,150.0,150.0,0.0,0.0,0.0,0.0,0.0,False
767,0.0012174501354012962,0.0009723798817822954,0.002241675518503801,5.184550132020932e-05,0.02024008276227024,0.0,0.02024008276227024,0.0,0.0,30.0,30.0,0.0,0.0,30.0,30.0,0.0,0.0,0.0,0.0,0.0,False
768,0.008815136874204196,0.003549313404749399,0.0134131806513582,0.0010487303724046049,0.12743955198827206,0.0,0.12743955198827206,0.0,0.0,60.0,60.0,0.0,0.0,60.0,60.0,0.0,0.0,0.0,0.0,0.0,False
769,0.002665550194379099,0.009000968565103198,0.012980722333920502,0.0013142035744382052,0.03356004859965006,0.0,0.03356004859965006,0.0,0.0,220.0,220.0,0.0,0.0,220.0,220.0,0.0,0.0,0.0,0.0,0.0,False
770,0.0021339324526788994,0.0010409247523157986,0.0032956205335850017,0.0001207633285903037,0.017902294430422405,0.0,0.017902294430422405,0.0,0.0,50.0,50.0,0.0,0.0,50.0,50.0,0.0,0.0,0.0,0.0,0.0,False
771,0.016871991051519403,0.033450680163141594,0.0584604972911798,0.008137826076518806,0.14243605133531168,0.0,0.14243605133531168,0.0,0.0,450.0,450.0,0.0,0.0,450.0,450.0,0.0,0.0,0.0,0.0,0.0,False
772,0.010596675194985417,0.008493310791069214,0.0203009565001884,0.001210970514133769,0.024933272246904448,0.0,0.024933272246904448,0.0,0.0,140.0,140.0,0.0,0.0,140.0,140.0,0.0,0.0,0.0,0.0,0.0,False
773,0.004959127636555191,0.02098332964274989,0.027715888174034295,0.0017734308947292138,0.025654774304955608,0.0,0.025654774304955608,0.0,0.0,420.0,420.0,0.0,0.0,420.0,420.0,0.0,0.0,0.0,0.0,0.0,False
774,0.004113879509844695,0.005504097557262597,0.010326172782372398,0.0007081957152651058,0.016040769973719393,0.0,0.016040769973719393,0.0,0.0,130.0,130.0,0.0,0.0,130.0,130.0,0.0,0.0,0.0,0.0,0.0,False
775,0.0080953727200615,0.03652884274844201,0.04838891804119019,0.0037647025726866845,0.01149044255107301,0.0,0.01149044255107301,0.0,0.0,480.0,480.0,0.0,0.0,480.0,480.0,0.0,0.0,0.0,0.0,0.0,False
776,0.0049347206530829,2.034474208310183e-05,0.0049550654360144,4.084839758111691e-11,0.06940957727318539,0.0,0.06940957727318539,0.0,0.0,0.0,0.0,0.0,0.0,0.0,0.0,0.0,0.0,0.0,0.0,0.0,False
777,0.0,3.164741253060266e-05,3.164741253060266e-05,0.0,0.0,0.0,0.0,0.0,0.0,0.0,0.0,0.0,0.0,0.0,0.0,0.0,0.0,0.0,0.0,0.0,False
778,0.005530283056282892,0.039910463249796996,0.04716347994148809,0.0017227336354082023,0.024693286303565376,0.0,0.024693286303565376,0.0,0.0,520.0,520.0,0.0,0.0,520.0,520.0,0.0,0.0,0.0,0.0,0.0,False
779,0.004307692820136794,0.017115074033212996,0.02221939653911159,0.0007966296857618016,0.009234893086406792,0.0,0.009234893086406792,0.0,0.0,240.0,240.0,0.0,0.0,240.0,240.0,0.0,0.0,0.0,0.0,0.0,False
780,0.010570783038887102,0.003616018418814801,0.015681905024897108,0.001495103567195205,0.06336517711364409,0.0,0.06336517711364409,0.0,0.0,90.0,90.0,0.0,0.0,90.0,90.0,0.0,0.0,0.0,0.0,0.0,False
781,0.011249362505289906,0.0227095561336573,0.0369569656161709,0.002998046977223695,0.0690109433845233,0.0,0.0690109433845233,0.0,0.0,320.0,320.0,0.0,0.0,320.0,320.0,0.0,0.0,0.0,0.0,0.0,False
782,0.007249080823570897,0.010024804671859094,0.0192135846737177,0.001939699178287707,0.04425641848363221,0.0,0.04425641848363221,0.0,0.0,180.0,190.0,10.0,0.0,180.0,190.0,10.0,0.0,0.0,0.0,0.0,False
783,0.011969121391659898,0.016528875717615577,0.030531189494532374,0.002033192385256899,0.03892377774712119,0.0,0.03892377774712119,0.0,0.0,240.0,240.0,0.0,0.0,240.0,240.0,0.0,0.0,0.0,0.0,0.0,False
784,0.008836471636176707,0.017543287483881204,0.02807392598629191,0.0016941668662339981,0.021699048214576022,0.0,0.021699048214576022,0.0,0.0,290.0,290.0,0.0,0.0,290.0,290.0,0.0,0.0,0.0,0.0,0.0,False
785,0.023804356251902914,0.1493954937566998,0.1823877943176765,0.00918794430907377,0.010632256000249307,0.0,0.010632256000249307,0.0,,,,,0.0,0.0,0.0,0.0,0.0,0.0,0.0,0.0,True
786,0.011390140195321502,0.023997168055092527,0.03835903157107309,0.0029717233206590643,0.020476097149869754,0.0,0.020476097149869754,0.0,0.0,360.0,370.0,10.0,0.0,360.0,370.0,10.0,0.0,0.0,0.0,0.0,False
787,0.010944913034647397,0.019058275204620195,0.03258201102176969,0.0025788227825020993,0.05754291093731867,0.0,0.05754291093731867,0.0,0.0,310.0,310.0,0.0,0.0,310.0,310.0,0.0,0.0,0.0,0.0,0.0,False
788,0.0062736714895419154,0.009294334922110709,0.0164079573855882,0.000839950973935577,0.020917618758758194,0.0,0.020917618758758194,0.0,0.0,160.0,170.0,10.0,0.0,160.0,170.0,10.0,0.0,0.0,0.0,0.0,False
789,0.0,0.0005074373526905984,0.0005074373526905984,0.0,0.0,0.0,0.0,0.0,0.0,40.0,40.0,0.0,0.0,40.0,40.0,0.0,0.0,0.0,0.0,0.0,False
790,0.0031142262975003,0.0156045347859812,0.019525845224365707,0.0008070841408842067,0.003883706230171091,0.0,0.003883706230171091,0.0,0.0,210.0,210.0,0.0,0.0,210.0,210.0,0.0,0.0,0.0,0.0,0.0,False
791,0.009411322856817311,0.03420627029021861,0.046100250784797625,0.002482657637761704,0.018507846426201513,0.0,0.018507846426201513,0.0,0.0,430.0,440.0,10.0,0.0,430.0,440.0,10.0,0.0,0.0,0.0,0.0,False
792,0.013941075484192544,0.047715764476525924,0.06626324685380924,0.004606406893090775,0.017826115024515587,0.0,0.017826115024515587,0.0,0.0,600.0,600.0,0.0,0.0,600.0,600.0,0.0,0.0,0.0,0.0,0.0,False
793,0.004388160409366501,0.00761421291317721,0.013277400366036904,0.0012750270434931932,0.030736989212620136,0.0,0.030736989212620136,0.0,0.0,180.0,180.0,0.0,0.0,180.0,180.0,0.0,0.0,0.0,0.0,0.0,False
794,0.0026767742341112996,0.0003403327138041014,0.0033056412727544005,0.00028853432483899946,0.09581074199307144,0.0,0.09581074199307144,0.0,0.0,30.0,30.0,0.0,0.0,30.0,30.0,0.0,0.0,0.0,0.0,0.0,False
795,0.0017033434659028956,0.005431176603596696,0.00748912229276609,0.00035460222326649804,0.0317173649676637,0.0,0.0317173649676637,0.0,0.0,140.0,140.0,0.0,0.0,140.0,140.0,0.0,0.0,0.0,0.0,0.0,False
796,0.00909338543758878,0.059249683917555696,0.07251590542333697,0.0041728360681924925,0.01395686258082085,0.0,0.01395686258082085,0.0,0.0,700.0,700.0,0.0,0.0,700.0,700.0,0.0,0.0,0.0,0.0,0.0,False
797,0.005797404083832489,0.007894530603509697,0.01440661899010369,0.0007146843027615035,0.03157454113992353,0.0,0.03157454113992353,0.0,0.0,140.0,140.0,0.0,0.0,140.0,140.0,0.0,0.0,0.0,0.0,0.0,False
798,0.015182118469121209,0.0469093619825105,0.06592136558744349,0.0038298851358117836,0.03147685734896144,0.0,0.03147685734896144,0.0,0.0,510.0,510.0,0.0,0.0,510.0,510.0,0.0,0.0,0.0,0.0,0.0,False
799,0.005380470522433206,0.007291206963741706,0.013907625297896797,0.0012359478117218853,0.04185868973336149,0.0,0.04185868973336149,0.0,0.0,160.0,160.0,0.0,0.0,160.0,160.0,0.0,0.0,0.0,0.0,0.0,False
800,0.004646411860685706,0.005829153184352398,0.010525470086903202,4.990504186509759e-05,0.03032941822623958,0.0,0.03032941822623958,0.0,0.0,110.0,110.0,0.0,0.0,110.0,110.0,0.0,0.0,0.0,0.0,0.0,False
801,0.01412100383465742,0.03621110169338951,0.055483739924096415,0.005151634396049487,0.04135895385723698,0.0,0.04135895385723698,0.0,0.0,480.0,500.0,20.0,0.0,480.0,500.0,20.0,0.0,0.0,0.0,0.0,False
802,0.008226966266527108,0.016831500464050506,0.027020740943445712,0.001962274212868098,0.023159660804831672,0.0,0.023159660804831672,0.0,0.0,370.0,370.0,0.0,0.0,370.0,370.0,0.0,0.0,0.0,0.0,0.0,False
803,0.003015418380184702,3.0260284811303717e-05,0.0030456786649959017,-1.0408340855860843e-16,0.06371892923173433,0.0,0.06371892923173433,0.0,0.0,20.0,20.0,0.0,0.0,20.0,20.0,0.0,0.0,0.0,0.0,0.0,False
804,0.009759622886653191,0.0288582490625362,0.0424847124354126,0.003866840486223211,0.026394804249741055,0.0,0.026394804249741055,0.0,0.0,350.0,560.0,210.0,0.0,350.0,560.0,210.0,0.0,0.0,0.0,0.0,False
805,0.0054488943377691,0.013571364331923103,0.0207675783030003,0.0017473196333080976,0.04825168668954971,0.0,0.04825168668954971,0.0,0.0,280.0,280.0,0.0,0.0,280.0,280.0,0.0,0.0,0.0,0.0,0.0,False
806,0.013075643303824713,0.009153996627742411,0.023867732069863895,0.0016380921382967706,0.09930628422620635,0.0,0.09930628422620635,0.0,0.0,170.0,170.0,0.0,0.0,170.0,170.0,0.0,0.0,0.0,0.0,0.0,False
807,0.002815301160030606,0.004835591649802198,0.007785984663933099,0.00013509185410029434,0.029576542759541136,0.0,0.029576542759541136,0.0,0.0,120.0,120.0,0.0,0.0,120.0,120.0,0.0,0.0,0.0,0.0,0.0,False
808,0.010225354217615917,0.014485746743706396,0.026827162139163002,0.002116061177840689,0.028192715205758723,0.0,0.028192715205758723,0.0,0.0,240.0,250.0,10.0,0.0,240.0,250.0,10.0,0.0,0.0,0.0,0.0,False
809,0.007924202067118497,0.0641479778282254,0.07633964944109312,0.0042674695457492196,0.02587489113247965,0.0,0.02587489113247965,0.0,0.0,750.0,750.0,0.0,0.0,750.0,750.0,0.0,0.0,0.0,0.0,0.0,False
810,0.011951428383288804,0.03406323829025591,0.0531211074584456,0.007106440784900886,0.021699234084037844,0.0,0.021699234084037844,0.0,0.0,530.0,530.0,0.0,0.0,530.0,530.0,0.0,0.0,0.0,0.0,0.0,False
811,0.008566480813313598,0.022388052358567806,0.03387692224364419,0.0029223890717627876,0.04285870402416758,0.0,0.04285870402416758,0.0,10.0,230.0,280.0,40.0,10.0,230.0,280.0,40.0,0.0,0.0,0.0,0.0,False
812,0.010953075543399304,0.033531435955894195,0.048024650244036515,0.0035401387447430155,0.02524101045640781,0.0,0.02524101045640781,0.0,0.0,400.0,410.0,10.0,0.0,400.0,410.0,10.0,0.0,0.0,0.0,0.0,False
813,0.013367375809107296,0.010407930343684507,0.025752188466666298,0.001976882313874495,0.07410287739167754,0.0,0.07410287739167754,0.0,0.0,150.0,160.0,10.0,0.0,150.0,160.0,10.0,0.0,0.0,0.0,0.0,False
814,0.0006824894081607982,0.0011280270504179998,0.0018377580209012964,2.7241562322498358e-05,0.011387591769560002,0.0,0.011387591769560002,0.0,0.0,60.0,60.0,0.0,0.0,60.0,60.0,0.0,0.0,0.0,0.0,0.0,False
815,0.008764310358042426,0.05837310882527802,0.07067615385317672,0.0035387346698562694,0.017029468112170543,0.0,0.017029468112170543,0.0,0.0,630.0,630.0,0.0,0.0,630.0,630.0,0.0,0.0,0.0,0.0,0.0,False
816,0.013555101454712518,0.006409636087212803,0.021233888830576794,0.0012691512886514739,0.055186279275128536,0.0,0.055186279275128536,0.0,0.0,110.0,110.0,0.0,0.0,110.0,110.0,0.0,0.0,0.0,0.0,0.0,False
817,0.008413459659765712,0.008051423354143286,0.018569173552222887,0.0021042905383138882,0.030158593928039157,0.0,0.030158593928039157,0.0,0.0,190.0,210.0,20.0,0.0,190.0,210.0,20.0,0.0,0.0,0.0,0.0,False
818,0.014513342295968318,0.006790316366083321,0.022391959916305104,0.0010883012542534654,0.06373231098437404,0.0,0.06373231098437404,0.0,0.0,130.0,130.0,0.0,0.0,130.0,130.0,0.0,0.0,0.0,0.0,0.0,False
819,0.010320232902793519,0.010366598101667512,0.02313059624676042,0.0024437652422993894,0.03061092771866014,0.0,0.03061092771866014,0.0,0.0,150.0,150.0,0.0,0.0,150.0,150.0,0.0,0.0,0.0,0.0,0.0,False
820,0.004490483756821789,0.005060575554007601,0.01072791736252579,0.0011768580516964,0.0,0.0,0.0,0.0,0.0,160.0,170.0,10.0,0.0,160.0,170.0,10.0,0.0,0.0,0.0,0.0,False
821,0.012445778725209244,0.04845902879026792,0.06349848421327964,0.0025936766978024717,0.01586623526092168,0.0,0.01586623526092168,0.0,0.0,560.0,560.0,0.0,0.0,560.0,560.0,0.0,0.0,0.0,0.0,0.0,False
822,0.008364645397486381,0.017279472805775603,0.02739913083125578,0.001755012627993796,0.03316613391418266,0.0,0.03316613391418266,0.0,0.0,270.0,270.0,0.0,0.0,270.0,270.0,0.0,0.0,0.0,0.0,0.0,False
823,0.012744079363855909,0.020189670234748908,0.03678281960101232,0.003849070002407501,0.052272526042232814,0.0,0.052272526042232814,0.0,0.0,420.0,420.0,0.0,0.0,420.0,420.0,0.0,0.0,0.0,0.0,0.0,False
824,0.002153614679174104,0.002827775423529605,0.0051808507518122035,0.00019946064910849465,0.021731352112885793,0.0,0.021731352112885793,0.0,0.0,60.0,70.0,10.0,0.0,60.0,70.0,10.0,0.0,0.0,0.0,0.0,False
825,0.007599617257355196,0.04039543383884461,0.05286534061014009,0.004870289513940279,0.00899069330086344,0.0,0.00899069330086344,0.0,0.0,520.0,520.0,0.0,0.0,520.0,520.0,0.0,0.0,0.0,0.0,0.0,False
826,0.014335858215118291,0.019219850976274377,0.036572280622656606,0.003016571431263937,0.019758488014417375,0.0,0.019758488014417375,0.0,0.0,270.0,280.0,10.0,0.0,270.0,280.0,10.0,0.0,0.0,0.0,0.0,False
827,0.0016416279468641007,0.0,0.0016416279468641007,0.0,0.0369271457374373,0.0,0.0369271457374373,0.0,0.0,0.0,0.0,0.0,0.0,0.0,0.0,0.0,0.0,0.0,0.0,0.0,False
828,0.006606986825197808,0.02301344000701691,0.032405715753796416,0.0027852889215816967,0.02644329504241416,0.0,0.02644329504241416,0.0,0.0,340.0,340.0,0.0,0.0,340.0,340.0,0.0,0.0,0.0,0.0,0.0,False
829,0.009740022066356407,0.0061737909837089044,0.017595927928949207,0.0016821148788838947,0.0792077682832868,0.0,0.0792077682832868,0.0,0.0,140.0,140.0,0.0,0.0,140.0,140.0,0.0,0.0,0.0,0.0,0.0,False
830,0.006713030708890566,0.028549055036676763,0.03827493666083559,0.0030128509152682614,0.004729000323430821,0.0,0.004729000323430821,0.0,0.0,340.0,340.0,0.0,0.0,340.0,340.0,0.0,0.0,0.0,0.0,0.0,False
831,0.0099571932571553,0.009221510405415995,0.021389875889071097,0.0022111722264998024,0.021065117974695124,0.0,0.021065117974695124,0.0,0.0,150.0,160.0,10.0,0.0,150.0,160.0,10.0,0.0,0.0,0.0,0.0,False
832,0.00845387778508816,0.06153840126704979,0.07283455009170076,0.002842271039562805,0.013614191004389875,0.0,0.013614191004389875,0.0,0.0,690.0,690.0,0.0,0.0,690.0,690.0,0.0,0.0,0.0,0.0,0.0,False
833,0.002007974825931999,0.0,0.002007974825931999,0.0,0.036168792161970886,0.0,0.036168792161970886,0.0,0.0,0.0,0.0,0.0,0.0,0.0,0.0,0.0,0.0,0.0,0.0,0.0,False
834,0.0062993273093709945,0.060993251385490777,0.07029981365708582,0.003007234962224048,0.017977282930967453,0.0,0.017977282930967453,0.0,0.0,670.0,670.0,0.0,0.0,670.0,670.0,0.0,0.0,0.0,0.0,0.0,False
835,0.0051021315853554995,0.0020771795985171995,0.007905631205444498,0.000726320021571799,0.0639069481580524,0.0,0.0639069481580524,0.0,10.0,80.0,120.0,30.0,10.0,80.0,120.0,30.0,0.0,0.0,0.0,0.0,False
836,0.006684877105946008,0.008850482270461105,0.01831599865698079,0.002780639280573677,0.03161756534291005,0.0,0.03161756534291005,0.0,0.0,230.0,230.0,0.0,0.0,230.0,230.0,0.0,0.0,0.0,0.0,0.0,False
837,0.006761016885637294,0.0074411967243833005,0.015293519523605303,0.0010913059135847086,0.03697458428896977,0.0,0.03697458428896977,0.0,0.0,190.0,190.0,0.0,0.0,190.0,190.0,0.0,0.0,0.0,0.0,0.0,False
838,0.003708574729821501,0.005686170570579796,0.009576454903584997,0.00018170960318369955,0.019010344155899972,0.0,0.019010344155899972,0.0,0.0,90.0,90.0,0.0,0.0,90.0,90.0,0.0,0.0,0.0,0.0,0.0,False
839,0.01955172677129491,0.05967025704025808,0.08711931401274031,0.007897330201187325,0.027749008621484994,0.0,0.027749008621484994,0.0,0.0,660.0,660.0,0.0,0.0,660.0,660.0,0.0,0.0,0.0,0.0,0.0,False
840,0.004718547862624406,0.012172934979682096,0.017489528384745406,0.0005980455424389047,0.03363494851723481,0.0,0.03363494851723481,0.0,0.0,200.0,200.0,0.0,0.0,200.0,200.0,0.0,0.0,0.0,0.0,0.0,False
841,0.00454519620161381,0.0118977288063985,0.017623658673011702,0.0011807336649993921,0.0216379845282757,0.0,0.0216379845282757,0.0,0.0,240.0,240.0,0.0,0.0,240.0,240.0,0.0,0.0,0.0,0.0,0.0,False
842,0.0,1.0957371064601595e-05,1.0957371064601595e-05,0.0,0.0,0.0,0.0,0.0,0.0,0.0,0.0,0.0,0.0,0.0,0.0,0.0,0.0,0.0,0.0,0.0,False
843,0.0026191106842496925,0.010352642992964595,0.013845225639448011,0.0008734719622337239,0.012506634661896943,0.0,0.012506634661896943,0.0,0.0,180.0,180.0,0.0,0.0,180.0,180.0,0.0,0.0,0.0,0.0,0.0,False
844,0.00880201367765962,0.029636450371403306,0.040557084458434006,0.0021186204093710803,0.045288281361433036,0.0,0.045288281361433036,0.0,0.0,380.0,380.0,0.0,0.0,380.0,380.0,0.0,0.0,0.0,0.0,0.0,False
845,5.799505780650083e-05,0.0021787107766197966,0.002236705834426006,-2.914335439641036e-16,1.4633310772227404e-05,0.0,1.4633310772227404e-05,0.0,0.0,80.0,80.0,0.0,0.0,80.0,80.0,0.0,0.0,0.0,0.0,0.0,False
846,0.008156957673869397,0.005495567215289196,0.014836805181332999,0.0011842802921744056,0.01613620306308372,0.0,0.01613620306308372,0.0,0.0,120.0,120.0,0.0,0.0,120.0,120.0,0.0,0.0,0.0,0.0,0.0,False
847,0.007405283366810497,0.02203954693036199,0.031679530973008393,0.0022347006758359073,0.046948323239123124,0.0,0.046948323239123124,0.0,0.0,330.0,330.0,0.0,0.0,330.0,330.0,0.0,0.0,0.0,0.0,0.0,False
848,0.016280905600524587,0.07980320184240108,0.10180781892300617,0.005723711480080496,0.029388957482538558,0.0,0.029388957482538558,0.0,0.0,870.0,870.0,0.0,0.0,870.0,870.0,0.0,0.0,0.0,0.0,0.0,False
849,0.004151991418711497,0.0010606087353617968,0.005298949899799198,8.634974572590409e-05,0.046896543950505964,0.0,0.046896543950505964,0.0,0.0,50.0,50.0,0.0,0.0,50.0,50.0,0.0,0.0,0.0,0.0,0.0,False
850,0.009165284224468093,0.0058313956059384,0.0166504303792242,0.001653750548817709,0.056962807407032134,0.0,0.056962807407032134,0.0,0.0,160.0,160.0,0.0,0.0,160.0,160.0,0.0,0.0,0.0,0.0,0.0,False
851,0.00416368183516691,0.020839282623850208,0.02635224473973022,0.0013492802807131,0.0005307498775467545,0.0,0.0005307498775467545,0.0,0.0,300.0,300.0,0.0,0.0,300.0,300.0,0.0,0.0,0.0,0.0,0.0,False
852,0.0042058811148686995,0.0085725698748439,0.014469426598867803,0.0016909756091552028,0.050685069376457115,0.0,0.050685069376457115,0.0,0.0,220.0,220.0,0.0,0.0,220.0,220.0,0.0,0.0,0.0,0.0,0.0,False
853,0.0021900571934873048,0.011082032627558996,0.014321319700714291,0.00104922987966799,0.017649074947159615,0.0,0.017649074947159615,0.0,0.0,170.0,170.0,0.0,0.0,170.0,170.0,0.0,0.0,0.0,0.0,0.0,False
854,0.010818128438069494,0.016060260419168595,0.02977282308097219,0.002894434223734102,0.0707922744050048,0.0,0.0707922744050048,0.0,0.0,350.0,350.0,0.0,0.0,350.0,350.0,0.0,0.0,0.0,0.0,0.0,False
855,0.005148883836736104,0.014555812787305111,0.02171598865324781,0.0020112920292065933,0.01958502153066971,0.0,0.01958502153066971,0.0,0.0,290.0,290.0,0.0,0.0,290.0,290.0,0.0,0.0,0.0,0.0,0.0,False
856,0.009020300089802202,0.002430706722895401,0.013017428284439497,0.001566421471741894,0.0970096699329911,0.0,0.0970096699329911,0.0,0.0,80.0,80.0,0.0,0.0,80.0,80.0,0.0,0.0,0.0,0.0,0.0,False
857,0.0040489672684781985,0.0036322170327192926,0.007974448555947297,0.000293264254749806,0.022936468580332492,0.0,0.022936468580332492,0.0,0.0,80.0,80.0,0.0,0.0,80.0,80.0,0.0,0.0,0.0,0.0,0.0,False
858,0.008721689201183103,0.00432565249674402,0.013885636419966096,0.0008382947220389736,0.020382360137734867,0.0,0.020382360137734867,0.0,0.0,100.0,100.0,0.0,0.0,100.0,100.0,0.0,0.0,0.0,0.0,0.0,False
859,0.012460286133121001,0.024474830179517015,0.040417926307832114,0.003482809995194097,0.06066949589155346,0.0,0.06066949589155346,0.0,0.0,370.0,370.0,0.0,0.0,370.0,370.0,0.0,0.0,0.0,0.0,0.0,False
860,0.012028346733483908,0.01713716849917199,0.03190121801642559,0.0027357027837696946,0.03537953263718585,0.0,0.03537953263718585,0.0,0.0,290.0,290.0,0.0,0.0,290.0,290.0,0.0,0.0,0.0,0.0,0.0,False
861,0.0029498555108626034,0.002694981890766307,0.005796163340086508,0.00015132593845759712,0.02180695632000962,0.0,0.02180695632000962,0.0,0.0,60.0,60.0,0.0,0.0,60.0,60.0,0.0,0.0,0.0,0.0,0.0,False
862,0.003898080307727092,0.026740582681921504,0.031456653843443316,0.00081799085379472,0.017893649534091338,0.0,0.017893649534091338,0.0,0.0,310.0,310.0,0.0,0.0,310.0,310.0,0.0,0.0,0.0,0.0,0.0,False
863,0.006270879454339309,0.009184011880122411,0.016763293294446008,0.0013084019599842872,0.029075167440399396,0.0,0.029075167440399396,0.0,0.0,190.0,190.0,0.0,0.0,190.0,190.0,0.0,0.0,0.0,0.0,0.0,False
864,0.0024061918990778003,0.0009069317525923007,0.0037736084536667963,0.00046048480199669534,0.03103891880158982,0.0,0.03103891880158982,0.0,0.0,40.0,40.0,0.0,0.0,40.0,40.0,0.0,0.0,0.0,0.0,0.0,False
865,0.011745194396419897,0.002707451048962209,0.015173433987377805,0.0007207885419956983,0.0818137789332552,0.0,0.0818137789332552,0.0,0.0,100.0,100.0,0.0,0.0,100.0,100.0,0.0,0.0,0.0,0.0,0.0,False
866,0.010818348893862018,0.016037301219269606,0.02955203808541501,0.0026963879722833872,0.07582165100865335,0.0,0.07582165100865335,0.0,0.0,220.0,220.0,0.0,0.0,220.0,220.0,0.0,0.0,0.0,0.0,0.0,False
867,0.0028106334437063007,0.004126768533646394,0.00728461594788439,0.00034721397053169567,0.032808348622723194,0.0,0.032808348622723194,0.0,0.0,80.0,80.0,0.0,0.0,80.0,80.0,0.0,0.0,0.0,0.0,0.0,False
868,0.002548254663145698,0.0,0.0026062608166816,5.800615353590208e-05,0.0655812310281389,0.0,0.0655812310281389,0.0,0.0,0.0,10.0,10.0,0.0,0.0,10.0,10.0,0.0,0.0,0.0,0.0,False
869,0.00660691803609309,0.05619071554279281,0.06474587065651632,0.0019482370776304214,0.0014949385928132441,0.0,0.0014949385928132441,0.0,0.0,620.0,620.0,0.0,0.0,620.0,620.0,0.0,0.0,0.0,0.0,0.0,False
870,0.017662301612845654,0.07911175840964069,0.10605509498069488,0.009281034958208534,0.1749331836150746,0.0,0.1749331836150746,0.0,0.0,810.0,810.0,0.0,0.0,810.0,810.0,0.0,0.0,0.0,0.0,0.0,False
871,0.0015234308545024888,0.007920625872187698,0.009747646882182492,0.00030359015549230595,0.00915424372690965,0.0,0.00915424372690965,0.0,0.0,130.0,130.0,0.0,0.0,130.0,130.0,0.0,0.0,0.0,0.0,0.0,False
872,0.0038683611378463045,0.015419316423799914,0.0207462328591662,0.0014585552975199811,0.015253814590873715,0.0,0.015253814590873715,0.0,0.0,310.0,310.0,0.0,0.0,310.0,310.0,0.0,0.0,0.0,0.0,0.0,False
873,0.0022302597319922984,0.006940003978190501,0.009672992834589791,0.000502729124406992,0.02792192765719248,0.0,0.02792192765719248,0.0,0.0,160.0,160.0,0.0,0.0,160.0,160.0,0.0,0.0,0.0,0.0,0.0,False
874,0.002995380724152605,0.005027365653553002,0.0087082197890328,0.0006854734113271935,0.03020499051350689,0.0,0.03020499051350689,0.0,0.0,140.0,140.0,0.0,0.0,140.0,140.0,0.0,0.0,0.0,0.0,0.0,False
875,0.004563468492977396,0.025710233625769574,0.032000140417177,0.0017264382984300275,0.013749637266791126,0.0,0.013749637266791126,0.0,0.0,460.0,460.0,0.0,0.0,460.0,460.0,0.0,0.0,0.0,0.0,0.0,False
876,0.009189653237680007,0.08296312930259364,0.09693588372707312,0.004783101186799477,0.005204023706691152,0.0,0.005204023706691152,0.0,0.0,910.0,910.0,0.0,0.0,910.0,910.0,0.0,0.0,0.0,0.0,0.0,False
877,0.012306598124819906,0.028100129906903998,0.04543183584541349,0.005025107813689589,0.054735727700374937,0.0,0.054735727700374937,0.0,0.0,540.0,540.0,0.0,0.0,540.0,540.0,0.0,0.0,0.0,0.0,0.0,False
878,0.002067780404695199,0.0014516287960749108,0.0036171751069406094,9.77659061704994e-05,0.030937093755635137,0.0,0.030937093755635137,0.0,0.0,40.0,40.0,0.0,0.0,40.0,40.0,0.0,0.0,0.0,0.0,0.0,False
879,0.013520988043547982,0.05241070126003508,0.07044173565744641,0.004510046353863345,0.025873505432633337,0.0,0.025873505432633337,0.0,0.0,640.0,640.0,0.0,0.0,640.0,640.0,0.0,0.0,0.0,0.0,0.0,False
880,0.009486119987001898,0.001227509255846193,0.011427419935398295,0.0007137906925502036,0.04627919079293957,0.0,0.04627919079293957,0.0,0.0,50.0,50.0,0.0,0.0,50.0,50.0,0.0,0.0,0.0,0.0,0.0,False
881,0.0036967003695767,0.012182003738161404,0.017098606556746304,0.0012199024490082006,0.02129173514980498,0.0,0.02129173514980498,0.0,0.0,210.0,210.0,0.0,0.0,210.0,210.0,0.0,0.0,0.0,0.0,0.0,False
882,0.008781128207290295,0.005769038368244092,0.01523905887592819,0.0006888923003938036,0.04055527772286294,0.0,0.04055527772286294,0.0,0.0,130.0,130.0,0.0,0.0,130.0,130.0,0.0,0.0,0.0,0.0,0.0,False
883,0.0016182026412170925,0.013857444905794492,0.015672860244869996,0.0001972126978584121,0.0036803583522782013,-3.1086244689504383e-15,0.0036803583522788674,3.774758283725532e-15,0.0,200.0,200.0,0.0,0.0,200.0,200.0,0.0,0.0,0.0,0.0,0.0,False
884,0.004954224164151366,0.0744459171706493,0.08211229062362391,0.00271214928882324,0.007962706260481456,0.0,0.007962706260481456,0.0,0.0,830.0,830.0,0.0,0.0,830.0,830.0,0.0,0.0,0.0,0.0,0.0,False
885,4.890106650590198e-05,0.0036424297790976987,0.0036913308456033994,-2.0122792321330962e-16,0.00021446664688284933,0.0,0.00021446664688284933,0.0,0.0,80.0,80.0,0.0,0.0,80.0,80.0,0.0,0.0,0.0,0.0,0.0,False
886,0.005796325343768102,0.004302135715821609,0.010285874544115808,0.00018741348452609718,0.05758706065802155,0.0,0.05758706065802155,0.0,0.0,110.0,110.0,0.0,0.0,110.0,110.0,0.0,0.0,0.0,0.0,0.0,False
887,0.009980440761393372,0.032146979297376976,0.044524467175467874,0.002397047116697526,0.006148997572855808,0.0,0.006148997572855808,0.0,0.0,690.0,700.0,10.0,0.0,690.0,700.0,10.0,0.0,0.0,0.0,0.0,False
888,0.0017023618665348017,0.03139392977962341,0.03420090376588891,0.0011046121197307024,0.0077795444615900156,0.0,0.0077795444615900156,0.0,0.0,380.0,380.0,0.0,0.0,380.0,380.0,0.0,0.0,0.0,0.0,0.0,False
889,0.0055300279378698025,0.0027055004806181004,0.008622099640159198,0.00038657122167129465,0.06681820020499968,5.551115123125783e-17,0.06681820020499968,-5.551115123125783e-17,0.0,90.0,90.0,0.0,0.0,90.0,90.0,0.0,0.0,0.0,0.0,0.0,False
890,0.007260683675354707,0.04742167214842069,0.05750421706096581,0.002821861237190415,0.0274832215731734,0.0,0.0274832215731734,0.0,0.0,550.0,550.0,0.0,0.0,550.0,550.0,0.0,0.0,0.0,0.0,0.0,False
891,0.0055518182664024,0.000696794824977004,0.006525468262282508,0.00027685517090310363,0.02227237751725697,3.092548439553866e-11,0.022272372515729666,-5.032452787823161e-09,0.0,20.0,20.0,0.0,0.0,20.0,20.0,0.0,0.0,0.0,0.0,0.0,False
892,0.0052457857984493095,0.010207587088122111,0.0159365534591156,0.00048318057254417845,0.00976292591223027,0.0,0.00976292591223027,0.0,0.0,150.0,150.0,0.0,0.0,150.0,150.0,0.0,0.0,0.0,0.0,0.0,False
893,0.012555372989658198,0.04888028668128169,0.06424461907772222,0.00280895940678233,0.02966127878816871,0.0,0.02966127878816871,0.0,0.0,560.0,560.0,0.0,0.0,560.0,560.0,0.0,0.0,0.0,0.0,0.0,False
894,0.0078941079227514,0.003609025575999694,0.011675989496485004,0.00017285599773390892,0.05148972159190496,0.0,0.05148972159190496,0.0,0.0,90.0,90.0,0.0,0.0,90.0,90.0,0.0,0.0,0.0,0.0,0.0,False
895,0.009338620077841503,0.002046021619826907,0.012071497271980508,0.000686855574312098,0.11948353076491114,-1.3389289676979388e-13,0.11948353076414842,-6.288303211476887e-13,0.0,60.0,60.0,0.0,0.0,60.0,60.0,0.0,0.0,0.0,0.0,0.0,False
896,0.0136205686918498,0.01641473613423039,0.03270327312101759,0.0026679682949374006,0.056635004673486034,0.0,0.056635004673486034,0.0,0.0,220.0,220.0,0.0,0.0,220.0,220.0,0.0,0.0,0.0,0.0,0.0,False
897,0.010254579160260485,0.018192927227894895,0.031077899784052287,0.0026303933958969072,0.04845833706765612,0.0,0.04845833706765612,0.0,0.0,310.0,310.0,0.0,0.0,310.0,310.0,0.0,0.0,0.0,0.0,0.0,False
898,0.0034638742672068942,0.007752233606801703,0.011999909166785103,0.0007838012927765051,0.0539951576739966,0.0,0.0539951576739966,0.0,0.0,170.0,170.0,0.0,0.0,170.0,170.0,0.0,0.0,0.0,0.0,0.0,False
899,0.0032929409018850053,0.013478694360687798,0.01789269116367151,0.0011210559010987053,3.1233123575002963e-05,0.0,3.1233123575002963e-05,0.0,0.0,180.0,180.0,0.0,0.0,180.0,180.0,0.0,0.0,0.0,0.0,0.0,False
900,0.006989862040976506,6.069000893900445e-05,0.007050552049915504,-6.938893903907228e-18,0.08469348127311499,0.0,0.08469348127311499,0.0,0.0,20.0,20.0,0.0,0.0,20.0,20.0,0.0,0.0,0.0,0.0,0.0,False
901,0.0007290027697211959,0.031058701236157685,0.032480282692440396,0.0006925786865615152,0.005025243371122201,0.0,0.005025243371122201,0.0,0.0,470.0,470.0,0.0,0.0,470.0,470.0,0.0,0.0,0.0,0.0,0.0,False
902,0.005126123047119485,0.009450504080524086,0.015067542842639586,0.0004909157149960153,0.017098934634243612,0.0,0.017098934634243612,0.0,0.0,170.0,170.0,0.0,0.0,170.0,170.0,0.0,0.0,0.0,0.0,0.0,False
903,0.006586160471958702,0.05726997174175941,0.0672660131261768,0.003409880912458696,0.011622386539431151,0.0,0.011622386539431151,0.0,0.0,650.0,650.0,0.0,0.0,650.0,650.0,0.0,0.0,0.0,0.0,0.0,False
904,0.001302116801716005,0.0027011829430610007,0.0040459355542358105,4.263580945880474e-05,0.00794230353014691,0.0,0.00794230353014691,0.0,0.0,60.0,60.0,0.0,0.0,60.0,60.0,0.0,0.0,0.0,0.0,0.0,False
905,0.014326793151287376,0.028152527541482092,0.047452444383401376,0.004973123690631909,0.06683019147310443,0.0,0.06683019147310443,0.0,0.0,380.0,390.0,10.0,0.0,380.0,390.0,10.0,0.0,0.0,0.0,0.0,False
906,0.009587179480119806,0.025920586999241713,0.039564517450406816,0.004056750971045298,0.026456633578318844,0.0,0.026456633578318844,0.0,0.0,390.0,400.0,10.0,0.0,390.0,400.0,10.0,0.0,0.0,0.0,0.0,False
907,0.0014720882377839,0.0,0.0014720882377839,0.0,0.03250788258765169,0.0,0.03250788258765169,0.0,0.0,0.0,0.0,0.0,0.0,0.0,0.0,0.0,0.0,0.0,0.0,0.0,False
908,0.012034606450241,0.0069330288124924005,0.0211848921612679,0.0022172568985344976,0.06046139291299868,0.0,0.06046139291299868,0.0,0.0,190.0,190.0,0.0,0.0,190.0,190.0,0.0,0.0,0.0,0.0,0.0,False
909,0.008694278011854406,0.025186199823500705,0.0360154893169608,0.002135011481605692,0.050854987224541626,0.0,0.050854987224541626,0.0,0.0,300.0,300.0,0.0,0.0,300.0,300.0,0.0,0.0,0.0,0.0,0.0,False
910,0.0053387357691244,0.0011219275301537907,0.007029757112618398,0.0005690938133402074,0.03094799661032288,0.0,0.03094799661032288,0.0,0.0,30.0,40.0,10.0,0.0,30.0,40.0,10.0,0.0,0.0,0.0,0.0,False
911,0.005395040865563999,0.011307868281527994,0.0185893314047917,0.0018864222576997075,0.02794548937422342,0.0,0.02794548937422342,0.0,0.0,260.0,260.0,0.0,0.0,260.0,260.0,0.0,0.0,0.0,0.0,0.0,False
912,0.01125042433392659,0.06414818733536842,0.0790275563629187,0.0036289446936236813,0.020031618588026046,0.0,0.020031618588026046,0.0,0.0,740.0,740.0,0.0,0.0,740.0,740.0,0.0,0.0,0.0,0.0,0.0,False
913,0.0,0.0010449576949910014,0.0010449576949910014,0.0,0.0,0.0,0.0,0.0,0.0,50.0,50.0,0.0,0.0,50.0,50.0,0.0,0.0,0.0,0.0,0.0,False
914,0.014296441621565098,0.005527533008822805,0.021921246883595397,0.002097272253207494,0.05907253423937847,0.0,0.05907253423937847,0.0,0.0,140.0,160.0,20.0,0.0,140.0,160.0,20.0,0.0,0.0,0.0,0.0,False
915,0.005963813684181599,0.010032770288101095,0.017437087372989796,0.0014405034007071021,0.028755387071556116,0.0,0.028755387071556116,0.0,0.0,180.0,180.0,0.0,0.0,180.0,180.0,0.0,0.0,0.0,0.0,0.0,False
916,0.004401711149681908,0.017408774267279215,0.022982957807698212,0.0011724723907370893,0.010462913582557132,-5.822009541134321e-13,0.010462913583618949,1.6440182548649318e-12,0.0,200.0,200.0,0.0,0.0,200.0,200.0,0.0,0.0,0.0,0.0,0.0,False
917,0.0043850447606086085,0.013372959023969094,0.018347707904648486,0.0005897041200707831,0.004615665418377102,0.0,0.004615665418377102,0.0,0.0,240.0,240.0,0.0,0.0,240.0,240.0,0.0,0.0,0.0,0.0,0.0,False
918,0.005770264183586116,0.025372157666088913,0.03244339664200402,0.0013009747923289905,0.004899495174977009,7.165601445535685e-11,0.004899495175746171,-7.088685194389654e-11,0.0,420.0,430.0,10.0,0.0,420.0,430.0,10.0,0.0,0.0,0.0,0.0,False
919,0.0032732711015957955,0.015729954037084895,0.02013425967989499,0.0011310345412142986,0.024035183979773,0.0,0.024035183979773,0.0,0.0,250.0,250.0,0.0,0.0,250.0,250.0,0.0,0.0,0.0,0.0,0.0,False
920,0.0046170091643567,0.09671502516961217,0.10653959595558926,0.0052075616216203935,0.003474963515225138,0.0,0.003474963515225138,0.0,0.0,900.0,900.0,0.0,0.0,900.0,900.0,0.0,0.0,0.0,0.0,0.0,False
921,0.006830888145109015,0.019453170796251806,0.027378155042044106,0.0010940961006832839,0.005076831203538079,0.0,0.005076831203538079,0.0,0.0,230.0,230.0,0.0,0.0,230.0,230.0,0.0,0.0,0.0,0.0,0.0,False
922,0.006307538562128512,0.021185545846614,0.031341616687009605,0.0038485322782670917,0.049173198215425096,0.0,0.049173198215425096,0.0,0.0,460.0,460.0,0.0,0.0,460.0,460.0,0.0,0.0,0.0,0.0,0.0,False
923,0.01059635351809013,0.03292398847231931,0.04530407938141823,0.0017837373910087884,0.017519508289268293,0.0,0.017519508289268293,0.0,0.0,440.0,440.0,0.0,0.0,440.0,440.0,0.0,0.0,0.0,0.0,0.0,False
924,0.009735271855535993,0.0229646822687003,0.03505315384110991,0.0023531997168736163,0.028823248581208494,0.0,0.028823248581208494,0.0,0.0,460.0,460.0,0.0,0.0,460.0,460.0,0.0,0.0,0.0,0.0,0.0,False
925,0.0001778867449131888,0.0007974067760788961,0.0009861948187751962,1.090129778311133e-05,0.0,0.0,0.0,0.0,0.0,40.0,40.0,0.0,0.0,40.0,40.0,0.0,0.0,0.0,0.0,0.0,False
926,0.010137578057984209,0.09969772388727799,0.11518851927016538,0.005353217324903181,0.0077620567146822195,0.0,0.0077620567146822195,0.0,0.0,1050.0,1060.0,10.0,0.0,1050.0,1060.0,10.0,0.0,0.0,0.0,0.0,False
927,0.0022681408812748986,0.0007626606456480993,0.0034030339740504997,0.0003722324471275018,0.053646535311396376,0.0,0.053646535311396376,0.0,0.0,50.0,50.0,0.0,0.0,50.0,50.0,0.0,0.0,0.0,0.0,0.0,False
928,0.006416053826704696,0.005792332305754502,0.012663857747552104,0.0004554716150929061,0.03301153344637586,0.0,0.03301153344637586,0.0,0.0,110.0,110.0,0.0,0.0,110.0,110.0,0.0,0.0,0.0,0.0,0.0,False
929,0.0026173019394074015,0.0011358608195332007,0.003902085031407404,0.00014892227246680184,0.05004566718879161,0.0,0.05004566718879161,0.0,0.0,60.0,60.0,0.0,0.0,60.0,60.0,0.0,0.0,0.0,0.0,0.0,False
930,0.0006143066178282974,0.0,0.0006143066178282974,0.0,0.0006258487765831156,0.0,0.0006258487765831156,0.0,0.0,0.0,0.0,0.0,0.0,0.0,0.0,0.0,0.0,0.0,0.0,0.0,False
931,0.005193891488487798,0.001247924671541098,0.006503713254917595,6.189709488869932e-05,0.04545824401266141,-8.230294223920964e-11,0.04545824404237142,1.1201295446738868e-10,0.0,40.0,40.0,0.0,0.0,40.0,40.0,0.0,0.0,0.0,0.0,0.0,False
932,0.00986829395772,0.010638013737075305,0.0234948095799159,0.0029885018851205924,0.04798428763885032,0.0,0.04798428763885032,0.0,0.0,180.0,200.0,20.0,0.0,180.0,200.0,20.0,0.0,0.0,0.0,0.0,False
933,0.004118685117720705,0.0032807803809626057,0.00844561930392361,0.001046153805240299,0.04986167573886069,0.0,0.04986167573886069,0.0,0.0,100.0,100.0,0.0,0.0,100.0,100.0,0.0,0.0,0.0,0.0,0.0,False
934,0.0,4.995217260179985e-05,4.995217260179985e-05,0.0,0.0,0.0,0.0,0.0,0.0,10.0,10.0,0.0,0.0,10.0,10.0,0.0,0.0,0.0,0.0,0.0,False
935,0.012077769119505588,0.028500294352690803,0.044679286027137194,0.004101222554940803,0.024984258980974117,0.0,0.024984258980974117,0.0,0.0,360.0,360.0,0.0,0.0,360.0,360.0,0.0,0.0,0.0,0.0,0.0,False
936,0.0026667727514363,0.012793413063813597,0.016498173637326793,0.0010379878220768968,0.01280227930978417,0.0,0.01280227930978417,0.0,0.0,190.0,190.0,0.0,0.0,190.0,190.0,0.0,0.0,0.0,0.0,0.0,False
937,0.00993842353276142,0.023412140991268482,0.03488645114620803,0.0015358866221781287,0.02043048609242637,0.0,0.02043048609242637,0.0,0.0,300.0,300.0,0.0,0.0,300.0,300.0,0.0,0.0,0.0,0.0,0.0,False
938,0.0069980112740208045,0.018497918408147213,0.027226121859455,0.0017301921772869822,0.03608165783488282,0.0,0.03608165783488282,0.0,0.0,290.0,290.0,0.0,0.0,290.0,290.0,0.0,0.0,0.0,0.0,0.0,False
939,0.003832924367865101,0.0010220167097724983,0.004932888203679098,7.79471260414985e-05,0.058633415835319946,0.0,0.058633415835319946,0.0,0.0,50.0,50.0,0.0,0.0,50.0,50.0,0.0,0.0,0.0,0.0,0.0,False
940,0.005980187511450699,0.011542821606839199,0.01892640530462869,0.0014033961863387928,0.04973696038715969,0.0,0.04973696038715969,0.0,0.0,240.0,240.0,0.0,0.0,240.0,240.0,0.0,0.0,0.0,0.0,0.0,False
941,0.006864775928433708,0.027494091641212692,0.0356312475252506,0.001272379955604197,0.01296143504581082,0.0,0.01296143504581082,0.0,0.0,390.0,400.0,10.0,0.0,390.0,400.0,10.0,0.0,0.0,0.0,0.0,False
942,0.0041799586996612015,0.0008071774410880958,0.005115325363772905,0.0001281892230236073,0.05995295532928768,0.0,0.05995295532928768,0.0,0.0,20.0,20.0,0.0,0.0,20.0,20.0,0.0,0.0,0.0,0.0,0.0,False
943,0.0010751765398862023,0.007311325376454694,0.008529145654380205,0.00014264373803930808,0.014215236576064605,0.0,0.014215236576064605,0.0,0.0,110.0,110.0,0.0,0.0,110.0,110.0,0.0,0.0,0.0,0.0,0.0,False
944,0.0014424840275499978,0.00010541231127579945,0.001602971223570098,5.5074884744300834e-05,0.025183594251823482,0.0,0.025183594251823482,0.0,0.0,30.0,30.0,0.0,0.0,30.0,30.0,0.0,0.0,0.0,0.0,0.0,False
945,0.010463451261480697,0.006999889545823201,0.019978484486831302,0.002515143679527404,0.059573788098818414,0.0,0.059573788098818414,0.0,0.0,200.0,200.0,0.0,0.0,200.0,200.0,0.0,0.0,0.0,0.0,0.0,False
946,0.004193960493138499,0.004705822886022601,0.010068856804404697,0.001169073425243597,0.028065349620896796,0.0,0.028065349620896796,0.0,0.0,130.0,130.0,0.0,0.0,130.0,130.0,0.0,0.0,0.0,0.0,0.0,False
947,0.003748431009332996,9.023837479389674e-05,0.0038386693841267958,-9.71445146547012e-17,0.04162968912234,0.0,0.04162968912234,0.0,0.0,20.0,20.0,0.0,0.0,20.0,20.0,0.0,0.0,0.0,0.0,0.0,False
948,0.00868789148380611,0.02511804030032032,0.036692823176766295,0.0028868913926398676,0.04680558944445656,0.0,0.04680558944445656,0.0,0.0,380.0,380.0,0.0,0.0,380.0,380.0,0.0,0.0,0.0,0.0,0.0,False
949,0.003208322318213802,0.00010555464873990283,0.0033138769656244,-1.3293047218532195e-12,0.03554244380942151,0.0,0.03554244380942151,0.0,0.0,20.0,20.0,0.0,0.0,20.0,20.0,0.0,0.0,0.0,0.0,0.0,False
950,0.0022145374365954984,0.008786852868951499,0.011704675799216697,0.0007032854936697003,0.0297222665691817,0.0,0.0297222665691817,0.0,0.0,220.0,220.0,0.0,0.0,220.0,220.0,0.0,0.0,0.0,0.0,0.0,False
951,0.009672226144939997,0.0017958818616913008,0.0127650643769385,0.0012969563703072035,0.0637186946556792,0.0,0.0637186946556792,0.0,0.0,60.0,60.0,0.0,0.0,60.0,60.0,0.0,0.0,0.0,0.0,0.0,False
952,0.010058081027973897,0.009400519202383995,0.0204133499202149,0.0009547496898570096,0.042161546041282305,0.0,0.042161546041282305,0.0,0.0,160.0,160.0,0.0,0.0,160.0,160.0,0.0,0.0,0.0,0.0,0.0,False
953,0.008203097862520006,0.004842507281277109,0.014383114934927207,0.0013375097911300926,0.04304386028788554,-1.6653345369377348e-16,0.04304386028788554,1.6653345369377348e-16,0.0,120.0,120.0,0.0,0.0,120.0,120.0,0.0,0.0,0.0,0.0,0.0,False
954,0.009386153004910913,0.03786968290012599,0.0499464482178269,0.0026906123127899972,0.014273304467835701,0.0,0.014273304467835701,0.0,0.0,650.0,650.0,0.0,0.0,650.0,650.0,0.0,0.0,0.0,0.0,0.0,False
955,0.002458131577867395,0.001682300647106394,0.0042998175941424965,0.0001593853691687075,0.040590513539007445,0.0,0.040590513539007445,0.0,0.0,70.0,70.0,0.0,0.0,70.0,70.0,0.0,0.0,0.0,0.0,0.0,False
956,0.0,0.0,0.0,0.0,0.0,0.0,0.0,0.0,0.0,0.0,0.0,0.0,0.0,0.0,0.0,0.0,0.0,0.0,0.0,0.0,False
957,0.010284575386300399,0.019532232707772795,0.032424229509024904,0.0026074214149517105,0.03840774080315712,-1.1102230246251565e-16,0.03840774080315712,1.1102230246251565e-16,0.0,290.0,290.0,0.0,0.0,290.0,290.0,0.0,0.0,0.0,0.0,0.0,False
958,0.003940823407895699,0.0191745868062273,0.0248845741099743,0.0017691638958513,0.030003541986863835,0.0,0.030003541986863835,0.0,0.0,270.0,270.0,0.0,0.0,270.0,270.0,0.0,0.0,0.0,0.0,0.0,False
959,0.012454513785556398,0.01825710915294959,0.034270938447824695,0.0035593155093187057,0.06428790248547023,0.0,0.06428790248547023,0.0,0.0,290.0,290.0,0.0,0.0,290.0,290.0,0.0,0.0,0.0,0.0,0.0,False
960,0.010067248809406903,0.007435997882853401,0.0186225579731516,0.0011193112808912942,0.020888867640647568,0.0,0.020888867640647568,0.0,0.0,110.0,110.0,0.0,0.0,110.0,110.0,0.0,0.0,0.0,0.0,0.0,False
961,0.0021255465822177036,0.0060404276362995,0.0088969795884659,0.0007310053699486965,0.033086478452730994,0.0,0.033086478452730994,0.0,0.0,160.0,160.0,0.0,0.0,160.0,160.0,0.0,0.0,0.0,0.0,0.0,False
962,0.03466164843143199,0.05718032487873648,0.10019459016515742,0.008352616854988948,0.05441317558038927,0.0,0.05441317558038927,0.0,0.0,630.0,640.0,10.0,0.0,630.0,640.0,10.0,0.0,0.0,0.0,0.0,False
963,0.005576742063721191,0.01072193088931589,0.018652271900654493,0.0023535989476174135,0.02117093980041118,0.0,0.02117093980041118,0.0,0.0,210.0,210.0,0.0,0.0,210.0,210.0,0.0,0.0,0.0,0.0,0.0,False
964,0.0016609062763256952,0.000617824655569997,0.002334212983726998,5.548205183130567e-05,0.0226188637821228,0.0,0.0226188637821228,0.0,0.0,20.0,20.0,0.0,0.0,20.0,20.0,0.0,0.0,0.0,0.0,0.0,False
965,0.013639429077507204,0.025894203548386507,0.04278297079017049,0.003249338164276777,0.03181696873471673,0.0,0.03181696873471673,0.0,0.0,340.0,340.0,0.0,0.0,340.0,340.0,0.0,0.0,0.0,0.0,0.0,False
966,0.0029107318212283004,0.001044085468110998,0.0041770117683071,0.0002221944789678014,0.022795951712985096,0.0,0.022795951712985096,0.0,0.0,70.0,70.0,0.0,0.0,70.0,70.0,0.0,0.0,0.0,0.0,0.0,False
967,0.008348416232875189,0.06699935495862169,0.07942734991219447,0.004079578720697585,0.0006430533483811063,1.1102230246251565e-16,0.0006430533483809953,-2.220446049250313e-16,0.0,790.0,790.0,0.0,0.0,790.0,790.0,0.0,0.0,0.0,0.0,0.0,False
968,0.0037691788412796967,0.017649008085383597,0.02235181270465099,0.0009336257779876955,0.02126267406870541,0.0,0.02126267406870541,0.0,0.0,260.0,260.0,0.0,0.0,260.0,260.0,0.0,0.0,0.0,0.0,0.0,False
969,0.009084561167992306,0.017249849647546306,0.028810337796133012,0.0024759269805944006,0.16056545386988696,0.0,0.16056545386988696,0.0,0.0,280.0,280.0,0.0,0.0,280.0,280.0,0.0,0.0,0.0,0.0,0.0,False
970,0.006463189799855301,0.0300347978392205,0.039457234617936876,0.0029592469788610742,0.045902215943862124,0.0,0.045902215943862124,0.0,0.0,420.0,420.0,0.0,0.0,420.0,420.0,0.0,0.0,0.0,0.0,0.0,False
971,0.006475811519972702,0.003577441457437505,0.010831502893603108,0.000778249916192901,0.08689869894864072,0.0,0.08689869894864072,0.0,0.0,130.0,130.0,0.0,0.0,130.0,130.0,0.0,0.0,0.0,0.0,0.0,False
972,0.009800441775076801,0.00495793762762739,0.0164648606691805,0.001706481266476309,0.1012132222640536,0.0,0.1012132222640536,0.0,0.0,90.0,90.0,0.0,0.0,90.0,90.0,0.0,0.0,0.0,0.0,0.0,False
973,0.006697722054206295,0.01696629567029609,0.0260666213383432,0.0024026036138408147,0.020385504509437602,0.0,0.020385504509437602,0.0,0.0,300.0,300.0,0.0,0.0,300.0,300.0,0.0,0.0,0.0,0.0,0.0,False
974,0.004248410195334909,0.009945170258722005,0.015290253441323204,0.0010966729872662895,0.007518605930474376,0.0,0.007518605930474376,0.0,0.0,260.0,260.0,0.0,0.0,260.0,260.0,0.0,0.0,0.0,0.0,0.0,False
975,0.019946802792321916,0.045147427341108215,0.07061170363391811,0.005517473500487979,0.05485330547749934,0.0,0.05485330547749934,0.0,0.0,570.0,580.0,10.0,0.0,570.0,580.0,10.0,0.0,0.0,0.0,0.0,False
976,0.013930118763872984,0.04988735592207888,0.06768872330238401,0.003871248616432149,0.0378364264331813,0.0,0.0378364264331813,0.0,0.0,610.0,620.0,10.0,0.0,610.0,620.0,10.0,0.0,0.0,0.0,0.0,False
977,0.0038296501104650993,3.121571578729859e-05,0.003860865826252398,0.0,0.04603446190917587,0.0,0.04603446190917587,0.0,0.0,0.0,0.0,0.0,0.0,0.0,0.0,0.0,0.0,0.0,0.0,0.0,False
978,0.0014477124149549006,0.0005425603260741027,0.002262223677573401,0.00027195093654439756,0.005215850479080908,0.0,0.005215850479080908,0.0,0.0,40.0,40.0,0.0,0.0,40.0,40.0,0.0,0.0,0.0,0.0,0.0,False
979,0.008118286492540289,0.03747437690640609,0.048024290353869986,0.0024316269549236047,0.01596476072571984,0.0,0.01596476072571984,0.0,0.0,470.0,470.0,0.0,0.0,470.0,470.0,0.0,0.0,0.0,0.0,0.0,False
980,0.009142721852566038,0.06914865155198552,0.08162851406513283,0.0033371406605812726,0.004484785945761849,0.0,0.004484785945761849,0.0,0.0,740.0,740.0,0.0,0.0,740.0,740.0,0.0,0.0,0.0,0.0,0.0,False
981,0.009239797243334597,0.014187886679381978,0.025887130715293277,0.0024594467925767027,0.01929966520621862,0.0,0.01929966520621862,0.0,0.0,190.0,190.0,0.0,0.0,190.0,190.0,0.0,0.0,0.0,0.0,0.0,False
982,0.011450656829364803,0.03118458738169788,0.04642133262340148,0.003786088412338795,0.012704012476516646,0.0,0.012704012476516646,0.0,0.0,410.0,410.0,0.0,0.0,410.0,410.0,0.0,0.0,0.0,0.0,0.0,False
983,0.001473178501634101,9.005281420980046e-05,0.0015632313158439014,0.0,0.05177540803595648,0.0,0.05177540803595648,0.0,0.0,20.0,20.0,0.0,0.0,20.0,20.0,0.0,0.0,0.0,0.0,0.0,False
984,0.0023506662505506093,0.011632945213269491,0.015068678969942018,0.0010850675061219173,0.002207584095167192,9.112766097274516e-11,0.0022075842145932167,2.8298363652368153e-11,0.0,210.0,210.0,0.0,0.0,210.0,210.0,0.0,0.0,0.0,0.0,0.0,False
985,0.006540448051127898,0.0016864699437095995,0.008734296408140496,0.0005073784133029988,0.04882031718805002,0.0,0.04882031718805002,0.0,0.0,40.0,50.0,10.0,0.0,40.0,50.0,10.0,0.0,0.0,0.0,0.0,False
986,0.009170217738209918,0.048617726088675095,0.06128368900889791,0.0034957451820128993,0.0030339348098912255,0.0,0.0030339348098912255,0.0,0.0,550.0,550.0,0.0,0.0,550.0,550.0,0.0,0.0,0.0,0.0,0.0,False
987,0.005621128600495795,-4.169026235345541e-13,0.005621128600262093,1.8320067685095864e-13,0.05292082054664221,0.0,0.05292082054664221,0.0,0.0,0.0,0.0,0.0,0.0,0.0,0.0,0.0,0.0,0.0,0.0,0.0,False
988,0.006150551170687191,0.002614832781921192,0.009467399538489893,0.0007020155858815103,0.024202095650171285,0.0,0.024202095650171285,0.0,0.0,60.0,70.0,10.0,0.0,60.0,70.0,10.0,0.0,0.0,0.0,0.0,False
989,0.006860335485967289,0.018007523869068287,0.027404095661467787,0.00253623630643221,0.027964362536597953,0.0,0.027964362536597953,0.0,0.0,260.0,260.0,0.0,0.0,260.0,260.0,0.0,0.0,0.0,0.0,0.0,False
990,0.01649769606111981,0.0271130941332908,0.0481033598043214,0.00449256960991079,0.062963818750563,0.0,0.062963818750563,0.0,0.0,330.0,340.0,10.0,0.0,330.0,340.0,10.0,0.0,0.0,0.0,0.0,False
991,0.012228918396991195,0.039489346742700604,0.055699909284083804,0.003981644144392005,0.03703780738303175,0.0,0.03703780738303175,0.0,0.0,520.0,520.0,0.0,0.0,520.0,520.0,0.0,0.0,0.0,0.0,0.0,False
992,0.0018841797284316064,0.014684741613020497,0.017484958585375396,0.0009160372439232928,0.0038978685066271,0.0,0.0038978685066271,0.0,0.0,300.0,300.0,0.0,0.0,300.0,300.0,0.0,0.0,0.0,0.0,0.0,False
993,0.010035535997933442,0.10042992393253553,0.11548418136123823,0.005018721430769257,0.018315473275546612,0.0,0.018315473275546612,0.0,0.0,980.0,980.0,0.0,0.0,980.0,980.0,0.0,0.0,0.0,0.0,0.0,False
994,0.007354586570423621,0.027075346290344304,0.03635496205130562,0.0019250291905376915,0.02234808429681634,0.0,0.02234808429681634,0.0,0.0,360.0,360.0,0.0,0.0,360.0,360.0,0.0,0.0,0.0,0.0,0.0,False
995,0.006663700376886406,0.04755712498441031,0.05576398509470981,0.0015431597334130964,0.23022308364775668,0.0,0.23022308364775668,0.0,0.0,630.0,630.0,0.0,0.0,630.0,630.0,0.0,0.0,0.0,0.0,0.0,False
996,0.012796784651565696,0.00835275602432009,0.02277810237361441,0.0016285616977286255,0.03843265934460616,0.0,0.03843265934460616,0.0,0.0,150.0,150.0,0.0,0.0,150.0,150.0,0.0,0.0,0.0,0.0,0.0,False
997,0.0007620816059115965,0.015603739680217402,0.017690317101401704,0.0013244958152727054,1.3191464593997893e-05,0.0,1.3191464593997893e-05,0.0,0.0,240.0,240.0,0.0,0.0,240.0,240.0,0.0,0.0,0.0,0.0,0.0,False
998,0.005658509100350997,0.005462881447028098,0.012871372801833592,0.0017499822544544963,0.037403247649153815,0.0,0.037403247649153815,0.0,0.0,120.0,130.0,10.0,0.0,120.0,130.0,10.0,0.0,0.0,0.0,0.0,False
999,0.0030398009305432905,0.004953833498145793,0.008390678769082394,0.00039704434039330994,0.019990167679595494,0.0,0.019990167679595494,0.0,0.0,100.0,100.0,0.0,0.0,100.0,100.0,0.0,0.0,0.0,0.0,0.0,False
