R,loss,Lambda,F_min,t_min,T_rec,T_rec_censored,T_rec_bound,lock_in,F_end,arm,indicator,replication,arm_check,loss_T1750,loss_T3500,loss_T5250,loss_T7000,loss_T8750,loss_T10500,loss_T12250,loss_T14000
0.9724365999452802,0.0275634000547198,0.4983869185095407,0.5016130814904592,360.0,1120.0,False,13760.0,0.0,0.9999999999999992,00,operational,0,0,0.2205072004375883,0.1102536002188774,0.0735024001459182,0.0551268001094389,0.0441014400875512,0.0367512000729592,0.0315010286339654,0.0275634000547198
0.9703092553192012,0.0296907446807986,0.5186643347402689,0.4813356652597311,360.0,1120.0,False,13760.0,0.0,0.9999999999999992,10,operational,0,10,0.2375259574462106,0.1187629787231933,0.0791753191487958,0.0593814893615968,0.0475051914892774,0.0395876595743982,0.0339322796351985,0.0296907446807986
0.9712063442549425,0.0287936557450575,0.4983869185095407,0.5016130814904592,360.0,1170.0,False,13760.0,0.0,0.9999999999999992,01,operational,0,1,0.2303492459577349,0.1151746229802286,0.076783081986819,0.0575873114901145,0.0460698491920916,0.0383915409934096,0.0329070351372086,0.0287936557450575
0.8832652939390937,0.1167347060609063,0.5186643347402689,0.4813356652597311,360.0,,True,13760.0,1.0,0.9061811327489596,11,operational,0,11,0.2771455777299373,0.1854822224905037,0.1549277707440158,0.1396505448707721,0.1304842093468259,0.1243733189975282,0.1200083973194586,0.1167347060609063
0.9850426456210108,0.0149573543789891,0.3749385554972162,0.6250614445027838,360.0,780.0,False,13760.0,0.0,0.9999999999999992,00,operational,30,0,0.1196588350319097,0.059829417515955,0.0398862783439701,0.0299147087579778,0.0239317670063822,0.0199431391719854,0.0170941192902733,0.0149573543789891
0.9828672771582792,0.0171327228417207,0.4142506135953022,0.5857493864046978,360.0,780.0,False,13760.0,0.0,0.9999999999999992,10,operational,30,10,0.1370617827337628,0.0685308913668816,0.0456872609112546,0.0342654456834411,0.0274123565467527,0.0228436304556276,0.0195802546762522,0.0171327228417207
0.982427136158662,0.0175728638413379,0.3749385554972162,0.6250614445027838,360.0,900.0,False,13760.0,0.0,0.9999999999999992,01,operational,30,1,0.1405829107307,0.0702914553653502,0.0468609702435669,0.0351457276826754,0.0281165821461404,0.0234304851217838,0.020083272961529,0.0175728638413379
0.9805639052497586,0.0194360947502414,0.4142506135953022,0.5857493864046978,360.0,930.0,False,13760.0,0.0,0.9999999999999992,11,operational,30,11,0.1554887580019278,0.077744379000964,0.0518295860006429,0.0388721895004823,0.0310977516003859,0.0259147930003216,0.0222126797145616,0.0194360947502414
0.9688640910133832,0.0311359089866166,0.4914499321654529,0.508550067834547,360.0,1280.0,False,13760.0,0.0,0.9999999999999992,00,operational,60,0,0.2490872713228683,0.1245436359464651,0.083029090630977,0.0622718179732327,0.0498174543785863,0.0415145453154889,0.0355838959847047,0.0311359089866166
0.9657298706385664,0.0342701293614334,0.5103888147842889,0.4896111852157111,360.0,1280.0,False,13760.0,0.0,0.9999999999999992,10,operational,60,10,0.2741610342916131,0.1370805174457324,0.0913870116304886,0.0685402587228665,0.0548322069782931,0.0456935058152445,0.0391658621273526,0.0342701293614334
0.9667815840327684,0.0332184159672315,0.4914499321654529,0.508550067834547,360.0,1380.0,False,13760.0,0.0,0.9999999999999992,01,operational,60,1,0.2657472344634443,0.1328736638689246,0.0885824425792833,0.0664368319344624,0.0531494655475702,0.0442912212896418,0.0379639039625504,0.0332184159672315
0.963220095609688,0.036779904390312,0.5103888147842889,0.4896111852157111,360.0,1390.0,False,13760.0,0.0,0.9999999999999992,11,operational,60,11,0.2942390522991641,0.147119617561247,0.0980797450408316,0.0735598087806237,0.0588478470244989,0.0490398725204161,0.0420341764460709,0.036779904390312
0.978201432466475,0.021798567533525,0.4967600881821702,0.5032399118178298,360.0,960.0,False,13760.0,0.0,0.9999999999999992,00,operational,90,0,0.1743885402681961,0.0871942701340982,0.0581295134227323,0.0435971350670493,0.0348777080536395,0.0290647567113663,0.0249126486097428,0.021798567533525
0.9755443028651328,0.024455697134867,0.5231000388134811,0.4768999611865189,360.0,970.0,False,13760.0,0.0,0.9999999999999992,10,operational,90,10,0.1956455770789333,0.0978227885394669,0.0652151923596449,0.0489113942697336,0.0391291154157869,0.0326075961798227,0.0279493681541338,0.024455697134867
0.9755582955768228,0.0244417044231771,0.4967600881821702,0.5032399118178298,360.0,1100.0,False,13760.0,0.0,0.9999999999999992,01,operational,90,1,0.1955336353853708,0.0977668176927072,0.065177878461805,0.0488834088463538,0.039106727077083,0.0325889392309027,0.0279333764836311,0.0244417044231771
0.8426488916010338,0.1573511083989661,0.5231000388134811,0.4768999611865189,360.0,,True,13760.0,1.0,0.8589868297628986,11,operational,90,11,0.2717166755320169,0.2063649228845593,0.1845810053354067,0.1736890465608306,0.1671538712960847,0.1627970877862542,0.1596850995649468,0.1573511083989661
0.9574973486745298,0.0425026513254701,0.7243442082804799,0.2756557917195201,280.0,1440.0,False,13760.0,0.0,0.9999999999999992,00,operational,120,0,0.3400192798496334,0.1700106053018792,0.1133404035345863,0.0850053026509398,0.0680042421207519,0.0566702017672935,0.0485744586576801,0.0425026513254701
0.9515990440197962,0.0484009559802037,0.815592442522339,0.184407557477661,280.0,1440.0,False,13760.0,0.0,0.9999999999999992,10,operational,120,10,0.3872056882336092,0.1936038239208136,0.1290692159472091,0.0968019119604071,0.0774415295683257,0.0645346079736048,0.05531537826309,0.0484009559802037
0.9523096493906332,0.0476903506093668,0.7243442082804799,0.2756557917195201,280.0,1640.0,False,13760.0,0.0,0.9999999999999992,01,operational,120,1,0.3785125109020009,0.1907614024374658,0.127174268291644,0.0953807012187332,0.0763045609749866,0.0635871341458221,0.0545032578392764,0.0476903506093668
0.8013710738864824,0.1986289261135175,0.815592442522339,0.184407557477661,280.0,,True,13760.0,1.0,0.8435994411819693,11,operational,120,11,0.4942086323070859,0.325314027999978,0.2690095382726621,0.2408572934090043,0.2239659464908097,0.2127050485453465,0.2046615500128729,0.1986289261135175
0.9756591574017814,0.0243408425982185,0.5914317143281351,0.4085682856718648,360.0,970.0,False,13760.0,0.0,0.9999999999999992,00,operational,150,0,0.1947267407857446,0.0973633703928726,0.0649089135952485,0.0486816851964366,0.0389453481571493,0.0324544567976246,0.0278181058265355,0.0243408425982185
0.9725674336309168,0.0274325663690833,0.6806615141200465,0.3193384858799534,360.0,980.0,False,13760.0,0.0,0.9999999999999992,10,operational,150,10,0.2194605309526632,0.1097302654763319,0.0731535103175545,0.0548651327381661,0.0438921061905329,0.0365767551587774,0.0313515044218095,0.0274325663690833
0.9721122203580786,0.0278877796419213,0.5914317143281351,0.4085682856718648,360.0,1100.0,False,13760.0,0.0,0.9999999999999992,01,operational,150,1,0.2231022371352962,0.1115511185676836,0.0743674123784557,0.055775559283842,0.0446204474270737,0.0371837061892282,0.0318717481621957,0.0278877796419213
0.8259746851002953,0.1740253148997047,0.6806615141200465,0.3193384858799534,360.0,,True,13760.0,1.0,0.8435994411819693,11,operational,150,11,0.297398607471422,0.2268995831447264,0.2033999083691612,0.1916500709813785,0.1846001685487089,0.1799002335935959,0.1765431371970867,0.1740253148997047
0.9698487626481735,0.0301512373518263,0.5850051570326826,0.4149948429673173,360.0,1230.0,False,13760.0,0.0,0.9999999999999992,00,operational,180,0,0.2412098987454385,0.1206049494073037,0.0804032996048692,0.0603024747036521,0.0482419797629217,0.0402016498024347,0.0344585569735158,0.0301512373518263
0.966261341762416,0.0337386582375839,0.6541216695605305,0.3458783304394695,360.0,1240.0,False,13760.0,0.0,0.9999999999999992,10,operational,180,10,0.2699092658254786,0.1349546329503339,0.089969755300223,0.0674773164751671,0.0539818531801338,0.0449848776501118,0.0385584665572387,0.0337386582375839
0.9607343654881504,0.0392656345118497,0.5850051570326826,0.4149948429673173,360.0,1540.0,False,13760.0,0.0,0.9999999999999992,01,operational,180,1,0.3136991975536647,0.1570625380473977,0.1047083586982653,0.0785312690236991,0.0628250152189592,0.052354179349133,0.0448750108706854,0.0392656345118497
0.8156069218178189,0.1843930781821811,0.6541216695605305,0.3458783304394695,360.0,,True,13760.0,1.0,0.8435994411819693,11,operational,180,11,0.3803407134901184,0.2683706362746315,0.2310472771224313,0.2123855975463311,0.2011885898006712,0.1937239179702311,0.1883920095199168,0.1843930781821811
0.9885553511078218,0.0114446488921782,0.358606156364713,0.641393843635287,360.0,660.0,False,13760.0,0.0,0.9999999999999992,00,operational,210,0,0.0915571911374224,0.0457785955687114,0.0305190637124743,0.022889297784356,0.0183114382274848,0.0152595318562372,0.013079598733918,0.0114446488921782
0.98736124427252,0.01263875572748,0.3824537363534767,0.6175462636465233,360.0,660.0,False,13760.0,0.0,0.9999999999999992,10,operational,210,10,0.1011100458198366,0.0505550229099186,0.0337033486066125,0.0252775114549596,0.0202220091639676,0.0168516743033063,0.0144442922599772,0.01263875572748
0.9884270397576066,0.0115729602423934,0.358606156364713,0.641393843635287,360.0,680.0,False,13760.0,0.0,0.9999999999999992,01,operational,210,1,0.0925836819391431,0.0462918409695718,0.0308612273130479,0.0231459204847862,0.0185167363878289,0.015430613656524,0.013226240277021,0.0115729602423934
0.9869983367700786,0.0130016632299213,0.3824537363534767,0.6175462636465233,360.0,690.0,False,13760.0,0.0,0.9999999999999992,11,operational,210,11,0.104013305839367,0.0520066529196837,0.0346711019464561,0.026003326459842,0.0208026611678736,0.0173355509732282,0.0148590436913386,0.0130016632299213
0.9739733757378372,0.0260266242621628,0.5539609307642175,0.4460390692357825,360.0,1100.0,False,13760.0,0.0,0.9999999999999992,00,operational,240,0,0.2082129940972306,0.1041064970486497,0.0694043313657665,0.0520532485243251,0.04164259881946,0.0347021656828836,0.0297447134424716,0.0260266242621628
0.9708097163550844,0.0291902836449156,0.6264821636625414,0.3735178363374586,360.0,1100.0,False,13760.0,0.0,0.9999999999999992,10,operational,240,10,0.2335222691592492,0.1167611345796608,0.0778407563864408,0.0583805672898306,0.0467044538318645,0.0389203781932208,0.0333603241656178,0.0291902836449156
0.9707636908888756,0.0292363091111242,0.5539609307642175,0.4460390692357825,360.0,1270.0,False,13760.0,0.0,0.9999999999999992,01,operational,240,1,0.2338904723900385,0.1169452364444957,0.0779634909629973,0.058472618222248,0.0467780945777984,0.038981745481499,0.0334129246984277,0.0292363091111242
0.9221687368376752,0.0778312631623248,0.6264821636625414,0.3735178363374586,360.0,,True,13760.0,1.0,0.952587452726277,11,operational,240,11,0.2907622743700164,0.169087410828131,0.1285291229766616,0.1082499790509269,0.0960824926954861,0.0879708351251923,0.0821767940035539,0.0778312631623248
0.974358132448028,0.0256418675519719,0.463460211708903,0.5365397882910969,360.0,1050.0,False,13760.0,0.0,0.9999999999999992,00,operational,270,0,0.2051349404157658,0.1025674702078863,0.0683783134719245,0.0512837351039433,0.0410269880831549,0.0341891567359624,0.029304991487968,0.0256418675519719
0.973277325452794,0.026722674547206,0.4624821843241641,0.5375178156758359,360.0,1060.0,False,13760.0,0.0,0.9999999999999992,10,operational,270,10,0.2137813963776366,0.1068906981888223,0.0712604654592148,0.0534453490944114,0.0427562792755291,0.0356302327296077,0.030540199482521,0.026722674547206
0.9730888483812408,0.0269111516187593,0.463460211708903,0.5365397882910969,360.0,1100.0,False,13760.0,0.0,0.9999999999999992,01,operational,270,1,0.215289212949983,0.107644606475036,0.0717630709833576,0.0538223032375182,0.0430578425900145,0.0358815354916791,0.0307556018500106,0.0269111516187593
0.8863386227812472,0.1136613772187528,0.4624821843241641,0.5375178156758359,360.0,,True,13760.0,1.0,0.9061811327489596,11,operational,270,11,0.2525589469927382,0.1731889071218896,0.1467322271649398,0.1335038871864651,0.1255668831993801,0.1202755472079902,0.1164960214998546,0.1136613772187528
0.9718124851616432,0.0281875148383566,0.6916793730337041,0.3083206269662958,360.0,1100.0,False,13760.0,0.0,0.9999999999999992,00,operational,1,0,0.2255001187067933,0.1127500593534253,0.0751667062356171,0.0563750296767128,0.0451000237413702,0.0375833531178089,0.0322143026724076,0.0281875148383566
0.9682590712510522,0.0317409287489478,0.8029932044514004,0.1970067955485995,360.0,1100.0,False,13760.0,0.0,0.9999999999999992,10,operational,1,10,0.2539274299915136,0.12696371499579,0.0846424766638599,0.0634818574978952,0.0507854859983162,0.0423212383319301,0.0362753471416547,0.0317409287489478
0.9697175856856604,0.0302824143143395,0.6916793730337041,0.3083206269662958,360.0,1210.0,False,13760.0,0.0,0.9999999999999992,01,operational,1,1,0.2422593144940162,0.1211296572573567,0.080753104838238,0.0605648286286785,0.048451862902943,0.0403765524191191,0.0346084735021023,0.0302824143143395
0.9662890409097896,0.0337109590902104,0.8029932044514004,0.1970067955485995,360.0,1220.0,False,13760.0,0.0,0.9999999999999992,11,operational,1,11,0.2696876726804122,0.1348438363608401,0.0898958909072269,0.0674219181804203,0.0539375345443362,0.0449479454536138,0.0385268103888118,0.0337109590902104
0.988416216415308,0.0115837835846921,0.3689314686936427,0.6310685313063573,360.0,640.0,False,13760.0,0.0,0.9999999999999992,00,operational,31,0,0.0926702686775334,0.0463351343387671,0.0308900895591782,0.0231675671693838,0.0185340537355069,0.0154450447795894,0.0132386098110767,0.0115837835846921
0.9879155031626868,0.0120844968373131,0.3838884906750023,0.6161115093249977,360.0,640.0,False,13760.0,0.0,0.9999999999999992,10,operational,31,10,0.0966759746985018,0.0483379873492512,0.0322253248995008,0.0241689936746258,0.0193351949397007,0.0161126624497507,0.0138108535283578,0.0120844968373131
0.9883662271589608,0.0116337728410392,0.3689314686936427,0.6310685313063573,360.0,640.0,False,13760.0,0.0,0.9999999999999992,01,operational,31,1,0.0930701827283103,0.0465350913641554,0.0310233942427703,0.023267545682078,0.0186140365456624,0.0155116971213854,0.0132957403897591,0.0116337728410392
0.9877441180054396,0.0122558819945604,0.3838884906750023,0.6161115093249977,360.0,650.0,False,13760.0,0.0,0.9999999999999992,11,operational,31,11,0.0980470559564795,0.04902352797824,0.0326823519854934,0.0245117639891203,0.0196094111912963,0.0163411759927468,0.0140067222794976,0.0122558819945604
0.985807667046635,0.0141923329533649,0.405369341195413,0.594630658804587,360.0,760.0,False,13760.0,0.0,0.9999999999999992,00,operational,61,0,0.1135386636269164,0.0567693318134584,0.0378462212089725,0.0283846659067293,0.0227077327253835,0.0189231106044864,0.01621980908956,0.0141923329533649
0.9830193085969544,0.0169806914030454,0.4530615146739064,0.5469384853260936,360.0,760.0,False,13760.0,0.0,0.9999999999999992,10,operational,61,10,0.1358455312243598,0.0679227656121802,0.0452818437414535,0.0339613828060904,0.0271691062448723,0.022640921870727,0.0194065044606234,0.0169806914030454
0.9844938130875528,0.015506186912447,0.405369341195413,0.594630658804587,360.0,840.0,False,13760.0,0.0,0.9999999999999992,01,operational,61,1,0.1240494952995731,0.0620247476497868,0.0413498317665246,0.0310123738248936,0.0248098990599149,0.0206749158832625,0.017721356471368,0.015506186912447
0.8939738047571291,0.1060261952428709,0.4530615146739064,0.5469384853260936,360.0,,True,13760.0,1.0,0.9061811327489596,11,operational,61,11,0.1914774911856831,0.1426481792183619,0.1263717418959212,0.1182335232347012,0.113350592037969,0.110095304573481,0.1077700992417037,0.1060261952428709
0.956970164082341,0.0430298359176589,0.6994798774918642,0.3005201225081357,360.0,1500.0,False,13760.0,0.0,0.9999999999999992,00,operational,91,0,0.3441872409172949,0.1721193436706346,0.1147462291137566,0.0860596718353176,0.0688477374682541,0.0573731145568786,0.0491769553344674,0.0430298359176589
0.9514069295509452,0.0485930704490548,0.7487369160778926,0.2512630839221074,360.0,1500.0,False,13760.0,0.0,0.9999999999999992,10,operational,91,10,0.3886865026058617,0.194372281796218,0.1295815211974789,0.0971861408981091,0.0777489127184875,0.0647907605987396,0.0555349376560626,0.0485930704490548
0.9540991237316712,0.0459008762683287,0.6994798774918642,0.3005201225081357,360.0,1610.0,False,13760.0,0.0,0.9999999999999992,01,operational,91,1,0.3655948542156578,0.183603505073313,0.1224023367155421,0.0918017525366567,0.0734414020293254,0.0612011683577712,0.0524581443066614,0.0459008762683287
0.8087473031542151,0.1912526968457849,0.7487369160778926,0.2512630839221074,360.0,,True,13760.0,1.0,0.8435994411819693,11,operational,91,11,0.4352081922230116,0.2958091109290478,0.2493395935587087,0.2261048348735392,0.2121639796624376,0.2028700761883698,0.1962315737068928,0.1912526968457849
0.9713607083279946,0.0286392916720054,0.7300626216492182,0.2699373783507818,360.0,1070.0,False,13760.0,0.0,0.9999999999999992,00,operational,121,0,0.2291143333760241,0.1145571666880197,0.07637144445868,0.0572785833440101,0.0458228666752081,0.0381857222293401,0.0327306190537204,0.0286392916720054
0.9662142091998652,0.0337857908001348,0.8170988675709676,0.1829011324290324,360.0,1070.0,False,13760.0,0.0,0.9999999999999992,10,operational,121,10,0.2702863264010581,0.1351431632005377,0.090095442133692,0.0675715816002691,0.0540572652802153,0.0450477210668461,0.0386123323430113,0.0337857908001348
0.9703118914494132,0.0296881085505867,0.7300626216492182,0.2699373783507818,360.0,1120.0,False,13760.0,0.0,0.9999999999999992,01,operational,121,1,0.2375048684044746,0.1187524342023457,0.0791682894682306,0.0593762171011731,0.0475009736809385,0.0395841447341155,0.0339292669149563,0.0296881085505867
0.9646356545579344,0.0353643454420655,0.8170988675709676,0.1829011324290324,360.0,1160.0,False,13760.0,0.0,0.9999999999999992,11,operational,121,11,0.2829147635346565,0.1414573817682607,0.0943049211788404,0.0707286908841305,0.0565829527073045,0.0471524605894204,0.040416394790932,0.0353643454420655
0.9806617550870504,0.0193382449129496,0.4263686587335416,0.5736313412664584,360.0,880.0,False,13760.0,0.0,0.9999999999999992,00,operational,151,0,0.1547059593035942,0.0773529796517973,0.0515686531011981,0.0386764898258988,0.030941191860719,0.0257843265505992,0.0221008513290853,0.0193382449129496
0.9784168335336624,0.0215831664663375,0.4465756420714775,0.5534243579285225,360.0,880.0,False,13760.0,0.0,0.9999999999999992,10,operational,151,10,0.1726653317306965,0.0863326658653484,0.0575551105768989,0.0431663329326744,0.0345330663461396,0.0287775552884497,0.0246664759615286,0.0215831664663375
0.9803810381241151,0.0196189618758848,0.4263686587335416,0.5736313412664584,360.0,890.0,False,13760.0,0.0,0.9999999999999992,01,operational,151,1,0.1569516950070751,0.0784758475035377,0.0523172316690253,0.0392379237517691,0.0313903390014153,0.0261586158345129,0.0224216707152969,0.0196189618758848
0.8905371674775688,0.1094628325224311,0.4465756420714775,0.5534243579285225,360.0,,True,13760.0,1.0,0.9061811327489596,11,operational,151,11,0.218970589422165,0.1563947283366027,0.1355361079747484,0.1251067977938216,0.1188492116852655,0.1146774876128946,0.1116976847040583,0.1094628325224311
0.9854025549771918,0.0145974450228082,0.4750092472414219,0.5249907527585781,360.0,760.0,False,13760.0,0.0,0.9999999999999992,00,operational,181,0,0.1167795601824622,0.0583897800912314,0.0389265200608209,0.029194890045616,0.0233559120364927,0.0194632600304106,0.0166827943117808,0.0145974450228082
0.9824169573951076,0.0175830426048924,0.6122455324442181,0.3877544675557819,360.0,760.0,False,13760.0,0.0,0.9999999999999992,10,operational,181,10,0.1406643408391361,0.0703321704195683,0.0468881136130456,0.0351660852097843,0.0281328681678274,0.0234440568065231,0.0200949058341627,0.0175830426048924
0.983989996318144,0.0160100036818559,0.4750092472414219,0.5249907527585781,360.0,830.0,False,13760.0,0.0,0.9999999999999992,01,operational,181,1,0.1280800294548431,0.0640400147274218,0.0426933431516147,0.0320200073637111,0.025616005890969,0.0213466715758074,0.0182971470649782,0.0160100036818559
0.8929150177219871,0.1070849822780128,0.6122455324442181,0.3877544675557819,360.0,,True,13760.0,1.0,0.9061811327489596,11,operational,181,11,0.1999477874668184,0.1468833273589295,0.1291951739896329,0.120351097304985,0.1150446512941961,0.1115070206203368,0.1089801415675801,0.1070849822780128
0.9734643564363964,0.0265356435636034,0.4921208762789826,0.5078791237210174,360.0,1070.0,False,13760.0,0.0,0.9999999999999992,00,operational,211,0,0.2122851485088049,0.1061425742544126,0.0707617161696084,0.0530712871272065,0.0424570297017652,0.0353808580848045,0.0303264497869754,0.0265356435636034
0.970990613914929,0.0290093860850709,0.5106979435600552,0.4893020564399448,360.0,1080.0,False,13760.0,0.0,0.9999999999999992,10,operational,211,10,0.2320750886805425,0.1160375443402821,0.0773583628935216,0.0580187721701414,0.0464150177361132,0.0386791814467609,0.033153584097224,0.0290093860850709
0.9712895831008724,0.0287104168991275,0.4921208762789826,0.5078791237210174,360.0,1180.0,False,13760.0,0.0,0.9999999999999992,01,operational,211,1,0.2296833351897532,0.1148416675965087,0.0765611117310059,0.0574208337982545,0.0459366670386038,0.0382805558655031,0.0328119050275743,0.0287104168991275
0.8829906816139145,0.1170093183860855,0.5106979435600552,0.4893020564399448,360.0,,True,13760.0,1.0,0.9061811327489596,11,operational,211,11,0.2793424763313611,0.1865806717912208,0.1556600702778272,0.1401997695211305,0.1309235890671126,0.124739468764434,0.1203222399768063,0.1170093183860855
0.9630895350851874,0.0369104649148126,0.531473082218175,0.468526917781825,360.0,1420.0,False,13760.0,0.0,0.9999999999999992,00,operational,241,0,0.2952829029148844,0.1476418596592491,0.0984279064394996,0.0738209298296247,0.0590567438636997,0.0492139532197501,0.0421833884740715,0.0369104649148126
0.9595923811589409,0.0404076188410591,0.5499947178917728,0.4500052821082272,360.0,1420.0,False,13760.0,0.0,0.9999999999999992,10,operational,241,10,0.3232600426470157,0.1616304753642351,0.1077536502428235,0.0808152376821178,0.0646521901456942,0.053876825121412,0.0461801358183533,0.0404076188410591
0.9615627553728744,0.0384372446271257,0.531473082218175,0.468526917781825,360.0,1500.0,False,13760.0,0.0,0.9999999999999992,01,operational,241,1,0.307458404972509,0.1537489785085012,0.1024993190056676,0.0768744892542508,0.0614995914034006,0.0512496595028341,0.0439282795738579,0.0384372446271257
0.9572002797405756,0.0427997202594243,0.5499947178917728,0.4500052821082272,360.0,1540.0,False,13760.0,0.0,0.9999999999999992,11,operational,241,11,0.3420728870955024,0.1711988810376962,0.1141325873584643,0.0855994405188483,0.0684795524150787,0.0570662936792325,0.0489139660107706,0.0427997202594243
0.9754799480298731,0.0245200519701268,0.628271974678617,0.3717280253213831,360.0,970.0,False,13760.0,0.0,0.9999999999999992,00,operational,271,0,0.1961604157610116,0.098080207880506,0.0653868052536709,0.0490401039402532,0.0392320831522025,0.0326934026268358,0.0280229165372878,0.0245200519701268
0.9727651107863552,0.0272348892136448,0.7047360928420805,0.2952639071579195,360.0,970.0,False,13760.0,0.0,0.9999999999999992,10,operational,271,10,0.2178791137091544,0.1089395568545774,0.0726263712363849,0.0544697784272889,0.0435758227418312,0.0363131856181928,0.0311255876727368,0.0272348892136448
0.97278195351761,0.02721804648239,0.628271974678617,0.3717280253213831,360.0,1080.0,False,13760.0,0.0,0.9999999999999992,01,operational,271,1,0.217744371859093,0.1088721859295582,0.0725814572863724,0.0544360929647794,0.0435488743718235,0.0362907286431865,0.031106338837017,0.02721804648239
0.8260315730323522,0.1739684269676478,0.7047360928420805,0.2952639071579195,360.0,,True,13760.0,1.0,0.8435994411819693,11,operational,271,11,0.296943504014967,0.226672031416499,0.2032482072170096,0.1915362951172649,0.1845091478574181,0.17982438301752,0.1764781224175932,0.1739684269676478
0.9573594043752672,0.0426405956247328,0.7750366746214051,0.2249633253785949,360.0,1380.0,False,13760.0,0.0,0.9999999999999992,00,operational,2,0,0.3411246365345585,0.1705623824989303,0.1137082549992871,0.0852811912494653,0.0682249529995723,0.0568541274996439,0.048732109285409,0.0426405956247328
0.9548885452306812,0.0451114547693188,0.8123674851011937,0.1876325148988063,360.0,1380.0,False,13760.0,0.0,0.9999999999999992,10,operational,2,10,0.3608915020787488,0.1804458190772735,0.1202972127181825,0.0902229095386369,0.0721783276309097,0.0601486063590914,0.0515559483077929,0.0451114547693188
0.9541957489558665,0.0458042510441336,0.7750366746214051,0.2249633253785949,360.0,1570.0,False,13760.0,0.0,0.9999999999999992,01,operational,2,1,0.3655640894653041,0.1832170041765334,0.1221446694510225,0.0916085020882668,0.0732868016706136,0.0610723347255116,0.0523477154790099,0.0458042510441336
0.951529676678716,0.0484703233212839,0.8123674851011937,0.1876325148988063,360.0,1600.0,False,13760.0,0.0,0.9999999999999992,11,operational,2,11,0.3858304028874025,0.1938812932851347,0.1292541955234233,0.0969406466425676,0.0775525173140541,0.064627097761712,0.0553946552243246,0.0484703233212839
0.9733748106994096,0.0266251893005904,0.4680845287760561,0.5319154712239439,360.0,1190.0,False,13760.0,0.0,0.9999999999999992,00,operational,32,0,0.2130015143988823,0.1065007572023597,0.0710005048015733,0.05325037860118,0.0426003028809441,0.0355002524007868,0.0304287877721033,0.0266251893005904
0.970225766449282,0.0297742335507179,0.4827936031833315,0.5172063968166685,360.0,1190.0,False,13760.0,0.0,0.9999999999999992,10,operational,32,10,0.2381938683988006,0.1190969342028703,0.079397956135247,0.0595484671014354,0.0476387736811483,0.0396989780676237,0.0340276954865348,0.0297742335507179
0.9730819179002534,0.0269180820997465,0.4680845287760561,0.5319154712239439,360.0,1210.0,False,13760.0,0.0,0.9999999999999992,01,operational,32,1,0.2153446567862623,0.1076723283989844,0.0717815522659898,0.0538361641994924,0.043068931359594,0.0358907761329951,0.0307635223997102,0.0269180820997465
0.9693784343897384,0.0306215656102615,0.4827936031833315,0.5172063968166685,360.0,1240.0,False,13760.0,0.0,0.9999999999999992,11,operational,32,11,0.2449725248058731,0.1224862624410449,0.0816575082940301,0.0612431312205227,0.0489945049764183,0.0408287541470154,0.034996074983156,0.0306215656102615
0.9897739475990268,0.0102260524009732,0.3166608651635976,0.6833391348364024,360.0,630.0,False,13760.0,0.0,0.9999999999999992,00,operational,62,0,0.0818084192077832,0.0409042096038918,0.0272694730692615,0.0204521048019461,0.0163616838415568,0.013634736534631,0.0116869170296838,0.0102260524009732
0.988725870575736,0.011274129424264,0.3301321128980564,0.6698678871019436,360.0,640.0,False,13760.0,0.0,0.9999999999999992,10,operational,62,10,0.0901930353941085,0.0450965176970544,0.0300643451313697,0.0225482588485275,0.0180386070788221,0.0150321725656852,0.012884719342016,0.011274129424264
0.9897416439257938,0.0102583560742062,0.3166608651635976,0.6833391348364024,360.0,640.0,False,13760.0,0.0,0.9999999999999992,01,operational,62,1,0.0820668485936465,0.0410334242968235,0.0273556161978825,0.0205167121484119,0.0164133697187295,0.0136778080989415,0.0117238355133785,0.0102583560742062
0.9885901346878032,0.0114098653121966,0.3301321128980564,0.6698678871019436,360.0,660.0,False,13760.0,0.0,0.9999999999999992,11,operational,62,11,0.0912789224975695,0.045639461248785,0.03042630749919,0.0228197306243927,0.0182557844995142,0.0152131537495951,0.0130398460710818,0.0114098653121966
0.990617864844042,0.0093821351559578,0.2868902158741412,0.7131097841258588,360.0,580.0,False,13760.0,0.0,0.9999999999999992,00,operational,92,0,0.0750570812476596,0.03752854062383,0.0250190270825535,0.0187642703119153,0.0150114162495322,0.012509513541277,0.0107224401782376,0.0093821351559578
0.9886045468654744,0.0113954531345255,0.3477252730110779,0.6522747269889221,360.0,590.0,False,13760.0,0.0,0.9999999999999992,10,operational,92,10,0.0911636250762005,0.0455818125381005,0.0303878750254007,0.0227909062690505,0.0182327250152404,0.0151939375127004,0.0130233750108863,0.0113954531345255
0.990617864844042,0.0093821351559578,0.2868902158741412,0.7131097841258588,360.0,580.0,False,13760.0,0.0,0.9999999999999992,01,operational,92,1,0.0750570812476596,0.03752854062383,0.0250190270825535,0.0187642703119153,0.0150114162495322,0.012509513541277,0.0107224401782376,0.0093821351559578
0.9886045468654744,0.0113954531345255,0.3477252730110779,0.6522747269889221,360.0,590.0,False,13760.0,0.0,0.9999999999999992,11,operational,92,11,0.0911636250762005,0.0455818125381005,0.0303878750254007,0.0227909062690505,0.0182327250152404,0.0151939375127004,0.0130233750108863,0.0113954531345255
0.9849898974745392,0.0150101025254607,0.4102530567132045,0.5897469432867954,360.0,770.0,False,13760.0,0.0,0.9999999999999992,00,operational,122,0,0.1200808202036821,0.0600404101018413,0.0400269400678943,0.0300202050509209,0.0240161640407368,0.0200134700339473,0.0171544028862408,0.0150101025254607
0.9834976386392892,0.0165023613607108,0.4253766212713111,0.5746233787286888,360.0,770.0,False,13760.0,0.0,0.9999999999999992,10,operational,122,10,0.132018890885683,0.0660094454428417,0.0440062969618946,0.0330047227214211,0.0264037781771367,0.0220031484809476,0.018859841555098,0.0165023613607108
0.9847704921128002,0.0152295078871997,0.4102530567132045,0.5897469432867954,360.0,790.0,False,13760.0,0.0,0.9999999999999992,01,operational,122,1,0.1218360630975945,0.0609180315487974,0.0406120210325318,0.030459015774399,0.0243672126195192,0.0203060105162661,0.0174051518710853,0.0152295078871997
0.9828360830648424,0.0171639169351577,0.4253766212713111,0.5746233787286888,360.0,810.0,False,13760.0,0.0,0.9999999999999992,11,operational,122,11,0.1373113354812581,0.0686556677406293,0.0457704451604196,0.0343278338703149,0.0274622670962518,0.02288522258021,0.0196159050687516,0.0171639169351577
0.9861151227785352,0.0138848772214648,0.3859432746160139,0.614056725383986,360.0,690.0,False,13760.0,0.0,0.9999999999999992,00,operational,152,0,0.1110790177717148,0.0555395088858576,0.0370263392572385,0.0277697544429291,0.0222158035543433,0.0185131696286195,0.0158684311102454,0.0138848772214648
0.984744953076977,0.015255046923023,0.4192287954717975,0.5807712045282025,360.0,690.0,False,13760.0,0.0,0.9999999999999992,10,operational,152,10,0.1220403753841804,0.0610201876920905,0.0406801251280602,0.0305100938460455,0.0244080750768364,0.0203400625640303,0.0174343393405976,0.015255046923023
0.9850561467279088,0.0149438532720912,0.3859432746160139,0.614056725383986,360.0,730.0,False,13760.0,0.0,0.9999999999999992,01,operational,152,1,0.119550826176726,0.0597754130883633,0.0398502753922421,0.0298877065441819,0.0239101652353455,0.0199251376961214,0.0170786894538185,0.0149438532720912
0.9817529495730434,0.0182470504269566,0.4192287954717975,0.5807712045282025,360.0,810.0,False,13760.0,0.0,0.9999999999999992,11,operational,152,11,0.1459764034156497,0.0729882017078251,0.0486588011385501,0.0364941008539128,0.0291952806831302,0.0243294005692753,0.0208537719165219,0.0182470504269566
0.951318518812454,0.048681481187546,0.4855518145705498,0.5144481854294501,360.0,1810.0,False,13760.0,0.0,0.9999999999999992,00,operational,182,0,0.3748349175605031,0.1947259247501824,0.1298172831667885,0.0973629623750914,0.0778903699000731,0.0649086415833944,0.0556359785000525,0.048681481187546
0.9479122301497704,0.0520877698502296,0.4947850449100567,0.5052149550899433,360.0,1810.0,False,13760.0,0.0,0.9999999999999992,10,operational,182,10,0.3996878266390644,0.2083510794009171,0.1389007196006114,0.1041755397004589,0.0833404317603671,0.0694503598003059,0.0595288798288339,0.0520877698502296
0.9500086422247184,0.0499913577752817,0.4855518145705498,0.5144481854294501,360.0,1890.0,False,13760.0,0.0,0.9999999999999992,01,operational,182,1,0.3785563949111001,0.1999654311011254,0.1333102874007506,0.0999827155505629,0.0799861724404503,0.0666551437003755,0.0571329803146076,0.0499913577752817
0.9459502522107474,0.0540497477892526,0.4947850449100567,0.5052149550899433,360.0,1920.0,False,13760.0,0.0,0.9999999999999992,11,operational,182,11,0.4042675992949488,0.2161989911570092,0.1441326607713396,0.1080994955785048,0.086479596462804,0.0720663303856702,0.0617711403305744,0.0540497477892526
0.9761043231059164,0.0238956768940835,0.4674308880923904,0.5325691119076096,360.0,1050.0,False,13760.0,0.0,0.9999999999999992,00,operational,212,0,0.1911654151526586,0.0955827075763323,0.0637218050508884,0.0477913537881664,0.0382330830305333,0.0318609025254443,0.0273093450218097,0.0238956768940835
0.9718669612816652,0.0281330387183348,0.5329675168551056,0.4670324831448945,360.0,1050.0,False,13760.0,0.0,0.9999999999999992,10,operational,212,10,0.2250643097466687,0.1125321548733376,0.0750214365822251,0.0562660774366691,0.0450128619493352,0.0375107182911129,0.0321520442495255,0.0281330387183348
0.9746115121267716,0.0253884878732283,0.4674308880923904,0.5325691119076096,360.0,1110.0,False,13760.0,0.0,0.9999999999999992,01,operational,212,1,0.2031079029856827,0.1015539514929116,0.067702634328608,0.0507769757464561,0.040621580597165,0.0338513171643041,0.0290154147122609,0.0253884878732283
0.8834339440207671,0.1165660559792328,0.5329675168551056,0.4670324831448945,360.0,,True,13760.0,1.0,0.9061811327489596,11,operational,212,11,0.2757963770764355,0.1848076221638099,0.1544780371928867,0.1393132447074253,0.1302143692161484,0.1241484522219636,0.1198156543689747,0.1165660559792328
0.953602585506809,0.046397414493191,0.6652112984060817,0.3347887015939182,360.0,1550.0,False,13760.0,0.0,0.9999999999999992,00,operational,242,0,0.3706712433123159,0.1855896579727627,0.1237264386485086,0.0927948289863815,0.0742358631891052,0.0618632193242545,0.0530256165636469,0.046397414493191
0.9485207360682578,0.0514792639317421,0.7041047071807387,0.2958952928192612,360.0,1550.0,False,13760.0,0.0,0.9999999999999992,10,operational,242,10,0.4112890753383176,0.2059170557269671,0.1372780371513117,0.1029585278634838,0.082366822290787,0.068639018575656,0.0588334444934196,0.0514792639317421
0.9507315433494128,0.0492684566505871,0.6652112984060817,0.3347887015939182,360.0,1660.0,False,13760.0,0.0,0.9999999999999992,01,operational,242,1,0.3901609606092926,0.1970738266023465,0.1313825510682309,0.0985369133011735,0.0788295306409387,0.0656912755341158,0.0563068076006707,0.0492684566505871
0.8622833826731938,0.1377166173268061,0.7041047071807387,0.2958952928192612,360.0,,True,13760.0,1.0,0.9061811327489596,11,operational,242,11,0.4433445571237525,0.2694098675541029,0.2108795341197488,0.1816143674025718,0.1640552673722656,0.1523492006853947,0.143987724480487,0.1377166173268061
0.9601704888226352,0.0398295111773647,0.5395856052130463,0.4604143947869536,360.0,1410.0,False,13760.0,0.0,0.9999999999999992,00,operational,272,0,0.318635451788121,0.1593180447094576,0.1062120298063052,0.0796590223547289,0.0637272178837834,0.0531060149031528,0.0455194413455597,0.0398295111773647
0.957507530104012,0.0424924698959878,0.5478665202497558,0.4521334797502442,360.0,1420.0,False,13760.0,0.0,0.9999999999999992,10,operational,272,10,0.339939067795511,0.16996987958395,0.1133132530559669,0.0849849397919751,0.0679879518335803,0.0566566265279837,0.0485628227382718,0.0424924698959878
0.9558713522369904,0.0441286477630097,0.5395856052130463,0.4604143947869536,360.0,1610.0,False,13760.0,0.0,0.9999999999999992,01,operational,272,1,0.350804074287103,0.1765145910520373,0.1176763940346917,0.0882572955260189,0.0706058364208152,0.0588381970173461,0.0504327403005825,0.0441286477630097
0.8696882622539542,0.1303117377460457,0.5478665202497558,0.4521334797502442,360.0,,True,13760.0,1.0,0.9061811327489596,11,operational,272,11,0.3855344278653583,0.239790349231061,0.1911331885710542,0.1668046082410508,0.1522074600430488,0.1424760279110473,0.1355250049596178,0.1303117377460457
0.9741750107070684,0.0258249892929316,0.4831892132799141,0.5168107867200858,360.0,1090.0,False,13760.0,0.0,0.9999999999999992,00,operational,3,0,0.2065999143434144,0.1032999571717249,0.0688666381144832,0.0516499785858627,0.0413199828686901,0.034433319057242,0.0295142734776361,0.0258249892929316
0.971258899000844,0.0287411009991559,0.510078426729551,0.489921573270449,360.0,1090.0,False,13760.0,0.0,0.9999999999999992,10,operational,3,10,0.2299288079932075,0.1149644039966225,0.0766429359977486,0.0574822019983114,0.0459857615986494,0.0383214679988744,0.0328469725704639,0.0287411009991559
0.9732142288235592,0.0267857711764407,0.4831892132799141,0.5168107867200858,360.0,1130.0,False,13760.0,0.0,0.9999999999999992,01,operational,3,1,0.2142861694111751,0.1071430847057615,0.0714287231371745,0.0535715423528809,0.0428572338823047,0.0357143615685875,0.0306123099159323,0.0267857711764407
0.9691811716826082,0.0308188283173918,0.510078426729551,0.489921573270449,360.0,1170.0,False,13760.0,0.0,0.9999999999999992,11,operational,3,11,0.2465506265362053,0.1232753132695657,0.0821835421797106,0.0616376566347831,0.0493101253078265,0.0410917710898556,0.0352215180770192,0.0308188283173918
0.9736469096400768,0.0263530903599232,0.6162043995203934,0.3837956004796065,360.0,1050.0,False,13760.0,0.0,0.9999999999999992,00,operational,33,0,0.2108247228793777,0.1054123614396917,0.0702749076264614,0.0527061807198461,0.042164944575877,0.0351374538132308,0.030117817554198,0.0263530903599232
0.9719737295019844,0.0280262704980155,0.6536336277359971,0.3463663722640028,360.0,1050.0,False,13760.0,0.0,0.9999999999999992,10,operational,33,10,0.2242101639841157,0.1121050819920607,0.0747367213280406,0.0560525409960306,0.0448420327968245,0.0373683606640206,0.0320300234263034,0.0280262704980155
0.9701960620823494,0.0298039379176505,0.6162043995203934,0.3837956004796065,360.0,1200.0,False,13760.0,0.0,0.9999999999999992,01,operational,33,1,0.2384315033304496,0.1192157516706008,0.0794771677804007,0.0596078758353006,0.0476863006682405,0.0397385838902005,0.0340616433344578,0.0298039379176505
0.8825850862087894,0.1174149137912106,0.6536336277359971,0.3463663722640028,360.0,,True,13760.0,1.0,0.9061811327489596,11,operational,33,11,0.2825872395723487,0.1882030534117207,0.1567416580248273,0.1410109603313807,0.1315725417153127,0.125280262637934,0.1207857775826634,0.1174149137912106
0.9539907115358742,0.0460092884641257,0.6856846847841699,0.3143153152158301,360.0,1630.0,False,13760.0,0.0,0.9999999999999992,00,operational,63,0,0.3657580449632076,0.1840371538565015,0.1226914359043346,0.092018576928251,0.0736148615426008,0.0613457179521674,0.0525820439590007,0.0460092884641257
0.9495829167369414,0.0504170832630586,0.748165593774642,0.251834406225358,360.0,1630.0,False,13760.0,0.0,0.9999999999999992,10,operational,63,10,0.4004632087277143,0.2016683330522329,0.1344455553681555,0.1008341665261167,0.0806673332208933,0.067222777684078,0.0576195237292098,0.0504170832630586
0.9437066736904044,0.0562933263095954,0.6856846847841699,0.3143153152158301,360.0,1990.0,False,13760.0,0.0,0.9999999999999992,01,operational,63,1,0.4207167408659836,0.2251733052383804,0.1501155368255871,0.1125866526191904,0.0900693220953524,0.0750577684127937,0.0643352300681091,0.0562933263095954
0.7952948572575397,0.2047051427424603,0.748165593774642,0.251834406225358,360.0,,True,13760.0,1.0,0.8435994411819694,11,operational,63,11,0.5354547509644545,0.3496188945157493,0.2852127826165097,0.25300972666689,0.2336878930971181,0.2208066707172701,0.2116057975888073,0.2047051427424603
0.967088112433808,0.0329118875661921,0.639552690369781,0.3604473096302189,360.0,1320.0,False,13760.0,0.0,0.9999999999999992,00,operational,93,0,0.2632950963295855,0.1316475502647668,0.0877650335098447,0.0658237751323836,0.0526590201059069,0.0438825167549226,0.0376135857899337,0.0329118875661921
0.962981775391548,0.037018224608452,0.7170820842300969,0.2829179157699031,360.0,1320.0,False,13760.0,0.0,0.9999999999999992,10,operational,93,10,0.2961457925140821,0.1480728984338066,0.0987152656225379,0.0740364492169036,0.0592291593735229,0.0493576328112692,0.0423065424096594,0.037018224608452
0.9575726920763682,0.0424273079236318,0.639552690369781,0.3604473096302189,360.0,1630.0,False,13760.0,0.0,0.9999999999999992,01,operational,93,1,0.3364150621754826,0.1697092316945254,0.1131394877963504,0.0848546158472629,0.0678836926778103,0.0565697438981753,0.0484883519127219,0.0424273079236318
0.8083342706671546,0.1916657293328454,0.7170820842300969,0.2829179157699031,360.0,,True,13760.0,1.0,0.8435994411819693,11,operational,93,11,0.438509325921677,0.2974612408772897,0.2504410135242033,0.2269308998476602,0.2128248316417343,0.203420786171117,0.196703610834962,0.1916657293328454
0.9130740211819212,0.0869259788180788,0.8005117978387599,0.19948820216124,360.0,2280.0,False,13760.0,0.0,0.9999999999999992,00,operational,123,0,0.6177722715453517,0.3477039152723137,0.2318026101815425,0.1738519576361571,0.1390815661089257,0.1159013050907714,0.09934397579209,0.0869259788180788
0.9064395501715756,0.0935604498284242,0.8215193345400345,0.1784806654599655,360.0,2280.0,False,13760.0,0.0,0.9999999999999992,10,operational,123,10,0.6562634822699677,0.3742417993136957,0.2494945328757973,0.187120899656848,0.1496967197254786,0.1247472664378989,0.106926228375342,0.0935604498284242
0.8838817073564486,0.1161182926435514,0.8005117978387599,0.19948820216124,360.0,2630.0,False,13760.0,0.0,0.9999999999999992,01,operational,123,1,0.7810423773385377,0.4644731705742041,0.3096487803828028,0.2322365852871023,0.1857892682296819,0.1548243901914017,0.1327066201640587,0.1161182926435514
0.0820179017324854,0.9179820982675144,0.8215193345400345,0.1784806654599655,360.0,,True,13760.0,1.0,0.0734484579158179,11,operational,123,11,0.8540864041148232,0.892273766817512,0.903699691906402,0.9094126544508472,0.912840431977514,0.915125616995292,0.9167578920079906,0.9179820982675144
0.987233019392448,0.0127669806075521,0.3860422983234782,0.6139577016765217,360.0,680.0,False,13760.0,0.0,0.9999999999999992,00,operational,153,0,0.1021358448604139,0.0510679224302073,0.0340452816201383,0.0255339612151038,0.0204271689720829,0.0170226408100695,0.0145908349800596,0.0127669806075521
0.9862041305686704,0.0137958694313294,0.4037455271627617,0.5962544728372383,360.0,680.0,False,13760.0,0.0,0.9999999999999992,10,operational,153,10,0.1103669554506323,0.0551834777253164,0.036788985150211,0.0275917388626585,0.0220733910901268,0.0183944925751057,0.0157667079215194,0.0137958694313294
0.9862070808368923,0.0137929191631076,0.3860422983234782,0.6139577016765217,360.0,750.0,False,13760.0,0.0,0.9999999999999992,01,operational,153,1,0.1103433533048579,0.0551716766524291,0.0367811177682861,0.0275858383262147,0.0220686706609718,0.0183905588841434,0.0157633361864087,0.0137929191631076
0.985758937730344,0.014241062269656,0.4037455271627617,0.5962544728372383,360.0,780.0,False,13760.0,0.0,0.9999999999999992,11,operational,153,11,0.1139284981572441,0.0569642490786223,0.0379761660524149,0.0284821245393115,0.0227856996314491,0.0189880830262076,0.0162754997367496,0.014241062269656
0.961037812471441,0.0389621875285589,0.5519663056526083,0.4480336943473917,360.0,1470.0,False,13760.0,0.0,0.9999999999999992,00,operational,183,0,0.3116854505997996,0.155848750114234,0.1038991667428228,0.0779243750571172,0.0623395000456938,0.0519495833714117,0.044528214318353,0.0389621875285589
0.95767135485095,0.0423286451490501,0.5599367860343538,0.4400632139656462,360.0,1470.0,False,13760.0,0.0,0.9999999999999992,10,operational,183,10,0.3386169378113453,0.1693145805961987,0.1128763870641326,0.0846572902980995,0.0677258322384797,0.0564381935320665,0.0483755944560572,0.0423286451490501
0.9595090216461682,0.0404909783538317,0.5519663056526083,0.4480336943473917,360.0,1550.0,False,13760.0,0.0,0.9999999999999992,01,operational,183,1,0.3233929222188009,0.1619639134153252,0.1079759422768839,0.0809819567076629,0.0647855653661303,0.0539879711384423,0.0462754038329504,0.0404909783538317
0.955447158154508,0.0445528418454921,0.5599367860343538,0.4400632139656462,360.0,1580.0,False,13760.0,0.0,0.9999999999999992,11,operational,183,11,0.3551488415251627,0.178211367381967,0.1188075782546449,0.0891056836909838,0.0712845469527871,0.0594037891273228,0.0509175335377052,0.0445528418454921
0.9635105226663084,0.0364894773336914,0.8539927311978586,0.1460072688021415,290.0,1220.0,False,13760.0,0.0,0.9999999999999992,00,operational,213,0,0.2919158186440174,0.1459579093347646,0.0973052728898432,0.0729789546673825,0.0583831637339059,0.048652636444922,0.0417022598099331,0.0364894773336914
0.9592364321596228,0.0407635678403772,0.926308927398594,0.0736910726014059,360.0,1220.0,False,13760.0,0.0,0.9999999999999992,10,operational,213,10,0.3261085426974087,0.1630542713615074,0.1087028475743384,0.0815271356807539,0.0652217085446031,0.0543514237871695,0.0465869346747168,0.0407635678403772
0.9560704052415214,0.0439295947584785,0.8539927311978586,0.1460072688021415,290.0,1370.0,False,13760.0,0.0,0.9999999999999992,01,operational,213,1,0.3514367040457499,0.1757183790339131,0.1171455860226089,0.0878591895169568,0.0702873516135655,0.0585727930113048,0.050205251152547,0.0439295947584785
0.0831839325698525,0.9168160674301474,0.926308927398594,0.0736910726014059,360.0,,True,13760.0,1.0,0.0734484579158179,11,operational,213,11,0.8486677448519049,0.8876096434680435,0.9005902763400897,0.9070805927761127,0.9109747826377268,0.913570909212136,0.915425285336714,0.9168160674301474
0.973178059362578,0.0268219406374219,0.5941991322649285,0.4058008677350715,360.0,1060.0,False,13760.0,0.0,0.9999999999999992,00,operational,243,0,0.2145755250993619,0.107287762549686,0.071525175033124,0.0536438812748433,0.0429151050198746,0.0357625875165623,0.0306536464427679,0.0268219406374219
0.9717257936384052,0.0282742063615947,0.6404097323081944,0.3595902676918056,360.0,1060.0,False,13760.0,0.0,0.9999999999999992,10,operational,243,10,0.2261936508927441,0.1130968254463774,0.0753978836309182,0.056548412723189,0.0452387301785511,0.0376989418154595,0.0323133786989654,0.0282742063615947
0.9728056717516308,0.0271943282483693,0.5941991322649285,0.4058008677350715,360.0,1090.0,False,13760.0,0.0,0.9999999999999992,01,operational,243,1,0.2175546259869063,0.1087773129934758,0.0725182086623171,0.0543886564967381,0.0435109251973905,0.0362591043311587,0.0310792322838506,0.0271943282483693
0.9712782517307308,0.0287217482692691,0.6404097323081944,0.3595902676918056,360.0,1090.0,False,13760.0,0.0,0.9999999999999992,11,operational,243,11,0.2297739861540979,0.1148869930770748,0.07659132871805,0.0574434965385376,0.0459547972308301,0.0382956643590253,0.0328248551648789,0.0287217482692691
0.9890627975144732,0.0109372024855267,0.6949313164143093,0.3050686835856907,360.0,500.0,False,13760.0,0.0,0.9999999999999992,00,operational,273,0,0.0874976198842107,0.0437488099421056,0.0291658732947373,0.021874404971053,0.0174995239768425,0.0145829366473688,0.0124996599834592,0.0109372024855267
0.9859069566836536,0.0140930433163465,0.9465418396849962,0.0534581603150038,360.0,500.0,False,13760.0,0.0,0.9999999999999992,10,operational,273,10,0.1127443465307687,0.0563721732653845,0.0375814488435897,0.0281860866326925,0.022548869306154,0.0187907244217951,0.0161063352186817,0.0140930433163465
0.9850782576991148,0.0149217423008851,0.6949313164143093,0.3050686835856907,360.0,590.0,False,13760.0,0.0,0.9999999999999992,01,operational,273,1,0.1193739384070773,0.059686969203539,0.0397913128023594,0.0298434846017697,0.0238747876814159,0.0198956564011799,0.0170534197724402,0.0149217423008851
0.0853266983931917,0.9146733016068084,0.9465418396849962,0.0534581603150038,360.0,,True,13760.0,1.0,0.0734484579158179,11,operational,273,11,0.8315256182651919,0.8790385801746871,0.8948762341445187,0.9027950611294344,0.907546357320384,0.9107138881143504,0.9129764101100406,0.9146733016068084
0.9746131400550296,0.0253868599449703,0.5260916565153928,0.4739083434846071,360.0,1010.0,False,13760.0,0.0,0.9999999999999992,00,operational,4,0,0.2030948795597594,0.1015474397798802,0.0676982931865869,0.0507737198899403,0.0406189759119524,0.0338491465932938,0.0290135542228234,0.0253868599449703
0.9727294530628324,0.0272705469371676,0.5388704230515181,0.4611295769484819,360.0,1010.0,False,13760.0,0.0,0.9999999999999992,10,operational,4,10,0.2181643754973364,0.1090821877486688,0.0727214584991127,0.0545410938743347,0.0436328750994675,0.0363607292495566,0.0311663393567628,0.0272705469371676
0.9723675017478244,0.0276324982521755,0.5260916565153928,0.4739083434846071,360.0,1110.0,False,13760.0,0.0,0.9999999999999992,01,operational,4,1,0.2210599860172796,0.1105299930087005,0.0736866620058004,0.0552649965043505,0.0442119972034804,0.0368433310029004,0.0315799980024863,0.0276324982521755
0.8271687954303291,0.1728312045696709,0.5388704230515181,0.4611295769484819,360.0,,True,13760.0,1.0,0.8435994411819693,11,operational,4,11,0.2878457248311517,0.2221231418245911,0.2002156141557376,0.1892618503213109,0.1826895920206549,0.1783080864868842,0.1751784396770481,0.1728312045696709
0.9503065318232506,0.0496934681767493,0.8774848294642219,0.122515170535778,360.0,1460.0,False,13760.0,0.0,0.9999999999999992,00,operational,34,0,0.3975422199898967,0.1987738727069958,0.1325159151379973,0.0993869363534982,0.0795095490827986,0.0662579575689988,0.0567925350591421,0.0496934681767493
0.9435865211985666,0.0564134788014334,0.9764489579643872,0.0235510420356127,360.0,1460.0,False,13760.0,0.0,0.9999999999999992,10,operational,34,10,0.4513021126699839,0.2256539152057325,0.1504359434704886,0.1128269576028664,0.0902615660822933,0.0752179717352444,0.0644725472016383,0.0564134788014334
0.9486308190062928,0.0513691809937072,0.8774848294642219,0.122515170535778,360.0,1530.0,False,13760.0,0.0,0.9999999999999992,01,operational,34,1,0.4107022316462508,0.2054767239748272,0.1369844826498849,0.1027383619874139,0.0821906895899311,0.0684922413249428,0.0587076354213795,0.0513691809937072
0.8582346469759498,0.1417653530240502,0.9764489579643872,0.0235510420356127,360.0,,True,13760.0,1.0,0.9061811327489596,11,operational,34,11,0.4773536130802567,0.285604810343079,0.2216761626457327,0.1897118387970598,0.170533244487856,0.1577475149483868,0.1486148509916229,0.1417653530240502
0.967796852576562,0.0322031474234379,0.6365236798322815,0.3634763201677185,360.0,1120.0,False,13760.0,0.0,0.9999999999999992,00,operational,64,0,0.2576251793872809,0.1288125896937506,0.0858750597958337,0.0644062948468755,0.0515250358775004,0.0429375298979169,0.0368035970553577,0.0322031474234379
0.96471337130726,0.0352866286927401,0.6906263057448185,0.3093736942551815,360.0,1130.0,False,13760.0,0.0,0.9999999999999992,10,operational,64,10,0.2822930295416586,0.141146514770959,0.0940976765139729,0.0705732573854797,0.0564586059083838,0.0470488382569868,0.0403275756488458,0.0352866286927401
0.9675826053623628,0.0324173946376371,0.6365236798322815,0.3634763201677185,360.0,1140.0,False,13760.0,0.0,0.9999999999999992,01,operational,64,1,0.2593391571006695,0.129669578550547,0.0864463857003647,0.0648347892752738,0.0518678314202191,0.0432231928501826,0.0370484510144425,0.0324173946376371
0.9640091407815444,0.0359908592184554,0.6906263057448185,0.3093736942551815,360.0,1170.0,False,13760.0,0.0,0.9999999999999992,11,operational,64,11,0.2879268737454944,0.1439634368738207,0.0959756245825472,0.0719817184369105,0.0575853747495286,0.047987812291274,0.0411324105353777,0.0359908592184554
0.9739432473945442,0.0260567526054558,0.5675284253859657,0.4324715746140343,360.0,1060.0,False,13760.0,0.0,0.9999999999999992,00,operational,94,0,0.2084540208436358,0.1042270104218218,0.0694846736145479,0.0521135052109111,0.0416908041687289,0.0347423368072742,0.0297791458348066,0.0260567526054558
0.9720289195135792,0.0279710804864209,0.610546928668108,0.3894530713318919,360.0,1060.0,False,13760.0,0.0,0.9999999999999992,10,operational,94,10,0.2237686438913562,0.1118843219456819,0.0745895479637881,0.0559421609728412,0.0447537287782729,0.0372947739818944,0.0319669491273381,0.0279710804864209
0.9723482115589146,0.0276517884410854,0.5675284253859657,0.4324715746140343,360.0,1130.0,False,13760.0,0.0,0.9999999999999992,01,operational,94,1,0.2212143075284194,0.1106071537643401,0.0737381025095601,0.0553035768821703,0.0442428615057363,0.0368690512547802,0.031602043932669,0.0276517884410854
0.927940878483188,0.072059121516812,0.610546928668108,0.3894530713318919,360.0,,True,13760.0,1.0,0.9525874527262772,11,operational,94,11,0.2445851412184342,0.1459988442460795,0.1131367452552939,0.0967056957599011,0.0868470660626655,0.0802746462645085,0.0755800606943962,0.072059121516812
0.9854328507570004,0.0145671492429997,0.4171608506840104,0.5828391493159896,360.0,690.0,False,13760.0,0.0,0.9999999999999992,00,operational,124,0,0.1165371939439939,0.0582685969719972,0.0388457313146649,0.0291342984859989,0.0233074387887991,0.0194228656573326,0.0166481705634282,0.0145671492429997
0.9841441122967338,0.0158558877032661,0.4367378439045946,0.5632621560954054,360.0,690.0,False,13760.0,0.0,0.9999999999999992,10,operational,124,10,0.1268471016261269,0.0634235508130636,0.0422823672087092,0.031711775406532,0.0253694203252256,0.021141183604355,0.0181210145180185,0.0158558877032661
0.9848362026156496,0.0151637973843502,0.4171608506840104,0.5828391493159896,360.0,720.0,False,13760.0,0.0,0.9999999999999992,01,operational,124,1,0.1213103790747986,0.0606551895373995,0.0404367930249331,0.0303275947687,0.0242620758149599,0.0202183965124668,0.0173300541535431,0.0151637973843502
0.8950932015254678,0.1049067984745322,0.4367378439045946,0.5632621560954054,360.0,,True,13760.0,1.0,0.9061811327489596,11,operational,124,11,0.1825223170389734,0.1381705921450069,0.1233866838470181,0.1159947296980237,0.111559557208627,0.1086027755490293,0.1064907886493167,0.1049067984745322
0.9866502570326322,0.0133497429673677,0.3708983092521229,0.629101690747877,360.0,780.0,False,13760.0,0.0,0.9999999999999992,00,operational,154,0,0.1067979437389379,0.0533989718694691,0.0355993145796462,0.0266994859347348,0.0213595887477879,0.0177996572898233,0.0152568491055631,0.0133497429673677
0.9838424536476936,0.0161575463523063,0.4207592073206235,0.5792407926793764,360.0,790.0,False,13760.0,0.0,0.9999999999999992,10,operational,154,10,0.1292603708184471,0.0646301854092237,0.043086790272816,0.032315092704612,0.0258520741636898,0.0215433951364081,0.0184657672597787,0.0161575463523063
0.9865919419596538,0.0134080580403461,0.3708983092521229,0.629101690747877,360.0,790.0,False,13760.0,0.0,0.9999999999999992,01,operational,154,1,0.1072644643227659,0.0536322321613832,0.0357548214409221,0.0268161160806919,0.0214528928645535,0.0178774107204614,0.0153234949032527,0.0134080580403461
0.9834856801577424,0.0165143198422574,0.4207592073206235,0.5792407926793764,360.0,820.0,False,13760.0,0.0,0.9999999999999992,11,operational,154,11,0.1321145587380555,0.066057279369028,0.0440381862460188,0.0330286396845143,0.0264229117476115,0.0220190931230096,0.0188735083911514,0.0165143198422574
0.9511888008005828,0.0488111991994171,0.8854288478226945,0.1145711521773055,360.0,1590.0,False,13760.0,0.0,0.9999999999999992,00,operational,184,0,0.389074013226085,0.195244796797667,0.1301631978651114,0.0976223983988336,0.078097918719067,0.065081598932556,0.0557842276564767,0.0488111991994171
0.9457166219942286,0.0542833780057714,0.954307018667345,0.0456929813326549,360.0,1590.0,False,13760.0,0.0,0.9999999999999992,10,operational,184,10,0.4326389362368491,0.217133512023084,0.1447556746820562,0.1085667560115423,0.0868534048092339,0.0723778373410283,0.0620381462923103,0.0542833780057714
0.9422685295096068,0.057731470490393,0.8854288478226945,0.1145711521773055,360.0,1840.0,False,13760.0,0.0,0.9999999999999992,01,operational,184,1,0.4455593351740121,0.2309258819615705,0.1539505879743806,0.1154629409807855,0.0923703527846284,0.0769752939871905,0.0659788234175919,0.057731470490393
0.0785437835925162,0.9214562164074838,0.954307018667345,0.0456929813326549,360.0,,True,13760.0,1.0,0.0694323936587898,11,operational,184,11,0.8576764868604413,0.8941220466063043,0.9062705665179396,0.9123448264737573,0.915989382447248,0.9184190864295748,0.9201545892740942,0.9214562164074838
0.9547598091106286,0.0452401908893713,0.636876653249854,0.363123346750146,360.0,1610.0,False,13760.0,0.0,0.9999999999999992,00,operational,214,0,0.3599614157942314,0.1809607635574839,0.1206405090383229,0.0904803817787422,0.0723843054229937,0.0603202545191616,0.0517030753021386,0.0452401908893713
0.9513725709055564,0.0486274290944436,0.664976015702656,0.335023984297344,360.0,1610.0,False,13760.0,0.0,0.9999999999999992,10,operational,214,10,0.3869326035787082,0.1945097163777729,0.1296731442518486,0.0972548581888866,0.0778038865511093,0.0648365721259244,0.0555742046793641,0.0486274290944436
0.953369524572854,0.0466304754271459,0.636876653249854,0.363123346750146,360.0,1680.0,False,13760.0,0.0,0.9999999999999992,01,operational,214,1,0.3681875122361169,0.1865219017085824,0.1243479344723884,0.0932609508542915,0.0746087606834331,0.0621739672361946,0.0532919719167381,0.0466304754271459
0.9496299570488546,0.0503700429511454,0.664976015702656,0.335023984297344,360.0,1700.0,False,13760.0,0.0,0.9999999999999992,11,operational,214,11,0.3957731303941314,0.2014801718045803,0.134320114536387,0.1007400859022904,0.0805920687218323,0.0671600572681938,0.0575657633727376,0.0503700429511454
0.968232261756961,0.031767738243039,0.5300089545105561,0.4699910454894439,360.0,1350.0,False,13760.0,0.0,0.9999999999999992,00,operational,244,0,0.2541418839995673,0.1270709529721545,0.0847139686481032,0.0635354764860774,0.050828381188862,0.0423569843240518,0.0363059865634731,0.031767738243039
0.965076780035729,0.0349232199642709,0.5528798780491161,0.4471201219508839,360.0,1350.0,False,13760.0,0.0,0.9999999999999992,10,operational,244,10,0.279385737274637,0.1396928798570821,0.0931285865713881,0.0698464399285413,0.0558771519428331,0.0465642932856942,0.0399122513877382,0.0349232199642709
0.9643799389868134,0.0356200610131866,0.5300089545105561,0.4699910454894439,360.0,1510.0,False,13760.0,0.0,0.9999999999999992,01,operational,244,1,0.2848820830013177,0.1424802440527451,0.094986829368497,0.0712401220263727,0.0569920976210984,0.0474934146842487,0.0407086411579276,0.0356200610131866
0.822051242525832,0.177948757474168,0.5528798780491161,0.4471201219508839,360.0,,True,13760.0,1.0,0.8435994411819694,11,operational,244,11,0.3287861480309249,0.2425933534425799,0.2138624219010635,0.1994969561303051,0.1908776766678503,0.1851314903595471,0.1810270715679017,0.177948757474168
0.9824946265824416,0.0175053734175583,0.4504856709884504,0.5495143290115496,360.0,800.0,False,13760.0,0.0,0.9999999999999992,00,operational,274,0,0.140042987340463,0.0700214936702318,0.0466809957801545,0.0350107468351161,0.0280085974680929,0.0233404978900774,0.020006141048638,0.0175053734175583
0.9796224231175092,0.0203775768824907,0.4891511141004406,0.5108488858995593,360.0,800.0,False,13760.0,0.0,0.9999999999999992,10,operational,274,10,0.1630206150599221,0.0815103075299613,0.0543402050199742,0.0407551537649809,0.0326041230119847,0.0271701025099873,0.0232886592942751,0.0203775768824907
0.9820566394402716,0.0179433605597283,0.4504856709884504,0.5495143290115496,360.0,830.0,False,13760.0,0.0,0.9999999999999992,01,operational,274,1,0.1435468844778235,0.071773442238912,0.0478489614926082,0.0358867211194562,0.028709376895565,0.0239244807463044,0.0205066977825466,0.0179433605597283
0.9784830500395192,0.0215169499604808,0.4891511141004406,0.5108488858995593,360.0,860.0,False,13760.0,0.0,0.9999999999999992,11,operational,274,11,0.1721355996838426,0.0860677998419215,0.0573785332279478,0.043033899920961,0.0344271199367687,0.0286892666139741,0.024590799954835,0.0215169499604808
0.9849614520057812,0.0150385479942188,0.4232827758911381,0.5767172241088618,360.0,720.0,False,13760.0,0.0,0.9999999999999992,00,operational,5,0,0.1203083839537473,0.0601541919768738,0.0401027946512494,0.0300770959884372,0.0240616767907498,0.0200513973256248,0.017186911993393,0.0150385479942188
0.9842544989544828,0.0157455010455171,0.427800675291169,0.572199324708831,360.0,720.0,False,13760.0,0.0,0.9999999999999992,10,operational,5,10,0.1259640083641336,0.0629820041820671,0.0419880027880447,0.0314910020910338,0.025192801672827,0.0209940013940227,0.0179948583377339,0.0157455010455171
0.9847791086176856,0.0152208913823143,0.4232827758911381,0.5767172241088618,360.0,730.0,False,13760.0,0.0,0.9999999999999992,01,operational,5,1,0.1217671310585112,0.0608835655292558,0.0405890436861707,0.0304417827646281,0.0243534262117025,0.0202945218430856,0.0173953044369307,0.0152208913823143
0.983995079543752,0.016004920456248,0.427800675291169,0.572199324708831,360.0,740.0,False,13760.0,0.0,0.9999999999999992,11,operational,5,11,0.1280393636499809,0.0640196818249907,0.0426797878833272,0.0320098409124955,0.0256078727299965,0.0213398939416639,0.0182913376642834,0.016004920456248
0.978821706650669,0.0211782933493309,0.4572201298651203,0.5427798701348797,360.0,990.0,False,13760.0,0.0,0.9999999999999992,00,operational,35,0,0.169426346794644,0.0847131733973223,0.0564754489315483,0.0423565866986614,0.0338852693589292,0.0282377244657743,0.0242037638278068,0.0211782933493309
0.976429179904334,0.0235708200956661,0.4813511529714693,0.5186488470285306,360.0,990.0,False,13760.0,0.0,0.9999999999999992,10,operational,35,10,0.1885665607653256,0.094283280382663,0.0628555202551088,0.0471416401913318,0.0377133121530653,0.0314277601275546,0.0269380801093327,0.0235708200956661
0.9773917324752102,0.0226082675247898,0.4572201298651203,0.5427798701348797,360.0,1060.0,False,13760.0,0.0,0.9999999999999992,01,operational,35,1,0.180866140198308,0.0904330700991581,0.0602887133994389,0.0452165350495792,0.0361732280396633,0.0301443566997197,0.0258380200283312,0.0226082675247898
0.9753462365820682,0.0246537634179317,0.4813511529714693,0.5186488470285306,360.0,1100.0,False,13760.0,0.0,0.9999999999999992,11,operational,35,11,0.1972301073433887,0.0986150536717253,0.0657433691144837,0.0493075268358629,0.0394460214686904,0.0328716845572419,0.0281757296204934,0.0246537634179317
0.986827086660524,0.0131729133394759,0.3936961266706873,0.6063038733293127,360.0,700.0,False,13760.0,0.0,0.9999999999999992,00,operational,65,0,0.1053833067158035,0.052691653357902,0.0351277689052682,0.0263458266789512,0.0210766613431609,0.0175638844526343,0.015054758102258,0.0131729133394759
0.9842800734811346,0.0157199265188654,0.4620303153545394,0.5379696846454606,360.0,700.0,False,13760.0,0.0,0.9999999999999992,10,operational,65,10,0.1257594121509205,0.0628797060754604,0.0419198040503071,0.0314398530377305,0.0251518824301842,0.0209599020251539,0.0179656303072748,0.0157199265188654
0.9847149638899672,0.0152850361100328,0.3936961266706873,0.6063038733293127,360.0,800.0,False,13760.0,0.0,0.9999999999999992,01,operational,65,1,0.1222802888802591,0.0611401444401298,0.0407600962934198,0.0305700722200651,0.024456057776052,0.0203800481467101,0.0174686126971803,0.0152850361100328
0.8946189230550462,0.1053810769449538,0.4620303153545394,0.5379696846454606,360.0,,True,13760.0,1.0,0.9061811327489596,11,operational,65,11,0.1863165448023463,0.1400677060266935,0.1246514264348089,0.116943286638867,0.1123184027613017,0.1092351468429247,0.1070328211869414,0.1053810769449538
0.9607051773811494,0.0392948226188506,0.784055869700762,0.2159441302992379,360.0,1350.0,False,13760.0,0.0,0.9999999999999992,00,operational,95,0,0.3143585589382182,0.1571792904754011,0.1047861936502675,0.0785896452377008,0.0628717161901607,0.0523930968251339,0.0449083687072578,0.0392948226188506
0.9564071152272102,0.0435928847727897,0.861455552019067,0.138544447980933,360.0,1350.0,False,13760.0,0.0,0.9999999999999992,10,operational,95,10,0.3487430557589484,0.1743715390911578,0.1162476927274387,0.0871857695455792,0.0697486156364634,0.0581238463637197,0.0498204397403312,0.0435928847727897
0.9522379096747224,0.0477620903252775,0.784055869700762,0.2159441302992379,360.0,1460.0,False,13760.0,0.0,0.9999999999999992,01,operational,95,1,0.3820897750098005,0.1910483613011089,0.1273655742007394,0.0955241806505546,0.0764193445204437,0.0636827871003701,0.0545852460860315,0.0477620903252775
0.0833325039409117,0.9166674960590884,0.861455552019067,0.138544447980933,360.0,,True,13760.0,1.0,0.0734484579158179,11,operational,95,11,0.8474791738834206,0.8870153579838069,0.9001940860172654,0.9067834500339944,0.910737068444032,0.9133728140507236,0.9152554894840748,0.9166674960590884
0.9967886329182682,0.0032113670817317,0.1571356170254542,0.8428643829745458,360.0,370.0,False,13760.0,0.0,0.9999999999999992,00,operational,125,0,0.0256909366538499,0.0128454683269252,0.0085636455512836,0.0064227341634628,0.0051381873307704,0.004281822775642,0.0036701338076934,0.0032113670817317
0.9956657710483734,0.0043342289516266,0.2342143773926888,0.7657856226073112,360.0,370.0,False,13760.0,0.0,0.9999999999999992,10,operational,125,10,0.0346738316130099,0.0173369158065052,0.0115579438710036,0.0086684579032528,0.0069347663226021,0.0057789719355021,0.0049534045161446,0.0043342289516266
0.9964943493110222,0.0035056506889777,0.1571356170254542,0.8428643829745458,360.0,400.0,False,13760.0,0.0,0.9999999999999992,01,operational,125,1,0.0280452055118179,0.0140226027559092,0.009348401837273,0.0070113013779549,0.005609041102364,0.0046742009186366,0.0040064579302603,0.0035056506889777
0.9049143253150944,0.0950856746849055,0.2342143773926888,0.7657856226073112,360.0,,True,13760.0,1.0,0.9061811327489596,11,operational,125,11,0.10395332672196,0.0988860969865002,0.0971970204080137,0.0963524821187703,0.0958457591452245,0.0955079438295271,0.0952666471754576,0.0950856746849055
0.9909107596565934,0.0090892403434066,0.4099218048886877,0.5900781951113123,360.0,560.0,False,13760.0,0.0,0.9999999999999992,00,operational,155,0,0.0727139227472497,0.036356961373625,0.0242379742490835,0.0181784806868128,0.0145427845494501,0.0121189871245421,0.0103877032496075,0.0090892403434066
0.986522851801104,0.0134771481988961,0.6239507129515856,0.3760492870484144,360.0,560.0,False,13760.0,0.0,0.9999999999999992,10,operational,155,10,0.1078171855911658,0.0539085927955831,0.0359390618637222,0.0269542963977917,0.0215634371182334,0.0179695309318613,0.0154024550844528,0.0134771481988961
0.9909025552202946,0.0090974447797054,0.4099218048886877,0.5900781951113123,360.0,560.0,False,13760.0,0.0,0.9999999999999992,01,operational,155,1,0.0727795582376397,0.0363897791188201,0.0242598527458803,0.0181948895594102,0.0145559116475282,0.0121299263729403,0.0103970797482346,0.0090974447797054
0.9859745787661488,0.014025421233851,0.6239507129515856,0.3760492870484144,360.0,580.0,False,13760.0,0.0,0.9999999999999992,11,operational,155,11,0.1122033698708057,0.0561016849354031,0.0374011232902689,0.0280508424677018,0.0224406739741613,0.0187005616451347,0.0160290528386869,0.014025421233851
0.9713331824024528,0.028666817597547,0.5308537438945096,0.4691462561054904,360.0,1120.0,False,13760.0,0.0,0.9999999999999992,00,operational,185,0,0.2293345407801633,0.1146672703901868,0.0764448469267913,0.0573336351950937,0.0458669081560749,0.0382224234633959,0.0327620772543395,0.028666817597547
0.9695032298282912,0.0304967701717087,0.5335225056725781,0.4664774943274219,360.0,1120.0,False,13760.0,0.0,0.9999999999999992,10,operational,185,10,0.2439741613734407,0.1219870806868332,0.0813247204578889,0.0609935403434168,0.0487948322747334,0.0406623602289447,0.0348534516248099,0.0304967701717087
0.9663578659199004,0.0336421340800996,0.5308537438945096,0.4691462561054904,360.0,1320.0,False,13760.0,0.0,0.9999999999999992,01,operational,185,1,0.2691370681717152,0.1345685363203972,0.0897123575469316,0.0672842681601988,0.053827414528159,0.044856178773466,0.0384481532343996,0.0336421340800996
0.8255396254647076,0.1744603745352924,0.5335225056725781,0.4664774943274219,360.0,,True,13760.0,1.0,0.8435994411819693,11,operational,185,11,0.3008790845561234,0.2286398216870772,0.204560067397395,0.1925201902525539,0.1852962639656493,0.1804803131077129,0.1770403482091869,0.1744603745352924
0.9805398786297356,0.0194601213702644,0.4741729864189765,0.5258270135810235,360.0,820.0,False,13760.0,0.0,0.9999999999999992,00,operational,215,0,0.1556809709621115,0.077840485481056,0.0518936569873708,0.0389202427405283,0.0311361941924227,0.0259468284936855,0.0222401387088736,0.0194601213702644
0.9786667987497544,0.0213332012502455,0.4984216815271975,0.5015783184728024,360.0,830.0,False,13760.0,0.0,0.9999999999999992,10,operational,215,10,0.1706656100019603,0.0853328050009804,0.0568885366673205,0.0426664025004904,0.0341331220003924,0.0284442683336605,0.024380801428852,0.0213332012502455
0.9803032964544064,0.0196967035455934,0.4741729864189765,0.5258270135810235,360.0,840.0,False,13760.0,0.0,0.9999999999999992,01,operational,215,1,0.1575736283647446,0.0787868141823725,0.0525245427882485,0.0393934070911865,0.0315147256729492,0.0262622713941245,0.0225105183378211,0.0196967035455934
0.9777419200272368,0.022258079972763,0.4984216815271975,0.5015783184728024,360.0,870.0,False,13760.0,0.0,0.9999999999999992,11,operational,215,11,0.1780646397821009,0.0890323198910507,0.0593548799273672,0.0445161599455257,0.0356129279564205,0.0296774399636837,0.0254378056831577,0.022258079972763
0.971799314951008,0.0282006850489919,0.7250512784598635,0.2749487215401365,360.0,1040.0,False,13760.0,0.0,0.9999999999999992,00,operational,245,0,0.2256054803919293,0.1128027401959664,0.0752018267973111,0.0564013700979835,0.0451210960783866,0.0376009133986559,0.032229354341705,0.0282006850489919
0.9699331471036032,0.0300668528963966,0.8088632024741136,0.1911367975258864,360.0,1040.0,False,13760.0,0.0,0.9999999999999992,10,operational,245,10,0.2405348231711666,0.120267411585585,0.0801782743903902,0.0601337057927928,0.0481069646342343,0.0400891371951954,0.0343621175958818,0.0300668528963966
0.9704553854700728,0.0295446145299272,0.7250512784598635,0.2749487215401365,360.0,1100.0,False,13760.0,0.0,0.9999999999999992,01,operational,245,1,0.2363569162393373,0.1181784581197076,0.0787856387464718,0.0590892290598541,0.0472713832478832,0.0393928193732361,0.0337652737484883,0.0295446145299272
0.9692586099846706,0.0307413900153293,0.8088632024741136,0.1911367975258864,360.0,1120.0,False,13760.0,0.0,0.9999999999999992,11,operational,245,11,0.2459311201224486,0.1229655600613162,0.0819770400408776,0.0614827800306583,0.0491862240245266,0.0409885200204391,0.0351330171603764,0.0307413900153293
0.9822532721535824,0.0177467278464176,0.4125480071355399,0.58745199286446,360.0,810.0,False,13760.0,0.0,0.9999999999999992,00,operational,275,0,0.1419738227713366,0.0709869113856686,0.0473246075904458,0.0354934556928345,0.0283947645542677,0.0236623037952231,0.02028197468162,0.0177467278464176
0.9806282582863002,0.0193717417136998,0.4287978990626564,0.5712021009373436,360.0,810.0,False,13760.0,0.0,0.9999999999999992,10,operational,275,10,0.1549739337095944,0.0774869668547976,0.0516579779031983,0.038743483427399,0.0309947867419192,0.0258289889515993,0.0221391333870855,0.0193717417136998
0.9821207134660656,0.0178792865339343,0.4125480071355399,0.58745199286446,360.0,820.0,False,13760.0,0.0,0.9999999999999992,01,operational,275,1,0.1430342922714715,0.071517146135736,0.047678097423824,0.0357585730678682,0.0286068584542945,0.0238390487119121,0.0204334703244964,0.0178792865339343
0.9802677892653184,0.0197322107346816,0.4287978990626564,0.5712021009373436,360.0,840.0,False,13760.0,0.0,0.9999999999999992,11,operational,275,11,0.1578576858774494,0.0789288429387249,0.0526192286258165,0.0394644214693626,0.0315715371754902,0.0263096143129084,0.0225510979824933,0.0197322107346816
0.9713192307033606,0.0286807692966394,0.5502983567530346,0.4497016432469653,360.0,1180.0,False,13760.0,0.0,0.9999999999999992,00,operational,6,0,0.2294461543696102,0.1147230771865565,0.0764820514577045,0.0573615385932784,0.0458892308746227,0.0382410257288526,0.0327780220533022,0.0286807692966394
0.9701673159047568,0.029832684095243,0.5560237818783254,0.4439762181216747,360.0,1180.0,False,13760.0,0.0,0.9999999999999992,10,operational,6,10,0.2386614727580923,0.1193307363809706,0.0795538242539807,0.0596653681904855,0.0477322945523887,0.0397769121269905,0.0340944961088491,0.029832684095243
0.967946002423909,0.0320539975760909,0.5502983567530346,0.4497016432469653,360.0,1300.0,False,13760.0,0.0,0.9999999999999992,01,operational,6,1,0.2564319783116474,0.1282159903043621,0.0854773268695747,0.0641079951521813,0.0512863961217451,0.0427386634347876,0.036633140086961,0.0320539975760909
0.8810991474098514,0.1189008525901486,0.5560237818783254,0.4439762181216747,360.0,,True,13760.0,1.0,0.9061811327489596,11,operational,6,11,0.294474749921144,0.1941468086074731,0.160704161488662,0.1439828379292568,0.1339500437936136,0.1272615143698513,0.1224839933528785,0.1189008525901486
0.9759175372167448,0.0240824627832552,0.4533987938018271,0.5466012061981729,360.0,1010.0,False,13760.0,0.0,0.9999999999999992,00,operational,36,0,0.1926597022660375,0.0963298511330194,0.0642199007553464,0.0481649255665098,0.038531940453208,0.0321099503776733,0.0275228146094345,0.0240824627832552
0.9734572243023304,0.0265427756976696,0.4797190407171671,0.5202809592828329,360.0,1010.0,False,13760.0,0.0,0.9999999999999992,10,operational,36,10,0.2123422055813527,0.1061711027906769,0.0707807351937847,0.0530855513953387,0.042468441116271,0.0353903675968925,0.0303346007973367,0.0265427756976696
0.9757928417485656,0.0242071582514342,0.4533987938018271,0.5466012061981729,360.0,1020.0,False,13760.0,0.0,0.9999999999999992,01,operational,36,1,0.1936572660114697,0.0968286330057355,0.0645524220038238,0.0484143165028679,0.0387314532022944,0.0322762110019121,0.0276653237159248,0.0242071582514342
0.9730752406949588,0.0269247593050412,0.4797190407171671,0.5202809592828329,360.0,1030.0,False,13760.0,0.0,0.9999999999999992,11,operational,36,11,0.215398074440324,0.1076990372201632,0.0717993581467756,0.0538495186100819,0.0430796148880655,0.035899679073388,0.0307711534914756,0.0269247593050412
0.9873919650814316,0.0126080349185685,0.399502643192472,0.600497356807528,360.0,640.0,False,13760.0,0.0,0.9999999999999992,00,operational,66,0,0.1008642793485455,0.050432139674273,0.0336214264495156,0.0252160698371367,0.0201728558697092,0.0168107132247581,0.0144091827640784,0.0126080349185685
0.9860400004315152,0.0139599995684847,0.4222746532146043,0.5777253467853957,360.0,650.0,False,13760.0,0.0,0.9999999999999992,10,operational,66,10,0.1116799965478739,0.0558399982739371,0.0372266655159583,0.0279199991369688,0.022335999309575,0.0186133327579793,0.0159542852211254,0.0139599995684847
0.9872948589009064,0.0127051410990934,0.399502643192472,0.600497356807528,360.0,650.0,False,13760.0,0.0,0.9999999999999992,01,operational,66,1,0.1016411287927446,0.0508205643963725,0.0338803762642485,0.0254102821981865,0.020328225758549,0.0169401881321246,0.0145201612561067,0.0127051410990934
0.985702446580742,0.0142975534192578,0.4222746532146043,0.5777253467853957,360.0,670.0,False,13760.0,0.0,0.9999999999999992,11,operational,66,11,0.11438042735406,0.0571902136770303,0.0381268091180203,0.0285951068385154,0.0228760854708122,0.0190634045590105,0.0163400610505805,0.0142975534192578
0.966572112625774,0.0334278873742259,0.5778928055774117,0.4221071944225882,360.0,1320.0,False,13760.0,0.0,0.9999999999999992,00,operational,96,0,0.2674230937384343,0.1337115494969023,0.0891410329979348,0.0668557747484513,0.0534846197987611,0.0445705164989675,0.0382032998562582,0.0334278873742259
0.9605502479764724,0.0394497520235276,0.6425654942667409,0.357434505733259,360.0,1320.0,False,13760.0,0.0,0.9999999999999992,10,operational,96,10,0.3155980104051969,0.1577990080941089,0.105199338729406,0.0788995040470548,0.0631196032376437,0.0525996693647033,0.0450854308840316,0.0394497520235276
0.9652284890617372,0.0347715109382628,0.5778928055774117,0.4221071944225882,360.0,1380.0,False,13760.0,0.0,0.9999999999999992,01,operational,96,1,0.2781719741744746,0.1390860437530496,0.0927240291687,0.069543021876525,0.05563441750122,0.0463620145843504,0.0397388696437288,0.0347715109382628
0.9585396511849952,0.0414603488150048,0.6425654942667409,0.357434505733259,360.0,1410.0,False,13760.0,0.0,0.9999999999999992,11,operational,96,11,0.3316821060189122,0.1658413952600178,0.1105609301733455,0.082920697630009,0.0663365581040072,0.0552804650866729,0.0473832557885769,0.0414603488150048
0.9672937445432754,0.0327062554567245,0.5278271909665061,0.4721728090334939,360.0,1210.0,False,13760.0,0.0,0.9999999999999992,00,operational,126,0,0.2616500436332746,0.1308250218268962,0.087216681217931,0.0654125109134483,0.0523300087307587,0.0436083406089656,0.0373785776648279,0.0327062554567245
0.9640326124207452,0.0359673875792548,0.5394118016699935,0.4605881983300065,360.0,1210.0,False,13760.0,0.0,0.9999999999999992,10,operational,126,10,0.2877391006117967,0.1438695503170179,0.0959130335446787,0.0719347751585093,0.0575478201268074,0.0479565167723395,0.0411055858048627,0.0359673875792548
0.9643961050114168,0.0356038949885832,0.5278271909665061,0.4721728090334939,360.0,1360.0,False,13760.0,0.0,0.9999999999999992,01,operational,126,1,0.2848311279234112,0.1424155799543315,0.0949437199695544,0.0712077899771661,0.0569662319817328,0.0474718599847775,0.040690165701238,0.0356038949885832
0.876055383816084,0.1239446161839159,0.5394118016699935,0.4605881983300065,360.0,,True,13760.0,1.0,0.9061811327489596,11,operational,126,11,0.3348248577503557,0.214321862982542,0.1741541977387081,0.1540703651167912,0.1420200655436412,0.1339865324948744,0.1282482946028981,0.1239446161839159
0.9579821379200372,0.0420178620799628,0.6376369038261525,0.3623630961738475,360.0,1460.0,False,13760.0,0.0,0.9999999999999992,00,operational,156,0,0.3361358341703817,0.1680714483198501,0.1120476322132335,0.0840357241599253,0.0672285793279402,0.0560238161066171,0.0480204138056717,0.0420178620799628
0.953231683263273,0.0467683167367269,0.71937107245286,0.28062892754714,360.0,1460.0,False,13760.0,0.0,0.9999999999999992,10,operational,156,10,0.3741392374873477,0.1870732669469064,0.1247155112979376,0.0935366334734535,0.0748293067787628,0.062357755648969,0.0534495048419737,0.0467683167367269
0.9543917237244752,0.0456082762755247,0.6376369038261525,0.3623630961738475,360.0,1650.0,False,13760.0,0.0,0.9999999999999992,01,operational,156,1,0.3614648060715748,0.1824331051020974,0.1216220700680652,0.0912165525510488,0.0729732420408391,0.0608110350340329,0.0521237443148854,0.0456082762755247
0.8130610962723281,0.1869389037276718,0.71937107245286,0.28062892754714,360.0,,True,13760.0,1.0,0.8435994411819693,11,operational,156,11,0.4007072915780232,0.278553938456595,0.2378361452437403,0.217477248637313,0.2052619106734565,0.1971183520308854,0.1913015244290492,0.1869389037276718
0.9688613815540972,0.0311386184459029,0.5097246802738447,0.4902753197261554,360.0,1210.0,False,13760.0,0.0,0.9999999999999992,00,operational,186,0,0.2491089475519458,0.1245544737836101,0.0830363158557402,0.0622772368918053,0.0498217895134444,0.0415181579278702,0.0355869925096034,0.0311386184459029
0.9663886626400584,0.0336113373599415,0.51534516783292,0.4846548321670801,360.0,1210.0,False,13760.0,0.0,0.9999999999999992,10,operational,186,10,0.2688906988617994,0.1344453494397647,0.0896302329598432,0.0672226747198826,0.0537781397759061,0.0448151164799218,0.0384129569827904,0.0336113373599415
0.9685310828527768,0.0314689171472232,0.5097246802738447,0.4902753197261554,360.0,1230.0,False,13760.0,0.0,0.9999999999999992,01,operational,186,1,0.2517513371429571,0.1258756685888911,0.0839171123925944,0.0629378342944457,0.0503502674355567,0.0419585561962975,0.0359644767396836,0.0314689171472232
0.9653327716187082,0.0346672283812917,0.51534516783292,0.4846548321670801,360.0,1260.0,False,13760.0,0.0,0.9999999999999992,11,operational,186,11,0.2773378267998899,0.1386689135251654,0.0924459423501105,0.0693344567625829,0.0554675654100665,0.0462229711750554,0.0396196895786191,0.0346672283812917
0.963253964833222,0.0367460351667781,0.5379948283728617,0.4620051716271382,360.0,1410.0,False,13760.0,0.0,0.9999999999999992,00,operational,216,0,0.2939677097518802,0.1469841406671104,0.0979894271114071,0.0734920703335554,0.0587936562668445,0.0489947135557037,0.041995468762032,0.0367460351667781
0.9601098779740076,0.0398901220259922,0.5530129659194094,0.4469870340805906,360.0,1410.0,False,13760.0,0.0,0.9999999999999992,10,operational,216,10,0.3191203459294134,0.1595604881039676,0.1063736587359786,0.0797802440519841,0.0638241952415873,0.0531868293679896,0.0455887108868482,0.0398901220259922
0.9602155719216984,0.0397844280783016,0.5379948283728617,0.4620051716271382,360.0,1540.0,False,13760.0,0.0,0.9999999999999992,01,operational,216,1,0.3178728464458078,0.1591377123132045,0.1060918082088031,0.0795688561566024,0.0636550849252821,0.0530459041044018,0.0454679178037731,0.0397844280783016
0.9574651034220438,0.0425348965779561,0.5530129659194094,0.4469870340805906,360.0,1580.0,False,13760.0,0.0,0.9999999999999992,11,operational,216,11,0.3392095936041654,0.1701395863118232,0.1134263908745488,0.0850697931559119,0.0680558345247295,0.0567131954372747,0.048611310374807,0.0425348965779561
0.9836318491247826,0.0163681508752173,0.415162188863978,0.584837811136022,360.0,810.0,False,13760.0,0.0,0.9999999999999992,00,operational,246,0,0.130945207001735,0.0654726035008677,0.0436484023339119,0.032736301750434,0.0261890414003473,0.0218242011669561,0.0187064581431055,0.0163681508752173
0.9829945413638403,0.0170054586361596,0.4339581751166319,0.5660418248833681,360.0,810.0,False,13760.0,0.0,0.9999999999999992,10,operational,246,10,0.1360436690892734,0.0680218345446369,0.0453478896964248,0.0340109172723186,0.0272087338178551,0.0226739448482126,0.0194348098698966,0.0170054586361596
0.981795186991032,0.0182048130089679,0.415162188863978,0.584837811136022,360.0,900.0,False,13760.0,0.0,0.9999999999999992,01,operational,246,1,0.1456385040717391,0.0728192520358698,0.0485461680239133,0.0364096260179351,0.0291277008143482,0.0242730840119568,0.0208055005816776,0.0182048130089679
0.980451274734068,0.0195487252659321,0.4339581751166319,0.5660418248833681,360.0,930.0,False,13760.0,0.0,0.9999999999999992,11,operational,246,11,0.1563898021274529,0.0781949010637267,0.0521299340424846,0.0390974505318636,0.031277960425491,0.0260649670212425,0.0223414003039224,0.0195487252659321
0.9814053529184332,0.0185946470815668,0.4083029715462727,0.5916970284537273,360.0,940.0,False,13760.0,0.0,0.9999999999999992,00,operational,276,0,0.1487571766525317,0.0743785883262659,0.0495857255508441,0.0371892941631332,0.0297514353305068,0.0247928627754223,0.0212510252360764,0.0185946470815668
0.979106374216248,0.0208936257837519,0.4282422374748088,0.5717577625251912,360.0,940.0,False,13760.0,0.0,0.9999999999999992,10,operational,276,10,0.1671490062700119,0.0835745031350062,0.0557163354233375,0.0417872515675034,0.0334298012540027,0.0278581677116689,0.0238784294671451,0.0208936257837519
0.9797584364851768,0.0202415635148232,0.4083029715462727,0.5916970284537273,360.0,1040.0,False,13760.0,0.0,0.9999999999999992,01,operational,276,1,0.1619325081185795,0.0809662540592913,0.0539775027061941,0.0404831270296459,0.0323865016237167,0.0269887513530973,0.0231332154455122,0.0202415635148232
0.976418904545572,0.0235810954544281,0.4282422374748088,0.5717577625251912,360.0,1080.0,False,13760.0,0.0,0.9999999999999992,11,operational,276,11,0.1886487636353966,0.0943243818177106,0.0628829212118075,0.0471621909088556,0.0377297527270844,0.031441460605904,0.0269498233764892,0.0235810954544281
0.9926487162158124,0.0073512837841877,0.3347184799889622,0.6652815200110378,360.0,450.0,False,13760.0,0.0,0.9999999999999992,00,operational,7,0,0.0588102702734982,0.0294051351367493,0.0196034234244996,0.0147025675683749,0.0117620540546999,0.0098017117122501,0.0084014671819288,0.0073512837841877
0.9920787409871724,0.0079212590128274,0.3480216738089928,0.6519783261910072,360.0,450.0,False,13760.0,0.0,0.9999999999999992,10,operational,7,10,0.0633700721026166,0.0316850360513085,0.0211233573675393,0.0158425180256545,0.0126740144205238,0.0105616786837698,0.0090528674432314,0.0079212590128274
0.99255517549727,0.00744482450273,0.3347184799889622,0.6652815200110378,360.0,450.0,False,13760.0,0.0,0.9999999999999992,01,operational,7,1,0.0595585960218377,0.0297792980109191,0.0198528653406129,0.0148896490054598,0.0119117192043677,0.0099264326703067,0.008508370860263,0.00744482450273
0.9917962199387964,0.0082037800612035,0.3480216738089928,0.6519783261910072,360.0,470.0,False,13760.0,0.0,0.9999999999999992,11,operational,7,11,0.0656302404896248,0.0328151202448127,0.0218767468298752,0.0164075601224066,0.0131260480979253,0.0109383734149378,0.0093757486413755,0.0082037800612035
0.979937713764625,0.0200622862353749,0.4454126594309123,0.5545873405690877,360.0,900.0,False,13760.0,0.0,0.9999999999999992,00,operational,37,0,0.1604982898829956,0.0802491449414979,0.0534994299609987,0.0401245724707491,0.0320996579765995,0.0267497149804996,0.0229283271261427,0.0200622862353749
0.977199436180068,0.0228005638199321,0.4871239650408279,0.5128760349591721,360.0,910.0,False,13760.0,0.0,0.9999999999999992,10,operational,37,10,0.1824045105594532,0.0912022552797269,0.0608015035198179,0.0456011276398636,0.036480902111891,0.0304007517599093,0.0260577872227795,0.0228005638199321
0.9789370193764104,0.0210629806235896,0.4454126594309123,0.5545873405690877,360.0,960.0,False,13760.0,0.0,0.9999999999999992,01,operational,37,1,0.1685038449887137,0.084251922494357,0.0561679483295713,0.0421259612471788,0.0337007689977431,0.0280839741647859,0.024071977855531,0.0210629806235896
0.9759478572283892,0.0240521427716109,0.4871239650408279,0.5128760349591721,360.0,980.0,False,13760.0,0.0,0.9999999999999992,11,operational,37,11,0.1924171421728839,0.0962085710864423,0.0641390473909615,0.0481042855432214,0.038483428434577,0.0320695236954811,0.0274881631675554,0.0240521427716109
0.97393601029176,0.0260639897082398,0.4460829839928033,0.5539170160071967,360.0,1200.0,False,13760.0,0.0,0.9999999999999992,00,operational,67,0,0.2085119176561319,0.1042559588329576,0.0695039725553052,0.0521279794164791,0.0417023835331833,0.0347519862776527,0.0297874168094169,0.0260639897082398
0.967233676126964,0.0327663238730359,0.5275727151520615,0.4724272848479384,360.0,1200.0,False,13760.0,0.0,0.9999999999999992,10,operational,67,10,0.2621305909698713,0.131065295492142,0.0873768636614282,0.0655326477460712,0.0524261181968571,0.0436884318307143,0.0374472272834696,0.0327663238730359
0.9711093173700232,0.0288906826299768,0.4460829839928033,0.5539170160071967,360.0,1310.0,False,13760.0,0.0,0.9999999999999992,01,operational,67,1,0.2311254575888657,0.115562730519906,0.077041820346604,0.0577813652599532,0.0462250922079626,0.0385209101733021,0.0330179230056878,0.0288906826299768
0.965946486795338,0.0340535132046618,0.5275727151520615,0.4724272848479384,360.0,1370.0,False,13760.0,0.0,0.9999999999999992,11,operational,67,11,0.272428038726466,0.136214052818646,0.0908093685457642,0.0681070264093232,0.0544856211274588,0.0454046842728823,0.0389183008053278,0.0340535132046618
0.9897268036382204,0.0102731963617797,0.5210134246829305,0.4789865753170694,360.0,490.0,False,13760.0,0.0,0.9999999999999992,00,operational,97,0,0.0821855708942334,0.0410927854471169,0.0273951902980781,0.0205463927235587,0.016437114178847,0.0136975951490392,0.0117407958420339,0.0102731963617797
0.9856369034621082,0.0143630965378918,0.7738023208962524,0.2261976791037475,360.0,490.0,False,13760.0,0.0,0.9999999999999992,10,operational,97,10,0.1149047723031311,0.0574523861515657,0.0383015907677105,0.0287261930757831,0.0229809544606265,0.0191507953838555,0.0164149674718764,0.0143630965378918
0.9897211359242049,0.0102788640757952,0.5210134246829305,0.4789865753170694,360.0,490.0,False,13760.0,0.0,0.9999999999999992,01,operational,97,1,0.0822309126063579,0.0411154563031792,0.0274103042021195,0.0205577281515899,0.0164461825212719,0.0137051521010601,0.0117472732294802,0.0102788640757952
0.9855825645172448,0.014417435482755,0.7738023208962524,0.2261976791037475,360.0,500.0,False,13760.0,0.0,0.9999999999999992,11,operational,97,11,0.1153394838620373,0.0576697419310189,0.0384464946206793,0.0288348709655097,0.0230678967724078,0.0192232473103399,0.0164770691231487,0.014417435482755
0.9834286882016902,0.0165713117983098,0.4211882032617817,0.5788117967382183,360.0,800.0,False,13760.0,0.0,0.9999999999999992,00,operational,127,0,0.1325704943864754,0.0662852471932379,0.044190164795492,0.0331426235966191,0.0265140988772955,0.0220950823977462,0.0189386420552112,0.0165713117983098
0.9822709416753024,0.0177290583246975,0.4380678514127677,0.5619321485872323,360.0,800.0,False,13760.0,0.0,0.9999999999999992,10,operational,127,10,0.1418324665975771,0.0709162332987888,0.0472774888658594,0.0354581166493945,0.0283664933195156,0.0236387444329299,0.0202617809425115,0.0177290583246975
0.9822260568758732,0.0177739431241267,0.4211882032617817,0.5788117967382183,360.0,860.0,False,13760.0,0.0,0.9999999999999992,01,operational,127,1,0.1421915449930101,0.0710957724965053,0.0473971816643369,0.0355478862482528,0.0284383089986022,0.0236985908321687,0.0203130778561447,0.0177739431241267
0.9811881760330377,0.0188118239669623,0.4380678514127677,0.5619321485872323,360.0,870.0,False,13760.0,0.0,0.9999999999999992,11,operational,127,11,0.1504945917356949,0.0752472958678476,0.0501648639118984,0.037623647933924,0.0300989183471392,0.0250824319559493,0.021499227390814,0.0188118239669623
0.9868536903414624,0.0131463096585375,0.3644787052576018,0.6355212947423982,360.0,680.0,False,13760.0,0.0,0.9999999999999992,00,operational,157,0,0.1051704772682964,0.0525852386341484,0.0350568257560991,0.0262926193170744,0.0210340954536597,0.0175284128780497,0.0150243538954715,0.0131463096585375
0.9852140862631008,0.014785913736899,0.4103590859235356,0.5896409140764644,360.0,680.0,False,13760.0,0.0,0.9999999999999992,10,operational,157,10,0.1182873098951895,0.0591436549475949,0.0394291032983968,0.0295718274737978,0.023657461979038,0.0197145516491987,0.0168981871278847,0.014785913736899
0.986428094261464,0.0135719057385359,0.3644787052576018,0.6355212947423982,360.0,710.0,False,13760.0,0.0,0.9999999999999992,01,operational,157,1,0.1085752459082842,0.0542876229541423,0.0361917486360949,0.0271438114770714,0.0217150491816571,0.0180958743180478,0.0155107494154697,0.0135719057385359
0.8960902795930007,0.1039097204069993,0.4103590859235356,0.5896409140764644,360.0,,True,13760.0,1.0,0.9061811327489596,11,operational,157,11,0.1745456924987101,0.1341822798748752,0.1207278090002637,0.1140005735629579,0.1099642323005745,0.1072733381256521,0.1053512708578504,0.1039097204069993
0.9684533341699002,0.0315466658300997,0.4929768122451864,0.5070231877548136,360.0,1220.0,False,13760.0,0.0,0.9999999999999992,00,operational,187,0,0.252373326608169,0.1261866633203977,0.0841244422135985,0.0630933316601991,0.0504746653281592,0.0420622211067994,0.0360533323772569,0.0315466658300997
0.9663431500381964,0.0336568499618036,0.4978398502047324,0.5021601497952676,360.0,1230.0,False,13760.0,0.0,0.9999999999999992,10,operational,187,10,0.2692547996519532,0.1346273998472129,0.0897515998981423,0.0673136999236067,0.0538509599388855,0.0448757999490713,0.0384649713849184,0.0336568499618036
0.9681495276319564,0.0318504723680437,0.4929768122451864,0.5070231877548136,360.0,1240.0,False,13760.0,0.0,0.9999999999999992,01,operational,187,1,0.2548037788744817,0.1274018894721734,0.0849345929814489,0.063700944736087,0.0509607557888696,0.0424672964907246,0.0364005398491928,0.0318504723680437
0.9654911864494292,0.0345088135505707,0.4978398502047324,0.5021601497952676,360.0,1270.0,False,13760.0,0.0,0.9999999999999992,11,operational,187,11,0.2760705078848412,0.1380352542022813,0.092023502801521,0.0690176271011409,0.0552141016809129,0.0460117514007607,0.0394386440577951,0.0345088135505707
0.9817842592026635,0.0182157407973364,0.4628327370739435,0.5371672629260564,360.0,830.0,False,13760.0,0.0,0.9999999999999992,00,operational,217,0,0.1457259263786884,0.0728629631893443,0.0485753087928965,0.0364314815946724,0.0291451852757379,0.0242876543964485,0.0208179894826703,0.0182157407973364
0.9799564892785552,0.0200435107214448,0.4768416025129002,0.5231583974870998,360.0,840.0,False,13760.0,0.0,0.9999999999999992,10,operational,217,10,0.1603480857715551,0.0801740428857779,0.0534493619238519,0.0400870214428892,0.0320696171543114,0.0267246809619263,0.022906869395937,0.0200435107214448
0.9805731679226296,0.0194268320773703,0.4628327370739435,0.5371672629260564,360.0,900.0,False,13760.0,0.0,0.9999999999999992,01,operational,217,1,0.1554146566189597,0.0777073283094801,0.0518048855396534,0.0388536641547403,0.0310829313237922,0.0259024427698268,0.0222020938027091,0.0194268320773703
0.9782038388662744,0.0217961611337255,0.4768416025129002,0.5231583974870998,360.0,930.0,False,13760.0,0.0,0.9999999999999992,11,operational,217,11,0.1743692890698002,0.0871846445349003,0.0581230963566004,0.0435923222674504,0.0348738578139602,0.0290615481783004,0.0249098984385433,0.0217961611337255
0.958218118865796,0.0417818811342038,0.8813724106517433,0.1186275893482566,360.0,1340.0,False,13760.0,0.0,0.9999999999999992,00,operational,247,0,0.3342550359558568,0.167127524536814,0.1114183496912094,0.0835637622684072,0.0668510098147259,0.055709174845605,0.047750721296233,0.0417818811342038
0.954120647449964,0.045879352550036,0.947560904531147,0.0524390954688529,360.0,1340.0,False,13760.0,0.0,0.9999999999999992,10,operational,247,10,0.3670348057865173,0.1835174102001424,0.1223449401334284,0.0917587051000715,0.0734069640800573,0.0611724700667144,0.0524335457714697,0.045879352550036
0.9515138578483152,0.0484861421516847,0.8813724106517433,0.1186275893482566,360.0,1580.0,False,13760.0,0.0,0.9999999999999992,01,operational,247,1,0.3868288605462651,0.1939445686067377,0.1292963790711586,0.0969722843033691,0.0775778274426953,0.0646481895355797,0.0554127338876396,0.0484861421516847
0.0983349947764457,0.9016650052235542,0.947560904531147,0.0524390954688529,360.0,,True,13760.0,1.0,0.0895127149439303,11,operational,247,11,0.8399090463959463,0.875198165726008,0.8869612055026952,0.8928427253910388,0.896371637324045,0.8987242452793824,0.9004046795331949,0.9016650052235542
0.9866843645837272,0.0133156354162728,0.4003476873120914,0.5996523126879085,360.0,630.0,False,13760.0,0.0,0.9999999999999992,00,operational,277,0,0.1065250833301802,0.0532625416650903,0.0355083611100603,0.0266312708325454,0.0213050166660362,0.0177541805550305,0.015217869047169,0.0133156354162728
0.9862154559917912,0.0137845440082087,0.4104413926871627,0.5895586073128373,360.0,630.0,False,13760.0,0.0,0.9999999999999992,10,operational,277,10,0.110276352065666,0.0551381760328332,0.0367587840218889,0.0275690880164168,0.0220552704131334,0.0183793920109447,0.0157537645808099,0.0137845440082087
0.9866017772429302,0.0133982227570698,0.4003476873120914,0.5996523126879085,360.0,640.0,False,13760.0,0.0,0.9999999999999992,01,operational,277,1,0.1071857820565551,0.0535928910282778,0.0357285940188519,0.0267964455141391,0.0214371564113112,0.0178642970094262,0.0153122545795083,0.0133982227570698
0.9859864097582478,0.0140135902417521,0.4104413926871627,0.5895586073128373,360.0,650.0,False,13760.0,0.0,0.9999999999999992,11,operational,277,11,0.1121087219340141,0.0560543609670073,0.0373695739780051,0.0280271804835039,0.0224217443868031,0.0186847869890027,0.0160155317048596,0.0140135902417521
0.9895225517220616,0.0104774482779383,0.3155067966282664,0.6844932033717336,360.0,600.0,False,13760.0,0.0,0.9999999999999992,00,operational,8,0,0.0838195862235038,0.0419097931117521,0.0279398620745016,0.0209548965558763,0.0167639172447009,0.0139699310372511,0.0119742266033581,0.0104774482779383
0.9886728474007248,0.0113271525992753,0.3404276748479073,0.6595723251520926,360.0,600.0,False,13760.0,0.0,0.9999999999999992,10,operational,8,10,0.0906172207941978,0.0453086103970992,0.0302057402647329,0.0226543051985498,0.01812344415884,0.0151028701323666,0.0129453172563145,0.0113271525992753
0.9889876623385068,0.0110123376614931,0.3155067966282664,0.6844932033717336,360.0,640.0,False,13760.0,0.0,0.9999999999999992,01,operational,8,1,0.0880987012919416,0.044049350645971,0.0293662337639807,0.0220246753229858,0.0176197402583886,0.0146831168819906,0.0125855287559921,0.0110123376614931
0.8994720892154549,0.1005279107845451,0.3404276748479073,0.6595723251520926,360.0,,True,13760.0,1.0,0.9061811327489596,11,operational,8,11,0.1474912155190767,0.1206550413850587,0.1117096500070524,0.1072369543180495,0.1045533369046478,0.1027642586290464,0.1014863455750456,0.1005279107845451
0.9500677071750128,0.0499322928249873,0.7354347185175142,0.2645652814824858,360.0,1580.0,False,13760.0,0.0,0.9999999999999992,00,operational,38,0,0.3982807735170754,0.199729171299948,0.1331527808666321,0.0998645856499742,0.0798916685199795,0.0665763904333164,0.0570654775142712,0.0499322928249873
0.9438072578149896,0.0561927421850104,0.7983952840851092,0.2016047159148907,360.0,1580.0,False,13760.0,0.0,0.9999999999999992,10,operational,38,10,0.4481662819576716,0.2247709687400402,0.1498473124933602,0.1123854843700203,0.0899083874960162,0.0749236562466802,0.0642202767828691,0.0561927421850104
0.944148200986137,0.0558517990138629,0.7354347185175142,0.2645652814824858,360.0,1870.0,False,13760.0,0.0,0.9999999999999992,01,operational,38,1,0.426043219811431,0.2234071960554503,0.1489381307036338,0.1117035980277253,0.0893628784221803,0.074469065351817,0.0638306274444148,0.0558517990138629
0.805195918972697,0.1948040810273029,0.7983952840851092,0.2016047159148907,360.0,,True,13760.0,1.0,0.8435994411819693,11,operational,38,11,0.4609902174714734,0.3100146476551194,0.2588099513760898,0.233207603236575,0.2178461943528662,0.2076052550970604,0.2002902984857704,0.1948040810273029
0.9437353768972668,0.056264623102733,0.8960744189294977,0.1039255810705022,360.0,1570.0,False,13760.0,0.0,0.9999999999999992,00,operational,68,0,0.4491494454002128,0.2250584924109305,0.1500389949406205,0.1125292462054655,0.0900233969643724,0.0750194974703105,0.0643024264031234,0.056264623102733
0.9388571641214288,0.0611428358785712,0.9582960438430992,0.0417039561569009,360.0,1570.0,False,13760.0,0.0,0.9999999999999992,10,operational,68,10,0.4880470317786726,0.2445713435142834,0.1630475623428556,0.122285671757142,0.0978285374057136,0.0815237811714282,0.069877526718367,0.0611428358785712
0.922913410965338,0.077086589034662,0.8960744189294977,0.1039255810705022,360.0,1880.0,False,13760.0,0.0,0.9999999999999992,01,operational,68,1,0.5932585724250914,0.3083463561386466,0.2055642374257644,0.1541731780693236,0.1233385424554589,0.1027821187128824,0.0880989588967566,0.077086589034662
0.0925858473435154,0.9074141526564846,0.9582960438430992,0.0417039561569009,360.0,,True,13760.0,1.0,0.0895127149439303,11,operational,68,11,0.8859022255656221,0.8981947554577293,0.9022922653238428,0.9043410202568994,0.9055702732167334,0.9063897751899562,0.906975133742258,0.9074141526564846
0.921915400352879,0.078084599647121,0.8633657544703999,0.1366342455296001,360.0,2070.0,False,13760.0,0.0,0.9999999999999992,00,operational,98,0,0.5792779626516278,0.3123383985884825,0.2082255990589886,0.1561691992942414,0.1249353594353931,0.1041127995294944,0.0892395424538525,0.078084599647121
0.9150046204421982,0.0849953795578017,0.9271410389494764,0.0728589610505236,360.0,2070.0,False,13760.0,0.0,0.9999999999999992,10,operational,98,10,0.626896076501724,0.3399815182312053,0.2266543454874704,0.169990759115603,0.1359926072924824,0.1133271727437355,0.0971375766374876,0.0849953795578017
0.9177386010246444,0.0822613989753556,0.8633657544703999,0.1366342455296001,360.0,2260.0,False,13760.0,0.0,0.9999999999999992,01,operational,98,1,0.5823718389710962,0.3290455959014212,0.2193637306009476,0.1645227979507108,0.1316182383605687,0.109681865300474,0.0940130274004065,0.0822613989753556
0.7815299570927332,0.2184700429072668,0.9271410389494764,0.0728589610505236,360.0,,True,13760.0,1.0,0.844098030379033,11,operational,98,11,0.6265689104421213,0.406174262766165,0.3227501650510991,0.2810381161935662,0.2560108868790464,0.2393260673360331,0.2274083390910236,0.2184700429072668
0.9704243614985676,0.0295756385014325,0.4943217539179453,0.5056782460820547,360.0,1250.0,False,13760.0,0.0,0.9999999999999992,00,operational,128,0,0.2366051078545944,0.1183025540057286,0.0788683693371525,0.0591512770028646,0.0473210216022917,0.0394341846685766,0.0338007297159228,0.0295756385014325
0.9673533969751448,0.0326466030248553,0.5177528278646113,0.4822471721353886,360.0,1250.0,False,13760.0,0.0,0.9999999999999992,10,operational,128,10,0.2611728240370222,0.1305864120994199,0.0870576080662801,0.0652932060497101,0.0522345648397682,0.0435288040331403,0.0373104034569775,0.0326466030248553
0.9648721597196128,0.035127840280387,0.4943217539179453,0.5056782460820547,360.0,1490.0,False,13760.0,0.0,0.9999999999999992,01,operational,128,1,0.2809895892723091,0.1405113611215469,0.0936742407476981,0.0702556805607736,0.0562045444486188,0.0468371203738494,0.0401461031775851,0.035127840280387
0.8229587613452877,0.1770412386547123,0.5177528278646113,0.4822471721353886,360.0,,True,13760.0,1.0,0.8435994411819693,11,operational,128,11,0.3215259974986795,0.2389632781647572,0.2114423717158483,0.1976819184913939,0.1894256465567213,0.1839214652669396,0.1799899072028098,0.1770412386547123
0.9816546832580796,0.0183453167419203,0.6356376451549239,0.364362354845076,360.0,780.0,False,13760.0,0.0,0.9999999999999992,00,operational,158,0,0.1467625339353592,0.0733812669676797,0.04892084464512,0.0366906334838401,0.0293525067870721,0.0244604223225602,0.0209660762764803,0.0183453167419203
0.9788982164003266,0.0211017835996734,0.7892940186294519,0.2107059813705481,360.0,780.0,False,13760.0,0.0,0.9999999999999992,10,operational,158,10,0.1688142687973837,0.084407134398692,0.0562714229324614,0.0422035671993463,0.033762853759477,0.028135711466231,0.0241163241139124,0.0211017835996734
0.9812629656129004,0.0187370343870997,0.6356376451549239,0.364362354845076,360.0,810.0,False,13760.0,0.0,0.9999999999999992,01,operational,158,1,0.1498962750967933,0.0749481375483969,0.0499654250322647,0.0374740687741986,0.029979255019359,0.0249827125161326,0.0214137535852567,0.0187370343870997
0.934494851407486,0.0655051485925141,0.7892940186294519,0.2107059813705481,360.0,,True,13760.0,1.0,0.9525874527262772,11,operational,158,11,0.1921533578240534,0.1197829525488881,0.0956594841238329,0.0835977499113056,0.076360709383789,0.0715360156987781,0.0680898059237702,0.0655051485925141
0.9287391547423904,0.0712608452576095,0.7947288078469834,0.2052711921530166,360.0,2030.0,False,13760.0,0.0,0.9999999999999992,00,operational,188,0,0.5290839527485074,0.2850433810304368,0.1900289206869579,0.1425216905152186,0.1140173524121749,0.0950144603434791,0.0814409660086966,0.0712608452576095
0.9228987600374052,0.0771012399625947,0.8545974594345151,0.1454025405654849,360.0,2030.0,False,13760.0,0.0,0.9999999999999992,10,operational,188,10,0.5694650830093619,0.3084049598503773,0.2056033065669184,0.1542024799251888,0.1233619839401511,0.1028016532834593,0.088115702814394,0.0771012399625947
0.9234283247292012,0.0765716752707988,0.7947288078469834,0.2052711921530166,360.0,2320.0,False,13760.0,0.0,0.9999999999999992,01,operational,188,1,0.5212345425576337,0.3062867010831941,0.2041911340554629,0.1531433505415973,0.1225146804332778,0.1020955670277317,0.0875104860237702,0.0765716752707988
0.8683830430299261,0.1316169569700739,0.8545974594345151,0.1454025405654849,360.0,,True,13760.0,1.0,0.936063319106308,11,operational,188,11,0.5451451425867077,0.3346577851992187,0.2444174170973764,0.1992972330464555,0.1722251226159029,0.1541770489955344,0.1412855678381283,0.1316169569700739
0.964660332406205,0.035339667593795,0.7394070483517986,0.2605929516482014,360.0,1270.0,False,13760.0,0.0,0.9999999999999992,00,operational,218,0,0.2827173404157381,0.1413586703751782,0.0942391135834522,0.0706793351875895,0.0565434681500716,0.0471195567917263,0.0403881915357656,0.035339667593795
0.959335442374218,0.040664557625782,0.8384795076761081,0.1615204923238918,360.0,1270.0,False,13760.0,0.0,0.9999999999999992,10,operational,218,10,0.3253164606338816,0.1626582305031263,0.1084388203354177,0.0813291152515633,0.0650632922012508,0.054219410167709,0.0464737801437509,0.040664557625782
0.9645441821686588,0.0354558178313413,0.7394070483517986,0.2605929516482014,360.0,1280.0,False,13760.0,0.0,0.9999999999999992,01,operational,218,1,0.2836465420910026,0.1418232713253635,0.0945488475502425,0.070911635662682,0.0567293085301456,0.0472744237751214,0.0405209346643901,0.0354558178313413
0.9588468103879052,0.0411531896120949,0.8384795076761081,0.1615204923238918,360.0,1300.0,False,13760.0,0.0,0.9999999999999992,11,operational,218,11,0.3292255147220877,0.164612758448378,0.1097418389655855,0.0823063792241892,0.0658451033793514,0.0548709194827931,0.047032216699537,0.0411531896120949
0.9645388548281224,0.0354611451718777,0.5583571559376936,0.4416428440623063,360.0,1370.0,False,13760.0,0.0,0.9999999999999992,00,operational,248,0,0.283689088683085,0.1418445806875089,0.0945630537916728,0.0709222903437547,0.0567378322750038,0.0472815268958365,0.0405270230535744,0.0354611451718777
0.9592261789773948,0.0407738210226052,0.6040597930146323,0.3959402069853676,360.0,1370.0,False,13760.0,0.0,0.9999999999999992,10,operational,248,10,0.3261904946470929,0.1630952840904195,0.1087301893936131,0.08154764204521,0.065238113636168,0.0543650946968068,0.0465986525972631,0.0407738210226052
0.9610706431669326,0.0389293568330674,0.5583571559376936,0.4416428440623063,360.0,1530.0,False,13760.0,0.0,0.9999999999999992,01,operational,248,1,0.3112155351565641,0.1557174273322681,0.103811618221512,0.0778587136661342,0.0622869709329074,0.0519058091107563,0.0444906935235056,0.0389293568330674
0.8707289958030919,0.129271004196908,0.6040597930146323,0.3959402069853676,360.0,,True,13760.0,1.0,0.9061811327489596,11,operational,248,11,0.3774169269590529,0.2356274150345106,0.1883578991066873,0.1647231411427756,0.1505422863644286,0.1410883831788639,0.134335595189175,0.129271004196908
0.9839679938220176,0.0160320061779825,0.422692706067034,0.577307293932966,360.0,760.0,False,13760.0,0.0,0.9999999999999992,00,operational,278,0,0.1282560494238566,0.0641280247119285,0.0427520164746193,0.0320640123559644,0.0256512098847715,0.0213760082373097,0.0183222927748371,0.0160320061779825
0.982280669636462,0.017719330363538,0.4450781544493219,0.554921845550678,360.0,760.0,False,13760.0,0.0,0.9999999999999992,10,operational,278,10,0.1417546429083007,0.0708773214541507,0.0472515476361004,0.0354386607270755,0.0283509285816604,0.0236257738180505,0.0202506632726149,0.017719330363538
0.9837582644856242,0.0162417355143758,0.422692706067034,0.577307293932966,360.0,780.0,False,13760.0,0.0,0.9999999999999992,01,operational,278,1,0.1299338841150025,0.0649669420575015,0.043311294705001,0.032483471028751,0.0259867768230007,0.0216556473525006,0.0185619834450009,0.0162417355143758
0.981756052266616,0.0182439477333841,0.4450781544493219,0.554921845550678,360.0,800.0,False,13760.0,0.0,0.9999999999999992,11,operational,278,11,0.145951581867069,0.0729757909335347,0.0486505272890233,0.0364878954667676,0.0291903163734141,0.0243252636445118,0.0208502259810103,0.0182439477333841
0.975033134668658,0.024966865331342,0.4960847562086058,0.5039152437913942,360.0,1000.0,False,13760.0,0.0,0.9999999999999992,00,operational,9,0,0.199734922650733,0.0998674613253668,0.0665783075502447,0.0499337306626836,0.039946984530147,0.0332891537751226,0.0285335603786767,0.024966865331342
0.9731139752178416,0.0268860247821584,0.5055465703164488,0.4944534296835512,360.0,1000.0,False,13760.0,0.0,0.9999999999999992,10,operational,9,10,0.2150881982572627,0.1075440991286318,0.0716960660857547,0.0537720495643161,0.043017639651453,0.0358480330428775,0.0307268854653238,0.0268860247821584
0.9739097837991048,0.0260902162008951,0.4960847562086058,0.5039152437913942,360.0,1060.0,False,13760.0,0.0,0.9999999999999992,01,operational,9,1,0.2087217296071498,0.1043608648035787,0.0695739098690527,0.0521804324017897,0.0417443459214318,0.0347869549345265,0.0298173899438801,0.0260902162008951
0.8858030472190335,0.1141969527809665,0.5055465703164488,0.4944534296835512,360.0,,True,13760.0,1.0,0.9061811327489596,11,operational,9,11,0.2568435514904491,0.1753312093707447,0.1481604286641765,0.1345750383108926,0.1264238040989223,0.1209896479576085,0.1171081078566703,0.1141969527809665
0.95693154685111,0.0430684531488898,0.9054645591105608,0.094535440889439,360.0,1350.0,False,13760.0,0.0,0.9999999999999992,00,operational,39,0,0.3445475944563697,0.1722738125955576,0.1148492083970386,0.086136906297779,0.0689095250382233,0.0574246041985194,0.0492210893130169,0.0430684531488898
0.9527761686821024,0.0472238313178976,0.974274402327195,0.025725597672805,360.0,1360.0,False,13760.0,0.0,0.9999999999999992,10,operational,39,10,0.3777906148714827,0.1888953252715889,0.1259302168477261,0.0944476626357947,0.0755581301086358,0.0629651084238632,0.05397009293474,0.0472238313178976
0.9567292476782008,0.0432707523217993,0.9054645591105608,0.094535440889439,360.0,1370.0,False,13760.0,0.0,0.9999999999999992,01,operational,39,1,0.3461659639004963,0.1730830092871955,0.1153886728581304,0.086541504643598,0.0692332037148784,0.0576943364290654,0.0494522883677707,0.0432707523217993
0.9522141939439932,0.0477858060560069,0.974274402327195,0.025725597672805,360.0,1390.0,False,13760.0,0.0,0.9999999999999992,11,operational,39,11,0.3822863009385744,0.1911432242240262,0.1274288161493509,0.0955716121120133,0.0764572896896107,0.0637144080746757,0.0546123497782936,0.0477858060560069
0.957900895300232,0.042099104699768,0.7091144988418894,0.2908855011581107,360.0,1440.0,False,13760.0,0.0,0.9999999999999992,00,operational,69,0,0.3367899708886065,0.1683964187990708,0.1122642791993807,0.0841982093995357,0.0673585675196285,0.0561321395996906,0.0481132625140207,0.042099104699768
0.95359495798453,0.04640504201547,0.7532664375939079,0.2467335624060921,360.0,1450.0,False,13760.0,0.0,0.9999999999999992,10,operational,69,10,0.3712369910896115,0.1856201680618786,0.1237467787079192,0.0928100840309396,0.0742480672247516,0.0618733893539599,0.0530343337319657,0.04640504201547
0.9487246032503968,0.0512753967496032,0.7091144988418894,0.2908855011581107,360.0,1780.0,False,13760.0,0.0,0.9999999999999992,01,operational,69,1,0.3970195317868895,0.2051015869984112,0.1367343913322741,0.1025507934992058,0.0820406347993647,0.0683671956661374,0.0586004534281179,0.0512753967496032
0.7995628100384843,0.2004371899615157,0.7532664375939079,0.2467335624060921,360.0,,True,13760.0,1.0,0.8435994411819693,11,operational,69,11,0.5067844238287031,0.3325470833919703,0.2738315752006572,0.2444738211050006,0.2268591686476065,0.2151160670093439,0.2067281372677279,0.2004371899615157
0.9744629907449076,0.0255370092550923,0.5181080047447537,0.4818919952552463,360.0,1050.0,False,13760.0,0.0,0.9999999999999992,00,operational,99,0,0.2042960740407309,0.1021480370203683,0.0680986913469123,0.0510740185101844,0.0408592148081476,0.0340493456734565,0.0291851534343913,0.0255370092550923
0.9729261677924528,0.0270738322075471,0.5203654773529196,0.4796345226470804,360.0,1050.0,False,13760.0,0.0,0.9999999999999992,10,operational,99,10,0.2165906576603679,0.1082953288301868,0.0721968858867913,0.0541476644150936,0.0433181315320749,0.036098442943396,0.030941522522911,0.0270738322075471
0.971692008138726,0.0283079918612738,0.5181080047447537,0.4818919952552463,360.0,1190.0,False,13760.0,0.0,0.9999999999999992,01,operational,99,1,0.2264639348832898,0.1132319674450939,0.0754879782967296,0.0566159837225472,0.0452927869780379,0.0377439891483649,0.0323519906985987,0.0283079918612738
0.9697839163676928,0.0302160836323073,0.5203654773529196,0.4796345226470804,360.0,1200.0,False,13760.0,0.0,0.9999999999999992,11,operational,99,11,0.2417286690462866,0.120864334529228,0.0805762230194855,0.0604321672646143,0.0483457338116913,0.040288111509743,0.0345326670083512,0.0302160836323073
0.9600668350959094,0.0399331649040906,0.7342616333833365,0.2657383666166635,360.0,1340.0,False,13760.0,0.0,0.9999999999999992,00,operational,129,0,0.319465304140643,0.1597326596163608,0.1064884397442407,0.0798663298081807,0.0638930638465445,0.0532442198721206,0.0456379027475322,0.0399331649040906
0.9573776864259256,0.0426223135740743,0.776206034067198,0.223793965932802,360.0,1340.0,False,13760.0,0.0,0.9999999999999992,10,operational,129,10,0.3409784931925673,0.1704892542962958,0.1136595028641972,0.0852446271481481,0.0681957017185185,0.0568297514320988,0.0487112155132277,0.0426223135740743
0.957944577289814,0.0420554227101861,0.7342616333833365,0.2657383666166635,360.0,1430.0,False,13760.0,0.0,0.9999999999999992,01,operational,129,1,0.3364415259681708,0.1682216908407429,0.1121477938938287,0.0841108454203717,0.0672886763362975,0.0560738969469145,0.0480633402402127,0.0420554227101861
0.871010874082786,0.128989125917214,0.776206034067198,0.223793965932802,360.0,,True,13760.0,1.0,0.9061811327489596,11,operational,129,11,0.3751809103888313,0.2344999019157343,0.1876062236941695,0.1641593845833874,0.150091281116918,0.140712545472605,0.1340134485838101,0.128989125917214
0.981457658909816,0.0185423410901839,0.4287988405424828,0.5712011594575171,360.0,910.0,False,13760.0,0.0,0.9999999999999992,00,operational,159,0,0.1483387287214687,0.0741693643607346,0.0494462429071566,0.0370846821803675,0.0296677457442939,0.0247231214535786,0.0211912469602102,0.0185423410901839
0.9788473501587378,0.0211526498412621,0.4829021354035786,0.5170978645964214,360.0,910.0,False,13760.0,0.0,0.9999999999999992,10,operational,159,10,0.1692211987300942,0.0846105993650474,0.056407066243365,0.0423052996825239,0.0338442397460191,0.0282035331216826,0.0241744569614426,0.0211526498412621
0.98041351848736,0.0195864815126399,0.4287988405424828,0.5712011594575171,360.0,960.0,False,13760.0,0.0,0.9999999999999992,01,operational,159,1,0.1566918521011162,0.0783459260505583,0.052230617367039,0.0391729630252793,0.0313383704202236,0.0261153086835197,0.0223845503001599,0.0195864815126399
0.9772515584381608,0.0227484415618393,0.4829021354035786,0.5170978645964214,360.0,1030.0,False,13760.0,0.0,0.9999999999999992,11,operational,159,11,0.1819875324947085,0.0909937662473556,0.0606625108315705,0.045496883123678,0.0363975064989424,0.0303312554157855,0.0259982189278163,0.0227484415618393
0.9535976047650871,0.0464023952349128,0.7137999894520997,0.2862000105479003,360.0,1490.0,False,13760.0,0.0,0.9999999999999992,00,operational,189,0,0.3711890692511418,0.1856095809396496,0.1237397206264332,0.092804790469825,0.07424383237586,0.0618698603132169,0.0530313088399003,0.0464023952349128
0.9482438354081388,0.0517561645918612,0.7913972337573093,0.2086027662426907,360.0,1490.0,False,13760.0,0.0,0.9999999999999992,10,operational,189,10,0.4140190471638827,0.2070246583674436,0.1380164389116293,0.1035123291837221,0.0828098633469777,0.0690082194558149,0.0591499023906986,0.0517561645918612
0.9497843665129098,0.0502156334870902,0.7137999894520997,0.2862000105479003,360.0,1640.0,False,13760.0,0.0,0.9999999999999992,01,operational,189,1,0.3980116101416001,0.2008625339483591,0.1339083559655728,0.1004312669741799,0.0803450135793438,0.0669541779827868,0.0573892954138172,0.0502156334870902
0.806246350043307,0.1937536499566929,0.7913972337573093,0.2086027662426907,360.0,,True,13760.0,1.0,0.8435994411819693,11,operational,189,11,0.4551962292376629,0.3058129233726797,0.2560088018544635,0.2311067410953553,0.2161655046398903,0.206204680336247,0.1990898058336448,0.1937536499566929
0.9747907843589764,0.0252092156410236,0.5601263223901141,0.439873677609886,360.0,1110.0,False,13760.0,0.0,0.9999999999999992,00,operational,219,0,0.201673725128042,0.1008368625640931,0.0672245750427289,0.0504184312820468,0.0403347450256375,0.0336122875213646,0.0288105321611699,0.0252092156410236
0.9711100521441156,0.0288899478558845,0.6483154661256856,0.3516845338743145,360.0,1110.0,False,13760.0,0.0,0.9999999999999992,10,operational,219,10,0.2311195828469229,0.1155597914235364,0.0770398609490243,0.0577798957117684,0.0462239165694149,0.0385199304745124,0.0330170832638679,0.0288899478558845
0.9725900197816808,0.027409980218319,0.5601263223901141,0.439873677609886,360.0,1210.0,False,13760.0,0.0,0.9999999999999992,01,operational,219,1,0.2192798417280328,0.1096399208732745,0.0730932805821832,0.0548199604366376,0.0438559683493101,0.0365466402910917,0.0313256916780789,0.027409980218319
0.968164098476306,0.031835901523694,0.6483154661256856,0.3516845338743145,360.0,1240.0,False,13760.0,0.0,0.9999999999999992,11,operational,219,11,0.2546872120886162,0.1273436060947748,0.0848957373965167,0.0636718030473876,0.0509374424379103,0.0424478686982585,0.0363838874556503,0.031835901523694
0.9804703634557704,0.0195296365442296,0.4463730697061031,0.5536269302938969,360.0,920.0,False,13760.0,0.0,0.9999999999999992,00,operational,249,0,0.1562370923538333,0.0781185461769169,0.0520790307846112,0.0390592730884586,0.0312474184707669,0.0260395153923059,0.0223195846219766,0.0195296365442296
0.978095569592098,0.021904430407902,0.4700678929703975,0.5299321070296025,360.0,920.0,False,13760.0,0.0,0.9999999999999992,10,operational,249,10,0.1752354432632122,0.0876177216316064,0.0584118144210709,0.0438088608158034,0.0350470886526427,0.0292059072105358,0.025033634751888,0.021904430407902
0.9792277590550909,0.0207722409449092,0.4463730697061031,0.5536269302938969,360.0,980.0,False,13760.0,0.0,0.9999999999999992,01,operational,249,1,0.1661779275592702,0.0830889637796353,0.055392642519757,0.0415444818898179,0.0332355855118543,0.0276963212598787,0.0237397039370391,0.0207722409449092
0.8896695678987973,0.1103304321012027,0.4700678929703975,0.5299321070296025,360.0,,True,13760.0,1.0,0.9061811327489596,11,operational,249,11,0.2259113860523378,0.1598651266516891,0.1378497068514729,0.126841996951365,0.1202373710113,0.1158342870512567,0.1126892270797974,0.1103304321012027
0.9853245231037466,0.0146754768962533,0.3917904118195137,0.6082095881804863,360.0,680.0,False,13760.0,0.0,0.9999999999999992,00,operational,279,0,0.1174038151700235,0.058701907585012,0.0391346050566748,0.0293509537925062,0.0234807630340049,0.0195673025283377,0.0167719735957181,0.0146754768962533
0.9846471551416748,0.0153528448583251,0.3966006658705151,0.6033993341294849,360.0,680.0,False,13760.0,0.0,0.9999999999999992,10,operational,279,10,0.1228227588665965,0.0614113794332985,0.0409409196221992,0.0307056897166495,0.0245645517733197,0.0204704598110997,0.0175461084095144,0.0153528448583251
0.9823058027808952,0.0176941972191047,0.3917904118195137,0.6082095881804863,360.0,830.0,False,13760.0,0.0,0.9999999999999992,01,operational,279,1,0.1415535777528342,0.0707767888764173,0.0471845259176115,0.0353883944382089,0.0283107155505671,0.023592262958806,0.0202219396789768,0.0176941972191047
0.9819775731846084,0.0180224268153914,0.3966006658705151,0.6033993341294849,360.0,840.0,False,13760.0,0.0,0.9999999999999992,11,operational,279,11,0.1441794145231272,0.0720897072615638,0.0480598048410427,0.0360448536307822,0.0288358829046259,0.0240299024205215,0.0205970592175902,0.0180224268153914
0.9791000551559884,0.0208999448440114,0.4609316073774193,0.5390683926225807,360.0,950.0,False,13760.0,0.0,0.9999999999999992,00,operational,10,0,0.1671995587520883,0.0835997793760444,0.0557331862506963,0.0417998896880225,0.033439911750418,0.0278665931253483,0.0238856512502988,0.0208999448440114
0.9773943809691948,0.0226056190308052,0.4669814395008356,0.5330185604991644,360.0,950.0,False,13760.0,0.0,0.9999999999999992,10,operational,10,10,0.1808449522464387,0.0904224761232196,0.060281650748813,0.04521123806161,0.036168990449288,0.0301408253744067,0.0258349931780631,0.0226056190308052
0.9753041952343942,0.0246958047656058,0.4609316073774193,0.5390683926225807,360.0,1110.0,False,13760.0,0.0,0.9999999999999992,01,operational,10,1,0.1975664381247242,0.0987832190624217,0.0658554793749478,0.0493916095312111,0.0395132876249689,0.0329277396874743,0.0282237768749781,0.0246958047656058
0.8303961344266588,0.1696038655733411,0.4669814395008356,0.5330185604991644,360.0,,True,13760.0,1.0,0.8435994411819693,11,operational,10,11,0.2620270128605151,0.209213785839273,0.1916093768321921,0.1828071723286518,0.1775258496265276,0.1740049678251115,0.1714900522526714,0.1696038655733411
0.9773050184080696,0.0226949815919302,0.6760963111780314,0.3239036888219687,360.0,880.0,False,13760.0,0.0,0.9999999999999992,00,operational,40,0,0.1815598527354379,0.0907799263677192,0.0605199509118129,0.0453899631838599,0.036311970547088,0.0302599754559068,0.0259371218193488,0.0226949815919302
0.9756733867626216,0.0243266132373785,0.7551693870983747,0.2448306129016254,360.0,890.0,False,13760.0,0.0,0.9999999999999992,10,operational,40,10,0.194612905899025,0.0973064529495127,0.0648709686330085,0.0486532264747565,0.0389225811798052,0.0324354843165045,0.0278018436998611,0.0243266132373785
0.97428349313578,0.0257165068642201,0.6760963111780314,0.3239036888219687,360.0,1030.0,False,13760.0,0.0,0.9999999999999992,01,operational,40,1,0.2057320549137553,0.1028660274568785,0.0685773516379191,0.0514330137284396,0.0411464109827517,0.0342886758189598,0.0293902935591084,0.0257165068642201
0.8879185003102058,0.1120814996897942,0.7551693870983747,0.2448306129016254,360.0,,True,13760.0,1.0,0.9061811327489596,11,operational,40,11,0.2399199267610695,0.166869397006055,0.1425192204210501,0.1303441321285479,0.1230390791530464,0.1181690438360454,0.1146904471810446,0.1120814996897942
0.969501548232508,0.0304984517674918,0.7435200389278338,0.2564799610721662,360.0,1070.0,False,13760.0,0.0,0.9999999999999992,00,operational,70,0,0.2439876141399137,0.1219938070699663,0.081329204713311,0.0609969035349834,0.0487975228279868,0.0406646023566559,0.0348553734485621,0.0304984517674918
0.9664940373262548,0.0335059626737451,0.798560099408974,0.2014399005910259,360.0,1080.0,False,13760.0,0.0,0.9999999999999992,10,operational,70,10,0.2680477013899361,0.1340238506949793,0.089349233796653,0.0670119253474899,0.0536095402779918,0.0446746168983268,0.0382925287699944,0.0335059626737451
0.9672817231062886,0.0327182768937114,0.7435200389278338,0.2564799610721662,360.0,1180.0,False,13760.0,0.0,0.9999999999999992,01,operational,70,1,0.2617462151465793,0.1308731075748445,0.0872487383832298,0.0654365537874225,0.0523492430299381,0.0436243691916152,0.037392316449956,0.0327182768937114
0.8786509496917265,0.1213490503082734,0.798560099408974,0.2014399005910259,360.0,,True,13760.0,1.0,0.9061811327489596,11,operational,70,11,0.3140603317088601,0.2039395994799719,0.1672326887369948,0.1488792333655062,0.1378671601426131,0.1305257779940177,0.1252819336021639,0.1213490503082734
0.9644732162035428,0.0355267837964571,0.5317255645809629,0.4682744354190372,360.0,1350.0,False,13760.0,0.0,0.9999999999999992,00,operational,100,0,0.284214245733865,0.1421071351858266,0.0947380901238845,0.0710535675929135,0.0568428540743309,0.0473690450619425,0.0406020386245223,0.0355267837964571
0.9592066099338812,0.0407933900661187,0.5656662958289463,0.4343337041710536,360.0,1350.0,False,13760.0,0.0,0.9999999999999992,10,operational,100,10,0.3263470931545917,0.163173560264473,0.1087823735096489,0.0815867801322367,0.0652694241057894,0.0543911867548246,0.0466210172184212,0.0407933900661187
0.9622393580163194,0.0377606419836805,0.5317255645809629,0.4682744354190372,360.0,1420.0,False,13760.0,0.0,0.9999999999999992,01,operational,100,1,0.3020842555242319,0.1510425679347208,0.1006950452898141,0.0755212839673606,0.0604170271738885,0.0503475226449072,0.0431550194099207,0.0377606419836805
0.7722927098076112,0.2277072901923887,0.5656662958289463,0.4343337041710536,360.0,,True,13760.0,1.0,0.7948081436189391,11,operational,100,11,0.3853153268568274,0.2952535916263732,0.2652330132112689,0.250222724003717,0.2412165504791856,0.2352124347961648,0.2309237807368644,0.2277072901923887
0.9594020081745204,0.0405979918254797,0.6537556782946037,0.3462443217053964,360.0,1400.0,False,13760.0,0.0,0.9999999999999992,00,operational,130,0,0.3247836021141698,0.1623919673019174,0.1082613115346118,0.081195983650959,0.0649567869207672,0.0541306557673061,0.0463977049434054,0.0405979918254797
0.9555772680244948,0.044422731975505,0.6965977886561021,0.3034022113438979,360.0,1400.0,False,13760.0,0.0,0.9999999999999992,10,operational,130,10,0.3553815154157377,0.1776909279020189,0.1184606186013462,0.0888454639510096,0.0710763711608079,0.0592303093006734,0.0507688365434344,0.044422731975505
0.9543314184142212,0.0456685815857788,0.6537556782946037,0.3462443217053964,360.0,1590.0,False,13760.0,0.0,0.9999999999999992,01,operational,130,1,0.3638958872238098,0.1826743263431136,0.1217828842287424,0.091337163171557,0.0730697305372456,0.0608914421143715,0.0521926646694614,0.0456685815857788
0.8113174375907357,0.1886825624092643,0.6965977886561021,0.3034022113438979,360.0,,True,13760.0,1.0,0.8435994411819693,11,operational,130,11,0.4146556091055378,0.2855285731829649,0.2424859017279869,0.2209645660004977,0.2080517645640044,0.1994432302730087,0.193294277208012,0.1886825624092643
0.9443813826307698,0.0556186173692302,0.7006717638875042,0.2993282361124958,360.0,1750.0,False,13760.0,0.0,0.9999999999999992,00,operational,160,0,0.4347376465024001,0.2224744694769195,0.1483163129846133,0.1112372347384599,0.088989787790768,0.0741581564923069,0.0635641341362631,0.0556186173692302
0.938856709865105,0.0611432901348949,0.7574703975595327,0.2425296024404673,360.0,1750.0,False,13760.0,0.0,0.9999999999999992,10,operational,160,10,0.4774340547428908,0.2445731605395779,0.1630487736930521,0.1222865802697892,0.0978292642158313,0.0815243868465261,0.0698780458684512,0.0611432901348949
0.9367965305593228,0.0632034694406772,0.7006717638875042,0.2993282361124958,360.0,1990.0,False,13760.0,0.0,0.9999999999999992,01,operational,160,1,0.4680920195529652,0.2528138777627075,0.1685425851751384,0.126406938881354,0.1011255511050831,0.0842712925875694,0.0722325365036311,0.0632034694406772
0.7930156110367913,0.2069843889632087,0.7574703975595327,0.2425296024404673,360.0,,True,13760.0,1.0,0.8435994411819693,11,operational,160,11,0.5420573863019222,0.3587358793987423,0.2912907725385052,0.2575682191083865,0.2373346870503153,0.2238456656782679,0.2142106504125199,0.2069843889632087
0.99066282207192,0.0093371779280798,0.3371442932351878,0.6628557067648122,360.0,520.0,False,13760.0,0.0,0.9999999999999992,00,operational,190,0,0.0746974234246357,0.0373487117123181,0.0248991411415455,0.0186743558561592,0.0149394846849274,0.012449570570773,0.0106710604892341,0.0093371779280798
0.9899295965376862,0.0100704034623138,0.3586683219511372,0.6413316780488628,360.0,520.0,False,13760.0,0.0,0.9999999999999992,10,operational,190,10,0.0805632276985065,0.0402816138492535,0.0268544092328357,0.020140806924627,0.0161126455397017,0.0134272046164181,0.0115090325283586,0.0100704034623138
0.9905792019678472,0.0094207980321527,0.3371442932351878,0.6628557067648122,360.0,530.0,False,13760.0,0.0,0.9999999999999992,01,operational,190,1,0.0753663842572189,0.0376831921286097,0.0251221280857397,0.0188415960643051,0.0150732768514441,0.0125610640428702,0.0107666263224603,0.0094207980321527
0.9897679395086896,0.0102320604913103,0.3586683219511372,0.6413316780488628,360.0,540.0,False,13760.0,0.0,0.9999999999999992,11,operational,190,11,0.081856483930479,0.0409282419652398,0.0272854946434932,0.0204641209826201,0.0163712967860961,0.0136427473217467,0.0116937834186403,0.0102320604913103
0.978104678739586,0.021895321260414,0.4878091504777455,0.5121908495222545,360.0,940.0,False,13760.0,0.0,0.9999999999999992,00,operational,220,0,0.1751625700833087,0.0875812850416545,0.0583875233611032,0.0437906425208275,0.035032514016662,0.0291937616805518,0.025023224297616,0.021895321260414
0.9771210018930404,0.0228789981069594,0.5038537235793933,0.4961462764206067,360.0,940.0,False,13760.0,0.0,0.9999999999999992,10,operational,220,10,0.1830319848556721,0.0915159924278363,0.0610106616185578,0.0457579962139184,0.0366063969711348,0.030505330809279,0.0261474264079536,0.0228789981069594
0.973887057313489,0.0261129426865109,0.4878091504777455,0.5121908495222545,360.0,1110.0,False,13760.0,0.0,0.9999999999999992,01,operational,220,1,0.2089035414919942,0.1044517707460422,0.069634513830695,0.0522258853730214,0.0417807082984172,0.0348172569153476,0.0298433630702983,0.0261129426865109
0.7839764506558238,0.2160235493441762,0.5038537235793933,0.4961462764206067,360.0,,True,13760.0,1.0,0.7948081436189391,11,operational,220,11,0.2918454000859845,0.2485186282335225,0.2340763709493686,0.2268552423072916,0.2225225651220453,0.2196341136652145,0.2175709340531926,0.2160235493441762
0.9877068999085494,0.0122931000914505,0.3631473069172714,0.6368526930827286,360.0,650.0,False,13760.0,0.0,0.9999999999999992,00,operational,250,0,0.098344800731601,0.0491724003658008,0.0327816002438672,0.0245862001829006,0.0196689601463205,0.0163908001219339,0.0140492572473721,0.0122931000914505
0.9860034551004224,0.0139965448995776,0.3889692134021548,0.6110307865978452,360.0,660.0,False,13760.0,0.0,0.9999999999999992,10,operational,250,10,0.1119723591966179,0.0559861795983093,0.0373241197322061,0.0279930897991549,0.0223944718393239,0.0186620598661032,0.0159960513138031,0.0139965448995776
0.9859425575051112,0.0140574424948887,0.3631473069172714,0.6368526930827286,360.0,760.0,False,13760.0,0.0,0.9999999999999992,01,operational,250,1,0.1124595399591065,0.0562297699795534,0.0374865133197024,0.0281148849897769,0.0224919079918214,0.0187432566598515,0.0160656485655871,0.0140574424948887
0.9841064883368518,0.0158935116631482,0.3889692134021548,0.6110307865978452,360.0,790.0,False,13760.0,0.0,0.9999999999999992,11,operational,250,11,0.1271480933051824,0.0635740466525915,0.0423826977683943,0.031787023326296,0.0254296186610367,0.0211913488841974,0.0181640133293122,0.0158935116631482
0.976125684651528,0.023874315348472,0.4277466822320012,0.5722533177679988,360.0,1020.0,False,13760.0,0.0,0.9999999999999992,00,operational,280,0,0.1909945227877708,0.0954972613938862,0.0636648409292576,0.0477486306969433,0.0381989045575548,0.0318324204646289,0.0272849318268251,0.023874315348472
0.9750352769941076,0.0249647230058923,0.4318140191978659,0.5681859808021341,290.0,1020.0,False,13760.0,0.0,0.9999999999999992,10,operational,280,10,0.1997177840471339,0.0998588920235677,0.0665725946823787,0.0499294460117841,0.0399435568094274,0.0332862973411894,0.0285311120067341,0.0249647230058923
0.974882661305142,0.0251173386948578,0.4277466822320012,0.5722533177679988,360.0,1100.0,False,13760.0,0.0,0.9999999999999992,01,operational,280,1,0.2009387095588086,0.1004693547794297,0.0669795698529532,0.0502346773897152,0.0401877419117722,0.0334897849264768,0.0287055299369803,0.0251173386948578
0.9738651721162686,0.0261348278837314,0.4318140191978659,0.5681859808021341,290.0,1110.0,False,13760.0,0.0,0.9999999999999992,11,operational,280,11,0.2090786230697657,0.1045393115349244,0.0696928743566164,0.0522696557674624,0.04181572461397,0.0348464371783086,0.0298683747242645,0.0261348278837314
0.970271690288962,0.0297283097110381,0.7689836341543164,0.2310163658456836,360.0,1130.0,False,13760.0,0.0,0.9999999999999992,00,operational,11,0,0.2378264776880179,0.1189132388441508,0.0792754925627672,0.0594566194220756,0.0475652955376605,0.0396377462813838,0.0339752110983292,0.0297283097110381
0.9650602329713732,0.0349397670286266,0.8929929453465918,0.1070070546534081,360.0,1130.0,False,13760.0,0.0,0.9999999999999992,10,operational,11,10,0.2795181362287114,0.1397590681145051,0.0931727120763368,0.0698795340572528,0.0559036272458023,0.0465863560381687,0.0399311623184305,0.0349397670286266
0.96666527824316,0.03333472175684,0.7689836341543164,0.2310163658456836,360.0,1250.0,False,13760.0,0.0,0.9999999999999992,01,operational,11,1,0.2666777738970988,0.1333388870273587,0.0888925913515729,0.0666694435136796,0.0533355548109438,0.0444462956757866,0.0380968248649601,0.03333472175684
0.9398725193989588,0.0601274806010411,0.8929929453465918,0.1070070546534081,360.0,1190.0,False,13760.0,0.0,0.9999999999999992,11,operational,11,11,0.4810198447996718,0.2405099224041625,0.1603399482694418,0.1202549612020815,0.0962039689616653,0.0801699741347211,0.0687171206869041,0.0601274806010411
0.9795648639286956,0.0204351360713043,0.4590439599278735,0.5409560400721265,360.0,960.0,False,13760.0,0.0,0.9999999999999992,00,operational,41,0,0.1634810885704309,0.0817405442852157,0.0544936961901437,0.040870272142608,0.0326962177140864,0.0272468480950722,0.0233544412243478,0.0204351360713043
0.97565834644681,0.0243416535531899,0.5135470310829422,0.4864529689170578,360.0,960.0,False,13760.0,0.0,0.9999999999999992,10,operational,41,10,0.1947332284255158,0.0973666142127581,0.064911076141839,0.0486833071063792,0.0389466456851036,0.0324555380709197,0.027819032632217,0.0243416535531899
0.9781133124389996,0.0218866875610004,0.4590439599278735,0.5409560400721265,360.0,1040.0,False,13760.0,0.0,0.9999999999999992,01,operational,41,1,0.1750935004879963,0.0875467502439999,0.0583645001626667,0.0437733751220003,0.0350187000976002,0.0291822500813335,0.0250133572125719,0.0218866875610004
0.8869868242425408,0.1130131757574591,0.5135470310829422,0.4864529689170578,360.0,,True,13760.0,1.0,0.9061811327489596,11,operational,41,11,0.24737333530239,0.1705961012767153,0.1450036899348237,0.1322074842638778,0.1245297608613105,0.1194112785929322,0.1157552198298047,0.1130131757574591
0.9515558783386916,0.0484441216613082,0.8123323135174875,0.1876676864825125,360.0,1490.0,False,13760.0,0.0,0.9999999999999992,00,operational,71,0,0.3875218994991729,0.193776486645232,0.1291843244301549,0.0968882433226162,0.077510594658093,0.0645921622150778,0.0553647104700666,0.0484441216613082
0.9465579145995248,0.0534420854004753,0.8900323403835679,0.109967659616432,360.0,1490.0,False,13760.0,0.0,0.9999999999999992,10,operational,71,10,0.4275026611876239,0.2137683416019,0.1425122277346002,0.1068841708009502,0.0855073366407602,0.0712561138673003,0.0610766690291147,0.0534420854004753
0.9456589094542376,0.0543410905457623,0.8123323135174875,0.1876676864825125,360.0,1740.0,False,13760.0,0.0,0.9999999999999992,01,operational,71,1,0.4243949110884026,0.2173643621830476,0.1449095747886984,0.1086821810915241,0.0869457448732192,0.0724547873943496,0.062104103480871,0.0543410905457623
0.7053209529833899,0.2946790470166101,0.8900323403835679,0.109967659616432,360.0,,True,13760.0,1.0,0.745264659859689,11,operational,71,11,0.574284956541495,0.4145101676455076,0.361251891810442,0.3346227538929093,0.3186452711423896,0.3079936159753765,0.3003852908560812,0.2946790470166101
0.9614053099696148,0.038594690030385,0.549417953193716,0.450582046806284,360.0,1430.0,False,13760.0,0.0,0.9999999999999992,00,operational,101,0,0.3087562433697117,0.1543787601215385,0.1029191734143591,0.0771893800607694,0.0617515040486157,0.0514595867071797,0.0441082171775829,0.038594690030385
0.9579450646015356,0.0420549353984643,0.5681685166655749,0.4318314833344251,360.0,1430.0,False,13760.0,0.0,0.9999999999999992,10,operational,101,10,0.3364381520087134,0.1682197415938561,0.112146494395904,0.0841098707969283,0.0672878966375426,0.0560732471979523,0.0480627833125307,0.0420549353984643
0.9586302883953248,0.0413697116046752,0.549417953193716,0.450582046806284,360.0,1530.0,False,13760.0,0.0,0.9999999999999992,01,operational,101,1,0.3306638179426848,0.1654788464186992,0.1103192309457995,0.0827394232093499,0.0661915385674799,0.0551596154729001,0.0472796704053429,0.0413697116046752
0.9568011626782168,0.043198837321783,0.5681685166655749,0.4318314833344251,360.0,1570.0,False,13760.0,0.0,0.9999999999999992,11,operational,101,11,0.3447161208987506,0.1727953492871305,0.1151968995247538,0.0863976746435655,0.0691181397148524,0.0575984497623771,0.0493700997963234,0.043198837321783
0.9589976981363256,0.0410023018636742,0.6326526403460961,0.3673473596539038,360.0,1520.0,False,13760.0,0.0,0.9999999999999992,00,operational,131,0,0.3279035391932081,0.1640092074546958,0.109339471636464,0.0820046037273481,0.0656036829818785,0.0546697358182324,0.0468597735584849,0.0410023018636742
0.9544348957484436,0.0455651042515563,0.704498627649081,0.295501372350919,360.0,1520.0,False,13760.0,0.0,0.9999999999999992,10,operational,131,10,0.364402300535097,0.1822604170062238,0.121506944670816,0.0911302085031121,0.0729041668024897,0.0607534723354082,0.0520744048589215,0.0455651042515563
0.9586806707522276,0.0413193292477724,0.6326526403460961,0.3673473596539038,360.0,1530.0,False,13760.0,0.0,0.9999999999999992,01,operational,131,1,0.3302872754915746,0.1652773169910888,0.1101848779940594,0.0826386584955446,0.0661109267964357,0.05509243899703,0.0472220905688829,0.0413193292477724
0.95328439609506,0.0467156039049398,0.704498627649081,0.295501372350919,360.0,1570.0,False,13760.0,0.0,0.9999999999999992,11,operational,131,11,0.3727581098546323,0.1868624156197577,0.1245749437465052,0.0934312078098792,0.0747449662479033,0.062287471873253,0.0533892616056453,0.0467156039049398
0.9519739786962814,0.0480260213037185,0.6179838513106659,0.382016148689334,360.0,1640.0,False,13760.0,0.0,0.9999999999999992,00,operational,161,0,0.3809786779545593,0.1921040852148726,0.1280693901432485,0.0960520426074366,0.0768416340859492,0.0640346950716245,0.054886881489964,0.0480260213037185
0.9481181677588648,0.0518818322411352,0.6344541691113399,0.36554583088866,360.0,1640.0,False,13760.0,0.0,0.9999999999999992,10,operational,161,10,0.411409911285877,0.2075273289645393,0.1383515526430263,0.1037636644822699,0.0830109315858159,0.0691757763215134,0.0592935225612972,0.0518818322411352
0.9446595565119084,0.0553404434880916,0.6179838513106659,0.382016148689334,360.0,1900.0,False,13760.0,0.0,0.9999999999999992,01,operational,161,1,0.4197042302114671,0.221361773952365,0.1475745159682434,0.1106808869761828,0.0885447095809462,0.0737872579841218,0.0632462211292476,0.0553404434880916
0.8039168030642198,0.1960831969357802,0.6344541691113399,0.36554583088866,360.0,,True,13760.0,1.0,0.8435994411819693,11,operational,161,11,0.4644361089390967,0.3151311112890284,0.2622209271320292,0.2357658350535296,0.2198927798064298,0.20931074297503,0.2017521452383158,0.1960831969357802
0.9740586255860588,0.0259413744139412,0.5055469935070156,0.4944530064929843,360.0,1080.0,False,13760.0,0.0,0.9999999999999992,00,operational,191,0,0.2075309953115028,0.1037654976557637,0.0691769984371759,0.0518827488278821,0.0415061990623056,0.0345884992185882,0.0296472850445043,0.0259413744139412
0.9710006061324858,0.0289993938675141,0.5349766180877147,0.4650233819122852,360.0,1080.0,False,13760.0,0.0,0.9999999999999992,10,operational,191,10,0.2319951509400831,0.1159975754700549,0.0773317169800367,0.0579987877350278,0.0463990301880222,0.0386658584900186,0.0331421644200161,0.0289993938675141
0.9726639478421074,0.0273360521578925,0.5055469935070156,0.4944530064929843,360.0,1150.0,False,13760.0,0.0,0.9999999999999992,01,operational,191,1,0.2186884172622858,0.1093442086315689,0.0728961390877126,0.0546721043157847,0.0437376834526277,0.0364480695438566,0.031241202466163,0.0273360521578925
0.9686259887598052,0.0313740112401946,0.5349766180877147,0.4650233819122852,360.0,1180.0,False,13760.0,0.0,0.9999999999999992,11,operational,191,11,0.2509920899168865,0.1254960449607773,0.0836640299738518,0.0627480224803889,0.0501984179843113,0.0418320149869261,0.0358560128459369,0.0313740112401946
0.99071468207581,0.00928531792419,0.3146328081496451,0.6853671918503549,360.0,620.0,False,13760.0,0.0,0.9999999999999992,00,operational,221,0,0.0742825433935169,0.0371412716967587,0.0247608477978393,0.0185706358483795,0.0148565086787038,0.0123804238989199,0.01061179191336,0.00928531792419
0.9882550805531476,0.0117449194468522,0.4001710153210727,0.5998289846789273,360.0,620.0,False,13760.0,0.0,0.9999999999999992,10,operational,221,10,0.0939593555748143,0.0469796777874074,0.031319785191605,0.0234898388937039,0.0187918711149632,0.0156598925958026,0.0134227650821169,0.0117449194468522
0.9891247839866862,0.0108752160133137,0.3146328081496451,0.6853671918503549,360.0,710.0,False,13760.0,0.0,0.9999999999999992,01,operational,221,1,0.0870017281065068,0.0435008640532537,0.0290005760355026,0.021750432026627,0.0174003456213016,0.0145002880177516,0.01242881830093,0.0108752160133137
0.8391622719332101,0.1608377280667898,0.4001710153210727,0.5998289846789273,360.0,,True,13760.0,1.0,0.8435994411819694,11,operational,221,11,0.1918979128081041,0.1741492358130673,0.1682330101480551,0.165274897315549,0.1635000296160453,0.1623167844830427,0.161471609388041,0.1608377280667898
0.9706821983036448,0.0293178016963551,0.7276972187881412,0.2723027812118587,360.0,1050.0,False,13760.0,0.0,0.9999999999999992,00,operational,251,0,0.2345424135708324,0.1172712067854193,0.078180804523613,0.0586356033927099,0.0469084827141678,0.0390904022618068,0.0335060590815488,0.0293178016963551
0.9673769239154568,0.032623076084543,0.7995418017067669,0.200458198293233,360.0,1050.0,False,13760.0,0.0,0.9999999999999992,10,operational,251,10,0.260984608676335,0.1304923043381707,0.0869948695587805,0.0652461521690856,0.0521969217352685,0.0434974347793905,0.0372835155251921,0.032623076084543
0.9704982663674012,0.0295017336325986,0.7276972187881412,0.2723027812118587,360.0,1060.0,False,13760.0,0.0,0.9999999999999992,01,operational,251,1,0.2360138690607773,0.1180069345303935,0.0786712896869291,0.059003467265197,0.0472027738121577,0.0393356448434649,0.0337162670086842,0.0295017336325986
0.9667530281839516,0.0332469718160483,0.7995418017067669,0.200458198293233,360.0,1080.0,False,13760.0,0.0,0.9999999999999992,11,operational,251,11,0.2659757745283509,0.1329878872641913,0.0886585915094609,0.0664939436320959,0.0531951549056767,0.0443292957547306,0.0379965392183409,0.0332469718160483
0.9788055145026074,0.0211944854973925,0.4222026641424725,0.5777973358575275,360.0,980.0,False,13760.0,0.0,0.9999999999999992,00,operational,281,0,0.1695558839791369,0.0847779419895686,0.0565186279930459,0.0423889709947846,0.0339111767958277,0.0282593139965233,0.0242222691398771,0.0211944854973925
0.9769174489457396,0.0230825510542604,0.4351052442131904,0.5648947557868096,360.0,980.0,False,13760.0,0.0,0.9999999999999992,10,operational,281,10,0.1846604084340807,0.0923302042170406,0.0615534694780273,0.0461651021085205,0.0369320816868166,0.0307767347390139,0.0263800583477263,0.0230825510542604
0.974301786732476,0.0256982132675238,0.4222026641424725,0.5777973358575275,360.0,1190.0,False,13760.0,0.0,0.9999999999999992,01,operational,281,1,0.2055857061337771,0.102792853070094,0.0685285687133959,0.0513964265350472,0.0411171412280377,0.0342642843566981,0.0293693865914559,0.0256982132675238
0.8312085151472337,0.1687914848527663,0.4351052442131904,0.5648947557868096,360.0,,True,13760.0,1.0,0.8435994411819693,11,operational,281,11,0.2555279670959146,0.2059642629569726,0.189443028243992,0.1811824108875017,0.1762260404736075,0.1729217935310114,0.1705616171434428,0.1687914848527663
0.9650503082018632,0.0349496917981366,0.759853628380748,0.240146371619252,360.0,1260.0,False,13760.0,0.0,0.9999999999999992,00,operational,12,0,0.2795975341734855,0.1397987671925448,0.0931991781283633,0.0698993835962726,0.0559195068770181,0.046599589064182,0.0399425049121561,0.0349496917981366
0.9611792825469936,0.0388207174530063,0.8220731477881001,0.1779268522118998,360.0,1260.0,False,13760.0,0.0,0.9999999999999992,10,operational,12,10,0.3105657394009367,0.1552828698120234,0.1035219132080158,0.0776414349060119,0.0621131479248097,0.051760956604008,0.0443665342320072,0.0388207174530063
0.9612544249564088,0.0387455750435913,0.759853628380748,0.240146371619252,360.0,1430.0,False,13760.0,0.0,0.9999999999999992,01,operational,12,1,0.3099631077396464,0.1549823001743636,0.103321533449576,0.0774911500871822,0.0619929200697457,0.0516607667247882,0.0442806571926758,0.0387455750435913
0.9573396886659326,0.0426603113340674,0.8220731477881001,0.1779268522118998,360.0,1460.0,False,13760.0,0.0,0.9999999999999992,11,operational,12,11,0.3412745764526093,0.1706412453362679,0.1137608302241788,0.0853206226681342,0.0682564981345074,0.0568804151120895,0.0487546415246483,0.0426603113340674
0.9701022447522204,0.0298977552477794,0.513135874902019,0.486864125097981,360.0,1220.0,False,13760.0,0.0,0.9999999999999992,00,operational,42,0,0.2391820419532295,0.1195910209911162,0.079727347327411,0.0597955104955584,0.0478364083964466,0.0398636736637058,0.0341688631403194,0.0298977552477794
0.9661216652834632,0.0338783347165366,0.5507595757771336,0.4492404242228663,360.0,1220.0,False,13760.0,0.0,0.9999999999999992,10,operational,42,10,0.2710266777010569,0.1355133388661454,0.0903422259107638,0.067756669433073,0.0542053355464584,0.0451711129553822,0.038718096818899,0.0338783347165366
0.9677698884334958,0.0322301115665042,0.513135874902019,0.486864125097981,360.0,1320.0,False,13760.0,0.0,0.9999999999999992,01,operational,42,1,0.257840888837479,0.1289204462660156,0.0859469641773439,0.064460223133008,0.0515681785064063,0.0429734820886722,0.0368344132188619,0.0322301115665042
0.8785630901569623,0.1214369098430376,0.5507595757771336,0.4492404242228663,360.0,,True,13760.0,1.0,0.9061811327489596,11,operational,42,11,0.3147632079544623,0.204291037619029,0.1674669808296994,0.1490549524350347,0.1380077353982359,0.13064292404037,0.1253823444990374,0.1214369098430376
0.9860147970769958,0.0139852029230042,0.4822389419758067,0.5177610580241933,360.0,750.0,False,13760.0,0.0,0.9999999999999992,00,operational,72,0,0.1118816233840293,0.0559408116920149,0.0372938744613434,0.0279704058460077,0.0223763246768062,0.0186469372306719,0.0159830890548619,0.0139852029230042
0.9831918743466144,0.0168081256533857,0.615734267917297,0.384265732082703,360.0,760.0,False,13760.0,0.0,0.9999999999999992,10,operational,72,10,0.134465005227082,0.0672325026135411,0.0448216684090276,0.0336162513067708,0.0268930010454168,0.0224108342045139,0.0192092864610122,0.0168081256533857
0.9851708114592784,0.0148291885407214,0.4822389419758067,0.5177610580241933,360.0,800.0,False,13760.0,0.0,0.9999999999999992,01,operational,72,1,0.1186335083257682,0.0593167541628844,0.0395445027752565,0.0296583770814423,0.0237267016651541,0.0197722513876283,0.0169476440465388,0.0148291885407214
0.9820542914585462,0.0179457085414538,0.615734267917297,0.384265732082703,360.0,820.0,False,13760.0,0.0,0.9999999999999992,11,operational,72,11,0.1435656683316267,0.0717828341658136,0.0478552227772092,0.0358914170829071,0.0287131336663256,0.0239276113886048,0.0205093811902329,0.0179457085414538
0.956767850272989,0.0432321497270109,0.5738163715989256,0.4261836284010744,360.0,1500.0,False,13760.0,0.0,0.9999999999999992,00,operational,102,0,0.3458018969113886,0.1729285989080421,0.1152857326053614,0.0864642994540213,0.0691714395632171,0.0576428663026811,0.0494081711165839,0.0432321497270109
0.9537694312015425,0.0462305687984576,0.5854491487900191,0.4145508512099809,360.0,1500.0,False,13760.0,0.0,0.9999999999999992,10,operational,102,10,0.3697862612839728,0.1849222751938294,0.1232815167958865,0.0924611375969149,0.0739689100775321,0.0616407583979435,0.0528349357696659,0.0462305687984576
0.9540719317119974,0.0459280682880025,0.5738163715989256,0.4261836284010744,360.0,1600.0,False,13760.0,0.0,0.9999999999999992,01,operational,102,1,0.3657543838299238,0.1837122731520086,0.1224748487680058,0.0918561365760046,0.0734849092608037,0.0612374243840032,0.0524892209005741,0.0459280682880025
0.8690347060730178,0.1309652939269822,0.5854491487900191,0.4145508512099809,360.0,,True,13760.0,1.0,0.9061811327489596,11,operational,102,11,0.3909224983148307,0.2424045739548068,0.1928760050535511,0.1681117206029236,0.1532531499325471,0.143347436152296,0.1362719263092594,0.1309652939269822
0.98909568865094,0.0109043113490601,0.4101732166992655,0.5898267833007345,360.0,580.0,False,13760.0,0.0,0.9999999999999992,00,operational,132,0,0.0872344907924773,0.043617245396239,0.0290781635974928,0.0218086226981197,0.0174468981584957,0.0145390817987466,0.0124620701132115,0.0109043113490601
0.988849786737604,0.0111502132623959,0.416100358986414,0.5838996410135859,360.0,580.0,False,13760.0,0.0,0.9999999999999992,10,operational,132,10,0.0892017060991641,0.0446008530495822,0.0297339020330549,0.0223004265247914,0.0178403412198331,0.0148669510165276,0.0127431008713096,0.0111502132623959
0.9889030154312608,0.011096984568739,0.4101732166992655,0.5898267833007345,360.0,600.0,False,13760.0,0.0,0.9999999999999992,01,operational,132,1,0.0887758765499091,0.0443879382749549,0.0295919588499701,0.0221939691374777,0.017755175309982,0.0147959794249854,0.0126822680785588,0.011096984568739
0.9884552125119648,0.0115447874880351,0.416100358986414,0.5838996410135859,360.0,620.0,False,13760.0,0.0,0.9999999999999992,11,operational,132,11,0.0923582999042771,0.0461791499521387,0.0307860999680927,0.0230895749760695,0.0184716599808556,0.0153930499840467,0.0131940428434685,0.0115447874880351
0.9780424445422669,0.0219575554577331,0.4479638052983584,0.5520361947016416,360.0,1030.0,False,13760.0,0.0,0.9999999999999992,00,operational,162,0,0.1756604436618597,0.0878302218309311,0.0585534812206209,0.0439151109154658,0.0351320887323727,0.0292767406103107,0.0250943490945522,0.0219575554577331
0.9753080484392038,0.0246919515607961,0.4677708725102761,0.5322291274897238,360.0,1030.0,False,13760.0,0.0,0.9999999999999992,10,operational,162,10,0.1975356124863635,0.0987678062431832,0.0658452041621224,0.0493839031215918,0.0395071224972735,0.0329226020810615,0.0282193732123384,0.0246919515607961
0.9771273563541047,0.0228726436458952,0.4479638052983584,0.5520361947016416,360.0,1080.0,False,13760.0,0.0,0.9999999999999992,01,operational,162,1,0.1829811491671288,0.0914905745835795,0.0609937163890532,0.04574528729179,0.036596229833432,0.0304968581945268,0.0261401641667374,0.0228726436458952
0.9741250732421486,0.0258749267578514,0.4677708725102761,0.5322291274897238,360.0,1100.0,False,13760.0,0.0,0.9999999999999992,11,operational,162,11,0.2069994140627337,0.1034997070314041,0.0689998046876029,0.0517498535157023,0.0413998828125619,0.0344999023438017,0.0295713448661159,0.0258749267578514
0.9848196992945424,0.0151803007054576,0.3348726442005597,0.6651273557994403,360.0,860.0,False,13760.0,0.0,0.9999999999999992,00,operational,192,0,0.1214424056436566,0.0607212028218285,0.0404808018812192,0.0303606014109145,0.0242884811287317,0.0202404009406097,0.0173489150919515,0.0151803007054576
0.9809766095210726,0.0190233904789274,0.4153263309570101,0.5846736690429899,360.0,860.0,False,13760.0,0.0,0.9999999999999992,10,operational,192,10,0.1521871238314155,0.076093561915708,0.0507290412771388,0.0380467809578543,0.0304374247662835,0.0253645206385696,0.0217410176902028,0.0190233904789274
0.9845596331427692,0.0154403668572308,0.3348726442005597,0.6651273557994403,360.0,870.0,False,13760.0,0.0,0.9999999999999992,01,operational,192,1,0.1235229348578429,0.0617614674289217,0.041174311619281,0.030880733714461,0.0247045869715688,0.0205871558096408,0.0176461335511208,0.0154403668572308
0.9797967360323664,0.0202032639676336,0.4153263309570101,0.5846736690429899,360.0,910.0,False,13760.0,0.0,0.9999999999999992,11,operational,192,11,0.1616261117410652,0.0808130558705328,0.0538753705803553,0.0404065279352666,0.0323252223482133,0.0269376852901779,0.0230894445344383,0.0202032639676336
0.9497699702199696,0.0502300297800305,0.6307580275891662,0.3692419724108338,360.0,1630.0,False,13760.0,0.0,0.9999999999999992,00,operational,222,0,0.3989712024801739,0.2009201191201202,0.1339467460800802,0.1004600595600603,0.0803680476480482,0.0669733730400403,0.0574057483200348,0.0502300297800305
0.9451082880404522,0.0548917119595477,0.6593854609939942,0.3406145390060058,360.0,1630.0,False,13760.0,0.0,0.9999999999999992,10,operational,222,10,0.435829247853466,0.2195668478381897,0.1463778985587933,0.109783423919095,0.087826739135276,0.073188949279397,0.062733385096626,0.0548917119595477
0.9416605191407216,0.0583394808592784,0.6307580275891662,0.3692419724108338,360.0,1850.0,False,13760.0,0.0,0.9999999999999992,01,operational,222,1,0.4488454981503532,0.2333579234371118,0.1555719489580747,0.1166789617185561,0.0933431693748449,0.0777859744790375,0.0666736924106039,0.0583394808592784
0.7943893628322003,0.2056106371677997,0.6593854609939942,0.3406145390060058,360.0,,True,13760.0,1.0,0.8435994411819693,11,operational,222,11,0.5451982879903052,0.3532408722171061,0.2876274344174143,0.2548207155175684,0.2351366841776608,0.2220139966177224,0.2126406483606236,0.2056106371677997
0.9748536291452712,0.0251463708547287,0.4699941779386762,0.5300058220613237,360.0,1030.0,False,13760.0,0.0,0.9999999999999992,00,operational,252,0,0.2011709668378236,0.1005854834189132,0.0670569889459421,0.0502927417094568,0.0402341933675655,0.0335284944729712,0.0287387095482614,0.0251463708547287
0.973623923212175,0.026376076787825,0.4778117615307022,0.5221882384692977,360.0,1040.0,False,13760.0,0.0,0.9999999999999992,10,operational,252,10,0.2110086143025944,0.1055043071512986,0.0703362047675327,0.0527521535756495,0.0422017228605197,0.0351681023837667,0.0301440877575143,0.026376076787825
0.9719918321391694,0.0280081678608306,0.4699941779386762,0.5300058220613237,360.0,1170.0,False,13760.0,0.0,0.9999999999999992,01,operational,252,1,0.2240653428848688,0.1120326714433207,0.0746884476288808,0.0560163357216606,0.0448130685773284,0.0373442238144405,0.032009334698092,0.0280081678608306
0.8848932071625027,0.1151067928374972,0.4778117615307022,0.5221882384692977,360.0,,True,13760.0,1.0,0.9061811327489596,11,operational,252,11,0.2641222719426798,0.1789705695968672,0.1505866688149248,0.1363947184239538,0.1278795481893712,0.1222027680329826,0.1181479250641339,0.1151067928374972
0.9974917215549106,0.0025082784450893,0.1597434907390997,0.8402565092609002,360.0,310.0,False,13760.0,0.0,0.9999999999999992,00,operational,282,0,0.0200662275607119,0.0100331137803562,0.0066887425202377,0.0050165568901783,0.0040132455121426,0.0033443712601192,0.002866603937245,0.0025082784450893
0.9974917215549106,0.0025082784450893,0.1597434907390997,0.8402565092609002,360.0,310.0,False,13760.0,0.0,0.9999999999999992,10,operational,282,10,0.0200662275607119,0.0100331137803562,0.0066887425202377,0.0050165568901783,0.0040132455121426,0.0033443712601192,0.002866603937245,0.0025082784450893
0.9974917215549106,0.0025082784450893,0.1597434907390997,0.8402565092609002,360.0,310.0,False,13760.0,0.0,0.9999999999999992,01,operational,282,1,0.0200662275607119,0.0100331137803562,0.0066887425202377,0.0050165568901783,0.0040132455121426,0.0033443712601192,0.002866603937245,0.0025082784450893
0.9974917215549106,0.0025082784450893,0.1597434907390997,0.8402565092609002,360.0,310.0,False,13760.0,0.0,0.9999999999999992,11,operational,282,11,0.0200662275607119,0.0100331137803562,0.0066887425202377,0.0050165568901783,0.0040132455121426,0.0033443712601192,0.002866603937245,0.0025082784450893
0.957061209247715,0.042938790752285,0.5622736067077921,0.4377263932922078,360.0,1500.0,False,13760.0,0.0,0.9999999999999992,00,operational,13,0,0.343466599389173,0.1717551630091388,0.1145034420060927,0.0858775815045695,0.0687020652036557,0.0572517210030467,0.0490729037168972,0.042938790752285
0.9537316893470827,0.0462683106529172,0.5738096864518051,0.4261903135481949,360.0,1500.0,False,13760.0,0.0,0.9999999999999992,10,operational,13,10,0.3701010164423647,0.1850732426116675,0.123382161741112,0.092536621305834,0.0740292970446672,0.0616910808705561,0.0528780693176197,0.0462683106529172
0.9533462605068548,0.0466537394931451,0.5622736067077921,0.4377263932922078,360.0,1650.0,False,13760.0,0.0,0.9999999999999992,01,operational,13,1,0.3686143021392603,0.1866149579725788,0.1244099719817194,0.0933074789862896,0.0746459831890317,0.0622049859908599,0.0533185594207372,0.0466537394931451
0.8662151303314092,0.1337848696685908,0.5738096864518051,0.4261903135481949,360.0,,True,13760.0,1.0,0.9061811327489596,11,operational,13,11,0.4114432024310378,0.2536828769212413,0.2003948736978409,0.1737508720861408,0.1577644711191208,0.1471068704744407,0.1394942985853836,0.1337848696685908
0.9963817630505132,0.0036182369494868,0.1900950986308501,0.8099049013691498,360.0,320.0,False,13760.0,0.0,0.9999999999999992,00,operational,43,0,0.0289458955958915,0.014472947797946,0.0096486318652976,0.0072364738989731,0.0057891791191787,0.0048243159326489,0.0041351279422706,0.0036182369494868
0.9958094136907863,0.0041905863092135,0.2263340680081675,0.7736659319918324,360.0,320.0,False,13760.0,0.0,0.9999999999999992,10,operational,43,10,0.0335246904737039,0.0167623452368522,0.0111748968245682,0.0083811726184264,0.0067049380947411,0.0055874484122843,0.0047892414962439,0.0041905863092135
0.996377947447829,0.0036220525521709,0.1900950986308501,0.8099049013691498,360.0,320.0,False,13760.0,0.0,0.9999999999999992,01,operational,43,1,0.0289764204173645,0.0144882102086825,0.0096588068057885,0.0072441051043415,0.0057952840834731,0.0048294034028946,0.0041394886310525,0.0036220525521709
0.9957234019468644,0.0042765980531357,0.2263340680081675,0.7736659319918324,360.0,330.0,False,13760.0,0.0,0.9999999999999992,11,operational,43,11,0.0342127844250823,0.0171063922125414,0.0114042614750277,0.008553196106271,0.0068425568850168,0.0057021307375142,0.004887540632155,0.0042765980531357
0.9798945868006104,0.0201054131993895,0.446103156693469,0.553896843306531,360.0,930.0,False,13760.0,0.0,0.9999999999999992,00,operational,73,0,0.1608433055951126,0.0804216527975565,0.053614435198371,0.0402108263987784,0.0321686611190228,0.0268072175991859,0.0229776150850166,0.0201054131993895
0.977903999699278,0.022096000300722,0.4821297581383423,0.5178702418616576,360.0,930.0,False,13760.0,0.0,0.9999999999999992,10,operational,73,10,0.1767680024057728,0.0883840012028867,0.0589226674685913,0.0441920006014435,0.0353536004811549,0.0294613337342958,0.0252525717722537,0.022096000300722
0.9764811633777004,0.0235188366222997,0.446103156693469,0.553896843306531,360.0,1060.0,False,13760.0,0.0,0.9999999999999992,01,operational,73,1,0.1881506929783825,0.0940753464891971,0.0627168976594648,0.0470376732445988,0.0376301385956791,0.0313584488297326,0.0268786704254854,0.0235188366222997
0.8300053881224113,0.1699946118775886,0.4821297581383423,0.5178702418616576,360.0,,True,13760.0,1.0,0.8435994411819693,11,operational,73,11,0.2651529832944937,0.2107767710562623,0.1926513669768518,0.1835886649371466,0.1781510437133233,0.1745259628974412,0.1719366194575257,0.1699946118775886
0.972234990500858,0.027765009499142,0.4962129041742985,0.5037870958257015,360.0,1140.0,False,13760.0,0.0,0.9999999999999992,00,operational,103,0,0.222120075992559,0.1110600379965669,0.0740400253310445,0.0555300189982836,0.0444240151986269,0.0370200126655226,0.031731439427591,0.027765009499142
0.969633003600041,0.0303669963999589,0.5286762675959669,0.4713237324040332,360.0,1140.0,False,13760.0,0.0,0.9999999999999992,10,operational,103,10,0.2429359711990623,0.1214679855998341,0.0809786570665562,0.0607339927999173,0.0485871942399339,0.0404893285332783,0.0347051387428103,0.0303669963999589
0.9709499258529806,0.0290500741470194,0.4962129041742985,0.5037870958257015,360.0,1200.0,False,13760.0,0.0,0.9999999999999992,01,operational,103,1,0.2324005931638408,0.1162002965880759,0.0774668643920508,0.0581001482940383,0.0464801186352307,0.0387334321960255,0.0332000847394508,0.0290500741470194
0.967667176507423,0.032332823492577,0.5286762675959669,0.4713237324040332,360.0,1230.0,False,13760.0,0.0,0.9999999999999992,11,operational,103,11,0.2586625878783504,0.1293312939703067,0.0862208626468713,0.0646656469851536,0.0517325175881228,0.0431104313234359,0.0369517982772308,0.032332823492577
0.9715349736872336,0.0284650263127664,0.4885031439672006,0.5114968560327994,360.0,1150.0,False,13760.0,0.0,0.9999999999999992,00,operational,133,0,0.2277202105011264,0.1138601052510647,0.0759067368340433,0.0569300526255326,0.0455440421004259,0.037953368417022,0.0325314586431617,0.0284650263127664
0.9702802505846624,0.0297197494153377,0.4967378318120682,0.5032621681879318,360.0,1150.0,False,13760.0,0.0,0.9999999999999992,10,operational,133,10,0.2377579953216217,0.1188789976613492,0.0792526651075663,0.0594394988306749,0.0475515990645399,0.0396263325537833,0.0339654279032431,0.0297197494153377
0.9667936241044186,0.0332063758955814,0.4885031439672006,0.5114968560327994,360.0,1380.0,False,13760.0,0.0,0.9999999999999992,01,operational,133,1,0.2656509012452446,0.132825503582324,0.0885503357215496,0.0664127517911622,0.0531302014329297,0.044275167860775,0.0379501438806644,0.0332063758955814
0.8255674813348762,0.1744325186651237,0.4967378318120682,0.5032621681879318,360.0,,True,13760.0,1.0,0.8435994411819693,11,operational,133,11,0.3006562375947552,0.2285283982064027,0.2044857850769453,0.1924644785122168,0.1852516945733795,0.180443171947488,0.1770085129289943,0.1744325186651237
0.9170346110794976,0.0829653889205023,0.8966307321852447,0.1033692678147552,360.0,2290.0,False,13760.0,0.0,0.9999999999999992,00,operational,163,0,0.5820033810851373,0.3318615556820076,0.2212410371213387,0.1659307778410041,0.1327446222728032,0.1106205185606695,0.0948175873377169,0.0829653889205023
0.9105854714243116,0.0894145285756884,0.9509733394702956,0.0490266605297045,360.0,2290.0,False,13760.0,0.0,0.9999999999999992,10,operational,163,10,0.6194659102483318,0.3576581143027519,0.2384387428685014,0.1788290571513762,0.1430632457211009,0.1192193714342508,0.1021880326579295,0.0894145285756884
0.9066932922406656,0.0933067077593342,0.8966307321852447,0.1033692678147552,360.0,2580.0,False,13760.0,0.0,0.9999999999999992,01,operational,163,1,0.6088822316262612,0.3732268310373355,0.2488178873582239,0.1866134155186679,0.1492907324149344,0.1244089436791123,0.1066362374392391,0.0933067077593342
0.7775395115033028,0.2224604884966972,0.9509733394702956,0.0490266605297045,360.0,,True,13760.0,1.0,0.8440980303790332,11,operational,163,11,0.634552364467474,0.4221360451238882,0.3333913532895812,0.2890190073724277,0.2623955998221356,0.244646661455274,0.2319688483360873,0.2224604884966972
0.965041439652908,0.0349585603470918,0.5558166231594361,0.4441833768405639,360.0,1260.0,False,13760.0,0.0,0.9999999999999992,00,operational,193,0,0.2796684824856413,0.1398342413883659,0.0932228275922441,0.0699171206941833,0.0559336965553466,0.0466114137961222,0.0399526403966764,0.0349585603470918
0.9630455782666556,0.0369544217333444,0.5684656594774382,0.4315343405225618,360.0,1260.0,False,13760.0,0.0,0.9999999999999992,10,operational,193,10,0.2956353735640896,0.1478176869333762,0.098545124622251,0.0739088434666883,0.0591270747733507,0.0492725623111258,0.0422336248381078,0.0369544217333444
0.9584922729336852,0.0415077270663147,0.5558166231594361,0.4441833768405639,360.0,1510.0,False,13760.0,0.0,0.9999999999999992,01,operational,193,1,0.3319990369376441,0.1660309082652575,0.1106872721768383,0.0830154541326291,0.0664123633061032,0.0553436360884194,0.0474374023615026,0.0415077270663147
0.8191415651635787,0.1808584348364212,0.5684656594774382,0.4315343405225618,360.0,,True,13760.0,1.0,0.8435994411819693,11,operational,193,11,0.352063566954327,0.2542320628915926,0.2216215615337387,0.2053163108548116,0.1955331604474555,0.1890110601758846,0.1843524171247629,0.1808584348364212
0.9789943000439912,0.0210056999560088,0.4226169099569921,0.5773830900430079,360.0,930.0,False,13760.0,0.0,0.9999999999999992,00,operational,223,0,0.1680455996480674,0.0840227998240339,0.0560151998826894,0.0420113999120171,0.0336091199296137,0.0280075999413449,0.0240065142354387,0.0210056999560088
0.9773744470873263,0.0226255529126735,0.4383565096430398,0.5616434903569602,360.0,930.0,False,13760.0,0.0,0.9999999999999992,10,operational,223,10,0.1810044233013849,0.0905022116506926,0.0603348077671286,0.0452511058253466,0.0362008846602772,0.0301674038835645,0.0258577747573411,0.0226255529126735
0.9781539933026686,0.0218460066973313,0.4226169099569921,0.5773830900430079,360.0,970.0,False,13760.0,0.0,0.9999999999999992,01,operational,223,1,0.1747680535786481,0.0873840267893243,0.0582560178595498,0.0436920133946623,0.0349536107157298,0.0291280089297752,0.0249668647969502,0.0218460066973313
0.8899780915502034,0.1100219084497966,0.4383565096430398,0.5616434903569602,360.0,,True,13760.0,1.0,0.9061811327489596,11,operational,223,11,0.2234431968410889,0.1586310320460646,0.1370269771143898,0.1262249496485525,0.1197437331690502,0.1154229221827152,0.1123366286210475,0.1100219084497966
0.9621536688038071,0.0378463311961928,0.8508298087237196,0.1491701912762804,290.0,1290.0,False,13760.0,0.0,0.9999999999999992,00,operational,253,0,0.3027706483896056,0.1513853247847697,0.1009235498565133,0.0756926623923851,0.060554129913908,0.0504617749282568,0.043252949938506,0.0378463311961928
0.957631734374615,0.0423682656253849,0.955585191717934,0.0444148082820658,290.0,1290.0,False,13760.0,0.0,0.9999999999999992,10,operational,253,10,0.338946123762885,0.1694730625015386,0.1129820416676926,0.0847365312507695,0.0677892250006156,0.0564910208338464,0.04842087500044,0.0423682656253849
0.9512535644001135,0.0487464355998863,0.8508298087237196,0.1491701912762804,290.0,1440.0,False,13760.0,0.0,0.9999999999999992,01,operational,253,1,0.3899694080348491,0.1949857423995437,0.1299904949330292,0.0974928711997722,0.0779942969598177,0.0649952474665149,0.0557102121141557,0.0487464355998863
0.0841438857804794,0.9158561142195206,0.955585191717934,0.0444148082820658,290.0,,True,13760.0,1.0,0.0734484579158179,11,operational,253,11,0.8409881191668893,0.883769830625536,0.8980304011117514,0.905160686354859,0.9094388575007236,0.9122909715979668,0.9143281959531404,0.9158561142195206
0.964855572481773,0.0351444275182269,0.7642719140639587,0.2357280859360413,290.0,1320.0,False,13760.0,0.0,0.9999999999999992,00,operational,283,0,0.2811554150387606,0.1405777100729065,0.0937184733819379,0.0702888550364535,0.0562310840291627,0.0468592366909693,0.0401650600208308,0.0351444275182269
0.960361737297586,0.0396382627024141,0.8225704683865201,0.1774295316134798,290.0,1320.0,False,13760.0,0.0,0.9999999999999992,10,operational,283,10,0.3171060957342996,0.1585530508096544,0.1057020338731031,0.0792765254048274,0.0634212203238621,0.0528510169365517,0.0453008716599018,0.0396382627024141
0.955824051307722,0.044175948692278,0.7642719140639587,0.2357280859360413,290.0,1510.0,False,13760.0,0.0,0.9999999999999992,01,operational,283,1,0.3533272360393708,0.1767037947691105,0.1178025298460737,0.0883518973845556,0.0706815179076445,0.058901264923037,0.0504867985054606,0.044175948692278
0.8422473010349737,0.1577526989650263,0.8225704683865201,0.1774295316134798,290.0,,True,13760.0,1.0,0.9061811327489596,11,operational,283,11,0.60528952082352,0.3495541941069835,0.2643090851550025,0.221686530679012,0.1961129979934177,0.1790639762030216,0.1668861034955958,0.1577526989650263
0.9690827833415212,0.0309172166584789,0.7127089066730345,0.2872910933269655,360.0,1120.0,False,13760.0,0.0,0.9999999999999992,00,operational,14,0,0.2473377332676053,0.1236688666339141,0.0824459110892762,0.0618344333169573,0.0494675466535659,0.0412229555446383,0.0353339618954045,0.0309172166584789
0.9669974297357556,0.0330025702642444,0.7569225571195499,0.24307744288045,360.0,1130.0,False,13760.0,0.0,0.9999999999999992,10,operational,14,10,0.2640205621136435,0.1320102810569764,0.0880068540379842,0.0660051405284884,0.0528041124227908,0.0440034270189925,0.0377172231591366,0.0330025702642444
0.9673883422650654,0.0326116577349345,0.7127089066730345,0.2872910933269655,360.0,1190.0,False,13760.0,0.0,0.9999999999999992,01,operational,14,1,0.2608932618720464,0.1304466309397368,0.0869644206264912,0.0652233154698687,0.0521786523758949,0.0434822103132457,0.0372704659827823,0.0326116577349345
0.8800062885480823,0.1199937114519177,0.7569225571195499,0.24307744288045,360.0,,True,13760.0,1.0,0.9061811327489596,11,operational,14,11,0.3032176208579938,0.1985182440545494,0.1636184517867129,0.1461685556527949,0.1356986179724442,0.1287186595188768,0.123732974909186,0.1199937114519177
0.9619671816676972,0.0380328183323026,0.7175812439064491,0.282418756093551,360.0,1310.0,False,13760.0,0.0,0.9999999999999992,00,operational,44,0,0.3042625429701793,0.152131273329209,0.1014208488861395,0.0760656366646048,0.060852509331684,0.05071042444307,0.0434660780940602,0.0380328183323026
0.9587659084783776,0.0412340915216223,0.7763513102974129,0.2236486897025871,250.0,1310.0,False,13760.0,0.0,0.9999999999999992,10,operational,44,10,0.3298727283800565,0.1649363660864881,0.1099575773909921,0.0824681830432442,0.0659745464345954,0.0549787886954963,0.0471246760247112,0.0412340915216223
0.9619158031624102,0.0380841968375897,0.7175812439064491,0.282418756093551,360.0,1320.0,False,13760.0,0.0,0.9999999999999992,01,operational,44,1,0.3046735685969088,0.1523367873503576,0.1015578582335718,0.076168393675179,0.0609347149401433,0.0507789291167861,0.0435247963858169,0.0380841968375897
0.9583299558861664,0.0416700441138334,0.7763513102974129,0.2236486897025871,250.0,1340.0,False,13760.0,0.0,0.9999999999999992,11,operational,44,11,0.3333603402882337,0.1666801764553321,0.1111201176368884,0.0833400882276663,0.066672070582133,0.0555600588184443,0.0476229075586667,0.0416700441138334
0.9690506731514212,0.0309493268485787,0.9036626804826288,0.0963373195173712,360.0,1160.0,False,13760.0,0.0,0.9999999999999992,00,operational,74,0,0.2475946147873027,0.1237973073943137,0.0825315382628759,0.061898653697157,0.0495189229577256,0.0412657691314383,0.0353706592555185,0.0309493268485787
0.9662709802807232,0.0337290197192766,0.9735550349129336,0.0264449650870665,360.0,1160.0,False,13760.0,0.0,0.9999999999999992,10,operational,74,10,0.2698321577528401,0.1349160788771051,0.0899440525847368,0.0674580394385528,0.0539664315508422,0.0449720262923687,0.0385474511077446,0.0337290197192766
0.9686786857573022,0.0313213142426977,0.9036626804826288,0.0963373195173712,360.0,1180.0,False,13760.0,0.0,0.9999999999999992,01,operational,74,1,0.2505705139367902,0.1252852569707895,0.0835235046471931,0.0626426284853951,0.050114102788316,0.0417617523235966,0.0357957877059403,0.0313213142426977
0.9657447483305792,0.0342552516694207,0.9735550349129336,0.0264449650870665,360.0,1190.0,False,13760.0,0.0,0.9999999999999992,11,operational,74,11,0.274042013347086,0.1370210066776817,0.0913473377851211,0.0685105033388411,0.0548084026710729,0.0456736688925607,0.0391488590507667,0.0342552516694207
0.9525071103214918,0.0474928896785081,0.5601607891213138,0.4398392108786861,360.0,1680.0,False,13760.0,0.0,0.9999999999999992,00,operational,104,0,0.3745684142943448,0.1899715587140316,0.1266477058093545,0.094985779357016,0.0759886234856128,0.0633238529046776,0.0542775882040094,0.0474928896785081
0.9493092068489076,0.0506907931510922,0.5700954879128897,0.4299045120871103,360.0,1690.0,False,13760.0,0.0,0.9999999999999992,10,operational,104,10,0.3992983729325378,0.2027631726043675,0.1351754484029117,0.101381586302184,0.0811052690417472,0.067587724201456,0.0579323350298197,0.0506907931510922
0.9475812879069456,0.0524187120930542,0.5601607891213138,0.4398392108786861,360.0,1880.0,False,13760.0,0.0,0.9999999999999992,01,operational,104,1,0.3980373981718679,0.2096748483722152,0.1397832322481436,0.1048374241861079,0.0838699393488864,0.0698916161240721,0.059907099534919,0.0524187120930542
0.8620992916128324,0.1379007083871676,0.5700954879128897,0.4299045120871103,360.0,,True,13760.0,1.0,0.9061811327489596,11,operational,104,11,0.4285347926018514,0.2701462317955485,0.2113704436140459,0.1819825495232945,0.1643498130688437,0.1525946554325432,0.144198114263757,0.1379007083871676
0.9853916112737814,0.0146083887262186,0.7409604010519977,0.2590395989480022,360.0,670.0,False,13760.0,0.0,0.9999999999999992,00,operational,134,0,0.116867109809745,0.0584335549048726,0.0389557032699152,0.0292167774524365,0.0233734219619492,0.0194778516349579,0.0166953014013926,0.0146083887262186
0.9821971326149124,0.0178028673850876,0.9509701002695824,0.0490298997304175,360.0,670.0,False,13760.0,0.0,0.9999999999999992,10,operational,134,10,0.1424229390806982,0.0712114695403494,0.0474743130268997,0.0356057347701749,0.02848458781614,0.0237371565134502,0.0203461341543859,0.0178028673850876
0.9836958694223632,0.0163041305776369,0.7409604010519977,0.2590395989480022,360.0,740.0,False,13760.0,0.0,0.9999999999999992,01,operational,134,1,0.1304330446210914,0.0652165223105459,0.043477681540364,0.0326082611552732,0.0260866089242186,0.0217388407701821,0.0186332920887278,0.0163041305776369
0.0860303243892775,0.9139696756107224,0.9509701002695824,0.0490298997304175,360.0,,True,13760.0,1.0,0.0734484579158179,11,operational,134,11,0.8258966102965051,0.8762240761903436,0.8929998981549564,0.9013878091372628,0.9064205557266468,0.9097757201195692,0.912172266114514,0.9139696756107224
0.9764631909436148,0.0235368090563853,0.4283979217198267,0.5716020782801733,360.0,1060.0,False,13760.0,0.0,0.9999999999999992,00,operational,164,0,0.1882944724510676,0.0941472362255398,0.06276482415036,0.0470736181127701,0.037658894490216,0.0313824120751803,0.0268992103501546,0.0235368090563853
0.9741418725037106,0.0258581274962893,0.4503594255035585,0.5496405744964414,360.0,1070.0,False,13760.0,0.0,0.9999999999999992,10,operational,164,10,0.206865019970298,0.1034325099851558,0.0689550066567709,0.0517162549925781,0.0413730039940627,0.0344775033283856,0.0295521457100449,0.0258581274962893
0.9739638139150792,0.0260361860849207,0.4283979217198267,0.5716020782801733,360.0,1190.0,False,13760.0,0.0,0.9999999999999992,01,operational,164,1,0.2082894886740141,0.1041447443396813,0.0694298295597877,0.0520723721698408,0.0416578977358726,0.034714914779894,0.0297556412399093,0.0260361860849207
0.971580582516648,0.0284194174833519,0.4503594255035585,0.5496405744964414,360.0,1210.0,False,13760.0,0.0,0.9999999999999992,11,operational,164,11,0.2273553398508768,0.1136776699334058,0.0757851132889374,0.0568388349667031,0.0454710679733626,0.0378925566444688,0.0324793342666879,0.0284194174833519
0.975385617936147,0.024614382063853,0.7666005797663201,0.2333994202336798,360.0,950.0,False,13760.0,0.0,0.9999999999999992,00,operational,194,0,0.19691505651082,0.0984575282554103,0.0656383521702737,0.0492287641277053,0.0393830113021644,0.032819176085137,0.0281307223586891,0.024614382063853
0.9732924882865844,0.0267075117134154,0.8396084997043665,0.1603915002956336,360.0,950.0,False,13760.0,0.0,0.9999999999999992,10,operational,194,10,0.2136600937073198,0.1068300468536602,0.0712200312357734,0.0534150234268303,0.0427320187414642,0.0356100156178869,0.0305228705296176,0.0267075117134154
0.9739683631622624,0.0260316368377375,0.7666005797663201,0.2333994202336798,360.0,1020.0,False,13760.0,0.0,0.9999999999999992,01,operational,194,1,0.2082530947018956,0.1041265473509486,0.0694176982339659,0.0520632736754745,0.0416506189403798,0.0347088491169831,0.0297504421002715,0.0260316368377375
0.9716775665976318,0.0283224334023681,0.8396084997043665,0.1603915002956336,360.0,1040.0,False,13760.0,0.0,0.9999999999999992,11,operational,194,11,0.2265794672189373,0.113289733609471,0.0755264890729806,0.0566448668047357,0.0453158934437886,0.0377632445364904,0.0323684953169921,0.0283224334023681
0.9794247409879157,0.0205752590120843,0.3835389411345911,0.6164610588654089,360.0,1060.0,False,13760.0,0.0,0.9999999999999992,00,operational,224,0,0.1646020720966639,0.0823010360483358,0.0548673573655573,0.0411505180241682,0.0329204144193345,0.0274336786827787,0.0235145817280963,0.0205752590120843
0.9763568635541,0.0236431364458998,0.423688092404487,0.576311907595513,360.0,1060.0,False,13760.0,0.0,0.9999999999999992,10,operational,224,10,0.189145091567187,0.0945725457835977,0.0630483638557318,0.0472862728917992,0.0378290183134393,0.0315241819278661,0.0270207273667426,0.0236431364458998
0.9758716553017012,0.0241283446982989,0.3835389411345911,0.6164610588654089,360.0,1220.0,False,13760.0,0.0,0.9999999999999992,01,operational,224,1,0.193026757560536,0.0965133787931946,0.0643422525287966,0.0482566893965975,0.0386053515172779,0.0321711262643986,0.0275752510837702,0.0241283446982989
0.973795589603274,0.026204410396726,0.423688092404487,0.576311907595513,360.0,1220.0,False,13760.0,0.0,0.9999999999999992,11,operational,224,11,0.2096352831342876,0.1048176415869026,0.069878427724602,0.0524088207934515,0.0419270566347612,0.0349392138623013,0.0299478975962582,0.026204410396726
0.9938543873808268,0.0061456126191731,0.2558685268334929,0.7441314731665071,360.0,450.0,False,13760.0,0.0,0.9999999999999992,00,operational,254,0,0.0491649009533803,0.0245824504766905,0.0163883003177938,0.0122912252383454,0.0098329801906764,0.0081941501588971,0.0070235572790549,0.0061456126191731
0.9926320446650886,0.0073679553349114,0.3143507408886651,0.6856492591113349,360.0,450.0,False,13760.0,0.0,0.9999999999999992,10,operational,254,10,0.0589436426792877,0.0294718213396441,0.0196478808930963,0.0147359106698222,0.0117887285358579,0.0098239404465483,0.0084205203827558,0.0073679553349114
0.9938399219174308,0.0061600780825692,0.2558685268334929,0.7441314731665071,360.0,460.0,False,13760.0,0.0,0.9999999999999992,01,operational,254,1,0.0492806246605508,0.0246403123302756,0.0164268748868506,0.012320156165138,0.0098561249321104,0.0082134374434255,0.0070400892372219,0.0061600780825692
0.9925900365278992,0.0074099634721008,0.3143507408886651,0.6856492591113349,360.0,460.0,False,13760.0,0.0,0.9999999999999992,11,operational,254,11,0.0592797077768024,0.0296398538884015,0.0197599025922678,0.0148199269442009,0.0118559415553609,0.009879951296134,0.0084685296824009,0.0074099634721008
0.9567172072035242,0.0432827927964758,0.5721170022847268,0.4278829977152732,360.0,1520.0,False,13760.0,0.0,0.9999999999999992,00,operational,284,0,0.3460849231807862,0.1731311711859016,0.1154207807906012,0.086565585592951,0.0692524684743608,0.0577103903953009,0.049466048910258,0.0432827927964758
0.9519671960498468,0.0480328039501533,0.5885888827501999,0.4114111172498001,360.0,1530.0,False,13760.0,0.0,0.9999999999999992,10,operational,284,10,0.384069046632879,0.192131215800612,0.1280874772004081,0.0960656079003062,0.076852486320245,0.0640437386002044,0.0548946330858894,0.0480328039501533
0.9544982423519496,0.0455017576480503,0.5721170022847268,0.4278829977152732,360.0,1640.0,False,13760.0,0.0,0.9999999999999992,01,operational,284,1,0.3605499314836322,0.1820070305921997,0.1213380203947998,0.0910035152961,0.0728028122368801,0.0606690101974001,0.0520020087406288,0.0455017576480503
0.9489871592881166,0.0510128407118833,0.5885888827501999,0.4114111172498001,360.0,1700.0,False,13760.0,0.0,0.9999999999999992,11,operational,284,11,0.4017722026569268,0.2040513628475321,0.136034241898355,0.1020256814237662,0.081620545139013,0.0680171209491776,0.0583003893850095,0.0510128407118833
0.9674878602421496,0.0325121397578503,0.7087940988866612,0.2912059011133387,360.0,1120.0,False,13760.0,0.0,0.9999999999999992,00,operational,15,0,0.2600971180625872,0.1300485590313996,0.0866990393542666,0.0650242795157001,0.0520194236125601,0.0433495196771335,0.0371567311518289,0.0325121397578503
0.9648578178501612,0.0351421821498388,0.772911732233815,0.2270882677661849,360.0,1120.0,False,13760.0,0.0,0.9999999999999992,10,operational,15,10,0.2811374571984883,0.1405687285993541,0.0937124857329029,0.0702843642996773,0.0562274914397419,0.0468562428664518,0.04016249388553,0.0351421821498388
0.9643459592495948,0.0356540407504053,0.7087940988866612,0.2912059011133387,360.0,1220.0,False,13760.0,0.0,0.9999999999999992,01,operational,15,1,0.2852323259768098,0.1426161630016195,0.0950774420010798,0.07130808150081,0.0570464652006481,0.0475387210005401,0.0407474751433203,0.0356540407504053
0.8203921767576241,0.1796078232423759,0.772911732233815,0.2270882677661849,360.0,,True,13760.0,1.0,0.8435994411819693,11,operational,15,11,0.3420586742127889,0.2492296165154108,0.2182865972829508,0.2028150876667208,0.1935321818969827,0.1873435780504908,0.1829231467315679,0.1796078232423759
0.9846555028760972,0.0153444971239027,0.4148737966809087,0.5851262033190913,360.0,730.0,False,13760.0,0.0,0.9999999999999992,00,operational,45,0,0.1227559769912183,0.0613779884956094,0.0409186589970732,0.0306889942478049,0.0245511953982441,0.0204593294985367,0.017536568141603,0.0153444971239027
0.983571044434034,0.0164289555659659,0.4237994068102403,0.5762005931897597,360.0,730.0,False,13760.0,0.0,0.9999999999999992,10,operational,45,10,0.1314316445277235,0.0657158222638619,0.0438105481759081,0.0328579111319312,0.0262863289055449,0.0219052740879542,0.0187759492182467,0.0164289555659659
0.982856387687128,0.0171436123128719,0.4148737966809087,0.5851262033190913,360.0,810.0,False,13760.0,0.0,0.9999999999999992,01,operational,45,1,0.1371488985029724,0.0685744492514864,0.0457162995009909,0.0342872246257435,0.0274297797005947,0.0228581497504956,0.0195926997861394,0.0171436123128719
0.894036871592577,0.1059631284074229,0.4237994068102403,0.5762005931897597,360.0,,True,13760.0,1.0,0.9061811327489596,11,operational,45,11,0.1909729565020989,0.1423959118765698,0.12620356366806,0.1181073895638051,0.1132496851012522,0.1100112154595504,0.1076980228583346,0.1059631284074229
0.9529042432485942,0.0470957567514057,0.5756928015894545,0.4243071984105455,360.0,1630.0,False,13760.0,0.0,0.9999999999999992,00,operational,75,0,0.3742362180328611,0.1883830270056216,0.1255886846704145,0.094191513502811,0.0753532108022488,0.0627943423352075,0.0538237220016065,0.0470957567514057
0.9492928271918998,0.0507071728081002,0.5792606064845455,0.4207393935154545,360.0,1630.0,False,13760.0,0.0,0.9999999999999992,10,operational,75,10,0.4026714757586952,0.2028286912323988,0.135219127488266,0.1014143456161996,0.0811314764929597,0.0676095637441331,0.0579510546378285,0.0507071728081002
0.9498763485363186,0.0501236514636813,0.5756928015894545,0.4243071984105455,360.0,1740.0,False,13760.0,0.0,0.9999999999999992,01,operational,75,1,0.3918679278164434,0.2004946058547234,0.1336630705698158,0.100247302927362,0.0801978423418896,0.066831535284908,0.0572841731013499,0.0501236514636813
0.8084356370066257,0.1915643629933743,0.5792606064845455,0.4207393935154545,360.0,,True,13760.0,1.0,0.8435994411819693,11,operational,75,11,0.43646100894274,0.2970557755194051,0.2501707032856136,0.2267281671687178,0.2126626454985805,0.2032856310518221,0.1965877635898519,0.1915643629933743
0.96431907367595,0.0356809263240499,0.586112822587953,0.4138871774120469,360.0,1340.0,False,13760.0,0.0,0.9999999999999992,00,operational,105,0,0.2854473970873422,0.142723705296198,0.0951491368641321,0.0713618526480992,0.0570894821184795,0.0475745684320663,0.0407782015131999,0.0356809263240499
0.9620810605660696,0.0379189394339305,0.5905704710980788,0.4094295289019212,360.0,1340.0,False,13760.0,0.0,0.9999999999999992,10,operational,105,10,0.3033515015870055,0.1516757577357205,0.1011171718238138,0.0758378788678605,0.0606703030942885,0.050558585911907,0.043335930781635,0.0379189394339305
0.9595876361936536,0.0404123638063462,0.586112822587953,0.4138871774120469,360.0,1510.0,False,13760.0,0.0,0.9999999999999992,01,operational,105,1,0.3232012068569662,0.1616494552253835,0.1077663034835892,0.0808247276126921,0.0646597820901536,0.0538831517417949,0.0461855586358243,0.0404123638063462
0.8177690650618907,0.1822309349381092,0.5905704710980788,0.4094295289019212,360.0,,True,13760.0,1.0,0.8435994411819693,11,operational,105,11,0.3630435503381302,0.2597220632983444,0.2252815618049065,0.2080613110581877,0.1977291606101563,0.1908410603114687,0.1859209886695489,0.1822309349381092
0.9803835870283236,0.0196164129716764,0.426522936292766,0.573477063707234,360.0,920.0,False,13760.0,0.0,0.9999999999999992,00,operational,135,0,0.1569313037734082,0.0784656518867044,0.0523104345911363,0.0392328259433525,0.0313862607546819,0.0261552172955683,0.022418757681916,0.0196164129716764
0.9784819698895376,0.0215180301104624,0.4498226569305099,0.5501773430694901,360.0,920.0,False,13760.0,0.0,0.9999999999999992,10,operational,135,10,0.1721442408836961,0.0860721204418483,0.0573814136278988,0.0430360602209244,0.0344288481767395,0.0286907068139498,0.0245920344119571,0.0215180301104624
0.9802664211558,0.0197335788442,0.426522936292766,0.573477063707234,360.0,930.0,False,13760.0,0.0,0.9999999999999992,01,operational,135,1,0.1578686307535965,0.0789343153767986,0.0526228769178657,0.0394671576883995,0.0315737261507196,0.0263114384589332,0.0225526615362285,0.0197335788442
0.9773325482442642,0.0226674517557358,0.4498226569305099,0.5501773430694901,360.0,980.0,False,13760.0,0.0,0.9999999999999992,11,operational,135,11,0.1813396140458828,0.0906698070229417,0.0604465380152945,0.045334903511471,0.0362679228091767,0.0302232690076474,0.0259056591494123,0.0226674517557358
0.9700916983584752,0.0299083016415248,0.863496042193229,0.1365039578067711,290.0,1160.0,False,13760.0,0.0,0.9999999999999992,00,operational,165,0,0.2392664131309033,0.119633206566098,0.0797554710440655,0.0598166032830492,0.0478532826264392,0.0398777355220331,0.0341809161617426,0.0299083016415248
0.9672290429281156,0.0327709570718844,0.8921223602762081,0.1078776397237919,290.0,1160.0,False,13760.0,0.0,0.9999999999999992,10,operational,165,10,0.2621676565737193,0.1310838282875362,0.0873892188583576,0.0655419141437684,0.0524335313150148,0.043694609429179,0.037452522367868,0.0327709570718844
0.9520595677829224,0.0479404322170776,0.863496042193229,0.1365039578067711,290.0,1390.0,False,13760.0,0.0,0.9999999999999992,01,operational,165,1,0.383523266584827,0.191761728868309,0.1278411525788729,0.0958808644341546,0.0767046915473238,0.0639205762894368,0.0547890653909458,0.0479404322170776
0.8177405365375887,0.1822594634624113,0.8921223602762081,0.1078776397237919,290.0,,True,13760.0,1.0,0.8435994411819693,11,operational,165,11,0.3632717959540608,0.2598361773955525,0.225357637869712,0.2081183681067916,0.1977748062490395,0.1908790983438715,0.1859535926973228,0.1822594634624113
0.9392675457978704,0.0607324542021295,0.5797245437350138,0.4202754562649862,360.0,2020.0,False,13760.0,0.0,0.9999999999999992,00,operational,195,0,0.4473845773788392,0.2429298168085167,0.1619532112056779,0.1214649084042586,0.0971719267234069,0.0809766056028392,0.069408519088148,0.0607324542021295
0.9331391549208224,0.0668608450791775,0.6108714973732605,0.3891285026267395,360.0,2020.0,False,13760.0,0.0,0.9999999999999992,10,operational,195,10,0.488296054418245,0.2674433803167088,0.178295586877806,0.1337216901583546,0.1069773521266836,0.0891477934389033,0.0764123943762028,0.0668608450791775
0.932991748581045,0.0670082514189549,0.5797245437350138,0.4202754562649862,360.0,2230.0,False,13760.0,0.0,0.9999999999999992,01,operational,195,1,0.4616713593733198,0.2680330056758178,0.1786886704505453,0.1340165028379091,0.1072132022703274,0.0893443352252728,0.0765808587645199,0.0670082514189549
0.7984660926833917,0.2015339073166082,0.6108714973732605,0.3891285026267395,360.0,,True,13760.0,1.0,0.8440980303790331,11,operational,195,11,0.4911232308017637,0.3384297204035319,0.2775871368093436,0.2471658450122494,0.228913069933993,0.2167445532151554,0.2080527555588428,0.2015339073166082
0.9865912151363464,0.0134087848636536,0.3676403497151764,0.6323596502848235,360.0,820.0,False,13760.0,0.0,0.9999999999999992,00,operational,225,0,0.1072702789092261,0.0536351394546132,0.035756759636409,0.0268175697273068,0.0214540557818454,0.0178783798182048,0.0153243255584613,0.0134087848636536
0.983208765582322,0.0167912344176779,0.4551585339214582,0.5448414660785418,360.0,820.0,False,13760.0,0.0,0.9999999999999992,10,operational,225,10,0.1343298753414193,0.0671649376707099,0.0447766251138067,0.0335824688353553,0.0268659750682842,0.0223883125569035,0.0191899821916319,0.0167912344176779
0.9847414960262056,0.0152585039737943,0.3676403497151764,0.6323596502848235,360.0,930.0,False,13760.0,0.0,0.9999999999999992,01,operational,225,1,0.1220680317903505,0.0610340158951755,0.0406893439301171,0.030517007947588,0.0244136063580704,0.0203446719650587,0.0174382902557649,0.0152585039737943
0.8926100905832599,0.10738990941674,0.4551585339214582,0.5448414660785418,360.0,,True,13760.0,1.0,0.9061811327489596,11,operational,225,11,0.2023872045766378,0.1481030359138393,0.1300083130262395,0.1209609515824398,0.1155325347161599,0.1119135901386402,0.1093286297261258,0.10738990941674
0.9300472019585502,0.0699527980414498,0.8744208876122418,0.1255791123877582,360.0,1850.0,False,13760.0,0.0,0.9999999999999992,00,operational,255,0,0.540770439383424,0.279811192165798,0.1865407947771988,0.1399055960828993,0.1119244768663194,0.0932703973885997,0.0799460549045141,0.0699527980414498
0.922834308217144,0.0771656917828561,0.9460317339931752,0.0539682660068247,360.0,1850.0,False,13760.0,0.0,0.9999999999999992,10,operational,255,10,0.5940531721424054,0.308662767131423,0.2057751780876155,0.1543313835657118,0.1234651068525694,0.102887589043808,0.0881893620375499,0.0771656917828561
0.9173223949261158,0.0826776050738842,0.8744208876122418,0.1255791123877582,360.0,2250.0,False,13760.0,0.0,0.9999999999999992,01,operational,255,1,0.5824420379841557,0.3307104202955353,0.2204736135303571,0.1653552101477678,0.1322841681182144,0.1102368067651787,0.0944886915130105,0.0826776050738842
0.1551740527193097,0.8448259472806903,0.9460317339931752,0.0539682660068247,360.0,,True,13760.0,1.0,0.1532245761385752,11,operational,255,11,0.831179544401297,0.8389775175384867,0.8415768196461327,0.8428764706999557,0.8436562613322496,0.8441761217537788,0.8445474506262995,0.8448259472806903
0.983226615983388,0.0167733840166118,0.6564726883089429,0.3435273116910571,360.0,670.0,False,13760.0,0.0,0.9999999999999992,00,operational,285,0,0.1341870721328916,0.067093536066446,0.0447290240442974,0.0335467680332232,0.0268374144265786,0.0223645120221489,0.0191695817332706,0.0167733840166118
0.9805787766557092,0.0194212233442907,0.7696272772870666,0.2303727227129333,360.0,680.0,False,13760.0,0.0,0.9999999999999992,10,operational,285,10,0.155369786754323,0.0776848933771617,0.0517899289181079,0.038842446688581,0.0310739573508648,0.0258949644590542,0.0221956838220466,0.0194212233442907
0.9829403300017472,0.0170596699982528,0.6564726883089429,0.3435273116910571,360.0,690.0,False,13760.0,0.0,0.9999999999999992,01,operational,285,1,0.1364773599860188,0.0682386799930097,0.0454924533286733,0.0341193399965051,0.027295471997204,0.022746226664337,0.0194967657122888,0.0170596699982528
0.93595228444296,0.0640477155570399,0.7696272772870666,0.2303727227129333,360.0,,True,13760.0,1.0,0.9525874527262772,11,operational,285,11,0.1804938935402589,0.1139532204069908,0.0917729960292348,0.0806828838403568,0.0740288165270302,0.069592771651479,0.0664241681689424,0.0640477155570399
0.9641373650837456,0.0358626349162544,0.5492435938229951,0.4507564061770048,360.0,1350.0,False,13760.0,0.0,0.9999999999999992,00,operational,16,0,0.2869010588439643,0.1434505396650158,0.0956336931100106,0.0717252698325082,0.0573802158660066,0.0478168465550057,0.0409858684757192,0.0358626349162544
0.9599314254033178,0.0400685745966822,0.57992985471253,0.4200701452874699,360.0,1350.0,False,13760.0,0.0,0.9999999999999992,10,operational,16,10,0.320548575152056,0.1602742983867272,0.1068495322578185,0.0801371491933639,0.0641097193546911,0.0534247661289094,0.0457926566819225,0.0400685745966822
0.9602571089926086,0.0397428910073913,0.5492435938229951,0.4507564061770048,360.0,1500.0,False,13760.0,0.0,0.9999999999999992,01,operational,16,1,0.3179091928108079,0.1589715640295639,0.1059810426863762,0.0794857820147821,0.0635886256118258,0.0529905213431882,0.0454204468655901,0.0397428910073913
0.8720064421712483,0.1279935578287516,0.57992985471253,0.4200701452874699,360.0,,True,13760.0,1.0,0.9061811327489596,11,operational,16,11,0.3672112361569083,0.230517629561885,0.1849513754582701,0.1621682484064627,0.1484983721753784,0.1393851213546555,0.1328756564827103,0.1279935578287516
0.9644526622626292,0.0355473377373707,0.5620603739599803,0.4379396260400197,360.0,1260.0,False,13760.0,0.0,0.9999999999999992,00,operational,46,0,0.2843787015989947,0.1421893509494813,0.0947929006329875,0.0710946754747409,0.0568757403797927,0.0473964503164939,0.0406255288427094,0.0355473377373707
0.9626744312874246,0.0373255687125754,0.5650469448170445,0.4349530551829554,360.0,1270.0,False,13760.0,0.0,0.9999999999999992,10,operational,46,10,0.2986045493633511,0.1493022748502999,0.0995348499002,0.0746511374251502,0.0597209099401202,0.0497674249501003,0.0426577928143718,0.0373255687125754
0.9624415007264444,0.0375584992735555,0.5620603739599803,0.4379396260400197,360.0,1350.0,False,13760.0,0.0,0.9999999999999992,01,operational,46,1,0.3004679668132713,0.150233997094221,0.1001559980628142,0.0751169985471107,0.0600935988376886,0.0500779990314075,0.0429239991697778,0.0375584992735555
0.8760082112049108,0.1239917887950892,0.5650469448170445,0.4349530551829554,360.0,,True,13760.0,1.0,0.9061811327489596,11,operational,46,11,0.3352022392805676,0.2145105534272349,0.1742799913685034,0.1541647103391377,0.1420955417215184,0.134049429309772,0.1283022061585247,0.1239917887950892
0.9476449897696642,0.0523550102303358,0.8930912865160883,0.1069087134839117,360.0,1640.0,False,13760.0,0.0,0.9999999999999992,00,operational,76,0,0.415777671598976,0.2094200409213417,0.1396133606142279,0.1047100204606712,0.0837680163685369,0.0698066803071141,0.0598342974060981,0.0523550102303358
0.9398007408325364,0.0601992591674637,0.981748655643684,0.0182513443563161,360.0,1640.0,False,13760.0,0.0,0.9999999999999992,10,operational,76,10,0.4779646770341921,0.240797036669853,0.1605313577799021,0.1203985183349268,0.0963188146679414,0.0802656788899514,0.068799153334244,0.0601992591674637
0.941667265833125,0.058332734166875,0.8930912865160883,0.1069087134839117,360.0,1870.0,False,13760.0,0.0,0.9999999999999992,01,operational,76,1,0.4470204758406205,0.2333309366674985,0.1555539577783324,0.1166654683337494,0.0933323746669996,0.0777769788891664,0.066665981905,0.058332734166875
0.7963376111757532,0.2036623888242468,0.981748655643684,0.0182513443563161,360.0,,True,13760.0,1.0,0.8435994411819694,11,operational,76,11,0.5247922524049412,0.3454478788428953,0.2824321055012737,0.2509242188304631,0.2320194868279765,0.2194163321596521,0.2104140788251347,0.2036623888242468
0.9767477469456064,0.0232522530543934,0.4466424431005127,0.5533575568994873,360.0,1050.0,False,13760.0,0.0,0.9999999999999992,00,operational,106,0,0.1860180244351398,0.0930090122175726,0.0620060081450484,0.0465045061087865,0.0372036048870292,0.0310030040725244,0.0265740034907354,0.0232522530543934
0.9740998277434186,0.0259001722565813,0.4618373094081643,0.5381626905918356,360.0,1050.0,False,13760.0,0.0,0.9999999999999992,10,operational,106,10,0.207201378052642,0.1036006890263239,0.0690671260175493,0.0518003445131621,0.0414402756105297,0.0345335630087749,0.0296001968646644,0.0259001722565813
0.974784189347933,0.025215810652067,0.4466424431005127,0.5533575568994873,360.0,1160.0,False,13760.0,0.0,0.9999999999999992,01,operational,106,1,0.2017264852148751,0.1008632426082662,0.0672421617388442,0.0504316213041334,0.0403452970433068,0.0336210808694225,0.0288180693166479,0.025215810652067
0.9716536536254016,0.0283463463745985,0.4618373094081643,0.5381626905918356,360.0,1190.0,False,13760.0,0.0,0.9999999999999992,11,operational,106,11,0.2267707709876989,0.1133853854983922,0.0755902569989284,0.0566926927491964,0.0453541541993571,0.0377951284994643,0.0323958244281126,0.0283463463745985
0.9654947651701488,0.0345052348298511,0.7413620307311475,0.2586379692688524,360.0,1160.0,False,13760.0,0.0,0.9999999999999992,00,operational,136,0,0.2760418786372182,0.1380209393194028,0.0920139595462685,0.0690104696597017,0.0552083757277613,0.0460069797731346,0.0394345540912584,0.0345052348298511
0.9621692952631068,0.037830704736893,0.80502119899993,0.19497880100007,360.0,1180.0,False,13760.0,0.0,0.9999999999999992,10,operational,136,10,0.3026456378916826,0.1513228189475707,0.1008818792983805,0.0756614094737856,0.0605291275790285,0.0504409396491905,0.0432350911278778,0.037830704736893
0.96424375195569,0.0357562480443099,0.7413620307311475,0.2586379692688524,360.0,1220.0,False,13760.0,0.0,0.9999999999999992,01,operational,136,1,0.2860499843340627,0.1430249921772386,0.0953499947848259,0.0715124960886195,0.0572099968708955,0.0476749973924133,0.0408642834792114,0.0357562480443099
0.8755998832204336,0.1244001167795664,0.80502119899993,0.19497880100007,360.0,,True,13760.0,1.0,0.9061811327489596,11,operational,136,11,0.3384688634781172,0.2161438653651441,0.1753688659937761,0.1549813663080923,0.142748866496682,0.1345938666224083,0.1287688667122131,0.1244001167795664
0.9273915414543402,0.0726084585456597,0.9063203925809574,0.0936796074190425,360.0,1930.0,False,13760.0,0.0,0.9999999999999992,00,operational,166,0,0.5533027877735628,0.2904338341826372,0.1936225561217582,0.1452169170913189,0.1161735336730551,0.0968112780608793,0.082981095480754,0.0726084585456597
0.920952548447004,0.0790474515529958,0.9661775784213016,0.0338224215786983,360.0,1940.0,False,13760.0,0.0,0.9999999999999992,10,operational,166,10,0.5984078224943263,0.316189806211982,0.2107932041413215,0.1580949031059912,0.1264759224847931,0.105396602070661,0.0903399446319952,0.0790474515529958
0.8936085530662287,0.1063914469337713,0.9063203925809574,0.0936796074190425,360.0,2390.0,False,13760.0,0.0,0.9999999999999992,01,operational,166,1,0.745118128150486,0.4255657877350841,0.2837105251567229,0.2127828938675423,0.1702263150940339,0.1418552625783617,0.1215902250671672,0.1063914469337713
0.7474242163981412,0.2525757836018588,0.9661775784213016,0.0338224215786983,360.0,,True,13760.0,1.0,0.8435994411819693,11,operational,166,11,0.8854084096855228,0.5411014579533431,0.4128678249082389,0.3487510083856868,0.3102809184721556,0.2846341918631349,0.2663151014281202,0.2525757836018588
0.9664376690474016,0.0335623309525983,0.4970110317850357,0.5029889682149643,360.0,1270.0,False,13760.0,0.0,0.9999999999999992,00,operational,196,0,0.2684986471919313,0.1342493238103914,0.0894995492069277,0.0671246619051959,0.0536997295241568,0.0447497746034641,0.0383569496601122,0.0335623309525983
0.9645395307206166,0.0354604692793834,0.5028689455179363,0.4971310544820638,360.0,1270.0,False,13760.0,0.0,0.9999999999999992,10,operational,196,10,0.2836837538052275,0.141841877117532,0.0945612514116881,0.0709209385587663,0.056736750847013,0.0472806257058442,0.0405262506050095,0.0354604692793834
0.9621980042899524,0.0378019957100475,0.4970110317850357,0.5029889682149643,360.0,1480.0,False,13760.0,0.0,0.9999999999999992,01,operational,196,1,0.302401109489105,0.1512079828401885,0.1008053218934591,0.0756039914200945,0.0604831931360756,0.0504026609467298,0.0432022808114829,0.0378019957100475
0.876677151386356,0.1233228486136439,0.5028689455179363,0.4971310544820638,360.0,,True,13760.0,1.0,0.9061811327489596,11,operational,196,11,0.3298506472500543,0.2118347927014536,0.1724961508846493,0.152826829976247,0.1410252374312058,0.1331575090678448,0.1275377030940158,0.1233228486136439
0.9664692154824772,0.0335307845175227,0.6051594409607044,0.3948405590392956,360.0,1260.0,False,13760.0,0.0,0.9999999999999992,00,operational,226,0,0.2682462759382832,0.1341231380700891,0.0894154253800595,0.0670615690350447,0.0536492552280359,0.0447077126900299,0.0383208965914545,0.0335307845175227
0.9625209157975032,0.0374790842024967,0.6681853413264487,0.3318146586735513,360.0,1260.0,False,13760.0,0.0,0.9999999999999992,10,operational,226,10,0.299832673414444,0.1499163368099855,0.0999442245399905,0.074958168404993,0.0599665347239943,0.0499721122699955,0.0428332390885677,0.0374790842024967
0.9634290153622036,0.0365709846377965,0.6051594409607044,0.3948405590392956,360.0,1380.0,False,13760.0,0.0,0.9999999999999992,01,operational,226,1,0.292567760278373,0.1462839385511846,0.0975226257007899,0.0731419692755924,0.0585135754204739,0.0487613128503952,0.0417954110146245,0.0365709846377965
0.8177144713104785,0.1822855286895215,0.6681853413264487,0.3318146586735513,360.0,,True,13760.0,1.0,0.8435994411819694,11,operational,226,11,0.3634803177653962,0.2599404383039941,0.2254271451420063,0.2081704985610124,0.197816510612416,0.1909138519800184,0.1859833815283059,0.1822855286895215
0.9937773275316114,0.0062226724683885,0.2707524622642405,0.7292475377357595,360.0,460.0,False,13760.0,0.0,0.9999999999999992,00,operational,256,0,0.0497813797471058,0.0248906898735531,0.0165937932490355,0.0124453449367768,0.0099562759494216,0.0082968966245181,0.0071116256781583,0.0062226724683885
0.99273038979947,0.0072696102005298,0.3053392832120214,0.6946607167879786,360.0,470.0,False,13760.0,0.0,0.9999999999999992,10,operational,256,10,0.058156881604235,0.0290784408021177,0.019385627201412,0.0145392204010591,0.0116313763208473,0.0096928136007062,0.0083081259434626,0.0072696102005298
0.993649439780898,0.0063505602191018,0.2707524622642405,0.7292475377357595,360.0,480.0,False,13760.0,0.0,0.9999999999999992,01,operational,256,1,0.0508044817528106,0.0254022408764055,0.016934827250937,0.0127011204382031,0.0101608963505624,0.0084674136254688,0.0072577831075448,0.0063505602191018
0.992378851344754,0.0076211486552458,0.3053392832120214,0.6946607167879786,360.0,490.0,False,13760.0,0.0,0.9999999999999992,11,operational,256,11,0.0609691892419638,0.0304845946209821,0.020323063080655,0.0152422973104913,0.012193837848393,0.0101615315403278,0.0087098841774239,0.0076211486552458
0.9532073841074205,0.0467926158925795,0.5492190691805308,0.4507809308194693,360.0,1640.0,False,13760.0,0.0,0.9999999999999992,00,operational,286,0,0.3707161757101987,0.1871704635703167,0.1247803090468779,0.0935852317851586,0.0748681854281269,0.0623901545234392,0.0534772753058052,0.0467926158925795
0.94964674584458,0.0503532541554201,0.5511972541318182,0.4488027458681818,360.0,1650.0,False,13760.0,0.0,0.9999999999999992,10,operational,286,10,0.3983157297529234,0.201413016621679,0.1342753444144528,0.1007065083108398,0.0805652066486719,0.0671376722072267,0.0575465761776229,0.0503532541554201
0.9517234282333266,0.0482765717666734,0.5492190691805308,0.4507809308194693,360.0,1710.0,False,13760.0,0.0,0.9999999999999992,01,operational,286,1,0.3788552814719942,0.1931062870666922,0.1287375247111283,0.0965531435333463,0.0772425148266771,0.0643687623555644,0.0551732248761982,0.0482765717666734
0.8653366870894362,0.1346633129105637,0.5511972541318182,0.4488027458681818,360.0,,True,13760.0,1.0,0.9061811327489596,11,operational,286,11,0.4170593815686068,0.2571966498891332,0.202737389009769,0.1755077585700868,0.1591699803062777,0.1482781281304047,0.1404982337190671,0.1346633129105637
0.9917772663278056,0.0082227336721942,0.3553525592485848,0.6446474407514152,360.0,560.0,False,13760.0,0.0,0.9999999999999992,00,operational,17,0,0.0657818693775508,0.0328909346887756,0.0219272897925173,0.016445467344388,0.0131563738755103,0.010963644896259,0.0093974099110791,0.0082227336721942
0.9857875236095052,0.0142124763904947,0.616983012114143,0.383016987885857,360.0,570.0,False,13760.0,0.0,0.9999999999999992,10,operational,17,10,0.1136998111239547,0.0568499055619777,0.0378999370413186,0.0284249527809891,0.0227399622247912,0.0189499685206596,0.0162428301605653,0.0142124763904947
0.9914814377278852,0.0085185622721148,0.3553525592485848,0.6446474407514152,360.0,590.0,False,13760.0,0.0,0.9999999999999992,01,operational,17,1,0.0681484981769159,0.0340742490884582,0.0227161660589724,0.0170371245442293,0.0136296996353834,0.0113580830294865,0.0097354997395598,0.0085185622721148
0.8361490148245716,0.1638509851754284,0.616983012114143,0.383016987885857,360.0,,True,13760.0,1.0,0.8435994411819693,11,operational,17,11,0.2160039696772114,0.1862022642476212,0.1762683624377578,0.171301411532826,0.168321240989867,0.1663344606278942,0.1649153317979138,0.1638509851754284
0.9877714357859808,0.0122285642140193,0.358586329306211,0.641413670693789,360.0,670.0,False,13760.0,0.0,0.9999999999999992,00,operational,47,0,0.0978285137121506,0.0489142568560755,0.032609504570717,0.0244571284280381,0.0195657027424305,0.0163047522853587,0.0139755019588792,0.0122285642140193
0.9857673260248933,0.0142326739751067,0.3972329858583494,0.6027670141416506,360.0,680.0,False,13760.0,0.0,0.9999999999999992,10,operational,47,10,0.1138613918008499,0.0569306959004252,0.0379537972669502,0.0284653479502129,0.0227722783601703,0.0189768986334755,0.0162659131144077,0.0142326739751067
0.9877104292039104,0.0122895707960896,0.358586329306211,0.641413670693789,360.0,680.0,False,13760.0,0.0,0.9999999999999992,01,operational,47,1,0.0983165663687126,0.0491582831843565,0.0327721887895712,0.0245791415921785,0.0196633132737429,0.0163860943947857,0.0140452237669594,0.0122895707960896
0.98552899458511,0.0144710054148898,0.3972329858583494,0.6027670141416506,360.0,690.0,False,13760.0,0.0,0.9999999999999992,11,operational,47,11,0.1157680433191147,0.0578840216595576,0.0385893477730385,0.028942010829779,0.0231536086638231,0.0192946738865195,0.0165382919027312,0.0144710054148898
0.980661589649614,0.0193384103503859,0.4381509577637721,0.5618490422362279,360.0,880.0,False,13760.0,0.0,0.9999999999999992,00,operational,77,0,0.1547072828030846,0.0773536414015426,0.0515690942676952,0.0386768207007716,0.0309414565606171,0.025784547133848,0.0221010404004411,0.0193384103503859
0.97909172811505,0.0209082718849501,0.4547080893198726,0.5452919106801274,360.0,880.0,False,13760.0,0.0,0.9999999999999992,10,operational,77,10,0.1672661750795977,0.083633087539799,0.0557553916931995,0.0418165437698997,0.0334532350159197,0.0278776958466,0.0238951678685144,0.0209082718849501
0.97964509657416,0.02035490342584,0.4381509577637721,0.5618490422362279,360.0,940.0,False,13760.0,0.0,0.9999999999999992,01,operational,77,1,0.1628392274067163,0.0814196137033583,0.0542797424689058,0.0407098068516793,0.0325678454813435,0.0271398712344532,0.0232627467723884,0.02035490342584
0.9772050308097784,0.0227949691902217,0.4547080893198726,0.5452919106801274,360.0,970.0,False,13760.0,0.0,0.9999999999999992,11,operational,77,11,0.1823597535217702,0.0911798767608853,0.060786584507257,0.0455899383804428,0.0364719507043542,0.0303932922536287,0.0260513933602534,0.0227949691902217
0.969774292766728,0.030225707233272,0.6127601152928295,0.3872398847071705,360.0,1110.0,False,13760.0,0.0,0.9999999999999992,00,operational,107,0,0.2418056578660633,0.1209028289330866,0.0806018859553913,0.0604514144665435,0.0483611315732347,0.040300942977696,0.0345436654094537,0.030225707233272
0.9672500845065324,0.0327499154934677,0.6668290626873866,0.3331709373126134,360.0,1110.0,False,13760.0,0.0,0.9999999999999992,10,operational,107,10,0.2619993239476241,0.1309996619738691,0.0873331079825795,0.0654998309869347,0.0523998647895479,0.0436665539912899,0.0374284748496772,0.0327499154934677
0.9679609254898208,0.0320390745101791,0.6127601152928295,0.3872398847071705,360.0,1220.0,False,13760.0,0.0,0.9999999999999992,01,operational,107,1,0.2563125960432145,0.128156298040715,0.0854375320271435,0.0640781490203578,0.0512625192162863,0.0427187660135719,0.0366160851544905,0.0320390745101791
0.9649940588865726,0.0350059411134273,0.6668290626873866,0.3331709373126134,360.0,1240.0,False,13760.0,0.0,0.9999999999999992,11,operational,107,11,0.2800475287905337,0.1400237644537078,0.0933491763024719,0.0700118822268541,0.0560095057814833,0.0466745881512362,0.0400067898439169,0.0350059411134273
0.9824485099007982,0.0175514900992017,0.4516418198597588,0.5483581801402412,360.0,760.0,False,13760.0,0.0,0.9999999999999992,00,operational,137,0,0.1404119207936107,0.0702059603968056,0.0468039735978703,0.035102980198403,0.0280823841587224,0.0234019867989353,0.0200588458276591,0.0175514900992017
0.9821880092120198,0.0178119907879802,0.4516518705806313,0.5483481294193687,360.0,760.0,False,13760.0,0.0,0.9999999999999992,10,operational,137,10,0.1424959263038386,0.0712479631519196,0.0474986421012798,0.03562398157596,0.028499185260768,0.0237493210506402,0.0203565609005488,0.0178119907879802
0.982271752640114,0.0177282473598858,0.4516418198597588,0.5483581801402412,360.0,770.0,False,13760.0,0.0,0.9999999999999992,01,operational,137,1,0.1418259788790828,0.0709129894395417,0.047275326293028,0.0354564947197711,0.0283651957758167,0.0236376631465141,0.0202608541255837,0.0177282473598858
0.981838769639993,0.018161230360007,0.4516518705806313,0.5483481294193687,360.0,780.0,False,13760.0,0.0,0.9999999999999992,11,operational,137,11,0.1452898428800534,0.0726449214400269,0.0484299476266848,0.0363224607200137,0.0290579685760109,0.0242149738133428,0.020755691840008,0.018161230360007
0.9698363353329652,0.0301636646670346,0.8561637133468875,0.1438362866531125,360.0,1090.0,False,13760.0,0.0,0.9999999999999992,00,operational,167,0,0.241309317336234,0.1206546586681371,0.0804364391120916,0.0603273293340688,0.0482618634672552,0.0402182195560461,0.0344727596194681,0.0301636646670346
0.9653648397899696,0.0346351602100305,0.9685862108512288,0.0314137891487712,360.0,1090.0,False,13760.0,0.0,0.9999999999999992,10,operational,167,10,0.2770812816801993,0.1385406408401208,0.0923604272267472,0.0692703204200606,0.0554162563360485,0.0461802136133739,0.039583040240035,0.0346351602100305
0.9606957517749908,0.0393042482250091,0.8561637133468875,0.1438362866531125,360.0,1360.0,False,13760.0,0.0,0.9999999999999992,01,operational,167,1,0.3144339470439359,0.1572169929000348,0.1048113286000236,0.0786084964500176,0.0628867971600141,0.0524056643000121,0.0449191408285818,0.0393042482250091
0.0774793669882685,0.9225206330117316,0.9685862108512288,0.0314137891487712,360.0,,True,13760.0,1.0,0.0694323936587898,11,operational,167,11,0.8661918197053805,0.8983797130232953,0.9091090107959336,0.9144736596822528,0.9176924490140442,0.919838308568572,0.9213710653932344,0.9225206330117316
0.985875765577226,0.0141242344227739,0.3819816032064639,0.6180183967935361,360.0,730.0,False,13760.0,0.0,0.9999999999999992,00,operational,197,0,0.1129938753821877,0.056496937691094,0.0376646251273962,0.0282484688455474,0.0225987750764379,0.0188323125636982,0.0161419821974559,0.0141242344227739
0.9836178645228076,0.0163821354771924,0.4156087039187578,0.5843912960812422,360.0,740.0,False,13760.0,0.0,0.9999999999999992,10,operational,197,10,0.1310570838175366,0.0655285419087685,0.0436856946058459,0.0327642709543846,0.0262114167635075,0.0218428473029232,0.0187224405453628,0.0163821354771924
0.9856240341490492,0.0143759658509506,0.3819816032064639,0.6180183967935361,360.0,750.0,False,13760.0,0.0,0.9999999999999992,01,operational,197,1,0.1150077268076023,0.0575038634038014,0.0383359089358678,0.0287519317019009,0.0230015453615206,0.019167954467934,0.0164296752582293,0.0143759658509506
0.9834361673639848,0.0165638326360151,0.4156087039187578,0.5843912960812422,360.0,750.0,False,13760.0,0.0,0.9999999999999992,11,operational,197,11,0.1325106610881183,0.0662553305440594,0.0441702203627064,0.0331276652720299,0.0265021322176238,0.0220851101813536,0.0189300944411602,0.0165638326360151
0.9659261943595832,0.0340738056404168,0.540418043614973,0.4595819563850269,360.0,1300.0,False,13760.0,0.0,0.9999999999999992,00,operational,227,0,0.2725904430762003,0.1362952225616658,0.0908634817077773,0.0681476112808332,0.0545180890246664,0.045431740853889,0.0389414921604763,0.0340738056404168
0.9628408663001218,0.0371591336998782,0.5640778660472475,0.4359221339527525,360.0,1300.0,False,13760.0,0.0,0.9999999999999992,10,operational,227,10,0.2972730675254645,0.1486365347995111,0.0990910231996742,0.0743182673997558,0.0594546139198047,0.0495455115998373,0.0424675813712893,0.0371591336998782
0.9622416021254604,0.0377583978745396,0.540418043614973,0.4595819563850269,360.0,1460.0,False,13760.0,0.0,0.9999999999999992,01,operational,227,1,0.302061592723488,0.1510335914981568,0.1006890609987712,0.0755167957490786,0.0604134365992629,0.0503445304993859,0.0431524547137595,0.0377583978745396
0.8750353395480628,0.1249646604519372,0.5640778660472475,0.4359221339527525,360.0,,True,13760.0,1.0,0.9061811327489596,11,operational,227,11,0.3429850613794554,0.2184020400546272,0.1768743157867649,0.1561104536528338,0.1436521363724753,0.1353465915189029,0.1294140594806367,0.1249646604519372
0.945079189462402,0.054920810537598,0.8260619975382777,0.1739380024617223,360.0,1630.0,False,13760.0,0.0,0.9999999999999992,00,operational,257,0,0.4363140444124088,0.2196832421503903,0.1464554947669271,0.1098416210751954,0.0878732968601563,0.0732277473834637,0.0627666406143976,0.054920810537598
0.940061451771908,0.0599385482280918,0.8814213072378787,0.1185786927621212,360.0,1640.0,False,13760.0,0.0,0.9999999999999992,10,operational,257,10,0.475758367518125,0.239754192912366,0.1598361286082442,0.1198770964561831,0.0959016771649466,0.0799180643041223,0.0685011979749621,0.0599385482280918
0.9415282053036054,0.0584717946963946,0.8260619975382777,0.1739380024617223,360.0,1790.0,False,13760.0,0.0,0.9999999999999992,01,operational,257,1,0.4531884587287934,0.2338871787855772,0.1559247858570515,0.1169435893927888,0.093554871514231,0.077962392928526,0.066824908224451,0.0584717946963946
0.9363364732407288,0.0636635267592711,0.8814213072378787,0.1185786927621212,360.0,1830.0,False,13760.0,0.0,0.9999999999999992,11,operational,257,11,0.4894189069742236,0.2546541070370827,0.1697694046913886,0.1273270535185416,0.1018616428148334,0.0848847023456944,0.0727583162963099,0.0636635267592711
0.9631570408462036,0.0368429591537964,0.6097705386776386,0.3902294613223613,360.0,1360.0,False,13760.0,0.0,0.9999999999999992,00,operational,287,0,0.2947436371293981,0.147371836615184,0.0982478910767895,0.0736859183075923,0.0589487346460739,0.0491239455383949,0.0421062390329102,0.0368429591537964
0.9603300790223136,0.0396699209776864,0.6652370229339133,0.3347629770660867,360.0,1360.0,False,13760.0,0.0,0.9999999999999992,10,operational,287,10,0.3173593309279547,0.1586796839107441,0.1057864559404963,0.0793398419553723,0.0634718735642978,0.0528932279702484,0.0453370525459273,0.0396699209776864
0.9592103765966564,0.0407896234033436,0.6097705386776386,0.3902294613223613,360.0,1520.0,False,13760.0,0.0,0.9999999999999992,01,operational,287,1,0.3261833464654958,0.1631584936133731,0.1087723290755823,0.0815792468066868,0.0652633974453494,0.0543861645377914,0.0466167124609642,0.0407896234033436
0.8724528854256091,0.1275471145743909,0.6652370229339133,0.3347629770660867,360.0,,True,13760.0,1.0,0.9061811327489596,11,operational,287,11,0.3636440103177029,0.2287318565444424,0.1837608601133084,0.1612753618977414,0.1477840629684013,0.1387898636821746,0.132365435620584,0.1275471145743909
0.964864699028682,0.0351353009713178,0.570717498884348,0.4292825011156521,290.0,1410.0,False,13760.0,0.0,0.9999999999999992,00,operational,18,0,0.2810818365566147,0.14054120388527,0.0936941359235133,0.0702706019426353,0.0562164815541081,0.0468470679617568,0.0401546296815061,0.0351353009713178
0.9586503526257004,0.0413496473742995,0.6674950115695901,0.3325049884304098,290.0,1410.0,False,13760.0,0.0,0.9999999999999992,10,operational,18,10,0.3307965149638857,0.1653985894971964,0.1102657263314644,0.0826992947485985,0.0661594357988787,0.0551328631657324,0.0472567398563423,0.0413496473742995
0.9583117918846156,0.0416882081153845,0.570717498884348,0.4292825011156521,290.0,1750.0,False,13760.0,0.0,0.9999999999999992,01,operational,18,1,0.3245260997119056,0.1667528324615365,0.1111685549743578,0.0833764162307685,0.0667011329846148,0.055584277487179,0.0476436664175823,0.0416882081153845
0.8700990744882807,0.1299009255117192,0.6674950115695901,0.3325049884304098,290.0,,True,13760.0,1.0,0.9061811327489596,11,operational,18,11,0.3770872836583946,0.2381471002937556,0.1900376892795171,0.1659829837723981,0.1515501604681266,0.1419282782652788,0.1350555052632449,0.1299009255117192
0.9724414066570451,0.0275585933429548,0.4891493006004693,0.5108506993995306,360.0,1200.0,False,13760.0,0.0,0.9999999999999992,00,operational,48,0,0.2204687467323695,0.1102343733718179,0.0734895822478789,0.0551171866859092,0.0440937493487273,0.0367447911239398,0.0314955352490913,0.0275585933429548
0.968605310831904,0.031394689168096,0.5417487192823648,0.4582512807176352,360.0,1200.0,False,13760.0,0.0,0.9999999999999992,10,operational,48,10,0.2511575133333221,0.1255787566723828,0.083719171114922,0.0627893783361915,0.0502315026689532,0.0418595855574612,0.0358796447635383,0.031394689168096
0.971521165618849,0.0284788343811509,0.4891493006004693,0.5108506993995306,360.0,1250.0,False,13760.0,0.0,0.9999999999999992,01,operational,48,1,0.2278306749049641,0.1139153375246023,0.0759435583497348,0.0569576687623014,0.0455661350098411,0.0379717791748678,0.0325472392927439,0.0284788343811509
0.9675819733655884,0.0324180266344117,0.5417487192823648,0.4582512807176352,360.0,1350.0,False,13760.0,0.0,0.9999999999999992,11,operational,48,11,0.2593441959704848,0.1296721065376455,0.0864480710250971,0.064836053268823,0.0518688426150585,0.0432240355125489,0.0370491732964705,0.0324180266344117
0.9512611242960788,0.0487388757039212,0.7331190009210371,0.2668809990789628,360.0,1690.0,False,13760.0,0.0,0.9999999999999992,00,operational,78,0,0.3847403262689869,0.1949555028156834,0.1299703352104557,0.0974777514078419,0.0779822011262735,0.0649851676052281,0.0557015722330528,0.0487388757039212
0.9472085786464332,0.0527914213535667,0.7732584713182156,0.2267415286817844,360.0,1690.0,False,13760.0,0.0,0.9999999999999992,10,operational,78,10,0.4165829084539016,0.2111656854142655,0.1407771236095106,0.1055828427071329,0.0844662741657065,0.0703885618047556,0.0603330529755048,0.0527914213535667
0.9455142817049996,0.0544857182950004,0.7331190009210371,0.2668809990789628,360.0,1880.0,False,13760.0,0.0,0.9999999999999992,01,operational,78,1,0.4144026178104086,0.2179428731800003,0.1452952487866671,0.1089714365900004,0.0871771492720003,0.0726476243933338,0.0622693923371434,0.0544857182950004
0.8037180832722425,0.1962819167277575,0.7732584713182156,0.2267415286817844,360.0,,True,13760.0,1.0,0.8435994411819692,11,operational,78,11,0.4673425590901271,0.3159259904569373,0.2627508465773018,0.2361632746374841,0.2202107314735933,0.2095757026976663,0.201979253572004,0.1962819167277575
0.941755469600743,0.058244530399257,0.5865574821285834,0.4134425178714166,360.0,1950.0,False,13760.0,0.0,0.9999999999999992,00,operational,108,0,0.4371788980074984,0.2329781215970267,0.1553187477313513,0.1164890607985136,0.0931912486388109,0.0776593738656759,0.0665651775991509,0.058244530399257
0.9362841905871984,0.0637158094128017,0.6020310363572472,0.3979689636427528,360.0,1950.0,False,13760.0,0.0,0.9999999999999992,10,operational,108,10,0.4737011422663164,0.2548632376512053,0.1699088251008037,0.1274316188256029,0.1019452950604823,0.0849544125504021,0.0728180679003446,0.0637158094128017
0.9332908036377946,0.0667091963622054,0.5865574821285834,0.4134425178714166,360.0,2270.0,False,13760.0,0.0,0.9999999999999992,01,operational,108,1,0.45900530564898,0.26683678544882,0.1778911902992137,0.1334183927244102,0.1067347141795282,0.0889455951496069,0.0762390815568061,0.0667091963622054
0.7321656198440167,0.2678343801559832,0.6020310363572472,0.3979689636427528,360.0,,True,13760.0,1.0,0.7660406140472761,11,operational,108,11,0.494109746854778,0.3694593627657606,0.3242927038280817,0.3017093743592424,0.2881593766779388,0.2791260448904028,0.2726736650421629,0.2678343801559832
0.9857340111339534,0.0142659888660465,0.3995651646328209,0.6004348353671791,360.0,710.0,False,13760.0,0.0,0.9999999999999992,00,operational,138,0,0.1141279109283688,0.0570639554641846,0.038042636976123,0.0285319777320925,0.022825582185674,0.0190213184880617,0.0163039872754817,0.0142659888660465
0.9839796145887338,0.0160203854112661,0.4279887512453418,0.5720112487546581,360.0,710.0,False,13760.0,0.0,0.9999999999999992,10,operational,138,10,0.1281630832901259,0.0640815416450631,0.0427210277633757,0.0320407708225317,0.0256326166580256,0.021360513881688,0.0183090118985899,0.0160203854112661
0.9856137487338676,0.0143862512661324,0.3995651646328209,0.6004348353671791,360.0,720.0,False,13760.0,0.0,0.9999999999999992,01,operational,138,1,0.115090010129056,0.0575450050645283,0.0383633367096855,0.0287725025322643,0.0230180020258115,0.0191816683548431,0.0164414300184371,0.0143862512661324
0.9836320909779328,0.0163679090220671,0.4279887512453418,0.5720112487546581,360.0,730.0,False,13760.0,0.0,0.9999999999999992,11,operational,138,11,0.1309432721765335,0.0654716360882671,0.043647757392178,0.0327358180441338,0.026188654435307,0.0218238786960892,0.0187061817395053,0.0163679090220671
0.9694674949543344,0.0305325050456657,0.6325237206040901,0.3674762793959099,360.0,1190.0,False,13760.0,0.0,0.9999999999999992,00,operational,168,0,0.244260040356618,0.1221300201826616,0.0814200134551079,0.061065010091331,0.048852008073065,0.0407100067275543,0.0348942914807608,0.0305325050456657
0.9657991726303689,0.0342008273696311,0.7128900703293337,0.2871099296706663,360.0,1200.0,False,13760.0,0.0,0.9999999999999992,10,operational,168,10,0.273606618947692,0.136803309478523,0.0912022063190154,0.0684016547392618,0.0547213237914094,0.0456011031595079,0.039086659851007,0.0342008273696311
0.9599383753919762,0.0400616246080237,0.6325237206040901,0.3674762793959099,360.0,1490.0,False,13760.0,0.0,0.9999999999999992,01,operational,168,1,0.3204607625686495,0.1602464984320936,0.1068309989547292,0.080123249216047,0.0640985993728376,0.0534154994773649,0.0457847138377415,0.0400616246080237
0.8131219086576457,0.1868780913423543,0.7128900703293337,0.2871099296706663,360.0,,True,13760.0,1.0,0.8435994411819693,11,operational,168,11,0.4002208190105031,0.2783106889153253,0.2376739788828938,0.217355623866678,0.2051646108569486,0.1970372688504622,0.1912320245601149,0.1868780913423543
0.9694397611656072,0.0305602388343928,0.7329406183606615,0.2670593816393384,360.0,1130.0,False,13760.0,0.0,0.9999999999999992,00,operational,198,0,0.2444819106747452,0.1222409553375698,0.0814939702250467,0.0611204776687851,0.0488963821350281,0.0407469851125237,0.034925987239306,0.0305602388343928
0.9664483653625796,0.0335516346374203,0.7963750454063613,0.2036249545936387,360.0,1130.0,False,13760.0,0.0,0.9999999999999992,10,operational,198,10,0.2684130770989512,0.1342065385496798,0.0894710256997867,0.0671032692748401,0.0536826154198721,0.0447355128498935,0.038344725299909,0.0335516346374203
0.9681209777388352,0.0318790222611649,0.7329406183606615,0.2670593816393384,360.0,1190.0,False,13760.0,0.0,0.9999999999999992,01,operational,198,1,0.2550321780826384,0.1275160890446577,0.0850107260297718,0.0637580445223292,0.0510064356178633,0.0425053630148862,0.036433168298474,0.0318790222611649
0.8791127170433679,0.120887282956632,0.7963750454063613,0.2036249545936387,360.0,,True,13760.0,1.0,0.9061811327489596,11,operational,198,11,0.3103661928955977,0.2020925300734065,0.1660013091326176,0.1479556986622234,0.1371283323799869,0.1299100881918292,0.1247541994860021,0.120887282956632
0.9264431798299252,0.0735568201700747,0.7595948127414858,0.2404051872585142,360.0,2170.0,False,13760.0,0.0,0.9999999999999992,00,operational,228,0,0.5285880935279594,0.294227280680297,0.1961515204535313,0.1471136403401487,0.117690912272119,0.098075760226766,0.0840649373372282,0.0735568201700747
0.92263260402826,0.0773673959717399,0.7621801080726,0.2378198919274,360.0,2180.0,False,13760.0,0.0,0.9999999999999992,10,operational,228,10,0.5472065628176686,0.3094695838869582,0.206313055924639,0.1547347919434794,0.1237878335547836,0.1031565279623197,0.0884198811105599,0.0773673959717399
0.9161574443599736,0.0838425556400265,0.7595948127414858,0.2404051872585142,360.0,2510.0,False,13760.0,0.0,0.9999999999999992,01,operational,228,1,0.5459485002432156,0.3353702225601045,0.2235801483734032,0.1676851112800526,0.134148089024042,0.1117900741867018,0.0958200635886017,0.0838425556400265
0.7446019319922726,0.2553980680077273,0.7621801080726,0.2378198919274,360.0,,True,13760.0,1.0,0.7948081436189391,11,operational,228,11,0.5643155558392956,0.4060167028877272,0.3390750873855049,0.3056042796343939,0.2855217949837272,0.2721334718832828,0.262570383954394,0.2553980680077273
0.9662108877713476,0.0337891122286523,0.7352919659215917,0.2647080340784082,360.0,1220.0,False,13760.0,0.0,0.9999999999999992,00,operational,258,0,0.2703128978006581,0.1351564489146076,0.0901042992764052,0.0675782244573041,0.0540625795658432,0.0450521496382029,0.0386161282613168,0.0337891122286523
0.9621214412860368,0.037878558713963,0.808494181792662,0.191505818207338,360.0,1220.0,False,13760.0,0.0,0.9999999999999992,10,operational,258,10,0.3030284696822988,0.1515142348558508,0.1010094899039006,0.0757571174279256,0.0606056939423406,0.0505047449519506,0.0432897813873863,0.037878558713963
0.9621287791532076,0.0378712208467924,0.7352919659215917,0.2647080340784082,360.0,1430.0,False,13760.0,0.0,0.9999999999999992,01,operational,258,1,0.3029684641034518,0.1514848833871684,0.1009899222581124,0.0757424416935844,0.0605939533548677,0.0504949611290566,0.043281395253477,0.0378712208467924
0.95713175546317,0.0428682445368299,0.808494181792662,0.191505818207338,360.0,1460.0,False,13760.0,0.0,0.9999999999999992,11,operational,258,11,0.3429373138422917,0.1714729781473182,0.1143153187648789,0.0857364890736593,0.0685891912589274,0.0571576593824397,0.0489922794706627,0.0428682445368299
0.9571097695873764,0.0428902304126237,0.5783078408481912,0.4216921591518088,360.0,1530.0,False,13760.0,0.0,0.9999999999999992,00,operational,288,0,0.3429257182817289,0.1715609216504932,0.1143739477669956,0.0857804608252468,0.0686243686601975,0.057186973883498,0.0490174061858555,0.0428902304126237
0.9537351558307472,0.0462648441692529,0.5958534276603598,0.4041465723396402,360.0,1530.0,False,13760.0,0.0,0.9999999999999992,10,operational,288,10,0.3699203707900172,0.1850593766770101,0.1233729177846736,0.0925296883385053,0.0740237506708042,0.061686458892337,0.0528741076220034,0.0462648441692529
0.9533230780470286,0.0466769219529713,0.5783078408481912,0.4216921591518088,360.0,1680.0,False,13760.0,0.0,0.9999999999999992,01,operational,288,1,0.3686364181879799,0.1867076878118837,0.1244717918745892,0.0933538439059422,0.0746830751247538,0.0622358959372948,0.0533450536605386,0.0466769219529713
0.8679079093947398,0.1320920906052601,0.5958534276603598,0.4041465723396402,360.0,,True,13760.0,1.0,0.9061811327489596,11,operational,288,11,0.3991048238847836,0.2469117606679187,0.1958807961956259,0.1703653139594796,0.1550560246177919,0.1448498317233333,0.137559693941577,0.1320920906052601
0.9834865829184426,0.0165134170815574,0.4342020767614682,0.5657979232385317,360.0,790.0,False,13760.0,0.0,0.9999999999999992,00,operational,19,0,0.132107336652455,0.0660536683262277,0.0440357788841518,0.0330268341631142,0.0264214673304913,0.0220178894420761,0.0188724766646369,0.0165134170815574
0.9823596866136644,0.0176403133863356,0.4530240992259837,0.5469759007740163,360.0,790.0,False,13760.0,0.0,0.9999999999999992,10,operational,19,10,0.1411225070906816,0.070561253545341,0.0470408356968941,0.0352806267726708,0.0282245014181367,0.0235204178484473,0.020160358155812,0.0176403133863356
0.9826540123895252,0.0173459876104746,0.4342020767614682,0.5657979232385317,360.0,830.0,False,13760.0,0.0,0.9999999999999992,01,operational,19,1,0.1387679008837934,0.0693839504418969,0.0462559669612647,0.0346919752209486,0.0277535801767589,0.0231279834806326,0.0198239858405424,0.0173459876104746
0.9812146074975592,0.0187853925024409,0.4530240992259837,0.5469759007740163,360.0,860.0,False,13760.0,0.0,0.9999999999999992,11,operational,19,11,0.1502831400195236,0.075141570009762,0.050094380006508,0.0375707850048813,0.030056628003905,0.0250471900032543,0.0214690200027896,0.0187853925024409
0.9294633675439282,0.0705366324560717,0.6555444844154621,0.3444555155845378,280.0,2210.0,False,13760.0,0.0,0.9999999999999992,00,operational,49,0,0.4924449103653909,0.2821465298242851,0.1880976865495235,0.1410732649121427,0.1128586119297142,0.0940488432747619,0.0806132942355104,0.0705366324560717
0.9253085010243888,0.0746914989756112,0.7002187052842561,0.2997812947157439,280.0,2220.0,False,13760.0,0.0,0.9999999999999992,10,operational,49,10,0.5119378744915959,0.2987659959024433,0.199177330601629,0.1493829979512219,0.1195063983609776,0.0995886653008147,0.0853617131149842,0.0746914989756112
0.9250019645615672,0.0749980354384327,0.6555444844154621,0.3444555155845378,280.0,2370.0,False,13760.0,0.0,0.9999999999999992,01,operational,49,1,0.4978665950652183,0.2999921417537291,0.1999947611691528,0.1499960708768649,0.1199968567014919,0.0999973805845767,0.0857120405010659,0.0749980354384327
0.8419385115792873,0.1580614884207126,0.7002187052842561,0.2997812947157439,280.0,,True,13760.0,1.0,0.9061811327489596,11,operational,49,11,0.516976187495972,0.3507893519297288,0.2651325237034994,0.2223041095903848,0.1966070611225158,0.17947569547727,0.1672390057306658,0.1580614884207126
0.9738750473610136,0.0261249526389865,0.4716751455029487,0.5283248544970512,360.0,1090.0,False,13760.0,0.0,0.9999999999999992,00,operational,79,0,0.2089996211118403,0.1044998105559444,0.0696665403706296,0.0522499052779725,0.0417999242223781,0.0348332701853152,0.0298570887302703,0.0261249526389865
0.9717374931482888,0.0282625068517111,0.4820128011879492,0.5179871988120508,360.0,1090.0,False,13760.0,0.0,0.9999999999999992,10,operational,79,10,0.2261000548136346,0.1130500274068432,0.0753666849378955,0.0565250137034217,0.0452200109627374,0.037683342468948,0.032300007830527,0.0282625068517111
0.9715322355029268,0.0284677644970732,0.4716751455029487,0.5283248544970512,360.0,1210.0,False,13760.0,0.0,0.9999999999999992,01,operational,79,1,0.2277421159609584,0.1138710579882916,0.0759140386588613,0.056935528994146,0.0455484231953168,0.037957019329431,0.0325345879966552,0.0284677644970732
0.9694097863237174,0.0305902136762825,0.4820128011879492,0.5179871988120508,360.0,1250.0,False,13760.0,0.0,0.9999999999999992,11,operational,79,11,0.2447217092393067,0.122360854705129,0.0815739031367529,0.0611804273525646,0.0489443418820517,0.0407869515683767,0.0349602442014658,0.0305902136762825
0.945862824915889,0.0541371750841109,0.8693021148773403,0.1306978851226597,360.0,1600.0,False,13760.0,0.0,0.9999999999999992,00,operational,109,0,0.4312982753890868,0.2165487003364424,0.1443658002242951,0.1082743501682215,0.0866194801345772,0.0721829001121479,0.0618710572389838,0.0541371750841109
0.9400476751993726,0.0599523248006274,0.9470076096693428,0.0529923903306573,360.0,1600.0,False,13760.0,0.0,0.9999999999999992,10,operational,109,10,0.4775669556339739,0.239809299202508,0.1598728661350055,0.1199046496012542,0.0959237196810034,0.0799364330675029,0.0685169426292884,0.0599523248006274
0.9421912618457152,0.0578087381542846,0.8693021148773403,0.1306978851226597,360.0,1760.0,False,13760.0,0.0,0.9999999999999992,01,operational,109,1,0.4517185947261548,0.2312349526171371,0.1541566350780917,0.1156174763085688,0.0924939810468551,0.0770783175390461,0.0660671293191825,0.0578087381542846
0.9351436592847616,0.0648563407152384,0.9470076096693428,0.0529923903306573,360.0,1830.0,False,13760.0,0.0,0.9999999999999992,11,operational,109,11,0.498795929131513,0.2594253628609523,0.1729502419073015,0.1297126814304764,0.1037701451443811,0.0864751209536511,0.0741215322459867,0.0648563407152384
0.9901689470771088,0.0098310529228911,0.3524159467130293,0.6475840532869707,360.0,560.0,False,13760.0,0.0,0.9999999999999992,00,operational,139,0,0.0786484233831257,0.039324211691563,0.0262161411277088,0.0196621058457817,0.0157296846766253,0.0131080705638547,0.0112354890547327,0.0098310529228911
0.9892539583313376,0.0107460416686624,0.3673158095206673,0.6326841904793327,360.0,560.0,False,13760.0,0.0,0.9999999999999992,10,operational,139,10,0.0859683333492953,0.0429841666746478,0.028656111116432,0.0214920833373242,0.0171936666698594,0.0143280555582161,0.0122811904784713,0.0107460416686624
0.9900988508726262,0.0099011491273738,0.3524159467130293,0.6475840532869707,360.0,570.0,False,13760.0,0.0,0.9999999999999992,01,operational,139,1,0.0792091930189865,0.0396045965094934,0.0264030643396624,0.0198022982547469,0.0158418386037977,0.0132015321698314,0.0113155990027129,0.0099011491273738
0.9890522230786064,0.0109477769213937,0.3673158095206673,0.6326841904793327,360.0,570.0,False,13760.0,0.0,0.9999999999999992,11,operational,139,11,0.0875822153711459,0.0437911076855732,0.0291940717903822,0.0218955538427869,0.0175164430742295,0.0145970358951914,0.0125117450530214,0.0109477769213937
0.956409490612578,0.043590509387422,0.5293254909580976,0.4706745090419024,360.0,1600.0,False,13760.0,0.0,0.9999999999999992,00,operational,169,0,0.3469511574728567,0.1743620375496863,0.1162413583664577,0.0871810187748434,0.0697448150198748,0.058120679183229,0.0498177250141966,0.043590509387422
0.9539473639444352,0.0460526360555647,0.5400461504017822,0.4599538495982179,360.0,1600.0,False,13760.0,0.0,0.9999999999999992,10,operational,169,10,0.3664253939728609,0.1842105442222572,0.122807029481505,0.0921052721111288,0.0736842176889032,0.0614035147407526,0.0526315840635025,0.0460526360555647
0.9534375464535516,0.0465624535464482,0.5293254909580976,0.4706745090419024,360.0,1720.0,False,13760.0,0.0,0.9999999999999992,01,operational,169,1,0.3645555436742527,0.1862498141857912,0.1241665427905276,0.0931249070928958,0.0744999256743167,0.062083271395264,0.0532142326245123,0.0465624535464482
0.9507967070896288,0.049203292910371,0.5400461504017822,0.4599538495982179,360.0,1740.0,False,13760.0,0.0,0.9999999999999992,11,operational,169,11,0.3829221303273189,0.1968131716414828,0.131208781094322,0.0984065858207416,0.0787252686565933,0.0656043905471612,0.0562323347547097,0.049203292910371
0.9781073241687508,0.0218926758312492,0.4496106878268889,0.550389312173111,360.0,990.0,False,13760.0,0.0,0.9999999999999992,00,operational,199,0,0.1751414066499905,0.0875707033249956,0.0583804688833305,0.043785351662498,0.0350282813299983,0.0291902344416656,0.0250202009499991,0.0218926758312492
0.975183988589392,0.024816011410608,0.4836668776773255,0.5163331223226745,360.0,990.0,False,13760.0,0.0,0.9999999999999992,10,operational,199,10,0.1985280912848598,0.0992640456424303,0.066176030428287,0.0496320228212153,0.0397056182569723,0.0330880152141437,0.0283611558978377,0.024816011410608
0.97771148822217,0.0222885117778298,0.4496106878268889,0.550389312173111,360.0,1010.0,False,13760.0,0.0,0.9999999999999992,01,operational,199,1,0.178308094222635,0.089154047111318,0.0594360314075457,0.0445770235556592,0.0356616188445274,0.0297180157037731,0.0254725848889484,0.0222885117778298
0.8873123647431755,0.1126876352568244,0.4836668776773255,0.5163331223226745,360.0,,True,13760.0,1.0,0.9061811327489596,11,operational,199,11,0.2447690112973118,0.1692939392741762,0.1441355819331308,0.1315564032626084,0.1240088960602948,0.1189772245920858,0.115383173543365,0.1126876352568244
0.937444738953258,0.0625552610467419,0.8224349307487627,0.1775650692512372,360.0,1970.0,False,13760.0,0.0,0.9999999999999992,00,operational,229,0,0.4669674062593847,0.2502210441869662,0.1668140294579777,0.1251105220934834,0.1000884176747867,0.0834070147289891,0.0714917269105622,0.0625552610467419
0.9312229004777433,0.0687770995222567,0.8971884691934564,0.1028115308065435,360.0,1970.0,False,13760.0,0.0,0.9999999999999992,10,operational,229,10,0.5110901978218565,0.2751083980890252,0.1834055987260168,0.1375541990445129,0.1100433592356103,0.0917027993630087,0.0786023994540077,0.0687770995222567
0.9301733853371102,0.0698266146628897,0.8224349307487627,0.1775650692512372,360.0,2240.0,False,13760.0,0.0,0.9999999999999992,01,operational,229,1,0.4844348370474682,0.2793064586515573,0.1862043057677052,0.1396532293257789,0.1117225834606232,0.0931021528838528,0.0798018453290169,0.0698266146628897
0.7949723682877777,0.2050276317122222,0.8971884691934564,0.1028115308065435,360.0,,True,13760.0,1.0,0.8440980303790332,11,operational,229,11,0.5172999959176039,0.3524046179859877,0.2869037351976475,0.2541532938034774,0.2345030289669754,0.2214028524093072,0.2120455834395442,0.2050276317122222
0.959438300869004,0.0405616991309959,0.7349379115829133,0.2650620884170867,360.0,1400.0,False,13760.0,0.0,0.9999999999999992,00,operational,259,0,0.3244932797948129,0.1622467965239822,0.1081645310159881,0.0811233982619913,0.064898718609593,0.0540822655079942,0.046356227578281,0.0405616991309959
0.9553446708942764,0.0446553291057235,0.7910765812625595,0.2089234187374405,360.0,1400.0,False,13760.0,0.0,0.9999999999999992,10,operational,259,10,0.3572423039602278,0.1786213164228925,0.1190808776152618,0.0893106582114465,0.0714485265691573,0.0595404388076311,0.0510346618351127,0.0446553291057235
0.9567840069262727,0.0432159930737272,0.7349379115829133,0.2650620884170867,360.0,1510.0,False,13760.0,0.0,0.9999999999999992,01,operational,259,1,0.3456628582090578,0.1728639722949072,0.1152426481966047,0.0864319861474538,0.069145588917963,0.0576213240983027,0.0493897063699739,0.0432159930737272
0.8127062638470242,0.1872937361529758,0.7910765812625595,0.2089234187374405,360.0,,True,13760.0,1.0,0.8435994411819693,11,operational,259,11,0.4035459649353526,0.2799732681578111,0.2387823650445509,0.2181869134879208,0.2058296425539428,0.1975914619312908,0.1917070472008253,0.1872937361529758
0.954002535502239,0.0459974644977609,0.8036243506500267,0.1963756493499732,280.0,1560.0,False,13760.0,0.0,0.9999999999999992,00,operational,289,0,0.3672980146260671,0.1839898579910425,0.1226599053273619,0.0919949289955215,0.0735959431964172,0.0613299526636812,0.052568530854584,0.0459974644977609
0.9501241283810784,0.0498758716189214,0.8979083866037362,0.1020916133962638,280.0,1560.0,False,13760.0,0.0,0.9999999999999992,10,operational,289,10,0.3983114932813345,0.199503486475684,0.1330023243171229,0.0997517432378423,0.0798013945902738,0.0665011621585616,0.0570009961359101,0.0498758716189214
0.9457212717297272,0.0542787282702726,0.8036243506500267,0.1963756493499732,280.0,1760.0,False,13760.0,0.0,0.9999999999999992,01,operational,289,1,0.4227381177060382,0.2171149130810893,0.1447432753873931,0.1085574565405448,0.086845965232436,0.0723716376936967,0.0620328323088831,0.0542787282702726
0.0860947684890058,0.9139052315109942,0.8979083866037362,0.1020916133962638,280.0,,True,13760.0,1.0,0.0694323936587898,11,operational,289,11,0.797268607607388,0.8639181070203461,0.8861346067939675,0.8972428566807782,0.9039078066128644,0.9083511065675888,0.9115248922495348,0.9139052315109942
0.983594030394798,0.0164059696052019,0.4108185998309868,0.5891814001690132,360.0,810.0,False,13760.0,0.0,0.9999999999999992,00,operational,20,0,0.1312477568416115,0.0656238784208059,0.0437492522805373,0.0328119392104033,0.0262495513683226,0.0218746261402689,0.0187496795488022,0.0164059696052019
0.9814752884322018,0.0185247115677982,0.4393907557997515,0.5606092442002485,360.0,820.0,False,13760.0,0.0,0.9999999999999992,10,operational,20,10,0.1481976925423821,0.0740988462711913,0.0493992308474608,0.0370494231355958,0.0296395385084767,0.0246996154237307,0.0211710989346265,0.0185247115677982
0.9813155900698064,0.0186844099301934,0.4108185998309868,0.5891814001690132,360.0,940.0,False,13760.0,0.0,0.9999999999999992,01,operational,20,1,0.1494752794415446,0.0747376397207725,0.0498250931471816,0.0373688198603865,0.0298950558883092,0.0249125465735909,0.0213536113487926,0.0186844099301934
0.8336598742176531,0.1663401257823469,0.4393907557997515,0.5606092442002485,360.0,,True,13760.0,1.0,0.8435994411819693,11,operational,20,11,0.2359170945325589,0.1961588266752948,0.1829060707228735,0.1762796927466628,0.1723038659609364,0.1696533147704521,0.1677600639201062,0.1663401257823469
0.9870833534477638,0.0129166465522362,0.3747455939900203,0.6252544060099797,360.0,710.0,False,13760.0,0.0,0.9999999999999992,00,operational,50,0,0.1033331724178868,0.0516665862089437,0.0344443908059627,0.025833293104472,0.0206666344835776,0.0172221954029817,0.0147618817739842,0.0129166465522362
0.9860874512644372,0.0139125487355626,0.3917127407392931,0.6082872592607069,360.0,710.0,False,13760.0,0.0,0.9999999999999992,10,operational,50,10,0.1113003898844972,0.0556501949422487,0.0371001299614993,0.0278250974711247,0.0222600779768998,0.0185500649807498,0.0159000556977858,0.0139125487355626
0.9861262064068412,0.0138737935931586,0.3747455939900203,0.6252544060099797,360.0,770.0,False,13760.0,0.0,0.9999999999999992,01,operational,50,1,0.110990348745266,0.0554951743726332,0.0369967829150889,0.0277475871863168,0.0221980697490534,0.0184983914575447,0.015855764106467,0.0138737935931586
0.8968096630606638,0.1031903369393362,0.3917127407392931,0.6082872592607069,360.0,,True,13760.0,1.0,0.9061811327489596,11,operational,50,11,0.1687906247574059,0.1313047460042232,0.1188094530864956,0.1125618066276318,0.1088132187523136,0.1063141601687682,0.1045291183233785,0.1031903369393362
0.944384226261372,0.055615773738628,0.7288298088817389,0.2711701911182611,250.0,1770.0,False,13760.0,0.0,0.9999999999999992,00,operational,80,0,0.4335775734564839,0.2224630949545101,0.1483087299696736,0.1112315474772552,0.0889852379818042,0.0741543649848369,0.0635608842727176,0.055615773738628
0.9401127222427452,0.0598872777572548,0.7422938514281219,0.2577061485718781,250.0,1770.0,False,13760.0,0.0,0.9999999999999992,10,operational,80,10,0.4651942968310878,0.2395491110290177,0.1596994073526787,0.1197745555145092,0.0958196444116072,0.0798497036763395,0.0684426031511483,0.0598872777572548
0.9398500922417304,0.0601499077582696,0.7288298088817389,0.2711701911182611,250.0,1920.0,False,13760.0,0.0,0.9999999999999992,01,operational,80,1,0.4543060064763153,0.2405996310330768,0.1603997540220514,0.1202998155165386,0.0962398524132309,0.080199877011026,0.0687427517237366,0.0601499077582696
0.7575139998254423,0.2424860001745576,0.7422938514281219,0.2577061485718781,250.0,,True,13760.0,1.0,0.7948081436189391,11,operational,80,11,0.4982997672913464,0.3543684315550485,0.3046429064970525,0.2797801439680547,0.2648624864506557,0.2549173814390565,0.2478137350022,0.2424860001745576
0.9471553663835672,0.0528446336164326,0.6179165420636967,0.3820834579363033,360.0,1750.0,False,13760.0,0.0,0.9999999999999992,00,operational,110,0,0.4133456232627264,0.2113785344657288,0.1409190229771527,0.1056892672328646,0.0845514137862917,0.0704595114885766,0.0603938669902086,0.0528446336164326
0.9434110985446948,0.0565889014553052,0.6187247446674189,0.3812752553325811,360.0,1750.0,False,13760.0,0.0,0.9999999999999992,10,operational,110,10,0.4412193005889967,0.2263556058212195,0.1509037372141465,0.11317780291061,0.0905422423284881,0.0754518686070736,0.0646730302346345,0.0565889014553052
0.9450493106460732,0.0549506893539268,0.6179165420636967,0.3820834579363033,360.0,1860.0,False,13760.0,0.0,0.9999999999999992,01,operational,110,1,0.4214703567342259,0.2198027574157058,0.1465351716104707,0.1099013787078532,0.0879211029662825,0.0732675858052356,0.0628007878330593,0.0549506893539268
0.9420096403689496,0.0579903596310503,0.6187247446674189,0.3812752553325811,360.0,1860.0,False,13760.0,0.0,0.9999999999999992,11,operational,110,11,0.4405392010013438,0.2319614385242001,0.1546409590161337,0.1159807192621003,0.0927845754096802,0.0773204795080669,0.0662746967212004,0.0579903596310503
0.9637193115727036,0.0362806884272962,0.481792554907143,0.518207445092857,360.0,1420.0,False,13760.0,0.0,0.9999999999999992,00,operational,140,0,0.2902443698549652,0.1451227537091836,0.0967485024727894,0.072561376854592,0.0580491014836735,0.0483742512363948,0.04146364391691,0.0362806884272962
0.959658085771772,0.040341914228228,0.502656004800295,0.4973439951997049,360.0,1430.0,False,13760.0,0.0,0.9999999999999992,10,operational,140,10,0.3227340385399173,0.1613676569129111,0.1075784379419408,0.0806838284564558,0.0645470627651646,0.0537892189709707,0.0461050448322607,0.040341914228228
0.9590822157198736,0.0409177842801263,0.481792554907143,0.518207445092857,360.0,1650.0,False,13760.0,0.0,0.9999999999999992,01,operational,140,1,0.3238600374966228,0.1636711371205038,0.1091140914136693,0.0818355685602523,0.0654684548482018,0.054557045706835,0.0467631820344299,0.0409177842801263
0.9008933037377944,0.0991066962622057,0.502656004800295,0.4973439951997049,360.0,,True,13760.0,1.0,0.936063319106308,11,operational,140,11,0.3451600804744216,0.2046167423677458,0.1577233885430612,0.1342767116307192,0.1202087054833138,0.1108300347183768,0.1041309841719931,0.0991066962622057
0.9693400796834472,0.0306599203165528,0.531777596085327,0.4682224039146729,360.0,1220.0,False,13760.0,0.0,0.9999999999999992,00,operational,170,0,0.2452793625002344,0.1226396812662096,0.0817597875108068,0.0613198406331051,0.049055872506484,0.0408798937554037,0.0350399089332031,0.0306599203165528
0.9653035764705532,0.0346964235294469,0.5790930688176571,0.4209069311823429,360.0,1220.0,False,13760.0,0.0,0.9999999999999992,10,operational,170,10,0.2775713881998241,0.1387856941177861,0.0925237960785243,0.0693928470588933,0.0555142776471146,0.0462618980392623,0.039653055462225,0.0346964235294469
0.9638948938254902,0.0361051061745097,0.531777596085327,0.4682224039146729,360.0,1440.0,False,13760.0,0.0,0.9999999999999992,01,operational,170,1,0.2888393034821657,0.1444204246980376,0.0962802831320253,0.072210212349019,0.0577681698792152,0.0481401415660128,0.041262978485154,0.0361051061745097
0.8696769561470751,0.1303230438529249,0.5790930688176571,0.4209069311823429,360.0,,True,13760.0,1.0,0.8961097875859559,11,operational,170,11,0.3153528639131163,0.2096215381695682,0.1743777629177266,0.156755875291806,0.1461827427162535,0.1391339876658852,0.1340991626299079,0.1303230438529249
0.9812241562272088,0.018775843772791,0.4160105094338714,0.5839894905661286,360.0,870.0,False,13760.0,0.0,0.9999999999999992,00,operational,200,0,0.1502067501823248,0.0751033750911626,0.0500689167274419,0.0375516875455815,0.0300413500364653,0.025034458363721,0.0214581071689041,0.018775843772791
0.9789589474040528,0.0210410525959472,0.4507599332924096,0.5492400667075904,360.0,880.0,False,13760.0,0.0,0.9999999999999992,10,operational,200,10,0.1683284207675749,0.0841642103837877,0.0561094735891919,0.042082105191894,0.0336656841535154,0.0280547367945962,0.0240469172525111,0.0210410525959472
0.9811708250018776,0.0188291749981225,0.4160105094338714,0.5839894905661286,360.0,880.0,False,13760.0,0.0,0.9999999999999992,01,operational,200,1,0.1506333999849766,0.0753166999924885,0.0502111333283257,0.0376583499962445,0.0301266799969955,0.0251055666641629,0.0215190571407114,0.0188291749981225
0.9788016899729084,0.0211983100270914,0.4507599332924096,0.5492400667075904,360.0,890.0,False,13760.0,0.0,0.9999999999999992,11,operational,200,11,0.1695864802167292,0.0847932401083648,0.05652882673891,0.0423966200541826,0.0339172960433462,0.0282644133694554,0.0242266400309617,0.0211983100270914
0.984127385328302,0.015872614671698,0.4322905618643212,0.5677094381356788,360.0,790.0,False,13760.0,0.0,0.9999999999999992,00,operational,230,0,0.1269809173735814,0.0634904586867909,0.0423269724578607,0.0317452293433956,0.0253961834747165,0.0211634862289306,0.0181401310533693,0.015872614671698
0.982499281241514,0.0175007187584859,0.466841395514894,0.533158604485106,360.0,790.0,False,13760.0,0.0,0.9999999999999992,10,operational,230,10,0.1400057500678833,0.0700028750339419,0.0466685833559614,0.0350014375169712,0.028001150013577,0.0233342916779809,0.0200008214382695,0.0175007187584859
0.9828841318107732,0.0171158681892267,0.4322905618643212,0.5677094381356788,360.0,860.0,False,13760.0,0.0,0.9999999999999992,01,operational,230,1,0.13692694551381,0.0684634727569052,0.0456423151712702,0.0342317363784528,0.0273853891027623,0.0228211575856355,0.0195609922162589,0.0171158681892267
0.893805546182075,0.106194453817925,0.466841395514894,0.533158604485106,360.0,,True,13760.0,1.0,0.9061811327489596,11,operational,230,11,0.1928235597861162,0.1433212135185783,0.126820431429399,0.1185700403848095,0.1136198057580557,0.1103196493402198,0.1079623947560514,0.106194453817925
0.9329803228951912,0.0670196771048089,0.753862337785753,0.246137662214247,360.0,1980.0,False,13760.0,0.0,0.9999999999999992,00,operational,260,0,0.5057570886047011,0.2680787084192344,0.1787191389461565,0.1340393542096174,0.107231483367694,0.0893595694730784,0.0765939166912103,0.0670196771048089
0.9262837270207388,0.0737162729792612,0.7954585662562842,0.2045414337437157,220.0,1980.0,False,13760.0,0.0,0.9999999999999992,10,operational,260,10,0.5526965384662723,0.2948650919170431,0.1965767279446956,0.1474325459585218,0.1179460367668174,0.098288363972348,0.0842471691191556,0.0737162729792612
0.9277880456089964,0.0722119543910035,0.753862337785753,0.246137662214247,360.0,2170.0,False,13760.0,0.0,0.9999999999999992,01,operational,260,1,0.519270241864138,0.2888478175640124,0.1925652117093417,0.1444239087820065,0.1155391270256052,0.096282605854671,0.0825279478754326,0.0722119543910035
0.7875664735254266,0.2124335264745733,0.7954585662562842,0.2045414337437157,220.0,,True,13760.0,1.0,0.8435994411819694,11,operational,260,11,0.5715763978856117,0.3805324294442014,0.3058218059021445,0.2684664941311161,0.2460533070684989,0.2311111823600875,0.2204382361397937,0.2124335264745733
0.9736921096387142,0.0263078903612857,0.4843363046913804,0.5156636953086196,360.0,1050.0,False,13760.0,0.0,0.9999999999999992,00,operational,290,0,0.210463122890276,0.1052315614451413,0.0701543742967609,0.052615780722571,0.0420926245780568,0.0350771871483808,0.030066160412898,0.0263078903612857
0.9709734508929811,0.0290265491070188,0.519804006262227,0.480195993737773,360.0,1050.0,False,13760.0,0.0,0.9999999999999992,10,operational,290,10,0.23221239285614,0.1161061964280738,0.0774041309520492,0.0580530982140371,0.0464424785712297,0.0387020654760247,0.0331731989794501,0.0290265491070188
0.9736289765181216,0.0263710234818783,0.4843363046913804,0.5156636953086196,360.0,1060.0,False,13760.0,0.0,0.9999999999999992,01,operational,290,1,0.2109681878550136,0.1054840939275114,0.0703227292850078,0.0527420469637559,0.0421936375710049,0.035161364642504,0.0301383125507179,0.0263710234818783
0.970769675305709,0.0292303246942909,0.519804006262227,0.480195993737773,360.0,1070.0,False,13760.0,0.0,0.9999999999999992,11,operational,290,11,0.2338425975543095,0.1169212987771625,0.0779475325181084,0.0584606493885815,0.0467685195108653,0.0389737662590545,0.033406085364904,0.0292303246942909
0.96366127215374,0.0363387278462599,0.8997218509745127,0.1002781490254872,360.0,1330.0,False,13760.0,0.0,0.9999999999999992,00,operational,21,0,0.290709813367012,0.1453549113850382,0.0969032742566924,0.0726774556925192,0.0581419645540154,0.0484516371283465,0.0415299746814399,0.0363387278462599
0.9587098939753828,0.0412901060246172,0.9871666802652894,0.0128333197347105,360.0,1330.0,False,13760.0,0.0,0.9999999999999992,10,operational,21,10,0.330320837477009,0.1651604240984676,0.1101069493989786,0.082580212049234,0.0660641696393873,0.0550534746994897,0.0471886925995626,0.0412901060246172
0.9593329283154732,0.0406670716845268,0.8997218509745127,0.1002781490254872,360.0,1520.0,False,13760.0,0.0,0.9999999999999992,01,operational,21,1,0.3251788947675109,0.1626682867381059,0.1084455244920706,0.0813341433690532,0.0650673146952426,0.0542227622460355,0.0464766533537449,0.0406670716845268
0.0400357573222352,0.9599642426777648,0.9871666802652894,0.0128333197347105,360.0,,True,13760.0,1.0,0.0277696622622502,11,operational,21,11,0.8741015772578703,0.92316595749781,0.9395207509111232,0.9476981476177798,0.952604585641774,0.9558755443244364,0.9582119433834811,0.9599642426777648
0.9702288967107424,0.0297711032892576,0.5020211007875758,0.4979788992124242,360.0,1200.0,False,13760.0,0.0,0.9999999999999992,00,operational,51,0,0.2381688263047552,0.1190844131570294,0.0793896087713531,0.0595422065785149,0.0476337652628118,0.0396948043856769,0.0340241180448659,0.0297711032892576
0.9680805085194696,0.0319194914805304,0.5086561665332707,0.4913438334667293,360.0,1200.0,False,13760.0,0.0,0.9999999999999992,10,operational,51,10,0.2553559318333979,0.12767796592212,0.08511864394808,0.0638389829610602,0.0510711863688482,0.0425593219740403,0.0364794188348919,0.0319194914805304
0.9685059041404676,0.0314940958595324,0.5020211007875758,0.4979788992124242,360.0,1280.0,False,13760.0,0.0,0.9999999999999992,01,operational,51,1,0.2519527663314228,0.1259763834381281,0.0839842556254186,0.0629881917190643,0.0503905533752514,0.0419921278127096,0.0359932524108941,0.0314940958595324
0.8811080733934259,0.1188919266065741,0.5086561665332707,0.4913438334667293,360.0,,True,13760.0,1.0,0.9061811327489596,11,operational,51,11,0.2944033420899681,0.1941111046731748,0.1606803588657965,0.1439649859621077,0.1339357622198943,0.1272496130584186,0.1224737922287932,0.1188919266065741
0.9599076579000956,0.0400923420999045,0.6529814460976289,0.3470185539023711,360.0,1480.0,False,13760.0,0.0,0.9999999999999992,00,operational,81,0,0.3207185707583349,0.1603693683996165,0.1069129122664112,0.0801846841998085,0.0641477473598468,0.0534564561332058,0.045819819542748,0.0400923420999045
0.9542243594031484,0.0457756405968516,0.7330407405192688,0.2669592594807312,360.0,1480.0,False,13760.0,0.0,0.9999999999999992,10,operational,81,10,0.3661843748066892,0.1831025623874053,0.122068374924937,0.0915512811937029,0.0732410249549624,0.0610341874624688,0.0523150178249733,0.0457756405968516
0.9542330926873304,0.0457669073126695,0.6529814460976289,0.3470185539023711,360.0,1710.0,False,13760.0,0.0,0.9999999999999992,01,operational,81,1,0.359292016978635,0.1830676292506762,0.1220450861671176,0.0915338146253383,0.0732270517002706,0.061022543083559,0.0523050369287649,0.0457669073126695
0.801635830262403,0.1983641697375969,0.7330407405192688,0.2669592594807312,360.0,,True,13760.0,1.0,0.8435994411819694,11,operational,81,11,0.4896807295464128,0.3242550024962957,0.2683035212702073,0.2403277806571631,0.2235423362893367,0.212352040044119,0.2043589712975348,0.1983641697375969
0.9632879438268804,0.0367120561731194,0.6217048806401262,0.3782951193598738,360.0,1370.0,False,13760.0,0.0,0.9999999999999992,00,operational,111,0,0.2936963639476434,0.1468482246924761,0.097898816461651,0.0734241123462383,0.0587392898769907,0.0489494082308256,0.0419566356264222,0.0367120561731194
0.958377362825458,0.041622637174542,0.6783203659327752,0.3216796340672247,360.0,1370.0,False,13760.0,0.0,0.9999999999999992,10,operational,111,10,0.3329810086096328,0.1664905486981666,0.1109936991321112,0.0832452743490835,0.0665962194792668,0.0554968495660559,0.0475687281994766,0.041622637174542
0.960884180924566,0.0391158190754339,0.6217048806401262,0.3782951193598738,360.0,1500.0,False,13760.0,0.0,0.9999999999999992,01,operational,111,1,0.3128621161043813,0.1564632763017343,0.104308850867823,0.0782316381508673,0.062585310520694,0.0521544254339116,0.0447037932290673,0.0391158190754339
0.9124160377863584,0.0875839622136417,0.6783203659327752,0.3216796340672247,360.0,,True,13760.0,1.0,0.9525874527262772,11,operational,111,11,0.368751560233983,0.2080982070333981,0.1545363204468397,0.1277553771535605,0.111686811177593,0.1009744338602814,0.0933227357764873,0.0875839622136417
0.9854274027246028,0.0145725972753972,0.3911782884424872,0.6088217115575127,360.0,700.0,False,13760.0,0.0,0.9999999999999992,00,operational,141,0,0.1165807782031744,0.0582903891015874,0.0388602594010583,0.029145194550794,0.0233161556406351,0.0194301297005294,0.0166543968861683,0.0145725972753972
0.9834004494494538,0.0165995505505461,0.4217245498387801,0.5782754501612198,360.0,710.0,False,13760.0,0.0,0.9999999999999992,10,operational,141,10,0.1327964044043659,0.0663982022021831,0.044265468134789,0.0331991011010918,0.0265592808808734,0.0221327340673946,0.0189709149149098,0.0165995505505461
0.9853396277689084,0.0146603722310917,0.3911782884424872,0.6088217115575127,360.0,710.0,False,13760.0,0.0,0.9999999999999992,01,operational,141,1,0.1172829778487299,0.0586414889243652,0.0390943259495768,0.0293207444621829,0.0234565955697463,0.0195471629747886,0.0167547111212477,0.0146603722310917
0.9830393413603778,0.0169606586396221,0.4217245498387801,0.5782754501612198,360.0,740.0,False,13760.0,0.0,0.9999999999999992,11,operational,141,11,0.1356852691169739,0.0678426345584871,0.0452284230389916,0.0339213172792438,0.0271370538233949,0.0226142115194961,0.0193836098738539,0.0169606586396221
0.9679435266991632,0.0320564733008368,0.5140688623737275,0.4859311376262725,360.0,1290.0,False,13760.0,0.0,0.9999999999999992,00,operational,171,0,0.2564517851623322,0.1282258932033457,0.0854839288022306,0.0641129466016732,0.0512903572813385,0.0427419644011156,0.0366359694866706,0.0320564733008368
0.9652525947749396,0.0347474052250603,0.5215320170908573,0.4784679829091426,360.0,1290.0,False,13760.0,0.0,0.9999999999999992,10,operational,171,10,0.277979240511273,0.1389896209002399,0.0926597472668266,0.0694948104501202,0.0555958483600962,0.0463298736334136,0.0397113202572119,0.0347474052250603
0.9677368325932768,0.0322631674067231,0.5140688623737275,0.4859311376262725,360.0,1300.0,False,13760.0,0.0,0.9999999999999992,01,operational,171,1,0.2581053371583333,0.1290526696268914,0.0860351130845946,0.0645263348134459,0.0516210678507569,0.0430175565422974,0.0368721913219693,0.0322631674067231
0.964632516305502,0.035367483694498,0.5215320170908573,0.4784679829091426,360.0,1320.0,False,13760.0,0.0,0.9999999999999992,11,operational,171,11,0.2829398642877134,0.1414699347779907,0.0943132898519941,0.0707349673889956,0.0565879739111965,0.0471566449259972,0.0404199813651406,0.035367483694498
0.9848656727220558,0.0151343272779441,0.4048607131359537,0.5951392868640463,360.0,750.0,False,13760.0,0.0,0.9999999999999992,00,operational,201,0,0.1210746182235492,0.060537309111775,0.0403582060745167,0.0302686545558877,0.0242149236447101,0.0201791030372585,0.0172963740319361,0.0151343272779441
0.9833020890989062,0.0166979109010938,0.4313590616770757,0.5686409383229243,360.0,750.0,False,13760.0,0.0,0.9999999999999992,10,operational,201,10,0.1335832872087465,0.0667916436043735,0.0445277624029157,0.033395821802187,0.0267166574417496,0.022263881201458,0.0190833267441071,0.0166979109010938
0.9846424560314828,0.0153575439685172,0.4048607131359537,0.5951392868640463,360.0,770.0,False,13760.0,0.0,0.9999999999999992,01,operational,201,1,0.1228603517481344,0.0614301758740676,0.0409534505827119,0.030715087937034,0.0245720703496273,0.0204767252913561,0.0175514788211624,0.0153575439685172
0.9824900036327396,0.0175099963672603,0.4313590616770757,0.5686409383229243,360.0,800.0,False,13760.0,0.0,0.9999999999999992,11,operational,201,11,0.1400799709380787,0.0700399854690396,0.0466933236460266,0.03501999273452,0.0280159941876161,0.0233466618230134,0.0200114244197261,0.0175099963672603
0.9453138165257382,0.0546861834742617,0.9229751814492498,0.0770248185507501,360.0,1620.0,False,13760.0,0.0,0.9999999999999992,00,operational,231,0,0.4350001954955239,0.2187447338970453,0.1458298225980303,0.1093723669485229,0.0874978935588184,0.0729149112990154,0.0624984953991561,0.0546861834742617
0.9404910247232756,0.0595089752767242,0.9914355967736884,0.0085644032263115,360.0,1620.0,False,13760.0,0.0,0.9999999999999992,10,operational,231,10,0.4732800694250259,0.2380359011068954,0.1586906007379305,0.119017950553448,0.0952143604427584,0.0793453003689655,0.0680102574591134,0.0595089752767242
0.9331766503338512,0.0668233496661486,0.9229751814492498,0.0770248185507501,360.0,1920.0,False,13760.0,0.0,0.9999999999999992,01,operational,231,1,0.5067554461662693,0.2672933986645935,0.1781955991097292,0.133646699332297,0.1069173594658376,0.0890977995548649,0.0763695424755985,0.0668233496661486
0.7761872100474003,0.2238127899525996,0.9914355967736884,0.0085644032263115,360.0,,True,13760.0,1.0,0.8435994411819693,11,operational,231,11,0.6850784386806752,0.426049483356306,0.3361665085102142,0.2912250210871684,0.2642601286333409,0.2462835336641224,0.2334431086861095,0.2238127899525996
0.987844102556792,0.0121558974432079,0.3056595227289659,0.6943404772710341,360.0,750.0,False,13760.0,0.0,0.9999999999999992,00,operational,261,0,0.0972471795456598,0.0486235897728302,0.0324157265152201,0.0243117948864154,0.0194494359091323,0.0162078632576102,0.013892454220809,0.0121558974432079
0.9847708584003276,0.0152291415996722,0.4012454525400539,0.598754547459946,360.0,750.0,False,13760.0,0.0,0.9999999999999992,10,operational,261,10,0.1218331327973744,0.0609165663986874,0.0406110442657916,0.030458283199344,0.0243666265594751,0.020305522132896,0.0174047332567682,0.0152291415996722
0.987446338880514,0.0125536611194859,0.3056595227289659,0.6943404772710341,360.0,780.0,False,13760.0,0.0,0.9999999999999992,01,operational,261,1,0.1004292889558839,0.0502146444779422,0.0334764296519615,0.0251073222389713,0.0200858577911771,0.0167382148259809,0.0143470412794125,0.0125536611194859
0.983285730641161,0.016714269358839,0.4012454525400539,0.598754547459946,360.0,840.0,False,13760.0,0.0,0.9999999999999992,11,operational,261,11,0.1337141548707082,0.0668570774353544,0.0445713849569029,0.0334285387176774,0.0267428309741419,0.0222856924784518,0.0191020221243873,0.016714269358839
0.9903410453892806,0.0096589546107194,0.3251369470570074,0.6748630529429925,360.0,590.0,False,13760.0,0.0,0.9999999999999992,00,operational,291,0,0.0772716368857521,0.0386358184428762,0.0257572122952509,0.0193179092214383,0.0154543273771505,0.0128786061476258,0.0110388052693936,0.0096589546107194
0.9892507891878344,0.0107492108121656,0.3566753219063814,0.6433246780936186,360.0,590.0,False,13760.0,0.0,0.9999999999999992,10,operational,291,10,0.085993686497321,0.0429968432486608,0.028664562165774,0.0214984216243306,0.0171987372994645,0.0143322810828873,0.0122848123567607,0.0107492108121656
0.9894625428757764,0.0105374571242237,0.3251369470570074,0.6748630529429925,360.0,640.0,False,13760.0,0.0,0.9999999999999992,01,operational,291,1,0.0842996569937861,0.0421498284968933,0.0280998856645956,0.0210749142484468,0.0168599313987575,0.0140499428322981,0.0120428081419698,0.0105374571242237
0.9877302908847032,0.0122697091152967,0.3566753219063814,0.6433246780936186,360.0,670.0,False,13760.0,0.0,0.9999999999999992,11,operational,291,11,0.0981576729223706,0.0490788364611856,0.0327192243074571,0.024539418230593,0.0196315345844744,0.0163596121537287,0.0140225247031963,0.0122697091152967
0.983901548406404,0.0160984515935961,0.4361134079288097,0.5638865920711903,360.0,760.0,False,13760.0,0.0,0.9999999999999992,00,operational,22,0,0.1287876127487657,0.0643938063743831,0.0429292042495889,0.0321969031871918,0.0257575225497533,0.0214646021247948,0.0183982303926812,0.0160984515935961
0.9822982923156652,0.0177017076843348,0.44678574631177,0.55321425368823,360.0,770.0,False,13760.0,0.0,0.9999999999999992,10,operational,22,10,0.1416136614746757,0.070806830737338,0.0472045538248921,0.0354034153686693,0.0283227322949354,0.0236022769124463,0.0202305230678113,0.0177017076843348
0.983721468160018,0.0162785318399819,0.4361134079288097,0.5638865920711903,360.0,790.0,False,13760.0,0.0,0.9999999999999992,01,operational,22,1,0.1302282547198521,0.0651141273599262,0.0434094182399508,0.0325570636799633,0.0260456509439707,0.0217047091199755,0.0186040363885507,0.0162785318399819
0.9816742764741688,0.018325723525831,0.44678574631177,0.55321425368823,360.0,810.0,False,13760.0,0.0,0.9999999999999992,11,operational,22,11,0.1466057882066449,0.0733028941033226,0.048868596068882,0.0366514470516615,0.0293211576413292,0.0244342980344414,0.0209436840295211,0.018325723525831
0.9740571384049028,0.0259428615950972,0.507401762861728,0.492598237138272,360.0,1030.0,False,13760.0,0.0,0.9999999999999992,00,operational,52,0,0.2075428927607721,0.1037714463803871,0.0691809642535916,0.0518857231901939,0.0415085785521551,0.0345904821267959,0.0296489846801111,0.0259428615950972
0.9722917441752964,0.0277082558247037,0.5150778508402949,0.4849221491597051,360.0,1030.0,False,13760.0,0.0,0.9999999999999992,10,operational,52,10,0.2216660465976245,0.1108330232988135,0.0738886821992089,0.0554165116494069,0.0443332093195255,0.0369443410996048,0.0316665780853757,0.0277082558247037
0.9739165607041748,0.0260834392958252,0.507401762861728,0.492598237138272,360.0,1030.0,False,13760.0,0.0,0.9999999999999992,01,operational,52,1,0.2086675143665963,0.1043337571832994,0.0695558381221997,0.0521668785916499,0.04173350287332,0.0347779190611001,0.0298096449095145,0.0260834392958252
0.9717406703701156,0.0282593296298845,0.5150778508402949,0.4849221491597051,360.0,1050.0,False,13760.0,0.0,0.9999999999999992,11,operational,52,11,0.2260746370390659,0.1130373185195364,0.0753582123463576,0.0565186592597685,0.0452149274078147,0.037679106173179,0.0322963767198679,0.0282593296298845
0.9636351270232172,0.0363648729767828,0.7342319297488464,0.2657680702511535,360.0,1310.0,False,13760.0,0.0,0.9999999999999992,00,operational,82,0,0.2909189797401392,0.1454594919071296,0.0969729946047532,0.072729745953565,0.0581837967628521,0.0484864973023767,0.0415598548306089,0.0363648729767828
0.958336382506093,0.041663617493907,0.8175771401044629,0.1824228598955371,360.0,1320.0,False,13760.0,0.0,0.9999999999999992,10,operational,82,10,0.3333089347664605,0.1666544699756263,0.111102979983751,0.0833272349878134,0.0666617879902508,0.0555514899918757,0.0476155628501794,0.041663617493907
0.9614246890256802,0.0385753109743197,0.7342319297488464,0.2657680702511535,360.0,1410.0,False,13760.0,0.0,0.9999999999999992,01,operational,82,1,0.308602087888277,0.1543012438972775,0.1028674959315184,0.0771506219486389,0.0617204975589111,0.0514337479657595,0.0440860696849368,0.0385753109743197
0.8706725241927845,0.1293274758072155,0.8175771401044629,0.1824228598955371,360.0,,True,13760.0,1.0,0.9061811327489596,11,operational,82,11,0.3778877093954332,0.2358533014757399,0.1885084900675067,0.1648360843633902,0.1506326409409203,0.1411636786592737,0.1344001341723831,0.1293274758072155
0.9800638861096488,0.0199361138903511,0.4268289648881777,0.5731710351118223,360.0,920.0,False,13760.0,0.0,0.9999999999999992,00,operational,112,0,0.1594889111228055,0.079744455561403,0.0531629703742688,0.0398722277807017,0.0318977822245614,0.0265814851871346,0.0227841301604012,0.0199361138903511
0.9777017002631484,0.0222982997368516,0.4583417695985688,0.5416582304014311,360.0,930.0,False,13760.0,0.0,0.9999999999999992,10,operational,112,10,0.1783863978948098,0.089193198947405,0.0594621326316036,0.0445965994737028,0.0356772795789623,0.0297310663158021,0.0254837711278304,0.0222982997368516
0.9783813304340762,0.0216186695659238,0.4268289648881777,0.5731710351118223,360.0,1010.0,False,13760.0,0.0,0.9999999999999992,01,operational,112,1,0.1729493565273865,0.0864746782636939,0.0576497855091292,0.0432373391318472,0.0345898713054777,0.028824892754565,0.0247070509324843,0.0216186695659238
0.976092038783596,0.0239079612164039,0.4583417695985688,0.5416582304014311,360.0,1030.0,False,13760.0,0.0,0.9999999999999992,11,operational,112,11,0.1912636897312264,0.0956318448656141,0.0637545632437429,0.0478159224328073,0.0382527379462458,0.0318772816218718,0.0273233842473187,0.0239079612164039
0.97647117844691,0.0235288215530901,0.4691095029592167,0.5308904970407833,360.0,1030.0,False,13760.0,0.0,0.9999999999999992,00,operational,142,0,0.1882305724247154,0.0941152862123588,0.0627435241415728,0.0470576431061796,0.0376461144849438,0.0313717620707866,0.0268900817749601,0.0235288215530901
0.974224545034182,0.0257754549658179,0.4960629674086937,0.5039370325913063,360.0,1030.0,False,13760.0,0.0,0.9999999999999992,10,operational,142,10,0.2062036397265373,0.1031018198632698,0.0687345465755133,0.0515509099316351,0.0412407279453082,0.0343672732877569,0.0294576628180776,0.0257754549658179
0.9740388910489656,0.0259611089510344,0.4691095029592167,0.5308904970407833,360.0,1140.0,False,13760.0,0.0,0.9999999999999992,01,operational,142,1,0.2076888716077625,0.1038444358041363,0.0692296238694245,0.0519222179020684,0.0415377743216547,0.0346148119347126,0.0296698388011822,0.0259611089510344
0.8854563082817672,0.1145436917182327,0.4960629674086937,0.5039370325913063,360.0,,True,13760.0,1.0,0.9061811327489596,11,operational,142,11,0.259617462988486,0.1767181651198093,0.1490850658302196,0.135268516185425,0.1269785863985481,0.1214519665406301,0.1175043809278315,0.1145436917182327
0.984480460738414,0.015519539261586,0.3559340519196038,0.6440659480803962,360.0,830.0,False,13760.0,0.0,0.9999999999999992,00,operational,172,0,0.1241563140926843,0.0620781570463424,0.041385438030895,0.0310390785231715,0.0248312628185372,0.0206927190154476,0.0177366162989555,0.015519539261586
0.983399345881772,0.0166006541182279,0.3798520947159149,0.620147905284085,360.0,830.0,False,13760.0,0.0,0.9999999999999992,10,operational,172,10,0.1328052329458198,0.0664026164729101,0.0442684109819401,0.0332013082364552,0.0265610465891642,0.0221342054909702,0.0189721761351175,0.0166006541182279
0.9802960706064028,0.0197039293935973,0.3559340519196038,0.6440659480803962,360.0,1020.0,False,13760.0,0.0,0.9999999999999992,01,operational,172,1,0.1576314351487736,0.0788157175743876,0.0525438117162585,0.0394078587871941,0.0315262870297553,0.0262719058581295,0.0225187764498253,0.0197039293935973
0.8921568571017532,0.1078431428982468,0.3798520947159149,0.620147905284085,360.0,,True,13760.0,1.0,0.9061811327489596,11,operational,172,11,0.2060130724286903,0.1499159698398653,0.1312169356435903,0.1218674185454529,0.1162577082865705,0.1125179014473154,0.1098466108478476,0.1078431428982468
0.9793897938558168,0.0206102061441832,0.4489504929038509,0.5510495070961491,360.0,940.0,False,13760.0,0.0,0.9999999999999992,00,operational,202,0,0.1648816491534623,0.0824408245767315,0.054960549717821,0.041220412288366,0.0329763298306927,0.0274802748589108,0.023554521307638,0.0206102061441832
0.9765502670320012,0.0234497329679989,0.5003722564055997,0.4996277435944002,360.0,940.0,False,13760.0,0.0,0.9999999999999992,10,operational,202,10,0.1875978637439872,0.0937989318719939,0.0625326212479959,0.0468994659359972,0.0375195727487978,0.0312663106239983,0.0267996948205702,0.0234497329679989
0.9777092718607032,0.0222907281392968,0.4489504929038509,0.5510495070961491,360.0,1030.0,False,13760.0,0.0,0.9999999999999992,01,operational,202,1,0.1783258251143689,0.0891629125571855,0.0594419417047905,0.0445814562785931,0.0356651650228745,0.0297209708523954,0.0254751178734821,0.0222907281392968
0.9738851705657764,0.0261148294342237,0.5003722564055997,0.4996277435944002,360.0,1060.0,False,13760.0,0.0,0.9999999999999992,11,operational,202,11,0.2089186354737742,0.1044593177368931,0.0696395451579287,0.0522296588684467,0.0417837270947574,0.0348197725789647,0.0298455193533985,0.0261148294342237
0.9830343385182376,0.0169656614817624,0.3745584452606696,0.6254415547393304,360.0,920.0,False,13760.0,0.0,0.9999999999999992,00,operational,232,0,0.1357252918540962,0.0678626459270483,0.0452417639513657,0.0339313229635245,0.0271450583708195,0.0226208819756831,0.0193893274077284,0.0169656614817624
0.9806697702617516,0.0193302297382483,0.4006120182871253,0.5993879817128747,360.0,920.0,False,13760.0,0.0,0.9999999999999992,10,operational,232,10,0.1546418379059837,0.0773209189529922,0.0515472793019947,0.0386604594764963,0.0309283675811971,0.0257736396509977,0.0220916911294267,0.0193302297382483
0.9822450473301192,0.0177549526698809,0.3745584452606696,0.6254415547393304,360.0,980.0,False,13760.0,0.0,0.9999999999999992,01,operational,232,1,0.142039621359044,0.0710198106795222,0.047346540453015,0.0355099053397613,0.028407924271809,0.0236732702265078,0.0202913744798638,0.0177549526698809
0.9793853718887192,0.0206146281112806,0.4006120182871253,0.5993879817128747,360.0,1020.0,False,13760.0,0.0,0.9999999999999992,11,operational,232,11,0.1649170248902409,0.0824585124451212,0.0549723416300808,0.0412292562225609,0.0329834049780487,0.0274861708150405,0.0235595749843208,0.0206146281112806
0.948493294730686,0.0515067052693141,0.6733123596760892,0.3266876403239108,360.0,1760.0,False,13760.0,0.0,0.9999999999999992,00,operational,262,0,0.4020844074487418,0.2060268210772552,0.1373512140515037,0.1030134105386277,0.0824107284309022,0.0686756070257522,0.0588648060220733,0.0515067052693141
0.9419285331831124,0.0580714668168875,0.7513369559309526,0.2486630440690473,360.0,1760.0,False,13760.0,0.0,0.9999999999999992,10,operational,262,10,0.4525676330679734,0.2322858672675485,0.1548572448450323,0.1161429336337745,0.0929143469070197,0.0774286224225163,0.0663673906478714,0.0580714668168875
0.9440963451273552,0.0559036548726447,0.6733123596760892,0.3266876403239108,360.0,1920.0,False,13760.0,0.0,0.9999999999999992,01,operational,262,1,0.4222422079352722,0.2236146194905772,0.1490764129937182,0.1118073097452888,0.0894458477962311,0.0745382064968593,0.0638898912830224,0.0559036548726447
0.8009391091013518,0.1990608908986482,0.7513369559309526,0.2486630440690473,360.0,,True,13760.0,1.0,0.8435994411819693,11,operational,262,11,0.487486758927056,0.3270418871405008,0.2701614443663441,0.2417212229792658,0.2246570901470188,0.2132810015921874,0.2051552240530222,0.1990608908986482
0.9952032947209232,0.0047967052790769,0.2350391755348292,0.7649608244651708,360.0,330.0,False,13760.0,0.0,0.9999999999999992,00,operational,292,0,0.0383736422326113,0.0191868211163058,0.0127912140775373,0.0095934105581533,0.0076747284465226,0.006395607038769,0.0054819488903735,0.0047967052790769
0.9950196599216172,0.0049803400783826,0.2472029101889727,0.7527970898110272,360.0,330.0,False,13760.0,0.0,0.9999999999999992,10,operational,292,10,0.0398427206270579,0.0199213603135292,0.0132809068756863,0.0099606801567647,0.0079685441254118,0.0066404534378435,0.0056918172324372,0.0049803400783826
0.9951961651946432,0.0048038348053568,0.2350391755348292,0.7649608244651708,360.0,330.0,False,13760.0,0.0,0.9999999999999992,01,operational,292,1,0.0384306784428505,0.0192153392214254,0.012810226147617,0.009607669610713,0.0076861356885704,0.0064051130738087,0.0054900969204078,0.0048038348053568
0.9949423214791324,0.0050576785208675,0.2472029101889727,0.7527970898110272,360.0,340.0,False,13760.0,0.0,0.9999999999999992,11,operational,292,11,0.0404614281669377,0.0202307140834691,0.0134871427223128,0.0101153570417348,0.0080922856333877,0.0067435713611567,0.0057802040238487,0.0050576785208675
0.9861697271990332,0.0138302728009667,0.388958037465783,0.6110419625342169,360.0,720.0,False,13760.0,0.0,0.9999999999999992,00,operational,23,0,0.1106421824077297,0.055321091203865,0.0368807274692434,0.0276605456019327,0.0221284364815462,0.0184403637346221,0.0158060260582476,0.0138302728009667
0.9856690552835096,0.0143309447164904,0.3948100088686656,0.6051899911313344,360.0,720.0,False,13760.0,0.0,0.9999999999999992,10,operational,23,10,0.1146475577319205,0.0573237788659605,0.0382158525773072,0.0286618894329805,0.0229295115463843,0.0191079262886539,0.0163782225331321,0.0143309447164904
0.9854845252994278,0.0145154747005722,0.388958037465783,0.6110419625342169,360.0,770.0,False,13760.0,0.0,0.9999999999999992,01,operational,23,1,0.1161237976045745,0.0580618988022875,0.0387079325348584,0.029030949401144,0.0232247595209151,0.0193539662674295,0.0165891139435111,0.0145154747005722
0.9848133855907129,0.0151866144092872,0.3948100088686656,0.6051899911313344,360.0,780.0,False,13760.0,0.0,0.9999999999999992,11,operational,23,11,0.1214929152742942,0.0607464576371473,0.0404976384247649,0.0303732288185739,0.0242985830548591,0.0202488192123827,0.017356130753471,0.0151866144092872
0.9544027260256666,0.0455972739743334,0.5393447742601853,0.4606552257398147,360.0,1630.0,False,13760.0,0.0,0.9999999999999992,00,operational,53,0,0.3614985807655869,0.1823890958973321,0.1215927305982216,0.0911945479486663,0.072955638358933,0.060796365299111,0.052111170256381,0.0455972739743334
0.9521313446133436,0.0478686553866565,0.5441973088693545,0.4558026911306455,360.0,1630.0,False,13760.0,0.0,0.9999999999999992,10,operational,53,10,0.3794984146690028,0.1914746215466249,0.1276497476977501,0.0957373107733127,0.0765898486186502,0.0638248738488753,0.0547070347276075,0.0478686553866565
0.9498811417786316,0.0501188582213685,0.5393447742601853,0.4606552257398147,360.0,1860.0,False,13760.0,0.0,0.9999999999999992,01,operational,53,1,0.3784340508992253,0.2004754328854726,0.1336502885903152,0.1002377164427366,0.0801901731541893,0.0668251442951579,0.0572786951101353,0.0501188582213685
0.9473929632028704,0.0526070367971297,0.5441973088693545,0.4558026911306455,360.0,1880.0,False,13760.0,0.0,0.9999999999999992,11,operational,53,11,0.394836977129492,0.2104281471885174,0.1402854314590118,0.105214073594259,0.0841712588754073,0.0701427157295062,0.0601223277681481,0.0526070367971297
0.9656844879834852,0.0343155120165148,0.5924121817450846,0.4075878182549154,270.0,1300.0,False,13760.0,0.0,0.9999999999999992,00,operational,83,0,0.2745240938191345,0.1372620480660581,0.0915080320440389,0.0686310240330293,0.0549048192264235,0.0457540160220197,0.0392177280188741,0.0343155120165148
0.9630787582606394,0.0369212417393606,0.6020885670566569,0.3979114329433431,270.0,1310.0,False,13760.0,0.0,0.9999999999999992,10,operational,83,10,0.2953699314052883,0.1476849669574407,0.0984566446382939,0.0738424834787206,0.0590739867829765,0.0492283223191473,0.0421957048449833,0.0369212417393606
0.9630033702218576,0.0369966297781423,0.5924121817450846,0.4075878182549154,270.0,1430.0,False,13760.0,0.0,0.9999999999999992,01,operational,83,1,0.2959716624415776,0.1479865191125677,0.0986576794083787,0.0739932595562841,0.0591946076450274,0.0493288397041895,0.0422818626035912,0.0369966297781423
0.876588671518702,0.1234113284812979,0.6020885670566569,0.3979114329433431,270.0,,True,13760.0,1.0,0.9061811327489596,11,operational,83,11,0.3305585520456053,0.2121887121720701,0.1727320971983935,0.1530037897115554,0.1411668052194523,0.1332754822247172,0.1276388229427634,0.1234113284812979
0.9350198556906972,0.0649801443093026,0.7567917662528054,0.2432082337471945,360.0,2000.0,False,13760.0,0.0,0.9999999999999992,00,operational,113,0,0.4832065200189472,0.2599205772372088,0.1732803848248061,0.1299602886186047,0.1039682308948838,0.0866401924124032,0.0742630220677744,0.0649801443093026
0.9300010925552744,0.0699989074447254,0.7943241125182854,0.2056758874817146,360.0,2000.0,False,13760.0,0.0,0.9999999999999992,10,operational,113,10,0.5152316370743486,0.2799956297789008,0.1866637531859339,0.1399978148894506,0.1119982519115606,0.0933318765929673,0.0799987513654005,0.0699989074447254
0.9271597930609202,0.0728402069390797,0.7567917662528054,0.2432082337471945,360.0,2260.0,False,13760.0,0.0,0.9999999999999992,01,operational,113,1,0.5043851625662026,0.2913608277563172,0.1942405518375449,0.1456804138781589,0.1165443311025272,0.0971202759187727,0.0832459507875197,0.0728402069390797
0.8360565328967966,0.1639434671032034,0.7943241125182854,0.2056758874817146,360.0,,True,13760.0,1.0,0.8961097875859559,11,operational,113,11,0.5353298428283051,0.344103231170682,0.2640322249184692,0.2239967217923628,0.1999754199166989,0.1839612186662564,0.1725225034873689,0.1639434671032034
0.9435405526632205,0.0564594473367795,0.6295189413427895,0.3704810586572105,260.0,1840.0,False,13760.0,0.0,0.9999999999999992,00,operational,143,0,0.4319146688355846,0.2258377893471166,0.1505585262314112,0.1129188946735586,0.0903351157388469,0.0752792631157058,0.064525082670605,0.0564594473367795
0.9404639714772416,0.0595360285227584,0.6963276942197437,0.3036723057802563,260.0,1850.0,False,13760.0,0.0,0.9999999999999992,10,operational,143,10,0.4538550711276868,0.2381441140910319,0.158762742727355,0.1190720570455162,0.095257645636413,0.0793813713636776,0.068041175454581,0.0595360285227584
0.9320105182371924,0.0679894817628076,0.6295189413427895,0.3704810586572105,260.0,2250.0,False,13760.0,0.0,0.9999999999999992,01,operational,143,1,0.4588830689886453,0.2719579270512288,0.1813052847008193,0.1359789635256147,0.1087831708204918,0.09065264235041,0.07770226487178,0.0679894817628076
0.7885379581821162,0.2114620418178837,0.6963276942197437,0.3036723057802563,260.0,,True,13760.0,1.0,0.8435994411819694,11,operational,143,11,0.5745634855411026,0.3766464908174431,0.3032311801509721,0.266523524817737,0.2444989316177956,0.2298158694845015,0.2193279679607199,0.2114620418178837
0.9806234547074514,0.0193765452925486,0.4618108950874195,0.5381891049125804,360.0,920.0,False,13760.0,0.0,0.9999999999999992,00,operational,173,0,0.1550123623403855,0.0775061811701931,0.0516707874467954,0.0387530905850967,0.0310024724680774,0.025835393723398,0.0221446231914841,0.0193765452925486
0.9786608519101176,0.0213391480898823,0.478069300122494,0.521930699877506,360.0,920.0,False,13760.0,0.0,0.9999999999999992,10,operational,173,10,0.1707131847190555,0.0853565923595279,0.0569043949063522,0.0426782961797642,0.0341426369438113,0.0284521974531763,0.0243875978170085,0.0213391480898823
0.9803059008433448,0.0196940991566552,0.4618108950874195,0.5381891049125804,360.0,940.0,False,13760.0,0.0,0.9999999999999992,01,operational,173,1,0.1575527932532375,0.078776396626619,0.0525175977510793,0.0393881983133097,0.0315105586506477,0.02625879887554,0.0225075418933201,0.0196940991566552
0.9778114469645196,0.0221885530354802,0.478069300122494,0.521930699877506,360.0,960.0,False,13760.0,0.0,0.9999999999999992,11,operational,173,11,0.1775084242838385,0.0887542121419194,0.0591694747612797,0.04437710607096,0.0355016848567681,0.0295847373806401,0.0253583463262631,0.0221885530354802
0.9393515926436198,0.0606484073563802,0.8589014791870248,0.1410985208129752,360.0,1860.0,False,13760.0,0.0,0.9999999999999992,00,operational,203,0,0.4665723890997428,0.2425936294255194,0.1617290862836797,0.1212968147127599,0.0970374517702079,0.0808645431418401,0.0693124655501488,0.0606484073563802
0.9335116742545124,0.0664883257454875,0.8894480071421856,0.1105519928578143,360.0,1860.0,False,13760.0,0.0,0.9999999999999992,10,operational,203,10,0.50989709917058,0.2659533029819488,0.1773022019879661,0.1329766514909747,0.1063813211927797,0.0886511009939833,0.0759866579948429,0.0664883257454875
0.9188413999982956,0.0811586000017045,0.8589014791870248,0.1410985208129752,360.0,2100.0,False,13760.0,0.0,0.9999999999999992,01,operational,203,1,0.6034160860247622,0.3246344000068163,0.2164229333378777,0.1623172000034084,0.1298537600027267,0.108211466668939,0.0927526857162337,0.0811586000017045
0.8213611337669031,0.1786388662330968,0.8894480071421856,0.1105519928578143,360.0,,True,13760.0,1.0,0.9061811327489596,11,operational,203,11,0.7533312855299693,0.4330988631792659,0.3200055312031908,0.2634588652151531,0.2295308656223307,0.2069121992271155,0.1907560089448192,0.1786388662330968
0.9468758447903876,0.0531241552096123,0.9243113613433666,0.0756886386566334,360.0,1620.0,False,13760.0,0.0,0.9999999999999992,00,operational,233,0,0.4228803011531628,0.2124966208384477,0.1416644138922986,0.1062483104192241,0.0849986483353792,0.0708322069461495,0.0607133202395568,0.0531241552096123
0.9404971119090156,0.0595028880909842,0.9748034096557684,0.0251965903442315,360.0,1640.0,False,13760.0,0.0,0.9999999999999992,10,operational,233,10,0.4729391846500969,0.2380115523639355,0.1586743682426238,0.119005776181968,0.0952046209455744,0.0793371841213121,0.0680033006754106,0.0595028880909842
0.9454580661043142,0.0545419338956858,0.9243113613433666,0.0756886386566334,360.0,1700.0,False,13760.0,0.0,0.9999999999999992,01,operational,233,1,0.4302479238236371,0.2181677355827418,0.1454451570551612,0.1090838677913712,0.0872670942330969,0.0727225785275808,0.0623336387379267,0.0545419338956858
0.9374804189630968,0.0625195810369031,0.9748034096557684,0.0251965903442315,360.0,1770.0,False,13760.0,0.0,0.9999999999999992,11,operational,233,11,0.4881533811688273,0.2500783241476109,0.166718882765074,0.1250391620738056,0.1000313296590444,0.0833594413825372,0.0714509497564607,0.0625195810369031
0.9717438623567484,0.0282561376432516,0.5824164254374334,0.4175835745625665,360.0,1150.0,False,13760.0,0.0,0.9999999999999992,00,operational,263,0,0.2260491011451224,0.1130245505730048,0.0753497003820032,0.0565122752865027,0.0452098202292021,0.0376748501910018,0.0322927287351446,0.0282561376432516
0.9698392561572984,0.0301607438427017,0.6179184759358634,0.3820815240641366,360.0,1150.0,False,13760.0,0.0,0.9999999999999992,10,operational,263,10,0.2412859507406647,0.1206429753708057,0.080428650247204,0.060321487685403,0.0482571901483224,0.0402143251236023,0.0344694215345162,0.0301607438427017
0.9693718860672456,0.0306281139327544,0.5824164254374334,0.4175835745625665,360.0,1290.0,False,13760.0,0.0,0.9999999999999992,01,operational,263,1,0.2450249105344553,0.1225124557310158,0.081674970487344,0.0612562278655083,0.0490049822924065,0.0408374852436723,0.0350035587802907,0.0306281139327544
0.881150962598702,0.118849037401298,0.6179184759358634,0.3820815240641366,360.0,,True,13760.0,1.0,0.9061811327489596,11,operational,263,11,0.2940602283993542,0.1939395478520702,0.1605659876517269,0.1438792075515554,0.1338671394914524,0.1271924274513838,0.1224247759941918,0.118849037401298
0.9679872085996992,0.0320127914003006,0.8573528135523703,0.1426471864476297,360.0,1030.0,False,13760.0,0.0,0.9999999999999992,00,operational,293,0,0.2561023312023999,0.1280511656012012,0.085367443734134,0.0640255828006008,0.0512204662404807,0.0426837218670673,0.0365860473146293,0.0320127914003006
0.9649592771238812,0.0350407228761189,0.9599407159514296,0.0400592840485703,360.0,1030.0,False,13760.0,0.0,0.9999999999999992,10,operational,293,10,0.2803257830089457,0.1401628915044741,0.0934419276696495,0.0700814457522374,0.0560651566017899,0.0467209638348251,0.0400465404298502,0.0350407228761189
0.9560937101863032,0.0439062898136969,0.8573528135523703,0.1426471864476297,360.0,1160.0,False,13760.0,0.0,0.9999999999999992,01,operational,293,1,0.3512503185085791,0.1756251592547861,0.1170834395031907,0.0878125796273933,0.0702500637019146,0.0585417197515957,0.0501786169299393,0.0439062898136969
0.0835306224494395,0.9164693775505603,0.9599407159514296,0.0400592840485703,360.0,,True,13760.0,1.0,0.0734484579158179,11,operational,293,11,0.8458942258152088,0.8862228839496955,0.8996657699945243,0.9063872130169388,0.9104200788303874,0.9131086560393532,0.9150290683314716,0.9164693775505603
0.9844123383394406,0.0155876616605593,0.3740278710652681,0.6259721289347319,360.0,830.0,False,13760.0,0.0,0.9999999999999992,00,operational,24,0,0.1247012932844705,0.0623506466422355,0.0415670977614904,0.031175323321118,0.0249402586568945,0.0207835488807454,0.0178144704692106,0.0155876616605593
0.9810604958393292,0.0189395041606709,0.4523940501588984,0.5476059498411016,360.0,830.0,False,13760.0,0.0,0.9999999999999992,10,operational,24,10,0.1515160332853632,0.0757580166426818,0.0505053444284546,0.0378790083213412,0.0303032066570729,0.0252526722142276,0.0216451476121952,0.0189395041606709
0.9843193262921764,0.0156806737078235,0.3740278710652681,0.6259721289347319,360.0,830.0,False,13760.0,0.0,0.9999999999999992,01,operational,24,1,0.1254453896625847,0.0627226948312926,0.0418151298875285,0.0313613474156466,0.0250890779325173,0.0209075649437644,0.0179207699517983,0.0156806737078235
0.9807221879847416,0.0192778120152584,0.4523940501588984,0.5476059498411016,360.0,850.0,False,13760.0,0.0,0.9999999999999992,11,operational,24,11,0.1542224961220635,0.077111248061032,0.0514074987073548,0.0385556240305162,0.0308444992244131,0.0257037493536775,0.0220317851602952,0.0192778120152584
0.9392925751742222,0.0607074248257778,0.5962512453398054,0.4037487546601946,360.0,1970.0,False,13760.0,0.0,0.9999999999999992,00,operational,54,0,0.4536616831348795,0.2428296993031097,0.1618864662020731,0.1214148496515551,0.0971318797212441,0.0809432331010369,0.069379914086603,0.0607074248257778
0.935243094599311,0.064756905400689,0.6013846504745614,0.3986153495254386,360.0,1970.0,False,13760.0,0.0,0.9999999999999992,10,operational,54,10,0.4801324699476135,0.2590276216027544,0.1726850810685031,0.1295138108013774,0.1036110486411019,0.0863425405342518,0.0740078918865017,0.064756905400689
0.9350621200890424,0.0649378799109574,0.5962512453398054,0.4037487546601946,360.0,2140.0,False,13760.0,0.0,0.9999999999999992,01,operational,54,1,0.4649680677512396,0.2597515196438285,0.1731676797625524,0.1298757598219144,0.1039006078575315,0.0865838398812764,0.0742147198982371,0.0649378799109574
0.8511831378690052,0.1488168621309947,0.6013846504745614,0.3986153495254386,360.0,,True,13760.0,1.0,0.9061811327489596,11,operational,54,11,0.4920979283613782,0.3138108467708573,0.2404801869309184,0.2038148570109489,0.1818156590589673,0.1671495270909794,0.1566737185424168,0.1488168621309947
0.9836712821866532,0.0163287178133467,0.4259380852737846,0.5740619147262154,360.0,730.0,False,13760.0,0.0,0.9999999999999992,00,operational,84,0,0.1306297425067706,0.0653148712533856,0.0435432475022571,0.0326574356266929,0.0261259485013544,0.0217716237511288,0.018661391786682,0.0163287178133467
0.981091507088763,0.0189084929112369,0.4740900844156527,0.5259099155843473,360.0,740.0,False,13760.0,0.0,0.9999999999999992,10,operational,84,10,0.151267943289892,0.0756339716449462,0.0504226477632976,0.0378169858224735,0.0302535886579787,0.0252113238816489,0.0216097061842708,0.0189084929112369
0.9821171389790636,0.0178828610209362,0.4259380852737846,0.5740619147262154,360.0,790.0,False,13760.0,0.0,0.9999999999999992,01,operational,84,1,0.1430628881674861,0.0715314440837433,0.0476876293891622,0.0357657220418718,0.0286125776334975,0.0238438146945814,0.0204375554524985,0.0178828610209362
0.8341969894084739,0.1658030105915261,0.4740900844156527,0.5259099155843473,360.0,,True,13760.0,1.0,0.8435994411819693,11,operational,84,11,0.2316201730059942,0.1940103659120124,0.181473763547352,0.1752054623650216,0.1714444816556235,0.1689371611826912,0.1671462179877398,0.1658030105915261
0.9793953765390124,0.0206046234609875,0.4076047252990394,0.5923952747009605,360.0,960.0,False,13760.0,0.0,0.9999999999999992,00,operational,114,0,0.1648369876878962,0.0824184938439485,0.0549456625626324,0.0412092469219744,0.0329673975375797,0.0274728312813163,0.0235481410982714,0.0206046234609875
0.9773250253641506,0.0226749746358494,0.4383214829410126,0.5616785170589874,360.0,960.0,False,13760.0,0.0,0.9999999999999992,10,operational,114,10,0.1813997970867922,0.0906998985433963,0.060466599028931,0.0453499492716984,0.0362799594173588,0.0302332995144658,0.025914256726685,0.0226749746358494
0.9775328688896534,0.0224671311103465,0.4076047252990394,0.5923952747009605,360.0,1060.0,False,13760.0,0.0,0.9999999999999992,01,operational,114,1,0.1797370488827607,0.0898685244413849,0.0599123496275902,0.0449342622206926,0.0359474097765541,0.0299561748137954,0.0256767212689675,0.0224671311103465
0.9187739951499052,0.0812260048500946,0.4383214829410126,0.5616785170589874,360.0,,True,13760.0,1.0,0.936063319106308,11,operational,114,11,0.2022512725449112,0.1330939767193016,0.110041544777432,0.098515328806497,0.0915995992239362,0.0869891128355621,0.0836959082724376,0.0812260048500946
0.9872873671383724,0.0127126328616274,0.3695245767964482,0.6304754232035518,360.0,710.0,False,13760.0,0.0,0.9999999999999992,00,operational,144,0,0.101701062893016,0.0508505314465083,0.0339003542976722,0.0254252657232544,0.0203402125786035,0.0169501771488365,0.0145287232704314,0.0127126328616274
0.9857018139990372,0.0142981860009626,0.3943267432119179,0.605673256788082,360.0,710.0,False,13760.0,0.0,0.9999999999999992,10,operational,144,10,0.1143854880076975,0.0571927440038491,0.0381284960025662,0.0285963720019247,0.0228770976015397,0.0190642480012833,0.0163407840011001,0.0142981860009626
0.986424536054259,0.013575463945741,0.3695245767964482,0.6304754232035518,360.0,760.0,False,13760.0,0.0,0.9999999999999992,01,operational,144,1,0.1086037115659245,0.0543018557829625,0.0362012371886417,0.0271509278914815,0.0217207423131852,0.0181006185943212,0.0155148159379896,0.013575463945741
0.9854959080140904,0.0145040919859096,0.3943267432119179,0.605673256788082,360.0,770.0,False,13760.0,0.0,0.9999999999999992,11,operational,144,11,0.1160327358872728,0.0580163679436366,0.0386775786290911,0.0290081839718187,0.0232065471774549,0.0193387893145458,0.0165761051267537,0.0145040919859096
0.980346294870354,0.0196537051296459,0.432454012130957,0.567545987869043,360.0,900.0,False,13760.0,0.0,0.9999999999999992,00,operational,174,0,0.1572296410371648,0.0786148205185826,0.0524098803457219,0.0393074102592915,0.0314459282074331,0.0262049401728613,0.0224613772910239,0.0196537051296459
0.9771987408487448,0.0228012591512553,0.4942022927835475,0.5057977072164525,360.0,900.0,False,13760.0,0.0,0.9999999999999992,10,operational,174,10,0.1824100732100392,0.0912050366050197,0.0608033577366801,0.04560251830251,0.036482014642008,0.0304016788683404,0.0260585818871489,0.0228012591512553
0.9800424900876904,0.0199575099123097,0.432454012130957,0.567545987869043,360.0,910.0,False,13760.0,0.0,0.9999999999999992,01,operational,174,1,0.159660079298474,0.0798300396492371,0.0532200264328249,0.0399150198246188,0.031932015859695,0.0266100132164127,0.0228085827569253,0.0199575099123097
0.8894733433062193,0.1105266566937807,0.4942022927835475,0.5057977072164525,360.0,,True,13760.0,1.0,0.9061811327489596,11,operational,174,11,0.2274811827929616,0.160650025022001,0.1383729724316807,0.1272344461365208,0.1205513303594247,0.1160959198413607,0.1129134837570292,0.1105266566937807
0.9331479311107568,0.0668520688892432,0.8962837803915559,0.1037162196084441,360.0,1750.0,False,13760.0,0.0,0.9999999999999992,00,operational,204,0,0.5240815085482893,0.2674082755569715,0.178272183704648,0.133704137778486,0.1069633102227889,0.0891360918523243,0.0764023644448494,0.0668520688892432
0.9259666091764832,0.0740333908235167,0.9674304556234352,0.0325695443765647,360.0,1760.0,False,13760.0,0.0,0.9999999999999992,10,operational,204,10,0.5781301088971929,0.2961335632940652,0.197422375529377,0.1480667816470329,0.1184534253176263,0.0987111877646886,0.0846095895125905,0.0740333908235167
0.9197707683113988,0.0802292316886011,0.8962837803915559,0.1037162196084441,360.0,2170.0,False,13760.0,0.0,0.9999999999999992,01,operational,204,1,0.5751621408113543,0.3209169267544034,0.213944617836269,0.1604584633772019,0.1283667707017616,0.1069723089181347,0.0916905505012585,0.0802292316886011
0.0784940800649595,0.9215059199350404,0.9674304556234352,0.0325695443765647,360.0,,True,13760.0,1.0,0.0734484579158178,11,operational,204,11,0.8859609725302748,0.9063690534876157,0.9130965496864712,0.9164602977858988,0.9184785466455556,0.9198240458853266,0.9207851167708774,0.9215059199350404
0.9776324413939504,0.0223675586060495,0.4503720527982287,0.5496279472017713,360.0,1060.0,False,13760.0,0.0,0.9999999999999992,00,operational,234,0,0.1789404688483843,0.0894702344241962,0.0596468229494641,0.0447351172120983,0.0357880937696788,0.0298234114747323,0.0255629241211994,0.0223675586060495
0.9752814735048168,0.0247185264951832,0.4782983817110976,0.5217016182889024,360.0,1060.0,False,13760.0,0.0,0.9999999999999992,10,operational,234,10,0.1977482119614544,0.0988741059807314,0.0659160706538209,0.049437052990366,0.0395496423922928,0.0329580353269106,0.0282497445659237,0.0247185264951832
0.9746943115919744,0.0253056884080256,0.4503720527982287,0.5496279472017713,360.0,1230.0,False,13760.0,0.0,0.9999999999999992,01,operational,234,1,0.202445507211987,0.1012227536321006,0.0674818357547341,0.0506113768160505,0.0404891014528406,0.0337409178773672,0.0289207867520292,0.0253056884080256
0.9711727360458704,0.0288272639541296,0.4782983817110976,0.5217016182889024,360.0,1250.0,False,13760.0,0.0,0.9999999999999992,11,operational,234,11,0.2306181114868953,0.115309055816517,0.0768727038776782,0.0576545279082587,0.0461236223266069,0.0384363519388394,0.0329454445190052,0.0288272639541296
0.9429766724893248,0.057023327510675,0.8508127863414571,0.1491872136585429,360.0,1810.0,False,13760.0,0.0,0.9999999999999992,00,operational,264,0,0.441130770394829,0.2280933100426989,0.1520622066951328,0.1140466550213497,0.0912373240170798,0.0760311033475666,0.0651695171550572,0.057023327510675
0.9346482492197752,0.0653517507802249,0.956917186908353,0.0430828130916469,360.0,1810.0,False,13760.0,0.0,0.9999999999999992,10,operational,264,10,0.5043936387777255,0.2614070031208979,0.174271335413932,0.1307035015604493,0.1045628012483594,0.0871356677069662,0.0746877151773999,0.0653517507802249
0.935121038920631,0.0648789610793689,0.8508127863414571,0.1491872136585429,360.0,2170.0,False,13760.0,0.0,0.9999999999999992,01,operational,264,1,0.4560357960708928,0.2595158443174743,0.1730105628783165,0.1297579221587373,0.10380633772699,0.0865052814391584,0.0741473840907074,0.0648789610793689
0.7944782436387559,0.2055217563612441,0.956917186908353,0.0430828130916469,360.0,,True,13760.0,1.0,0.8440980303790332,11,operational,264,11,0.5155199269964936,0.354381116582075,0.2882214009283724,0.255141543101521,0.2352936284054102,0.2220616852746697,0.2126102973241406,0.2055217563612441
0.989993327482728,0.0100066725172719,0.3516091922387935,0.6483908077612065,360.0,580.0,False,13760.0,0.0,0.9999999999999992,00,operational,294,0,0.0800533801381714,0.0400266900690859,0.0266844600460574,0.0200133450345433,0.0160106760276346,0.013342230023029,0.0114361971625964,0.0100066725172719
0.9896659055598812,0.0103340944401186,0.3606270566421984,0.6393729433578016,360.0,580.0,False,13760.0,0.0,0.9999999999999992,10,operational,294,10,0.082672755520946,0.0413363777604732,0.0275575851736489,0.0206681888802369,0.0165345511041895,0.0137787925868247,0.01181039364585,0.0103340944401186
0.9892876793372634,0.0107123206627366,0.3516091922387935,0.6483908077612065,360.0,630.0,False,13760.0,0.0,0.9999999999999992,01,operational,294,1,0.0856985653018891,0.0428492826509449,0.0285661884339634,0.0214246413254727,0.017139713060378,0.0142830942169819,0.0122426521859846,0.0107123206627366
0.9887940947012333,0.0112059052987668,0.3606270566421984,0.6393729433578016,360.0,630.0,False,13760.0,0.0,0.9999999999999992,11,operational,294,11,0.089647242390131,0.0448236211950657,0.0298824141300438,0.0224118105975331,0.0179294484780265,0.0149412070650221,0.0128067489128763,0.0112059052987668
0.9743796427826068,0.0256203572173931,0.6730886215056311,0.3269113784943689,360.0,1050.0,False,13760.0,0.0,0.9999999999999992,00,operational,25,0,0.2049628577391361,0.1024814288695712,0.0683209525797142,0.0512407144347858,0.0409925715478286,0.0341604762898574,0.0292804082484493,0.0256203572173931
0.9706014714045492,0.0293985285954507,0.7317398393599304,0.2682601606400697,360.0,1050.0,False,13760.0,0.0,0.9999999999999992,10,operational,25,10,0.2351882287635971,0.117594114381802,0.0783960762545348,0.0587970571909012,0.0470376457527209,0.0391980381272677,0.0335983183948009,0.0293985285954507
0.9706654952468784,0.0293345047531217,0.6730886215056311,0.3269113784943689,360.0,1210.0,False,13760.0,0.0,0.9999999999999992,01,operational,25,1,0.2346760380086013,0.1173380190124853,0.0782253460083236,0.0586690095062429,0.0469352076049943,0.0391126730041619,0.0335251482892819,0.0293345047531217
0.8247564504147805,0.1752435495852194,0.7317398393599304,0.2682601606400697,360.0,,True,13760.0,1.0,0.8435994411819693,11,operational,25,11,0.3071444849555405,0.2317725218867858,0.2066485341972008,0.1940865403524083,0.1865493440455329,0.1815245465076158,0.1779354054091037,0.1752435495852194
0.9823008748637392,0.0176991251362607,0.3951381125854909,0.6048618874145091,360.0,930.0,False,13760.0,0.0,0.9999999999999992,00,operational,55,0,0.1415930010900818,0.0707965005450411,0.0471976670300275,0.0353982502725209,0.0283186002180166,0.0235988335150139,0.020227571584298,0.0176991251362607
0.9805110547492816,0.0194889452507185,0.4221047391539085,0.5778952608460914,360.0,930.0,False,13760.0,0.0,0.9999999999999992,10,operational,55,10,0.1559115620057442,0.0779557810028722,0.0519705206685816,0.0389778905014364,0.0311823124011492,0.025985260334291,0.0222730802865354,0.0194889452507185
0.9821766682924884,0.0178233317075116,0.3951381125854909,0.6048618874145091,360.0,940.0,False,13760.0,0.0,0.9999999999999992,01,operational,55,1,0.1425866536600897,0.071293326830045,0.0475288845533634,0.0356466634150227,0.0285173307320182,0.023764442276682,0.0203695219514419,0.0178233317075116
0.9803578280268171,0.0196421719731827,0.4221047391539085,0.5778952608460914,360.0,940.0,False,13760.0,0.0,0.9999999999999992,11,operational,55,11,0.1571373757854586,0.0785686878927295,0.0523791252618199,0.0392843439463649,0.0314274751570919,0.0261895626309103,0.0224481965407802,0.0196421719731827
0.982818072771252,0.0171819272287481,0.4524583722399941,0.5475416277600059,360.0,740.0,False,13760.0,0.0,0.9999999999999992,00,operational,85,0,0.1374554178299807,0.0687277089149905,0.0458184726099938,0.0343638544574956,0.0274910835659965,0.0229092363049973,0.0196364882614262,0.0171819272287481
0.9817166236347568,0.0182833763652431,0.4607913436235544,0.5392086563764455,360.0,740.0,False,13760.0,0.0,0.9999999999999992,10,operational,85,10,0.1462670109219409,0.0731335054609706,0.0487556703073139,0.0365667527304856,0.0292534021843885,0.0243778351536571,0.0208952872745635,0.0182833763652431
0.9818633653831036,0.0181366346168964,0.4524583722399941,0.5475416277600059,360.0,780.0,False,13760.0,0.0,0.9999999999999992,01,operational,85,1,0.145093076935167,0.0725465384675837,0.0483643589783893,0.0362732692337921,0.0290186153870337,0.0241821794891948,0.0207275824193101,0.0181366346168964
0.8929683516120849,0.1070316483879151,0.4607913436235544,0.5392086563764455,360.0,,True,13760.0,1.0,0.9061811327489596,11,operational,85,11,0.1995211163460364,0.1466699917985385,0.1290529502827057,0.1202444295247895,0.1149593170700397,0.1114359087668732,0.1089191885503256,0.1070316483879151
0.9806554018618328,0.0193445981381672,0.6071043457162156,0.3928956542837843,360.0,800.0,False,13760.0,0.0,0.9999999999999992,00,operational,115,0,0.1547567851053338,0.0773783925526672,0.0515855950351116,0.0386891962763338,0.0309513570210672,0.025792797517556,0.0221081121579054,0.0193445981381672
0.9783629848753084,0.0216370151246917,0.6715048819244294,0.3284951180755707,360.0,810.0,False,13760.0,0.0,0.9999999999999992,10,operational,115,10,0.1730961209975295,0.086548060498765,0.0576987069991768,0.0432740302493828,0.0346192241995063,0.0288493534995886,0.024728017285362,0.0216370151246917
0.9804991551578156,0.0195008448421843,0.6071043457162156,0.3928956542837843,360.0,820.0,False,13760.0,0.0,0.9999999999999992,01,operational,115,1,0.1560067587374719,0.0780033793687362,0.0520022529124908,0.0390016896843683,0.0312013517474947,0.0260011264562455,0.0222866798196393,0.0195008448421843
0.9778321948599328,0.0221678051400673,0.6715048819244294,0.3284951180755707,360.0,840.0,False,13760.0,0.0,0.9999999999999992,11,operational,115,11,0.1773424411205343,0.0886712205602673,0.0591141470401783,0.0443356102801338,0.0354684882241073,0.0295570735200894,0.0253346344457912,0.0221678051400673
0.989283194464192,0.010716805535808,0.3805394105310286,0.6194605894689714,360.0,570.0,False,13760.0,0.0,0.9999999999999992,00,operational,145,0,0.0857344442864607,0.0428672221432305,0.0285781480954872,0.0214336110716155,0.0171468888572924,0.0142890740477438,0.0122477777552091,0.010716805535808
0.989283194464192,0.010716805535808,0.3805394105310286,0.6194605894689714,360.0,570.0,False,13760.0,0.0,0.9999999999999992,10,operational,145,10,0.0857344442864607,0.0428672221432305,0.0285781480954872,0.0214336110716155,0.0171468888572924,0.0142890740477438,0.0122477777552091,0.010716805535808
0.9884348306195722,0.0115651693804278,0.3805394105310286,0.6194605894689714,360.0,610.0,False,13760.0,0.0,0.9999999999999992,01,operational,145,1,0.0925213550434193,0.0462606775217099,0.03084045168114,0.0231303387608552,0.0185042710086842,0.0154202258405702,0.0132173364347747,0.0115651693804278
0.9884348306195722,0.0115651693804278,0.3805394105310286,0.6194605894689714,360.0,610.0,False,13760.0,0.0,0.9999999999999992,11,operational,145,11,0.0925213550434193,0.0462606775217099,0.03084045168114,0.0231303387608552,0.0185042710086842,0.0154202258405702,0.0132173364347747,0.0115651693804278
0.9289031865889475,0.0710968134110523,0.9023971510853096,0.0976028489146904,360.0,2120.0,False,13760.0,0.0,0.9999999999999992,00,operational,175,0,0.5201884947834438,0.2843872536442078,0.1895915024294718,0.1421936268221041,0.1137549014576833,0.0947957512147362,0.0812535010412026,0.0710968134110523
0.9228122334150194,0.0771877665849806,0.941281287117268,0.0587187128827321,360.0,2120.0,False,13760.0,0.0,0.9999999999999992,10,operational,175,10,0.5594149241653438,0.308751066339921,0.2058340442266141,0.1543755331699607,0.1235004265359687,0.1029170221133073,0.0882145903828349,0.0771877665849806
0.9237936831335504,0.0762063168664496,0.9023971510853096,0.0976028489146904,360.0,2320.0,False,13760.0,0.0,0.9999999999999992,01,operational,175,1,0.528919712455922,0.3048252674657971,0.2032168449771982,0.1524126337328988,0.121930106986319,0.1016084224885993,0.0870929335616567,0.0762063168664496
0.86725139600776,0.1327486039922399,0.941281287117268,0.0587187128827321,360.0,,True,13760.0,1.0,0.936063319106308,11,operational,175,11,0.557260125795267,0.3391843732878832,0.2474351424898196,0.2015605270907877,0.1740357578513688,0.1556859116917559,0.1425788787206039,0.1327486039922399
0.9544232963272704,0.0455767036727294,0.684713622506731,0.315286377493269,360.0,1590.0,False,13760.0,0.0,0.9999999999999992,00,operational,205,0,0.3632308688949984,0.1823068146909159,0.1215378764606107,0.0911534073454581,0.0729227258763666,0.0607689382303056,0.0520876613402622,0.0455767036727294
0.9507714431506924,0.0492285568493077,0.7136901253266597,0.2863098746733404,360.0,1590.0,False,13760.0,0.0,0.9999999999999992,10,operational,205,10,0.3921686155784273,0.1969142273972293,0.1312761515981529,0.0984571136986149,0.0787656909588919,0.0656380757990766,0.0562612078277803,0.0492285568493077
0.9501311127071423,0.0498688872928575,0.684713622506731,0.315286377493269,360.0,1770.0,False,13760.0,0.0,0.9999999999999992,01,operational,205,1,0.3870197574501568,0.1994755491714285,0.1329836994476191,0.0997377745857145,0.0797902196685715,0.0664918497238097,0.0569930140489799,0.0498688872928575
0.9450757292514244,0.0549242707485755,0.7136901253266597,0.2863098746733404,360.0,1830.0,False,13760.0,0.0,0.9999999999999992,11,operational,205,11,0.4212567908526434,0.2196970829943005,0.1464647219962006,0.1098485414971505,0.0878788331977205,0.0732323609981007,0.0627705951412291,0.0549242707485755
0.9887877722361172,0.0112122277638828,0.3609903500528203,0.6390096499471797,360.0,720.0,False,13760.0,0.0,0.9999999999999992,00,operational,235,0,0.0896978221110594,0.04484891105553,0.0298992740370199,0.0224244555277652,0.0179395644222122,0.0149496370185103,0.0128139745872947,0.0112122277638828
0.9859987299440768,0.0140012700559233,0.4035126056434199,0.59648739435658,360.0,730.0,False,13760.0,0.0,0.9999999999999992,10,operational,235,10,0.1120101604473825,0.0560050802236915,0.0373367201491279,0.0280025401118459,0.0224020320894768,0.0186683600745641,0.0160014514924837,0.0140012700559233
0.988536526772214,0.0114634732277859,0.3609903500528203,0.6390096499471797,360.0,750.0,False,13760.0,0.0,0.9999999999999992,01,operational,235,1,0.0917077858222845,0.0458538929111425,0.0305692619407619,0.0229269464555714,0.0183415571644571,0.0152846309703811,0.0131011122603269,0.0114634732277859
0.9850589859688936,0.0149410140311063,0.4035126056434199,0.59648739435658,360.0,800.0,False,13760.0,0.0,0.9999999999999992,11,operational,235,11,0.1195281122488476,0.059764056124424,0.0398427040829493,0.0298820280622122,0.0239056224497697,0.019921352041475,0.0170754446069787,0.0149410140311063
0.9851226072655356,0.0148773927344644,0.3526234584064649,0.6473765415935351,360.0,860.0,False,13760.0,0.0,0.9999999999999992,00,operational,265,0,0.1190191418757118,0.0595095709378561,0.0396730472919042,0.0297547854689284,0.0238038283751427,0.0198365236459524,0.0170027345536736,0.0148773927344644
0.9837531348452824,0.0162468651547177,0.3794266019216313,0.6205733980783686,360.0,860.0,False,13760.0,0.0,0.9999999999999992,10,operational,265,10,0.1299749212377379,0.0649874606188691,0.0433249737459129,0.0324937303094349,0.0259949842475479,0.0216624868729565,0.0185678458911059,0.0162468651547177
0.9838071949946726,0.0161928050053273,0.3526234584064649,0.6473765415935351,360.0,930.0,False,13760.0,0.0,0.9999999999999992,01,operational,265,1,0.129542440042615,0.0647712200213077,0.0431808133475386,0.0323856100106542,0.0259084880085234,0.0215904066737694,0.0185060628632313,0.0161928050053273
0.9816227941797556,0.0183772058202443,0.3794266019216313,0.6205733980783686,360.0,970.0,False,13760.0,0.0,0.9999999999999992,11,operational,265,11,0.1470176465619513,0.073508823280976,0.0490058821873174,0.0367544116404883,0.0294035293123905,0.0245029410936591,0.021002520937422,0.0183772058202443
0.964422636805888,0.0355773631941119,0.52618405412345,0.4738159458765499,360.0,1350.0,False,13760.0,0.0,0.9999999999999992,00,operational,295,0,0.2846188818374243,0.1423094527764465,0.0948729685176312,0.0711547263882235,0.0569237811105789,0.0474364842588159,0.0406598436504136,0.0355773631941119
0.9597473029843028,0.0402526970156973,0.5602088500318942,0.4397911499681058,360.0,1350.0,False,13760.0,0.0,0.9999999999999992,10,operational,295,10,0.3220215508006817,0.1610107880627881,0.1073405253751923,0.0805053940313942,0.0644043152251154,0.0536702626875963,0.0460030823036541,0.0402526970156973
0.9610860670755996,0.0389139329244004,0.52618405412345,0.4738159458765499,360.0,1520.0,False,13760.0,0.0,0.9999999999999992,01,operational,295,1,0.3111992315030409,0.1556557316976002,0.1037704877984003,0.0778278658488004,0.0622622926790404,0.0518852438992003,0.0444730661993149,0.0389139329244004
0.957150390324576,0.0428496096754239,0.5602088500318942,0.4397911499681058,360.0,1530.0,False,13760.0,0.0,0.9999999999999992,11,operational,295,11,0.3425594881666645,0.171398438701694,0.1142656258011295,0.0856992193508472,0.0685593754806778,0.057132812900565,0.0489709824861986,0.0428496096754239
0.948427756630323,0.051572243369677,0.5430057542442857,0.4569942457557143,360.0,1770.0,False,13760.0,0.0,0.9999999999999992,00,operational,26,0,0.4003299695815873,0.2062889734787064,0.1375259823191378,0.1031444867393535,0.0825155893914827,0.0687629911595691,0.0589397067082022,0.051572243369677
0.9455994974012306,0.0544005025987693,0.5540859193204957,0.4459140806795044,360.0,1770.0,False,13760.0,0.0,0.9999999999999992,10,operational,26,10,0.421447182722558,0.2176020103950757,0.1450680069300506,0.1088010051975382,0.0870408041580306,0.0725340034650254,0.0621720029700221,0.0544005025987693
0.9423416609514272,0.0576583390485728,0.5430057542442857,0.4569942457557143,360.0,1940.0,False,13760.0,0.0,0.9999999999999992,01,operational,26,1,0.4293534428327286,0.2306333561942898,0.1537555707961934,0.1153166780971451,0.0922533424777162,0.0768777853980969,0.0658952446269404,0.0576583390485728
0.810408033948029,0.189591966051971,0.5540859193204957,0.4459140806795044,360.0,,True,13760.0,1.0,0.8440980303790331,11,operational,26,11,0.4246138816407077,0.2906619553449828,0.2457419601036441,0.2232819624829749,0.2098059639105733,0.2008219648623056,0.1944048226849715,0.189591966051971
0.9322709040111248,0.0677290959888752,0.8562823335524294,0.1437176664475705,360.0,1950.0,False,13760.0,0.0,0.9999999999999992,00,operational,56,0,0.510417195108285,0.2709163839554992,0.1806109226369995,0.1354581919777499,0.1083665535821999,0.0903054613184999,0.0774046811301431,0.0677290959888752
0.926991954409285,0.073008045590715,0.9283535567222784,0.0716464432777216,200.0,1950.0,False,13760.0,0.0,0.9999999999999992,10,operational,56,10,0.5468023420832826,0.2920321823628587,0.1946881215752391,0.1460160911814296,0.1168128729451437,0.0973440607876199,0.0834377663893887,0.073008045590715
0.9076813088763532,0.0923186911236467,0.8562823335524294,0.1437176664475705,360.0,2340.0,False,13760.0,0.0,0.9999999999999992,01,operational,56,1,0.6390524926521302,0.3692747644945851,0.2461831763297234,0.1846373822472927,0.1477099057978342,0.1230915881648619,0.1055070755698818,0.0923186911236467
0.0809291921299595,0.9190708078700404,0.9283535567222784,0.0716464432777216,200.0,,True,13760.0,1.0,0.0734484579158179,11,operational,56,11,0.8664279159057383,0.8966286052276156,0.9066029175131376,0.9115900736558988,0.9145823673415556,0.91657722979866,0.9180021315537346,0.9190708078700404
0.9741942871590168,0.0258057128409832,0.4797790232247247,0.5202209767752752,360.0,1060.0,False,13760.0,0.0,0.9999999999999992,00,operational,86,0,0.2064457027278518,0.1032228513639308,0.0688152342426207,0.0516114256819656,0.0412891405455726,0.0344076171213105,0.0294922432468378,0.0258057128409832
0.9727820353293278,0.0272179646706721,0.4872652566406286,0.5127347433593714,360.0,1060.0,False,13760.0,0.0,0.9999999999999992,10,operational,86,10,0.2177437173653637,0.1088718586826871,0.0725812391217914,0.0544359293413438,0.043548743473075,0.036290619560896,0.031106245337911,0.0272179646706721
0.9719380512790068,0.0280619487209933,0.4797790232247247,0.5202209767752752,360.0,1170.0,False,13760.0,0.0,0.9999999999999992,01,operational,86,1,0.2244955897653759,0.1122477948839717,0.0748318632559813,0.056123897441986,0.0448991179535889,0.0374159316279909,0.0320707985382781,0.0280619487209933
0.8845140650584161,0.1154859349415838,0.4872652566406286,0.5127347433593714,360.0,,True,13760.0,1.0,0.9061811327489596,11,operational,86,11,0.267155408775372,0.1804871380132139,0.1515977144258227,0.1371530026321272,0.12848617555591,0.1227082908384317,0.1185812303259473,0.1154859349415838
0.9837731216685548,0.016226878331445,0.6202194626751689,0.379780537324831,360.0,650.0,False,13760.0,0.0,0.9999999999999992,00,operational,116,0,0.1298150266515565,0.0649075133257784,0.0432716755505191,0.0324537566628895,0.0259630053303117,0.0216358377752597,0.0185450038073657,0.016226878331445
0.9808628673187296,0.0191371326812702,0.7649378229360633,0.2350621770639366,360.0,650.0,False,13760.0,0.0,0.9999999999999992,10,operational,116,10,0.1530970614501579,0.0765485307250791,0.0510323538167195,0.0382742653625399,0.0306194122900317,0.0255161769083601,0.0218710087785943,0.0191371326812702
0.9831614398214508,0.0168385601785491,0.6202194626751689,0.379780537324831,360.0,690.0,False,13760.0,0.0,0.9999999999999992,01,operational,116,1,0.1347084814283898,0.0673542407141951,0.044902827142797,0.0336771203570978,0.0269416962856782,0.0224514135713986,0.0192440687754847,0.0168385601785491
0.9806058124439734,0.0193941875560266,0.7649378229360633,0.2350621770639366,360.0,720.0,False,13760.0,0.0,0.9999999999999992,11,operational,116,11,0.1551535004482089,0.0775767502241047,0.0517178334827366,0.0387883751120526,0.0310307000896421,0.0258589167413686,0.0221647857783161,0.0193941875560266
0.991690392048112,0.0083096079518879,0.3147825015592022,0.6852174984407978,360.0,510.0,False,13760.0,0.0,0.9999999999999992,00,operational,146,0,0.0664768636151001,0.0332384318075503,0.0221589545383671,0.0166192159037753,0.0132953727230205,0.0110794772691837,0.0094966948021576,0.0083096079518879
0.9900495994201852,0.0099504005798148,0.3856267684361686,0.6143732315638314,360.0,510.0,False,13760.0,0.0,0.9999999999999992,10,operational,146,10,0.0796032046385157,0.0398016023192582,0.0265344015461721,0.0199008011596293,0.0159206409277035,0.0132672007730864,0.0113718863769313,0.0099504005798148
0.9910316535308068,0.0089683464691932,0.3147825015592022,0.6852174984407978,360.0,550.0,False,13760.0,0.0,0.9999999999999992,01,operational,146,1,0.0717467717535416,0.0358733858767711,0.023915590584514,0.0179366929383858,0.0143493543507086,0.0119577952922571,0.010249538821935,0.0089683464691932
0.9003585818771392,0.0996414181228607,0.3856267684361686,0.6143732315638314,360.0,,True,13760.0,1.0,0.9061811327489596,11,operational,146,11,0.1403992742256021,0.1171090707383214,0.1093456695758943,0.105463968994681,0.1031349486459528,0.1015822684134674,0.1004732111045493,0.0996414181228607
0.988292270524732,0.0117077294752678,0.3559770025599794,0.6440229974400206,360.0,650.0,False,13760.0,0.0,0.9999999999999992,00,operational,176,0,0.0936618358021394,0.0468309179010699,0.0312206119340466,0.0234154589505353,0.0187323671604282,0.0156103059670235,0.013380262257449,0.0117077294752678
0.986745269540761,0.0132547304592389,0.3889368240090206,0.6110631759909794,360.0,660.0,False,13760.0,0.0,0.9999999999999992,10,operational,176,10,0.106037843673908,0.0530189218369542,0.0353459478913029,0.0265094609184773,0.021207568734782,0.0176729739456517,0.0151482633819873,0.0132547304592389
0.987073256656329,0.012926743343671,0.3559770025599794,0.6440229974400206,360.0,750.0,False,13760.0,0.0,0.9999999999999992,01,operational,176,1,0.1034139467493643,0.0517069733746824,0.0344713155831216,0.0258534866873415,0.0206827893498732,0.017235657791561,0.0147734209641954,0.012926743343671
0.9849884594603436,0.0150115405396564,0.3889368240090206,0.6110631759909794,360.0,790.0,False,13760.0,0.0,0.9999999999999992,11,operational,176,11,0.1200923243172489,0.0600461621586247,0.0400307747724166,0.0300230810793126,0.02401846486345,0.0200153873862086,0.0171560463310359,0.0150115405396564
0.9587744481529498,0.0412255518470502,0.6344884363105616,0.3655115636894384,360.0,1470.0,False,13760.0,0.0,0.9999999999999992,00,operational,206,0,0.3297931086143784,0.1649022073881997,0.1099348049254667,0.0824511036941,0.0659608829552801,0.0549674024627335,0.0471149163966289,0.0412255518470502
0.9560591824833902,0.0439408175166098,0.6308290933498122,0.3691709066501878,360.0,1470.0,False,13760.0,0.0,0.9999999999999992,10,operational,206,10,0.3515125343291425,0.1757632700664377,0.1171755133776255,0.0878816350332191,0.0703053080265753,0.058587756688813,0.0502180771618397,0.0439408175166098
0.9547137382612398,0.0452862617387601,0.6344884363105616,0.3655115636894384,360.0,1660.0,False,13760.0,0.0,0.9999999999999992,01,operational,206,1,0.3579039818279452,0.1811450469550389,0.1207633646366928,0.0905725234775197,0.0724580187820158,0.0603816823183466,0.0517557277014401,0.0452862617387601
0.9505294538457326,0.0494705461542673,0.6308290933498122,0.3691709066501878,360.0,1720.0,False,13760.0,0.0,0.9999999999999992,11,operational,206,11,0.3874441168350467,0.1978821846170678,0.1319214564113786,0.0989410923085343,0.0791528738468274,0.0659607282056895,0.0565377670334484,0.0494705461542673
0.9546265065922224,0.0453734934077776,0.6315477116799069,0.3684522883200931,360.0,1540.0,False,13760.0,0.0,0.9999999999999992,00,operational,236,0,0.3626283261916672,0.1814939736311089,0.1209959824207395,0.0907469868155547,0.0725975894524438,0.0604979912103701,0.0518554210374601,0.0453734934077776
0.950424936643453,0.049575063356547,0.6536153342048836,0.3463846657951164,360.0,1550.0,False,13760.0,0.0,0.9999999999999992,10,operational,236,10,0.3961271414813412,0.198300253426187,0.1322001689507915,0.0991501267130937,0.079320101370475,0.0661000844753961,0.0566572152646253,0.049575063356547
0.9482486878670208,0.0517513121329791,0.6315477116799069,0.3684522883200931,360.0,1810.0,False,13760.0,0.0,0.9999999999999992,01,operational,236,1,0.3973689450124985,0.2070052485319151,0.1380034990212769,0.1035026242659578,0.0828020994127664,0.0690017495106387,0.0591443567234046,0.0517513121329791
0.9433173353485584,0.0566826646514414,0.6536153342048836,0.3463846657951164,360.0,1850.0,False,13760.0,0.0,0.9999999999999992,11,operational,236,11,0.4302433082070803,0.2267306586057642,0.1511537724038429,0.1133653293028824,0.0906922634423059,0.0755768862019218,0.0647801881730758,0.0566826646514414
0.984702366256448,0.0152976337435518,0.3919292190741118,0.6080707809258882,360.0,820.0,False,13760.0,0.0,0.9999999999999992,00,operational,266,0,0.1223810699484114,0.0611905349742059,0.040793689982804,0.0305952674871032,0.0244762139896824,0.0203968449914023,0.0174830099926306,0.0152976337435518
0.9820768552241506,0.0179231447758494,0.4387544354207162,0.5612455645792838,360.0,820.0,False,13760.0,0.0,0.9999999999999992,10,operational,266,10,0.1433851582067914,0.0716925791033959,0.0477950527355974,0.0358462895516982,0.0286770316413587,0.0238975263677989,0.0204835940295422,0.0179231447758494
0.9846871574712271,0.0153128425287728,0.3919292190741118,0.6080707809258882,360.0,820.0,False,13760.0,0.0,0.9999999999999992,01,operational,266,1,0.1225027402301787,0.0612513701150896,0.0408342467433932,0.0306256850575451,0.024500548046036,0.0204171233716967,0.0175003914614546,0.0153128425287728
0.9818133093551056,0.0181866906448944,0.4387544354207162,0.5612455645792838,360.0,840.0,False,13760.0,0.0,0.9999999999999992,11,operational,266,11,0.145493525159152,0.0727467625795763,0.0484978417197178,0.0363733812897884,0.0290987050318308,0.024248920859859,0.0207847893084507,0.0181866906448944
0.9744773759494132,0.0255226240505869,0.716705777245171,0.2832942227548289,360.0,930.0,False,13760.0,0.0,0.9999999999999992,00,operational,296,0,0.2041809924046921,0.1020904962023464,0.0680603308015644,0.0510452481011735,0.0408361984809386,0.0340301654007825,0.0291687132006707,0.0255226240505869
0.9723633361958948,0.0276366638041051,0.7969087350094293,0.2030912649905707,360.0,930.0,False,13760.0,0.0,0.9999999999999992,10,operational,296,10,0.2210933104328378,0.1105466552164191,0.0736977701442797,0.0552733276082098,0.0442186620865677,0.0368488850721402,0.031584758633263,0.0276366638041051
0.9724508589130744,0.0275491410869257,0.716705777245171,0.2832942227548289,360.0,1030.0,False,13760.0,0.0,0.9999999999999992,01,operational,296,1,0.2203931286954006,0.1101965643477015,0.0734643762318011,0.055098282173851,0.0440786257390808,0.0367321881159008,0.0314847326707723,0.0275491410869257
0.9698313737113494,0.0301686262886505,0.7969087350094293,0.2030912649905707,360.0,1050.0,False,13760.0,0.0,0.9999999999999992,11,operational,296,11,0.2413490103091948,0.1206745051546006,0.0804496701030671,0.0603372525773006,0.0482698020618405,0.0402248350515337,0.034478430044172,0.0301686262886505
0.9840163679448788,0.0159836320551212,0.4217699396217549,0.5782300603782451,360.0,800.0,False,13760.0,0.0,0.9999999999999992,00,operational,27,0,0.127869056440966,0.0639345282204832,0.0426230188136556,0.0319672641102419,0.0255738112881935,0.0213115094068281,0.0182670080629957,0.0159836320551212
0.9827797631016444,0.0172202368983555,0.4501633397725013,0.5498366602274987,360.0,800.0,False,13760.0,0.0,0.9999999999999992,10,operational,27,10,0.1377618951868394,0.06888094759342,0.0459206317289468,0.0344404737967102,0.0275523790373682,0.0229603158644735,0.0196802707409776,0.0172202368983555
0.9829696503609704,0.0170303496390297,0.4217699396217549,0.5782300603782451,360.0,850.0,False,13760.0,0.0,0.9999999999999992,01,operational,27,1,0.1362427971122344,0.0681213985561174,0.0454142657040782,0.0340606992780589,0.0272485594224471,0.0227071328520392,0.0194632567303196,0.0170303496390297
0.8939661610671457,0.1060338389328543,0.4501633397725013,0.5498366602274987,360.0,,True,13760.0,1.0,0.9061811327489596,11,operational,27,11,0.1915386407055502,0.1426787539782955,0.1263921250692103,0.1182488106146679,0.1133628219419424,0.1101054961601254,0.107778834887399,0.1060338389328543
0.9715926126527,0.0284073873473,0.4436360729689381,0.5563639270310619,360.0,1190.0,False,13760.0,0.0,0.9999999999999992,00,operational,57,0,0.2272590987704821,0.1136295493891988,0.0757530329261328,0.0568147746945997,0.0454518197556799,0.0378765164630666,0.0324655855397715,0.0284073873473
0.970191053140597,0.029808946859403,0.4443097144346458,0.5556902855653542,360.0,1190.0,False,13760.0,0.0,0.9999999999999992,10,operational,57,10,0.2384715748668311,0.1192357874376111,0.0794905249584075,0.0596178937188057,0.0476943149750445,0.039745262479204,0.0340673678393178,0.029808946859403
0.9679246575433812,0.0320753424566186,0.4436360729689381,0.5563639270310619,360.0,1400.0,False,13760.0,0.0,0.9999999999999992,01,operational,57,1,0.2566024801885201,0.1283013698264731,0.0855342465509824,0.0641506849132368,0.0513205479305894,0.0427671232754915,0.0366575342361356,0.0320753424566186
0.9678620556806758,0.0321379443193241,0.4443097144346458,0.5556902855653542,360.0,1410.0,False,13760.0,0.0,0.9999999999999992,11,operational,57,11,0.2571029838530997,0.1285517772772951,0.0857011848515302,0.0642758886386478,0.0514207109109182,0.0428505924257653,0.0367290792220847,0.0321379443193241
0.978309179290537,0.021690820709463,0.4681359144149435,0.5318640855850565,360.0,930.0,False,13760.0,0.0,0.9999999999999992,00,operational,87,0,0.1735265656757011,0.0867632828378508,0.0578421885585673,0.0433816414189256,0.0347053131351405,0.0289210942792839,0.0247895093822435,0.021690820709463
0.9770040455903376,0.0229959544096624,0.4771414423055592,0.5228585576944408,360.0,930.0,False,13760.0,0.0,0.9999999999999992,10,operational,87,10,0.1839676352772959,0.0919838176386482,0.0613225450924322,0.0459919088193243,0.0367935270554593,0.0306612725462165,0.0262810907538998,0.0229959544096624
0.9771762402458866,0.0228237597541134,0.4681359144149435,0.5318640855850565,360.0,990.0,False,13760.0,0.0,0.9999999999999992,01,operational,87,1,0.1825900780329035,0.0912950390164519,0.0608633593443013,0.0456475195082262,0.0365180156065809,0.0304316796721509,0.0260842968618438,0.0228237597541134
0.9759885511454364,0.0240114488545636,0.4771414423055592,0.5228585576944408,360.0,990.0,False,13760.0,0.0,0.9999999999999992,11,operational,87,11,0.1920915908365059,0.0960457954182532,0.0640305302788356,0.0480228977091268,0.0384183181673013,0.0320152651394182,0.0274416558337869,0.0240114488545636
0.9803717139010916,0.0196282860989085,0.4319205273456608,0.5680794726543392,360.0,940.0,False,13760.0,0.0,0.9999999999999992,00,operational,117,0,0.1570262887912652,0.0785131443956328,0.0523420962637553,0.0392565721978166,0.0314052577582533,0.0261710481318778,0.0224323269701812,0.0196282860989085
0.9777201996060004,0.0222798003939995,0.4716608719132027,0.5283391280867973,360.0,940.0,False,13760.0,0.0,0.9999999999999992,10,operational,117,10,0.1782384031519933,0.0891192015759969,0.0594128010506647,0.0445596007879987,0.0356476806303989,0.0297064005253325,0.0254626290217138,0.0222798003939995
0.9801929654607702,0.0198070345392298,0.4319205273456608,0.5680794726543392,360.0,960.0,False,13760.0,0.0,0.9999999999999992,01,operational,117,1,0.1584562763138352,0.0792281381569178,0.0528187587712787,0.0396140690784592,0.0316912552627675,0.0264093793856396,0.0226366109019768,0.0198070345392298
0.9771280395033404,0.0228719604966596,0.4716608719132027,0.5283391280867973,360.0,990.0,False,13760.0,0.0,0.9999999999999992,11,operational,117,11,0.1829756839732734,0.0914878419866369,0.0609918946577582,0.0457439209933187,0.0365951367946549,0.0304959473288795,0.0261393834247538,0.0228719604966596
0.9857259569154548,0.0142740430845451,0.427119032174642,0.572880967825358,360.0,700.0,False,13760.0,0.0,0.9999999999999992,00,operational,147,0,0.1141923446763576,0.057096172338179,0.0380641148921193,0.0285480861690897,0.0228384689352718,0.01903205744606,0.016313192096623,0.0142740430845451
0.9843412446924068,0.015658755307593,0.455157162488903,0.544842837511097,360.0,700.0,False,13760.0,0.0,0.9999999999999992,10,operational,147,10,0.125270042460741,0.0626350212303707,0.0417566808202474,0.0313175106151856,0.0250540084921484,0.020878340410124,0.0178957203515348,0.015658755307593
0.9845654130630914,0.0154345869369085,0.427119032174642,0.572880967825358,360.0,760.0,False,13760.0,0.0,0.9999999999999992,01,operational,147,1,0.1234766954952646,0.0617383477476326,0.0411588984984219,0.0308691738738166,0.0246953390990534,0.0205794492492111,0.0176395279278955,0.0154345869369085
0.8953947322533937,0.1046052677466062,0.455157162488903,0.544842837511097,360.0,,True,13760.0,1.0,0.9061811327489596,11,operational,147,11,0.180110071215567,0.1369644692333037,0.1225826019058825,0.1153916682421721,0.1110771080439458,0.1082007345784615,0.1061461821031157,0.1046052677466062
0.9535073607569692,0.0464926392430308,0.5741344242424242,0.4258655757575758,360.0,1620.0,False,13760.0,0.0,0.9999999999999992,00,operational,177,0,0.3697147183761854,0.1859705569721215,0.1239803713147478,0.092985278486061,0.0743882227888489,0.061990185657374,0.053134444849178,0.0464926392430308
0.9512279697862096,0.0487720302137905,0.5756162711869054,0.4243837288130946,360.0,1620.0,False,13760.0,0.0,0.9999999999999992,10,operational,177,10,0.3876667145870341,0.1950881208551601,0.1300587472367734,0.0975440604275803,0.0780352483420643,0.0650293736183871,0.0557394631014747,0.0487720302137905
0.9499623800078026,0.0500376199921973,0.5741344242424242,0.4258655757575758,360.0,1820.0,False,13760.0,0.0,0.9999999999999992,01,operational,177,1,0.3837898387611844,0.2001504799687877,0.1334336533125253,0.1000752399843942,0.0800601919875153,0.066716826656263,0.057185851419654,0.0500376199921973
0.9470375043416682,0.0529624956583317,0.5756162711869054,0.4243837288130946,360.0,1880.0,False,13760.0,0.0,0.9999999999999992,11,operational,177,11,0.397989320640945,0.2118499826333255,0.1412333217555506,0.105924991316663,0.0847399930533304,0.0706166608777755,0.0605285664666649,0.0529624956583317
0.9589880727959044,0.0410119272040957,0.7551501771569197,0.2448498228430803,360.0,1280.0,False,13760.0,0.0,0.9999999999999992,00,operational,207,0,0.3280954170633061,0.1640477088163816,0.1093651392109211,0.082023854408191,0.0656190835265528,0.0546825696054608,0.046870773947538,0.0410119272040957
0.9561558105103976,0.0438441894896023,0.7805928329383327,0.2194071670616672,360.0,1280.0,False,13760.0,0.0,0.9999999999999992,10,operational,207,10,0.3507535152494103,0.1753767579584078,0.1169178386389387,0.0876883789792042,0.0701507031833634,0.0584589193194696,0.0501076451309739,0.0438441894896023
0.9588796253458932,0.0411203746541068,0.7551501771569197,0.2448498228430803,360.0,1280.0,False,13760.0,0.0,0.9999999999999992,01,operational,207,1,0.32896299643975,0.1644814986164258,0.1096543324109508,0.0822407493082132,0.0657925994465705,0.0548271662054756,0.0469947138904078,0.0411203746541068
0.9557688332134856,0.0442311667865145,0.7805928329383327,0.2194071670616672,360.0,1300.0,False,13760.0,0.0,0.9999999999999992,11,operational,207,11,0.3538493324700789,0.1769246671460561,0.1179497780973709,0.0884623335730283,0.0707698668584226,0.0589748890486856,0.0505499048988736,0.0442311667865145
0.9511017748421372,0.0488982251578626,0.5450730563706208,0.4549269436293793,290.0,1700.0,False,13760.0,0.0,0.9999999999999992,00,operational,237,0,0.3841524671928125,0.1955929006314493,0.130395267087633,0.0977964503157249,0.0782371602525799,0.0651976335438168,0.0558836858947002,0.0488982251578626
0.9468893902758212,0.0531106097241788,0.5763361059614176,0.4236638940385824,360.0,1700.0,False,13760.0,0.0,0.9999999999999992,10,operational,237,10,0.4169610245947195,0.2124424388967134,0.1416282925978091,0.106221219448357,0.0849769755586856,0.0708141462989047,0.0606978396847758,0.0531106097241788
0.9491238482708596,0.0508761517291403,0.5450730563706208,0.4549269436293793,290.0,1760.0,False,13760.0,0.0,0.9999999999999992,01,operational,237,1,0.3948225482729723,0.2035046069165597,0.1356697379443732,0.1017523034582801,0.0814018427666241,0.0678348689721869,0.0581441734047316,0.0508761517291403
0.8076371013621407,0.1923628986378592,0.5763361059614176,0.4236638940385824,360.0,,True,13760.0,1.0,0.8435994411819694,11,operational,237,11,0.4419215473734853,0.3002499180973447,0.2523001316709067,0.2283252384576876,0.2139403025297562,0.2043503452444687,0.1975003757549773,0.1923628986378592
0.9592356312065624,0.0407643687934377,0.5216799042422318,0.4783200957577682,360.0,1550.0,False,13760.0,0.0,0.9999999999999992,00,operational,267,0,0.3255520318606819,0.1630574751737491,0.1087049834491663,0.0815287375868748,0.0652229900694999,0.0543524917245834,0.046587850049643,0.0407643687934377
0.9568125075410792,0.0431874924589207,0.5343231404428125,0.4656768595571875,360.0,1550.0,False,13760.0,0.0,0.9999999999999992,10,operational,267,10,0.3449116440170522,0.1727499698356818,0.1151666465571213,0.0863749849178411,0.0690999879342729,0.057583323278561,0.0493571342387666,0.0431874924589207
0.9556245046502144,0.0443754953497856,0.5216799042422318,0.4783200957577682,360.0,1710.0,False,13760.0,0.0,0.9999999999999992,01,operational,267,1,0.3479066860057266,0.1775019813991413,0.1183346542660943,0.0887509906995709,0.0710007925596567,0.0591673271330475,0.0507148518283264,0.0443754953497856
0.9535966200392558,0.0464033799607441,0.5343231404428125,0.4656768595571875,360.0,1750.0,False,13760.0,0.0,0.9999999999999992,11,operational,267,11,0.3634098685988133,0.1856135198429747,0.1237423465619833,0.0928067599214875,0.0742454079371901,0.0618711732809917,0.0530324342408504,0.0464033799607441
0.9632770171571226,0.0367229828428774,0.7436573444453722,0.2563426555546278,360.0,1290.0,False,13760.0,0.0,0.9999999999999992,00,operational,297,0,0.2937838617871424,0.1468919313715084,0.0979279542476724,0.0734459656857544,0.0587567725486036,0.0489639771238366,0.0419691232490029,0.0367229828428774
0.960000503615276,0.0399994963847238,0.7950493331019708,0.2049506668980291,360.0,1290.0,False,13760.0,0.0,0.9999999999999992,10,operational,297,10,0.3199959700428088,0.1599979855388942,0.1066653236925961,0.0799989927694473,0.0639991942155578,0.0533326618462983,0.0457137101539701,0.0399994963847238
0.9619028065534434,0.0380971934465566,0.7436573444453722,0.2563426555546278,360.0,1350.0,False,13760.0,0.0,0.9999999999999992,01,operational,297,1,0.304777527067696,0.1523887737862249,0.1015925158574835,0.0761943868931127,0.0609555095144901,0.050796257928742,0.0435396496532075,0.0380971934465566
0.8737234548809053,0.1262765451190947,0.7950493331019708,0.2049506668980291,360.0,,True,13760.0,1.0,0.9061811327489596,11,operational,297,11,0.3534802898534014,0.223649578723257,0.1803726748991847,0.1587342229871488,0.1457511518399272,0.1370957710751127,0.1309133562431025,0.1262765451190947
0.9696672831431836,0.0303327168568162,0.5098967567392618,0.4901032432607381,360.0,1170.0,False,13760.0,0.0,0.9999999999999992,00,operational,28,0,0.2426617348523737,0.1213308674272636,0.0808872449515093,0.0606654337136319,0.0485323469709055,0.040443622475755,0.0346659621220757,0.0303327168568162
0.9670367116285108,0.0329632883714891,0.525618858543623,0.474381141456377,360.0,1170.0,False,13760.0,0.0,0.9999999999999992,10,operational,28,10,0.2637063069695367,0.1318531534859549,0.08790210232397,0.0659265767429777,0.0527412613943821,0.0439510511619851,0.0376723295674161,0.0329632883714891
0.9678554029424032,0.0321445970575968,0.5098967567392618,0.4901032432607381,360.0,1270.0,False,13760.0,0.0,0.9999999999999992,01,operational,28,1,0.2571567759799383,0.1285783882303858,0.085718925486924,0.0642891941151931,0.0514313552921545,0.0428594627434621,0.0367366823515393,0.0321445970575968
0.9650408365915248,0.0349591634084751,0.525618858543623,0.474381141456377,360.0,1300.0,False,13760.0,0.0,0.9999999999999992,11,operational,28,11,0.2796733055236069,0.1398366536338992,0.0932244357559327,0.0699183268169498,0.0559346614535598,0.0466122178779665,0.0399533296096858,0.0349591634084751
0.9873321426409124,0.0126678573590875,0.3763439823098048,0.6236560176901952,360.0,670.0,False,13760.0,0.0,0.9999999999999992,00,operational,58,0,0.1013428588726965,0.0506714294363485,0.0337809529575658,0.0253357147181745,0.0202685717745396,0.016890476478783,0.0144775512675286,0.0126678573590875
0.9854434626422978,0.0145565373577022,0.4182770465653307,0.5817229534346693,360.0,670.0,False,13760.0,0.0,0.9999999999999992,10,operational,58,10,0.116452298861614,0.0582261494308071,0.0388174329538718,0.0291130747154038,0.0232904597723231,0.019408716476936,0.0166360426945167,0.0145565373577022
0.9873321426409124,0.0126678573590875,0.3763439823098048,0.6236560176901952,360.0,670.0,False,13760.0,0.0,0.9999999999999992,01,operational,58,1,0.1013428588726965,0.0506714294363485,0.0337809529575658,0.0253357147181745,0.0202685717745396,0.016890476478783,0.0144775512675286,0.0126678573590875
0.9854434626422978,0.0145565373577022,0.4182770465653307,0.5817229534346693,360.0,670.0,False,13760.0,0.0,0.9999999999999992,11,operational,58,11,0.116452298861614,0.0582261494308071,0.0388174329538718,0.0291130747154038,0.0232904597723231,0.019408716476936,0.0166360426945167,0.0145565373577022
0.9754343356783276,0.0245656643216723,0.4612712705241802,0.5387287294758197,360.0,1080.0,False,13760.0,0.0,0.9999999999999992,00,operational,88,0,0.1965253145733518,0.0982626572866881,0.0655084381911256,0.0491313286433443,0.0393050629146755,0.032754219095563,0.0280750449390542,0.0245656643216723
0.972435380180561,0.027564619819439,0.4926144235324917,0.5073855764675083,360.0,1080.0,False,13760.0,0.0,0.9999999999999992,10,operational,88,10,0.2205169585554843,0.1102584792777547,0.0735056528518367,0.0551292396388777,0.0441033917111022,0.0367528264259187,0.0315024226507875,0.027564619819439
0.9741027068686516,0.0258972931313482,0.4612712705241802,0.5387287294758197,360.0,1130.0,False,13760.0,0.0,0.9999999999999992,01,operational,88,1,0.2071783450504706,0.1035891725253915,0.0690594483502611,0.051794586262696,0.0414356690101568,0.0345297241751308,0.0295969064358266,0.0258972931313482
0.8259037802605037,0.1740962197394963,0.4926144235324917,0.5073855764675083,360.0,,True,13760.0,1.0,0.8435994411819692,11,operational,88,11,0.2979658461897504,0.2271832025038928,0.2035889879419388,0.1917918806609617,0.1847136162923756,0.1799947733799847,0.1766241712997057,0.1740962197394963
0.9789488170269132,0.0210511829730867,0.423304677736108,0.576695322263892,360.0,970.0,False,13760.0,0.0,0.9999999999999992,00,operational,118,0,0.16840946378469,0.0842047318923453,0.0561364879282302,0.0421023659461728,0.0336818927569383,0.0280682439641154,0.0240584948263847,0.0210511829730867
0.9776001070645872,0.0223998929354128,0.4456892950790946,0.5543107049209054,360.0,970.0,False,13760.0,0.0,0.9999999999999992,10,operational,118,10,0.1791991434832993,0.0895995717416499,0.0597330478277667,0.0447997858708252,0.0358398286966602,0.0298665239138835,0.0255998776404718,0.0223998929354128
0.974274107186934,0.025725892813066,0.423304677736108,0.576695322263892,360.0,1200.0,False,13760.0,0.0,0.9999999999999992,01,operational,118,1,0.2058071424946493,0.1029035712522629,0.068602380834842,0.0514517856261317,0.0411614285009054,0.0343011904174214,0.0294010203577897,0.025725892813066
0.9731821916090528,0.0268178083909472,0.4456892950790946,0.5543107049209054,360.0,1230.0,False,13760.0,0.0,0.9999999999999992,11,operational,118,11,0.2145424670735048,0.1072712335637874,0.0715141557091919,0.0536356167818939,0.0429084934255153,0.0357570778545961,0.0306489238753683,0.0268178083909472
0.93891638745606,0.06108361254394,0.6392986004105684,0.3607013995894316,360.0,1950.0,False,13760.0,0.0,0.9999999999999992,00,operational,148,0,0.458692626617463,0.2443344501757586,0.1628896334505059,0.1221672250878795,0.0977337800703037,0.0814448167252531,0.06980984290736,0.06108361254394
0.9346115608888252,0.0653884391111747,0.645718755153703,0.3542812448462969,360.0,1950.0,False,13760.0,0.0,0.9999999999999992,10,operational,148,10,0.4868305971622502,0.2615537564446972,0.1743691709631316,0.1307768782223489,0.1046215025778791,0.0871845854815661,0.0747296446984854,0.0653884391111747
0.9336662561972968,0.0663337438027031,0.6392986004105684,0.3607013995894316,360.0,2120.0,False,13760.0,0.0,0.9999999999999992,01,operational,148,1,0.4761659388864842,0.265334975210811,0.1768899834738742,0.1326674876054058,0.1061339900843246,0.0884449917369373,0.075809992917375,0.0663337438027031
0.7960302396716135,0.2039697603283865,0.645718755153703,0.3542812448462969,360.0,,True,13760.0,1.0,0.8435994411819693,11,operational,148,11,0.5088688892312363,0.3466773648594538,0.2832517628456461,0.2515389618387423,0.2325112812345999,0.2198261608318383,0.2107653605441517,0.2039697603283865
0.9808384593544808,0.0191615406455192,0.4202686451174352,0.5797313548825648,360.0,920.0,False,13760.0,0.0,0.9999999999999992,00,operational,178,0,0.1532923251641506,0.0766461625820755,0.0510974417213837,0.038323081291038,0.0306584650328304,0.0255487208606921,0.0218989035948791,0.0191615406455192
0.9768720203587062,0.0231279796412937,0.4925223722960691,0.5074776277039309,360.0,920.0,False,13760.0,0.0,0.9999999999999992,10,operational,178,10,0.1850238371303466,0.0925119185651737,0.0616746123767824,0.046255959282587,0.0370047674260697,0.0308373061883914,0.0264319767329072,0.0231279796412937
0.979784054569064,0.0202159454309359,0.4202686451174352,0.5797313548825648,360.0,980.0,False,13760.0,0.0,0.9999999999999992,01,operational,178,1,0.1617275634474833,0.0808637817237419,0.0539091878158281,0.0404318908618712,0.032345512689497,0.0269545939079142,0.0231039376353553,0.0202159454309359
0.8892127115892045,0.1107872884107955,0.4925223722960691,0.5074776277039309,360.0,,True,13760.0,1.0,0.9061811327489596,11,operational,178,11,0.2295662365290803,0.1616925518900605,0.1390679903437204,0.1277557095705506,0.1209683411066485,0.1164434287973805,0.1132113485764747,0.1107872884107955
0.980370392350428,0.019629607649572,0.4008214025075313,0.5991785974924687,360.0,920.0,False,13760.0,0.0,0.9999999999999992,00,operational,208,0,0.1570368611965722,0.0785184305982863,0.0523456203988577,0.0392592152991434,0.0314073722393147,0.0261728101994289,0.0224338373137965,0.019629607649572
0.9754705381534884,0.0245294618465115,0.4633779211879305,0.5366220788120695,360.0,920.0,False,13760.0,0.0,0.9999999999999992,10,operational,208,10,0.1962356947720883,0.0981178473860444,0.0654118982573629,0.0490589236930224,0.039247138954418,0.0327059491286816,0.0280336706817274,0.0245294618465115
0.9798299527577152,0.0201700472422848,0.4008214025075313,0.5991785974924687,360.0,1060.0,False,13760.0,0.0,0.9999999999999992,01,operational,208,1,0.1613603779382663,0.0806801889691378,0.053786792646092,0.0403400944845692,0.0322720755876553,0.0268933963230463,0.0230514825626112,0.0201700472422848
0.8328493022383007,0.1671506977616993,0.4633779211879305,0.5366220788120695,360.0,,True,13760.0,1.0,0.8435994411819693,11,operational,208,11,0.2424016703673801,0.1994011145927055,0.1850675960011473,0.1779008367053681,0.1736007811279006,0.170734077409589,0.1686864318965093,0.1671506977616993
0.983737882228388,0.016262117771612,0.401795507657011,0.598204492342989,360.0,740.0,False,13760.0,0.0,0.9999999999999992,00,operational,238,0,0.1300969421728922,0.0650484710864464,0.0433656473909643,0.0325242355432234,0.0260193884345788,0.0216828236954824,0.0185852774532708,0.016262117771612
0.9798782184499754,0.0201217815500246,0.4695390139168492,0.5304609860831507,360.0,740.0,False,13760.0,0.0,0.9999999999999992,10,operational,238,10,0.1609742524001934,0.080487126200097,0.0536580841333981,0.0402435631000488,0.0321948504800391,0.0268290420666993,0.0229963217714566,0.0201217815500246
0.9724706198256046,0.0275293801743954,0.401795507657011,0.598204492342989,360.0,960.0,False,13760.0,0.0,0.9999999999999992,01,operational,238,1,0.22023504139516,0.1101175206975803,0.0734116804650537,0.0550587603487903,0.0440470082790322,0.0367058402325271,0.0314621487707376,0.0275293801743954
0.8342273817220344,0.1657726182779656,0.4695390139168492,0.5304609860831507,360.0,,True,13760.0,1.0,0.8435994411819693,11,operational,238,11,0.2313770344975084,0.1938887966577696,0.1813927173778567,0.1751446777379002,0.1713958539539264,0.1688966380979438,0.1671114839150991,0.1657726182779656
0.9630536577754512,0.0369463422245487,0.495282264083365,0.5047177359166349,360.0,1430.0,False,13760.0,0.0,0.9999999999999992,00,operational,268,0,0.2955694055034825,0.1477853688981932,0.0985235792654625,0.0738926844490969,0.0591141475592776,0.0492617896327314,0.0422243911137699,0.0369463422245487
0.9597807095108916,0.0402192904891084,0.5037563427708067,0.4962436572291933,360.0,1430.0,False,13760.0,0.0,0.9999999999999992,10,operational,268,10,0.3217527621574489,0.1608771619564321,0.1072514413042882,0.0804385809782164,0.064350864782573,0.0536257206521442,0.0459649034161239,0.0402192904891084
0.958191603747512,0.0418083962524878,0.495282264083365,0.5047177359166349,360.0,1660.0,False,13760.0,0.0,0.9999999999999992,01,operational,268,1,0.3302161198051474,0.1672335850099501,0.1114890566733002,0.0836167925049753,0.0668934340039802,0.0557445283366503,0.0477810242885575,0.0418083962524878
0.955167184763067,0.044832815236933,0.5037563427708067,0.4962436572291933,360.0,1690.0,False,13760.0,0.0,0.9999999999999992,11,operational,268,11,0.3514939928344525,0.1793312609477303,0.1195541739651537,0.0896656304738654,0.0717325043790924,0.0597770869825771,0.0512375031279234,0.044832815236933
0.985091461555482,0.0149085384445181,0.7267389736850695,0.2732610263149305,360.0,690.0,False,13760.0,0.0,0.9999999999999992,00,operational,298,0,0.1192683075561416,0.059634153778071,0.0397561025187142,0.0298170768890357,0.0238536615112284,0.0198780512593574,0.0170383296508778,0.0149085384445181
0.9815490366665216,0.0184509633334784,0.9601583795214552,0.0398416204785447,360.0,690.0,False,13760.0,0.0,0.9999999999999992,10,operational,298,10,0.1476077066678236,0.0738038533339121,0.0492025688892747,0.0369019266669563,0.0295215413335649,0.0246012844446377,0.021086815238261,0.0184509633334784
0.9842908571442126,0.0157091428557873,0.7267389736850695,0.2732610263149305,360.0,740.0,False,13760.0,0.0,0.9999999999999992,01,operational,298,1,0.1256731428462952,0.0628365714231479,0.0418910476154321,0.0314182857115742,0.0251346285692595,0.0209455238077161,0.0179533061208997,0.0157091428557873
0.0813847573270916,0.9186152426729084,0.9601583795214552,0.0398416204785447,360.0,,True,13760.0,1.0,0.0694323936587898,11,operational,298,11,0.8349486969947953,0.8827581516680028,0.8986946365590719,0.9066628790046064,0.9114438244719272,0.914631121450141,0.9169077621488652,0.9186152426729084
0.9591194535468126,0.0408805464531873,0.6546513271105383,0.3453486728894617,360.0,1420.0,False,13760.0,0.0,0.9999999999999992,00,operational,29,0,0.3270432855818027,0.163522185812748,0.1090147905418322,0.0817610929063742,0.0654088743250994,0.0545073952709163,0.0467206245179284,0.0408805464531873
0.9554251220400506,0.0445748779599494,0.7232534587790698,0.2767465412209302,360.0,1430.0,False,13760.0,0.0,0.9999999999999992,10,operational,29,10,0.3565978334051615,0.1782995118397961,0.1188663412265308,0.0891497559198983,0.0713198047359187,0.0594331706132655,0.0509427176685136,0.0445748779599494
0.951442530678119,0.0485574693218809,0.6546513271105383,0.3453486728894617,360.0,1640.0,False,13760.0,0.0,0.9999999999999992,01,operational,29,1,0.3850283063129855,0.1942298772875221,0.1294865848583483,0.0971149386437614,0.0776919509150091,0.0647432924291743,0.0554942506535782,0.0485574693218809
0.8083562907410178,0.1916437092589822,0.7232534587790698,0.2767465412209302,360.0,,True,13760.0,1.0,0.8435994411819693,11,operational,29,11,0.4383220063664627,0.2973731605818364,0.2503822933272344,0.2268868596999335,0.212789599523553,0.2033914260726326,0.1966784450362609,0.1916437092589822
0.9712938907269956,0.0287061092730044,0.4836812207311234,0.5163187792688766,360.0,1260.0,False,13760.0,0.0,0.9999999999999992,00,operational,59,0,0.2296488739025333,0.1148244370920162,0.0765496247280111,0.0574122185460084,0.0459297748368067,0.0382748123640059,0.0328069820262908,0.0287061092730044
0.9658532123059486,0.0341467876940514,0.5511525763119209,0.448847423688079,360.0,1270.0,False,13760.0,0.0,0.9999999999999992,10,operational,59,10,0.2731743012181531,0.1365871507762045,0.0910581005174698,0.0682935753881025,0.0546348603104821,0.0455290502587353,0.039024900221773,0.0341467876940514
0.9694030205007556,0.0305969794992444,0.4836812207311234,0.5163187792688766,360.0,1340.0,False,13760.0,0.0,0.9999999999999992,01,operational,59,1,0.2447758200989821,0.122387917996976,0.0815919453313174,0.0611939589984883,0.0489551671987906,0.0407959726656589,0.034967976570565,0.0305969794992444
0.9628021655010224,0.0371978344989776,0.5511525763119209,0.448847423688079,360.0,1440.0,False,13760.0,0.0,0.9999999999999992,11,operational,59,11,0.2975801848695155,0.148791337995909,0.0991942253306061,0.0743956689979546,0.0595165351983637,0.0495971126653033,0.0425118108559744,0.0371978344989776
0.9735201743103068,0.0264798256896933,0.6292414510456595,0.3707585489543404,360.0,1060.0,False,13760.0,0.0,0.9999999999999992,00,operational,89,0,0.2118386055175346,0.1059193027587717,0.0706128685058478,0.052959651379386,0.0423677211035088,0.035306434252924,0.030262657931078,0.0264798256896933
0.9693443539566076,0.0306556460433925,0.7056093550703865,0.2943906449296135,360.0,1060.0,False,13760.0,0.0,0.9999999999999992,10,operational,89,10,0.2452451683471282,0.1226225841735686,0.0817483894490457,0.0613112920867845,0.0490490336694277,0.040874194724523,0.0350350240495914,0.0306556460433925
0.9664015895407192,0.0335984104592808,0.6292414510456595,0.3707585489543404,360.0,1280.0,False,13760.0,0.0,0.9999999999999992,01,operational,89,1,0.268787283190724,0.1343936418371214,0.0895957612247477,0.067196820918561,0.0537574567348488,0.044797880612374,0.0383981833820351,0.0335984104592808
0.8181673924378124,0.1818326075621875,0.7056093550703865,0.2943906449296135,360.0,,True,13760.0,1.0,0.8435994411819693,11,operational,89,11,0.3598569487687394,0.2581287537946576,0.2242193554691153,0.2072646563063441,0.1970918368086816,0.1903099571435731,0.1854657573827813,0.1818326075621875
0.9729596744182714,0.0270403255817286,0.4818172543402697,0.5181827456597303,360.0,1060.0,False,13760.0,0.0,0.9999999999999992,00,operational,119,0,0.2163226046538158,0.1081613023269126,0.0721075348846085,0.0540806511634567,0.0432645209307653,0.0360537674423044,0.0309032292362612,0.0270403255817286
0.9710924293626992,0.0289075706373007,0.49746922724989,0.5025307727501099,360.0,1060.0,False,13760.0,0.0,0.9999999999999992,10,operational,119,10,0.2312605650983922,0.1156302825492012,0.077086855032801,0.0578151412746009,0.0462521130196807,0.0385434275164007,0.0330372235854866,0.0289075706373007
0.9729502177142132,0.0270497822857868,0.4818172543402697,0.5181827456597303,360.0,1060.0,False,13760.0,0.0,0.9999999999999992,01,operational,119,1,0.2163982582862815,0.1081991291431456,0.072132752762097,0.054099564571573,0.0432796516572584,0.0360663763810489,0.030914036898042,0.0270497822857868
0.9710084601848908,0.0289915398151091,0.49746922724989,0.5025307727501099,360.0,1070.0,False,13760.0,0.0,0.9999999999999992,11,operational,119,11,0.2319323185208555,0.1159661592604349,0.0773107728402902,0.0579830796302177,0.0463864637041743,0.0386553864201452,0.0331331883601248,0.0289915398151091
0.9730172648220728,0.0269827351779272,0.8511906690830502,0.1488093309169498,360.0,1070.0,False,13760.0,0.0,0.9999999999999992,00,operational,149,0,0.215861881423396,0.1079309407117076,0.0719539604744717,0.053965470355854,0.0431723762846832,0.0359769802372361,0.0308374116319168,0.0269827351779272
0.9693615146666764,0.0306384853333235,0.9617424542736476,0.0382575457263522,360.0,1080.0,False,13760.0,0.0,0.9999999999999992,10,operational,149,10,0.2451078826665625,0.122553941333293,0.0817026275555288,0.0612769706666467,0.0490215765333172,0.0408513137777647,0.0350154118095126,0.0306384853333235
0.9685952243307444,0.0314047756692557,0.8511906690830502,0.1488093309169498,360.0,1230.0,False,13760.0,0.0,0.9999999999999992,01,operational,149,1,0.2512382053150853,0.125619102677021,0.0837460684513474,0.0628095513385108,0.0502476410708087,0.0418730342256739,0.035891172193435,0.0314047756692557
0.0846683385701229,0.9153316614298772,0.9617424542736476,0.0382575457263522,360.0,,True,13760.0,1.0,0.0734484579158179,11,operational,149,11,0.836792496849742,0.881672019466962,0.8966318603393687,0.904111780775572,0.908599733037294,0.9115917012117754,0.9137288213364048,0.9153316614298772
0.9916643909068148,0.0083356090931853,0.271415643524014,0.728584356475986,360.0,620.0,False,13760.0,0.0,0.9999999999999992,00,operational,179,0,0.0666848727454779,0.0333424363727392,0.0222282909151596,0.0166712181863698,0.0133369745490959,0.01111414545758,0.0095264103922116,0.0083356090931853
0.9908139734905048,0.0091860265094951,0.291758841546366,0.708241158453634,360.0,620.0,False,13760.0,0.0,0.9999999999999992,10,operational,179,10,0.0734882120759583,0.0367441060379793,0.0244960706919865,0.0183720530189899,0.0146976424151918,0.0122480353459936,0.0104983160108517,0.0091860265094951
0.991546850205284,0.0084531497947161,0.271415643524014,0.728584356475986,360.0,630.0,False,13760.0,0.0,0.9999999999999992,01,operational,179,1,0.0676251983577255,0.033812599178863,0.0225417327859086,0.0169062995894317,0.0135250396715453,0.0112708663929547,0.0096607426225326,0.0084531497947161
0.990490387099602,0.0095096129003978,0.291758841546366,0.708241158453634,360.0,650.0,False,13760.0,0.0,0.9999999999999992,11,operational,179,11,0.0760769032031792,0.0380384516015899,0.0253589677343933,0.0190192258007952,0.0152153806406362,0.0126794838671969,0.010868129029026,0.0095096129003978
0.9889923149677676,0.0110076850322323,0.3275077479935742,0.6724922520064258,360.0,630.0,False,13760.0,0.0,0.9999999999999992,00,operational,209,0,0.0880614802578553,0.0440307401289279,0.0293538267526188,0.0220153700644641,0.0176122960515713,0.0146769133763096,0.0125802114654083,0.0110076850322323
0.9883154165965438,0.0116845834034562,0.3367783137659043,0.6632216862340957,360.0,630.0,False,13760.0,0.0,0.9999999999999992,10,operational,209,10,0.0934766672276462,0.0467383336138234,0.0311588890758824,0.0233691668069119,0.0186953334455295,0.0155794445379415,0.0133538096039499,0.0116845834034562
0.988129204072515,0.0118707959274849,0.3275077479935742,0.6724922520064258,360.0,680.0,False,13760.0,0.0,0.9999999999999992,01,operational,209,1,0.0949663674198764,0.0474831837099384,0.0316554558066257,0.0237415918549693,0.0189932734839755,0.0158277279033131,0.0135666239171257,0.0118707959274849
0.9872282955758503,0.0127717044241496,0.3367783137659043,0.6632216862340957,360.0,700.0,False,13760.0,0.0,0.9999999999999992,11,operational,209,11,0.1021736353931938,0.0510868176965971,0.0340578784643983,0.0255434088482987,0.0204347270786392,0.0170289392321993,0.0145962336275997,0.0127717044241496
0.958992782643966,0.0410072173560339,0.5866218226835023,0.4133781773164978,360.0,1430.0,False,13760.0,0.0,0.9999999999999992,00,operational,239,0,0.3280559957521473,0.1640288694241344,0.1093525796160899,0.0820144347120673,0.065611547769654,0.0546762898080452,0.0468653912640387,0.0410072173560339
0.9562952284662248,0.0437047715337752,0.5977729862449161,0.4022270137550838,360.0,1440.0,False,13760.0,0.0,0.9999999999999992,10,operational,239,10,0.3496359729632573,0.1748190861350996,0.1165460574233999,0.08740954306755,0.0699276344540401,0.0582730287117003,0.0499483103243145,0.0437047715337752
0.9561122498272088,0.0438877501727911,0.5866218226835023,0.4133781773164978,360.0,1560.0,False,13760.0,0.0,0.9999999999999992,01,operational,239,1,0.350474603429215,0.1755510006911632,0.1170340004607756,0.0877755003455819,0.0702204002764655,0.0585170002303881,0.0501574287689041,0.0438877501727911
0.8702470950914014,0.1297529049085986,0.5977729862449161,0.4022270137550838,360.0,,True,13760.0,1.0,0.9061811327489596,11,operational,239,11,0.3812851122723963,0.2375550178812726,0.189642967671195,0.1656869425661565,0.1513133275031334,0.1417309174611178,0.1348863388596783,0.1297529049085986
0.9251679349163148,0.0748320650836851,0.8187339186010028,0.1812660813989973,270.0,2210.0,False,13760.0,0.0,0.9999999999999992,00,operational,269,0,0.5327381436618219,0.2993282603347387,0.1995521735564926,0.1496641301673695,0.1197313041338956,0.0997760867782465,0.08552236009564,0.0748320650836851
0.9190603026093028,0.0809396973906971,0.8297275498189047,0.1702724501810953,270.0,2210.0,False,13760.0,0.0,0.9999999999999992,10,operational,269,10,0.5672984542535487,0.3237587895627873,0.2158391930418584,0.1618793947813939,0.1295035158251152,0.1079195965209295,0.0925025113036538,0.0809396973906971
0.9153348804676434,0.0846651195323565,0.8187339186010028,0.1812660813989973,270.0,2570.0,False,13760.0,0.0,0.9999999999999992,01,operational,269,1,0.5384882674415071,0.3386604781294248,0.2257736520862833,0.1693302390647126,0.1354641912517701,0.1128868260431419,0.0967601366084073,0.0846651195323565
0.7763303655646756,0.2236696344353244,0.8297275498189047,0.1702724501810953,270.0,,True,13760.0,1.0,0.8307092364825482,11,operational,269,11,0.5489860164755518,0.3868062471889418,0.3143010859651118,0.2780485053531969,0.2562969569860479,0.2417959247412819,0.2314380445664491,0.2236696344353244
0.9908909542069756,0.0091090457930242,0.2998148933602849,0.7001851066397151,360.0,610.0,False,13760.0,0.0,0.9999999999999992,00,operational,299,0,0.072872366344191,0.0364361831720957,0.0242907887813973,0.0182180915860481,0.0145744732688384,0.0121453943906989,0.0104103380491706,0.0091090457930242
0.9890922744075736,0.0109077255924262,0.3614048592961995,0.6385951407038005,360.0,610.0,False,13760.0,0.0,0.9999999999999992,10,operational,299,10,0.0872618047394065,0.0436309023697035,0.0290872682464691,0.021815451184852,0.0174523609478816,0.0145436341232346,0.01246597210563,0.0109077255924262
0.989868005940868,0.010131994059132,0.2998148933602849,0.7001851066397151,360.0,670.0,False,13760.0,0.0,0.9999999999999992,01,operational,299,1,0.0810559524730527,0.0405279762365266,0.0270186508243511,0.0202639881182634,0.016211190494611,0.0135093254121758,0.0115794217818651,0.010131994059132
0.987750882558973,0.0122491174410269,0.3614048592961995,0.6385951407038005,360.0,730.0,False,13760.0,0.0,0.9999999999999992,11,operational,299,11,0.0979929395282124,0.0489964697641064,0.0326643131760709,0.0244982348820534,0.0195985879056428,0.0163321565880358,0.0139989913611737,0.0122491174410269
